"X","istat_muni_code","comune_nome","comune_key","date","year","month_num","mese_anno","unita_territoriale","mese_label","totale_presenze","totale_arrivi","numero_alloggi","numero_letti","residenti","kwh","muni_poly_id","n_points","precipitazione","pressione","temperatura","umidit_relativa","demo_popolazione_1_gennaio","demo_nati_vivi","demo_morti","demo_saldo_naturale","demo_immigrati_da_altro_comune","demo_emigrati_per_altro_comune","demo_saldo_migratorio_interno","demo_immigrati_dall_estero","demo_emigrati_per_estero","demo_saldo_migratorio_estero","demo_variazioni_territoriali","demo_aggiustamento_statistico","demo_saldo_totale","demo_popolazione_31_dicembre","demo_numero_famiglie_31_dicembre","demo_popolazione_residente_famiglia_31_dicembre","demo_componenti_medi_famiglia_31_dicembre","demo_numero_convivenze_31_dicembre","demo_popolazione_residente_convivenza_31_dicembre","ripartizione_geografica","regione_codice","regione_nome","provincia_nome","comune_capoluogo","vda_autovetture","vda_bassa_intensita_lavorativa","vda_comune_infanzia","vda_edu_secondaria","vda_edu_terziaria","vda_famiglie_monoreddito","vda_giovani_disoccupati","vda_incidenti","vda_incidenti_lesivita","vda_incidenti_mortalita","vda_moto_autovetture","vda_moto_motocicli","vda_nbiblioteca","vda_nmusei_etc_100","vda_nvisitatori_100","vda_occupati_non_stabili","vda_raccolta_differenziata","vda_reddito","vda_reddito_sub10","vda_ricerca","vda_servizi_sociali_tot","vda_suolo","vda_tasso_disoccupazione","vda_tasso_inattivita","vda_tasso_occupazione","vda_test","season","kwh_lag1","kwh_lag12","log_arrivi","log_kwh"
1,7001,"Allein","allein",2015-01-01,2015,1,"2015-01","Grand-Combin","Gennaio",197,38,4,92,233,7727,NA,NA,NA,NA,NA,NA,NA,NA,NA,NA,NA,NA,NA,NA,NA,NA,NA,NA,NA,NA,NA,NA,NA,NA,NA,"Nord-ovest",2,"Valle d'Aosta/Vallée d'Aoste","Valle d'Aosta/Vallée d'Aoste",0,45.0331125827815,NA,0,NA,NA,NA,NA,NA,NA,NA,64.9462365591398,18.494623655914,NA,430.10752688172,5.16129032258065,NA,NA,17131.5260416667,22.9166666666667,NA,612.210752688172,5.01110929791748,NA,NA,NA,45.0331125827815,"Winter",NA,NA,3.66356164612965,8.95260537589235
2,7001,"Allein","allein",2015-02-01,2015,2,"2015-02","Grand-Combin","Febbraio",38,28,4,92,233,7244,NA,NA,NA,NA,NA,NA,NA,NA,NA,NA,NA,NA,NA,NA,NA,NA,NA,NA,NA,NA,NA,NA,NA,NA,NA,"Nord-ovest",2,"Valle d'Aosta/Vallée d'Aoste","Valle d'Aosta/Vallée d'Aoste",0,45.0331125827815,NA,0,NA,NA,NA,NA,NA,NA,NA,64.9462365591398,18.494623655914,NA,430.10752688172,5.16129032258065,NA,NA,17131.5260416667,22.9166666666667,NA,612.210752688172,5.01110929791748,NA,NA,NA,45.0331125827815,"Winter",7727,NA,3.36729582998647,8.88806685475478
3,7001,"Allein","allein",2015-03-01,2015,3,"2015-03","Grand-Combin","Marzo",26,20,4,92,233,7322,NA,NA,NA,NA,NA,NA,NA,NA,NA,NA,NA,NA,NA,NA,NA,NA,NA,NA,NA,NA,NA,NA,NA,NA,NA,"Nord-ovest",2,"Valle d'Aosta/Vallée d'Aoste","Valle d'Aosta/Vallée d'Aoste",0,45.0331125827815,NA,0,NA,NA,NA,NA,NA,NA,NA,64.9462365591398,18.494623655914,NA,430.10752688172,5.16129032258065,NA,NA,17131.5260416667,22.9166666666667,NA,612.210752688172,5.01110929791748,NA,NA,NA,45.0331125827815,"Spring",7244,NA,3.04452243772342,8.89877535906107
4,7001,"Allein","allein",2015-04-01,2015,4,"2015-04","Grand-Combin","Aprile",84,54,4,92,233,6068,NA,NA,NA,NA,NA,NA,NA,NA,NA,NA,NA,NA,NA,NA,NA,NA,NA,NA,NA,NA,NA,NA,NA,NA,NA,"Nord-ovest",2,"Valle d'Aosta/Vallée d'Aoste","Valle d'Aosta/Vallée d'Aoste",0,45.0331125827815,NA,0,NA,NA,NA,NA,NA,NA,NA,64.9462365591398,18.494623655914,NA,430.10752688172,5.16129032258065,NA,NA,17131.5260416667,22.9166666666667,NA,612.210752688172,5.01110929791748,NA,NA,NA,45.0331125827815,"Spring",7322,NA,4.00733318523247,8.71094912583585
5,7001,"Allein","allein",2015-05-01,2015,5,"2015-05","Grand-Combin","Maggio",101,77,4,92,233,5958,NA,NA,NA,NA,NA,NA,NA,NA,NA,NA,NA,NA,NA,NA,NA,NA,NA,NA,NA,NA,NA,NA,NA,NA,NA,"Nord-ovest",2,"Valle d'Aosta/Vallée d'Aoste","Valle d'Aosta/Vallée d'Aoste",0,45.0331125827815,NA,0,NA,NA,NA,NA,NA,NA,NA,64.9462365591398,18.494623655914,NA,430.10752688172,5.16129032258065,NA,NA,17131.5260416667,22.9166666666667,NA,612.210752688172,5.01110929791748,NA,NA,NA,45.0331125827815,"Spring",6068,NA,4.35670882668959,8.69265796074698
6,7001,"Allein","allein",2015-06-01,2015,6,"2015-06","Grand-Combin","Giugno",119,83,4,92,233,5018,NA,NA,NA,NA,NA,NA,NA,NA,NA,NA,NA,NA,NA,NA,NA,NA,NA,NA,NA,NA,NA,NA,NA,NA,NA,"Nord-ovest",2,"Valle d'Aosta/Vallée d'Aoste","Valle d'Aosta/Vallée d'Aoste",0,45.0331125827815,NA,0,NA,NA,NA,NA,NA,NA,NA,64.9462365591398,18.494623655914,NA,430.10752688172,5.16129032258065,NA,NA,17131.5260416667,22.9166666666667,NA,612.210752688172,5.01110929791748,NA,NA,NA,45.0331125827815,"Summer",5958,NA,4.43081679884331,8.52098598965493
7,7001,"Allein","allein",2015-07-01,2015,7,"2015-07","Grand-Combin","Luglio",456,189,4,92,233,5141,NA,NA,NA,NA,NA,NA,NA,NA,NA,NA,NA,NA,NA,NA,NA,NA,NA,NA,NA,NA,NA,NA,NA,NA,NA,"Nord-ovest",2,"Valle d'Aosta/Vallée d'Aoste","Valle d'Aosta/Vallée d'Aoste",0,45.0331125827815,NA,0,NA,NA,NA,NA,NA,NA,NA,64.9462365591398,18.494623655914,NA,430.10752688172,5.16129032258065,NA,NA,17131.5260416667,22.9166666666667,NA,612.210752688172,5.01110929791748,NA,NA,NA,45.0331125827815,"Summer",5018,NA,5.24702407216049,8.54519738782584
8,7001,"Allein","allein",2015-08-01,2015,8,"2015-08","Grand-Combin","Agosto",630,155,4,92,233,5516,NA,NA,NA,NA,NA,NA,NA,NA,NA,NA,NA,NA,NA,NA,NA,NA,NA,NA,NA,NA,NA,NA,NA,NA,NA,"Nord-ovest",2,"Valle d'Aosta/Vallée d'Aoste","Valle d'Aosta/Vallée d'Aoste",0,45.0331125827815,NA,0,NA,NA,NA,NA,NA,NA,NA,64.9462365591398,18.494623655914,NA,430.10752688172,5.16129032258065,NA,NA,17131.5260416667,22.9166666666667,NA,612.210752688172,5.01110929791748,NA,NA,NA,45.0331125827815,"Summer",5141,NA,5.04985600724954,8.61558951327243
9,7001,"Allein","allein",2015-09-01,2015,9,"2015-09","Grand-Combin","Settembre",92,60,4,92,233,5792,NA,NA,NA,NA,NA,NA,NA,NA,NA,NA,NA,NA,NA,NA,NA,NA,NA,NA,NA,NA,NA,NA,NA,NA,NA,"Nord-ovest",2,"Valle d'Aosta/Vallée d'Aoste","Valle d'Aosta/Vallée d'Aoste",0,45.0331125827815,NA,0,NA,NA,NA,NA,NA,NA,NA,64.9462365591398,18.494623655914,NA,430.10752688172,5.16129032258065,NA,NA,17131.5260416667,22.9166666666667,NA,612.210752688172,5.01110929791748,NA,NA,NA,45.0331125827815,"Autumn",5516,NA,4.11087386417331,8.66440557109662
10,7001,"Allein","allein",2015-10-01,2015,10,"2015-10","Grand-Combin","Ottobre",3,3,4,92,233,6559,NA,NA,NA,NA,NA,NA,NA,NA,NA,NA,NA,NA,NA,NA,NA,NA,NA,NA,NA,NA,NA,NA,NA,NA,NA,"Nord-ovest",2,"Valle d'Aosta/Vallée d'Aoste","Valle d'Aosta/Vallée d'Aoste",0,45.0331125827815,NA,0,NA,NA,NA,NA,NA,NA,NA,64.9462365591398,18.494623655914,NA,430.10752688172,5.16129032258065,NA,NA,17131.5260416667,22.9166666666667,NA,612.210752688172,5.01110929791748,NA,NA,NA,45.0331125827815,"Autumn",5792,NA,1.38629436111989,8.78874588193814
11,7001,"Allein","allein",2015-11-01,2015,11,"2015-11","Grand-Combin","Novembre",64,17,4,92,233,6751,NA,NA,NA,NA,NA,NA,NA,NA,NA,NA,NA,NA,NA,NA,NA,NA,NA,NA,NA,NA,NA,NA,NA,NA,NA,"Nord-ovest",2,"Valle d'Aosta/Vallée d'Aoste","Valle d'Aosta/Vallée d'Aoste",0,45.0331125827815,NA,0,NA,NA,NA,NA,NA,NA,NA,64.9462365591398,18.494623655914,NA,430.10752688172,5.16129032258065,NA,NA,17131.5260416667,22.9166666666667,NA,612.210752688172,5.01110929791748,NA,NA,NA,45.0331125827815,"Autumn",6559,NA,2.89037175789616,8.81759403627579
12,7001,"Allein","allein",2015-12-01,2015,12,"2015-12","Grand-Combin","Dicembre",220,83,4,92,233,5200,NA,NA,NA,NA,NA,NA,NA,NA,NA,NA,NA,NA,NA,NA,NA,NA,NA,NA,NA,NA,NA,NA,NA,NA,NA,"Nord-ovest",2,"Valle d'Aosta/Vallée d'Aoste","Valle d'Aosta/Vallée d'Aoste",0,45.0331125827815,NA,0,NA,NA,NA,NA,NA,NA,NA,64.9462365591398,18.494623655914,NA,430.10752688172,5.16129032258065,NA,NA,17131.5260416667,22.9166666666667,NA,612.210752688172,5.01110929791748,NA,NA,NA,45.0331125827815,"Winter",6751,NA,4.43081679884331,8.55660619377307
13,7001,"Allein","allein",2016-01-01,2016,1,"2016-01","Grand-Combin","Gennaio",177,42,5,96,229,5529,NA,NA,NA,NA,NA,NA,NA,NA,NA,NA,NA,NA,NA,NA,NA,NA,NA,NA,NA,NA,NA,NA,NA,NA,NA,"Nord-ovest",2,"Valle d'Aosta/Vallée d'Aoste","Valle d'Aosta/Vallée d'Aoste",0,35.8108108108108,NA,0,NA,NA,NA,NA,NA,NA,NA,65.4867256637168,17.6991150442478,NA,NA,NA,NA,NA,17189.7688172043,21.505376344086,NA,644.088495575221,5.01211596168092,NA,NA,NA,35.8108108108108,"Winter",5200,7727,3.76120011569356,8.61794309451638
14,7001,"Allein","allein",2016-02-01,2016,2,"2016-02","Grand-Combin","Febbraio",85,19,5,96,229,4780,NA,NA,NA,NA,NA,NA,NA,NA,NA,NA,NA,NA,NA,NA,NA,NA,NA,NA,NA,NA,NA,NA,NA,NA,NA,"Nord-ovest",2,"Valle d'Aosta/Vallée d'Aoste","Valle d'Aosta/Vallée d'Aoste",0,35.8108108108108,NA,0,NA,NA,NA,NA,NA,NA,NA,65.4867256637168,17.6991150442478,NA,NA,NA,NA,NA,17189.7688172043,21.505376344086,NA,644.088495575221,5.01211596168092,NA,NA,NA,35.8108108108108,"Winter",5529,7244,2.99573227355399,8.4724050086261
15,7001,"Allein","allein",2016-03-01,2016,3,"2016-03","Grand-Combin","Marzo",80,18,5,96,229,4806,NA,NA,NA,NA,NA,NA,NA,NA,NA,NA,NA,NA,NA,NA,NA,NA,NA,NA,NA,NA,NA,NA,NA,NA,NA,"Nord-ovest",2,"Valle d'Aosta/Vallée d'Aoste","Valle d'Aosta/Vallée d'Aoste",0,35.8108108108108,NA,0,NA,NA,NA,NA,NA,NA,NA,65.4867256637168,17.6991150442478,NA,NA,NA,NA,NA,17189.7688172043,21.505376344086,NA,644.088495575221,5.01211596168092,NA,NA,NA,35.8108108108108,"Spring",4780,7322,2.94443897916644,8.47782846789396
16,7001,"Allein","allein",2016-04-01,2016,4,"2016-04","Grand-Combin","Aprile",81,19,5,96,229,4238,NA,NA,NA,NA,NA,NA,NA,NA,NA,NA,NA,NA,NA,NA,NA,NA,NA,NA,NA,NA,NA,NA,NA,NA,NA,"Nord-ovest",2,"Valle d'Aosta/Vallée d'Aoste","Valle d'Aosta/Vallée d'Aoste",0,35.8108108108108,NA,0,NA,NA,NA,NA,NA,NA,NA,65.4867256637168,17.6991150442478,NA,NA,NA,NA,NA,17189.7688172043,21.505376344086,NA,644.088495575221,5.01211596168092,NA,NA,NA,35.8108108108108,"Spring",4806,6068,2.99573227355399,8.35208267135264
17,7001,"Allein","allein",2016-05-01,2016,5,"2016-05","Grand-Combin","Maggio",115,83,5,96,229,3895,NA,NA,NA,NA,NA,NA,NA,NA,NA,NA,NA,NA,NA,NA,NA,NA,NA,NA,NA,NA,NA,NA,NA,NA,NA,"Nord-ovest",2,"Valle d'Aosta/Vallée d'Aoste","Valle d'Aosta/Vallée d'Aoste",0,35.8108108108108,NA,0,NA,NA,NA,NA,NA,NA,NA,65.4867256637168,17.6991150442478,NA,NA,NA,NA,NA,17189.7688172043,21.505376344086,NA,644.088495575221,5.01211596168092,NA,NA,NA,35.8108108108108,"Spring",4238,5958,4.43081679884331,8.26770566476243
18,7001,"Allein","allein",2016-06-01,2016,6,"2016-06","Grand-Combin","Giugno",232,119,5,96,229,3036,NA,NA,NA,NA,NA,NA,NA,NA,NA,NA,NA,NA,NA,NA,NA,NA,NA,NA,NA,NA,NA,NA,NA,NA,NA,"Nord-ovest",2,"Valle d'Aosta/Vallée d'Aoste","Valle d'Aosta/Vallée d'Aoste",0,35.8108108108108,NA,0,NA,NA,NA,NA,NA,NA,NA,65.4867256637168,17.6991150442478,NA,NA,NA,NA,NA,17189.7688172043,21.505376344086,NA,644.088495575221,5.01211596168092,NA,NA,NA,35.8108108108108,"Summer",3895,5018,4.78749174278205,8.01862546504575
19,7001,"Allein","allein",2016-07-01,2016,7,"2016-07","Grand-Combin","Luglio",364,169,5,96,229,2794,NA,NA,NA,NA,NA,NA,NA,NA,NA,NA,NA,NA,NA,NA,NA,NA,NA,NA,NA,NA,NA,NA,NA,NA,NA,"Nord-ovest",2,"Valle d'Aosta/Vallée d'Aoste","Valle d'Aosta/Vallée d'Aoste",0,35.8108108108108,NA,0,NA,NA,NA,NA,NA,NA,NA,65.4867256637168,17.6991150442478,NA,NA,NA,NA,NA,17189.7688172043,21.505376344086,NA,644.088495575221,5.01211596168092,NA,NA,NA,35.8108108108108,"Summer",3036,5141,5.13579843705026,7.9355873855892
20,7001,"Allein","allein",2016-08-01,2016,8,"2016-08","Grand-Combin","Agosto",765,219,5,96,229,2610,NA,NA,NA,NA,NA,NA,NA,NA,NA,NA,NA,NA,NA,NA,NA,NA,NA,NA,NA,NA,NA,NA,NA,NA,NA,"Nord-ovest",2,"Valle d'Aosta/Vallée d'Aoste","Valle d'Aosta/Vallée d'Aoste",0,35.8108108108108,NA,0,NA,NA,NA,NA,NA,NA,NA,65.4867256637168,17.6991150442478,NA,NA,NA,NA,NA,17189.7688172043,21.505376344086,NA,644.088495575221,5.01211596168092,NA,NA,NA,35.8108108108108,"Summer",2794,5516,5.39362754635236,7.86748856869913
21,7001,"Allein","allein",2016-09-01,2016,9,"2016-09","Grand-Combin","Settembre",109,63,5,96,229,2506,NA,NA,NA,NA,NA,NA,NA,NA,NA,NA,NA,NA,NA,NA,NA,NA,NA,NA,NA,NA,NA,NA,NA,NA,NA,"Nord-ovest",2,"Valle d'Aosta/Vallée d'Aoste","Valle d'Aosta/Vallée d'Aoste",0,35.8108108108108,NA,0,NA,NA,NA,NA,NA,NA,NA,65.4867256637168,17.6991150442478,NA,NA,NA,NA,NA,17189.7688172043,21.505376344086,NA,644.088495575221,5.01211596168092,NA,NA,NA,35.8108108108108,"Autumn",2610,5792,4.15888308335967,7.82684209815829
22,7001,"Allein","allein",2016-10-01,2016,10,"2016-10","Grand-Combin","Ottobre",46,25,5,96,229,3077,NA,NA,NA,NA,NA,NA,NA,NA,NA,NA,NA,NA,NA,NA,NA,NA,NA,NA,NA,NA,NA,NA,NA,NA,NA,"Nord-ovest",2,"Valle d'Aosta/Vallée d'Aoste","Valle d'Aosta/Vallée d'Aoste",0,35.8108108108108,NA,0,NA,NA,NA,NA,NA,NA,NA,65.4867256637168,17.6991150442478,NA,NA,NA,NA,NA,17189.7688172043,21.505376344086,NA,644.088495575221,5.01211596168092,NA,NA,NA,35.8108108108108,"Autumn",2506,6559,3.25809653802148,8.03203531439882
23,7001,"Allein","allein",2016-11-01,2016,11,"2016-11","Grand-Combin","Novembre",15,15,5,96,229,4547,NA,NA,NA,NA,NA,NA,NA,NA,NA,NA,NA,NA,NA,NA,NA,NA,NA,NA,NA,NA,NA,NA,NA,NA,NA,"Nord-ovest",2,"Valle d'Aosta/Vallée d'Aoste","Valle d'Aosta/Vallée d'Aoste",0,35.8108108108108,NA,0,NA,NA,NA,NA,NA,NA,NA,65.4867256637168,17.6991150442478,NA,NA,NA,NA,NA,17189.7688172043,21.505376344086,NA,644.088495575221,5.01211596168092,NA,NA,NA,35.8108108108108,"Autumn",3077,6751,2.77258872223978,8.42244285487043
24,7001,"Allein","allein",2016-12-01,2016,12,"2016-12","Grand-Combin","Dicembre",210,103,5,96,229,4695,NA,NA,NA,NA,NA,NA,NA,NA,NA,NA,NA,NA,NA,NA,NA,NA,NA,NA,NA,NA,NA,NA,NA,NA,NA,"Nord-ovest",2,"Valle d'Aosta/Vallée d'Aoste","Valle d'Aosta/Vallée d'Aoste",0,35.8108108108108,NA,0,NA,NA,NA,NA,NA,NA,NA,65.4867256637168,17.6991150442478,NA,NA,NA,NA,NA,17189.7688172043,21.505376344086,NA,644.088495575221,5.01211596168092,NA,NA,NA,35.8108108108108,"Winter",4547,5200,4.64439089914137,8.45446636150793
25,7001,"Allein","allein",2017-01-01,2017,1,"2017-01","Grand-Combin","Gennaio",159,57,5,96,220,5113,NA,NA,NA,NA,NA,NA,NA,NA,NA,NA,NA,NA,NA,NA,NA,NA,NA,NA,NA,NA,NA,NA,NA,NA,NA,"Nord-ovest",2,"Valle d'Aosta/Vallée d'Aoste","Valle d'Aosta/Vallée d'Aoste",0,34.2281879194631,NA,28.5714285714286,NA,NA,NA,NA,NA,NA,NA,67.5736961451247,18.140589569161,NA,453.514739229025,0.90702947845805,NA,NA,17071.7248677249,24.3386243386243,NA,585.229024943311,5.03119390432196,NA,NA,NA,34.2281879194631,"Winter",4695,5529,4.06044301054642,8.53973715585113
26,7001,"Allein","allein",2017-02-01,2017,2,"2017-02","Grand-Combin","Febbraio",20,18,5,96,220,4144,NA,NA,NA,NA,NA,NA,NA,NA,NA,NA,NA,NA,NA,NA,NA,NA,NA,NA,NA,NA,NA,NA,NA,NA,NA,"Nord-ovest",2,"Valle d'Aosta/Vallée d'Aoste","Valle d'Aosta/Vallée d'Aoste",0,34.2281879194631,NA,28.5714285714286,NA,NA,NA,NA,NA,NA,NA,67.5736961451247,18.140589569161,NA,453.514739229025,0.90702947845805,NA,NA,17071.7248677249,24.3386243386243,NA,585.229024943311,5.03119390432196,NA,NA,NA,34.2281879194631,"Winter",5113,4780,2.94443897916644,8.3296580675694
27,7001,"Allein","allein",2017-03-01,2017,3,"2017-03","Grand-Combin","Marzo",33,23,5,96,220,3913,NA,NA,NA,NA,NA,NA,NA,NA,NA,NA,NA,NA,NA,NA,NA,NA,NA,NA,NA,NA,NA,NA,NA,NA,NA,"Nord-ovest",2,"Valle d'Aosta/Vallée d'Aoste","Valle d'Aosta/Vallée d'Aoste",0,34.2281879194631,NA,28.5714285714286,NA,NA,NA,NA,NA,NA,NA,67.5736961451247,18.140589569161,NA,453.514739229025,0.90702947845805,NA,NA,17071.7248677249,24.3386243386243,NA,585.229024943311,5.03119390432196,NA,NA,NA,34.2281879194631,"Spring",4144,4806,3.17805383034795,8.27231514795602
28,7001,"Allein","allein",2017-04-01,2017,4,"2017-04","Grand-Combin","Aprile",124,57,5,96,220,2930,NA,NA,NA,NA,NA,NA,NA,NA,NA,NA,NA,NA,NA,NA,NA,NA,NA,NA,NA,NA,NA,NA,NA,NA,NA,"Nord-ovest",2,"Valle d'Aosta/Vallée d'Aoste","Valle d'Aosta/Vallée d'Aoste",0,34.2281879194631,NA,28.5714285714286,NA,NA,NA,NA,NA,NA,NA,67.5736961451247,18.140589569161,NA,453.514739229025,0.90702947845805,NA,NA,17071.7248677249,24.3386243386243,NA,585.229024943311,5.03119390432196,NA,NA,NA,34.2281879194631,"Spring",3913,4238,4.06044301054642,7.98309894071089
29,7001,"Allein","allein",2017-05-01,2017,5,"2017-05","Grand-Combin","Maggio",66,58,5,96,220,3050,NA,NA,NA,NA,NA,NA,NA,NA,NA,NA,NA,NA,NA,NA,NA,NA,NA,NA,NA,NA,NA,NA,NA,NA,NA,"Nord-ovest",2,"Valle d'Aosta/Vallée d'Aoste","Valle d'Aosta/Vallée d'Aoste",0,34.2281879194631,NA,28.5714285714286,NA,NA,NA,NA,NA,NA,NA,67.5736961451247,18.140589569161,NA,453.514739229025,0.90702947845805,NA,NA,17071.7248677249,24.3386243386243,NA,585.229024943311,5.03119390432196,NA,NA,NA,34.2281879194631,"Spring",2930,3895,4.07753744390572,8.02322468471667
30,7001,"Allein","allein",2017-06-01,2017,6,"2017-06","Grand-Combin","Giugno",43,33,5,96,220,2565,NA,NA,NA,NA,NA,NA,NA,NA,NA,NA,NA,NA,NA,NA,NA,NA,NA,NA,NA,NA,NA,NA,NA,NA,NA,"Nord-ovest",2,"Valle d'Aosta/Vallée d'Aoste","Valle d'Aosta/Vallée d'Aoste",0,34.2281879194631,NA,28.5714285714286,NA,NA,NA,NA,NA,NA,NA,67.5736961451247,18.140589569161,NA,453.514739229025,0.90702947845805,NA,NA,17071.7248677249,24.3386243386243,NA,585.229024943311,5.03119390432196,NA,NA,NA,34.2281879194631,"Summer",3050,3036,3.52636052461616,7.85010354517558
31,7001,"Allein","allein",2017-07-01,2017,7,"2017-07","Grand-Combin","Luglio",435,198,5,96,220,2447,NA,NA,NA,NA,NA,NA,NA,NA,NA,NA,NA,NA,NA,NA,NA,NA,NA,NA,NA,NA,NA,NA,NA,NA,NA,"Nord-ovest",2,"Valle d'Aosta/Vallée d'Aoste","Valle d'Aosta/Vallée d'Aoste",0,34.2281879194631,NA,28.5714285714286,NA,NA,NA,NA,NA,NA,NA,67.5736961451247,18.140589569161,NA,453.514739229025,0.90702947845805,NA,NA,17071.7248677249,24.3386243386243,NA,585.229024943311,5.03119390432196,NA,NA,NA,34.2281879194631,"Summer",2565,2794,5.29330482472449,7.80302664363222
32,7001,"Allein","allein",2017-08-01,2017,8,"2017-08","Grand-Combin","Agosto",218,139,5,96,220,2486,NA,NA,NA,NA,NA,NA,NA,NA,NA,NA,NA,NA,NA,NA,NA,NA,NA,NA,NA,NA,NA,NA,NA,NA,NA,"Nord-ovest",2,"Valle d'Aosta/Vallée d'Aoste","Valle d'Aosta/Vallée d'Aoste",0,34.2281879194631,NA,28.5714285714286,NA,NA,NA,NA,NA,NA,NA,67.5736961451247,18.140589569161,NA,453.514739229025,0.90702947845805,NA,NA,17071.7248677249,24.3386243386243,NA,585.229024943311,5.03119390432196,NA,NA,NA,34.2281879194631,"Summer",2447,2610,4.9416424226093,7.8188324438034
33,7001,"Allein","allein",2017-09-01,2017,9,"2017-09","Grand-Combin","Settembre",203,150,5,96,220,2770,NA,NA,NA,NA,NA,NA,NA,NA,NA,NA,NA,NA,NA,NA,NA,NA,NA,NA,NA,NA,NA,NA,NA,NA,NA,"Nord-ovest",2,"Valle d'Aosta/Vallée d'Aoste","Valle d'Aosta/Vallée d'Aoste",0,34.2281879194631,NA,28.5714285714286,NA,NA,NA,NA,NA,NA,NA,67.5736961451247,18.140589569161,NA,453.514739229025,0.90702947845805,NA,NA,17071.7248677249,24.3386243386243,NA,585.229024943311,5.03119390432196,NA,NA,NA,34.2281879194631,"Autumn",2486,2506,5.01727983681492,7.92696354486298
34,7001,"Allein","allein",2017-10-01,2017,10,"2017-10","Grand-Combin","Ottobre",210,16,5,96,220,3813,NA,NA,NA,NA,NA,NA,NA,NA,NA,NA,NA,NA,NA,NA,NA,NA,NA,NA,NA,NA,NA,NA,NA,NA,NA,"Nord-ovest",2,"Valle d'Aosta/Vallée d'Aoste","Valle d'Aosta/Vallée d'Aoste",0,34.2281879194631,NA,28.5714285714286,NA,NA,NA,NA,NA,NA,NA,67.5736961451247,18.140589569161,NA,453.514739229025,0.90702947845805,NA,NA,17071.7248677249,24.3386243386243,NA,585.229024943311,5.03119390432196,NA,NA,NA,34.2281879194631,"Autumn",2770,3077,2.83321334405622,8.24643378616036
35,7001,"Allein","allein",2017-11-01,2017,11,"2017-11","Grand-Combin","Novembre",0,0,5,96,220,4156,NA,NA,NA,NA,NA,NA,NA,NA,NA,NA,NA,NA,NA,NA,NA,NA,NA,NA,NA,NA,NA,NA,NA,NA,NA,"Nord-ovest",2,"Valle d'Aosta/Vallée d'Aoste","Valle d'Aosta/Vallée d'Aoste",0,34.2281879194631,NA,28.5714285714286,NA,NA,NA,NA,NA,NA,NA,67.5736961451247,18.140589569161,NA,453.514739229025,0.90702947845805,NA,NA,17071.7248677249,24.3386243386243,NA,585.229024943311,5.03119390432196,NA,NA,NA,34.2281879194631,"Autumn",3813,4547,0,8.33254893925264
36,7001,"Allein","allein",2017-12-01,2017,12,"2017-12","Grand-Combin","Dicembre",208,90,5,96,220,5095,NA,NA,NA,NA,NA,NA,NA,NA,NA,NA,NA,NA,NA,NA,NA,NA,NA,NA,NA,NA,NA,NA,NA,NA,NA,"Nord-ovest",2,"Valle d'Aosta/Vallée d'Aoste","Valle d'Aosta/Vallée d'Aoste",0,34.2281879194631,NA,28.5714285714286,NA,NA,NA,NA,NA,NA,NA,67.5736961451247,18.140589569161,NA,453.514739229025,0.90702947845805,NA,NA,17071.7248677249,24.3386243386243,NA,585.229024943311,5.03119390432196,NA,NA,NA,34.2281879194631,"Winter",4156,4695,4.51085950651685,8.536211197252
37,7001,"Allein","allein",2018-01-01,2018,1,"2018-01","Grand-Combin","Gennaio",95,44,5,98,219,5016,NA,NA,NA,NA,NA,NA,NA,NA,NA,NA,NA,NA,NA,NA,NA,NA,NA,NA,NA,NA,NA,NA,NA,NA,NA,"Nord-ovest",2,"Valle d'Aosta/Vallée d'Aoste","Valle d'Aosta/Vallée d'Aoste",0,30.9677419354839,NA,28.5714285714286,65.4545454545455,12.7272727272727,NA,NA,NA,NA,NA,71.5935334872979,19.8614318706697,NA,461.89376443418,4.6189376443418,NA,NA,17383.7553191489,23.936170212766,NA,620.110854503464,5.03119390432196,NA,NA,NA,30.9677419354839,"Winter",5095,5113,3.80666248977032,8.52058742448425
38,7001,"Allein","allein",2018-02-01,2018,2,"2018-02","Grand-Combin","Febbraio",50,42,5,98,219,4927,NA,NA,NA,NA,NA,NA,NA,NA,NA,NA,NA,NA,NA,NA,NA,NA,NA,NA,NA,NA,NA,NA,NA,NA,NA,"Nord-ovest",2,"Valle d'Aosta/Vallée d'Aoste","Valle d'Aosta/Vallée d'Aoste",0,30.9677419354839,NA,28.5714285714286,65.4545454545455,12.7272727272727,NA,NA,NA,NA,NA,71.5935334872979,19.8614318706697,NA,461.89376443418,4.6189376443418,NA,NA,17383.7553191489,23.936170212766,NA,620.110854503464,5.03119390432196,NA,NA,NA,30.9677419354839,"Winter",5016,4144,3.76120011569356,8.50268850521336
39,7001,"Allein","allein",2018-03-01,2018,3,"2018-03","Grand-Combin","Marzo",12,8,5,98,219,4843,NA,NA,NA,NA,NA,NA,NA,NA,NA,NA,NA,NA,NA,NA,NA,NA,NA,NA,NA,NA,NA,NA,NA,NA,NA,"Nord-ovest",2,"Valle d'Aosta/Vallée d'Aoste","Valle d'Aosta/Vallée d'Aoste",0,30.9677419354839,NA,28.5714285714286,65.4545454545455,12.7272727272727,NA,NA,NA,NA,NA,71.5935334872979,19.8614318706697,NA,461.89376443418,4.6189376443418,NA,NA,17383.7553191489,23.936170212766,NA,620.110854503464,5.03119390432196,NA,NA,NA,30.9677419354839,"Spring",4927,3913,2.19722457733622,8.48549610467298
40,7001,"Allein","allein",2018-04-01,2018,4,"2018-04","Grand-Combin","Aprile",81,60,5,98,219,4230,NA,NA,NA,NA,NA,NA,NA,NA,NA,NA,NA,NA,NA,NA,NA,NA,NA,NA,NA,NA,NA,NA,NA,NA,NA,"Nord-ovest",2,"Valle d'Aosta/Vallée d'Aoste","Valle d'Aosta/Vallée d'Aoste",0,30.9677419354839,NA,28.5714285714286,65.4545454545455,12.7272727272727,NA,NA,NA,NA,NA,71.5935334872979,19.8614318706697,NA,461.89376443418,4.6189376443418,NA,NA,17383.7553191489,23.936170212766,NA,620.110854503464,5.03119390432196,NA,NA,NA,30.9677419354839,"Spring",4843,2930,4.11087386417331,8.35019365072007
41,7001,"Allein","allein",2018-05-01,2018,5,"2018-05","Grand-Combin","Maggio",60,50,5,98,219,3468,NA,NA,NA,NA,NA,NA,NA,NA,NA,NA,NA,NA,NA,NA,NA,NA,NA,NA,NA,NA,NA,NA,NA,NA,NA,"Nord-ovest",2,"Valle d'Aosta/Vallée d'Aoste","Valle d'Aosta/Vallée d'Aoste",0,30.9677419354839,NA,28.5714285714286,65.4545454545455,12.7272727272727,NA,NA,NA,NA,NA,71.5935334872979,19.8614318706697,NA,461.89376443418,4.6189376443418,NA,NA,17383.7553191489,23.936170212766,NA,620.110854503464,5.03119390432196,NA,NA,NA,30.9677419354839,"Spring",4230,3050,3.93182563272433,8.15162164696975
42,7001,"Allein","allein",2018-06-01,2018,6,"2018-06","Grand-Combin","Giugno",143,88,5,98,219,2650,NA,NA,NA,NA,NA,NA,NA,NA,NA,NA,NA,NA,NA,NA,NA,NA,NA,NA,NA,NA,NA,NA,NA,NA,NA,"Nord-ovest",2,"Valle d'Aosta/Vallée d'Aoste","Valle d'Aosta/Vallée d'Aoste",0,30.9677419354839,NA,28.5714285714286,65.4545454545455,12.7272727272727,NA,NA,NA,NA,NA,71.5935334872979,19.8614318706697,NA,461.89376443418,4.6189376443418,NA,NA,17383.7553191489,23.936170212766,NA,620.110854503464,5.03119390432196,NA,NA,NA,30.9677419354839,"Summer",3468,2565,4.48863636973214,7.88269220628903
43,7001,"Allein","allein",2018-07-01,2018,7,"2018-07","Grand-Combin","Luglio",279,75,5,98,219,2420,NA,NA,NA,NA,NA,NA,NA,NA,NA,NA,NA,NA,NA,NA,NA,NA,NA,NA,NA,NA,NA,NA,NA,NA,NA,"Nord-ovest",2,"Valle d'Aosta/Vallée d'Aoste","Valle d'Aosta/Vallée d'Aoste",0,30.9677419354839,NA,28.5714285714286,65.4545454545455,12.7272727272727,NA,NA,NA,NA,NA,71.5935334872979,19.8614318706697,NA,461.89376443418,4.6189376443418,NA,NA,17383.7553191489,23.936170212766,NA,620.110854503464,5.03119390432196,NA,NA,NA,30.9677419354839,"Summer",2650,2447,4.33073334028633,7.79193595693806
44,7001,"Allein","allein",2018-08-01,2018,8,"2018-08","Grand-Combin","Agosto",625,191,5,98,219,2191,NA,NA,NA,NA,NA,NA,NA,NA,NA,NA,NA,NA,NA,NA,NA,NA,NA,NA,NA,NA,NA,NA,NA,NA,NA,"Nord-ovest",2,"Valle d'Aosta/Vallée d'Aoste","Valle d'Aosta/Vallée d'Aoste",0,30.9677419354839,NA,28.5714285714286,65.4545454545455,12.7272727272727,NA,NA,NA,NA,NA,71.5935334872979,19.8614318706697,NA,461.89376443418,4.6189376443418,NA,NA,17383.7553191489,23.936170212766,NA,620.110854503464,5.03119390432196,NA,NA,NA,30.9677419354839,"Summer",2420,2486,5.25749537202778,7.69256964806791
45,7001,"Allein","allein",2018-09-01,2018,9,"2018-09","Grand-Combin","Settembre",133,103,5,98,219,2289,NA,NA,NA,NA,NA,NA,NA,NA,NA,NA,NA,NA,NA,NA,NA,NA,NA,NA,NA,NA,NA,NA,NA,NA,NA,"Nord-ovest",2,"Valle d'Aosta/Vallée d'Aoste","Valle d'Aosta/Vallée d'Aoste",0,30.9677419354839,NA,28.5714285714286,65.4545454545455,12.7272727272727,NA,NA,NA,NA,NA,71.5935334872979,19.8614318706697,NA,461.89376443418,4.6189376443418,NA,NA,17383.7553191489,23.936170212766,NA,620.110854503464,5.03119390432196,NA,NA,NA,30.9677419354839,"Autumn",2191,2770,4.64439089914137,7.73630709654828
46,7001,"Allein","allein",2018-10-01,2018,10,"2018-10","Grand-Combin","Ottobre",26,13,5,98,219,2938,NA,NA,NA,NA,NA,NA,NA,NA,NA,NA,NA,NA,NA,NA,NA,NA,NA,NA,NA,NA,NA,NA,NA,NA,NA,"Nord-ovest",2,"Valle d'Aosta/Vallée d'Aoste","Valle d'Aosta/Vallée d'Aoste",0,30.9677419354839,NA,28.5714285714286,65.4545454545455,12.7272727272727,NA,NA,NA,NA,NA,71.5935334872979,19.8614318706697,NA,461.89376443418,4.6189376443418,NA,NA,17383.7553191489,23.936170212766,NA,620.110854503464,5.03119390432196,NA,NA,NA,30.9677419354839,"Autumn",2289,3813,2.63905732961526,7.98582466641892
47,7001,"Allein","allein",2018-11-01,2018,11,"2018-11","Grand-Combin","Novembre",0,0,5,98,219,3356,NA,NA,NA,NA,NA,NA,NA,NA,NA,NA,NA,NA,NA,NA,NA,NA,NA,NA,NA,NA,NA,NA,NA,NA,NA,"Nord-ovest",2,"Valle d'Aosta/Vallée d'Aoste","Valle d'Aosta/Vallée d'Aoste",0,30.9677419354839,NA,28.5714285714286,65.4545454545455,12.7272727272727,NA,NA,NA,NA,NA,71.5935334872979,19.8614318706697,NA,461.89376443418,4.6189376443418,NA,NA,17383.7553191489,23.936170212766,NA,620.110854503464,5.03119390432196,NA,NA,NA,30.9677419354839,"Autumn",2938,4156,0,8.11880299698004
48,7001,"Allein","allein",2018-12-01,2018,12,"2018-12","Grand-Combin","Dicembre",103,42,5,98,219,3667,NA,NA,NA,NA,NA,NA,NA,NA,NA,NA,NA,NA,NA,NA,NA,NA,NA,NA,NA,NA,NA,NA,NA,NA,NA,"Nord-ovest",2,"Valle d'Aosta/Vallée d'Aoste","Valle d'Aosta/Vallée d'Aoste",0,30.9677419354839,NA,28.5714285714286,65.4545454545455,12.7272727272727,NA,NA,NA,NA,NA,71.5935334872979,19.8614318706697,NA,461.89376443418,4.6189376443418,NA,NA,17383.7553191489,23.936170212766,NA,620.110854503464,5.03119390432196,NA,NA,NA,30.9677419354839,"Winter",3356,5095,3.76120011569356,8.20740183337636
49,7001,"Allein","allein",2019-01-01,2019,1,"2019-01","Grand-Combin","Gennaio",79,34,5,98,211,3795,1,3,0.311013055196468,858.073814137531,-1.0897248634132,44.6746038407049,213,0,5,-5,9,9,0,2,0,2,0,0,-3,210,115,210,1.8,0,0,"Nord-ovest",2,"Valle d'Aosta/Vallée d'Aoste","Valle d'Aosta/Vallée d'Aoste",0,27.6729559748428,NA,50,71.4285714285714,12.5,NA,NA,NA,NA,NA,75.177304964539,19.3853427895981,472.813238770686,472.813238770686,23.6406619385343,NA,NA,18442.1202185792,20.2185792349727,NA,647.569739952719,5.03119390432196,6.06060606060606,47.3404255319149,49.468085106383,27.6729559748428,"Winter",3667,5016,3.55534806148941,8.24170315972982
50,7001,"Allein","allein",2019-02-01,2019,2,"2019-02","Grand-Combin","Febbraio",24,20,5,98,211,3219,1,3,0.315216434473852,867.256192175267,2.02334606832901,45.6398116793779,213,0,5,-5,9,9,0,2,0,2,0,0,-3,210,115,210,1.8,0,0,"Nord-ovest",2,"Valle d'Aosta/Vallée d'Aoste","Valle d'Aosta/Vallée d'Aoste",0,27.6729559748428,NA,50,71.4285714285714,12.5,NA,NA,NA,NA,NA,75.177304964539,19.3853427895981,472.813238770686,472.813238770686,23.6406619385343,NA,NA,18442.1202185792,20.2185792349727,NA,647.569739952719,5.03119390432196,6.06060606060606,47.3404255319149,49.468085106383,27.6729559748428,"Winter",3795,4927,3.04452243772342,8.07713663853845
51,7001,"Allein","allein",2019-03-01,2019,3,"2019-03","Grand-Combin","Marzo",14,6,5,98,211,3223,1,3,0.281732472385294,862.80834255973,3.24577910680225,45.9212796910338,213,0,5,-5,9,9,0,2,0,2,0,0,-3,210,115,210,1.8,0,0,"Nord-ovest",2,"Valle d'Aosta/Vallée d'Aoste","Valle d'Aosta/Vallée d'Aoste",0,27.6729559748428,NA,50,71.4285714285714,12.5,NA,NA,NA,NA,NA,75.177304964539,19.3853427895981,472.813238770686,472.813238770686,23.6406619385343,NA,NA,18442.1202185792,20.2185792349727,NA,647.569739952719,5.03119390432196,6.06060606060606,47.3404255319149,49.468085106383,27.6729559748428,"Spring",3219,4843,1.94591014905531,8.07837810362652
52,7001,"Allein","allein",2019-04-01,2019,4,"2019-04","Grand-Combin","Aprile",7,5,5,98,211,2854,1,3,0.927376075265203,864.697534577212,4.84252234628692,58.6441523181846,213,0,5,-5,9,9,0,2,0,2,0,0,-3,210,115,210,1.8,0,0,"Nord-ovest",2,"Valle d'Aosta/Vallée d'Aoste","Valle d'Aosta/Vallée d'Aoste",0,27.6729559748428,NA,50,71.4285714285714,12.5,NA,NA,NA,NA,NA,75.177304964539,19.3853427895981,472.813238770686,472.813238770686,23.6406619385343,NA,NA,18442.1202185792,20.2185792349727,NA,647.569739952719,5.03119390432196,6.06060606060606,47.3404255319149,49.468085106383,27.6729559748428,"Spring",3223,4230,1.79175946922805,7.95682712209011
53,7001,"Allein","allein",2019-05-01,2019,5,"2019-05","Grand-Combin","Maggio",14,14,5,98,211,2726,1,3,0.723239743952026,862.391375360008,7.57441996288963,51.4792711851435,213,0,5,-5,9,9,0,2,0,2,0,0,-3,210,115,210,1.8,0,0,"Nord-ovest",2,"Valle d'Aosta/Vallée d'Aoste","Valle d'Aosta/Vallée d'Aoste",0,27.6729559748428,NA,50,71.4285714285714,12.5,NA,NA,NA,NA,NA,75.177304964539,19.3853427895981,472.813238770686,472.813238770686,23.6406619385343,NA,NA,18442.1202185792,20.2185792349727,NA,647.569739952719,5.03119390432196,6.06060606060606,47.3404255319149,49.468085106383,27.6729559748428,"Spring",2854,3468,2.70805020110221,7.91095738284559
54,7001,"Allein","allein",2019-06-01,2019,6,"2019-06","Grand-Combin","Giugno",99,59,5,98,211,2695,1,3,0.742618948360647,868.305274106255,15.3783297751765,59.633175305679,213,0,5,-5,9,9,0,2,0,2,0,0,-3,210,115,210,1.8,0,0,"Nord-ovest",2,"Valle d'Aosta/Vallée d'Aoste","Valle d'Aosta/Vallée d'Aoste",0,27.6729559748428,NA,50,71.4285714285714,12.5,NA,NA,NA,NA,NA,75.177304964539,19.3853427895981,472.813238770686,472.813238770686,23.6406619385343,NA,NA,18442.1202185792,20.2185792349727,NA,647.569739952719,5.03119390432196,6.06060606060606,47.3404255319149,49.468085106383,27.6729559748428,"Summer",2726,2650,4.0943445622221,7.8995244720322
55,7001,"Allein","allein",2019-07-01,2019,7,"2019-07","Grand-Combin","Luglio",41,30,5,98,211,2593,1,3,1.22758296929729,869.961373998096,17.4822649846126,57.5879209606172,213,0,5,-5,9,9,0,2,0,2,0,0,-3,210,115,210,1.8,0,0,"Nord-ovest",2,"Valle d'Aosta/Vallée d'Aoste","Valle d'Aosta/Vallée d'Aoste",0,27.6729559748428,NA,50,71.4285714285714,12.5,NA,NA,NA,NA,NA,75.177304964539,19.3853427895981,472.813238770686,472.813238770686,23.6406619385343,NA,NA,18442.1202185792,20.2185792349727,NA,647.569739952719,5.03119390432196,6.06060606060606,47.3404255319149,49.468085106383,27.6729559748428,"Summer",2695,2420,3.43398720448515,7.86095636487639
56,7001,"Allein","allein",2019-08-01,2019,8,"2019-08","Grand-Combin","Agosto",550,141,5,98,211,2223,1,3,1.2430791631261,870.629354666046,15.5998630786487,70.3632373849237,213,0,5,-5,9,9,0,2,0,2,0,0,-3,210,115,210,1.8,0,0,"Nord-ovest",2,"Valle d'Aosta/Vallée d'Aoste","Valle d'Aosta/Vallée d'Aoste",0,27.6729559748428,NA,50,71.4285714285714,12.5,NA,NA,NA,NA,NA,75.177304964539,19.3853427895981,472.813238770686,472.813238770686,23.6406619385343,NA,NA,18442.1202185792,20.2185792349727,NA,647.569739952719,5.03119390432196,6.06060606060606,47.3404255319149,49.468085106383,27.6729559748428,"Summer",2593,2191,4.95582705760126,7.70706265537047
57,7001,"Allein","allein",2019-09-01,2019,9,"2019-09","Grand-Combin","Settembre",111,74,5,98,211,2354,1,3,0.296109397120446,868.907660491761,12.4727286601731,63.5781768606226,213,0,5,-5,9,9,0,2,0,2,0,0,-3,210,115,210,1.8,0,0,"Nord-ovest",2,"Valle d'Aosta/Vallée d'Aoste","Valle d'Aosta/Vallée d'Aoste",0,27.6729559748428,NA,50,71.4285714285714,12.5,NA,NA,NA,NA,NA,75.177304964539,19.3853427895981,472.813238770686,472.813238770686,23.6406619385343,NA,NA,18442.1202185792,20.2185792349727,NA,647.569739952719,5.03119390432196,6.06060606060606,47.3404255319149,49.468085106383,27.6729559748428,"Autumn",2223,2289,4.31748811353631,7.76429600645052
58,7001,"Allein","allein",2019-10-01,2019,10,"2019-10","Grand-Combin","Ottobre",5,5,5,98,211,3444,1,3,1.89787079876911,864.662789659366,8.27299473650728,76.1641721579155,213,0,5,-5,9,9,0,2,0,2,0,0,-3,210,115,210,1.8,0,0,"Nord-ovest",2,"Valle d'Aosta/Vallée d'Aoste","Valle d'Aosta/Vallée d'Aoste",0,27.6729559748428,NA,50,71.4285714285714,12.5,NA,NA,NA,NA,NA,75.177304964539,19.3853427895981,472.813238770686,472.813238770686,23.6406619385343,NA,NA,18442.1202185792,20.2185792349727,NA,647.569739952719,5.03119390432196,6.06060606060606,47.3404255319149,49.468085106383,27.6729559748428,"Autumn",2354,2938,1.79175946922805,8.14467918344776
59,7001,"Allein","allein",2019-11-01,2019,11,"2019-11","Grand-Combin","Novembre",5,5,5,98,211,3157,1,3,2.11775085737902,853.340191649343,0.606886624351456,84.6620344548795,213,0,5,-5,9,9,0,2,0,2,0,0,-3,210,115,210,1.8,0,0,"Nord-ovest",2,"Valle d'Aosta/Vallée d'Aoste","Valle d'Aosta/Vallée d'Aoste",0,27.6729559748428,NA,50,71.4285714285714,12.5,NA,NA,NA,NA,NA,75.177304964539,19.3853427895981,472.813238770686,472.813238770686,23.6406619385343,NA,NA,18442.1202185792,20.2185792349727,NA,647.569739952719,5.03119390432196,6.06060606060606,47.3404255319149,49.468085106383,27.6729559748428,"Autumn",3444,3356,1.79175946922805,8.05769419481559
60,7001,"Allein","allein",2019-12-01,2019,12,"2019-12","Grand-Combin","Dicembre",41,14,5,98,211,3458,1,3,1.18249451238354,860.559854863456,0.60426969156018,68.7052228798364,213,0,5,-5,9,9,0,2,0,2,0,0,-3,210,115,210,1.8,0,0,"Nord-ovest",2,"Valle d'Aosta/Vallée d'Aoste","Valle d'Aosta/Vallée d'Aoste",0,27.6729559748428,NA,50,71.4285714285714,12.5,NA,NA,NA,NA,NA,75.177304964539,19.3853427895981,472.813238770686,472.813238770686,23.6406619385343,NA,NA,18442.1202185792,20.2185792349727,NA,647.569739952719,5.03119390432196,6.06060606060606,47.3404255319149,49.468085106383,27.6729559748428,"Winter",3157,3667,2.70805020110221,8.14873480893717
61,7001,"Allein","allein",2020-01-01,2020,1,"2020-01","Grand-Combin","Gennaio",18,10,4,92,213,3453,1,3,0.290492435555683,868.195636302991,-0.0716569721891465,55.2759249572393,210,0,7,-7,13,7,6,1,1,0,0,-1,-2,208,117,208,1.8,0,0,"Nord-ovest",2,"Valle d'Aosta/Vallée d'Aoste","Valle d'Aosta/Vallée d'Aoste",0,23.030303030303,NA,0,71.1864406779661,18.6440677966102,NA,NA,4.78468899521531,100,0,78.9473684210526,20.0956937799043,478.468899521531,478.468899521531,0,NA,75.0349012326835,18766.0564971751,20.9039548022599,3.24254215304799,718.052631578947,5.03125706108308,NA,NA,NA,23.030303030303,"Winter",3458,3795,2.39789527279837,8.14728825870662
62,7001,"Allein","allein",2020-02-01,2020,2,"2020-02","Grand-Combin","Febbraio",24,22,4,92,213,3193,1,3,0.824166823529788,864.212089485477,2.15869495242059,51.9706940971159,210,0,7,-7,13,7,6,1,1,0,0,-1,-2,208,117,208,1.8,0,0,"Nord-ovest",2,"Valle d'Aosta/Vallée d'Aoste","Valle d'Aosta/Vallée d'Aoste",0,23.030303030303,NA,0,71.1864406779661,18.6440677966102,NA,NA,4.78468899521531,100,0,78.9473684210526,20.0956937799043,478.468899521531,478.468899521531,0,NA,75.0349012326835,18766.0564971751,20.9039548022599,3.24254215304799,718.052631578947,5.03125706108308,NA,NA,NA,23.030303030303,"Winter",3453,3219,3.13549421592915,8.06902932877496
63,7001,"Allein","allein",2020-03-01,2020,3,"2020-03","Grand-Combin","Marzo",0,0,4,92,213,3338,1,3,0.720144338848707,860.66502304306,1.79631748829986,63.5016473485046,210,0,7,-7,13,7,6,1,1,0,0,-1,-2,208,117,208,1.8,0,0,"Nord-ovest",2,"Valle d'Aosta/Vallée d'Aoste","Valle d'Aosta/Vallée d'Aoste",0,23.030303030303,NA,0,71.1864406779661,18.6440677966102,NA,NA,4.78468899521531,100,0,78.9473684210526,20.0956937799043,478.468899521531,478.468899521531,0,NA,75.0349012326835,18766.0564971751,20.9039548022599,3.24254215304799,718.052631578947,5.03125706108308,NA,NA,NA,23.030303030303,"Spring",3193,3223,0,8.11342663994365
64,7001,"Allein","allein",2020-04-01,2020,4,"2020-04","Grand-Combin","Aprile",0,0,4,92,213,3035,1,3,0.744651847415766,864.201764676209,7.07442229065116,56.4854012541108,210,0,7,-7,13,7,6,1,1,0,0,-1,-2,208,117,208,1.8,0,0,"Nord-ovest",2,"Valle d'Aosta/Vallée d'Aoste","Valle d'Aosta/Vallée d'Aoste",0,23.030303030303,NA,0,71.1864406779661,18.6440677966102,NA,NA,4.78468899521531,100,0,78.9473684210526,20.0956937799043,478.468899521531,478.468899521531,0,NA,75.0349012326835,18766.0564971751,20.9039548022599,3.24254215304799,718.052631578947,5.03125706108308,NA,NA,NA,23.030303030303,"Spring",3338,2854,0,8.01829613851552
65,7001,"Allein","allein",2020-05-01,2020,5,"2020-05","Grand-Combin","Maggio",0,0,4,92,213,3094,1,3,1.95089521484277,865.881810970078,10.9059399580242,65.9183059239995,210,0,7,-7,13,7,6,1,1,0,0,-1,-2,208,117,208,1.8,0,0,"Nord-ovest",2,"Valle d'Aosta/Vallée d'Aoste","Valle d'Aosta/Vallée d'Aoste",0,23.030303030303,NA,0,71.1864406779661,18.6440677966102,NA,NA,4.78468899521531,100,0,78.9473684210526,20.0956937799043,478.468899521531,478.468899521531,0,NA,75.0349012326835,18766.0564971751,20.9039548022599,3.24254215304799,718.052631578947,5.03125706108308,NA,NA,NA,23.030303030303,"Spring",3035,2726,0,8.0375431851187
66,7001,"Allein","allein",2020-06-01,2020,6,"2020-06","Grand-Combin","Giugno",0,0,4,92,213,2478,1,3,1.62320096136691,862.818462691721,12.6408620091577,68.1103386817619,210,0,7,-7,13,7,6,1,1,0,0,-1,-2,208,117,208,1.8,0,0,"Nord-ovest",2,"Valle d'Aosta/Vallée d'Aoste","Valle d'Aosta/Vallée d'Aoste",0,23.030303030303,NA,0,71.1864406779661,18.6440677966102,NA,NA,4.78468899521531,100,0,78.9473684210526,20.0956937799043,478.468899521531,478.468899521531,0,NA,75.0349012326835,18766.0564971751,20.9039548022599,3.24254215304799,718.052631578947,5.03125706108308,NA,NA,NA,23.030303030303,"Summer",3094,2695,0,7.81561053203519
67,7001,"Allein","allein",2020-07-01,2020,7,"2020-07","Grand-Combin","Luglio",116,30,4,92,213,2429,1,3,0.335851926947745,867.365267056277,16.4905513651138,58.7566825493757,210,0,7,-7,13,7,6,1,1,0,0,-1,-2,208,117,208,1.8,0,0,"Nord-ovest",2,"Valle d'Aosta/Vallée d'Aoste","Valle d'Aosta/Vallée d'Aoste",0,23.030303030303,NA,0,71.1864406779661,18.6440677966102,NA,NA,4.78468899521531,100,0,78.9473684210526,20.0956937799043,478.468899521531,478.468899521531,0,NA,75.0349012326835,18766.0564971751,20.9039548022599,3.24254215304799,718.052631578947,5.03125706108308,NA,NA,NA,23.030303030303,"Summer",2478,2593,3.43398720448515,7.79564653633459
68,7001,"Allein","allein",2020-08-01,2020,8,"2020-08","Grand-Combin","Agosto",195,38,4,92,213,2502,1,3,1.27278722706212,867.616372936989,16.1873190161122,61.0321583559449,210,0,7,-7,13,7,6,1,1,0,0,-1,-2,208,117,208,1.8,0,0,"Nord-ovest",2,"Valle d'Aosta/Vallée d'Aoste","Valle d'Aosta/Vallée d'Aoste",0,23.030303030303,NA,0,71.1864406779661,18.6440677966102,NA,NA,4.78468899521531,100,0,78.9473684210526,20.0956937799043,478.468899521531,478.468899521531,0,NA,75.0349012326835,18766.0564971751,20.9039548022599,3.24254215304799,718.052631578947,5.03125706108308,NA,NA,NA,23.030303030303,"Summer",2429,2223,3.66356164612965,7.82524529143177
69,7001,"Allein","allein",2020-09-01,2020,9,"2020-09","Grand-Combin","Settembre",15,13,4,92,213,2681,1,3,0.555175913564876,865.70923270946,12.0433699322471,70.3675273201876,210,0,7,-7,13,7,6,1,1,0,0,-1,-2,208,117,208,1.8,0,0,"Nord-ovest",2,"Valle d'Aosta/Vallée d'Aoste","Valle d'Aosta/Vallée d'Aoste",0,23.030303030303,NA,0,71.1864406779661,18.6440677966102,NA,NA,4.78468899521531,100,0,78.9473684210526,20.0956937799043,478.468899521531,478.468899521531,0,NA,75.0349012326835,18766.0564971751,20.9039548022599,3.24254215304799,718.052631578947,5.03125706108308,NA,NA,NA,23.030303030303,"Autumn",2502,2354,2.63905732961526,7.89431806384162
70,7001,"Allein","allein",2020-10-01,2020,10,"2020-10","Grand-Combin","Ottobre",4,4,4,92,213,3510,1,3,1.52867716291811,861.944603763788,5.92741406260406,69.1821525488486,210,0,7,-7,13,7,6,1,1,0,0,-1,-2,208,117,208,1.8,0,0,"Nord-ovest",2,"Valle d'Aosta/Vallée d'Aoste","Valle d'Aosta/Vallée d'Aoste",0,23.030303030303,NA,0,71.1864406779661,18.6440677966102,NA,NA,4.78468899521531,100,0,78.9473684210526,20.0956937799043,478.468899521531,478.468899521531,0,NA,75.0349012326835,18766.0564971751,20.9039548022599,3.24254215304799,718.052631578947,5.03125706108308,NA,NA,NA,23.030303030303,"Autumn",2681,3444,1.6094379124341,8.16365617616843
71,7001,"Allein","allein",2020-11-01,2020,11,"2020-11","Grand-Combin","Novembre",0,0,4,92,213,3136,1,3,0.105700923890086,868.400092672174,3.78997476116436,65.9232631929998,210,0,7,-7,13,7,6,1,1,0,0,-1,-2,208,117,208,1.8,0,0,"Nord-ovest",2,"Valle d'Aosta/Vallée d'Aoste","Valle d'Aosta/Vallée d'Aoste",0,23.030303030303,NA,0,71.1864406779661,18.6440677966102,NA,NA,4.78468899521531,100,0,78.9473684210526,20.0956937799043,478.468899521531,478.468899521531,0,NA,75.0349012326835,18766.0564971751,20.9039548022599,3.24254215304799,718.052631578947,5.03125706108308,NA,NA,NA,23.030303030303,"Autumn",3510,3157,0,8.05102220819068
72,7001,"Allein","allein",2020-12-01,2020,12,"2020-12","Grand-Combin","Dicembre",0,0,4,92,213,3295,1,3,0.527635806010002,854.44730568379,-1.88315659490449,74.9571575877488,210,0,7,-7,13,7,6,1,1,0,0,-1,-2,208,117,208,1.8,0,0,"Nord-ovest",2,"Valle d'Aosta/Vallée d'Aoste","Valle d'Aosta/Vallée d'Aoste",0,23.030303030303,NA,0,71.1864406779661,18.6440677966102,NA,NA,4.78468899521531,100,0,78.9473684210526,20.0956937799043,478.468899521531,478.468899521531,0,NA,75.0349012326835,18766.0564971751,20.9039548022599,3.24254215304799,718.052631578947,5.03125706108308,NA,NA,NA,23.030303030303,"Winter",3136,3458,0,8.10046489102936
73,7001,"Allein","allein",2021-01-01,2021,1,"2021-01","Grand-Combin","Gennaio",0,0,4,89,210,2759,1,3,0.81161346289616,855.370247338248,-2.93485228007981,66.7797172679979,208,0,4,-4,11,6,5,2,0,2,0,0,3,211,123,211,1.7,0,0,"Nord-ovest",2,"Valle d'Aosta/Vallée d'Aoste","Valle d'Aosta/Vallée d'Aoste",0,22.8395061728395,NA,0,62.0689655172414,25.8620689655172,NA,NA,4.77326968973747,100,0,77.326968973747,20.5250596658711,477.326968973747,0,0,NA,70.5671928488508,18687.6574585635,23.3333333333333,NA,491.073985680191,5.03295461678488,3.65833277406503,47.0087729961932,51.0526315789474,22.8395061728395,"Winter",3295,3453,0,7.9229859587112
74,7001,"Allein","allein",2021-02-01,2021,2,"2021-02","Grand-Combin","Febbraio",1,1,4,89,210,3409,1,3,0.407798399385799,837.787349153144,0.948435696320445,68.5982247393617,208,0,4,-4,11,6,5,2,0,2,0,0,3,211,123,211,1.7,0,0,"Nord-ovest",2,"Valle d'Aosta/Vallée d'Aoste","Valle d'Aosta/Vallée d'Aoste",0,22.8395061728395,NA,0,62.0689655172414,25.8620689655172,NA,NA,4.77326968973747,100,0,77.326968973747,20.5250596658711,477.326968973747,0,0,NA,70.5671928488508,18687.6574585635,23.3333333333333,NA,491.073985680191,5.03295461678488,3.65833277406503,47.0087729961932,51.0526315789474,22.8395061728395,"Winter",2759,3193,0.693147180559945,8.13446757027756
75,7001,"Allein","allein",2021-03-01,2021,3,"2021-03","Grand-Combin","Marzo",1,0,4,89,210,3590,1,3,0.221708565098373,852.223584632719,2.33190697810289,49.7307588329488,208,0,4,-4,11,6,5,2,0,2,0,0,3,211,123,211,1.7,0,0,"Nord-ovest",2,"Valle d'Aosta/Vallée d'Aoste","Valle d'Aosta/Vallée d'Aoste",0,22.8395061728395,NA,0,62.0689655172414,25.8620689655172,NA,NA,4.77326968973747,100,0,77.326968973747,20.5250596658711,477.326968973747,0,0,NA,70.5671928488508,18687.6574585635,23.3333333333333,NA,491.073985680191,5.03295461678488,3.65833277406503,47.0087729961932,51.0526315789474,22.8395061728395,"Spring",3409,3338,0,8.18618599422608
76,7001,"Allein","allein",2021-04-01,2021,4,"2021-04","Grand-Combin","Aprile",0,0,4,89,210,3192,1,3,0.97383142722583,861.753459634744,3.68981170822404,56.0676919738137,208,0,4,-4,11,6,5,2,0,2,0,0,3,211,123,211,1.7,0,0,"Nord-ovest",2,"Valle d'Aosta/Vallée d'Aoste","Valle d'Aosta/Vallée d'Aoste",0,22.8395061728395,NA,0,62.0689655172414,25.8620689655172,NA,NA,4.77326968973747,100,0,77.326968973747,20.5250596658711,477.326968973747,0,0,NA,70.5671928488508,18687.6574585635,23.3333333333333,NA,491.073985680191,5.03295461678488,3.65833277406503,47.0087729961932,51.0526315789474,22.8395061728395,"Spring",3590,3035,0,8.06871619271478
77,7001,"Allein","allein",2021-05-01,2021,5,"2021-05","Grand-Combin","Maggio",0,0,4,89,210,1845,1,3,1.75669956281792,866.144141255216,7.24562419531357,50.3776286779904,208,0,4,-4,11,6,5,2,0,2,0,0,3,211,123,211,1.7,0,0,"Nord-ovest",2,"Valle d'Aosta/Vallée d'Aoste","Valle d'Aosta/Vallée d'Aoste",0,22.8395061728395,NA,0,62.0689655172414,25.8620689655172,NA,NA,4.77326968973747,100,0,77.326968973747,20.5250596658711,477.326968973747,0,0,NA,70.5671928488508,18687.6574585635,23.3333333333333,NA,491.073985680191,5.03295461678488,3.65833277406503,47.0087729961932,51.0526315789474,22.8395061728395,"Spring",3192,3094,0,7.5207764150628
78,7001,"Allein","allein",2021-06-01,2021,6,"2021-06","Grand-Combin","Giugno",0,0,4,89,210,1944,1,3,1.25110274103133,867.399182053596,14.5239984321991,67.9960479025171,208,0,4,-4,11,6,5,2,0,2,0,0,3,211,123,211,1.7,0,0,"Nord-ovest",2,"Valle d'Aosta/Vallée d'Aoste","Valle d'Aosta/Vallée d'Aoste",0,22.8395061728395,NA,0,62.0689655172414,25.8620689655172,NA,NA,4.77326968973747,100,0,77.326968973747,20.5250596658711,477.326968973747,0,0,NA,70.5671928488508,18687.6574585635,23.3333333333333,NA,491.073985680191,5.03295461678488,3.65833277406503,47.0087729961932,51.0526315789474,22.8395061728395,"Summer",1845,2478,0,7.57301725605255
79,7001,"Allein","allein",2021-07-01,2021,7,"2021-07","Grand-Combin","Luglio",150,50,4,89,210,1876,1,3,1.67736442352146,866.349781790205,15.0651595000619,65.2064684281323,208,0,4,-4,11,6,5,2,0,2,0,0,3,211,123,211,1.7,0,0,"Nord-ovest",2,"Valle d'Aosta/Vallée d'Aoste","Valle d'Aosta/Vallée d'Aoste",0,22.8395061728395,NA,0,62.0689655172414,25.8620689655172,NA,NA,4.77326968973747,100,0,77.326968973747,20.5250596658711,477.326968973747,0,0,NA,70.5671928488508,18687.6574585635,23.3333333333333,NA,491.073985680191,5.03295461678488,3.65833277406503,47.0087729961932,51.0526315789474,22.8395061728395,"Summer",1944,2429,3.93182563272433,7.53743003658651
80,7001,"Allein","allein",2021-08-01,2021,8,"2021-08","Grand-Combin","Agosto",219,64,4,89,210,1863,1,3,0.515091437351676,868.013480305452,15.0589766645342,52.6936647615412,208,0,4,-4,11,6,5,2,0,2,0,0,3,211,123,211,1.7,0,0,"Nord-ovest",2,"Valle d'Aosta/Vallée d'Aoste","Valle d'Aosta/Vallée d'Aoste",0,22.8395061728395,NA,0,62.0689655172414,25.8620689655172,NA,NA,4.77326968973747,100,0,77.326968973747,20.5250596658711,477.326968973747,0,0,NA,70.5671928488508,18687.6574585635,23.3333333333333,NA,491.073985680191,5.03295461678488,3.65833277406503,47.0087729961932,51.0526315789474,22.8395061728395,"Summer",1876,2502,4.17438726989564,7.53047999524554
81,7001,"Allein","allein",2021-09-01,2021,9,"2021-09","Grand-Combin","Settembre",7,1,4,89,210,1814,1,3,1.23999876337709,869.378153954055,12.4447162279986,73.2203905768112,208,0,4,-4,11,6,5,2,0,2,0,0,3,211,123,211,1.7,0,0,"Nord-ovest",2,"Valle d'Aosta/Vallée d'Aoste","Valle d'Aosta/Vallée d'Aoste",0,22.8395061728395,NA,0,62.0689655172414,25.8620689655172,NA,NA,4.77326968973747,100,0,77.326968973747,20.5250596658711,477.326968973747,0,0,NA,70.5671928488508,18687.6574585635,23.3333333333333,NA,491.073985680191,5.03295461678488,3.65833277406503,47.0087729961932,51.0526315789474,22.8395061728395,"Autumn",1863,2681,0.693147180559945,7.50384074669895
82,7001,"Allein","allein",2021-10-01,2021,10,"2021-10","Grand-Combin","Ottobre",0,0,4,89,210,4304,1,3,0.951258486867194,867.459700445985,6.58385802121558,66.2389097868692,208,0,4,-4,11,6,5,2,0,2,0,0,3,211,123,211,1.7,0,0,"Nord-ovest",2,"Valle d'Aosta/Vallée d'Aoste","Valle d'Aosta/Vallée d'Aoste",0,22.8395061728395,NA,0,62.0689655172414,25.8620689655172,NA,NA,4.77326968973747,100,0,77.326968973747,20.5250596658711,477.326968973747,0,0,NA,70.5671928488508,18687.6574585635,23.3333333333333,NA,491.073985680191,5.03295461678488,3.65833277406503,47.0087729961932,51.0526315789474,22.8395061728395,"Autumn",1814,3510,0,8.36753241686183
83,7001,"Allein","allein",2021-11-01,2021,11,"2021-11","Grand-Combin","Novembre",0,0,4,89,210,5256,1,3,0.467111819825418,859.75681610666,2.19393552253409,69.9094872405831,208,0,4,-4,11,6,5,2,0,2,0,0,3,211,123,211,1.7,0,0,"Nord-ovest",2,"Valle d'Aosta/Vallée d'Aoste","Valle d'Aosta/Vallée d'Aoste",0,22.8395061728395,NA,0,62.0689655172414,25.8620689655172,NA,NA,4.77326968973747,100,0,77.326968973747,20.5250596658711,477.326968973747,0,0,NA,70.5671928488508,18687.6574585635,23.3333333333333,NA,491.073985680191,5.03295461678488,3.65833277406503,47.0087729961932,51.0526315789474,22.8395061728395,"Autumn",4304,3136,0,8.56731580081945
84,7001,"Allein","allein",2021-12-01,2021,12,"2021-12","Grand-Combin","Dicembre",12,3,4,89,210,5340,1,3,0.959093397406407,859.507463851244,0.477969015736888,59.141924110483,208,0,4,-4,11,6,5,2,0,2,0,0,3,211,123,211,1.7,0,0,"Nord-ovest",2,"Valle d'Aosta/Vallée d'Aoste","Valle d'Aosta/Vallée d'Aoste",0,22.8395061728395,NA,0,62.0689655172414,25.8620689655172,NA,NA,4.77326968973747,100,0,77.326968973747,20.5250596658711,477.326968973747,0,0,NA,70.5671928488508,18687.6574585635,23.3333333333333,NA,491.073985680191,5.03295461678488,3.65833277406503,47.0087729961932,51.0526315789474,22.8395061728395,"Winter",5256,3295,1.38629436111989,8.58316818033977
85,7001,"Allein","allein",2022-01-01,2022,1,"2022-01","Grand-Combin","Gennaio",16,8,4,89,208,5512,1,3,0.233169773683373,866.657254514406,1.64782556647968,41.9027445656088,211,1,6,-5,12,9,3,0,1,-1,0,0,-3,208,120,208,1.7,0,0,"Nord-ovest",2,"Valle d'Aosta/Vallée d'Aoste","Valle d'Aosta/Vallée d'Aoste",0,20,NA,0,68.5185185185185,29.6296296296296,NA,NA,NA,NA,NA,73.9856801909308,22.9116945107399,477.326968973747,477.326968973747,28.6396181384248,NA,80.8898886153508,18998.92,24.7126436781609,5.96745027124774,NA,5.04,3.32720777735219,48.0054841606461,50.2645502645503,20,"Winter",5340,2759,2.19722457733622,8.61486421858968
86,7001,"Allein","allein",2022-02-01,2022,2,"2022-02","Grand-Combin","Febbraio",37,7,4,89,208,4750,1,3,0.11701933637984,866.626955222501,2.09758242413756,45.2972500247504,211,1,6,-5,12,9,3,0,1,-1,0,0,-3,208,120,208,1.7,0,0,"Nord-ovest",2,"Valle d'Aosta/Vallée d'Aoste","Valle d'Aosta/Vallée d'Aoste",0,20,NA,0,68.5185185185185,29.6296296296296,NA,NA,NA,NA,NA,73.9856801909308,22.9116945107399,477.326968973747,477.326968973747,28.6396181384248,NA,80.8898886153508,18998.92,24.7126436781609,5.96745027124774,NA,5.04,3.32720777735219,48.0054841606461,50.2645502645503,20,"Winter",5512,3409,2.07944154167984,8.46611040118692
87,7001,"Allein","allein",2022-03-01,2022,3,"2022-03","Grand-Combin","Marzo",0,0,4,89,208,5072,1,3,0.43884427705342,868.700948523963,1.5957362265701,56.9185153990328,211,1,6,-5,12,9,3,0,1,-1,0,0,-3,208,120,208,1.7,0,0,"Nord-ovest",2,"Valle d'Aosta/Vallée d'Aoste","Valle d'Aosta/Vallée d'Aoste",0,20,NA,0,68.5185185185185,29.6296296296296,NA,NA,NA,NA,NA,73.9856801909308,22.9116945107399,477.326968973747,477.326968973747,28.6396181384248,NA,80.8898886153508,18998.92,24.7126436781609,5.96745027124774,NA,5.04,3.32720777735219,48.0054841606461,50.2645502645503,20,"Spring",4750,3590,0,8.53168763756669
88,7001,"Allein","allein",2022-04-01,2022,4,"2022-04","Grand-Combin","Aprile",12,6,4,89,208,4799,1,3,0.697688648773191,858.806565048911,5.58760303903362,52.9023084689721,211,1,6,-5,12,9,3,0,1,-1,0,0,-3,208,120,208,1.7,0,0,"Nord-ovest",2,"Valle d'Aosta/Vallée d'Aoste","Valle d'Aosta/Vallée d'Aoste",0,20,NA,0,68.5185185185185,29.6296296296296,NA,NA,NA,NA,NA,73.9856801909308,22.9116945107399,477.326968973747,477.326968973747,28.6396181384248,NA,80.8898886153508,18998.92,24.7126436781609,5.96745027124774,NA,5.04,3.32720777735219,48.0054841606461,50.2645502645503,20,"Spring",5072,3192,1.94591014905531,8.47637119689598
89,7001,"Allein","allein",2022-05-01,2022,5,"2022-05","Grand-Combin","Maggio",13,7,4,89,208,3877,1,3,0.97330997127989,866.221460928757,12.3209485947636,65.6959563874713,211,1,6,-5,12,9,3,0,1,-1,0,0,-3,208,120,208,1.7,0,0,"Nord-ovest",2,"Valle d'Aosta/Vallée d'Aoste","Valle d'Aosta/Vallée d'Aoste",0,20,NA,0,68.5185185185185,29.6296296296296,NA,NA,NA,NA,NA,73.9856801909308,22.9116945107399,477.326968973747,477.326968973747,28.6396181384248,NA,80.8898886153508,18998.92,24.7126436781609,5.96745027124774,NA,5.04,3.32720777735219,48.0054841606461,50.2645502645503,20,"Spring",4799,1845,2.07944154167984,8.2630748358026
90,7001,"Allein","allein",2022-06-01,2022,6,"2022-06","Grand-Combin","Giugno",18,16,4,89,208,2105,1,3,1.39726573714896,866.928443247864,16.0401447095255,60.5107481058751,211,1,6,-5,12,9,3,0,1,-1,0,0,-3,208,120,208,1.7,0,0,"Nord-ovest",2,"Valle d'Aosta/Vallée d'Aoste","Valle d'Aosta/Vallée d'Aoste",0,20,NA,0,68.5185185185185,29.6296296296296,NA,NA,NA,NA,NA,73.9856801909308,22.9116945107399,477.326968973747,477.326968973747,28.6396181384248,NA,80.8898886153508,18998.92,24.7126436781609,5.96745027124774,NA,5.04,3.32720777735219,48.0054841606461,50.2645502645503,20,"Summer",3877,1944,2.83321334405622,7.65254569269392
91,7001,"Allein","allein",2022-07-01,2022,7,"2022-07","Grand-Combin","Luglio",206,66,4,89,208,2173,1,3,0.474510037000723,870.062326241844,19.0936644698835,51.693977106924,211,1,6,-5,12,9,3,0,1,-1,0,0,-3,208,120,208,1.7,0,0,"Nord-ovest",2,"Valle d'Aosta/Vallée d'Aoste","Valle d'Aosta/Vallée d'Aoste",0,20,NA,0,68.5185185185185,29.6296296296296,NA,NA,NA,NA,NA,73.9856801909308,22.9116945107399,477.326968973747,477.326968973747,28.6396181384248,NA,80.8898886153508,18998.92,24.7126436781609,5.96745027124774,NA,5.04,3.32720777735219,48.0054841606461,50.2645502645503,20,"Summer",2105,1876,4.20469261939097,7.68432406768116
92,7001,"Allein","allein",2022-08-01,2022,8,"2022-08","Grand-Combin","Agosto",112,27,4,89,208,1984,1,3,0.563871610851162,868.062234253035,16.9923413648129,61.0924880306762,211,1,6,-5,12,9,3,0,1,-1,0,0,-3,208,120,208,1.7,0,0,"Nord-ovest",2,"Valle d'Aosta/Vallée d'Aoste","Valle d'Aosta/Vallée d'Aoste",0,20,NA,0,68.5185185185185,29.6296296296296,NA,NA,NA,NA,NA,73.9856801909308,22.9116945107399,477.326968973747,477.326968973747,28.6396181384248,NA,80.8898886153508,18998.92,24.7126436781609,5.96745027124774,NA,5.04,3.32720777735219,48.0054841606461,50.2645502645503,20,"Summer",2173,1863,3.3322045101752,7.59337419312129
93,7001,"Allein","allein",2022-09-01,2022,9,"2022-09","Grand-Combin","Settembre",0,0,4,89,208,1941,1,3,0.851148973070492,862.107608280898,11.4114452479736,62.2395037944109,211,1,6,-5,12,9,3,0,1,-1,0,0,-3,208,120,208,1.7,0,0,"Nord-ovest",2,"Valle d'Aosta/Vallée d'Aoste","Valle d'Aosta/Vallée d'Aoste",0,20,NA,0,68.5185185185185,29.6296296296296,NA,NA,NA,NA,NA,73.9856801909308,22.9116945107399,477.326968973747,477.326968973747,28.6396181384248,NA,80.8898886153508,18998.92,24.7126436781609,5.96745027124774,NA,5.04,3.32720777735219,48.0054841606461,50.2645502645503,20,"Autumn",1984,1814,0,7.57147364885127
94,7001,"Allein","allein",2022-10-01,2022,10,"2022-10","Grand-Combin","Ottobre",0,0,4,89,208,2755,1,3,0.527831634717014,869.232586376531,10.2637565054237,73.6439750622065,211,1,6,-5,12,9,3,0,1,-1,0,0,-3,208,120,208,1.7,0,0,"Nord-ovest",2,"Valle d'Aosta/Vallée d'Aoste","Valle d'Aosta/Vallée d'Aoste",0,20,NA,0,68.5185185185185,29.6296296296296,NA,NA,NA,NA,NA,73.9856801909308,22.9116945107399,477.326968973747,477.326968973747,28.6396181384248,NA,80.8898886153508,18998.92,24.7126436781609,5.96745027124774,NA,5.04,3.32720777735219,48.0054841606461,50.2645502645503,20,"Autumn",1941,4304,0,7.92153563213355
95,7001,"Allein","allein",2022-11-01,2022,11,"2022-11","Grand-Combin","Novembre",0,0,4,89,208,3181,1,3,1.36181655844137,862.091464864699,2.98931645665721,65.6038667289815,211,1,6,-5,12,9,3,0,1,-1,0,0,-3,208,120,208,1.7,0,0,"Nord-ovest",2,"Valle d'Aosta/Vallée d'Aoste","Valle d'Aosta/Vallée d'Aoste",0,20,NA,0,68.5185185185185,29.6296296296296,NA,NA,NA,NA,NA,73.9856801909308,22.9116945107399,477.326968973747,477.326968973747,28.6396181384248,NA,80.8898886153508,18998.92,24.7126436781609,5.96745027124774,NA,5.04,3.32720777735219,48.0054841606461,50.2645502645503,20,"Autumn",2755,5256,0,8.06526520889773
96,7001,"Allein","allein",2022-12-01,2022,12,"2022-12","Grand-Combin","Dicembre",24,12,4,89,208,5174,1,3,1.08072090775073,861.100231076192,-1.03589143858653,74.7990284505723,211,1,6,-5,12,9,3,0,1,-1,0,0,-3,208,120,208,1.7,0,0,"Nord-ovest",2,"Valle d'Aosta/Vallée d'Aoste","Valle d'Aosta/Vallée d'Aoste",0,20,NA,0,68.5185185185185,29.6296296296296,NA,NA,NA,NA,NA,73.9856801909308,22.9116945107399,477.326968973747,477.326968973747,28.6396181384248,NA,80.8898886153508,18998.92,24.7126436781609,5.96745027124774,NA,5.04,3.32720777735219,48.0054841606461,50.2645502645503,20,"Winter",3181,5340,2.56494935746154,8.55159461813357
97,7001,"Allein","allein",2023-01-01,2023,1,"2023-01","Grand-Combin","Gennaio",18,4,4,89,211,5381,1,3,0.462786725850733,861.915777760707,-1.14022493200972,58.7635454963184,208,0,1,-1,10,9,1,2,1,1,0,0,1,209,123,209,1.7,0,0,NA,NA,NA,NA,NA,NA,NA,NA,NA,NA,NA,NA,NA,NA,NA,NA,NA,NA,NA,NA,NA,NA,NA,NA,NA,NA,NA,NA,NA,NA,NA,"Winter",5174,5512,1.6094379124341,8.59081533128685
98,7001,"Allein","allein",2023-02-01,2023,2,"2023-02","Grand-Combin","Febbraio",4,2,4,89,211,5079,1,3,0.0724934990883467,867.808203326108,2.07386992711802,51.2686903742837,208,0,1,-1,10,9,1,2,1,1,0,0,1,209,123,209,1.7,0,0,NA,NA,NA,NA,NA,NA,NA,NA,NA,NA,NA,NA,NA,NA,NA,NA,NA,NA,NA,NA,NA,NA,NA,NA,NA,NA,NA,NA,NA,NA,NA,"Winter",5381,4750,1.09861228866811,8.53306654057253
99,7001,"Allein","allein",2023-03-01,2023,3,"2023-03","Grand-Combin","Marzo",6,3,4,89,211,4920,1,3,1.57416240070813,859.474264011666,3.05532126532898,58.0890522521373,208,0,1,-1,10,9,1,2,1,1,0,0,1,209,123,209,1.7,0,0,NA,NA,NA,NA,NA,NA,NA,NA,NA,NA,NA,NA,NA,NA,NA,NA,NA,NA,NA,NA,NA,NA,NA,NA,NA,NA,NA,NA,NA,NA,NA,"Spring",5079,5072,1.38629436111989,8.50126704086598
100,7001,"Allein","allein",2023-04-01,2023,4,"2023-04","Grand-Combin","Aprile",18,9,4,89,211,3996,1,3,1.37076708208752,860.010516175279,5.27106839425941,53.3638299968199,208,0,1,-1,10,9,1,2,1,1,0,0,1,209,123,209,1.7,0,0,NA,NA,NA,NA,NA,NA,NA,NA,NA,NA,NA,NA,NA,NA,NA,NA,NA,NA,NA,NA,NA,NA,NA,NA,NA,NA,NA,NA,NA,NA,NA,"Spring",4920,4799,2.30258509299405,8.29329935871132
101,7001,"Allein","allein",2023-05-01,2023,5,"2023-05","Grand-Combin","Maggio",0,0,4,89,211,4132,1,3,1.57599242434738,865.637317293997,9.78905881080332,69.0708860839102,208,0,1,-1,10,9,1,2,1,1,0,0,1,209,123,209,1.7,0,0,NA,NA,NA,NA,NA,NA,NA,NA,NA,NA,NA,NA,NA,NA,NA,NA,NA,NA,NA,NA,NA,NA,NA,NA,NA,NA,NA,NA,NA,NA,NA,"Spring",3996,3877,0,8.32675881451173
102,7001,"Allein","allein",2023-06-01,2023,6,"2023-06","Grand-Combin","Giugno",8,4,4,89,211,3260,1,3,0.923664901081814,868.123077092016,14.7348608660067,64.8208243826408,208,0,1,-1,10,9,1,2,1,1,0,0,1,209,123,209,1.7,0,0,NA,NA,NA,NA,NA,NA,NA,NA,NA,NA,NA,NA,NA,NA,NA,NA,NA,NA,NA,NA,NA,NA,NA,NA,NA,NA,NA,NA,NA,NA,NA,"Summer",4132,2105,1.6094379124341,8.08978917578932
103,7001,"Allein","allein",2023-07-01,2023,7,"2023-07","Grand-Combin","Luglio",101,43,4,89,211,3082,1,3,0.945650565650276,867.035828126222,17.4109603430873,56.0295018829581,208,0,1,-1,10,9,1,2,1,1,0,0,1,209,123,209,1.7,0,0,NA,NA,NA,NA,NA,NA,NA,NA,NA,NA,NA,NA,NA,NA,NA,NA,NA,NA,NA,NA,NA,NA,NA,NA,NA,NA,NA,NA,NA,NA,NA,"Summer",3260,2173,3.78418963391826,8.03365842788615
104,7001,"Allein","allein",2023-08-01,2023,8,"2023-08","Grand-Combin","Agosto",293,57,4,89,211,2849,1,3,1.51410018407308,869.561307952976,16.7367153608149,55.642099493705,208,0,1,-1,10,9,1,2,1,1,0,0,1,209,123,209,1.7,0,0,NA,NA,NA,NA,NA,NA,NA,NA,NA,NA,NA,NA,NA,NA,NA,NA,NA,NA,NA,NA,NA,NA,NA,NA,NA,NA,NA,NA,NA,NA,NA,"Summer",3082,1984,4.06044301054642,7.9550742732627
105,7001,"Allein","allein",2023-09-01,2023,9,"2023-09","Grand-Combin","Settembre",2,0,4,89,211,2606,1,3,0.962025051965577,860.824737634603,13.6116005931411,68.1398009308301,208,0,1,-1,10,9,1,2,1,1,0,0,1,209,123,209,1.7,0,0,NA,NA,NA,NA,NA,NA,NA,NA,NA,NA,NA,NA,NA,NA,NA,NA,NA,NA,NA,NA,NA,NA,NA,NA,NA,NA,NA,NA,NA,NA,NA,"Autumn",2849,1941,0,7.8659554139335
106,7001,"Allein","allein",2023-10-01,2023,10,"2023-10","Grand-Combin","Ottobre",0,0,4,89,211,2879,1,3,1.56107348693228,862.146192498733,9.67863071484255,64.2688547287611,208,0,1,-1,10,9,1,2,1,1,0,0,1,209,123,209,1.7,0,0,NA,NA,NA,NA,NA,NA,NA,NA,NA,NA,NA,NA,NA,NA,NA,NA,NA,NA,NA,NA,NA,NA,NA,NA,NA,NA,NA,NA,NA,NA,NA,"Autumn",2606,2755,0,7.96554557312999
107,7001,"Allein","allein",2023-11-01,2023,11,"2023-11","Grand-Combin","Novembre",0,0,4,89,211,4337,1,3,1.89397090865734,856.465200441765,2.38441397708348,57.9121480411528,208,0,1,-1,10,9,1,2,1,1,0,0,1,209,123,209,1.7,0,0,NA,NA,NA,NA,NA,NA,NA,NA,NA,NA,NA,NA,NA,NA,NA,NA,NA,NA,NA,NA,NA,NA,NA,NA,NA,NA,NA,NA,NA,NA,NA,"Autumn",2879,3181,0,8.37516869138682
108,7001,"Allein","allein",2023-12-01,2023,12,"2023-12","Grand-Combin","Dicembre",22,12,4,89,211,6343,1,3,1.76332928267933,862.435337177927,1.65607549275435,57.9366579251653,208,0,1,-1,10,9,1,2,1,1,0,0,1,209,123,209,1.7,0,0,NA,NA,NA,NA,NA,NA,NA,NA,NA,NA,NA,NA,NA,NA,NA,NA,NA,NA,NA,NA,NA,NA,NA,NA,NA,NA,NA,NA,NA,NA,NA,"Winter",4337,5174,2.56494935746154,8.75526476331468
109,7001,"Allein","allein",2024-01-01,2024,1,"2024-01","Grand-Combin","Gennaio",59,23,4,89,208,1582152,1,3,0.795196682013841,862.858618726808,1.07357205457976,58.7698552786084,209,1,3,-2,4,4,0,1,3,-2,0,0,-4,205,122,205,1.7,0,0,NA,NA,NA,NA,NA,NA,NA,NA,NA,NA,NA,NA,NA,NA,NA,NA,NA,NA,NA,NA,NA,NA,NA,NA,NA,NA,NA,NA,NA,NA,NA,"Winter",6343,5381,3.17805383034795,14.2742971356548
110,7001,"Allein","allein",2024-02-01,2024,2,"2024-02","Grand-Combin","Febbraio",6,4,4,89,208,NA,1,3,1.33045878711807,860.730387276771,3.44710603078096,61.2294809493868,209,1,3,-2,4,4,0,1,3,-2,0,0,-4,205,122,205,1.7,0,0,NA,NA,NA,NA,NA,NA,NA,NA,NA,NA,NA,NA,NA,NA,NA,NA,NA,NA,NA,NA,NA,NA,NA,NA,NA,NA,NA,NA,NA,NA,NA,"Winter",1582152,5079,1.6094379124341,NA
111,7001,"Allein","allein",2024-03-01,2024,3,"2024-03","Grand-Combin","Marzo",9,9,4,89,208,5273,1,3,1.91656656982504,857.088175692738,2.84930867519579,69.2446542481302,209,1,3,-2,4,4,0,1,3,-2,0,0,-4,205,122,205,1.7,0,0,NA,NA,NA,NA,NA,NA,NA,NA,NA,NA,NA,NA,NA,NA,NA,NA,NA,NA,NA,NA,NA,NA,NA,NA,NA,NA,NA,NA,NA,NA,NA,"Spring",-1571552,4920,2.30258509299405,8.57054436691323
112,7001,"Allein","allein",2024-04-01,2024,4,"2024-04","Grand-Combin","Aprile",12,12,4,89,208,6378,1,3,0.693712124110749,863.453413582119,5.59478965630829,56.4266159346239,209,1,3,-2,4,4,0,1,3,-2,0,0,-4,205,122,205,1.7,0,0,NA,NA,NA,NA,NA,NA,NA,NA,NA,NA,NA,NA,NA,NA,NA,NA,NA,NA,NA,NA,NA,NA,NA,NA,NA,NA,NA,NA,NA,NA,NA,"Spring",5273,3996,2.56494935746154,8.76076662424196
113,7001,"Allein","allein",2024-05-01,2024,5,"2024-05","Grand-Combin","Maggio",2,2,4,89,208,4801,1,3,2.81862338740144,861.834641956306,8.92455704359724,68.3497817773667,209,1,3,-2,4,4,0,1,3,-2,0,0,-4,205,122,205,1.7,0,0,NA,NA,NA,NA,NA,NA,NA,NA,NA,NA,NA,NA,NA,NA,NA,NA,NA,NA,NA,NA,NA,NA,NA,NA,NA,NA,NA,NA,NA,NA,NA,"Spring",6378,4132,1.09861228866811,8.4767877767812
114,7001,"Allein","allein",2024-06-01,2024,6,"2024-06","Grand-Combin","Giugno",72,42,4,89,208,3796,1,3,1.61060633321399,867.927644207675,13.2946885347997,63.1343741749269,209,1,3,-2,4,4,0,1,3,-2,0,0,-4,205,122,205,1.7,0,0,NA,NA,NA,NA,NA,NA,NA,NA,NA,NA,NA,NA,NA,NA,NA,NA,NA,NA,NA,NA,NA,NA,NA,NA,NA,NA,NA,NA,NA,NA,NA,"Summer",4801,3260,3.76120011569356,8.2419665602318
115,7001,"Allein","allein",2024-07-01,2024,7,"2024-07","Grand-Combin","Luglio",256,99,4,89,208,2958,1,3,0.671311516953101,868.750702294286,17.311365566665,59.3496410048429,209,1,3,-2,4,4,0,1,3,-2,0,0,-4,205,122,205,1.7,0,0,NA,NA,NA,NA,NA,NA,NA,NA,NA,NA,NA,NA,NA,NA,NA,NA,NA,NA,NA,NA,NA,NA,NA,NA,NA,NA,NA,NA,NA,NA,NA,"Summer",3796,3082,4.60517018598809,7.99260665240021
116,7001,"Allein","allein",2024-08-01,2024,8,"2024-08","Grand-Combin","Agosto",411,106,4,89,208,3171,1,3,0.484678758491345,867.018082057848,18.001069228198,62.4215693376849,209,1,3,-2,4,4,0,1,3,-2,0,0,-4,205,122,205,1.7,0,0,NA,NA,NA,NA,NA,NA,NA,NA,NA,NA,NA,NA,NA,NA,NA,NA,NA,NA,NA,NA,NA,NA,NA,NA,NA,NA,NA,NA,NA,NA,NA,"Summer",2958,2849,4.67282883446191,8.06211758275474
117,7001,"Allein","allein",2024-09-01,2024,9,"2024-09","Grand-Combin","Settembre",54,21,4,89,208,3349,1,3,1.64791157257214,863.083998430164,10.5858497478208,70.7278513678295,209,1,3,-2,4,4,0,1,3,-2,0,0,-4,205,122,205,1.7,0,0,NA,NA,NA,NA,NA,NA,NA,NA,NA,NA,NA,NA,NA,NA,NA,NA,NA,NA,NA,NA,NA,NA,NA,NA,NA,NA,NA,NA,NA,NA,NA,"Autumn",3171,2606,3.09104245335832,8.11671562481911
118,7001,"Allein","allein",2024-10-01,2024,10,"2024-10","Grand-Combin","Ottobre",7,7,4,89,208,5577,1,3,3.32648307962245,866.455392894967,8.2563339014345,85.7719598422445,209,1,3,-2,4,4,0,1,3,-2,0,0,-4,205,122,205,1.7,0,0,NA,NA,NA,NA,NA,NA,NA,NA,NA,NA,NA,NA,NA,NA,NA,NA,NA,NA,NA,NA,NA,NA,NA,NA,NA,NA,NA,NA,NA,NA,NA,"Autumn",3349,2879,2.07944154167984,8.62658556818743
119,7001,"Allein","allein",2024-11-01,2024,11,"2024-11","Grand-Combin","Novembre",9,9,4,89,208,5053,1,3,1.33771035908081,867.292559411951,2.98034736828927,62.3994952687397,209,1,3,-2,4,4,0,1,3,-2,0,0,-4,205,122,205,1.7,0,0,NA,NA,NA,NA,NA,NA,NA,NA,NA,NA,NA,NA,NA,NA,NA,NA,NA,NA,NA,NA,NA,NA,NA,NA,NA,NA,NA,NA,NA,NA,NA,"Autumn",5577,4337,2.30258509299405,8.52793528794814
120,7001,"Allein","allein",2024-12-01,2024,12,"2024-12","Grand-Combin","Dicembre",14,6,4,89,208,6875,1,3,0.418918715110089,865.383462957259,0.974355533133175,53.0460552614243,209,1,3,-2,4,4,0,1,3,-2,0,0,-4,205,122,205,1.7,0,0,NA,NA,NA,NA,NA,NA,NA,NA,NA,NA,NA,NA,NA,NA,NA,NA,NA,NA,NA,NA,NA,NA,NA,NA,NA,NA,NA,NA,NA,NA,NA,"Winter",5053,6343,1.94591014905531,8.83579236650274
121,7001,"Allein","allein",2025-01-01,2025,1,"2025-01","Grand-Combin","Gennaio",22,16,20,141,208,2721,1,3,1.75802542650745,861.745028375516,-1.07092986396454,71.149952968476,NA,NA,NA,NA,NA,NA,NA,NA,NA,NA,NA,NA,NA,NA,NA,NA,NA,NA,NA,NA,NA,NA,NA,NA,NA,NA,NA,NA,NA,NA,NA,NA,NA,NA,NA,NA,NA,NA,NA,NA,NA,NA,NA,NA,NA,NA,NA,NA,NA,NA,"Winter",6875,1582152,2.83321334405622,7.90912218321141
122,7001,"Allein","allein",2025-02-01,2025,2,"2025-02","Grand-Combin","Febbraio",16,10,20,141,208,2673,1,3,0.296049885429905,865.175154931536,-0.312927528569894,72.6577401159027,NA,NA,NA,NA,NA,NA,NA,NA,NA,NA,NA,NA,NA,NA,NA,NA,NA,NA,NA,NA,NA,NA,NA,NA,NA,NA,NA,NA,NA,NA,NA,NA,NA,NA,NA,NA,NA,NA,NA,NA,NA,NA,NA,NA,NA,NA,NA,NA,NA,NA,"Winter",2721,-1571552,2.39789527279837,7.89133075766189
123,7001,"Allein","allein",2025-03-01,2025,3,"2025-03","Grand-Combin","Marzo",2,2,20,141,208,2976,1,3,1.03290382493743,859.80850552795,2.26657602561864,67.1419467809337,NA,NA,NA,NA,NA,NA,NA,NA,NA,NA,NA,NA,NA,NA,NA,NA,NA,NA,NA,NA,NA,NA,NA,NA,NA,NA,NA,NA,NA,NA,NA,NA,NA,NA,NA,NA,NA,NA,NA,NA,NA,NA,NA,NA,NA,NA,NA,NA,NA,NA,"Spring",2673,5273,1.09861228866811,7.99867136101578
124,7001,"Allein","allein",2025-04-01,2025,4,"2025-04","Grand-Combin","Aprile",16,8,20,141,208,2652,1,3,3.32846839166241,863.875415971998,6.630250390344,64.7977580772971,NA,NA,NA,NA,NA,NA,NA,NA,NA,NA,NA,NA,NA,NA,NA,NA,NA,NA,NA,NA,NA,NA,NA,NA,NA,NA,NA,NA,NA,NA,NA,NA,NA,NA,NA,NA,NA,NA,NA,NA,NA,NA,NA,NA,NA,NA,NA,NA,NA,NA,"Spring",2976,6378,2.19722457733622,7.88344635413774
125,7001,"Allein","allein",2025-05-01,2025,5,"2025-05","Grand-Combin","Maggio",10,8,20,141,208,2628,1,3,1.28297261171857,863.986926525646,10.3467316154084,62.2458182993622,NA,NA,NA,NA,NA,NA,NA,NA,NA,NA,NA,NA,NA,NA,NA,NA,NA,NA,NA,NA,NA,NA,NA,NA,NA,NA,NA,NA,NA,NA,NA,NA,NA,NA,NA,NA,NA,NA,NA,NA,NA,NA,NA,NA,NA,NA,NA,NA,NA,NA,"Spring",2652,4801,2.19722457733622,7.87435882472988
126,7001,"Allein","allein",2025-06-01,2025,6,"2025-06","Grand-Combin","Giugno",0,0,20,141,208,2717,1,3,0.742409393720636,868.114238951995,17.1831751080694,63.0997094184219,NA,NA,NA,NA,NA,NA,NA,NA,NA,NA,NA,NA,NA,NA,NA,NA,NA,NA,NA,NA,NA,NA,NA,NA,NA,NA,NA,NA,NA,NA,NA,NA,NA,NA,NA,NA,NA,NA,NA,NA,NA,NA,NA,NA,NA,NA,NA,NA,NA,NA,"Summer",2628,3796,0,7.90765159471109
127,7001,"Allein","allein",2025-07-01,2025,7,"2025-07","Grand-Combin","Luglio",207,38,20,141,208,2896,1,3,0.64867921526176,866.72031077926,15.7008936852864,59.4862301300344,NA,NA,NA,NA,NA,NA,NA,NA,NA,NA,NA,NA,NA,NA,NA,NA,NA,NA,NA,NA,NA,NA,NA,NA,NA,NA,NA,NA,NA,NA,NA,NA,NA,NA,NA,NA,NA,NA,NA,NA,NA,NA,NA,NA,NA,NA,NA,NA,NA,NA,"Summer",2717,2958,3.66356164612965,7.97143099776935
128,7001,"Allein","allein",2025-08-01,2025,8,"2025-08","Grand-Combin","Agosto",342,120,20,141,208,2942,1,3,1.09465989025595,866.250535542614,16.6608032098791,67.4366801617493,NA,NA,NA,NA,NA,NA,NA,NA,NA,NA,NA,NA,NA,NA,NA,NA,NA,NA,NA,NA,NA,NA,NA,NA,NA,NA,NA,NA,NA,NA,NA,NA,NA,NA,NA,NA,NA,NA,NA,NA,NA,NA,NA,NA,NA,NA,NA,NA,NA,NA,"Summer",2896,3171,4.79579054559674,7.98718474823347
129,7001,"Allein","allein",2025-09-01,2025,9,"2025-09","Grand-Combin","Settembre",44,19,20,141,208,2956,1,3,1.06582614677667,867.369896818499,11.4470598940713,72.2518425722522,NA,NA,NA,NA,NA,NA,NA,NA,NA,NA,NA,NA,NA,NA,NA,NA,NA,NA,NA,NA,NA,NA,NA,NA,NA,NA,NA,NA,NA,NA,NA,NA,NA,NA,NA,NA,NA,NA,NA,NA,NA,NA,NA,NA,NA,NA,NA,NA,NA,NA,"Autumn",2942,3349,2.99573227355399,7.99193051985248
646,7006,"Avise","avise",2015-01-01,2015,1,"2015-01","Grand-Paradis","Gennaio",105,32,5,191,317,136427,NA,NA,NA,NA,NA,NA,NA,NA,NA,NA,NA,NA,NA,NA,NA,NA,NA,NA,NA,NA,NA,NA,NA,NA,NA,"Nord-ovest",2,"Valle d'Aosta/Vallée d'Aoste","Valle d'Aosta/Vallée d'Aoste",0,45.3061224489796,NA,30.7692307692308,NA,NA,NA,NA,6.3391442155309,150,0,77.6545166402536,8.87480190174326,NA,633.91442155309,110.935023771791,NA,NA,18037.1233480176,30.0429184549356,NA,348.570522979398,0.956149403333124,NA,NA,NA,45.3061224489796,"Winter",80184,127107,3.49650756146648,11.8235522819171
647,7006,"Avise","avise",2015-02-01,2015,2,"2015-02","Grand-Paradis","Febbraio",6,2,5,191,317,140445,NA,NA,NA,NA,NA,NA,NA,NA,NA,NA,NA,NA,NA,NA,NA,NA,NA,NA,NA,NA,NA,NA,NA,NA,NA,"Nord-ovest",2,"Valle d'Aosta/Vallée d'Aoste","Valle d'Aosta/Vallée d'Aoste",0,45.3061224489796,NA,30.7692307692308,NA,NA,NA,NA,6.3391442155309,150,0,77.6545166402536,8.87480190174326,NA,633.91442155309,110.935023771791,NA,NA,18037.1233480176,30.0429184549356,NA,348.570522979398,0.956149403333124,NA,NA,NA,45.3061224489796,"Winter",136427,151439,1.09861228866811,11.8525783522407
648,7006,"Avise","avise",2015-03-01,2015,3,"2015-03","Grand-Paradis","Marzo",5,1,5,191,317,130941,NA,NA,NA,NA,NA,NA,NA,NA,NA,NA,NA,NA,NA,NA,NA,NA,NA,NA,NA,NA,NA,NA,NA,NA,NA,"Nord-ovest",2,"Valle d'Aosta/Vallée d'Aoste","Valle d'Aosta/Vallée d'Aoste",0,45.3061224489796,NA,30.7692307692308,NA,NA,NA,NA,6.3391442155309,150,0,77.6545166402536,8.87480190174326,NA,633.91442155309,110.935023771791,NA,NA,18037.1233480176,30.0429184549356,NA,348.570522979398,0.956149403333124,NA,NA,NA,45.3061224489796,"Spring",140445,172586,0.693147180559945,11.7825097560498
649,7006,"Avise","avise",2015-04-01,2015,4,"2015-04","Grand-Paradis","Aprile",1,1,5,191,317,108975,NA,NA,NA,NA,NA,NA,NA,NA,NA,NA,NA,NA,NA,NA,NA,NA,NA,NA,NA,NA,NA,NA,NA,NA,NA,"Nord-ovest",2,"Valle d'Aosta/Vallée d'Aoste","Valle d'Aosta/Vallée d'Aoste",0,45.3061224489796,NA,30.7692307692308,NA,NA,NA,NA,6.3391442155309,150,0,77.6545166402536,8.87480190174326,NA,633.91442155309,110.935023771791,NA,NA,18037.1233480176,30.0429184549356,NA,348.570522979398,0.956149403333124,NA,NA,NA,45.3061224489796,"Spring",130941,170064,0.693147180559945,11.5988829534811
650,7006,"Avise","avise",2015-05-01,2015,5,"2015-05","Grand-Paradis","Maggio",0,0,5,191,317,115388,NA,NA,NA,NA,NA,NA,NA,NA,NA,NA,NA,NA,NA,NA,NA,NA,NA,NA,NA,NA,NA,NA,NA,NA,NA,"Nord-ovest",2,"Valle d'Aosta/Vallée d'Aoste","Valle d'Aosta/Vallée d'Aoste",0,45.3061224489796,NA,30.7692307692308,NA,NA,NA,NA,6.3391442155309,150,0,77.6545166402536,8.87480190174326,NA,633.91442155309,110.935023771791,NA,NA,18037.1233480176,30.0429184549356,NA,348.570522979398,0.956149403333124,NA,NA,NA,45.3061224489796,"Spring",108975,142596,0,11.6560643078889
651,7006,"Avise","avise",2015-06-01,2015,6,"2015-06","Grand-Paradis","Giugno",73,46,5,191,317,92387,NA,NA,NA,NA,NA,NA,NA,NA,NA,NA,NA,NA,NA,NA,NA,NA,NA,NA,NA,NA,NA,NA,NA,NA,NA,"Nord-ovest",2,"Valle d'Aosta/Vallée d'Aoste","Valle d'Aosta/Vallée d'Aoste",0,45.3061224489796,NA,30.7692307692308,NA,NA,NA,NA,6.3391442155309,150,0,77.6545166402536,8.87480190174326,NA,633.91442155309,110.935023771791,NA,NA,18037.1233480176,30.0429184549356,NA,348.570522979398,0.956149403333124,NA,NA,NA,45.3061224489796,"Summer",115388,140436,3.85014760171006,11.433752379066
652,7006,"Avise","avise",2015-07-01,2015,7,"2015-07","Grand-Paradis","Luglio",589,133,5,191,317,114185,NA,NA,NA,NA,NA,NA,NA,NA,NA,NA,NA,NA,NA,NA,NA,NA,NA,NA,NA,NA,NA,NA,NA,NA,NA,"Nord-ovest",2,"Valle d'Aosta/Vallée d'Aoste","Valle d'Aosta/Vallée d'Aoste",0,45.3061224489796,NA,30.7692307692308,NA,NA,NA,NA,6.3391442155309,150,0,77.6545166402536,8.87480190174326,NA,633.91442155309,110.935023771791,NA,NA,18037.1233480176,30.0429184549356,NA,348.570522979398,0.956149403333124,NA,NA,NA,45.3061224489796,"Summer",92387,124589,4.89783979995091,11.6455839767451
653,7006,"Avise","avise",2015-08-01,2015,8,"2015-08","Grand-Paradis","Agosto",465,135,5,191,317,96179,NA,NA,NA,NA,NA,NA,NA,NA,NA,NA,NA,NA,NA,NA,NA,NA,NA,NA,NA,NA,NA,NA,NA,NA,NA,"Nord-ovest",2,"Valle d'Aosta/Vallée d'Aoste","Valle d'Aosta/Vallée d'Aoste",0,45.3061224489796,NA,30.7692307692308,NA,NA,NA,NA,6.3391442155309,150,0,77.6545166402536,8.87480190174326,NA,633.91442155309,110.935023771791,NA,NA,18037.1233480176,30.0429184549356,NA,348.570522979398,0.956149403333124,NA,NA,NA,45.3061224489796,"Summer",114185,114012,4.91265488573605,11.4739767148317
654,7006,"Avise","avise",2015-09-01,2015,9,"2015-09","Grand-Paradis","Settembre",21,6,5,191,317,109124,NA,NA,NA,NA,NA,NA,NA,NA,NA,NA,NA,NA,NA,NA,NA,NA,NA,NA,NA,NA,NA,NA,NA,NA,NA,"Nord-ovest",2,"Valle d'Aosta/Vallée d'Aoste","Valle d'Aosta/Vallée d'Aoste",0,45.3061224489796,NA,30.7692307692308,NA,NA,NA,NA,6.3391442155309,150,0,77.6545166402536,8.87480190174326,NA,633.91442155309,110.935023771791,NA,NA,18037.1233480176,30.0429184549356,NA,348.570522979398,0.956149403333124,NA,NA,NA,45.3061224489796,"Autumn",96179,112558,1.94591014905531,11.6002492931419
655,7006,"Avise","avise",2015-10-01,2015,10,"2015-10","Grand-Paradis","Ottobre",16,16,5,191,317,124112,NA,NA,NA,NA,NA,NA,NA,NA,NA,NA,NA,NA,NA,NA,NA,NA,NA,NA,NA,NA,NA,NA,NA,NA,NA,"Nord-ovest",2,"Valle d'Aosta/Vallée d'Aoste","Valle d'Aosta/Vallée d'Aoste",0,45.3061224489796,NA,30.7692307692308,NA,NA,NA,NA,6.3391442155309,150,0,77.6545166402536,8.87480190174326,NA,633.91442155309,110.935023771791,NA,NA,18037.1233480176,30.0429184549356,NA,348.570522979398,0.956149403333124,NA,NA,NA,45.3061224489796,"Autumn",109124,130991,2.83321334405622,11.7289477199368
656,7006,"Avise","avise",2015-11-01,2015,11,"2015-11","Grand-Paradis","Novembre",8,6,5,191,317,125564,NA,NA,NA,NA,NA,NA,NA,NA,NA,NA,NA,NA,NA,NA,NA,NA,NA,NA,NA,NA,NA,NA,NA,NA,NA,"Nord-ovest",2,"Valle d'Aosta/Vallée d'Aoste","Valle d'Aosta/Vallée d'Aoste",0,45.3061224489796,NA,30.7692307692308,NA,NA,NA,NA,6.3391442155309,150,0,77.6545166402536,8.87480190174326,NA,633.91442155309,110.935023771791,NA,NA,18037.1233480176,30.0429184549356,NA,348.570522979398,0.956149403333124,NA,NA,NA,45.3061224489796,"Autumn",124112,139053,1.94591014905531,11.7405788317623
657,7006,"Avise","avise",2015-12-01,2015,12,"2015-12","Grand-Paradis","Dicembre",131,61,5,191,317,141411,NA,NA,NA,NA,NA,NA,NA,NA,NA,NA,NA,NA,NA,NA,NA,NA,NA,NA,NA,NA,NA,NA,NA,NA,NA,"Nord-ovest",2,"Valle d'Aosta/Vallée d'Aoste","Valle d'Aosta/Vallée d'Aoste",0,45.3061224489796,NA,30.7692307692308,NA,NA,NA,NA,6.3391442155309,150,0,77.6545166402536,8.87480190174326,NA,633.91442155309,110.935023771791,NA,NA,18037.1233480176,30.0429184549356,NA,348.570522979398,0.956149403333124,NA,NA,NA,45.3061224489796,"Winter",125564,80184,4.12713438504509,11.8594328944731
658,7006,"Avise","avise",2016-01-01,2016,1,"2016-01","Grand-Paradis","Gennaio",131,12,4,67,305,148164,NA,NA,NA,NA,NA,NA,NA,NA,NA,NA,NA,NA,NA,NA,NA,NA,NA,NA,NA,NA,NA,NA,NA,NA,NA,"Nord-ovest",2,"Valle d'Aosta/Vallée d'Aoste","Valle d'Aosta/Vallée d'Aoste",0,45.1882845188285,NA,33.3333333333333,NA,NA,NA,NA,3.27332242225859,100,0,78.2324058919804,10.1472995090016,NA,NA,NA,NA,NA,18309.6055045872,29.5964125560538,NA,261.224222585925,0.981984909202498,NA,NA,NA,45.1882845188285,"Winter",141411,136427,2.56494935746154,11.9060817966108
659,7006,"Avise","avise",2016-02-01,2016,2,"2016-02","Grand-Paradis","Febbraio",2,2,4,67,305,134427,NA,NA,NA,NA,NA,NA,NA,NA,NA,NA,NA,NA,NA,NA,NA,NA,NA,NA,NA,NA,NA,NA,NA,NA,NA,"Nord-ovest",2,"Valle d'Aosta/Vallée d'Aoste","Valle d'Aosta/Vallée d'Aoste",0,45.1882845188285,NA,33.3333333333333,NA,NA,NA,NA,3.27332242225859,100,0,78.2324058919804,10.1472995090016,NA,NA,NA,NA,NA,18309.6055045872,29.5964125560538,NA,261.224222585925,0.981984909202498,NA,NA,NA,45.1882845188285,"Winter",148164,140445,1.09861228866811,11.8087840187061
660,7006,"Avise","avise",2016-03-01,2016,3,"2016-03","Grand-Paradis","Marzo",15,15,4,67,305,131068,NA,NA,NA,NA,NA,NA,NA,NA,NA,NA,NA,NA,NA,NA,NA,NA,NA,NA,NA,NA,NA,NA,NA,NA,NA,"Nord-ovest",2,"Valle d'Aosta/Vallée d'Aoste","Valle d'Aosta/Vallée d'Aoste",0,45.1882845188285,NA,33.3333333333333,NA,NA,NA,NA,3.27332242225859,100,0,78.2324058919804,10.1472995090016,NA,NA,NA,NA,NA,18309.6055045872,29.5964125560538,NA,261.224222585925,0.981984909202498,NA,NA,NA,45.1882845188285,"Spring",134427,130941,2.77258872223978,11.7834791810735
661,7006,"Avise","avise",2016-04-01,2016,4,"2016-04","Grand-Paradis","Aprile",11,2,4,67,305,109636,NA,NA,NA,NA,NA,NA,NA,NA,NA,NA,NA,NA,NA,NA,NA,NA,NA,NA,NA,NA,NA,NA,NA,NA,NA,"Nord-ovest",2,"Valle d'Aosta/Vallée d'Aoste","Valle d'Aosta/Vallée d'Aoste",0,45.1882845188285,NA,33.3333333333333,NA,NA,NA,NA,3.27332242225859,100,0,78.2324058919804,10.1472995090016,NA,NA,NA,NA,NA,18309.6055045872,29.5964125560538,NA,261.224222585925,0.981984909202498,NA,NA,NA,45.1882845188285,"Spring",131068,108975,1.09861228866811,11.6049301877658
662,7006,"Avise","avise",2016-05-01,2016,5,"2016-05","Grand-Paradis","Maggio",6,6,4,67,305,111125,NA,NA,NA,NA,NA,NA,NA,NA,NA,NA,NA,NA,NA,NA,NA,NA,NA,NA,NA,NA,NA,NA,NA,NA,NA,"Nord-ovest",2,"Valle d'Aosta/Vallée d'Aoste","Valle d'Aosta/Vallée d'Aoste",0,45.1882845188285,NA,33.3333333333333,NA,NA,NA,NA,3.27332242225859,100,0,78.2324058919804,10.1472995090016,NA,NA,NA,NA,NA,18309.6055045872,29.5964125560538,NA,261.224222585925,0.981984909202498,NA,NA,NA,45.1882845188285,"Spring",109636,115388,1.94591014905531,11.6184199716509
663,7006,"Avise","avise",2016-06-01,2016,6,"2016-06","Grand-Paradis","Giugno",16,12,4,67,305,91706,NA,NA,NA,NA,NA,NA,NA,NA,NA,NA,NA,NA,NA,NA,NA,NA,NA,NA,NA,NA,NA,NA,NA,NA,NA,"Nord-ovest",2,"Valle d'Aosta/Vallée d'Aoste","Valle d'Aosta/Vallée d'Aoste",0,45.1882845188285,NA,33.3333333333333,NA,NA,NA,NA,3.27332242225859,100,0,78.2324058919804,10.1472995090016,NA,NA,NA,NA,NA,18309.6055045872,29.5964125560538,NA,261.224222585925,0.981984909202498,NA,NA,NA,45.1882845188285,"Summer",111125,92387,2.56494935746154,11.426353991209
664,7006,"Avise","avise",2016-07-01,2016,7,"2016-07","Grand-Paradis","Luglio",431,127,4,67,305,97181,NA,NA,NA,NA,NA,NA,NA,NA,NA,NA,NA,NA,NA,NA,NA,NA,NA,NA,NA,NA,NA,NA,NA,NA,NA,"Nord-ovest",2,"Valle d'Aosta/Vallée d'Aoste","Valle d'Aosta/Vallée d'Aoste",0,45.1882845188285,NA,33.3333333333333,NA,NA,NA,NA,3.27332242225859,100,0,78.2324058919804,10.1472995090016,NA,NA,NA,NA,NA,18309.6055045872,29.5964125560538,NA,261.224222585925,0.981984909202498,NA,NA,NA,45.1882845188285,"Summer",91706,114185,4.85203026391962,11.4843407881145
665,7006,"Avise","avise",2016-08-01,2016,8,"2016-08","Grand-Paradis","Agosto",474,159,4,67,305,107423,NA,NA,NA,NA,NA,NA,NA,NA,NA,NA,NA,NA,NA,NA,NA,NA,NA,NA,NA,NA,NA,NA,NA,NA,NA,"Nord-ovest",2,"Valle d'Aosta/Vallée d'Aoste","Valle d'Aosta/Vallée d'Aoste",0,45.1882845188285,NA,33.3333333333333,NA,NA,NA,NA,3.27332242225859,100,0,78.2324058919804,10.1472995090016,NA,NA,NA,NA,NA,18309.6055045872,29.5964125560538,NA,261.224222585925,0.981984909202498,NA,NA,NA,45.1882845188285,"Summer",97181,96179,5.07517381523383,11.5845388997798
666,7006,"Avise","avise",2016-09-01,2016,9,"2016-09","Grand-Paradis","Settembre",75,25,4,67,305,117368,NA,NA,NA,NA,NA,NA,NA,NA,NA,NA,NA,NA,NA,NA,NA,NA,NA,NA,NA,NA,NA,NA,NA,NA,NA,"Nord-ovest",2,"Valle d'Aosta/Vallée d'Aoste","Valle d'Aosta/Vallée d'Aoste",0,45.1882845188285,NA,33.3333333333333,NA,NA,NA,NA,3.27332242225859,100,0,78.2324058919804,10.1472995090016,NA,NA,NA,NA,NA,18309.6055045872,29.5964125560538,NA,261.224222585925,0.981984909202498,NA,NA,NA,45.1882845188285,"Autumn",107423,109124,3.25809653802148,11.6730780969931
667,7006,"Avise","avise",2016-10-01,2016,10,"2016-10","Grand-Paradis","Ottobre",10,10,4,67,305,132246,NA,NA,NA,NA,NA,NA,NA,NA,NA,NA,NA,NA,NA,NA,NA,NA,NA,NA,NA,NA,NA,NA,NA,NA,NA,"Nord-ovest",2,"Valle d'Aosta/Vallée d'Aoste","Valle d'Aosta/Vallée d'Aoste",0,45.1882845188285,NA,33.3333333333333,NA,NA,NA,NA,3.27332242225859,100,0,78.2324058919804,10.1472995090016,NA,NA,NA,NA,NA,18309.6055045872,29.5964125560538,NA,261.224222585925,0.981984909202498,NA,NA,NA,45.1882845188285,"Autumn",117368,124112,2.39789527279837,11.7924266651532
668,7006,"Avise","avise",2016-11-01,2016,11,"2016-11","Grand-Paradis","Novembre",5,5,4,67,305,131223,NA,NA,NA,NA,NA,NA,NA,NA,NA,NA,NA,NA,NA,NA,NA,NA,NA,NA,NA,NA,NA,NA,NA,NA,NA,"Nord-ovest",2,"Valle d'Aosta/Vallée d'Aoste","Valle d'Aosta/Vallée d'Aoste",0,45.1882845188285,NA,33.3333333333333,NA,NA,NA,NA,3.27332242225859,100,0,78.2324058919804,10.1472995090016,NA,NA,NA,NA,NA,18309.6055045872,29.5964125560538,NA,261.224222585925,0.981984909202498,NA,NA,NA,45.1882845188285,"Autumn",132246,125564,1.79175946922805,11.7846610655923
669,7006,"Avise","avise",2016-12-01,2016,12,"2016-12","Grand-Paradis","Dicembre",83,42,4,67,305,141251,NA,NA,NA,NA,NA,NA,NA,NA,NA,NA,NA,NA,NA,NA,NA,NA,NA,NA,NA,NA,NA,NA,NA,NA,NA,"Nord-ovest",2,"Valle d'Aosta/Vallée d'Aoste","Valle d'Aosta/Vallée d'Aoste",0,45.1882845188285,NA,33.3333333333333,NA,NA,NA,NA,3.27332242225859,100,0,78.2324058919804,10.1472995090016,NA,NA,NA,NA,NA,18309.6055045872,29.5964125560538,NA,261.224222585925,0.981984909202498,NA,NA,NA,45.1882845188285,"Winter",131223,141411,3.76120011569356,11.8583008082005
670,7006,"Avise","avise",2017-01-01,2017,1,"2017-01","Grand-Paradis","Gennaio",23,6,5,69,297,144425,NA,NA,NA,NA,NA,NA,NA,NA,NA,NA,NA,NA,NA,NA,NA,NA,NA,NA,NA,NA,NA,NA,NA,NA,NA,"Nord-ovest",2,"Valle d'Aosta/Vallée d'Aoste","Valle d'Aosta/Vallée d'Aoste",0,44.2148760330579,NA,33.3333333333333,NA,NA,NA,NA,3.33889816360601,100,0,80.8013355592654,10.6844741235392,NA,667.779632721202,126.878130217028,NA,NA,17653.5945945946,30.9012875536481,NA,301.699499165275,0.98744086184948,NA,NA,NA,44.2148760330579,"Winter",141251,148164,1.94591014905531,11.8805225446345
671,7006,"Avise","avise",2017-02-01,2017,2,"2017-02","Grand-Paradis","Febbraio",11,5,5,69,297,125933,NA,NA,NA,NA,NA,NA,NA,NA,NA,NA,NA,NA,NA,NA,NA,NA,NA,NA,NA,NA,NA,NA,NA,NA,NA,"Nord-ovest",2,"Valle d'Aosta/Vallée d'Aoste","Valle d'Aosta/Vallée d'Aoste",0,44.2148760330579,NA,33.3333333333333,NA,NA,NA,NA,3.33889816360601,100,0,80.8013355592654,10.6844741235392,NA,667.779632721202,126.878130217028,NA,NA,17653.5945945946,30.9012875536481,NA,301.699499165275,0.98744086184948,NA,NA,NA,44.2148760330579,"Winter",144425,134427,1.79175946922805,11.7435132391737
672,7006,"Avise","avise",2017-03-01,2017,3,"2017-03","Grand-Paradis","Marzo",7,7,5,69,297,78200,NA,NA,NA,NA,NA,NA,NA,NA,NA,NA,NA,NA,NA,NA,NA,NA,NA,NA,NA,NA,NA,NA,NA,NA,NA,"Nord-ovest",2,"Valle d'Aosta/Vallée d'Aoste","Valle d'Aosta/Vallée d'Aoste",0,44.2148760330579,NA,33.3333333333333,NA,NA,NA,NA,3.33889816360601,100,0,80.8013355592654,10.6844741235392,NA,667.779632721202,126.878130217028,NA,NA,17653.5945945946,30.9012875536481,NA,301.699499165275,0.98744086184948,NA,NA,NA,44.2148760330579,"Spring",125933,131068,2.07944154167984,11.2670377141754
673,7006,"Avise","avise",2017-04-01,2017,4,"2017-04","Grand-Paradis","Aprile",4,2,5,69,297,73181,NA,NA,NA,NA,NA,NA,NA,NA,NA,NA,NA,NA,NA,NA,NA,NA,NA,NA,NA,NA,NA,NA,NA,NA,NA,"Nord-ovest",2,"Valle d'Aosta/Vallée d'Aoste","Valle d'Aosta/Vallée d'Aoste",0,44.2148760330579,NA,33.3333333333333,NA,NA,NA,NA,3.33889816360601,100,0,80.8013355592654,10.6844741235392,NA,667.779632721202,126.878130217028,NA,NA,17653.5945945946,30.9012875536481,NA,301.699499165275,0.98744086184948,NA,NA,NA,44.2148760330579,"Spring",78200,109636,1.09861228866811,11.2007047680713
674,7006,"Avise","avise",2017-05-01,2017,5,"2017-05","Grand-Paradis","Maggio",0,0,5,69,297,61244,NA,NA,NA,NA,NA,NA,NA,NA,NA,NA,NA,NA,NA,NA,NA,NA,NA,NA,NA,NA,NA,NA,NA,NA,NA,"Nord-ovest",2,"Valle d'Aosta/Vallée d'Aoste","Valle d'Aosta/Vallée d'Aoste",0,44.2148760330579,NA,33.3333333333333,NA,NA,NA,NA,3.33889816360601,100,0,80.8013355592654,10.6844741235392,NA,667.779632721202,126.878130217028,NA,NA,17653.5945945946,30.9012875536481,NA,301.699499165275,0.98744086184948,NA,NA,NA,44.2148760330579,"Spring",73181,111125,0,11.0226374924218
675,7006,"Avise","avise",2017-06-01,2017,6,"2017-06","Grand-Paradis","Giugno",58,45,5,69,297,42353,NA,NA,NA,NA,NA,NA,NA,NA,NA,NA,NA,NA,NA,NA,NA,NA,NA,NA,NA,NA,NA,NA,NA,NA,NA,"Nord-ovest",2,"Valle d'Aosta/Vallée d'Aoste","Valle d'Aosta/Vallée d'Aoste",0,44.2148760330579,NA,33.3333333333333,NA,NA,NA,NA,3.33889816360601,100,0,80.8013355592654,10.6844741235392,NA,667.779632721202,126.878130217028,NA,NA,17653.5945945946,30.9012875536481,NA,301.699499165275,0.98744086184948,NA,NA,NA,44.2148760330579,"Summer",61244,91706,3.8286413964891,10.6538181466235
676,7006,"Avise","avise",2017-07-01,2017,7,"2017-07","Grand-Paradis","Luglio",550,145,5,69,297,52495,NA,NA,NA,NA,NA,NA,NA,NA,NA,NA,NA,NA,NA,NA,NA,NA,NA,NA,NA,NA,NA,NA,NA,NA,NA,"Nord-ovest",2,"Valle d'Aosta/Vallée d'Aoste","Valle d'Aosta/Vallée d'Aoste",0,44.2148760330579,NA,33.3333333333333,NA,NA,NA,NA,3.33889816360601,100,0,80.8013355592654,10.6844741235392,NA,667.779632721202,126.878130217028,NA,NA,17653.5945945946,30.9012875536481,NA,301.699499165275,0.98744086184948,NA,NA,NA,44.2148760330579,"Summer",42353,97181,4.98360662170834,10.8684922552009
677,7006,"Avise","avise",2017-08-01,2017,8,"2017-08","Grand-Paradis","Agosto",334,126,5,69,297,53153,NA,NA,NA,NA,NA,NA,NA,NA,NA,NA,NA,NA,NA,NA,NA,NA,NA,NA,NA,NA,NA,NA,NA,NA,NA,"Nord-ovest",2,"Valle d'Aosta/Vallée d'Aoste","Valle d'Aosta/Vallée d'Aoste",0,44.2148760330579,NA,33.3333333333333,NA,NA,NA,NA,3.33889816360601,100,0,80.8013355592654,10.6844741235392,NA,667.779632721202,126.878130217028,NA,NA,17653.5945945946,30.9012875536481,NA,301.699499165275,0.98744086184948,NA,NA,NA,44.2148760330579,"Summer",52495,107423,4.84418708645859,10.8809486396401
678,7006,"Avise","avise",2017-09-01,2017,9,"2017-09","Grand-Paradis","Settembre",34,19,5,69,297,63142,NA,NA,NA,NA,NA,NA,NA,NA,NA,NA,NA,NA,NA,NA,NA,NA,NA,NA,NA,NA,NA,NA,NA,NA,NA,"Nord-ovest",2,"Valle d'Aosta/Vallée d'Aoste","Valle d'Aosta/Vallée d'Aoste",0,44.2148760330579,NA,33.3333333333333,NA,NA,NA,NA,3.33889816360601,100,0,80.8013355592654,10.6844741235392,NA,667.779632721202,126.878130217028,NA,NA,17653.5945945946,30.9012875536481,NA,301.699499165275,0.98744086184948,NA,NA,NA,44.2148760330579,"Autumn",53153,117368,2.99573227355399,11.0531572744454
679,7006,"Avise","avise",2017-10-01,2017,10,"2017-10","Grand-Paradis","Ottobre",14,3,5,69,297,80197,NA,NA,NA,NA,NA,NA,NA,NA,NA,NA,NA,NA,NA,NA,NA,NA,NA,NA,NA,NA,NA,NA,NA,NA,NA,"Nord-ovest",2,"Valle d'Aosta/Vallée d'Aoste","Valle d'Aosta/Vallée d'Aoste",0,44.2148760330579,NA,33.3333333333333,NA,NA,NA,NA,3.33889816360601,100,0,80.8013355592654,10.6844741235392,NA,667.779632721202,126.878130217028,NA,NA,17653.5945945946,30.9012875536481,NA,301.699499165275,0.98744086184948,NA,NA,NA,44.2148760330579,"Autumn",63142,132246,1.38629436111989,11.2922538558878
680,7006,"Avise","avise",2017-11-01,2017,11,"2017-11","Grand-Paradis","Novembre",0,0,5,69,297,102398,NA,NA,NA,NA,NA,NA,NA,NA,NA,NA,NA,NA,NA,NA,NA,NA,NA,NA,NA,NA,NA,NA,NA,NA,NA,"Nord-ovest",2,"Valle d'Aosta/Vallée d'Aoste","Valle d'Aosta/Vallée d'Aoste",0,44.2148760330579,NA,33.3333333333333,NA,NA,NA,NA,3.33889816360601,100,0,80.8013355592654,10.6844741235392,NA,667.779632721202,126.878130217028,NA,NA,17653.5945945946,30.9012875536481,NA,301.699499165275,0.98744086184948,NA,NA,NA,44.2148760330579,"Autumn",80197,131223,0,11.5366322259149
681,7006,"Avise","avise",2017-12-01,2017,12,"2017-12","Grand-Paradis","Dicembre",90,42,5,69,297,112847,NA,NA,NA,NA,NA,NA,NA,NA,NA,NA,NA,NA,NA,NA,NA,NA,NA,NA,NA,NA,NA,NA,NA,NA,NA,"Nord-ovest",2,"Valle d'Aosta/Vallée d'Aoste","Valle d'Aosta/Vallée d'Aoste",0,44.2148760330579,NA,33.3333333333333,NA,NA,NA,NA,3.33889816360601,100,0,80.8013355592654,10.6844741235392,NA,667.779632721202,126.878130217028,NA,NA,17653.5945945946,30.9012875536481,NA,301.699499165275,0.98744086184948,NA,NA,NA,44.2148760330579,"Winter",102398,141251,3.76120011569356,11.633797059448
682,7006,"Avise","avise",2018-01-01,2018,1,"2018-01","Grand-Paradis","Gennaio",62,9,5,72,298,102279,NA,NA,NA,NA,NA,NA,NA,NA,NA,NA,NA,NA,NA,NA,NA,NA,NA,NA,NA,NA,NA,NA,NA,NA,NA,"Nord-ovest",2,"Valle d'Aosta/Vallée d'Aoste","Valle d'Aosta/Vallée d'Aoste",0,40,NA,35.2941176470588,64.0449438202247,22.4719101123595,NA,NA,3.28407224958949,200,0,80.4597701149425,9.85221674876847,NA,0,0,NA,NA,18082.2869565217,28.6919831223629,NA,366.229885057471,0.987643528530868,NA,NA,NA,40,"Winter",112847,144425,2.30258509299405,11.5354694294051
683,7006,"Avise","avise",2018-02-01,2018,2,"2018-02","Grand-Paradis","Febbraio",0,0,5,72,298,94784,NA,NA,NA,NA,NA,NA,NA,NA,NA,NA,NA,NA,NA,NA,NA,NA,NA,NA,NA,NA,NA,NA,NA,NA,NA,"Nord-ovest",2,"Valle d'Aosta/Vallée d'Aoste","Valle d'Aosta/Vallée d'Aoste",0,40,NA,35.2941176470588,64.0449438202247,22.4719101123595,NA,NA,3.28407224958949,200,0,80.4597701149425,9.85221674876847,NA,0,0,NA,NA,18082.2869565217,28.6919831223629,NA,366.229885057471,0.987643528530868,NA,NA,NA,40,"Winter",102279,125933,0,11.4593664478757
684,7006,"Avise","avise",2018-03-01,2018,3,"2018-03","Grand-Paradis","Marzo",11,5,5,72,298,108026,NA,NA,NA,NA,NA,NA,NA,NA,NA,NA,NA,NA,NA,NA,NA,NA,NA,NA,NA,NA,NA,NA,NA,NA,NA,"Nord-ovest",2,"Valle d'Aosta/Vallée d'Aoste","Valle d'Aosta/Vallée d'Aoste",0,40,NA,35.2941176470588,64.0449438202247,22.4719101123595,NA,NA,3.28407224958949,200,0,80.4597701149425,9.85221674876847,NA,0,0,NA,NA,18082.2869565217,28.6919831223629,NA,366.229885057471,0.987643528530868,NA,NA,NA,40,"Spring",94784,78200,1.79175946922805,11.5901364748616
685,7006,"Avise","avise",2018-04-01,2018,4,"2018-04","Grand-Paradis","Aprile",5,3,5,72,298,83922,NA,NA,NA,NA,NA,NA,NA,NA,NA,NA,NA,NA,NA,NA,NA,NA,NA,NA,NA,NA,NA,NA,NA,NA,NA,"Nord-ovest",2,"Valle d'Aosta/Vallée d'Aoste","Valle d'Aosta/Vallée d'Aoste",0,40,NA,35.2941176470588,64.0449438202247,22.4719101123595,NA,NA,3.28407224958949,200,0,80.4597701149425,9.85221674876847,NA,0,0,NA,NA,18082.2869565217,28.6919831223629,NA,366.229885057471,0.987643528530868,NA,NA,NA,40,"Spring",108026,73181,1.38629436111989,11.337654990763
686,7006,"Avise","avise",2018-05-01,2018,5,"2018-05","Grand-Paradis","Maggio",10,10,5,72,298,52297,NA,NA,NA,NA,NA,NA,NA,NA,NA,NA,NA,NA,NA,NA,NA,NA,NA,NA,NA,NA,NA,NA,NA,NA,NA,"Nord-ovest",2,"Valle d'Aosta/Vallée d'Aoste","Valle d'Aosta/Vallée d'Aoste",0,40,NA,35.2941176470588,64.0449438202247,22.4719101123595,NA,NA,3.28407224958949,200,0,80.4597701149425,9.85221674876847,NA,0,0,NA,NA,18082.2869565217,28.6919831223629,NA,366.229885057471,0.987643528530868,NA,NA,NA,40,"Spring",83922,61244,2.39789527279837,10.864713408404
687,7006,"Avise","avise",2018-06-01,2018,6,"2018-06","Grand-Paradis","Giugno",71,39,5,72,298,46901,NA,NA,NA,NA,NA,NA,NA,NA,NA,NA,NA,NA,NA,NA,NA,NA,NA,NA,NA,NA,NA,NA,NA,NA,NA,"Nord-ovest",2,"Valle d'Aosta/Vallée d'Aoste","Valle d'Aosta/Vallée d'Aoste",0,40,NA,35.2941176470588,64.0449438202247,22.4719101123595,NA,NA,3.28407224958949,200,0,80.4597701149425,9.85221674876847,NA,0,0,NA,NA,18082.2869565217,28.6919831223629,NA,366.229885057471,0.987643528530868,NA,NA,NA,40,"Summer",52297,42353,3.68887945411394,10.7558155974484
688,7006,"Avise","avise",2018-07-01,2018,7,"2018-07","Grand-Paradis","Luglio",644,127,5,72,298,48692,NA,NA,NA,NA,NA,NA,NA,NA,NA,NA,NA,NA,NA,NA,NA,NA,NA,NA,NA,NA,NA,NA,NA,NA,NA,"Nord-ovest",2,"Valle d'Aosta/Vallée d'Aoste","Valle d'Aosta/Vallée d'Aoste",0,40,NA,35.2941176470588,64.0449438202247,22.4719101123595,NA,NA,3.28407224958949,200,0,80.4597701149425,9.85221674876847,NA,0,0,NA,NA,18082.2869565217,28.6919831223629,NA,366.229885057471,0.987643528530868,NA,NA,NA,40,"Summer",46901,52495,4.85203026391962,10.7932905615732
689,7006,"Avise","avise",2018-08-01,2018,8,"2018-08","Grand-Paradis","Agosto",621,160,5,72,298,52352,NA,NA,NA,NA,NA,NA,NA,NA,NA,NA,NA,NA,NA,NA,NA,NA,NA,NA,NA,NA,NA,NA,NA,NA,NA,"Nord-ovest",2,"Valle d'Aosta/Vallée d'Aoste","Valle d'Aosta/Vallée d'Aoste",0,40,NA,35.2941176470588,64.0449438202247,22.4719101123595,NA,NA,3.28407224958949,200,0,80.4597701149425,9.85221674876847,NA,0,0,NA,NA,18082.2869565217,28.6919831223629,NA,366.229885057471,0.987643528530868,NA,NA,NA,40,"Summer",48692,53153,5.08140436498446,10.865764521247
690,7006,"Avise","avise",2018-09-01,2018,9,"2018-09","Grand-Paradis","Settembre",32,13,5,72,298,64640,NA,NA,NA,NA,NA,NA,NA,NA,NA,NA,NA,NA,NA,NA,NA,NA,NA,NA,NA,NA,NA,NA,NA,NA,NA,"Nord-ovest",2,"Valle d'Aosta/Vallée d'Aoste","Valle d'Aosta/Vallée d'Aoste",0,40,NA,35.2941176470588,64.0449438202247,22.4719101123595,NA,NA,3.28407224958949,200,0,80.4597701149425,9.85221674876847,NA,0,0,NA,NA,18082.2869565217,28.6919831223629,NA,366.229885057471,0.987643528530868,NA,NA,NA,40,"Autumn",52352,63142,2.63905732961526,11.0766041633723
691,7006,"Avise","avise",2018-10-01,2018,10,"2018-10","Grand-Paradis","Ottobre",8,0,5,72,298,92090,NA,NA,NA,NA,NA,NA,NA,NA,NA,NA,NA,NA,NA,NA,NA,NA,NA,NA,NA,NA,NA,NA,NA,NA,NA,"Nord-ovest",2,"Valle d'Aosta/Vallée d'Aoste","Valle d'Aosta/Vallée d'Aoste",0,40,NA,35.2941176470588,64.0449438202247,22.4719101123595,NA,NA,3.28407224958949,200,0,80.4597701149425,9.85221674876847,NA,0,0,NA,NA,18082.2869565217,28.6919831223629,NA,366.229885057471,0.987643528530868,NA,NA,NA,40,"Autumn",64640,80197,0,11.4305324975988
692,7006,"Avise","avise",2018-11-01,2018,11,"2018-11","Grand-Paradis","Novembre",9,3,5,72,298,101276,NA,NA,NA,NA,NA,NA,NA,NA,NA,NA,NA,NA,NA,NA,NA,NA,NA,NA,NA,NA,NA,NA,NA,NA,NA,"Nord-ovest",2,"Valle d'Aosta/Vallée d'Aoste","Valle d'Aosta/Vallée d'Aoste",0,40,NA,35.2941176470588,64.0449438202247,22.4719101123595,NA,NA,3.28407224958949,200,0,80.4597701149425,9.85221674876847,NA,0,0,NA,NA,18082.2869565217,28.6919831223629,NA,366.229885057471,0.987643528530868,NA,NA,NA,40,"Autumn",92090,102398,1.38629436111989,11.5256146160862
693,7006,"Avise","avise",2018-12-01,2018,12,"2018-12","Grand-Paradis","Dicembre",74,40,5,72,298,115421,NA,NA,NA,NA,NA,NA,NA,NA,NA,NA,NA,NA,NA,NA,NA,NA,NA,NA,NA,NA,NA,NA,NA,NA,NA,"Nord-ovest",2,"Valle d'Aosta/Vallée d'Aoste","Valle d'Aosta/Vallée d'Aoste",0,40,NA,35.2941176470588,64.0449438202247,22.4719101123595,NA,NA,3.28407224958949,200,0,80.4597701149425,9.85221674876847,NA,0,0,NA,NA,18082.2869565217,28.6919831223629,NA,366.229885057471,0.987643528530868,NA,NA,NA,40,"Winter",101276,112847,3.71357206670431,11.6563502561342
694,7006,"Avise","avise",2019-01-01,2019,1,"2019-01","Grand-Paradis","Gennaio",47,3,5,72,302,118177,6,11,0.483349154612341,827.25061080749,-3.71024812706363,47.1116122878156,310,0,4,-4,3,2,1,0,1,-1,0,0,-4,306,141,306,2.2,0,0,"Nord-ovest",2,"Valle d'Aosta/Vallée d'Aoste","Valle d'Aosta/Vallée d'Aoste",0,36.3636363636364,NA,37.5,65.9090909090909,23.8636363636364,NA,NA,9.74025974025974,233.333333333333,0,82.1428571428571,9.41558441558442,324.675324675325,324.675324675325,40.5844155844156,NA,NA,18214.337962963,31.140350877193,NA,328.464285714286,1.00802620678123,7.69230769230769,44.5736434108527,51.1627906976744,36.3636363636364,"Winter",115421,102279,1.38629436111989,11.6799472414192
695,7006,"Avise","avise",2019-02-01,2019,2,"2019-02","Grand-Paradis","Febbraio",0,0,5,72,302,100113,6,11,0.530709412152745,832.465617436739,0.58426345305891,40.5517700816421,310,0,4,-4,3,2,1,0,1,-1,0,0,-4,306,141,306,2.2,0,0,"Nord-ovest",2,"Valle d'Aosta/Vallée d'Aoste","Valle d'Aosta/Vallée d'Aoste",0,36.3636363636364,NA,37.5,65.9090909090909,23.8636363636364,NA,NA,9.74025974025974,233.333333333333,0,82.1428571428571,9.41558441558442,324.675324675325,324.675324675325,40.5844155844156,NA,NA,18214.337962963,31.140350877193,NA,328.464285714286,1.00802620678123,7.69230769230769,44.5736434108527,51.1627906976744,36.3636363636364,"Winter",118177,94784,0,11.5140648156637
696,7006,"Avise","avise",2019-03-01,2019,3,"2019-03","Grand-Paradis","Marzo",0,0,5,72,302,97350,6,11,0.330984148176271,833.014315035489,0.958750845244409,45.9887746861508,310,0,4,-4,3,2,1,0,1,-1,0,0,-4,306,141,306,2.2,0,0,"Nord-ovest",2,"Valle d'Aosta/Vallée d'Aoste","Valle d'Aosta/Vallée d'Aoste",0,36.3636363636364,NA,37.5,65.9090909090909,23.8636363636364,NA,NA,9.74025974025974,233.333333333333,0,82.1428571428571,9.41558441558442,324.675324675325,324.675324675325,40.5844155844156,NA,NA,18214.337962963,31.140350877193,NA,328.464285714286,1.00802620678123,7.69230769230769,44.5736434108527,51.1627906976744,36.3636363636364,"Spring",100113,108026,0,11.4860782829612
697,7006,"Avise","avise",2019-04-01,2019,4,"2019-04","Grand-Paradis","Aprile",0,0,5,72,302,92624,6,11,1.1643713498934,851.15731630647,2.34542320048927,55.2706584193954,310,0,4,-4,3,2,1,0,1,-1,0,0,-4,306,141,306,2.2,0,0,"Nord-ovest",2,"Valle d'Aosta/Vallée d'Aoste","Valle d'Aosta/Vallée d'Aoste",0,36.3636363636364,NA,37.5,65.9090909090909,23.8636363636364,NA,NA,9.74025974025974,233.333333333333,0,82.1428571428571,9.41558441558442,324.675324675325,324.675324675325,40.5844155844156,NA,NA,18214.337962963,31.140350877193,NA,328.464285714286,1.00802620678123,7.69230769230769,44.5736434108527,51.1627906976744,36.3636363636364,"Spring",97350,83922,0,11.4363143625984
698,7006,"Avise","avise",2019-05-01,2019,5,"2019-05","Grand-Paradis","Maggio",10,2,5,72,302,82007,6,11,0.886117615258993,842.481697034464,5.00370110632028,47.3037064431621,310,0,4,-4,3,2,1,0,1,-1,0,0,-4,306,141,306,2.2,0,0,"Nord-ovest",2,"Valle d'Aosta/Vallée d'Aoste","Valle d'Aosta/Vallée d'Aoste",0,36.3636363636364,NA,37.5,65.9090909090909,23.8636363636364,NA,NA,9.74025974025974,233.333333333333,0,82.1428571428571,9.41558441558442,324.675324675325,324.675324675325,40.5844155844156,NA,NA,18214.337962963,31.140350877193,NA,328.464285714286,1.00802620678123,7.69230769230769,44.5736434108527,51.1627906976744,36.3636363636364,"Spring",92624,52297,1.09861228866811,11.3145720824632
699,7006,"Avise","avise",2019-06-01,2019,6,"2019-06","Grand-Paradis","Giugno",42,28,5,72,302,51896,6,11,0.806791049451509,850.005067088742,13.0543431658158,54.3381521774978,310,0,4,-4,3,2,1,0,1,-1,0,0,-4,306,141,306,2.2,0,0,"Nord-ovest",2,"Valle d'Aosta/Vallée d'Aoste","Valle d'Aosta/Vallée d'Aoste",0,36.3636363636364,NA,37.5,65.9090909090909,23.8636363636364,NA,NA,9.74025974025974,233.333333333333,0,82.1428571428571,9.41558441558442,324.675324675325,324.675324675325,40.5844155844156,NA,NA,18214.337962963,31.140350877193,NA,328.464285714286,1.00802620678123,7.69230769230769,44.5736434108527,51.1627906976744,36.3636363636364,"Summer",82007,46901,3.36729582998647,10.8570162640151
700,7006,"Avise","avise",2019-07-01,2019,7,"2019-07","Grand-Paradis","Luglio",737,155,5,72,302,54091,6,11,1.20428932400941,865.527886825018,15.2346058598369,55.961940977632,310,0,4,-4,3,2,1,0,1,-1,0,0,-4,306,141,306,2.2,0,0,"Nord-ovest",2,"Valle d'Aosta/Vallée d'Aoste","Valle d'Aosta/Vallée d'Aoste",0,36.3636363636364,NA,37.5,65.9090909090909,23.8636363636364,NA,NA,9.74025974025974,233.333333333333,0,82.1428571428571,9.41558441558442,324.675324675325,324.675324675325,40.5844155844156,NA,NA,18214.337962963,31.140350877193,NA,328.464285714286,1.00802620678123,7.69230769230769,44.5736434108527,51.1627906976744,36.3636363636364,"Summer",51896,48692,5.04985600724954,10.8984415795932
701,7006,"Avise","avise",2019-08-01,2019,8,"2019-08","Grand-Paradis","Agosto",372,125,5,72,302,64920,6,11,1.07206587405963,856.148173732584,13.297308627776,68.3235183412123,310,0,4,-4,3,2,1,0,1,-1,0,0,-4,306,141,306,2.2,0,0,"Nord-ovest",2,"Valle d'Aosta/Vallée d'Aoste","Valle d'Aosta/Vallée d'Aoste",0,36.3636363636364,NA,37.5,65.9090909090909,23.8636363636364,NA,NA,9.74025974025974,233.333333333333,0,82.1428571428571,9.41558441558442,324.675324675325,324.675324675325,40.5844155844156,NA,NA,18214.337962963,31.140350877193,NA,328.464285714286,1.00802620678123,7.69230769230769,44.5736434108527,51.1627906976744,36.3636363636364,"Summer",54091,52352,4.83628190695148,11.0809264250835
702,7006,"Avise","avise",2019-09-01,2019,9,"2019-09","Grand-Paradis","Settembre",45,15,5,72,302,71158,6,11,0.327092853583452,847.79490805714,10.8124947550593,64.5234499038106,310,0,4,-4,3,2,1,0,1,-1,0,0,-4,306,141,306,2.2,0,0,"Nord-ovest",2,"Valle d'Aosta/Vallée d'Aoste","Valle d'Aosta/Vallée d'Aoste",0,36.3636363636364,NA,37.5,65.9090909090909,23.8636363636364,NA,NA,9.74025974025974,233.333333333333,0,82.1428571428571,9.41558441558442,324.675324675325,324.675324675325,40.5844155844156,NA,NA,18214.337962963,31.140350877193,NA,328.464285714286,1.00802620678123,7.69230769230769,44.5736434108527,51.1627906976744,36.3636363636364,"Autumn",64920,64640,2.77258872223978,11.1726720888424
703,7006,"Avise","avise",2019-10-01,2019,10,"2019-10","Grand-Paradis","Ottobre",14,10,5,72,302,92925,6,11,2.05802653336116,831.684576905182,6.98546543089143,72.8947419221991,310,0,4,-4,3,2,1,0,1,-1,0,0,-4,306,141,306,2.2,0,0,"Nord-ovest",2,"Valle d'Aosta/Vallée d'Aoste","Valle d'Aosta/Vallée d'Aoste",0,36.3636363636364,NA,37.5,65.9090909090909,23.8636363636364,NA,NA,9.74025974025974,233.333333333333,0,82.1428571428571,9.41558441558442,324.675324675325,324.675324675325,40.5844155844156,NA,NA,18214.337962963,31.140350877193,NA,328.464285714286,1.00802620678123,7.69230769230769,44.5736434108527,51.1627906976744,36.3636363636364,"Autumn",71158,92090,2.39789527279837,11.4395587564742
704,7006,"Avise","avise",2019-11-01,2019,11,"2019-11","Grand-Paradis","Novembre",0,0,5,72,302,105636,6,11,2.11086192099858,819.562184928791,-0.956660680400944,81.1887829013015,310,0,4,-4,3,2,1,0,1,-1,0,0,-4,306,141,306,2.2,0,0,"Nord-ovest",2,"Valle d'Aosta/Vallée d'Aoste","Valle d'Aosta/Vallée d'Aoste",0,36.3636363636364,NA,37.5,65.9090909090909,23.8636363636364,NA,NA,9.74025974025974,233.333333333333,0,82.1428571428571,9.41558441558442,324.675324675325,324.675324675325,40.5844155844156,NA,NA,18214.337962963,31.140350877193,NA,328.464285714286,1.00802620678123,7.69230769230769,44.5736434108527,51.1627906976744,36.3636363636364,"Autumn",92925,101276,0,11.5677639676739
705,7006,"Avise","avise",2019-12-01,2019,12,"2019-12","Grand-Paradis","Dicembre",16,11,5,72,302,115671,6,11,1.44456217591695,825.012290499602,-0.725729144164718,65.6760635231922,310,0,4,-4,3,2,1,0,1,-1,0,0,-4,306,141,306,2.2,0,0,"Nord-ovest",2,"Valle d'Aosta/Vallée d'Aoste","Valle d'Aosta/Vallée d'Aoste",0,36.3636363636364,NA,37.5,65.9090909090909,23.8636363636364,NA,NA,9.74025974025974,233.333333333333,0,82.1428571428571,9.41558441558442,324.675324675325,324.675324675325,40.5844155844156,NA,NA,18214.337962963,31.140350877193,NA,328.464285714286,1.00802620678123,7.69230769230769,44.5736434108527,51.1627906976744,36.3636363636364,"Winter",105636,115421,2.484906649788,11.658513878708
706,7006,"Avise","avise",2020-01-01,2020,1,"2020-01","Grand-Paradis","Gennaio",12,6,5,72,310,120599,6,11,0.314663922402411,834.655353410063,-2.24736040080185,54.8250503963115,306,1,2,-1,3,7,-4,0,0,0,0,-3,-8,298,140,298,2.1,0,0,"Nord-ovest",2,"Valle d'Aosta/Vallée d'Aoste","Valle d'Aosta/Vallée d'Aoste",0,34.136546184739,NA,20,68.9655172413793,25.2873563218391,NA,NA,NA,NA,NA,82.4503311258278,10.2649006622517,331.12582781457,331.12582781457,8.27814569536424,NA,NA,18598.7837837838,29.2576419213974,NA,310.03642384106,1.01450982776705,NA,NA,NA,34.136546184739,"Winter",115671,118177,1.94591014905531,11.7002345632752
707,7006,"Avise","avise",2020-02-01,2020,2,"2020-02","Grand-Paradis","Febbraio",0,0,5,72,310,102848,6,11,0.808223828327819,830.760019143708,-0.487776768698936,50.5064254494023,306,1,2,-1,3,7,-4,0,0,0,0,-3,-8,298,140,298,2.1,0,0,"Nord-ovest",2,"Valle d'Aosta/Vallée d'Aoste","Valle d'Aosta/Vallée d'Aoste",0,34.136546184739,NA,20,68.9655172413793,25.2873563218391,NA,NA,NA,NA,NA,82.4503311258278,10.2649006622517,331.12582781457,331.12582781457,8.27814569536424,NA,NA,18598.7837837838,29.2576419213974,NA,310.03642384106,1.01450982776705,NA,NA,NA,34.136546184739,"Winter",120599,100113,0,11.5410171721364
708,7006,"Avise","avise",2020-03-01,2020,3,"2020-03","Grand-Paradis","Marzo",0,0,5,72,310,89851,6,11,0.672040131445092,828.048526145993,-0.834114181506149,61.0889954289264,306,1,2,-1,3,7,-4,0,0,0,0,-3,-8,298,140,298,2.1,0,0,"Nord-ovest",2,"Valle d'Aosta/Vallée d'Aoste","Valle d'Aosta/Vallée d'Aoste",0,34.136546184739,NA,20,68.9655172413793,25.2873563218391,NA,NA,NA,NA,NA,82.4503311258278,10.2649006622517,331.12582781457,331.12582781457,8.27814569536424,NA,NA,18598.7837837838,29.2576419213974,NA,310.03642384106,1.01450982776705,NA,NA,NA,34.136546184739,"Spring",102848,97350,0,11.4059191512851
709,7006,"Avise","avise",2020-04-01,2020,4,"2020-04","Grand-Paradis","Aprile",0,0,5,72,310,71203,6,11,0.644234760537525,831.367407427526,4.70837783814923,52.7709668887242,306,1,2,-1,3,7,-4,0,0,0,0,-3,-8,298,140,298,2.1,0,0,"Nord-ovest",2,"Valle d'Aosta/Vallée d'Aoste","Valle d'Aosta/Vallée d'Aoste",0,34.136546184739,NA,20,68.9655172413793,25.2873563218391,NA,NA,NA,NA,NA,82.4503311258278,10.2649006622517,331.12582781457,331.12582781457,8.27814569536424,NA,NA,18598.7837837838,29.2576419213974,NA,310.03642384106,1.01450982776705,NA,NA,NA,34.136546184739,"Spring",89851,92624,0,11.1733042755973
710,7006,"Avise","avise",2020-05-01,2020,5,"2020-05","Grand-Paradis","Maggio",0,0,5,72,310,54603,6,11,1.79736528698968,839.258981368716,8.34328483836242,64.8746600304087,306,1,2,-1,3,7,-4,0,0,0,0,-3,-8,298,140,298,2.1,0,0,"Nord-ovest",2,"Valle d'Aosta/Vallée d'Aoste","Valle d'Aosta/Vallée d'Aoste",0,34.136546184739,NA,20,68.9655172413793,25.2873563218391,NA,NA,NA,NA,NA,82.4503311258278,10.2649006622517,331.12582781457,331.12582781457,8.27814569536424,NA,NA,18598.7837837838,29.2576419213974,NA,310.03642384106,1.01450982776705,NA,NA,NA,34.136546184739,"Spring",71203,82007,0,10.9078624191229
711,7006,"Avise","avise",2020-06-01,2020,6,"2020-06","Grand-Paradis","Giugno",21,10,5,72,310,48177,6,11,1.4873604213548,835.995191604763,9.96925714876818,69.1614427256679,306,1,2,-1,3,7,-4,0,0,0,0,-3,-8,298,140,298,2.1,0,0,"Nord-ovest",2,"Valle d'Aosta/Vallée d'Aoste","Valle d'Aosta/Vallée d'Aoste",0,34.136546184739,NA,20,68.9655172413793,25.2873563218391,NA,NA,NA,NA,NA,82.4503311258278,10.2649006622517,331.12582781457,331.12582781457,8.27814569536424,NA,NA,18598.7837837838,29.2576419213974,NA,310.03642384106,1.01450982776705,NA,NA,NA,34.136546184739,"Summer",54603,51896,2.39789527279837,10.7826577643068
712,7006,"Avise","avise",2020-07-01,2020,7,"2020-07","Grand-Paradis","Luglio",404,87,5,72,310,48511,6,11,0.41074131108283,859.783252849818,14.5919171179098,57.1858886377711,306,1,2,-1,3,7,-4,0,0,0,0,-3,-8,298,140,298,2.1,0,0,"Nord-ovest",2,"Valle d'Aosta/Vallée d'Aoste","Valle d'Aosta/Vallée d'Aoste",0,34.136546184739,NA,20,68.9655172413793,25.2873563218391,NA,NA,NA,NA,NA,82.4503311258278,10.2649006622517,331.12582781457,331.12582781457,8.27814569536424,NA,NA,18598.7837837838,29.2576419213974,NA,310.03642384106,1.01450982776705,NA,NA,NA,34.136546184739,"Summer",48177,54091,4.47733681447821,10.789566469002
713,7006,"Avise","avise",2020-08-01,2020,8,"2020-08","Grand-Paradis","Agosto",388,129,5,72,310,62130,6,11,1.25819822291472,850.907445262015,14.2287837243288,60.9870330320208,306,1,2,-1,3,7,-4,0,0,0,0,-3,-8,298,140,298,2.1,0,0,"Nord-ovest",2,"Valle d'Aosta/Vallée d'Aoste","Valle d'Aosta/Vallée d'Aoste",0,34.136546184739,NA,20,68.9655172413793,25.2873563218391,NA,NA,NA,NA,NA,82.4503311258278,10.2649006622517,331.12582781457,331.12582781457,8.27814569536424,NA,NA,18598.7837837838,29.2576419213974,NA,310.03642384106,1.01450982776705,NA,NA,NA,34.136546184739,"Summer",48511,64920,4.86753445045558,11.0370003382123
714,7006,"Avise","avise",2020-09-01,2020,9,"2020-09","Grand-Paradis","Settembre",24,14,5,72,310,74711,6,11,0.872910222739009,837.965924120887,10.2767129418773,70.0727232274547,306,1,2,-1,3,7,-4,0,0,0,0,-3,-8,298,140,298,2.1,0,0,"Nord-ovest",2,"Valle d'Aosta/Vallée d'Aoste","Valle d'Aosta/Vallée d'Aoste",0,34.136546184739,NA,20,68.9655172413793,25.2873563218391,NA,NA,NA,NA,NA,82.4503311258278,10.2649006622517,331.12582781457,331.12582781457,8.27814569536424,NA,NA,18598.7837837838,29.2576419213974,NA,310.03642384106,1.01450982776705,NA,NA,NA,34.136546184739,"Autumn",62130,71158,2.70805020110221,11.2213960007896
715,7006,"Avise","avise",2020-10-01,2020,10,"2020-10","Grand-Paradis","Ottobre",6,3,5,72,310,89929,6,11,1.49128976591314,833.701139585846,4.76547181964113,68.8240970186334,306,1,2,-1,3,7,-4,0,0,0,0,-3,-8,298,140,298,2.1,0,0,"Nord-ovest",2,"Valle d'Aosta/Vallée d'Aoste","Valle d'Aosta/Vallée d'Aoste",0,34.136546184739,NA,20,68.9655172413793,25.2873563218391,NA,NA,NA,NA,NA,82.4503311258278,10.2649006622517,331.12582781457,331.12582781457,8.27814569536424,NA,NA,18598.7837837838,29.2576419213974,NA,310.03642384106,1.01450982776705,NA,NA,NA,34.136546184739,"Autumn",74711,92925,1.38629436111989,11.4067868689086
716,7006,"Avise","avise",2020-11-01,2020,11,"2020-11","Grand-Paradis","Novembre",0,0,5,72,310,100087,6,11,0.130323393108097,843.700296862437,3.1599754712185,60.7775240452497,306,1,2,-1,3,7,-4,0,0,0,0,-3,-8,298,140,298,2.1,0,0,"Nord-ovest",2,"Valle d'Aosta/Vallée d'Aoste","Valle d'Aosta/Vallée d'Aoste",0,34.136546184739,NA,20,68.9655172413793,25.2873563218391,NA,NA,NA,NA,NA,82.4503311258278,10.2649006622517,331.12582781457,331.12582781457,8.27814569536424,NA,NA,18598.7837837838,29.2576419213974,NA,310.03642384106,1.01450982776705,NA,NA,NA,34.136546184739,"Autumn",89929,105636,0,11.5138050779972
717,7006,"Avise","avise",2020-12-01,2020,12,"2020-12","Grand-Paradis","Dicembre",4,2,5,72,310,131798,6,11,0.725515428308943,821.334585285115,-3.27561145229135,72.0553844569389,306,1,2,-1,3,7,-4,0,0,0,0,-3,-8,298,140,298,2.1,0,0,"Nord-ovest",2,"Valle d'Aosta/Vallée d'Aoste","Valle d'Aosta/Vallée d'Aoste",0,34.136546184739,NA,20,68.9655172413793,25.2873563218391,NA,NA,NA,NA,NA,82.4503311258278,10.2649006622517,331.12582781457,331.12582781457,8.27814569536424,NA,NA,18598.7837837838,29.2576419213974,NA,310.03642384106,1.01450982776705,NA,NA,NA,34.136546184739,"Winter",100087,115671,1.09861228866811,11.7890333137683
718,7006,"Avise","avise",2021-01-01,2021,1,"2021-01","Grand-Paradis","Gennaio",0,0,6,77,306,124913,6,11,0.887563461598587,825.20274680551,-4.71594998072132,64.5927263799913,298,3,4,-1,5,2,3,1,0,1,0,-2,1,299,138,299,2.2,0,0,"Nord-ovest",2,"Valle d'Aosta/Vallée d'Aoste","Valle d'Aosta/Vallée d'Aoste",0,31.7647058823529,NA,22.2222222222222,72.0930232558139,27.906976744186,NA,NA,NA,NA,NA,85.427135678392,11.0552763819095,335.00837520938,335.00837520938,13.4003350083752,NA,NA,18668.3318584071,31.4655172413793,NA,309.132328308208,1.0231612547738,4.42784175471552,48.0922311363124,49.609375,31.7647058823529,"Winter",131798,120599,0,11.7353807795038
719,7006,"Avise","avise",2021-02-01,2021,2,"2021-02","Grand-Paradis","Febbraio",0,0,6,77,306,110115,6,11,0.526617577605895,778.088191722531,-0.803331774141865,63.7516389270077,298,3,4,-1,5,2,3,1,0,1,0,-2,1,299,138,299,2.2,0,0,"Nord-ovest",2,"Valle d'Aosta/Vallée d'Aoste","Valle d'Aosta/Vallée d'Aoste",0,31.7647058823529,NA,22.2222222222222,72.0930232558139,27.906976744186,NA,NA,NA,NA,NA,85.427135678392,11.0552763819095,335.00837520938,335.00837520938,13.4003350083752,NA,NA,18668.3318584071,31.4655172413793,NA,309.132328308208,1.0231612547738,4.42784175471552,48.0922311363124,49.609375,31.7647058823529,"Winter",124913,102848,0,11.6092896345866
720,7006,"Avise","avise",2021-03-01,2021,3,"2021-03","Grand-Paradis","Marzo",0,0,6,77,306,101910,6,11,0.240789614246935,802.323487961758,0.120776868785985,48.8337159848707,298,3,4,-1,5,2,3,1,0,1,0,-2,1,299,138,299,2.2,0,0,"Nord-ovest",2,"Valle d'Aosta/Vallée d'Aoste","Valle d'Aosta/Vallée d'Aoste",0,31.7647058823529,NA,22.2222222222222,72.0930232558139,27.906976744186,NA,NA,NA,NA,NA,85.427135678392,11.0552763819095,335.00837520938,335.00837520938,13.4003350083752,NA,NA,18668.3318584071,31.4655172413793,NA,309.132328308208,1.0231612547738,4.42784175471552,48.0922311363124,49.609375,31.7647058823529,"Spring",110115,89851,0,11.5318551623543
721,7006,"Avise","avise",2021-04-01,2021,4,"2021-04","Grand-Paradis","Aprile",0,0,6,77,306,89610,6,11,1.19694926435498,835.93092887441,0.870803659669828,56.4678320786185,298,3,4,-1,5,2,3,1,0,1,0,-2,1,299,138,299,2.2,0,0,"Nord-ovest",2,"Valle d'Aosta/Vallée d'Aoste","Valle d'Aosta/Vallée d'Aoste",0,31.7647058823529,NA,22.2222222222222,72.0930232558139,27.906976744186,NA,NA,NA,NA,NA,85.427135678392,11.0552763819095,335.00837520938,335.00837520938,13.4003350083752,NA,NA,18668.3318584071,31.4655172413793,NA,309.132328308208,1.0231612547738,4.42784175471552,48.0922311363124,49.609375,31.7647058823529,"Spring",101910,71203,0,11.4032333592848
722,7006,"Avise","avise",2021-05-01,2021,5,"2021-05","Grand-Paradis","Maggio",0,0,6,77,306,80391,6,11,2.01224161938208,855.099836683392,4.05931310177865,45.1946824378354,298,3,4,-1,5,2,3,1,0,1,0,-2,1,299,138,299,2.2,0,0,"Nord-ovest",2,"Valle d'Aosta/Vallée d'Aoste","Valle d'Aosta/Vallée d'Aoste",0,31.7647058823529,NA,22.2222222222222,72.0930232558139,27.906976744186,NA,NA,NA,NA,NA,85.427135678392,11.0552763819095,335.00837520938,335.00837520938,13.4003350083752,NA,NA,18668.3318584071,31.4655172413793,NA,309.132328308208,1.0231612547738,4.42784175471552,48.0922311363124,49.609375,31.7647058823529,"Spring",89610,54603,0,11.2946699477288
723,7006,"Avise","avise",2021-06-01,2021,6,"2021-06","Grand-Paradis","Giugno",16,12,6,77,306,56638,6,11,1.28621826095254,854.917925329027,11.6055290472335,67.1930435887328,298,3,4,-1,5,2,3,1,0,1,0,-2,1,299,138,299,2.2,0,0,"Nord-ovest",2,"Valle d'Aosta/Vallée d'Aoste","Valle d'Aosta/Vallée d'Aoste",0,31.7647058823529,NA,22.2222222222222,72.0930232558139,27.906976744186,NA,NA,NA,NA,NA,85.427135678392,11.0552763819095,335.00837520938,335.00837520938,13.4003350083752,NA,NA,18668.3318584071,31.4655172413793,NA,309.132328308208,1.0231612547738,4.42784175471552,48.0922311363124,49.609375,31.7647058823529,"Summer",80391,48177,2.56494935746154,10.9444530728445
724,7006,"Avise","avise",2021-07-01,2021,7,"2021-07","Grand-Paradis","Luglio",290,76,6,77,306,65777,6,11,1.64602367729786,845.399792382212,12.3949132731621,65.2214191164695,298,3,4,-1,5,2,3,1,0,1,0,-2,1,299,138,299,2.2,0,0,"Nord-ovest",2,"Valle d'Aosta/Vallée d'Aoste","Valle d'Aosta/Vallée d'Aoste",0,31.7647058823529,NA,22.2222222222222,72.0930232558139,27.906976744186,NA,NA,NA,NA,NA,85.427135678392,11.0552763819095,335.00837520938,335.00837520938,13.4003350083752,NA,NA,18668.3318584071,31.4655172413793,NA,309.132328308208,1.0231612547738,4.42784175471552,48.0922311363124,49.609375,31.7647058823529,"Summer",56638,48511,4.34380542185368,11.0940407149026
725,7006,"Avise","avise",2021-08-01,2021,8,"2021-08","Grand-Paradis","Agosto",467,173,6,77,306,63082,6,11,0.565346417815937,853.051271327004,12.9400122397156,54.7088519609012,298,3,4,-1,5,2,3,1,0,1,0,-2,1,299,138,299,2.2,0,0,"Nord-ovest",2,"Valle d'Aosta/Vallée d'Aoste","Valle d'Aosta/Vallée d'Aoste",0,31.7647058823529,NA,22.2222222222222,72.0930232558139,27.906976744186,NA,NA,NA,NA,NA,85.427135678392,11.0552763819095,335.00837520938,335.00837520938,13.4003350083752,NA,NA,18668.3318584071,31.4655172413793,NA,309.132328308208,1.0231612547738,4.42784175471552,48.0922311363124,49.609375,31.7647058823529,"Summer",65777,62130,5.15905529921453,11.0522065986018
726,7006,"Avise","avise",2021-09-01,2021,9,"2021-09","Grand-Paradis","Settembre",30,26,6,77,306,85142,6,11,1.08980643843874,850.020439455317,10.9781347929917,72.8913899107378,298,3,4,-1,5,2,3,1,0,1,0,-2,1,299,138,299,2.2,0,0,"Nord-ovest",2,"Valle d'Aosta/Vallée d'Aoste","Valle d'Aosta/Vallée d'Aoste",0,31.7647058823529,NA,22.2222222222222,72.0930232558139,27.906976744186,NA,NA,NA,NA,NA,85.427135678392,11.0552763819095,335.00837520938,335.00837520938,13.4003350083752,NA,NA,18668.3318584071,31.4655172413793,NA,309.132328308208,1.0231612547738,4.42784175471552,48.0922311363124,49.609375,31.7647058823529,"Autumn",63082,74711,3.29583686600433,11.3520874748431
727,7006,"Avise","avise",2021-10-01,2021,10,"2021-10","Grand-Paradis","Ottobre",41,39,6,77,306,91380,6,11,1.02359417388669,841.807458117649,5.63529205031434,63.7836123283924,298,3,4,-1,5,2,3,1,0,1,0,-2,1,299,138,299,2.2,0,0,"Nord-ovest",2,"Valle d'Aosta/Vallée d'Aoste","Valle d'Aosta/Vallée d'Aoste",0,31.7647058823529,NA,22.2222222222222,72.0930232558139,27.906976744186,NA,NA,NA,NA,NA,85.427135678392,11.0552763819095,335.00837520938,335.00837520938,13.4003350083752,NA,NA,18668.3318584071,31.4655172413793,NA,309.132328308208,1.0231612547738,4.42784175471552,48.0922311363124,49.609375,31.7647058823529,"Autumn",85142,89929,3.68887945411394,11.422792858371
728,7006,"Avise","avise",2021-11-01,2021,11,"2021-11","Grand-Paradis","Novembre",30,26,6,77,306,98022,6,11,0.45818577913727,826.552982994892,1.05502554458862,66.905066127986,298,3,4,-1,5,2,3,1,0,1,0,-2,1,299,138,299,2.2,0,0,"Nord-ovest",2,"Valle d'Aosta/Vallée d'Aoste","Valle d'Aosta/Vallée d'Aoste",0,31.7647058823529,NA,22.2222222222222,72.0930232558139,27.906976744186,NA,NA,NA,NA,NA,85.427135678392,11.0552763819095,335.00837520938,335.00837520938,13.4003350083752,NA,NA,18668.3318584071,31.4655172413793,NA,309.132328308208,1.0231612547738,4.42784175471552,48.0922311363124,49.609375,31.7647058823529,"Autumn",91380,100087,3.29583686600433,11.492957423994
729,7006,"Avise","avise",2021-12-01,2021,12,"2021-12","Grand-Paradis","Dicembre",80,48,6,77,306,110172,6,11,1.01279085605759,826.221048929491,-0.199759937486506,57.3022070222012,298,3,4,-1,5,2,3,1,0,1,0,-2,1,299,138,299,2.2,0,0,"Nord-ovest",2,"Valle d'Aosta/Vallée d'Aoste","Valle d'Aosta/Vallée d'Aoste",0,31.7647058823529,NA,22.2222222222222,72.0930232558139,27.906976744186,NA,NA,NA,NA,NA,85.427135678392,11.0552763819095,335.00837520938,335.00837520938,13.4003350083752,NA,NA,18668.3318584071,31.4655172413793,NA,309.132328308208,1.0231612547738,4.42784175471552,48.0922311363124,49.609375,31.7647058823529,"Winter",98022,131798,3.89182029811063,11.6098071366069
730,7006,"Avise","avise",2022-01-01,2022,1,"2022-01","Grand-Paradis","Gennaio",83,52,6,77,298,109757,6,11,0.176978955647498,837.684096992827,0.0925838468729415,41.2980571155846,299,1,3,-2,17,13,4,0,0,0,0,0,2,301,135,301,2.2,0,0,"Nord-ovest",2,"Valle d'Aosta/Vallée d'Aoste","Valle d'Aosta/Vallée d'Aoste",0,28.8617886178862,NA,16.6666666666667,78.8235294117647,29.4117647058824,NA,NA,NA,NA,NA,82,8.66666666666667,333.333333333333,0,0,NA,NA,19527.8684210526,29.004329004329,NA,NA,1.01,4.50834640518153,48.0484700678679,49.609375,28.8617886178862,"Winter",110172,124913,3.97029191355212,11.6060332212194
731,7006,"Avise","avise",2022-02-01,2022,2,"2022-02","Grand-Paradis","Febbraio",37,33,6,77,298,94094,6,11,0.190135169519687,847.03953573808,-0.468306769979824,47.4228138252699,299,1,3,-2,17,13,4,0,0,0,0,0,2,301,135,301,2.2,0,0,"Nord-ovest",2,"Valle d'Aosta/Vallée d'Aoste","Valle d'Aosta/Vallée d'Aoste",0,28.8617886178862,NA,16.6666666666667,78.8235294117647,29.4117647058824,NA,NA,NA,NA,NA,82,8.66666666666667,333.333333333333,0,0,NA,NA,19527.8684210526,29.004329004329,NA,NA,1.01,4.50834640518153,48.0484700678679,49.609375,28.8617886178862,"Winter",109757,110115,3.52636052461616,11.452060189199
732,7006,"Avise","avise",2022-03-01,2022,3,"2022-03","Grand-Paradis","Marzo",28,26,6,77,298,95389,6,11,0.426470123329114,842.005897151585,-0.517407757140756,54.506373080964,299,1,3,-2,17,13,4,0,0,0,0,0,2,301,135,301,2.2,0,0,"Nord-ovest",2,"Valle d'Aosta/Vallée d'Aoste","Valle d'Aosta/Vallée d'Aoste",0,28.8617886178862,NA,16.6666666666667,78.8235294117647,29.4117647058824,NA,NA,NA,NA,NA,82,8.66666666666667,333.333333333333,0,0,NA,NA,19527.8684210526,29.004329004329,NA,NA,1.01,4.50834640518153,48.0484700678679,49.609375,28.8617886178862,"Spring",94094,101910,3.29583686600433,11.4657290301393
733,7006,"Avise","avise",2022-04-01,2022,4,"2022-04","Grand-Paradis","Aprile",10,10,6,77,298,83175,6,11,0.605530266199029,825.888622869869,3.0606234742228,49.7904395914451,299,1,3,-2,17,13,4,0,0,0,0,0,2,301,135,301,2.2,0,0,"Nord-ovest",2,"Valle d'Aosta/Vallée d'Aoste","Valle d'Aosta/Vallée d'Aoste",0,28.8617886178862,NA,16.6666666666667,78.8235294117647,29.4117647058824,NA,NA,NA,NA,NA,82,8.66666666666667,333.333333333333,0,0,NA,NA,19527.8684210526,29.004329004329,NA,NA,1.01,4.50834640518153,48.0484700678679,49.609375,28.8617886178862,"Spring",95389,89610,2.39789527279837,11.3287141236578
734,7006,"Avise","avise",2022-05-01,2022,5,"2022-05","Grand-Paradis","Maggio",24,21,6,77,298,67651,6,11,0.840896346648367,835.720017248716,9.70685811766826,64.3332987914225,299,1,3,-2,17,13,4,0,0,0,0,0,2,301,135,301,2.2,0,0,"Nord-ovest",2,"Valle d'Aosta/Vallée d'Aoste","Valle d'Aosta/Vallée d'Aoste",0,28.8617886178862,NA,16.6666666666667,78.8235294117647,29.4117647058824,NA,NA,NA,NA,NA,82,8.66666666666667,333.333333333333,0,0,NA,NA,19527.8684210526,29.004329004329,NA,NA,1.01,4.50834640518153,48.0484700678679,49.609375,28.8617886178862,"Spring",83175,80391,3.09104245335832,11.1221321970939
735,7006,"Avise","avise",2022-06-01,2022,6,"2022-06","Grand-Paradis","Giugno",135,71,6,77,298,64492,6,11,1.36667508551021,838.403568169766,13.184560307827,63.4810571648691,299,1,3,-2,17,13,4,0,0,0,0,0,2,301,135,301,2.2,0,0,"Nord-ovest",2,"Valle d'Aosta/Vallée d'Aoste","Valle d'Aosta/Vallée d'Aoste",0,28.8617886178862,NA,16.6666666666667,78.8235294117647,29.4117647058824,NA,NA,NA,NA,NA,82,8.66666666666667,333.333333333333,0,0,NA,NA,19527.8684210526,29.004329004329,NA,NA,1.01,4.50834640518153,48.0484700678679,49.609375,28.8617886178862,"Summer",67651,56638,4.27666611901606,11.0743119697626
736,7006,"Avise","avise",2022-07-01,2022,7,"2022-07","Grand-Paradis","Luglio",647,189,6,77,298,73737,6,11,0.509078221002549,848.78279151673,16.6695445321442,53.8691350799872,299,1,3,-2,17,13,4,0,0,0,0,0,2,301,135,301,2.2,0,0,"Nord-ovest",2,"Valle d'Aosta/Vallée d'Aoste","Valle d'Aosta/Vallée d'Aoste",0,28.8617886178862,NA,16.6666666666667,78.8235294117647,29.4117647058824,NA,NA,NA,NA,NA,82,8.66666666666667,333.333333333333,0,0,NA,NA,19527.8684210526,29.004329004329,NA,NA,1.01,4.50834640518153,48.0484700678679,49.609375,28.8617886178862,"Summer",64492,65777,5.24702407216049,11.2082735490986
737,7006,"Avise","avise",2022-08-01,2022,8,"2022-08","Grand-Paradis","Agosto",824,210,6,77,298,78326,6,11,0.571639916906901,849.21134193483,14.6637288509712,62.020515674751,299,1,3,-2,17,13,4,0,0,0,0,0,2,301,135,301,2.2,0,0,"Nord-ovest",2,"Valle d'Aosta/Vallée d'Aoste","Valle d'Aosta/Vallée d'Aoste",0,28.8617886178862,NA,16.6666666666667,78.8235294117647,29.4117647058824,NA,NA,NA,NA,NA,82,8.66666666666667,333.333333333333,0,0,NA,NA,19527.8684210526,29.004329004329,NA,NA,1.01,4.50834640518153,48.0484700678679,49.609375,28.8617886178862,"Summer",73737,63082,5.35185813347607,11.2686476501257
738,7006,"Avise","avise",2022-09-01,2022,9,"2022-09","Grand-Paradis","Settembre",154,29,6,77,298,68795,6,11,1.00969137501954,834.181156911598,8.95248807247406,64.0131646295929,299,1,3,-2,17,13,4,0,0,0,0,0,2,301,135,301,2.2,0,0,"Nord-ovest",2,"Valle d'Aosta/Vallée d'Aoste","Valle d'Aosta/Vallée d'Aoste",0,28.8617886178862,NA,16.6666666666667,78.8235294117647,29.4117647058824,NA,NA,NA,NA,NA,82,8.66666666666667,333.333333333333,0,0,NA,NA,19527.8684210526,29.004329004329,NA,NA,1.01,4.50834640518153,48.0484700678679,49.609375,28.8617886178862,"Autumn",78326,85142,3.40119738166216,11.1389008826964
739,7006,"Avise","avise",2022-10-01,2022,10,"2022-10","Grand-Paradis","Ottobre",36,30,6,77,298,77191,6,11,0.623409393321009,837.257291701937,8.77771926036238,69.5834242715232,299,1,3,-2,17,13,4,0,0,0,0,0,2,301,135,301,2.2,0,0,"Nord-ovest",2,"Valle d'Aosta/Vallée d'Aoste","Valle d'Aosta/Vallée d'Aoste",0,28.8617886178862,NA,16.6666666666667,78.8235294117647,29.4117647058824,NA,NA,NA,NA,NA,82,8.66666666666667,333.333333333333,0,0,NA,NA,19527.8684210526,29.004329004329,NA,NA,1.01,4.50834640518153,48.0484700678679,49.609375,28.8617886178862,"Autumn",68795,91380,3.43398720448515,11.2540511037002
740,7006,"Avise","avise",2022-11-01,2022,11,"2022-11","Grand-Paradis","Novembre",32,30,6,77,298,88609,6,11,1.4196941438341,828.532426965474,1.7459363462604,64.6147304157544,299,1,3,-2,17,13,4,0,0,0,0,0,2,301,135,301,2.2,0,0,"Nord-ovest",2,"Valle d'Aosta/Vallée d'Aoste","Valle d'Aosta/Vallée d'Aoste",0,28.8617886178862,NA,16.6666666666667,78.8235294117647,29.4117647058824,NA,NA,NA,NA,NA,82,8.66666666666667,333.333333333333,0,0,NA,NA,19527.8684210526,29.004329004329,NA,NA,1.01,4.50834640518153,48.0484700678679,49.609375,28.8617886178862,"Autumn",77191,98022,3.43398720448515,11.3919999970413
741,7006,"Avise","avise",2022-12-01,2022,12,"2022-12","Grand-Paradis","Dicembre",99,73,6,77,298,105555,6,11,1.23332345406107,832.640874311491,-1.6942992849802,68.8713479193094,299,1,3,-2,17,13,4,0,0,0,0,0,2,301,135,301,2.2,0,0,"Nord-ovest",2,"Valle d'Aosta/Vallée d'Aoste","Valle d'Aosta/Vallée d'Aoste",0,28.8617886178862,NA,16.6666666666667,78.8235294117647,29.4117647058824,NA,NA,NA,NA,NA,82,8.66666666666667,333.333333333333,0,0,NA,NA,19527.8684210526,29.004329004329,NA,NA,1.01,4.50834640518153,48.0484700678679,49.609375,28.8617886178862,"Winter",88609,110172,4.30406509320417,11.566996896758
742,7006,"Avise","avise",2023-01-01,2023,1,"2023-01","Grand-Paradis","Gennaio",122,52,6,77,299,107849,6,11,0.605029378071476,833.766009229437,-3.1235961558251,58.2747788841967,301,2,3,-1,10,9,1,2,0,2,0,0,2,303,138,303,2.2,0,0,NA,NA,NA,NA,NA,NA,NA,NA,NA,NA,NA,NA,NA,NA,NA,NA,NA,NA,NA,NA,NA,NA,NA,NA,NA,NA,NA,NA,NA,NA,NA,"Winter",105555,109757,3.97029191355212,11.5884966518173
743,7006,"Avise","avise",2023-02-01,2023,2,"2023-02","Grand-Paradis","Febbraio",80,54,6,77,299,92590,6,11,0.0835068195271303,837.529137193948,-0.26572604214195,50.3153684728887,301,2,3,-1,10,9,1,2,0,2,0,0,2,303,138,303,2.2,0,0,NA,NA,NA,NA,NA,NA,NA,NA,NA,NA,NA,NA,NA,NA,NA,NA,NA,NA,NA,NA,NA,NA,NA,NA,NA,NA,NA,NA,NA,NA,NA,"Winter",107849,94094,4.00733318523247,11.4359472236862
744,7006,"Avise","avise",2023-03-01,2023,3,"2023-03","Grand-Paradis","Marzo",56,46,6,77,299,88716,6,11,1.55047442390094,831.030832117864,0.852107833583913,53.7193855319722,301,2,3,-1,10,9,1,2,0,2,0,0,2,303,138,303,2.2,0,0,NA,NA,NA,NA,NA,NA,NA,NA,NA,NA,NA,NA,NA,NA,NA,NA,NA,NA,NA,NA,NA,NA,NA,NA,NA,NA,NA,NA,NA,NA,NA,"Spring",92590,95389,3.85014760171006,11.3932068072055
745,7006,"Avise","avise",2023-04-01,2023,4,"2023-04","Grand-Paradis","Aprile",19,13,6,77,299,75275,6,11,1.47730354744614,834.294273651942,2.49509186535676,51.6986663822431,301,2,3,-1,10,9,1,2,0,2,0,0,2,303,138,303,2.2,0,0,NA,NA,NA,NA,NA,NA,NA,NA,NA,NA,NA,NA,NA,NA,NA,NA,NA,NA,NA,NA,NA,NA,NA,NA,NA,NA,NA,NA,NA,NA,NA,"Spring",88716,83175,2.63905732961526,11.2289166378847
746,7006,"Avise","avise",2023-05-01,2023,5,"2023-05","Grand-Paradis","Maggio",12,8,6,77,299,71930,6,11,1.74844102983192,849.301950889188,7.16064865165693,66.5898359641872,301,2,3,-1,10,9,1,2,0,2,0,0,2,303,138,303,2.2,0,0,NA,NA,NA,NA,NA,NA,NA,NA,NA,NA,NA,NA,NA,NA,NA,NA,NA,NA,NA,NA,NA,NA,NA,NA,NA,NA,NA,NA,NA,NA,NA,"Spring",75275,67651,2.19722457733622,11.1834626051699
747,7006,"Avise","avise",2023-06-01,2023,6,"2023-06","Grand-Paradis","Giugno",81,61,6,77,299,62803,6,11,1.12441844327441,853.255927802771,12.0951794119066,63.8823606750744,301,2,3,-1,10,9,1,2,0,2,0,0,2,303,138,303,2.2,0,0,NA,NA,NA,NA,NA,NA,NA,NA,NA,NA,NA,NA,NA,NA,NA,NA,NA,NA,NA,NA,NA,NA,NA,NA,NA,NA,NA,NA,NA,NA,NA,"Summer",71930,64492,4.12713438504509,11.0477740446954
748,7006,"Avise","avise",2023-07-01,2023,7,"2023-07","Grand-Paradis","Luglio",672,185,6,77,299,68009,6,11,0.976672109554587,844.550483193086,15.5078647375825,54.4659342328965,301,2,3,-1,10,9,1,2,0,2,0,0,2,303,138,303,2.2,0,0,NA,NA,NA,NA,NA,NA,NA,NA,NA,NA,NA,NA,NA,NA,NA,NA,NA,NA,NA,NA,NA,NA,NA,NA,NA,NA,NA,NA,NA,NA,NA,"Summer",62803,73737,5.2257466737132,11.1274100321697
749,7006,"Avise","avise",2023-08-01,2023,8,"2023-08","Grand-Paradis","Agosto",788,181,6,77,299,72341,6,11,1.81292609492228,859.401258936372,14.8688965780328,56.8962388643251,301,2,3,-1,10,9,1,2,0,2,0,0,2,303,138,303,2.2,0,0,NA,NA,NA,NA,NA,NA,NA,NA,NA,NA,NA,NA,NA,NA,NA,NA,NA,NA,NA,NA,NA,NA,NA,NA,NA,NA,NA,NA,NA,NA,NA,"Summer",68009,78326,5.2040066870768,11.1891601523454
750,7006,"Avise","avise",2023-09-01,2023,9,"2023-09","Grand-Paradis","Settembre",196,69,6,77,299,77120,6,11,0.901993982543436,832.929314477345,11.9517652343419,63.1402612222983,301,2,3,-1,10,9,1,2,0,2,0,0,2,303,138,303,2.2,0,0,NA,NA,NA,NA,NA,NA,NA,NA,NA,NA,NA,NA,NA,NA,NA,NA,NA,NA,NA,NA,NA,NA,NA,NA,NA,NA,NA,NA,NA,NA,NA,"Autumn",72341,68795,4.24849524204936,11.2531308960053
751,7006,"Avise","avise",2023-10-01,2023,10,"2023-10","Grand-Paradis","Ottobre",0,0,6,77,299,80414,6,11,1.52423517952236,834.199950969127,8.13133356490861,56.972154496989,301,2,3,-1,10,9,1,2,0,2,0,0,2,303,138,303,2.2,0,0,NA,NA,NA,NA,NA,NA,NA,NA,NA,NA,NA,NA,NA,NA,NA,NA,NA,NA,NA,NA,NA,NA,NA,NA,NA,NA,NA,NA,NA,NA,NA,"Autumn",77120,77191,0,11.2949560049297
752,7006,"Avise","avise",2023-11-01,2023,11,"2023-11","Grand-Paradis","Novembre",36,31,6,77,299,98042,6,11,2.08266773759073,827.782634812635,0.502476488592293,50.5797586417967,301,2,3,-1,10,9,1,2,0,2,0,0,2,303,138,303,2.2,0,0,NA,NA,NA,NA,NA,NA,NA,NA,NA,NA,NA,NA,NA,NA,NA,NA,NA,NA,NA,NA,NA,NA,NA,NA,NA,NA,NA,NA,NA,NA,NA,"Autumn",80414,88609,3.46573590279973,11.4931614369291
753,7006,"Avise","avise",2023-12-01,2023,12,"2023-12","Grand-Paradis","Dicembre",130,71,6,77,299,112863,6,11,1.92476904847291,832.800054762146,-0.242343002663875,53.5952204964447,301,2,3,-1,10,9,1,2,0,2,0,0,2,303,138,303,2.2,0,0,NA,NA,NA,NA,NA,NA,NA,NA,NA,NA,NA,NA,NA,NA,NA,NA,NA,NA,NA,NA,NA,NA,NA,NA,NA,NA,NA,NA,NA,NA,NA,"Winter",98042,105555,4.27666611901606,11.6339388330358
754,7006,"Avise","avise",2024-01-01,2024,1,"2024-01","Grand-Paradis","Gennaio",162,65,6,77,301,112843,6,11,0.785522205099431,829.655573773981,-0.281004609842055,56.4831124632659,303,1,6,-5,13,8,5,0,0,0,0,-2,-2,301,139,301,2.2,0,0,NA,NA,NA,NA,NA,NA,NA,NA,NA,NA,NA,NA,NA,NA,NA,NA,NA,NA,NA,NA,NA,NA,NA,NA,NA,NA,NA,NA,NA,NA,NA,"Winter",112863,107849,4.18965474202643,11.6337616129102
755,7006,"Avise","avise",2024-02-01,2024,2,"2024-02","Grand-Paradis","Febbraio",159,112,6,77,301,101010,6,11,1.23905056216752,827.676211399841,1.34416604303465,60.8786396170374,303,1,6,-5,13,8,5,0,0,0,0,-2,-2,301,139,301,2.2,0,0,NA,NA,NA,NA,NA,NA,NA,NA,NA,NA,NA,NA,NA,NA,NA,NA,NA,NA,NA,NA,NA,NA,NA,NA,NA,NA,NA,NA,NA,NA,NA,"Winter",112843,92590,4.72738781871234,11.5229847007841
756,7006,"Avise","avise",2024-03-01,2024,3,"2024-03","Grand-Paradis","Marzo",103,74,6,77,301,105899,6,11,2.75638699476245,827.326702353749,0.70120720892438,67.9779389565646,303,1,6,-5,13,8,5,0,0,0,0,-2,-2,301,139,301,2.2,0,0,NA,NA,NA,NA,NA,NA,NA,NA,NA,NA,NA,NA,NA,NA,NA,NA,NA,NA,NA,NA,NA,NA,NA,NA,NA,NA,NA,NA,NA,NA,NA,"Spring",101010,88716,4.31748811353631,11.5702505315895
757,7006,"Avise","avise",2024-04-01,2024,4,"2024-04","Grand-Paradis","Aprile",70,24,6,77,301,89700,6,11,1.23599427810653,842.01698952349,2.8706831811242,56.0798271809916,303,1,6,-5,13,8,5,0,0,0,0,-2,-2,301,139,301,2.2,0,0,NA,NA,NA,NA,NA,NA,NA,NA,NA,NA,NA,NA,NA,NA,NA,NA,NA,NA,NA,NA,NA,NA,NA,NA,NA,NA,NA,NA,NA,NA,NA,"Spring",105899,75275,3.2188758248682,11.4042371962568
758,7006,"Avise","avise",2024-05-01,2024,5,"2024-05","Grand-Paradis","Maggio",63,26,6,77,301,76111,6,11,3.06728209511743,837.118883115227,6.45590666565314,61.2616931882464,303,1,6,-5,13,8,5,0,0,0,0,-2,-2,301,139,301,2.2,0,0,NA,NA,NA,NA,NA,NA,NA,NA,NA,NA,NA,NA,NA,NA,NA,NA,NA,NA,NA,NA,NA,NA,NA,NA,NA,NA,NA,NA,NA,NA,NA,"Spring",89700,71930,3.29583686600433,11.2399612186721
759,7006,"Avise","avise",2024-06-01,2024,6,"2024-06","Grand-Paradis","Giugno",226,104,6,77,301,57561,6,11,1.69970658794239,865.179595671147,11.0002858683016,59.1185745221216,303,1,6,-5,13,8,5,0,0,0,0,-2,-2,301,139,301,2.2,0,0,NA,NA,NA,NA,NA,NA,NA,NA,NA,NA,NA,NA,NA,NA,NA,NA,NA,NA,NA,NA,NA,NA,NA,NA,NA,NA,NA,NA,NA,NA,NA,"Summer",76111,62803,4.65396035015752,10.9606179067493
760,7006,"Avise","avise",2024-07-01,2024,7,"2024-07","Grand-Paradis","Luglio",794,188,6,77,301,59607,6,11,0.726988305836414,864.613216448274,15.1843379353175,53.5668542560463,303,1,6,-5,13,8,5,0,0,0,0,-2,-2,301,139,301,2.2,0,0,NA,NA,NA,NA,NA,NA,NA,NA,NA,NA,NA,NA,NA,NA,NA,NA,NA,NA,NA,NA,NA,NA,NA,NA,NA,NA,NA,NA,NA,NA,NA,"Summer",57561,68009,5.24174701505964,10.9955450722336
761,7006,"Avise","avise",2024-08-01,2024,8,"2024-08","Grand-Paradis","Agosto",868,203,6,77,301,62576,6,11,0.559320515783623,851.844906202207,15.7655081633745,62.5459534849806,303,1,6,-5,13,8,5,0,0,0,0,-2,-2,301,139,301,2.2,0,0,NA,NA,NA,NA,NA,NA,NA,NA,NA,NA,NA,NA,NA,NA,NA,NA,NA,NA,NA,NA,NA,NA,NA,NA,NA,NA,NA,NA,NA,NA,NA,"Summer",59607,72341,5.31811999384422,11.0441530774352
762,7006,"Avise","avise",2024-09-01,2024,9,"2024-09","Grand-Paradis","Settembre",298,106,6,77,301,63312,6,11,1.80270887648738,834.190644121181,8.733584761194,72.3795977715575,303,1,6,-5,13,8,5,0,0,0,0,-2,-2,301,139,301,2.2,0,0,NA,NA,NA,NA,NA,NA,NA,NA,NA,NA,NA,NA,NA,NA,NA,NA,NA,NA,NA,NA,NA,NA,NA,NA,NA,NA,NA,NA,NA,NA,NA,"Autumn",62576,77120,4.67282883446191,11.0558459582945
763,7006,"Avise","avise",2024-10-01,2024,10,"2024-10","Grand-Paradis","Ottobre",35,26,6,77,301,81850,6,11,3.26430594498003,838.563327591373,6.8028910928678,81.8975871725578,303,1,6,-5,13,8,5,0,0,0,0,-2,-2,301,139,301,2.2,0,0,NA,NA,NA,NA,NA,NA,NA,NA,NA,NA,NA,NA,NA,NA,NA,NA,NA,NA,NA,NA,NA,NA,NA,NA,NA,NA,NA,NA,NA,NA,NA,"Autumn",63312,80414,3.29583686600433,11.3126558001956
764,7006,"Avise","avise",2024-11-01,2024,11,"2024-11","Grand-Paradis","Novembre",83,65,6,77,301,104046,6,11,1.433174076818,840.401926205809,2.424240594282,57.5430070467171,303,1,6,-5,13,8,5,0,0,0,0,-2,-2,301,139,301,2.2,0,0,NA,NA,NA,NA,NA,NA,NA,NA,NA,NA,NA,NA,NA,NA,NA,NA,NA,NA,NA,NA,NA,NA,NA,NA,NA,NA,NA,NA,NA,NA,NA,"Autumn",81850,98042,4.18965474202643,11.552597999114
765,7006,"Avise","avise",2024-12-01,2024,12,"2024-12","Grand-Paradis","Dicembre",195,98,6,77,301,127343,6,11,0.48206598373585,831.831842811342,-0.337400249791375,50.9669098238064,303,1,6,-5,13,8,5,0,0,0,0,-2,-2,301,139,301,2.2,0,0,NA,NA,NA,NA,NA,NA,NA,NA,NA,NA,NA,NA,NA,NA,NA,NA,NA,NA,NA,NA,NA,NA,NA,NA,NA,NA,NA,NA,NA,NA,NA,"Winter",104046,112863,4.59511985013459,11.7546473650456
766,7006,"Avise","avise",2025-01-01,2025,1,"2025-01","Grand-Paradis","Gennaio",251,94,18,125,301,68777,6,11,1.70538463515935,827.839108981261,-1.48451250434925,62.5847742815666,NA,NA,NA,NA,NA,NA,NA,NA,NA,NA,NA,NA,NA,NA,NA,NA,NA,NA,NA,NA,NA,NA,NA,NA,NA,NA,NA,NA,NA,NA,NA,NA,NA,NA,NA,NA,NA,NA,NA,NA,NA,NA,NA,NA,NA,NA,NA,NA,NA,NA,"Winter",127343,112843,4.55387689160054,11.1386392053431
767,7006,"Avise","avise",2025-02-01,2025,2,"2025-02","Grand-Paradis","Febbraio",200,101,17,120,301,58293,6,11,0.388912508305686,831.079474627499,-0.659709150427411,63.025429843346,NA,NA,NA,NA,NA,NA,NA,NA,NA,NA,NA,NA,NA,NA,NA,NA,NA,NA,NA,NA,NA,NA,NA,NA,NA,NA,NA,NA,NA,NA,NA,NA,NA,NA,NA,NA,NA,NA,NA,NA,NA,NA,NA,NA,NA,NA,NA,NA,NA,NA,"Winter",68777,101010,4.62497281328427,10.9732544510904
768,7006,"Avise","avise",2025-03-01,2025,3,"2025-03","Grand-Paradis","Marzo",121,84,17,120,301,55959,6,11,0.885155919487682,826.483908174574,0.396694026005737,64.9251099451853,NA,NA,NA,NA,NA,NA,NA,NA,NA,NA,NA,NA,NA,NA,NA,NA,NA,NA,NA,NA,NA,NA,NA,NA,NA,NA,NA,NA,NA,NA,NA,NA,NA,NA,NA,NA,NA,NA,NA,NA,NA,NA,NA,NA,NA,NA,NA,NA,NA,NA,"Spring",58293,105899,4.44265125649032,10.9323924287794
769,7006,"Avise","avise",2025-04-01,2025,4,"2025-04","Grand-Paradis","Aprile",73,31,17,120,301,49576,6,11,4.79299260531548,839.350867599808,4.46677614309761,63.4276961272995,NA,NA,NA,NA,NA,NA,NA,NA,NA,NA,NA,NA,NA,NA,NA,NA,NA,NA,NA,NA,NA,NA,NA,NA,NA,NA,NA,NA,NA,NA,NA,NA,NA,NA,NA,NA,NA,NA,NA,NA,NA,NA,NA,NA,NA,NA,NA,NA,NA,NA,"Spring",55959,89700,3.46573590279973,10.811282295489
770,7006,"Avise","avise",2025-05-01,2025,5,"2025-05","Grand-Paradis","Maggio",122,42,17,120,301,48521,6,11,1.33557277653676,837.873053195236,7.95429050300908,61.6183602081597,NA,NA,NA,NA,NA,NA,NA,NA,NA,NA,NA,NA,NA,NA,NA,NA,NA,NA,NA,NA,NA,NA,NA,NA,NA,NA,NA,NA,NA,NA,NA,NA,NA,NA,NA,NA,NA,NA,NA,NA,NA,NA,NA,NA,NA,NA,NA,NA,NA,NA,"Spring",49576,76111,3.76120011569356,10.7897725823239
771,7006,"Avise","avise",2025-06-01,2025,6,"2025-06","Grand-Paradis","Giugno",255,98,17,120,301,45810,6,11,0.810956828471222,855.63050446561,14.7427750501003,61.7409633151581,NA,NA,NA,NA,NA,NA,NA,NA,NA,NA,NA,NA,NA,NA,NA,NA,NA,NA,NA,NA,NA,NA,NA,NA,NA,NA,NA,NA,NA,NA,NA,NA,NA,NA,NA,NA,NA,NA,NA,NA,NA,NA,NA,NA,NA,NA,NA,NA,NA,NA,"Summer",48521,57561,4.59511985013459,10.7322795159374
772,7006,"Avise","avise",2025-07-01,2025,7,"2025-07","Grand-Paradis","Luglio",596,177,17,121,301,50337,6,11,0.701912871227289,846.761518126671,13.4518087891294,61.0515125422761,NA,NA,NA,NA,NA,NA,NA,NA,NA,NA,NA,NA,NA,NA,NA,NA,NA,NA,NA,NA,NA,NA,NA,NA,NA,NA,NA,NA,NA,NA,NA,NA,NA,NA,NA,NA,NA,NA,NA,NA,NA,NA,NA,NA,NA,NA,NA,NA,NA,NA,"Summer",45810,59607,5.18178355029209,10.8265155380629
773,7006,"Avise","avise",2025-08-01,2025,8,"2025-08","Grand-Paradis","Agosto",690,175,17,121,301,58946,6,11,1.09080637702573,838.748380365433,14.8254761249529,62.7810504390887,NA,NA,NA,NA,NA,NA,NA,NA,NA,NA,NA,NA,NA,NA,NA,NA,NA,NA,NA,NA,NA,NA,NA,NA,NA,NA,NA,NA,NA,NA,NA,NA,NA,NA,NA,NA,NA,NA,NA,NA,NA,NA,NA,NA,NA,NA,NA,NA,NA,NA,"Summer",50337,62576,5.17048399503815,10.9843940140853
774,7006,"Avise","avise",2025-09-01,2025,9,"2025-09","Grand-Paradis","Settembre",285,114,17,121,301,32924,6,11,1.16985188065799,845.735249127935,10.3113712622857,68.7404833004856,NA,NA,NA,NA,NA,NA,NA,NA,NA,NA,NA,NA,NA,NA,NA,NA,NA,NA,NA,NA,NA,NA,NA,NA,NA,NA,NA,NA,NA,NA,NA,NA,NA,NA,NA,NA,NA,NA,NA,NA,NA,NA,NA,NA,NA,NA,NA,NA,NA,NA,"Autumn",58946,63312,4.74493212836325,10.4019875266115
1162,7010,"Bionaz","bionaz",2015-01-01,2015,1,"2015-01","Grand-Combin","Gennaio",640,239,17,755,233,57682,NA,NA,NA,NA,NA,NA,NA,NA,NA,NA,NA,NA,NA,NA,NA,NA,NA,NA,NA,NA,NA,NA,NA,NA,NA,"Nord-ovest",2,"Valle d'Aosta/Vallée d'Aoste","Valle d'Aosta/Vallée d'Aoste",0,43.1952662721894,NA,0,NA,NA,NA,NA,NA,NA,NA,69.2622950819672,6.55737704918033,NA,409.83606557377,12.2950819672131,NA,NA,16527.8235294118,31.413612565445,NA,345.885245901639,0.246489425012768,NA,NA,NA,43.1952662721894,"Winter",101847,147868,5.48063892334199,10.962717781702
1163,7010,"Bionaz","bionaz",2015-02-01,2015,2,"2015-02","Grand-Combin","Febbraio",472,268,17,755,233,53991,NA,NA,NA,NA,NA,NA,NA,NA,NA,NA,NA,NA,NA,NA,NA,NA,NA,NA,NA,NA,NA,NA,NA,NA,NA,"Nord-ovest",2,"Valle d'Aosta/Vallée d'Aoste","Valle d'Aosta/Vallée d'Aoste",0,43.1952662721894,NA,0,NA,NA,NA,NA,NA,NA,NA,69.2622950819672,6.55737704918033,NA,409.83606557377,12.2950819672131,NA,NA,16527.8235294118,31.413612565445,NA,345.885245901639,0.246489425012768,NA,NA,NA,43.1952662721894,"Winter",57682,191289,5.59471137960184,10.8965911664232
1164,7010,"Bionaz","bionaz",2015-03-01,2015,3,"2015-03","Grand-Combin","Marzo",567,450,17,755,233,53186,NA,NA,NA,NA,NA,NA,NA,NA,NA,NA,NA,NA,NA,NA,NA,NA,NA,NA,NA,NA,NA,NA,NA,NA,NA,"Nord-ovest",2,"Valle d'Aosta/Vallée d'Aoste","Valle d'Aosta/Vallée d'Aoste",0,43.1952662721894,NA,0,NA,NA,NA,NA,NA,NA,NA,69.2622950819672,6.55737704918033,NA,409.83606557377,12.2950819672131,NA,NA,16527.8235294118,31.413612565445,NA,345.885245901639,0.246489425012768,NA,NA,NA,43.1952662721894,"Spring",53991,241283,6.11146733950268,10.8815692845665
1165,7010,"Bionaz","bionaz",2015-04-01,2015,4,"2015-04","Grand-Combin","Aprile",1403,1056,17,755,233,49671,NA,NA,NA,NA,NA,NA,NA,NA,NA,NA,NA,NA,NA,NA,NA,NA,NA,NA,NA,NA,NA,NA,NA,NA,NA,"Nord-ovest",2,"Valle d'Aosta/Vallée d'Aoste","Valle d'Aosta/Vallée d'Aoste",0,43.1952662721894,NA,0,NA,NA,NA,NA,NA,NA,NA,69.2622950819672,6.55737704918033,NA,409.83606557377,12.2950819672131,NA,NA,16527.8235294118,31.413612565445,NA,345.885245901639,0.246489425012768,NA,NA,NA,43.1952662721894,"Spring",53186,242629,6.96318998587024,10.8131966730447
1166,7010,"Bionaz","bionaz",2015-05-01,2015,5,"2015-05","Grand-Combin","Maggio",402,281,17,755,233,51709,NA,NA,NA,NA,NA,NA,NA,NA,NA,NA,NA,NA,NA,NA,NA,NA,NA,NA,NA,NA,NA,NA,NA,NA,NA,"Nord-ovest",2,"Valle d'Aosta/Vallée d'Aoste","Valle d'Aosta/Vallée d'Aoste",0,43.1952662721894,NA,0,NA,NA,NA,NA,NA,NA,NA,69.2622950819672,6.55737704918033,NA,409.83606557377,12.2950819672131,NA,NA,16527.8235294118,31.413612565445,NA,345.885245901639,0.246489425012768,NA,NA,NA,43.1952662721894,"Spring",49671,211387,5.64190707093811,10.8534064653903
1167,7010,"Bionaz","bionaz",2015-06-01,2015,6,"2015-06","Grand-Combin","Giugno",898,627,17,755,233,51010,NA,NA,NA,NA,NA,NA,NA,NA,NA,NA,NA,NA,NA,NA,NA,NA,NA,NA,NA,NA,NA,NA,NA,NA,NA,"Nord-ovest",2,"Valle d'Aosta/Vallée d'Aoste","Valle d'Aosta/Vallée d'Aoste",0,43.1952662721894,NA,0,NA,NA,NA,NA,NA,NA,NA,69.2622950819672,6.55737704918033,NA,409.83606557377,12.2950819672131,NA,NA,16527.8235294118,31.413612565445,NA,345.885245901639,0.246489425012768,NA,NA,NA,43.1952662721894,"Summer",51709,190057,6.4425401664682,10.839796574724
1168,7010,"Bionaz","bionaz",2015-07-01,2015,7,"2015-07","Grand-Combin","Luglio",6298,2672,17,755,233,61722,NA,NA,NA,NA,NA,NA,NA,NA,NA,NA,NA,NA,NA,NA,NA,NA,NA,NA,NA,NA,NA,NA,NA,NA,NA,"Nord-ovest",2,"Valle d'Aosta/Vallée d'Aoste","Valle d'Aosta/Vallée d'Aoste",0,43.1952662721894,NA,0,NA,NA,NA,NA,NA,NA,NA,69.2622950819672,6.55737704918033,NA,409.83606557377,12.2950819672131,NA,NA,16527.8235294118,31.413612565445,NA,345.885245901639,0.246489425012768,NA,NA,NA,43.1952662721894,"Summer",51010,153943,7.89095671613892,11.0304119119063
1169,7010,"Bionaz","bionaz",2015-08-01,2015,8,"2015-08","Grand-Combin","Agosto",6690,2126,17,755,233,67621,NA,NA,NA,NA,NA,NA,NA,NA,NA,NA,NA,NA,NA,NA,NA,NA,NA,NA,NA,NA,NA,NA,NA,NA,NA,"Nord-ovest",2,"Valle d'Aosta/Vallée d'Aoste","Valle d'Aosta/Vallée d'Aoste",0,43.1952662721894,NA,0,NA,NA,NA,NA,NA,NA,NA,69.2622950819672,6.55737704918033,NA,409.83606557377,12.2950819672131,NA,NA,16527.8235294118,31.413612565445,NA,345.885245901639,0.246489425012768,NA,NA,NA,43.1952662721894,"Summer",61722,115292,7.66246781520024,11.1216886528727
1170,7010,"Bionaz","bionaz",2015-09-01,2015,9,"2015-09","Grand-Combin","Settembre",1046,707,17,755,233,51815,NA,NA,NA,NA,NA,NA,NA,NA,NA,NA,NA,NA,NA,NA,NA,NA,NA,NA,NA,NA,NA,NA,NA,NA,NA,"Nord-ovest",2,"Valle d'Aosta/Vallée d'Aoste","Valle d'Aosta/Vallée d'Aoste",0,43.1952662721894,NA,0,NA,NA,NA,NA,NA,NA,NA,69.2622950819672,6.55737704918033,NA,409.83606557377,12.2950819672131,NA,NA,16527.8235294118,31.413612565445,NA,345.885245901639,0.246489425012768,NA,NA,NA,43.1952662721894,"Autumn",67621,122603,6.56244409369372,10.8554542608628
1171,7010,"Bionaz","bionaz",2015-10-01,2015,10,"2015-10","Grand-Combin","Ottobre",374,223,17,755,233,55739,NA,NA,NA,NA,NA,NA,NA,NA,NA,NA,NA,NA,NA,NA,NA,NA,NA,NA,NA,NA,NA,NA,NA,NA,NA,"Nord-ovest",2,"Valle d'Aosta/Vallée d'Aoste","Valle d'Aosta/Vallée d'Aoste",0,43.1952662721894,NA,0,NA,NA,NA,NA,NA,NA,NA,69.2622950819672,6.55737704918033,NA,409.83606557377,12.2950819672131,NA,NA,16527.8235294118,31.413612565445,NA,345.885245901639,0.246489425012768,NA,NA,NA,43.1952662721894,"Autumn",51815,141651,5.41164605185504,10.9284533010359
1172,7010,"Bionaz","bionaz",2015-11-01,2015,11,"2015-11","Grand-Combin","Novembre",95,57,17,755,233,50534,NA,NA,NA,NA,NA,NA,NA,NA,NA,NA,NA,NA,NA,NA,NA,NA,NA,NA,NA,NA,NA,NA,NA,NA,NA,"Nord-ovest",2,"Valle d'Aosta/Vallée d'Aoste","Valle d'Aosta/Vallée d'Aoste",0,43.1952662721894,NA,0,NA,NA,NA,NA,NA,NA,NA,69.2622950819672,6.55737704918033,NA,409.83606557377,12.2950819672131,NA,NA,16527.8235294118,31.413612565445,NA,345.885245901639,0.246489425012768,NA,NA,NA,43.1952662721894,"Autumn",55739,156699,4.06044301054642,10.8304214445088
1173,7010,"Bionaz","bionaz",2015-12-01,2015,12,"2015-12","Grand-Combin","Dicembre",993,443,17,755,233,59182,NA,NA,NA,NA,NA,NA,NA,NA,NA,NA,NA,NA,NA,NA,NA,NA,NA,NA,NA,NA,NA,NA,NA,NA,NA,"Nord-ovest",2,"Valle d'Aosta/Vallée d'Aoste","Valle d'Aosta/Vallée d'Aoste",0,43.1952662721894,NA,0,NA,NA,NA,NA,NA,NA,NA,69.2622950819672,6.55737704918033,NA,409.83606557377,12.2950819672131,NA,NA,16527.8235294118,31.413612565445,NA,345.885245901639,0.246489425012768,NA,NA,NA,43.1952662721894,"Winter",50534,101847,6.09582456243222,10.988389617471
1174,7010,"Bionaz","bionaz",2016-01-01,2016,1,"2016-01","Grand-Combin","Gennaio",823,350,17,754,236,61305,NA,NA,NA,NA,NA,NA,NA,NA,NA,NA,NA,NA,NA,NA,NA,NA,NA,NA,NA,NA,NA,NA,NA,NA,NA,"Nord-ovest",2,"Valle d'Aosta/Vallée d'Aoste","Valle d'Aosta/Vallée d'Aoste",0,42.9411764705882,NA,11.1111111111111,NA,NA,NA,NA,NA,NA,NA,68.8259109311741,6.47773279352227,NA,NA,NA,NA,NA,17548.9234972678,27.6595744680851,NA,419.356275303644,0.247822670674411,NA,NA,NA,42.9411764705882,"Winter",59182,57682,5.86078622346587,11.0236329964167
1175,7010,"Bionaz","bionaz",2016-02-01,2016,2,"2016-02","Grand-Combin","Febbraio",1013,441,17,754,236,55439,NA,NA,NA,NA,NA,NA,NA,NA,NA,NA,NA,NA,NA,NA,NA,NA,NA,NA,NA,NA,NA,NA,NA,NA,NA,"Nord-ovest",2,"Valle d'Aosta/Vallée d'Aoste","Valle d'Aosta/Vallée d'Aoste",0,42.9411764705882,NA,11.1111111111111,NA,NA,NA,NA,NA,NA,NA,68.8259109311741,6.47773279352227,NA,NA,NA,NA,NA,17548.9234972678,27.6595744680851,NA,419.356275303644,0.247822670674411,NA,NA,NA,42.9411764705882,"Winter",61305,53991,6.0913098820777,10.9230566338638
1176,7010,"Bionaz","bionaz",2016-03-01,2016,3,"2016-03","Grand-Combin","Marzo",1279,742,17,754,236,59682,NA,NA,NA,NA,NA,NA,NA,NA,NA,NA,NA,NA,NA,NA,NA,NA,NA,NA,NA,NA,NA,NA,NA,NA,NA,"Nord-ovest",2,"Valle d'Aosta/Vallée d'Aoste","Valle d'Aosta/Vallée d'Aoste",0,42.9411764705882,NA,11.1111111111111,NA,NA,NA,NA,NA,NA,NA,68.8259109311741,6.47773279352227,NA,NA,NA,NA,NA,17548.9234972678,27.6595744680851,NA,419.356275303644,0.247822670674411,NA,NA,NA,42.9411764705882,"Spring",55439,53186,6.61069604471776,10.9968025017108
1177,7010,"Bionaz","bionaz",2016-04-01,2016,4,"2016-04","Grand-Combin","Aprile",1031,722,17,754,236,52882,NA,NA,NA,NA,NA,NA,NA,NA,NA,NA,NA,NA,NA,NA,NA,NA,NA,NA,NA,NA,NA,NA,NA,NA,NA,"Nord-ovest",2,"Valle d'Aosta/Vallée d'Aoste","Valle d'Aosta/Vallée d'Aoste",0,42.9411764705882,NA,11.1111111111111,NA,NA,NA,NA,NA,NA,NA,68.8259109311741,6.47773279352227,NA,NA,NA,NA,NA,17548.9234972678,27.6595744680851,NA,419.356275303644,0.247822670674411,NA,NA,NA,42.9411764705882,"Spring",59682,49671,6.58340922215876,10.8758372051403
1178,7010,"Bionaz","bionaz",2016-05-01,2016,5,"2016-05","Grand-Combin","Maggio",383,255,17,754,236,50438,NA,NA,NA,NA,NA,NA,NA,NA,NA,NA,NA,NA,NA,NA,NA,NA,NA,NA,NA,NA,NA,NA,NA,NA,NA,"Nord-ovest",2,"Valle d'Aosta/Vallée d'Aoste","Valle d'Aosta/Vallée d'Aoste",0,42.9411764705882,NA,11.1111111111111,NA,NA,NA,NA,NA,NA,NA,68.8259109311741,6.47773279352227,NA,NA,NA,NA,NA,17548.9234972678,27.6595744680851,NA,419.356275303644,0.247822670674411,NA,NA,NA,42.9411764705882,"Spring",52882,51709,5.54517744447956,10.828519964347
1179,7010,"Bionaz","bionaz",2016-06-01,2016,6,"2016-06","Grand-Combin","Giugno",942,646,17,754,236,52601,NA,NA,NA,NA,NA,NA,NA,NA,NA,NA,NA,NA,NA,NA,NA,NA,NA,NA,NA,NA,NA,NA,NA,NA,NA,"Nord-ovest",2,"Valle d'Aosta/Vallée d'Aoste","Valle d'Aosta/Vallée d'Aoste",0,42.9411764705882,NA,11.1111111111111,NA,NA,NA,NA,NA,NA,NA,68.8259109311741,6.47773279352227,NA,NA,NA,NA,NA,17548.9234972678,27.6595744680851,NA,419.356275303644,0.247822670674411,NA,NA,NA,42.9411764705882,"Summer",50438,51010,6.4723462945009,10.8705094208166
1180,7010,"Bionaz","bionaz",2016-07-01,2016,7,"2016-07","Grand-Combin","Luglio",5403,2386,17,754,236,62469,NA,NA,NA,NA,NA,NA,NA,NA,NA,NA,NA,NA,NA,NA,NA,NA,NA,NA,NA,NA,NA,NA,NA,NA,NA,"Nord-ovest",2,"Valle d'Aosta/Vallée d'Aoste","Valle d'Aosta/Vallée d'Aoste",0,42.9411764705882,NA,11.1111111111111,NA,NA,NA,NA,NA,NA,NA,68.8259109311741,6.47773279352227,NA,NA,NA,NA,NA,17548.9234972678,27.6595744680851,NA,419.356275303644,0.247822670674411,NA,NA,NA,42.9411764705882,"Summer",52601,61722,7.77779262633883,11.0424417204876
1181,7010,"Bionaz","bionaz",2016-08-01,2016,8,"2016-08","Grand-Combin","Agosto",7622,2412,17,754,236,64722,NA,NA,NA,NA,NA,NA,NA,NA,NA,NA,NA,NA,NA,NA,NA,NA,NA,NA,NA,NA,NA,NA,NA,NA,NA,"Nord-ovest",2,"Valle d'Aosta/Vallée d'Aoste","Valle d'Aosta/Vallée d'Aoste",0,42.9411764705882,NA,11.1111111111111,NA,NA,NA,NA,NA,NA,NA,68.8259109311741,6.47773279352227,NA,NA,NA,NA,NA,17548.9234972678,27.6595744680851,NA,419.356275303644,0.247822670674411,NA,NA,NA,42.9411764705882,"Summer",62469,67621,7.78862606562503,11.077871904181
1182,7010,"Bionaz","bionaz",2016-09-01,2016,9,"2016-09","Grand-Combin","Settembre",1041,669,17,754,236,52603,NA,NA,NA,NA,NA,NA,NA,NA,NA,NA,NA,NA,NA,NA,NA,NA,NA,NA,NA,NA,NA,NA,NA,NA,NA,"Nord-ovest",2,"Valle d'Aosta/Vallée d'Aoste","Valle d'Aosta/Vallée d'Aoste",0,42.9411764705882,NA,11.1111111111111,NA,NA,NA,NA,NA,NA,NA,68.8259109311741,6.47773279352227,NA,NA,NA,NA,NA,17548.9234972678,27.6595744680851,NA,419.356275303644,0.247822670674411,NA,NA,NA,42.9411764705882,"Autumn",64722,51815,6.50727771238501,10.8705474414619
1183,7010,"Bionaz","bionaz",2016-10-01,2016,10,"2016-10","Grand-Combin","Ottobre",374,209,17,754,236,57166,NA,NA,NA,NA,NA,NA,NA,NA,NA,NA,NA,NA,NA,NA,NA,NA,NA,NA,NA,NA,NA,NA,NA,NA,NA,"Nord-ovest",2,"Valle d'Aosta/Vallée d'Aoste","Valle d'Aosta/Vallée d'Aoste",0,42.9411764705882,NA,11.1111111111111,NA,NA,NA,NA,NA,NA,NA,68.8259109311741,6.47773279352227,NA,NA,NA,NA,NA,17548.9234972678,27.6595744680851,NA,419.356275303644,0.247822670674411,NA,NA,NA,42.9411764705882,"Autumn",52603,55739,5.34710753071747,10.9537320878068
1184,7010,"Bionaz","bionaz",2016-11-01,2016,11,"2016-11","Grand-Combin","Novembre",123,89,17,754,236,54440,NA,NA,NA,NA,NA,NA,NA,NA,NA,NA,NA,NA,NA,NA,NA,NA,NA,NA,NA,NA,NA,NA,NA,NA,NA,"Nord-ovest",2,"Valle d'Aosta/Vallée d'Aoste","Valle d'Aosta/Vallée d'Aoste",0,42.9411764705882,NA,11.1111111111111,NA,NA,NA,NA,NA,NA,NA,68.8259109311741,6.47773279352227,NA,NA,NA,NA,NA,17548.9234972678,27.6595744680851,NA,419.356275303644,0.247822670674411,NA,NA,NA,42.9411764705882,"Autumn",57166,50534,4.49980967033027,10.9048728254431
1185,7010,"Bionaz","bionaz",2016-12-01,2016,12,"2016-12","Grand-Combin","Dicembre",678,316,17,754,236,63218,NA,NA,NA,NA,NA,NA,NA,NA,NA,NA,NA,NA,NA,NA,NA,NA,NA,NA,NA,NA,NA,NA,NA,NA,NA,"Nord-ovest",2,"Valle d'Aosta/Vallée d'Aoste","Valle d'Aosta/Vallée d'Aoste",0,42.9411764705882,NA,11.1111111111111,NA,NA,NA,NA,NA,NA,NA,68.8259109311741,6.47773279352227,NA,NA,NA,NA,NA,17548.9234972678,27.6595744680851,NA,419.356275303644,0.247822670674411,NA,NA,NA,42.9411764705882,"Winter",54440,59182,5.75890177387728,11.0543601678653
1186,7010,"Bionaz","bionaz",2017-01-01,2017,1,"2017-01","Grand-Combin","Gennaio",701,235,17,754,238,71039,NA,NA,NA,NA,NA,NA,NA,NA,NA,NA,NA,NA,NA,NA,NA,NA,NA,NA,NA,NA,NA,NA,NA,NA,NA,"Nord-ovest",2,"Valle d'Aosta/Vallée d'Aoste","Valle d'Aosta/Vallée d'Aoste",0,39.7590361445783,NA,21.0526315789474,NA,NA,NA,NA,NA,NA,NA,67.0707070707071,6.46464646464646,NA,404.040404040404,12.1212121212121,NA,NA,16649.3575418994,26.775956284153,NA,628.189898989899,0.247829121012083,NA,NA,NA,39.7590361445783,"Winter",63218,61305,5.46383180502561,11.1709983776661
1187,7010,"Bionaz","bionaz",2017-02-01,2017,2,"2017-02","Grand-Combin","Febbraio",525,306,17,754,238,56767,NA,NA,NA,NA,NA,NA,NA,NA,NA,NA,NA,NA,NA,NA,NA,NA,NA,NA,NA,NA,NA,NA,NA,NA,NA,"Nord-ovest",2,"Valle d'Aosta/Vallée d'Aoste","Valle d'Aosta/Vallée d'Aoste",0,39.7590361445783,NA,21.0526315789474,NA,NA,NA,NA,NA,NA,NA,67.0707070707071,6.46464646464646,NA,404.040404040404,12.1212121212121,NA,NA,16649.3575418994,26.775956284153,NA,628.189898989899,0.247829121012083,NA,NA,NA,39.7590361445783,"Winter",71039,55439,5.7268477475872,10.9467280656693
1188,7010,"Bionaz","bionaz",2017-03-01,2017,3,"2017-03","Grand-Combin","Marzo",747,414,17,754,238,62470,NA,NA,NA,NA,NA,NA,NA,NA,NA,NA,NA,NA,NA,NA,NA,NA,NA,NA,NA,NA,NA,NA,NA,NA,NA,"Nord-ovest",2,"Valle d'Aosta/Vallée d'Aoste","Valle d'Aosta/Vallée d'Aoste",0,39.7590361445783,NA,21.0526315789474,NA,NA,NA,NA,NA,NA,NA,67.0707070707071,6.46464646464646,NA,404.040404040404,12.1212121212121,NA,NA,16649.3575418994,26.775956284153,NA,628.189898989899,0.247829121012083,NA,NA,NA,39.7590361445783,"Spring",56767,59682,6.0282785202307,11.0424577280432
1189,7010,"Bionaz","bionaz",2017-04-01,2017,4,"2017-04","Grand-Combin","Aprile",1453,1184,17,754,238,61857,NA,NA,NA,NA,NA,NA,NA,NA,NA,NA,NA,NA,NA,NA,NA,NA,NA,NA,NA,NA,NA,NA,NA,NA,NA,"Nord-ovest",2,"Valle d'Aosta/Vallée d'Aoste","Valle d'Aosta/Vallée d'Aoste",0,39.7590361445783,NA,21.0526315789474,NA,NA,NA,NA,NA,NA,NA,67.0707070707071,6.46464646464646,NA,404.040404040404,12.1212121212121,NA,NA,16649.3575418994,26.775956284153,NA,628.189898989899,0.247829121012083,NA,NA,NA,39.7590361445783,"Spring",62470,52882,7.07749805356923,11.0325967146462
1190,7010,"Bionaz","bionaz",2017-05-01,2017,5,"2017-05","Grand-Combin","Maggio",228,130,17,754,238,60263,NA,NA,NA,NA,NA,NA,NA,NA,NA,NA,NA,NA,NA,NA,NA,NA,NA,NA,NA,NA,NA,NA,NA,NA,NA,"Nord-ovest",2,"Valle d'Aosta/Vallée d'Aoste","Valle d'Aosta/Vallée d'Aoste",0,39.7590361445783,NA,21.0526315789474,NA,NA,NA,NA,NA,NA,NA,67.0707070707071,6.46464646464646,NA,404.040404040404,12.1212121212121,NA,NA,16649.3575418994,26.775956284153,NA,628.189898989899,0.247829121012083,NA,NA,NA,39.7590361445783,"Spring",61857,50438,4.87519732320115,11.0064901895055
1191,7010,"Bionaz","bionaz",2017-06-01,2017,6,"2017-06","Grand-Combin","Giugno",1017,670,17,754,238,63584,NA,NA,NA,NA,NA,NA,NA,NA,NA,NA,NA,NA,NA,NA,NA,NA,NA,NA,NA,NA,NA,NA,NA,NA,NA,"Nord-ovest",2,"Valle d'Aosta/Vallée d'Aoste","Valle d'Aosta/Vallée d'Aoste",0,39.7590361445783,NA,21.0526315789474,NA,NA,NA,NA,NA,NA,NA,67.0707070707071,6.46464646464646,NA,404.040404040404,12.1212121212121,NA,NA,16649.3575418994,26.775956284153,NA,628.189898989899,0.247829121012083,NA,NA,NA,39.7590361445783,"Summer",60263,52601,6.50876913697168,11.0601328724548
1192,7010,"Bionaz","bionaz",2017-07-01,2017,7,"2017-07","Grand-Combin","Luglio",6576,2731,17,754,238,78712,NA,NA,NA,NA,NA,NA,NA,NA,NA,NA,NA,NA,NA,NA,NA,NA,NA,NA,NA,NA,NA,NA,NA,NA,NA,"Nord-ovest",2,"Valle d'Aosta/Vallée d'Aoste","Valle d'Aosta/Vallée d'Aoste",0,39.7590361445783,NA,21.0526315789474,NA,NA,NA,NA,NA,NA,NA,67.0707070707071,6.46464646464646,NA,404.040404040404,12.1212121212121,NA,NA,16649.3575418994,26.775956284153,NA,628.189898989899,0.247829121012083,NA,NA,NA,39.7590361445783,"Summer",63584,62469,7.91278922069068,11.273563605008
1193,7010,"Bionaz","bionaz",2017-08-01,2017,8,"2017-08","Grand-Combin","Agosto",7540,2637,17,754,238,82284,NA,NA,NA,NA,NA,NA,NA,NA,NA,NA,NA,NA,NA,NA,NA,NA,NA,NA,NA,NA,NA,NA,NA,NA,NA,"Nord-ovest",2,"Valle d'Aosta/Vallée d'Aoste","Valle d'Aosta/Vallée d'Aoste",0,39.7590361445783,NA,21.0526315789474,NA,NA,NA,NA,NA,NA,NA,67.0707070707071,6.46464646464646,NA,404.040404040404,12.1212121212121,NA,NA,16649.3575418994,26.775956284153,NA,628.189898989899,0.247829121012083,NA,NA,NA,39.7590361445783,"Summer",78712,64722,7.87777633327726,11.3179441100295
1194,7010,"Bionaz","bionaz",2017-09-01,2017,9,"2017-09","Grand-Combin","Settembre",976,717,17,754,238,67821,NA,NA,NA,NA,NA,NA,NA,NA,NA,NA,NA,NA,NA,NA,NA,NA,NA,NA,NA,NA,NA,NA,NA,NA,NA,"Nord-ovest",2,"Valle d'Aosta/Vallée d'Aoste","Valle d'Aosta/Vallée d'Aoste",0,39.7590361445783,NA,21.0526315789474,NA,NA,NA,NA,NA,NA,NA,67.0707070707071,6.46464646464646,NA,404.040404040404,12.1212121212121,NA,NA,16649.3575418994,26.775956284153,NA,628.189898989899,0.247829121012083,NA,NA,NA,39.7590361445783,"Autumn",82284,52603,6.57646956904822,11.1246419050708
1195,7010,"Bionaz","bionaz",2017-10-01,2017,10,"2017-10","Grand-Combin","Ottobre",160,121,17,754,238,62278,NA,NA,NA,NA,NA,NA,NA,NA,NA,NA,NA,NA,NA,NA,NA,NA,NA,NA,NA,NA,NA,NA,NA,NA,NA,"Nord-ovest",2,"Valle d'Aosta/Vallée d'Aoste","Valle d'Aosta/Vallée d'Aoste",0,39.7590361445783,NA,21.0526315789474,NA,NA,NA,NA,NA,NA,NA,67.0707070707071,6.46464646464646,NA,404.040404040404,12.1212121212121,NA,NA,16649.3575418994,26.775956284153,NA,628.189898989899,0.247829121012083,NA,NA,NA,39.7590361445783,"Autumn",67821,57166,4.80402104473326,11.0393795693001
1196,7010,"Bionaz","bionaz",2017-11-01,2017,11,"2017-11","Grand-Combin","Novembre",75,41,17,754,238,62368,NA,NA,NA,NA,NA,NA,NA,NA,NA,NA,NA,NA,NA,NA,NA,NA,NA,NA,NA,NA,NA,NA,NA,NA,NA,"Nord-ovest",2,"Valle d'Aosta/Vallée d'Aoste","Valle d'Aosta/Vallée d'Aoste",0,39.7590361445783,NA,21.0526315789474,NA,NA,NA,NA,NA,NA,NA,67.0707070707071,6.46464646464646,NA,404.040404040404,12.1212121212121,NA,NA,16649.3575418994,26.775956284153,NA,628.189898989899,0.247829121012083,NA,NA,NA,39.7590361445783,"Autumn",62278,54440,3.73766961828337,11.0408236360423
1197,7010,"Bionaz","bionaz",2017-12-01,2017,12,"2017-12","Grand-Combin","Dicembre",533,252,17,754,238,73918,NA,NA,NA,NA,NA,NA,NA,NA,NA,NA,NA,NA,NA,NA,NA,NA,NA,NA,NA,NA,NA,NA,NA,NA,NA,"Nord-ovest",2,"Valle d'Aosta/Vallée d'Aoste","Valle d'Aosta/Vallée d'Aoste",0,39.7590361445783,NA,21.0526315789474,NA,NA,NA,NA,NA,NA,NA,67.0707070707071,6.46464646464646,NA,404.040404040404,12.1212121212121,NA,NA,16649.3575418994,26.775956284153,NA,628.189898989899,0.247829121012083,NA,NA,NA,39.7590361445783,"Winter",62368,63218,5.53338948872752,11.2107251780855
1198,7010,"Bionaz","bionaz",2018-01-01,2018,1,"2018-01","Grand-Combin","Gennaio",775,231,17,766,235,64583,NA,NA,NA,NA,NA,NA,NA,NA,NA,NA,NA,NA,NA,NA,NA,NA,NA,NA,NA,NA,NA,NA,NA,NA,NA,"Nord-ovest",2,"Valle d'Aosta/Vallée d'Aoste","Valle d'Aosta/Vallée d'Aoste",0,37.3493975903614,NA,12.5,55.5555555555556,16.6666666666667,NA,NA,NA,NA,NA,69.7478991596639,6.72268907563025,NA,0,0,NA,NA,17406.6704545455,25.1396648044693,NA,533.90756302521,0.250432453232091,NA,NA,NA,37.3493975903614,"Winter",73918,71039,5.44673737166631,11.0757219810749
1199,7010,"Bionaz","bionaz",2018-02-01,2018,2,"2018-02","Grand-Combin","Febbraio",616,405,17,766,235,57527,NA,NA,NA,NA,NA,NA,NA,NA,NA,NA,NA,NA,NA,NA,NA,NA,NA,NA,NA,NA,NA,NA,NA,NA,NA,"Nord-ovest",2,"Valle d'Aosta/Vallée d'Aoste","Valle d'Aosta/Vallée d'Aoste",0,37.3493975903614,NA,12.5,55.5555555555556,16.6666666666667,NA,NA,NA,NA,NA,69.7478991596639,6.72268907563025,NA,0,0,NA,NA,17406.6704545455,25.1396648044693,NA,533.90756302521,0.250432453232091,NA,NA,NA,37.3493975903614,"Winter",64583,56767,6.00635315960173,10.9600270647823
1200,7010,"Bionaz","bionaz",2018-03-01,2018,3,"2018-03","Grand-Combin","Marzo",1094,636,17,766,235,69539,NA,NA,NA,NA,NA,NA,NA,NA,NA,NA,NA,NA,NA,NA,NA,NA,NA,NA,NA,NA,NA,NA,NA,NA,NA,"Nord-ovest",2,"Valle d'Aosta/Vallée d'Aoste","Valle d'Aosta/Vallée d'Aoste",0,37.3493975903614,NA,12.5,55.5555555555556,16.6666666666667,NA,NA,NA,NA,NA,69.7478991596639,6.72268907563025,NA,0,0,NA,NA,17406.6704545455,25.1396648044693,NA,533.90756302521,0.250432453232091,NA,NA,NA,37.3493975903614,"Spring",57527,62470,6.45676965557216,11.1496574055619
1201,7010,"Bionaz","bionaz",2018-04-01,2018,4,"2018-04","Grand-Combin","Aprile",1548,978,17,766,235,64383,NA,NA,NA,NA,NA,NA,NA,NA,NA,NA,NA,NA,NA,NA,NA,NA,NA,NA,NA,NA,NA,NA,NA,NA,NA,"Nord-ovest",2,"Valle d'Aosta/Vallée d'Aoste","Valle d'Aosta/Vallée d'Aoste",0,37.3493975903614,NA,12.5,55.5555555555556,16.6666666666667,NA,NA,NA,NA,NA,69.7478991596639,6.72268907563025,NA,0,0,NA,NA,17406.6704545455,25.1396648044693,NA,533.90756302521,0.250432453232091,NA,NA,NA,37.3493975903614,"Spring",69539,61857,6.88653164253051,11.0726204340194
1202,7010,"Bionaz","bionaz",2018-05-01,2018,5,"2018-05","Grand-Combin","Maggio",452,344,17,766,235,62565,NA,NA,NA,NA,NA,NA,NA,NA,NA,NA,NA,NA,NA,NA,NA,NA,NA,NA,NA,NA,NA,NA,NA,NA,NA,"Nord-ovest",2,"Valle d'Aosta/Vallée d'Aoste","Valle d'Aosta/Vallée d'Aoste",0,37.3493975903614,NA,12.5,55.5555555555556,16.6666666666667,NA,NA,NA,NA,NA,69.7478991596639,6.72268907563025,NA,0,0,NA,NA,17406.6704545455,25.1396648044693,NA,533.90756302521,0.250432453232091,NA,NA,NA,37.3493975903614,"Spring",64383,60263,5.84354441703136,11.0439772785487
1203,7010,"Bionaz","bionaz",2018-06-01,2018,6,"2018-06","Grand-Combin","Giugno",931,591,17,766,235,61065,NA,NA,NA,NA,NA,NA,NA,NA,NA,NA,NA,NA,NA,NA,NA,NA,NA,NA,NA,NA,NA,NA,NA,NA,NA,"Nord-ovest",2,"Valle d'Aosta/Vallée d'Aoste","Valle d'Aosta/Vallée d'Aoste",0,37.3493975903614,NA,12.5,55.5555555555556,16.6666666666667,NA,NA,NA,NA,NA,69.7478991596639,6.72268907563025,NA,0,0,NA,NA,17406.6704545455,25.1396648044693,NA,533.90756302521,0.250432453232091,NA,NA,NA,37.3493975903614,"Summer",62565,63584,6.38350663488401,11.0197105254639
1204,7010,"Bionaz","bionaz",2018-07-01,2018,7,"2018-07","Grand-Combin","Luglio",5535,2679,17,766,235,73022,NA,NA,NA,NA,NA,NA,NA,NA,NA,NA,NA,NA,NA,NA,NA,NA,NA,NA,NA,NA,NA,NA,NA,NA,NA,"Nord-ovest",2,"Valle d'Aosta/Vallée d'Aoste","Valle d'Aosta/Vallée d'Aoste",0,37.3493975903614,NA,12.5,55.5555555555556,16.6666666666667,NA,NA,NA,NA,NA,69.7478991596639,6.72268907563025,NA,0,0,NA,NA,17406.6704545455,25.1396648044693,NA,533.90756302521,0.250432453232091,NA,NA,NA,37.3493975903614,"Summer",61065,78712,7.8935720735049,11.198529739
1205,7010,"Bionaz","bionaz",2018-08-01,2018,8,"2018-08","Grand-Combin","Agosto",7659,2493,17,766,235,77874,NA,NA,NA,NA,NA,NA,NA,NA,NA,NA,NA,NA,NA,NA,NA,NA,NA,NA,NA,NA,NA,NA,NA,NA,NA,"Nord-ovest",2,"Valle d'Aosta/Vallée d'Aoste","Valle d'Aosta/Vallée d'Aoste",0,37.3493975903614,NA,12.5,55.5555555555556,16.6666666666667,NA,NA,NA,NA,NA,69.7478991596639,6.72268907563025,NA,0,0,NA,NA,17406.6704545455,25.1396648044693,NA,533.90756302521,0.250432453232091,NA,NA,NA,37.3493975903614,"Summer",73022,82284,7.82164312623998,11.2628602560898
1206,7010,"Bionaz","bionaz",2018-09-01,2018,9,"2018-09","Grand-Combin","Settembre",789,512,17,766,235,63954,NA,NA,NA,NA,NA,NA,NA,NA,NA,NA,NA,NA,NA,NA,NA,NA,NA,NA,NA,NA,NA,NA,NA,NA,NA,"Nord-ovest",2,"Valle d'Aosta/Vallée d'Aoste","Valle d'Aosta/Vallée d'Aoste",0,37.3493975903614,NA,12.5,55.5555555555556,16.6666666666667,NA,NA,NA,NA,NA,69.7478991596639,6.72268907563025,NA,0,0,NA,NA,17406.6704545455,25.1396648044693,NA,533.90756302521,0.250432453232091,NA,NA,NA,37.3493975903614,"Autumn",77874,67821,6.24027584517077,11.0659349900335
1207,7010,"Bionaz","bionaz",2018-10-01,2018,10,"2018-10","Grand-Combin","Ottobre",201,127,17,766,235,64006,NA,NA,NA,NA,NA,NA,NA,NA,NA,NA,NA,NA,NA,NA,NA,NA,NA,NA,NA,NA,NA,NA,NA,NA,NA,"Nord-ovest",2,"Valle d'Aosta/Vallée d'Aoste","Valle d'Aosta/Vallée d'Aoste",0,37.3493975903614,NA,12.5,55.5555555555556,16.6666666666667,NA,NA,NA,NA,NA,69.7478991596639,6.72268907563025,NA,0,0,NA,NA,17406.6704545455,25.1396648044693,NA,533.90756302521,0.250432453232091,NA,NA,NA,37.3493975903614,"Autumn",63954,62278,4.85203026391962,11.0667477313608
1208,7010,"Bionaz","bionaz",2018-11-01,2018,11,"2018-11","Grand-Combin","Novembre",61,51,17,766,235,59021,NA,NA,NA,NA,NA,NA,NA,NA,NA,NA,NA,NA,NA,NA,NA,NA,NA,NA,NA,NA,NA,NA,NA,NA,NA,"Nord-ovest",2,"Valle d'Aosta/Vallée d'Aoste","Valle d'Aosta/Vallée d'Aoste",0,37.3493975903614,NA,12.5,55.5555555555556,16.6666666666667,NA,NA,NA,NA,NA,69.7478991596639,6.72268907563025,NA,0,0,NA,NA,17406.6704545455,25.1396648044693,NA,533.90756302521,0.250432453232091,NA,NA,NA,37.3493975903614,"Autumn",64006,62368,3.95124371858143,10.9856655347408
1209,7010,"Bionaz","bionaz",2018-12-01,2018,12,"2018-12","Grand-Combin","Dicembre",556,232,17,766,235,69609,NA,NA,NA,NA,NA,NA,NA,NA,NA,NA,NA,NA,NA,NA,NA,NA,NA,NA,NA,NA,NA,NA,NA,NA,NA,"Nord-ovest",2,"Valle d'Aosta/Vallée d'Aoste","Valle d'Aosta/Vallée d'Aoste",0,37.3493975903614,NA,12.5,55.5555555555556,16.6666666666667,NA,NA,NA,NA,NA,69.7478991596639,6.72268907563025,NA,0,0,NA,NA,17406.6704545455,25.1396648044693,NA,533.90756302521,0.250432453232091,NA,NA,NA,37.3493975903614,"Winter",59021,73918,5.4510384535657,11.1506635141627
1210,7010,"Bionaz","bionaz",2019-01-01,2019,1,"2019-01","Grand-Combin","Gennaio",391,151,17,766,225,70578,10,36,0.318446195023597,838.396893365189,-4.5702782206768,38.0535008547162,229,1,2,-1,3,7,-4,1,0,1,0,0,-4,225,123,225,1.8,0,0,"Nord-ovest",2,"Valle d'Aosta/Vallée d'Aoste","Valle d'Aosta/Vallée d'Aoste",0,34.7826086956522,NA,18.1818181818182,56.8965517241379,13.7931034482759,NA,NA,NA,NA,NA,70.9251101321586,7.04845814977974,440.528634361234,0,0,NA,NA,17719.5303867403,23.2044198895028,NA,570.215859030837,0.253242916232871,5.40540540540541,44.1624365482233,53.2994923857868,34.7826086956522,"Winter",69609,64583,5.02388052084628,11.1644879288093
1211,7010,"Bionaz","bionaz",2019-02-01,2019,2,"2019-02","Grand-Combin","Febbraio",212,133,17,766,225,62602,10,36,0.233016709812488,840.266412502475,-3.07666230543141,29.8736990221994,229,1,2,-1,3,7,-4,1,0,1,0,0,-4,225,123,225,1.8,0,0,"Nord-ovest",2,"Valle d'Aosta/Vallée d'Aoste","Valle d'Aosta/Vallée d'Aoste",0,34.7826086956522,NA,18.1818181818182,56.8965517241379,13.7931034482759,NA,NA,NA,NA,NA,70.9251101321586,7.04845814977974,440.528634361234,0,0,NA,NA,17719.5303867403,23.2044198895028,NA,570.215859030837,0.253242916232871,5.40540540540541,44.1624365482233,53.2994923857868,34.7826086956522,"Winter",70578,57527,4.89783979995091,11.0445684792626
1212,7010,"Bionaz","bionaz",2019-03-01,2019,3,"2019-03","Grand-Combin","Marzo",1019,637,17,766,225,67354,10,36,0.336085460125629,827.028934295635,-2.11289974279257,37.708169059284,229,1,2,-1,3,7,-4,1,0,1,0,0,-4,225,123,225,1.8,0,0,"Nord-ovest",2,"Valle d'Aosta/Vallée d'Aoste","Valle d'Aosta/Vallée d'Aoste",0,34.7826086956522,NA,18.1818181818182,56.8965517241379,13.7931034482759,NA,NA,NA,NA,NA,70.9251101321586,7.04845814977974,440.528634361234,0,0,NA,NA,17719.5303867403,23.2044198895028,NA,570.215859030837,0.253242916232871,5.40540540540541,44.1624365482233,53.2994923857868,34.7826086956522,"Spring",62602,69539,6.45833828334479,11.1177324181327
1213,7010,"Bionaz","bionaz",2019-04-01,2019,4,"2019-04","Grand-Combin","Aprile",796,624,17,766,225,64616,10,36,0.8320963441514,851.279955144907,-0.824825444442981,40.7072864667677,229,1,2,-1,3,7,-4,1,0,1,0,0,-4,225,123,225,1.8,0,0,"Nord-ovest",2,"Valle d'Aosta/Vallée d'Aoste","Valle d'Aosta/Vallée d'Aoste",0,34.7826086956522,NA,18.1818181818182,56.8965517241379,13.7931034482759,NA,NA,NA,NA,NA,70.9251101321586,7.04845814977974,440.528634361234,0,0,NA,NA,17719.5303867403,23.2044198895028,NA,570.215859030837,0.253242916232871,5.40540540540541,44.1624365482233,53.2994923857868,34.7826086956522,"Spring",67354,64383,6.4377516497364,11.0762328130455
1214,7010,"Bionaz","bionaz",2019-05-01,2019,5,"2019-05","Grand-Combin","Maggio",142,123,17,766,225,63832,10,36,1.1640318416048,853.300859833289,2.29476319063846,24.2436005455986,229,1,2,-1,3,7,-4,1,0,1,0,0,-4,225,123,225,1.8,0,0,"Nord-ovest",2,"Valle d'Aosta/Vallée d'Aoste","Valle d'Aosta/Vallée d'Aoste",0,34.7826086956522,NA,18.1818181818182,56.8965517241379,13.7931034482759,NA,NA,NA,NA,NA,70.9251101321586,7.04845814977974,440.528634361234,0,0,NA,NA,17719.5303867403,23.2044198895028,NA,570.215859030837,0.253242916232871,5.40540540540541,44.1624365482233,53.2994923857868,34.7826086956522,"Spring",64616,62565,4.82028156560504,11.064025576989
1215,7010,"Bionaz","bionaz",2019-06-01,2019,6,"2019-06","Grand-Combin","Giugno",568,386,17,766,225,63022,10,36,0.950573851948014,853.886197157648,9.01289535128457,41.6383937318805,229,1,2,-1,3,7,-4,1,0,1,0,0,-4,225,123,225,1.8,0,0,"Nord-ovest",2,"Valle d'Aosta/Vallée d'Aoste","Valle d'Aosta/Vallée d'Aoste",0,34.7826086956522,NA,18.1818181818182,56.8965517241379,13.7931034482759,NA,NA,NA,NA,NA,70.9251101321586,7.04845814977974,440.528634361234,0,0,NA,NA,17719.5303867403,23.2044198895028,NA,570.215859030837,0.253242916232871,5.40540540540541,44.1624365482233,53.2994923857868,34.7826086956522,"Summer",63832,61065,5.95842469302978,11.0512550181135
1216,7010,"Bionaz","bionaz",2019-07-01,2019,7,"2019-07","Grand-Combin","Luglio",5099,2079,17,766,225,75681,10,36,1.10012830541478,867.622254441757,10.6945624696116,55.3431073158646,229,1,2,-1,3,7,-4,1,0,1,0,0,-4,225,123,225,1.8,0,0,"Nord-ovest",2,"Valle d'Aosta/Vallée d'Aoste","Valle d'Aosta/Vallée d'Aoste",0,34.7826086956522,NA,18.1818181818182,56.8965517241379,13.7931034482759,NA,NA,NA,NA,NA,70.9251101321586,7.04845814977974,440.528634361234,0,0,NA,NA,17719.5303867403,23.2044198895028,NA,570.215859030837,0.253242916232871,5.40540540540541,44.1624365482233,53.2994923857868,34.7826086956522,"Summer",63022,73022,7.64012317269536,11.2342956304379
1217,7010,"Bionaz","bionaz",2019-08-01,2019,8,"2019-08","Grand-Combin","Agosto",6942,2131,17,766,225,81100,10,36,1.21714794520203,859.860601365233,8.12518936300292,74.537960506915,229,1,2,-1,3,7,-4,1,0,1,0,0,-4,225,123,225,1.8,0,0,"Nord-ovest",2,"Valle d'Aosta/Vallée d'Aoste","Valle d'Aosta/Vallée d'Aoste",0,34.7826086956522,NA,18.1818181818182,56.8965517241379,13.7931034482759,NA,NA,NA,NA,NA,70.9251101321586,7.04845814977974,440.528634361234,0,0,NA,NA,17719.5303867403,23.2044198895028,NA,570.215859030837,0.253242916232871,5.40540540540541,44.1624365482233,53.2994923857868,34.7826086956522,"Summer",75681,77874,7.66481578528574,11.3034505704837
1218,7010,"Bionaz","bionaz",2019-09-01,2019,9,"2019-09","Grand-Combin","Settembre",761,491,17,766,225,63200,10,36,0.519513963693967,853.903181346902,8.83065456241244,68.041135376884,229,1,2,-1,3,7,-4,1,0,1,0,0,-4,225,123,225,1.8,0,0,"Nord-ovest",2,"Valle d'Aosta/Vallée d'Aoste","Valle d'Aosta/Vallée d'Aoste",0,34.7826086956522,NA,18.1818181818182,56.8965517241379,13.7931034482759,NA,NA,NA,NA,NA,70.9251101321586,7.04845814977974,440.528634361234,0,0,NA,NA,17719.5303867403,23.2044198895028,NA,570.215859030837,0.253242916232871,5.40540540540541,44.1624365482233,53.2994923857868,34.7826086956522,"Autumn",81100,63954,6.19847871649231,11.0540754027946
1219,7010,"Bionaz","bionaz",2019-10-01,2019,10,"2019-10","Grand-Combin","Ottobre",110,72,17,766,225,61481,10,36,1.64192387875508,837.241217687429,5.86835236318783,74.7192224560869,229,1,2,-1,3,7,-4,1,0,1,0,0,-4,225,123,225,1.8,0,0,"Nord-ovest",2,"Valle d'Aosta/Vallée d'Aoste","Valle d'Aosta/Vallée d'Aoste",0,34.7826086956522,NA,18.1818181818182,56.8965517241379,13.7931034482759,NA,NA,NA,NA,NA,70.9251101321586,7.04845814977974,440.528634361234,0,0,NA,NA,17719.5303867403,23.2044198895028,NA,570.215859030837,0.253242916232871,5.40540540540541,44.1624365482233,53.2994923857868,34.7826086956522,"Autumn",63200,64006,4.29045944114839,11.0264997280278
1220,7010,"Bionaz","bionaz",2019-11-01,2019,11,"2019-11","Grand-Combin","Novembre",6,0,17,766,225,62891,10,36,1.95813847574028,829.869761616811,-1.11796001978708,76.2242121765799,229,1,2,-1,3,7,-4,1,0,1,0,0,-4,225,123,225,1.8,0,0,"Nord-ovest",2,"Valle d'Aosta/Vallée d'Aoste","Valle d'Aosta/Vallée d'Aoste",0,34.7826086956522,NA,18.1818181818182,56.8965517241379,13.7931034482759,NA,NA,NA,NA,NA,70.9251101321586,7.04845814977974,440.528634361234,0,0,NA,NA,17719.5303867403,23.2044198895028,NA,570.215859030837,0.253242916232871,5.40540540540541,44.1624365482233,53.2994923857868,34.7826086956522,"Autumn",61481,59021,0,11.0491742485902
1221,7010,"Bionaz","bionaz",2019-12-01,2019,12,"2019-12","Grand-Combin","Dicembre",441,185,17,766,225,71481,10,36,1.18250224252095,832.035077808927,-1.67280095997664,60.6661338170291,229,1,2,-1,3,7,-4,1,0,1,0,0,-4,225,123,225,1.8,0,0,"Nord-ovest",2,"Valle d'Aosta/Vallée d'Aoste","Valle d'Aosta/Vallée d'Aoste",0,34.7826086956522,NA,18.1818181818182,56.8965517241379,13.7931034482759,NA,NA,NA,NA,NA,70.9251101321586,7.04845814977974,440.528634361234,0,0,NA,NA,17719.5303867403,23.2044198895028,NA,570.215859030837,0.253242916232871,5.40540540540541,44.1624365482233,53.2994923857868,34.7826086956522,"Winter",62891,69609,5.2257466737132,11.1772009487364
1222,7010,"Bionaz","bionaz",2020-01-01,2020,1,"2020-01","Grand-Combin","Gennaio",546,233,17,846,229,73989,10,36,0.34398393009251,840.361471112264,-5.37888766401865,49.1841620481059,225,0,6,-6,4,2,2,0,0,0,0,-3,-7,218,115,218,1.9,0,0,"Nord-ovest",2,"Valle d'Aosta/Vallée d'Aoste","Valle d'Aosta/Vallée d'Aoste",0,31.9277108433735,NA,28.5714285714286,56.3636363636364,20,NA,NA,NA,NA,NA,74.9435665914221,7.67494356659142,451.467268623025,0,0,NA,NA,17306.6519337017,23.8888888888889,NA,991.48532731377,0.25471640377861,NA,NA,NA,31.9277108433735,"Winter",71481,70578,5.4553211153577,11.2116852279196
1223,7010,"Bionaz","bionaz",2020-02-01,2020,2,"2020-02","Grand-Combin","Febbraio",138,84,17,846,229,68717,10,36,0.750598393055523,838.756326909343,-4.08058529672533,43.5541455736673,225,0,6,-6,4,2,2,0,0,0,0,-3,-7,218,115,218,1.9,0,0,"Nord-ovest",2,"Valle d'Aosta/Vallée d'Aoste","Valle d'Aosta/Vallée d'Aoste",0,31.9277108433735,NA,28.5714285714286,56.3636363636364,20,NA,NA,NA,NA,NA,74.9435665914221,7.67494356659142,451.467268623025,0,0,NA,NA,17306.6519337017,23.8888888888889,NA,991.48532731377,0.25471640377861,NA,NA,NA,31.9277108433735,"Winter",73989,62602,4.44265125649032,11.1377664526258
1224,7010,"Bionaz","bionaz",2020-03-01,2020,3,"2020-03","Grand-Combin","Marzo",24,18,17,846,229,63683,10,36,0.603038747301951,838.363372817975,-2.89228370201748,45.2946557447925,225,0,6,-6,4,2,2,0,0,0,0,-3,-7,218,115,218,1.9,0,0,"Nord-ovest",2,"Valle d'Aosta/Vallée d'Aoste","Valle d'Aosta/Vallée d'Aoste",0,31.9277108433735,NA,28.5714285714286,56.3636363636364,20,NA,NA,NA,NA,NA,74.9435665914221,7.67494356659142,451.467268623025,0,0,NA,NA,17306.6519337017,23.8888888888889,NA,991.48532731377,0.25471640377861,NA,NA,NA,31.9277108433735,"Spring",68717,67354,2.94443897916644,11.0616886326159
1225,7010,"Bionaz","bionaz",2020-04-01,2020,4,"2020-04","Grand-Combin","Aprile",0,0,17,846,229,57709,10,36,1.07479556331599,836.844467940005,0.547097945250136,44.885007121049,225,0,6,-6,4,2,2,0,0,0,0,-3,-7,218,115,218,1.9,0,0,"Nord-ovest",2,"Valle d'Aosta/Vallée d'Aoste","Valle d'Aosta/Vallée d'Aoste",0,31.9277108433735,NA,28.5714285714286,56.3636363636364,20,NA,NA,NA,NA,NA,74.9435665914221,7.67494356659142,451.467268623025,0,0,NA,NA,17306.6519337017,23.8888888888889,NA,991.48532731377,0.25471640377861,NA,NA,NA,31.9277108433735,"Spring",63683,64616,0,10.963185747705
1226,7010,"Bionaz","bionaz",2020-05-01,2020,5,"2020-05","Grand-Combin","Maggio",0,0,17,846,229,60511,10,36,2.04995760993975,844.266817526735,4.89723447960273,60.8046112365526,225,0,6,-6,4,2,2,0,0,0,0,-3,-7,218,115,218,1.9,0,0,"Nord-ovest",2,"Valle d'Aosta/Vallée d'Aoste","Valle d'Aosta/Vallée d'Aoste",0,31.9277108433735,NA,28.5714285714286,56.3636363636364,20,NA,NA,NA,NA,NA,74.9435665914221,7.67494356659142,451.467268623025,0,0,NA,NA,17306.6519337017,23.8888888888889,NA,991.48532731377,0.25471640377861,NA,NA,NA,31.9277108433735,"Spring",57709,63832,0,11.0105969714582
1227,7010,"Bionaz","bionaz",2020-06-01,2020,6,"2020-06","Grand-Combin","Giugno",334,211,17,846,229,63258,10,36,1.91183917882874,840.301091689051,7.58979047346545,66.7207652505554,225,0,6,-6,4,2,2,0,0,0,0,-3,-7,218,115,218,1.9,0,0,"Nord-ovest",2,"Valle d'Aosta/Vallée d'Aoste","Valle d'Aosta/Vallée d'Aoste",0,31.9277108433735,NA,28.5714285714286,56.3636363636364,20,NA,NA,NA,NA,NA,74.9435665914221,7.67494356659142,451.467268623025,0,0,NA,NA,17306.6519337017,23.8888888888889,NA,991.48532731377,0.25471640377861,NA,NA,NA,31.9277108433735,"Summer",60511,63022,5.35658627467201,11.0549926889573
1228,7010,"Bionaz","bionaz",2020-07-01,2020,7,"2020-07","Grand-Combin","Luglio",3562,1281,17,846,229,74833,10,36,0.745832742952485,860.846166138325,11.0177409370315,62.2162031328501,225,0,6,-6,4,2,2,0,0,0,0,-3,-7,218,115,218,1.9,0,0,"Nord-ovest",2,"Valle d'Aosta/Vallée d'Aoste","Valle d'Aosta/Vallée d'Aoste",0,31.9277108433735,NA,28.5714285714286,56.3636363636364,20,NA,NA,NA,NA,NA,74.9435665914221,7.67494356659142,451.467268623025,0,0,NA,NA,17306.6519337017,23.8888888888889,NA,991.48532731377,0.25471640377861,NA,NA,NA,31.9277108433735,"Summer",63258,75681,7.15617663748062,11.2230276061426
1229,7010,"Bionaz","bionaz",2020-08-01,2020,8,"2020-08","Grand-Combin","Agosto",5601,1922,17,846,229,81703,10,36,1.51621792933176,858.677234680061,10.5608920868335,63.601264410928,225,0,6,-6,4,2,2,0,0,0,0,-3,-7,218,115,218,1.9,0,0,"Nord-ovest",2,"Valle d'Aosta/Vallée d'Aoste","Valle d'Aosta/Vallée d'Aoste",0,31.9277108433735,NA,28.5714285714286,56.3636363636364,20,NA,NA,NA,NA,NA,74.9435665914221,7.67494356659142,451.467268623025,0,0,NA,NA,17306.6519337017,23.8888888888889,NA,991.48532731377,0.25471640377861,NA,NA,NA,31.9277108433735,"Summer",74833,81100,7.56164174558878,11.3108582392579
1230,7010,"Bionaz","bionaz",2020-09-01,2020,9,"2020-09","Grand-Combin","Settembre",648,394,17,846,229,65660,10,36,1.19868960013967,842.405508130887,7.50412652098973,70.8090405220206,225,0,6,-6,4,2,2,0,0,0,0,-3,-7,218,115,218,1.9,0,0,"Nord-ovest",2,"Valle d'Aosta/Vallée d'Aoste","Valle d'Aosta/Vallée d'Aoste",0,31.9277108433735,NA,28.5714285714286,56.3636363636364,20,NA,NA,NA,NA,NA,74.9435665914221,7.67494356659142,451.467268623025,0,0,NA,NA,17306.6519337017,23.8888888888889,NA,991.48532731377,0.25471640377861,NA,NA,NA,31.9277108433735,"Autumn",81703,63200,5.97888576490112,11.0922604209122
1231,7010,"Bionaz","bionaz",2020-10-01,2020,10,"2020-10","Grand-Combin","Ottobre",78,72,17,846,229,62382,10,36,1.357324425318,840.680549092785,4.56908275489691,66.6922361637678,225,0,6,-6,4,2,2,0,0,0,0,-3,-7,218,115,218,1.9,0,0,"Nord-ovest",2,"Valle d'Aosta/Vallée d'Aoste","Valle d'Aosta/Vallée d'Aoste",0,31.9277108433735,NA,28.5714285714286,56.3636363636364,20,NA,NA,NA,NA,NA,74.9435665914221,7.67494356659142,451.467268623025,0,0,NA,NA,17306.6519337017,23.8888888888889,NA,991.48532731377,0.25471640377861,NA,NA,NA,31.9277108433735,"Autumn",65660,61481,4.29045944114839,11.0410480813427
1232,7010,"Bionaz","bionaz",2020-11-01,2020,11,"2020-11","Grand-Combin","Novembre",0,0,17,846,229,58696,10,36,0.14198346907672,845.389784162238,1.72725358867692,61.6302509071304,225,0,6,-6,4,2,2,0,0,0,0,-3,-7,218,115,218,1.9,0,0,"Nord-ovest",2,"Valle d'Aosta/Vallée d'Aoste","Valle d'Aosta/Vallée d'Aoste",0,31.9277108433735,NA,28.5714285714286,56.3636363636364,20,NA,NA,NA,NA,NA,74.9435665914221,7.67494356659142,451.467268623025,0,0,NA,NA,17306.6519337017,23.8888888888889,NA,991.48532731377,0.25471640377861,NA,NA,NA,31.9277108433735,"Autumn",62382,62891,0,10.9801438971848
1233,7010,"Bionaz","bionaz",2020-12-01,2020,12,"2020-12","Grand-Combin","Dicembre",0,0,17,846,229,83160,10,36,0.635660515899727,828.79696272627,-4.13575346759919,65.7216727669288,225,0,6,-6,4,2,2,0,0,0,0,-3,-7,218,115,218,1.9,0,0,"Nord-ovest",2,"Valle d'Aosta/Vallée d'Aoste","Valle d'Aosta/Vallée d'Aoste",0,31.9277108433735,NA,28.5714285714286,56.3636363636364,20,NA,NA,NA,NA,NA,74.9435665914221,7.67494356659142,451.467268623025,0,0,NA,NA,17306.6519337017,23.8888888888889,NA,991.48532731377,0.25471640377861,NA,NA,NA,31.9277108433735,"Winter",58696,71481,0,11.3285337669117
1234,7010,"Bionaz","bionaz",2021-01-01,2021,1,"2021-01","Grand-Combin","Gennaio",224,70,17,862,225,78060,10,36,1.16741717635309,830.343422953492,-5.69896855677578,57.9318959275635,218,1,3,-2,3,2,1,1,0,1,0,0,0,218,115,218,1.9,0,0,"Nord-ovest",2,"Valle d'Aosta/Vallée d'Aoste","Valle d'Aosta/Vallée d'Aoste",0,33.1325301204819,NA,40,60.377358490566,16.9811320754717,NA,NA,4.58715596330275,200,0,76.1467889908257,6.42201834862385,458.715596330275,0,0,NA,NA,17938.8636363636,25.2873563218391,NA,839.587155963303,0.25471640377861,2.72187824780761,49.1308680809732,49.4845360824742,33.1325301204819,"Winter",83160,73989,4.26267987704132,11.265245851311
1235,7010,"Bionaz","bionaz",2021-02-01,2021,2,"2021-02","Grand-Combin","Febbraio",76,35,17,862,225,65920,10,36,0.362232821521814,773.018006070866,-2.64440605152883,55.4263847553615,218,1,3,-2,3,2,1,1,0,1,0,0,0,218,115,218,1.9,0,0,"Nord-ovest",2,"Valle d'Aosta/Vallée d'Aoste","Valle d'Aosta/Vallée d'Aoste",0,33.1325301204819,NA,40,60.377358490566,16.9811320754717,NA,NA,4.58715596330275,200,0,76.1467889908257,6.42201834862385,458.715596330275,0,0,NA,NA,17938.8636363636,25.2873563218391,NA,839.587155963303,0.25471640377861,2.72187824780761,49.1308680809732,49.4845360824742,33.1325301204819,"Winter",78060,68717,3.58351893845611,11.0962123343712
1236,7010,"Bionaz","bionaz",2021-03-01,2021,3,"2021-03","Grand-Combin","Marzo",84,32,17,862,225,66936,10,36,0.187036440187478,797.129043608833,-2.36753077432266,40.4049909993814,218,1,3,-2,3,2,1,1,0,1,0,0,0,218,115,218,1.9,0,0,"Nord-ovest",2,"Valle d'Aosta/Vallée d'Aoste","Valle d'Aosta/Vallée d'Aoste",0,33.1325301204819,NA,40,60.377358490566,16.9811320754717,NA,NA,4.58715596330275,200,0,76.1467889908257,6.42201834862385,458.715596330275,0,0,NA,NA,17938.8636363636,25.2873563218391,NA,839.587155963303,0.25471640377861,2.72187824780761,49.1308680809732,49.4845360824742,33.1325301204819,"Spring",65920,63683,3.49650756146648,11.1115071575077
1237,7010,"Bionaz","bionaz",2021-04-01,2021,4,"2021-04","Grand-Combin","Aprile",22,14,17,862,225,60509,10,36,1.20208905219049,841.410613499976,-2.41473356684916,42.7441140856514,218,1,3,-2,3,2,1,1,0,1,0,0,0,218,115,218,1.9,0,0,"Nord-ovest",2,"Valle d'Aosta/Vallée d'Aoste","Valle d'Aosta/Vallée d'Aoste",0,33.1325301204819,NA,40,60.377358490566,16.9811320754717,NA,NA,4.58715596330275,200,0,76.1467889908257,6.42201834862385,458.715596330275,0,0,NA,NA,17938.8636363636,25.2873563218391,NA,839.587155963303,0.25471640377861,2.72187824780761,49.1308680809732,49.4845360824742,33.1325301204819,"Spring",66936,57709,2.70805020110221,11.0105639196164
1238,7010,"Bionaz","bionaz",2021-05-01,2021,5,"2021-05","Grand-Combin","Maggio",2,2,17,862,225,63452,10,36,1.71313302862284,861.199549351286,1.39867429849104,17.6622404224701,218,1,3,-2,3,2,1,1,0,1,0,0,0,218,115,218,1.9,0,0,"Nord-ovest",2,"Valle d'Aosta/Vallée d'Aoste","Valle d'Aosta/Vallée d'Aoste",0,33.1325301204819,NA,40,60.377358490566,16.9811320754717,NA,NA,4.58715596330275,200,0,76.1467889908257,6.42201834862385,458.715596330275,0,0,NA,NA,17938.8636363636,25.2873563218391,NA,839.587155963303,0.25471640377861,2.72187824780761,49.1308680809732,49.4845360824742,33.1325301204819,"Spring",60509,60511,1.09861228866811,11.0580547533487
1239,7010,"Bionaz","bionaz",2021-06-01,2021,6,"2021-06","Grand-Combin","Giugno",495,235,17,862,225,67030,10,36,1.896271694162,857.297235190005,7.08079203743713,62.0346717663279,218,1,3,-2,3,2,1,1,0,1,0,0,0,218,115,218,1.9,0,0,"Nord-ovest",2,"Valle d'Aosta/Vallée d'Aoste","Valle d'Aosta/Vallée d'Aoste",0,33.1325301204819,NA,40,60.377358490566,16.9811320754717,NA,NA,4.58715596330275,200,0,76.1467889908257,6.42201834862385,458.715596330275,0,0,NA,NA,17938.8636363636,25.2873563218391,NA,839.587155963303,0.25471640377861,2.72187824780761,49.1308680809732,49.4845360824742,33.1325301204819,"Summer",63452,63258,5.46383180502561,11.1129104779338
1240,7010,"Bionaz","bionaz",2021-07-01,2021,7,"2021-07","Grand-Combin","Luglio",4205,1243,17,862,225,76824,10,36,1.74701426724962,855.541793547237,7.82248049902464,60.5123722885734,218,1,3,-2,3,2,1,1,0,1,0,0,0,218,115,218,1.9,0,0,"Nord-ovest",2,"Valle d'Aosta/Vallée d'Aoste","Valle d'Aosta/Vallée d'Aoste",0,33.1325301204819,NA,40,60.377358490566,16.9811320754717,NA,NA,4.58715596330275,200,0,76.1467889908257,6.42201834862385,458.715596330275,0,0,NA,NA,17938.8636363636,25.2873563218391,NA,839.587155963303,0.25471640377861,2.72187824780761,49.1308680809732,49.4845360824742,33.1325301204819,"Summer",67030,74833,7.12608727329912,11.2492853869987
1241,7010,"Bionaz","bionaz",2021-08-01,2021,8,"2021-08","Grand-Combin","Agosto",6310,1609,17,862,225,83962,10,36,0.588502548177343,857.390226203527,9.7855080173641,42.3243134156493,218,1,3,-2,3,2,1,1,0,1,0,0,0,218,115,218,1.9,0,0,"Nord-ovest",2,"Valle d'Aosta/Vallée d'Aoste","Valle d'Aosta/Vallée d'Aoste",0,33.1325301204819,NA,40,60.377358490566,16.9811320754717,NA,NA,4.58715596330275,200,0,76.1467889908257,6.42201834862385,458.715596330275,0,0,NA,NA,17938.8636363636,25.2873563218391,NA,839.587155963303,0.25471640377861,2.72187824780761,49.1308680809732,49.4845360824742,33.1325301204819,"Summer",76824,81703,7.38398945797851,11.3381315045968
1242,7010,"Bionaz","bionaz",2021-09-01,2021,9,"2021-09","Grand-Combin","Settembre",662,347,17,862,225,65327,10,36,1.19139229488394,853.79013977362,9.43472984771029,75.2261160049413,218,1,3,-2,3,2,1,1,0,1,0,0,0,218,115,218,1.9,0,0,"Nord-ovest",2,"Valle d'Aosta/Vallée d'Aoste","Valle d'Aosta/Vallée d'Aoste",0,33.1325301204819,NA,40,60.377358490566,16.9811320754717,NA,NA,4.58715596330275,200,0,76.1467889908257,6.42201834862385,458.715596330275,0,0,NA,NA,17938.8636363636,25.2873563218391,NA,839.587155963303,0.25471640377861,2.72187824780761,49.1308680809732,49.4845360824742,33.1325301204819,"Autumn",83962,65660,5.85220247977447,11.0871760135594
1243,7010,"Bionaz","bionaz",2021-10-01,2021,10,"2021-10","Grand-Combin","Ottobre",165,98,17,862,225,65584,10,36,1.10741699400398,846.154628967383,4.76859148198516,62.1631064238685,218,1,3,-2,3,2,1,1,0,1,0,0,0,218,115,218,1.9,0,0,"Nord-ovest",2,"Valle d'Aosta/Vallée d'Aoste","Valle d'Aosta/Vallée d'Aoste",0,33.1325301204819,NA,40,60.377358490566,16.9811320754717,NA,NA,4.58715596330275,200,0,76.1467889908257,6.42201834862385,458.715596330275,0,0,NA,NA,17938.8636363636,25.2873563218391,NA,839.587155963303,0.25471640377861,2.72187824780761,49.1308680809732,49.4845360824742,33.1325301204819,"Autumn",65327,62382,4.59511985013459,11.0911022902492
1244,7010,"Bionaz","bionaz",2021-11-01,2021,11,"2021-11","Grand-Combin","Novembre",9,9,17,862,225,68187,10,36,0.55413739074219,832.197612053506,0.66763504759579,59.4692981182453,218,1,3,-2,3,2,1,1,0,1,0,0,0,218,115,218,1.9,0,0,"Nord-ovest",2,"Valle d'Aosta/Vallée d'Aoste","Valle d'Aosta/Vallée d'Aoste",0,33.1325301204819,NA,40,60.377358490566,16.9811320754717,NA,NA,4.58715596330275,200,0,76.1467889908257,6.42201834862385,458.715596330275,0,0,NA,NA,17938.8636363636,25.2873563218391,NA,839.587155963303,0.25471640377861,2.72187824780761,49.1308680809732,49.4845360824742,33.1325301204819,"Autumn",65584,58696,2.30258509299405,11.1300238752708
1245,7010,"Bionaz","bionaz",2021-12-01,2021,12,"2021-12","Grand-Combin","Dicembre",271,100,17,862,225,90612,10,36,0.728951817223434,831.72510571738,-0.67225083938515,49.5996889609394,218,1,3,-2,3,2,1,1,0,1,0,0,0,218,115,218,1.9,0,0,"Nord-ovest",2,"Valle d'Aosta/Vallée d'Aoste","Valle d'Aosta/Vallée d'Aoste",0,33.1325301204819,NA,40,60.377358490566,16.9811320754717,NA,NA,4.58715596330275,200,0,76.1467889908257,6.42201834862385,458.715596330275,0,0,NA,NA,17938.8636363636,25.2873563218391,NA,839.587155963303,0.25471640377861,2.72187824780761,49.1308680809732,49.4845360824742,33.1325301204819,"Winter",68187,83160,4.61512051684126,11.4143529695964
1246,7010,"Bionaz","bionaz",2022-01-01,2022,1,"2022-01","Grand-Combin","Gennaio",334,90,17,862,218,86026,10,36,0.174606579572846,842.533508730907,-1.00138250561563,37.6748977782793,218,1,1,0,5,3,2,1,0,1,0,0,3,221,117,221,1.9,0,0,"Nord-ovest",2,"Valle d'Aosta/Vallée d'Aoste","Valle d'Aosta/Vallée d'Aoste",0,29.5180722891566,NA,40,69.2307692307692,19.2307692307692,NA,NA,NA,NA,NA,75.626423690205,6.83371298405467,455.580865603645,0,0,NA,NA,19030.5057471264,19.774011299435,NA,NA,0.26,3.41550498719192,48.4973341352634,49.7435897435897,29.5180722891566,"Winter",90612,78060,4.51085950651685,11.3624164794509
1247,7010,"Bionaz","bionaz",2022-02-01,2022,2,"2022-02","Grand-Combin","Febbraio",195,41,17,862,218,72269,10,36,0.243027075005023,859.652809571137,-2.69756146284928,41.5945871934297,218,1,1,0,5,3,2,1,0,1,0,0,3,221,117,221,1.9,0,0,"Nord-ovest",2,"Valle d'Aosta/Vallée d'Aoste","Valle d'Aosta/Vallée d'Aoste",0,29.5180722891566,NA,40,69.2307692307692,19.2307692307692,NA,NA,NA,NA,NA,75.626423690205,6.83371298405467,455.580865603645,0,0,NA,NA,19030.5057471264,19.774011299435,NA,NA,0.26,3.41550498719192,48.4973341352634,49.7435897435897,29.5180722891566,"Winter",86026,65920,3.73766961828337,11.188164384277
1248,7010,"Bionaz","bionaz",2022-03-01,2022,3,"2022-03","Grand-Combin","Marzo",113,25,17,862,218,72788,10,36,0.531640031504913,848.026270655342,-4.32899339810917,47.892653406158,218,1,1,0,5,3,2,1,0,1,0,0,3,221,117,221,1.9,0,0,"Nord-ovest",2,"Valle d'Aosta/Vallée d'Aoste","Valle d'Aosta/Vallée d'Aoste",0,29.5180722891566,NA,40,69.2307692307692,19.2307692307692,NA,NA,NA,NA,NA,75.626423690205,6.83371298405467,455.580865603645,0,0,NA,NA,19030.5057471264,19.774011299435,NA,NA,0.26,3.41550498719192,48.4973341352634,49.7435897435897,29.5180722891566,"Spring",72269,66936,3.25809653802148,11.1953201238671
1249,7010,"Bionaz","bionaz",2022-04-01,2022,4,"2022-04","Grand-Combin","Aprile",307,189,17,862,218,67983,10,36,0.877384296204938,835.02446883179,-1.23043485698485,35.8827318100801,218,1,1,0,5,3,2,1,0,1,0,0,3,221,117,221,1.9,0,0,"Nord-ovest",2,"Valle d'Aosta/Vallée d'Aoste","Valle d'Aosta/Vallée d'Aoste",0,29.5180722891566,NA,40,69.2307692307692,19.2307692307692,NA,NA,NA,NA,NA,75.626423690205,6.83371298405467,455.580865603645,0,0,NA,NA,19030.5057471264,19.774011299435,NA,NA,0.26,3.41550498719192,48.4973341352634,49.7435897435897,29.5180722891566,"Spring",72788,60509,5.24702407216049,11.1270276623546
1250,7010,"Bionaz","bionaz",2022-05-01,2022,5,"2022-05","Grand-Combin","Maggio",226,138,17,862,218,65432,10,36,1.43009491959367,843.368963621884,5.44479899078679,65.7127150233415,218,1,1,0,5,3,2,1,0,1,0,0,3,221,117,221,1.9,0,0,"Nord-ovest",2,"Valle d'Aosta/Vallée d'Aoste","Valle d'Aosta/Vallée d'Aoste",0,29.5180722891566,NA,40,69.2307692307692,19.2307692307692,NA,NA,NA,NA,NA,75.626423690205,6.83371298405467,455.580865603645,0,0,NA,NA,19030.5057471264,19.774011299435,NA,NA,0.26,3.41550498719192,48.4973341352634,49.7435897435897,29.5180722891566,"Spring",67983,63452,4.93447393313069,11.08878199734
1251,7010,"Bionaz","bionaz",2022-06-01,2022,6,"2022-06","Grand-Combin","Giugno",612,379,17,862,218,65093,10,36,1.37653653993442,846.68012203931,7.86553066925937,62.9902151536384,218,1,1,0,5,3,2,1,0,1,0,0,3,221,117,221,1.9,0,0,"Nord-ovest",2,"Valle d'Aosta/Vallée d'Aoste","Valle d'Aosta/Vallée d'Aoste",0,29.5180722891566,NA,40,69.2307692307692,19.2307692307692,NA,NA,NA,NA,NA,75.626423690205,6.83371298405467,455.580865603645,0,0,NA,NA,19030.5057471264,19.774011299435,NA,NA,0.26,3.41550498719192,48.4973341352634,49.7435897435897,29.5180722891566,"Summer",65432,67030,5.94017125272043,11.0835876580505
1252,7010,"Bionaz","bionaz",2022-07-01,2022,7,"2022-07","Grand-Combin","Luglio",5130,1631,17,862,218,77565,10,36,0.581278852045186,852.26802298548,10.5182535093628,56.3578768698929,218,1,1,0,5,3,2,1,0,1,0,0,3,221,117,221,1.9,0,0,"Nord-ovest",2,"Valle d'Aosta/Vallée d'Aoste","Valle d'Aosta/Vallée d'Aoste",0,29.5180722891566,NA,40,69.2307692307692,19.2307692307692,NA,NA,NA,NA,NA,75.626423690205,6.83371298405467,455.580865603645,0,0,NA,NA,19030.5057471264,19.774011299435,NA,NA,0.26,3.41550498719192,48.4973341352634,49.7435897435897,29.5180722891566,"Summer",65093,76824,7.39756153552405,11.2588844658281
1253,7010,"Bionaz","bionaz",2022-08-01,2022,8,"2022-08","Grand-Combin","Agosto",6183,1779,17,862,218,78087,10,36,0.82610281288315,853.530406215614,9.93234060782285,63.4448568706575,218,1,1,0,5,3,2,1,0,1,0,0,3,221,117,221,1.9,0,0,"Nord-ovest",2,"Valle d'Aosta/Vallée d'Aoste","Valle d'Aosta/Vallée d'Aoste",0,29.5180722891566,NA,40,69.2307692307692,19.2307692307692,NA,NA,NA,NA,NA,75.626423690205,6.83371298405467,455.580865603645,0,0,NA,NA,19030.5057471264,19.774011299435,NA,NA,0.26,3.41550498719192,48.4973341352634,49.7435897435897,29.5180722891566,"Summer",77565,83962,7.48436864328613,11.2655916748548
1254,7010,"Bionaz","bionaz",2022-09-01,2022,9,"2022-09","Grand-Combin","Settembre",750,394,17,862,218,62759,10,36,0.923097124597578,843.066971603547,5.69437946943109,62.5180457264296,218,1,1,0,5,3,2,1,0,1,0,0,3,221,117,221,1.9,0,0,"Nord-ovest",2,"Valle d'Aosta/Vallée d'Aoste","Valle d'Aosta/Vallée d'Aoste",0,29.5180722891566,NA,40,69.2307692307692,19.2307692307692,NA,NA,NA,NA,NA,75.626423690205,6.83371298405467,455.580865603645,0,0,NA,NA,19030.5057471264,19.774011299435,NA,NA,0.26,3.41550498719192,48.4973341352634,49.7435897435897,29.5180722891566,"Autumn",78087,65327,5.97888576490112,11.047073206847
1255,7010,"Bionaz","bionaz",2022-10-01,2022,10,"2022-10","Grand-Combin","Ottobre",62,36,17,862,218,63308,10,36,0.735619665951973,841.850069662877,6.53952458942854,71.5575267247929,218,1,1,0,5,3,2,1,0,1,0,0,3,221,117,221,1.9,0,0,"Nord-ovest",2,"Valle d'Aosta/Vallée d'Aoste","Valle d'Aosta/Vallée d'Aoste",0,29.5180722891566,NA,40,69.2307692307692,19.2307692307692,NA,NA,NA,NA,NA,75.626423690205,6.83371298405467,455.580865603645,0,0,NA,NA,19030.5057471264,19.774011299435,NA,NA,0.26,3.41550498719192,48.4973341352634,49.7435897435897,29.5180722891566,"Autumn",62759,65584,3.61091791264422,11.0557827781204
1256,7010,"Bionaz","bionaz",2022-11-01,2022,11,"2022-11","Grand-Combin","Novembre",9,9,17,862,218,59065,10,36,1.29180804832083,834.843129082124,1.39007319329453,60.0427081593516,218,1,1,0,5,3,2,1,0,1,0,0,3,221,117,221,1.9,0,0,"Nord-ovest",2,"Valle d'Aosta/Vallée d'Aoste","Valle d'Aosta/Vallée d'Aoste",0,29.5180722891566,NA,40,69.2307692307692,19.2307692307692,NA,NA,NA,NA,NA,75.626423690205,6.83371298405467,455.580865603645,0,0,NA,NA,19030.5057471264,19.774011299435,NA,NA,0.26,3.41550498719192,48.4973341352634,49.7435897435897,29.5180722891566,"Autumn",63308,68187,2.30258509299405,10.9864107417396
1257,7010,"Bionaz","bionaz",2022-12-01,2022,12,"2022-12","Grand-Combin","Dicembre",229,97,17,862,218,90243,10,36,0.932397751234991,837.895355875541,-2.23412421769417,66.2479545375605,218,1,1,0,5,3,2,1,0,1,0,0,3,221,117,221,1.9,0,0,"Nord-ovest",2,"Valle d'Aosta/Vallée d'Aoste","Valle d'Aosta/Vallée d'Aoste",0,29.5180722891566,NA,40,69.2307692307692,19.2307692307692,NA,NA,NA,NA,NA,75.626423690205,6.83371298405467,455.580865603645,0,0,NA,NA,19030.5057471264,19.774011299435,NA,NA,0.26,3.41550498719192,48.4973341352634,49.7435897435897,29.5180722891566,"Winter",59065,90612,4.58496747867057,11.4102723919906
1258,7010,"Bionaz","bionaz",2023-01-01,2023,1,"2023-01","Grand-Combin","Gennaio",350,114,17,862,218,86278,10,36,0.482523198995137,830.333980460054,-4.31597011274246,51.9974695880374,221,2,3,-1,5,2,3,0,1,-1,0,0,1,222,117,222,1.9,0,0,NA,NA,NA,NA,NA,NA,NA,NA,NA,NA,NA,NA,NA,NA,NA,NA,NA,NA,NA,NA,NA,NA,NA,NA,NA,NA,NA,NA,NA,NA,NA,"Winter",90243,86026,4.74493212836325,11.3653415102644
1259,7010,"Bionaz","bionaz",2023-02-01,2023,2,"2023-02","Grand-Combin","Febbraio",372,135,17,862,218,69712,10,36,0.194419294195799,840.407818691076,-2.67358162591492,45.3885020274196,221,2,3,-1,5,2,3,0,1,-1,0,0,1,222,117,222,1.9,0,0,NA,NA,NA,NA,NA,NA,NA,NA,NA,NA,NA,NA,NA,NA,NA,NA,NA,NA,NA,NA,NA,NA,NA,NA,NA,NA,NA,NA,NA,NA,NA,"Winter",86278,72269,4.91265488573605,11.152142092987
1260,7010,"Bionaz","bionaz",2023-03-01,2023,3,"2023-03","Grand-Combin","Marzo",406,278,17,862,218,66670,10,36,1.48088793564293,840.486654744068,-2.02496290658774,41.64779922909,221,2,3,-1,5,2,3,0,1,-1,0,0,1,222,117,222,1.9,0,0,NA,NA,NA,NA,NA,NA,NA,NA,NA,NA,NA,NA,NA,NA,NA,NA,NA,NA,NA,NA,NA,NA,NA,NA,NA,NA,NA,NA,NA,NA,NA,"Spring",69712,72788,5.63121178182137,11.1075253547497
1261,7010,"Bionaz","bionaz",2023-04-01,2023,4,"2023-04","Grand-Combin","Aprile",846,610,17,862,218,65088,10,36,1.53348301963337,836.053688356168,-1.34455690475597,35.9445577226517,221,2,3,-1,5,2,3,0,1,-1,0,0,1,222,117,222,1.9,0,0,NA,NA,NA,NA,NA,NA,NA,NA,NA,NA,NA,NA,NA,NA,NA,NA,NA,NA,NA,NA,NA,NA,NA,NA,NA,NA,NA,NA,NA,NA,NA,"Spring",66670,67983,6.4150969591716,11.0835108431054
1262,7010,"Bionaz","bionaz",2023-05-01,2023,5,"2023-05","Grand-Combin","Maggio",247,112,17,862,218,60722,10,36,2.9266621793635,850.586511980603,3.41678290386652,55.7687488894747,221,2,3,-1,5,2,3,0,1,-1,0,0,1,222,117,222,1.9,0,0,NA,NA,NA,NA,NA,NA,NA,NA,NA,NA,NA,NA,NA,NA,NA,NA,NA,NA,NA,NA,NA,NA,NA,NA,NA,NA,NA,NA,NA,NA,NA,"Spring",65088,65432,4.72738781871234,11.0140778179636
1263,7010,"Bionaz","bionaz",2023-06-01,2023,6,"2023-06","Grand-Combin","Giugno",805,494,17,862,218,59390,10,36,1.65147633255488,856.545711222359,8.8187830193275,51.0912718862202,221,2,3,-1,5,2,3,0,1,-1,0,0,1,222,117,222,1.9,0,0,NA,NA,NA,NA,NA,NA,NA,NA,NA,NA,NA,NA,NA,NA,NA,NA,NA,NA,NA,NA,NA,NA,NA,NA,NA,NA,NA,NA,NA,NA,NA,"Summer",60722,65093,6.20455776256869,10.9918979787196
1264,7010,"Bionaz","bionaz",2023-07-01,2023,7,"2023-07","Grand-Combin","Luglio",6202,2497,17,862,218,72442,10,36,0.958053207003959,849.555551362134,12.7086240460433,55.8384124396528,221,2,3,-1,5,2,3,0,1,-1,0,0,1,222,117,222,1.9,0,0,NA,NA,NA,NA,NA,NA,NA,NA,NA,NA,NA,NA,NA,NA,NA,NA,NA,NA,NA,NA,NA,NA,NA,NA,NA,NA,NA,NA,NA,NA,NA,"Summer",59390,77565,7.82324569068552,11.1905553247235
1265,7010,"Bionaz","bionaz",2023-08-01,2023,8,"2023-08","Grand-Combin","Agosto",7086,2296,17,862,218,75236,10,36,1.67089732206705,862.451294774586,12.2464926764346,58.8857620501832,221,2,3,-1,5,2,3,0,1,-1,0,0,1,222,117,222,1.9,0,0,NA,NA,NA,NA,NA,NA,NA,NA,NA,NA,NA,NA,NA,NA,NA,NA,NA,NA,NA,NA,NA,NA,NA,NA,NA,NA,NA,NA,NA,NA,NA,"Summer",72442,78087,7.7393592026891,11.2283984102117
1266,7010,"Bionaz","bionaz",2023-09-01,2023,9,"2023-09","Grand-Combin","Settembre",1020,527,17,862,218,58870,10,36,1.5540549121936,824.20274654061,8.94002416656993,56.6133041428629,221,2,3,-1,5,2,3,0,1,-1,0,0,1,222,117,222,1.9,0,0,NA,NA,NA,NA,NA,NA,NA,NA,NA,NA,NA,NA,NA,NA,NA,NA,NA,NA,NA,NA,NA,NA,NA,NA,NA,NA,NA,NA,NA,NA,NA,"Autumn",75236,62759,6.26909628370626,10.9831038884586
1267,7010,"Bionaz","bionaz",2023-10-01,2023,10,"2023-10","Grand-Combin","Ottobre",159,102,17,862,218,58823,10,36,1.7574232137732,840.346218329866,5.06409378657257,52.4906283777263,221,2,3,-1,5,2,3,0,1,-1,0,0,1,222,117,222,1.9,0,0,NA,NA,NA,NA,NA,NA,NA,NA,NA,NA,NA,NA,NA,NA,NA,NA,NA,NA,NA,NA,NA,NA,NA,NA,NA,NA,NA,NA,NA,NA,NA,"Autumn",58870,63308,4.63472898822964,10.9823052138761
1268,7010,"Bionaz","bionaz",2023-11-01,2023,11,"2023-11","Grand-Combin","Novembre",8,6,17,862,218,62481,10,36,1.73834905124271,837.761325021932,-1.16258779104106,32.3305326212241,221,2,3,-1,5,2,3,0,1,-1,0,0,1,222,117,222,1.9,0,0,NA,NA,NA,NA,NA,NA,NA,NA,NA,NA,NA,NA,NA,NA,NA,NA,NA,NA,NA,NA,NA,NA,NA,NA,NA,NA,NA,NA,NA,NA,NA,"Autumn",58823,59065,1.94591014905531,11.0426337942445
1269,7010,"Bionaz","bionaz",2023-12-01,2023,12,"2023-12","Grand-Combin","Dicembre",472,209,17,862,218,83247,10,36,1.63386540413866,838.347840091963,-2.05813539958669,39.7039485847391,221,2,3,-1,5,2,3,0,1,-1,0,0,1,222,117,222,1.9,0,0,NA,NA,NA,NA,NA,NA,NA,NA,NA,NA,NA,NA,NA,NA,NA,NA,NA,NA,NA,NA,NA,NA,NA,NA,NA,NA,NA,NA,NA,NA,NA,"Winter",62481,90243,5.34710753071747,11.3295793835301
1270,7010,"Bionaz","bionaz",2024-01-01,2024,1,"2024-01","Grand-Combin","Gennaio",419,133,18,880,221,79703,10,36,0.723731569393775,835.058464718279,-1.31696164190588,50.7635062687806,222,1,3,-2,3,5,-2,0,1,-1,0,0,-5,217,112,217,1.9,0,0,NA,NA,NA,NA,NA,NA,NA,NA,NA,NA,NA,NA,NA,NA,NA,NA,NA,NA,NA,NA,NA,NA,NA,NA,NA,NA,NA,NA,NA,NA,NA,"Winter",83247,86278,4.89783979995091,11.2860750517247
1271,7010,"Bionaz","bionaz",2024-02-01,2024,2,"2024-02","Grand-Combin","Febbraio",169,73,18,880,221,70792,10,36,1.10442071866928,833.263178274762,0.108885399189343,55.5461009979949,222,1,3,-2,3,5,-2,0,1,-1,0,0,-5,217,112,217,1.9,0,0,NA,NA,NA,NA,NA,NA,NA,NA,NA,NA,NA,NA,NA,NA,NA,NA,NA,NA,NA,NA,NA,NA,NA,NA,NA,NA,NA,NA,NA,NA,NA,"Winter",79703,69712,4.30406509320417,11.1675154047373
1272,7010,"Bionaz","bionaz",2024-03-01,2024,3,"2024-03","Grand-Combin","Marzo",472,363,18,880,221,76482,10,36,2.63850835992949,832.606945587601,-0.844874346831172,62.7020782703312,222,1,3,-2,3,5,-2,0,1,-1,0,0,-5,217,112,217,1.9,0,0,NA,NA,NA,NA,NA,NA,NA,NA,NA,NA,NA,NA,NA,NA,NA,NA,NA,NA,NA,NA,NA,NA,NA,NA,NA,NA,NA,NA,NA,NA,NA,"Spring",70792,66670,5.89715386763674,11.2448237728974
1273,7010,"Bionaz","bionaz",2024-04-01,2024,4,"2024-04","Grand-Combin","Aprile",801,589,18,880,221,61933,10,36,1.86837663247156,845.125814892326,-0.815507294307862,45.5401845324523,222,1,3,-2,3,5,-2,0,1,-1,0,0,-5,217,112,217,1.9,0,0,NA,NA,NA,NA,NA,NA,NA,NA,NA,NA,NA,NA,NA,NA,NA,NA,NA,NA,NA,NA,NA,NA,NA,NA,NA,NA,NA,NA,NA,NA,NA,"Spring",76482,65088,6.38012253689976,11.0338245808985
1274,7010,"Bionaz","bionaz",2024-05-01,2024,5,"2024-05","Grand-Combin","Maggio",289,177,18,880,221,63268,10,36,3.98081342622412,844.509523037898,3.09626872918298,41.908736855842,222,1,3,-2,3,5,-2,0,1,-1,0,0,-5,217,112,217,1.9,0,0,NA,NA,NA,NA,NA,NA,NA,NA,NA,NA,NA,NA,NA,NA,NA,NA,NA,NA,NA,NA,NA,NA,NA,NA,NA,NA,NA,NA,NA,NA,NA,"Spring",61933,60722,5.18178355029209,11.0551507567371
1275,7010,"Bionaz","bionaz",2024-06-01,2024,6,"2024-06","Grand-Combin","Giugno",809,512,18,880,221,58034,10,36,1.862502637318,867.498315928364,8.13291775684383,47.4875238068174,222,1,3,-2,3,5,-2,0,1,-1,0,0,-5,217,112,217,1.9,0,0,NA,NA,NA,NA,NA,NA,NA,NA,NA,NA,NA,NA,NA,NA,NA,NA,NA,NA,NA,NA,NA,NA,NA,NA,NA,NA,NA,NA,NA,NA,NA,"Summer",63268,59390,6.24027584517077,10.9688015558027
1276,7010,"Bionaz","bionaz",2024-07-01,2024,7,"2024-07","Grand-Combin","Luglio",5532,2133,18,880,221,71019,10,36,0.750509087115872,866.015436836793,11.4793408865762,41.4541062512054,222,1,3,-2,3,5,-2,0,1,-1,0,0,-5,217,112,217,1.9,0,0,NA,NA,NA,NA,NA,NA,NA,NA,NA,NA,NA,NA,NA,NA,NA,NA,NA,NA,NA,NA,NA,NA,NA,NA,NA,NA,NA,NA,NA,NA,NA,"Summer",58034,72442,7.6657534318617,11.1707168064971
1277,7010,"Bionaz","bionaz",2024-08-01,2024,8,"2024-08","Grand-Combin","Agosto",8150,2887,18,880,221,76060,10,36,0.730109897862101,854.98929565859,10.0652498937082,65.2734482089965,222,1,3,-2,3,5,-2,0,1,-1,0,0,-5,217,112,217,1.9,0,0,NA,NA,NA,NA,NA,NA,NA,NA,NA,NA,NA,NA,NA,NA,NA,NA,NA,NA,NA,NA,NA,NA,NA,NA,NA,NA,NA,NA,NA,NA,NA,"Summer",71019,75236,7.96831950001272,11.2392909289109
1278,7010,"Bionaz","bionaz",2024-09-01,2024,9,"2024-09","Grand-Combin","Settembre",750,455,18,880,221,58879,10,36,1.76618107954803,839.721769282513,7.17574531174399,65.516733248889,222,1,3,-2,3,5,-2,0,1,-1,0,0,-5,217,112,217,1.9,0,0,NA,NA,NA,NA,NA,NA,NA,NA,NA,NA,NA,NA,NA,NA,NA,NA,NA,NA,NA,NA,NA,NA,NA,NA,NA,NA,NA,NA,NA,NA,NA,"Autumn",76060,58870,6.12249280951439,10.9832567534028
1279,7010,"Bionaz","bionaz",2024-10-01,2024,10,"2024-10","Grand-Combin","Ottobre",256,221,18,880,221,61423,10,36,3.08245933432978,842.064645958451,5.41114786638549,81.328095446118,222,1,3,-2,3,5,-2,0,1,-1,0,0,-5,217,112,217,1.9,0,0,NA,NA,NA,NA,NA,NA,NA,NA,NA,NA,NA,NA,NA,NA,NA,NA,NA,NA,NA,NA,NA,NA,NA,NA,NA,NA,NA,NA,NA,NA,NA,"Autumn",58879,58823,5.40267738187228,11.0255559172406
1280,7010,"Bionaz","bionaz",2024-11-01,2024,11,"2024-11","Grand-Combin","Novembre",230,82,18,880,221,77172,10,36,1.2217633196454,845.497077893688,1.34027245407303,59.0677099082659,222,1,3,-2,3,5,-2,0,1,-1,0,0,-5,217,112,217,1.9,0,0,NA,NA,NA,NA,NA,NA,NA,NA,NA,NA,NA,NA,NA,NA,NA,NA,NA,NA,NA,NA,NA,NA,NA,NA,NA,NA,NA,NA,NA,NA,NA,"Autumn",61423,62481,4.4188406077966,11.2538049339066
1281,7010,"Bionaz","bionaz",2024-12-01,2024,12,"2024-12","Grand-Combin","Dicembre",583,233,18,880,221,90011,10,36,0.539746390425239,836.504160219893,-1.41678470888485,39.4065698355609,222,1,3,-2,3,5,-2,0,1,-1,0,0,-5,217,112,217,1.9,0,0,NA,NA,NA,NA,NA,NA,NA,NA,NA,NA,NA,NA,NA,NA,NA,NA,NA,NA,NA,NA,NA,NA,NA,NA,NA,NA,NA,NA,NA,NA,NA,"Winter",77172,83247,5.4553211153577,11.4076982737576
1282,7010,"Bionaz","bionaz",2025-01-01,2025,1,"2025-01","Grand-Combin","Gennaio",454,138,34,1032,221,63889,10,36,1.40406438002513,834.362570780721,-2.01540166198556,54.4906062080122,NA,NA,NA,NA,NA,NA,NA,NA,NA,NA,NA,NA,NA,NA,NA,NA,NA,NA,NA,NA,NA,NA,NA,NA,NA,NA,NA,NA,NA,NA,NA,NA,NA,NA,NA,NA,NA,NA,NA,NA,NA,NA,NA,NA,NA,NA,NA,NA,NA,NA,"Winter",90011,79703,4.93447393313069,11.0649181335964
1283,7010,"Bionaz","bionaz",2025-02-01,2025,2,"2025-02","Grand-Combin","Febbraio",311,146,34,1032,221,52172,10,36,0.307088029353558,834.878463540124,-1.42653397468709,62.7252544018899,NA,NA,NA,NA,NA,NA,NA,NA,NA,NA,NA,NA,NA,NA,NA,NA,NA,NA,NA,NA,NA,NA,NA,NA,NA,NA,NA,NA,NA,NA,NA,NA,NA,NA,NA,NA,NA,NA,NA,NA,NA,NA,NA,NA,NA,NA,NA,NA,NA,NA,"Winter",63889,70792,4.99043258677874,10.862320398676
1284,7010,"Bionaz","bionaz",2025-03-01,2025,3,"2025-03","Grand-Combin","Marzo",602,438,34,1032,221,46776,10,36,0.965481437838324,834.034808117225,-1.74530286328791,58.2499236982145,NA,NA,NA,NA,NA,NA,NA,NA,NA,NA,NA,NA,NA,NA,NA,NA,NA,NA,NA,NA,NA,NA,NA,NA,NA,NA,NA,NA,NA,NA,NA,NA,NA,NA,NA,NA,NA,NA,NA,NA,NA,NA,NA,NA,NA,NA,NA,NA,NA,NA,"Spring",52172,76482,6.08449941307517,10.7531469081117
1285,7010,"Bionaz","bionaz",2025-04-01,2025,4,"2025-04","Grand-Combin","Aprile",880,664,34,1032,221,40137,10,36,3.47147341912739,844.709938791722,1.18309764584911,50.8622828146008,NA,NA,NA,NA,NA,NA,NA,NA,NA,NA,NA,NA,NA,NA,NA,NA,NA,NA,NA,NA,NA,NA,NA,NA,NA,NA,NA,NA,NA,NA,NA,NA,NA,NA,NA,NA,NA,NA,NA,NA,NA,NA,NA,NA,NA,NA,NA,NA,NA,NA,"Spring",46776,61933,6.49978704065585,10.6000787954986
1286,7010,"Bionaz","bionaz",2025-05-01,2025,5,"2025-05","Grand-Combin","Maggio",484,309,34,1032,221,41926,10,36,1.72229835102189,846.172373053053,4.77012050511558,53.7111282776117,NA,NA,NA,NA,NA,NA,NA,NA,NA,NA,NA,NA,NA,NA,NA,NA,NA,NA,NA,NA,NA,NA,NA,NA,NA,NA,NA,NA,NA,NA,NA,NA,NA,NA,NA,NA,NA,NA,NA,NA,NA,NA,NA,NA,NA,NA,NA,NA,NA,NA,"Spring",40137,63268,5.73657229747919,10.6436852897873
1287,7010,"Bionaz","bionaz",2025-06-01,2025,6,"2025-06","Grand-Combin","Giugno",1668,977,34,1032,221,45301,10,36,0.83198638471977,858.14166260972,9.64599278648636,63.2402972123163,NA,NA,NA,NA,NA,NA,NA,NA,NA,NA,NA,NA,NA,NA,NA,NA,NA,NA,NA,NA,NA,NA,NA,NA,NA,NA,NA,NA,NA,NA,NA,NA,NA,NA,NA,NA,NA,NA,NA,NA,NA,NA,NA,NA,NA,NA,NA,NA,NA,NA,"Summer",41926,58034,6.88550967003482,10.7211064606069
1288,7010,"Bionaz","bionaz",2025-07-01,2025,7,"2025-07","Grand-Combin","Luglio",7017,2852,34,1032,221,55289,10,36,0.900571840753723,851.971790186052,9.84471338723898,60.121257066865,NA,NA,NA,NA,NA,NA,NA,NA,NA,NA,NA,NA,NA,NA,NA,NA,NA,NA,NA,NA,NA,NA,NA,NA,NA,NA,NA,NA,NA,NA,NA,NA,NA,NA,NA,NA,NA,NA,NA,NA,NA,NA,NA,NA,NA,NA,NA,NA,NA,NA,"Summer",45301,71019,7.9561263512135,10.920347339332
1289,7010,"Bionaz","bionaz",2025-08-01,2025,8,"2025-08","Grand-Combin","Agosto",7454,2620,34,1032,221,60112,10,36,0.994361362179126,843.381126989275,11.399599512976,74.6040342345649,NA,NA,NA,NA,NA,NA,NA,NA,NA,NA,NA,NA,NA,NA,NA,NA,NA,NA,NA,NA,NA,NA,NA,NA,NA,NA,NA,NA,NA,NA,NA,NA,NA,NA,NA,NA,NA,NA,NA,NA,NA,NA,NA,NA,NA,NA,NA,NA,NA,NA,"Summer",55289,76060,7.87131120332341,11.0039814032889
1290,7010,"Bionaz","bionaz",2025-09-01,2025,9,"2025-09","Grand-Combin","Settembre",1054,625,34,1032,221,31007,10,36,1.15399794684519,862.523866166487,9.45653784470625,73.1318151912667,NA,NA,NA,NA,NA,NA,NA,NA,NA,NA,NA,NA,NA,NA,NA,NA,NA,NA,NA,NA,NA,NA,NA,NA,NA,NA,NA,NA,NA,NA,NA,NA,NA,NA,NA,NA,NA,NA,NA,NA,NA,NA,NA,NA,NA,NA,NA,NA,NA,NA,"Autumn",60112,58879,6.4393503711001,10.3420005146905
2968,7024,"Doues","doues",2015-01-01,2015,1,"2015-01","Grand-Combin","Gennaio",177,105,6,105,510,836,NA,NA,NA,NA,NA,NA,NA,NA,NA,NA,NA,NA,NA,NA,NA,NA,NA,NA,NA,NA,NA,NA,NA,NA,NA,"Nord-ovest",2,"Valle d'Aosta/Vallée d'Aoste","Valle d'Aosta/Vallée d'Aoste",0,36.9627507163324,NA,11.7647058823529,NA,NA,NA,NA,NA,NA,NA,67.7012609117362,9.11736178467507,NA,0,0,NA,NA,19336.1156812339,28.391959798995,NA,472.715809893307,3.87140036050224,NA,NA,NA,36.9627507163324,"Winter",203943,308698,4.66343909411207,6.72982407048948
2969,7024,"Doues","doues",2015-02-01,2015,2,"2015-02","Grand-Combin","Febbraio",238,124,6,105,510,771,NA,NA,NA,NA,NA,NA,NA,NA,NA,NA,NA,NA,NA,NA,NA,NA,NA,NA,NA,NA,NA,NA,NA,NA,NA,"Nord-ovest",2,"Valle d'Aosta/Vallée d'Aoste","Valle d'Aosta/Vallée d'Aoste",0,36.9627507163324,NA,11.7647058823529,NA,NA,NA,NA,NA,NA,NA,67.7012609117362,9.11736178467507,NA,0,0,NA,NA,19336.1156812339,28.391959798995,NA,472.715809893307,3.87140036050224,NA,NA,NA,36.9627507163324,"Winter",836,305161,4.8283137373023,6.64898455002478
2970,7024,"Doues","doues",2015-03-01,2015,3,"2015-03","Grand-Combin","Marzo",64,48,6,105,510,843,NA,NA,NA,NA,NA,NA,NA,NA,NA,NA,NA,NA,NA,NA,NA,NA,NA,NA,NA,NA,NA,NA,NA,NA,NA,"Nord-ovest",2,"Valle d'Aosta/Vallée d'Aoste","Valle d'Aosta/Vallée d'Aoste",0,36.9627507163324,NA,11.7647058823529,NA,NA,NA,NA,NA,NA,NA,67.7012609117362,9.11736178467507,NA,0,0,NA,NA,19336.1156812339,28.391959798995,NA,472.715809893307,3.87140036050224,NA,NA,NA,36.9627507163324,"Spring",771,351108,3.89182029811063,6.73815249459596
2971,7024,"Doues","doues",2015-04-01,2015,4,"2015-04","Grand-Combin","Aprile",127,76,6,105,510,837,NA,NA,NA,NA,NA,NA,NA,NA,NA,NA,NA,NA,NA,NA,NA,NA,NA,NA,NA,NA,NA,NA,NA,NA,NA,"Nord-ovest",2,"Valle d'Aosta/Vallée d'Aoste","Valle d'Aosta/Vallée d'Aoste",0,36.9627507163324,NA,11.7647058823529,NA,NA,NA,NA,NA,NA,NA,67.7012609117362,9.11736178467507,NA,0,0,NA,NA,19336.1156812339,28.391959798995,NA,472.715809893307,3.87140036050224,NA,NA,NA,36.9627507163324,"Spring",843,362189,4.34380542185368,6.73101810048208
2972,7024,"Doues","doues",2015-05-01,2015,5,"2015-05","Grand-Combin","Maggio",202,136,6,105,510,880,NA,NA,NA,NA,NA,NA,NA,NA,NA,NA,NA,NA,NA,NA,NA,NA,NA,NA,NA,NA,NA,NA,NA,NA,NA,"Nord-ovest",2,"Valle d'Aosta/Vallée d'Aoste","Valle d'Aosta/Vallée d'Aoste",0,36.9627507163324,NA,11.7647058823529,NA,NA,NA,NA,NA,NA,NA,67.7012609117362,9.11736178467507,NA,0,0,NA,NA,19336.1156812339,28.391959798995,NA,472.715809893307,3.87140036050224,NA,NA,NA,36.9627507163324,"Spring",837,314037,4.91998092582813,6.78105762593618
2973,7024,"Doues","doues",2015-06-01,2015,6,"2015-06","Grand-Combin","Giugno",409,212,6,105,510,858,NA,NA,NA,NA,NA,NA,NA,NA,NA,NA,NA,NA,NA,NA,NA,NA,NA,NA,NA,NA,NA,NA,NA,NA,NA,"Nord-ovest",2,"Valle d'Aosta/Vallée d'Aoste","Valle d'Aosta/Vallée d'Aoste",0,36.9627507163324,NA,11.7647058823529,NA,NA,NA,NA,NA,NA,NA,67.7012609117362,9.11736178467507,NA,0,0,NA,NA,19336.1156812339,28.391959798995,NA,472.715809893307,3.87140036050224,NA,NA,NA,36.9627507163324,"Summer",880,318874,5.36129216570943,6.75576892198425
2974,7024,"Doues","doues",2015-07-01,2015,7,"2015-07","Grand-Combin","Luglio",1160,513,6,105,510,886,NA,NA,NA,NA,NA,NA,NA,NA,NA,NA,NA,NA,NA,NA,NA,NA,NA,NA,NA,NA,NA,NA,NA,NA,NA,"Nord-ovest",2,"Valle d'Aosta/Vallée d'Aoste","Valle d'Aosta/Vallée d'Aoste",0,36.9627507163324,NA,11.7647058823529,NA,NA,NA,NA,NA,NA,NA,67.7012609117362,9.11736178467507,NA,0,0,NA,NA,19336.1156812339,28.391959798995,NA,472.715809893307,3.87140036050224,NA,NA,NA,36.9627507163324,"Summer",858,277069,6.24222326545517,6.78784498230958
2975,7024,"Doues","doues",2015-08-01,2015,8,"2015-08","Grand-Combin","Agosto",1326,511,6,105,510,883,NA,NA,NA,NA,NA,NA,NA,NA,NA,NA,NA,NA,NA,NA,NA,NA,NA,NA,NA,NA,NA,NA,NA,NA,NA,"Nord-ovest",2,"Valle d'Aosta/Vallée d'Aoste","Valle d'Aosta/Vallée d'Aoste",0,36.9627507163324,NA,11.7647058823529,NA,NA,NA,NA,NA,NA,NA,67.7012609117362,9.11736178467507,NA,0,0,NA,NA,19336.1156812339,28.391959798995,NA,472.715809893307,3.87140036050224,NA,NA,NA,36.9627507163324,"Summer",886,259987,6.23832462503951,6.78445706263764
2976,7024,"Doues","doues",2015-09-01,2015,9,"2015-09","Grand-Combin","Settembre",472,225,6,105,510,842,NA,NA,NA,NA,NA,NA,NA,NA,NA,NA,NA,NA,NA,NA,NA,NA,NA,NA,NA,NA,NA,NA,NA,NA,NA,"Nord-ovest",2,"Valle d'Aosta/Vallée d'Aoste","Valle d'Aosta/Vallée d'Aoste",0,36.9627507163324,NA,11.7647058823529,NA,NA,NA,NA,NA,NA,NA,67.7012609117362,9.11736178467507,NA,0,0,NA,NA,19336.1156812339,28.391959798995,NA,472.715809893307,3.87140036050224,NA,NA,NA,36.9627507163324,"Autumn",883,288989,5.42053499927229,6.73696695800186
2977,7024,"Doues","doues",2015-10-01,2015,10,"2015-10","Grand-Combin","Ottobre",175,99,6,105,510,871,NA,NA,NA,NA,NA,NA,NA,NA,NA,NA,NA,NA,NA,NA,NA,NA,NA,NA,NA,NA,NA,NA,NA,NA,NA,"Nord-ovest",2,"Valle d'Aosta/Vallée d'Aoste","Valle d'Aosta/Vallée d'Aoste",0,36.9627507163324,NA,11.7647058823529,NA,NA,NA,NA,NA,NA,NA,67.7012609117362,9.11736178467507,NA,0,0,NA,NA,19336.1156812339,28.391959798995,NA,472.715809893307,3.87140036050224,NA,NA,NA,36.9627507163324,"Autumn",842,296135,4.60517018598809,6.77078942390898
2978,7024,"Doues","doues",2015-11-01,2015,11,"2015-11","Grand-Combin","Novembre",110,74,6,105,510,842,NA,NA,NA,NA,NA,NA,NA,NA,NA,NA,NA,NA,NA,NA,NA,NA,NA,NA,NA,NA,NA,NA,NA,NA,NA,"Nord-ovest",2,"Valle d'Aosta/Vallée d'Aoste","Valle d'Aosta/Vallée d'Aoste",0,36.9627507163324,NA,11.7647058823529,NA,NA,NA,NA,NA,NA,NA,67.7012609117362,9.11736178467507,NA,0,0,NA,NA,19336.1156812339,28.391959798995,NA,472.715809893307,3.87140036050224,NA,NA,NA,36.9627507163324,"Autumn",871,300547,4.31748811353631,6.73696695800186
2979,7024,"Doues","doues",2015-12-01,2015,12,"2015-12","Grand-Combin","Dicembre",239,136,6,105,510,868,NA,NA,NA,NA,NA,NA,NA,NA,NA,NA,NA,NA,NA,NA,NA,NA,NA,NA,NA,NA,NA,NA,NA,NA,NA,"Nord-ovest",2,"Valle d'Aosta/Vallée d'Aoste","Valle d'Aosta/Vallée d'Aoste",0,36.9627507163324,NA,11.7647058823529,NA,NA,NA,NA,NA,NA,NA,67.7012609117362,9.11736178467507,NA,0,0,NA,NA,19336.1156812339,28.391959798995,NA,472.715809893307,3.87140036050224,NA,NA,NA,36.9627507163324,"Winter",842,203943,4.91998092582813,6.76734312526539
2980,7024,"Doues","doues",2016-01-01,2016,1,"2016-01","Grand-Combin","Gennaio",341,166,6,109,510,855,NA,NA,NA,NA,NA,NA,NA,NA,NA,NA,NA,NA,NA,NA,NA,NA,NA,NA,NA,NA,NA,NA,NA,NA,NA,"Nord-ovest",2,"Valle d'Aosta/Vallée d'Aoste","Valle d'Aosta/Vallée d'Aoste",0,35.7558139534884,NA,9.52380952380952,NA,NA,NA,NA,NA,NA,NA,66.6666666666667,8.91472868217054,NA,NA,NA,NA,NA,19476.4642857143,27.1604938271605,NA,483.488372093023,3.90241501913069,NA,NA,NA,35.7558139534884,"Winter",868,836,5.11799381241676,6.75227037614174
2981,7024,"Doues","doues",2016-02-01,2016,2,"2016-02","Grand-Combin","Febbraio",274,143,6,109,510,792,NA,NA,NA,NA,NA,NA,NA,NA,NA,NA,NA,NA,NA,NA,NA,NA,NA,NA,NA,NA,NA,NA,NA,NA,NA,"Nord-ovest",2,"Valle d'Aosta/Vallée d'Aoste","Valle d'Aosta/Vallée d'Aoste",0,35.7558139534884,NA,9.52380952380952,NA,NA,NA,NA,NA,NA,NA,66.6666666666667,8.91472868217054,NA,NA,NA,NA,NA,19476.4642857143,27.1604938271605,NA,483.488372093023,3.90241501913069,NA,NA,NA,35.7558139534884,"Winter",855,771,4.969813299576,6.67582322163485
2982,7024,"Doues","doues",2016-03-01,2016,3,"2016-03","Grand-Combin","Marzo",236,113,6,109,510,902,NA,NA,NA,NA,NA,NA,NA,NA,NA,NA,NA,NA,NA,NA,NA,NA,NA,NA,NA,NA,NA,NA,NA,NA,NA,"Nord-ovest",2,"Valle d'Aosta/Vallée d'Aoste","Valle d'Aosta/Vallée d'Aoste",0,35.7558139534884,NA,9.52380952380952,NA,NA,NA,NA,NA,NA,NA,66.6666666666667,8.91472868217054,NA,NA,NA,NA,NA,19476.4642857143,27.1604938271605,NA,483.488372093023,3.90241501913069,NA,NA,NA,35.7558139534884,"Spring",792,843,4.7361984483945,6.80572255341699
2983,7024,"Doues","doues",2016-04-01,2016,4,"2016-04","Grand-Combin","Aprile",174,96,6,109,510,891,NA,NA,NA,NA,NA,NA,NA,NA,NA,NA,NA,NA,NA,NA,NA,NA,NA,NA,NA,NA,NA,NA,NA,NA,NA,"Nord-ovest",2,"Valle d'Aosta/Vallée d'Aoste","Valle d'Aosta/Vallée d'Aoste",0,35.7558139534884,NA,9.52380952380952,NA,NA,NA,NA,NA,NA,NA,66.6666666666667,8.91472868217054,NA,NA,NA,NA,NA,19476.4642857143,27.1604938271605,NA,483.488372093023,3.90241501913069,NA,NA,NA,35.7558139534884,"Spring",902,837,4.57471097850338,6.79346613258001
2984,7024,"Doues","doues",2016-05-01,2016,5,"2016-05","Grand-Combin","Maggio",202,118,6,109,510,869,NA,NA,NA,NA,NA,NA,NA,NA,NA,NA,NA,NA,NA,NA,NA,NA,NA,NA,NA,NA,NA,NA,NA,NA,NA,"Nord-ovest",2,"Valle d'Aosta/Vallée d'Aoste","Valle d'Aosta/Vallée d'Aoste",0,35.7558139534884,NA,9.52380952380952,NA,NA,NA,NA,NA,NA,NA,66.6666666666667,8.91472868217054,NA,NA,NA,NA,NA,19476.4642857143,27.1604938271605,NA,483.488372093023,3.90241501913069,NA,NA,NA,35.7558139534884,"Spring",891,880,4.77912349311153,6.76849321164863
2985,7024,"Doues","doues",2016-06-01,2016,6,"2016-06","Grand-Combin","Giugno",487,222,6,109,510,851,NA,NA,NA,NA,NA,NA,NA,NA,NA,NA,NA,NA,NA,NA,NA,NA,NA,NA,NA,NA,NA,NA,NA,NA,NA,"Nord-ovest",2,"Valle d'Aosta/Vallée d'Aoste","Valle d'Aosta/Vallée d'Aoste",0,35.7558139534884,NA,9.52380952380952,NA,NA,NA,NA,NA,NA,NA,66.6666666666667,8.91472868217054,NA,NA,NA,NA,NA,19476.4642857143,27.1604938271605,NA,483.488372093023,3.90241501913069,NA,NA,NA,35.7558139534884,"Summer",869,858,5.40717177146012,6.74758652682932
2986,7024,"Doues","doues",2016-07-01,2016,7,"2016-07","Grand-Combin","Luglio",1364,677,6,109,510,882,NA,NA,NA,NA,NA,NA,NA,NA,NA,NA,NA,NA,NA,NA,NA,NA,NA,NA,NA,NA,NA,NA,NA,NA,NA,"Nord-ovest",2,"Valle d'Aosta/Vallée d'Aoste","Valle d'Aosta/Vallée d'Aoste",0,35.7558139534884,NA,9.52380952380952,NA,NA,NA,NA,NA,NA,NA,66.6666666666667,8.91472868217054,NA,NA,NA,NA,NA,19476.4642857143,27.1604938271605,NA,483.488372093023,3.90241501913069,NA,NA,NA,35.7558139534884,"Summer",851,886,6.5191472879404,6.78332520060396
2987,7024,"Doues","doues",2016-08-01,2016,8,"2016-08","Grand-Combin","Agosto",1586,648,6,109,510,997,NA,NA,NA,NA,NA,NA,NA,NA,NA,NA,NA,NA,NA,NA,NA,NA,NA,NA,NA,NA,NA,NA,NA,NA,NA,"Nord-ovest",2,"Valle d'Aosta/Vallée d'Aoste","Valle d'Aosta/Vallée d'Aoste",0,35.7558139534884,NA,9.52380952380952,NA,NA,NA,NA,NA,NA,NA,66.6666666666667,8.91472868217054,NA,NA,NA,NA,NA,19476.4642857143,27.1604938271605,NA,483.488372093023,3.90241501913069,NA,NA,NA,35.7558139534884,"Summer",882,883,6.47543271670409,6.90575327631146
2988,7024,"Doues","doues",2016-09-01,2016,9,"2016-09","Grand-Combin","Settembre",481,234,6,109,510,1025,NA,NA,NA,NA,NA,NA,NA,NA,NA,NA,NA,NA,NA,NA,NA,NA,NA,NA,NA,NA,NA,NA,NA,NA,NA,"Nord-ovest",2,"Valle d'Aosta/Vallée d'Aoste","Valle d'Aosta/Vallée d'Aoste",0,35.7558139534884,NA,9.52380952380952,NA,NA,NA,NA,NA,NA,NA,66.6666666666667,8.91472868217054,NA,NA,NA,NA,NA,19476.4642857143,27.1604938271605,NA,483.488372093023,3.90241501913069,NA,NA,NA,35.7558139534884,"Autumn",997,842,5.45958551414416,6.93342302573071
2989,7024,"Doues","doues",2016-10-01,2016,10,"2016-10","Grand-Combin","Ottobre",218,119,6,109,510,1056,NA,NA,NA,NA,NA,NA,NA,NA,NA,NA,NA,NA,NA,NA,NA,NA,NA,NA,NA,NA,NA,NA,NA,NA,NA,"Nord-ovest",2,"Valle d'Aosta/Vallée d'Aoste","Valle d'Aosta/Vallée d'Aoste",0,35.7558139534884,NA,9.52380952380952,NA,NA,NA,NA,NA,NA,NA,66.6666666666667,8.91472868217054,NA,NA,NA,NA,NA,19476.4642857143,27.1604938271605,NA,483.488372093023,3.90241501913069,NA,NA,NA,35.7558139534884,"Autumn",1025,871,4.78749174278205,6.96318998587024
2990,7024,"Doues","doues",2016-11-01,2016,11,"2016-11","Grand-Combin","Novembre",69,49,6,109,510,1013,NA,NA,NA,NA,NA,NA,NA,NA,NA,NA,NA,NA,NA,NA,NA,NA,NA,NA,NA,NA,NA,NA,NA,NA,NA,"Nord-ovest",2,"Valle d'Aosta/Vallée d'Aoste","Valle d'Aosta/Vallée d'Aoste",0,35.7558139534884,NA,9.52380952380952,NA,NA,NA,NA,NA,NA,NA,66.6666666666667,8.91472868217054,NA,NA,NA,NA,NA,19476.4642857143,27.1604938271605,NA,483.488372093023,3.90241501913069,NA,NA,NA,35.7558139534884,"Autumn",1056,842,3.91202300542815,6.92165818415113
2991,7024,"Doues","doues",2016-12-01,2016,12,"2016-12","Grand-Combin","Dicembre",300,162,6,109,510,1041,NA,NA,NA,NA,NA,NA,NA,NA,NA,NA,NA,NA,NA,NA,NA,NA,NA,NA,NA,NA,NA,NA,NA,NA,NA,"Nord-ovest",2,"Valle d'Aosta/Vallée d'Aoste","Valle d'Aosta/Vallée d'Aoste",0,35.7558139534884,NA,9.52380952380952,NA,NA,NA,NA,NA,NA,NA,66.6666666666667,8.91472868217054,NA,NA,NA,NA,NA,19476.4642857143,27.1604938271605,NA,483.488372093023,3.90241501913069,NA,NA,NA,35.7558139534884,"Winter",1013,868,5.09375020080676,6.94889722231331
2992,7024,"Doues","doues",2017-01-01,2017,1,"2017-01","Grand-Combin","Gennaio",284,122,6,105,511,6017,NA,NA,NA,NA,NA,NA,NA,NA,NA,NA,NA,NA,NA,NA,NA,NA,NA,NA,NA,NA,NA,NA,NA,NA,NA,"Nord-ovest",2,"Valle d'Aosta/Vallée d'Aoste","Valle d'Aosta/Vallée d'Aoste",0,32.7635327635328,NA,17.3913043478261,NA,NA,NA,NA,1.94552529182879,100,0,68.2879377431907,9.14396887159533,NA,0,0,NA,NA,19365.3333333333,25.7985257985258,NA,491.982490272374,3.92518764611788,NA,NA,NA,32.7635327635328,"Winter",1041,855,4.81218435537242,8.70251025718999
2993,7024,"Doues","doues",2017-02-01,2017,2,"2017-02","Grand-Combin","Febbraio",265,148,6,105,511,5343,NA,NA,NA,NA,NA,NA,NA,NA,NA,NA,NA,NA,NA,NA,NA,NA,NA,NA,NA,NA,NA,NA,NA,NA,NA,"Nord-ovest",2,"Valle d'Aosta/Vallée d'Aoste","Valle d'Aosta/Vallée d'Aoste",0,32.7635327635328,NA,17.3913043478261,NA,NA,NA,NA,1.94552529182879,100,0,68.2879377431907,9.14396887159533,NA,0,0,NA,NA,19365.3333333333,25.7985257985258,NA,491.982490272374,3.92518764611788,NA,NA,NA,32.7635327635328,"Winter",6017,792,5.00394630594546,8.58372971521648
2994,7024,"Doues","doues",2017-03-01,2017,3,"2017-03","Grand-Combin","Marzo",158,116,6,105,511,5989,NA,NA,NA,NA,NA,NA,NA,NA,NA,NA,NA,NA,NA,NA,NA,NA,NA,NA,NA,NA,NA,NA,NA,NA,NA,"Nord-ovest",2,"Valle d'Aosta/Vallée d'Aoste","Valle d'Aosta/Vallée d'Aoste",0,32.7635327635328,NA,17.3913043478261,NA,NA,NA,NA,1.94552529182879,100,0,68.2879377431907,9.14396887159533,NA,0,0,NA,NA,19365.3333333333,25.7985257985258,NA,491.982490272374,3.92518764611788,NA,NA,NA,32.7635327635328,"Spring",5343,902,4.76217393479776,8.6978466911095
2995,7024,"Doues","doues",2017-04-01,2017,4,"2017-04","Grand-Combin","Aprile",282,123,6,105,511,5920,NA,NA,NA,NA,NA,NA,NA,NA,NA,NA,NA,NA,NA,NA,NA,NA,NA,NA,NA,NA,NA,NA,NA,NA,NA,"Nord-ovest",2,"Valle d'Aosta/Vallée d'Aoste","Valle d'Aosta/Vallée d'Aoste",0,32.7635327635328,NA,17.3913043478261,NA,NA,NA,NA,1.94552529182879,100,0,68.2879377431907,9.14396887159533,NA,0,0,NA,NA,19365.3333333333,25.7985257985258,NA,491.982490272374,3.92518764611788,NA,NA,NA,32.7635327635328,"Spring",5989,891,4.82028156560504,8.68626063253178
2996,7024,"Doues","doues",2017-05-01,2017,5,"2017-05","Grand-Combin","Maggio",131,81,6,105,511,5799,NA,NA,NA,NA,NA,NA,NA,NA,NA,NA,NA,NA,NA,NA,NA,NA,NA,NA,NA,NA,NA,NA,NA,NA,NA,"Nord-ovest",2,"Valle d'Aosta/Vallée d'Aoste","Valle d'Aosta/Vallée d'Aoste",0,32.7635327635328,NA,17.3913043478261,NA,NA,NA,NA,1.94552529182879,100,0,68.2879377431907,9.14396887159533,NA,0,0,NA,NA,19365.3333333333,25.7985257985258,NA,491.982490272374,3.92518764611788,NA,NA,NA,32.7635327635328,"Spring",5920,869,4.40671924726425,8.66561319653451
2997,7024,"Doues","doues",2017-06-01,2017,6,"2017-06","Grand-Combin","Giugno",438,212,6,105,511,5288,NA,NA,NA,NA,NA,NA,NA,NA,NA,NA,NA,NA,NA,NA,NA,NA,NA,NA,NA,NA,NA,NA,NA,NA,NA,"Nord-ovest",2,"Valle d'Aosta/Vallée d'Aoste","Valle d'Aosta/Vallée d'Aoste",0,32.7635327635328,NA,17.3913043478261,NA,NA,NA,NA,1.94552529182879,100,0,68.2879377431907,9.14396887159533,NA,0,0,NA,NA,19365.3333333333,25.7985257985258,NA,491.982490272374,3.92518764611788,NA,NA,NA,32.7635327635328,"Summer",5799,851,5.36129216570943,8.57338447106598
2998,7024,"Doues","doues",2017-07-01,2017,7,"2017-07","Grand-Combin","Luglio",1213,563,6,105,511,5607,NA,NA,NA,NA,NA,NA,NA,NA,NA,NA,NA,NA,NA,NA,NA,NA,NA,NA,NA,NA,NA,NA,NA,NA,NA,"Nord-ovest",2,"Valle d'Aosta/Vallée d'Aoste","Valle d'Aosta/Vallée d'Aoste",0,32.7635327635328,NA,17.3913043478261,NA,NA,NA,NA,1.94552529182879,100,0,68.2879377431907,9.14396887159533,NA,0,0,NA,NA,19365.3333333333,25.7985257985258,NA,491.982490272374,3.92518764611788,NA,NA,NA,32.7635327635328,"Summer",5288,882,6.33505425149806,8.63194942871443
2999,7024,"Doues","doues",2017-08-01,2017,8,"2017-08","Grand-Combin","Agosto",1318,580,6,105,511,5673,NA,NA,NA,NA,NA,NA,NA,NA,NA,NA,NA,NA,NA,NA,NA,NA,NA,NA,NA,NA,NA,NA,NA,NA,NA,"Nord-ovest",2,"Valle d'Aosta/Vallée d'Aoste","Valle d'Aosta/Vallée d'Aoste",0,32.7635327635328,NA,17.3913043478261,NA,NA,NA,NA,1.94552529182879,100,0,68.2879377431907,9.14396887159533,NA,0,0,NA,NA,19365.3333333333,25.7985257985258,NA,491.982490272374,3.92518764611788,NA,NA,NA,32.7635327635328,"Summer",5607,997,6.36475075685191,8.6436496153688
3000,7024,"Doues","doues",2017-09-01,2017,9,"2017-09","Grand-Combin","Settembre",601,236,6,105,511,5843,NA,NA,NA,NA,NA,NA,NA,NA,NA,NA,NA,NA,NA,NA,NA,NA,NA,NA,NA,NA,NA,NA,NA,NA,NA,"Nord-ovest",2,"Valle d'Aosta/Vallée d'Aoste","Valle d'Aosta/Vallée d'Aoste",0,32.7635327635328,NA,17.3913043478261,NA,NA,NA,NA,1.94552529182879,100,0,68.2879377431907,9.14396887159533,NA,0,0,NA,NA,19365.3333333333,25.7985257985258,NA,491.982490272374,3.92518764611788,NA,NA,NA,32.7635327635328,"Autumn",5673,1025,5.46806014113513,8.67317077287059
3001,7024,"Doues","doues",2017-10-01,2017,10,"2017-10","Grand-Combin","Ottobre",246,197,6,105,511,6089,NA,NA,NA,NA,NA,NA,NA,NA,NA,NA,NA,NA,NA,NA,NA,NA,NA,NA,NA,NA,NA,NA,NA,NA,NA,"Nord-ovest",2,"Valle d'Aosta/Vallée d'Aoste","Valle d'Aosta/Vallée d'Aoste",0,32.7635327635328,NA,17.3913043478261,NA,NA,NA,NA,1.94552529182879,100,0,68.2879377431907,9.14396887159533,NA,0,0,NA,NA,19365.3333333333,25.7985257985258,NA,491.982490272374,3.92518764611788,NA,NA,NA,32.7635327635328,"Autumn",5843,1056,5.28826703069454,8.71440336070394
3002,7024,"Doues","doues",2017-11-01,2017,11,"2017-11","Grand-Combin","Novembre",72,48,6,105,511,5858,NA,NA,NA,NA,NA,NA,NA,NA,NA,NA,NA,NA,NA,NA,NA,NA,NA,NA,NA,NA,NA,NA,NA,NA,NA,"Nord-ovest",2,"Valle d'Aosta/Vallée d'Aoste","Valle d'Aosta/Vallée d'Aoste",0,32.7635327635328,NA,17.3913043478261,NA,NA,NA,NA,1.94552529182879,100,0,68.2879377431907,9.14396887159533,NA,0,0,NA,NA,19365.3333333333,25.7985257985258,NA,491.982490272374,3.92518764611788,NA,NA,NA,32.7635327635328,"Autumn",6089,1013,3.89182029811063,8.67573421954479
3003,7024,"Doues","doues",2017-12-01,2017,12,"2017-12","Grand-Combin","Dicembre",288,187,6,105,511,6344,NA,NA,NA,NA,NA,NA,NA,NA,NA,NA,NA,NA,NA,NA,NA,NA,NA,NA,NA,NA,NA,NA,NA,NA,NA,"Nord-ovest",2,"Valle d'Aosta/Vallée d'Aoste","Valle d'Aosta/Vallée d'Aoste",0,32.7635327635328,NA,17.3913043478261,NA,NA,NA,NA,1.94552529182879,100,0,68.2879377431907,9.14396887159533,NA,0,0,NA,NA,19365.3333333333,25.7985257985258,NA,491.982490272374,3.92518764611788,NA,NA,NA,32.7635327635328,"Winter",5858,1041,5.23644196282995,8.75542238014849
3004,7024,"Doues","doues",2018-01-01,2018,1,"2018-01","Grand-Combin","Gennaio",312,137,6,106,506,6401,NA,NA,NA,NA,NA,NA,NA,NA,NA,NA,NA,NA,NA,NA,NA,NA,NA,NA,NA,NA,NA,NA,NA,NA,NA,"Nord-ovest",2,"Valle d'Aosta/Vallée d'Aoste","Valle d'Aosta/Vallée d'Aoste",0,29.608938547486,NA,18.1818181818182,66.4429530201342,28.8590604026846,NA,NA,1.94741966893866,300,0,69.7176241480039,9.73709834469328,NA,0,0,NA,NA,19876.2227848101,25.615763546798,NA,539.086660175268,3.96096829134822,NA,NA,NA,29.608938547486,"Winter",6344,6017,4.92725368515721,8.76436572052981
3005,7024,"Doues","doues",2018-02-01,2018,2,"2018-02","Grand-Combin","Febbraio",276,135,6,106,506,5294,NA,NA,NA,NA,NA,NA,NA,NA,NA,NA,NA,NA,NA,NA,NA,NA,NA,NA,NA,NA,NA,NA,NA,NA,NA,"Nord-ovest",2,"Valle d'Aosta/Vallée d'Aoste","Valle d'Aosta/Vallée d'Aoste",0,29.608938547486,NA,18.1818181818182,66.4429530201342,28.8590604026846,NA,NA,1.94741966893866,300,0,69.7176241480039,9.73709834469328,NA,0,0,NA,NA,19876.2227848101,25.615763546798,NA,539.086660175268,3.96096829134822,NA,NA,NA,29.608938547486,"Winter",6401,5343,4.91265488573605,8.57451825803551
3006,7024,"Doues","doues",2018-03-01,2018,3,"2018-03","Grand-Combin","Marzo",175,109,6,106,506,5830,NA,NA,NA,NA,NA,NA,NA,NA,NA,NA,NA,NA,NA,NA,NA,NA,NA,NA,NA,NA,NA,NA,NA,NA,NA,"Nord-ovest",2,"Valle d'Aosta/Vallée d'Aoste","Valle d'Aosta/Vallée d'Aoste",0,29.608938547486,NA,18.1818181818182,66.4429530201342,28.8590604026846,NA,NA,1.94741966893866,300,0,69.7176241480039,9.73709834469328,NA,0,0,NA,NA,19876.2227848101,25.615763546798,NA,539.086660175268,3.96096829134822,NA,NA,NA,29.608938547486,"Spring",5294,5989,4.70048036579242,8.67094379122216
3007,7024,"Doues","doues",2018-04-01,2018,4,"2018-04","Grand-Combin","Aprile",205,121,6,106,506,5352,NA,NA,NA,NA,NA,NA,NA,NA,NA,NA,NA,NA,NA,NA,NA,NA,NA,NA,NA,NA,NA,NA,NA,NA,NA,"Nord-ovest",2,"Valle d'Aosta/Vallée d'Aoste","Valle d'Aosta/Vallée d'Aoste",0,29.608938547486,NA,18.1818181818182,66.4429530201342,28.8590604026846,NA,NA,1.94741966893866,300,0,69.7176241480039,9.73709834469328,NA,0,0,NA,NA,19876.2227848101,25.615763546798,NA,539.086660175268,3.96096829134822,NA,NA,NA,29.608938547486,"Spring",5830,5920,4.80402104473326,8.58541243039338
3008,7024,"Doues","doues",2018-05-01,2018,5,"2018-05","Grand-Combin","Maggio",103,78,6,106,506,5578,NA,NA,NA,NA,NA,NA,NA,NA,NA,NA,NA,NA,NA,NA,NA,NA,NA,NA,NA,NA,NA,NA,NA,NA,NA,"Nord-ovest",2,"Valle d'Aosta/Vallée d'Aoste","Valle d'Aosta/Vallée d'Aoste",0,29.608938547486,NA,18.1818181818182,66.4429530201342,28.8590604026846,NA,NA,1.94741966893866,300,0,69.7176241480039,9.73709834469328,NA,0,0,NA,NA,19876.2227848101,25.615763546798,NA,539.086660175268,3.96096829134822,NA,NA,NA,29.608938547486,"Spring",5352,5799,4.36944785246702,8.62676482784553
3009,7024,"Doues","doues",2018-06-01,2018,6,"2018-06","Grand-Combin","Giugno",520,221,6,106,506,5306,NA,NA,NA,NA,NA,NA,NA,NA,NA,NA,NA,NA,NA,NA,NA,NA,NA,NA,NA,NA,NA,NA,NA,NA,NA,"Nord-ovest",2,"Valle d'Aosta/Vallée d'Aoste","Valle d'Aosta/Vallée d'Aoste",0,29.608938547486,NA,18.1818181818182,66.4429530201342,28.8590604026846,NA,NA,1.94741966893866,300,0,69.7176241480039,9.73709834469328,NA,0,0,NA,NA,19876.2227848101,25.615763546798,NA,539.086660175268,3.96096829134822,NA,NA,NA,29.608938547486,"Summer",5578,5288,5.40267738187228,8.57678198282789
3010,7024,"Doues","doues",2018-07-01,2018,7,"2018-07","Grand-Combin","Luglio",1291,620,6,106,506,5258,NA,NA,NA,NA,NA,NA,NA,NA,NA,NA,NA,NA,NA,NA,NA,NA,NA,NA,NA,NA,NA,NA,NA,NA,NA,"Nord-ovest",2,"Valle d'Aosta/Vallée d'Aoste","Valle d'Aosta/Vallée d'Aoste",0,29.608938547486,NA,18.1818181818182,66.4429530201342,28.8590604026846,NA,NA,1.94741966893866,300,0,69.7176241480039,9.73709834469328,NA,0,0,NA,NA,19876.2227848101,25.615763546798,NA,539.086660175268,3.96096829134822,NA,NA,NA,29.608938547486,"Summer",5306,5607,6.43133108193348,8.56769617358934
3011,7024,"Doues","doues",2018-08-01,2018,8,"2018-08","Grand-Combin","Agosto",1495,468,6,106,506,5543,NA,NA,NA,NA,NA,NA,NA,NA,NA,NA,NA,NA,NA,NA,NA,NA,NA,NA,NA,NA,NA,NA,NA,NA,NA,"Nord-ovest",2,"Valle d'Aosta/Vallée d'Aoste","Valle d'Aosta/Vallée d'Aoste",0,29.608938547486,NA,18.1818181818182,66.4429530201342,28.8590604026846,NA,NA,1.94741966893866,300,0,69.7176241480039,9.73709834469328,NA,0,0,NA,NA,19876.2227848101,25.615763546798,NA,539.086660175268,3.96096829134822,NA,NA,NA,29.608938547486,"Summer",5258,5673,6.15060276844628,8.62047154086974
3012,7024,"Doues","doues",2018-09-01,2018,9,"2018-09","Grand-Combin","Settembre",491,268,6,106,506,5431,NA,NA,NA,NA,NA,NA,NA,NA,NA,NA,NA,NA,NA,NA,NA,NA,NA,NA,NA,NA,NA,NA,NA,NA,NA,"Nord-ovest",2,"Valle d'Aosta/Vallée d'Aoste","Valle d'Aosta/Vallée d'Aoste",0,29.608938547486,NA,18.1818181818182,66.4429530201342,28.8590604026846,NA,NA,1.94741966893866,300,0,69.7176241480039,9.73709834469328,NA,0,0,NA,NA,19876.2227848101,25.615763546798,NA,539.086660175268,3.96096829134822,NA,NA,NA,29.608938547486,"Autumn",5543,5843,5.59471137960184,8.60006266923853
3013,7024,"Doues","doues",2018-10-01,2018,10,"2018-10","Grand-Combin","Ottobre",71,61,6,106,506,5894,NA,NA,NA,NA,NA,NA,NA,NA,NA,NA,NA,NA,NA,NA,NA,NA,NA,NA,NA,NA,NA,NA,NA,NA,NA,"Nord-ovest",2,"Valle d'Aosta/Vallée d'Aoste","Valle d'Aosta/Vallée d'Aoste",0,29.608938547486,NA,18.1818181818182,66.4429530201342,28.8590604026846,NA,NA,1.94741966893866,300,0,69.7176241480039,9.73709834469328,NA,0,0,NA,NA,19876.2227848101,25.615763546798,NA,539.086660175268,3.96096829134822,NA,NA,NA,29.608938547486,"Autumn",5431,6089,4.12713438504509,8.68185981297147
3014,7024,"Doues","doues",2018-11-01,2018,11,"2018-11","Grand-Combin","Novembre",57,30,6,106,506,5819,NA,NA,NA,NA,NA,NA,NA,NA,NA,NA,NA,NA,NA,NA,NA,NA,NA,NA,NA,NA,NA,NA,NA,NA,NA,"Nord-ovest",2,"Valle d'Aosta/Vallée d'Aoste","Valle d'Aosta/Vallée d'Aoste",0,29.608938547486,NA,18.1818181818182,66.4429530201342,28.8590604026846,NA,NA,1.94741966893866,300,0,69.7176241480039,9.73709834469328,NA,0,0,NA,NA,19876.2227848101,25.615763546798,NA,539.086660175268,3.96096829134822,NA,NA,NA,29.608938547486,"Autumn",5894,5858,3.43398720448515,8.66905554072548
3015,7024,"Doues","doues",2018-12-01,2018,12,"2018-12","Grand-Combin","Dicembre",302,187,6,106,506,5709,NA,NA,NA,NA,NA,NA,NA,NA,NA,NA,NA,NA,NA,NA,NA,NA,NA,NA,NA,NA,NA,NA,NA,NA,NA,"Nord-ovest",2,"Valle d'Aosta/Vallée d'Aoste","Valle d'Aosta/Vallée d'Aoste",0,29.608938547486,NA,18.1818181818182,66.4429530201342,28.8590604026846,NA,NA,1.94741966893866,300,0,69.7176241480039,9.73709834469328,NA,0,0,NA,NA,19876.2227848101,25.615763546798,NA,539.086660175268,3.96096829134822,NA,NA,NA,29.608938547486,"Winter",5819,6344,5.23644196282995,8.64997430265006
3016,7024,"Doues","doues",2019-01-01,2019,1,"2019-01","Grand-Combin","Gennaio",278,148,6,106,509,5908,24,4,0.320660343002132,850.436370012321,-2.03194067705098,43.2469667816016,516,4,6,-2,13,15,-2,1,2,-1,0,1,-4,512,255,503,2,1,9,"Nord-ovest",2,"Valle d'Aosta/Vallée d'Aoste","Valle d'Aosta/Vallée d'Aoste",0,27.0491803278689,NA,19.047619047619,69.0140845070423,27.4647887323944,NA,NA,1.94552529182879,100,0,71.2062256809339,9.72762645914397,194.552529182879,0,0,NA,NA,20933.3368421053,22.0812182741117,NA,476.700389105058,3.94029593731934,4.0590405904059,39.0519187358916,58.6907449209932,27.0491803278689,"Winter",5709,6401,5.00394630594546,8.68423189134568
3017,7024,"Doues","doues",2019-02-01,2019,2,"2019-02","Grand-Combin","Febbraio",176,119,6,106,509,5267,24,4,0.304268978670733,857.783222802958,1.08754190498831,41.8218868054541,516,4,6,-2,13,15,-2,1,2,-1,0,1,-4,512,255,503,2,1,9,"Nord-ovest",2,"Valle d'Aosta/Vallée d'Aoste","Valle d'Aosta/Vallée d'Aoste",0,27.0491803278689,NA,19.047619047619,69.0140845070423,27.4647887323944,NA,NA,1.94552529182879,100,0,71.2062256809339,9.72762645914397,194.552529182879,0,0,NA,NA,20933.3368421053,22.0812182741117,NA,476.700389105058,3.94029593731934,4.0590405904059,39.0519187358916,58.6907449209932,27.0491803278689,"Winter",5908,5294,4.78749174278205,8.56940606286317
3018,7024,"Doues","doues",2019-03-01,2019,3,"2019-03","Grand-Combin","Marzo",169,109,6,106,509,5854,24,4,0.294054551465844,853.504794456707,2.0717635230058,43.953759357169,516,4,6,-2,13,15,-2,1,2,-1,0,1,-4,512,255,503,2,1,9,"Nord-ovest",2,"Valle d'Aosta/Vallée d'Aoste","Valle d'Aosta/Vallée d'Aoste",0,27.0491803278689,NA,19.047619047619,69.0140845070423,27.4647887323944,NA,NA,1.94552529182879,100,0,71.2062256809339,9.72762645914397,194.552529182879,0,0,NA,NA,20933.3368421053,22.0812182741117,NA,476.700389105058,3.94029593731934,4.0590405904059,39.0519187358916,58.6907449209932,27.0491803278689,"Spring",5267,5830,4.70048036579242,8.67505127603182
3019,7024,"Doues","doues",2019-04-01,2019,4,"2019-04","Grand-Combin","Aprile",236,108,6,106,509,5637,24,4,0.902058409295416,861.68735125291,3.6089576191312,54.3596066999282,516,4,6,-2,13,15,-2,1,2,-1,0,1,-4,512,255,503,2,1,9,"Nord-ovest",2,"Valle d'Aosta/Vallée d'Aoste","Valle d'Aosta/Vallée d'Aoste",0,27.0491803278689,NA,19.047619047619,69.0140845070423,27.4647887323944,NA,NA,1.94552529182879,100,0,71.2062256809339,9.72762645914397,194.552529182879,0,0,NA,NA,20933.3368421053,22.0812182741117,NA,476.700389105058,3.94029593731934,4.0590405904059,39.0519187358916,58.6907449209932,27.0491803278689,"Spring",5854,5352,4.69134788222914,8.63728467167406
3020,7024,"Doues","doues",2019-05-01,2019,5,"2019-05","Grand-Combin","Maggio",170,107,6,106,509,5701,24,4,0.798828410196226,858.437121355401,6.43346655424899,44.0392323981616,516,4,6,-2,13,15,-2,1,2,-1,0,1,-4,512,255,503,2,1,9,"Nord-ovest",2,"Valle d'Aosta/Vallée d'Aoste","Valle d'Aosta/Vallée d'Aoste",0,27.0491803278689,NA,19.047619047619,69.0140845070423,27.4647887323944,NA,NA,1.94552529182879,100,0,71.2062256809339,9.72762645914397,194.552529182879,0,0,NA,NA,20933.3368421053,22.0812182741117,NA,476.700389105058,3.94029593731934,4.0590405904059,39.0519187358916,58.6907449209932,27.0491803278689,"Spring",5637,5578,4.68213122712422,8.64857226947262
3021,7024,"Doues","doues",2019-06-01,2019,6,"2019-06","Grand-Combin","Giugno",515,301,6,106,509,5525,24,4,0.778834519815183,863.818803002613,14.1019564970821,54.6334359816412,516,4,6,-2,13,15,-2,1,2,-1,0,1,-4,512,255,503,2,1,9,"Nord-ovest",2,"Valle d'Aosta/Vallée d'Aoste","Valle d'Aosta/Vallée d'Aoste",0,27.0491803278689,NA,19.047619047619,69.0140845070423,27.4647887323944,NA,NA,1.94552529182879,100,0,71.2062256809339,9.72762645914397,194.552529182879,0,0,NA,NA,20933.3368421053,22.0812182741117,NA,476.700389105058,3.94029593731934,4.0590405904059,39.0519187358916,58.6907449209932,27.0491803278689,"Summer",5701,5306,5.71042701737487,8.61721950548336
3022,7024,"Doues","doues",2019-07-01,2019,7,"2019-07","Grand-Combin","Luglio",2377,741,6,106,509,5495,24,4,1.20103904226194,869.625579080361,16.1654128416623,56.8143262702852,516,4,6,-2,13,15,-2,1,2,-1,0,1,-4,512,255,503,2,1,9,"Nord-ovest",2,"Valle d'Aosta/Vallée d'Aoste","Valle d'Aosta/Vallée d'Aoste",0,27.0491803278689,NA,19.047619047619,69.0140845070423,27.4647887323944,NA,NA,1.94552529182879,100,0,71.2062256809339,9.72762645914397,194.552529182879,0,0,NA,NA,20933.3368421053,22.0812182741117,NA,476.700389105058,3.94029593731934,4.0590405904059,39.0519187358916,58.6907449209932,27.0491803278689,"Summer",5525,5258,6.60934924316738,8.61177583390219
3023,7024,"Doues","doues",2019-08-01,2019,8,"2019-08","Grand-Combin","Agosto",1777,834,6,106,509,5628,24,4,1.25152201334903,867.361550575818,14.0225780819846,71.1917781106261,516,4,6,-2,13,15,-2,1,2,-1,0,1,-4,512,255,503,2,1,9,"Nord-ovest",2,"Valle d'Aosta/Vallée d'Aoste","Valle d'Aosta/Vallée d'Aoste",0,27.0491803278689,NA,19.047619047619,69.0140845070423,27.4647887323944,NA,NA,1.94552529182879,100,0,71.2062256809339,9.72762645914397,194.552529182879,0,0,NA,NA,20933.3368421053,22.0812182741117,NA,476.700389105058,3.94029593731934,4.0590405904059,39.0519187358916,58.6907449209932,27.0491803278689,"Summer",5495,5543,6.72743172485086,8.63568708546403
3024,7024,"Doues","doues",2019-09-01,2019,9,"2019-09","Grand-Combin","Settembre",465,274,6,106,509,5442,24,4,0.331370867825814,863.842933185027,11.5459372232153,64.43735457882,516,4,6,-2,13,15,-2,1,2,-1,0,1,-4,512,255,503,2,1,9,"Nord-ovest",2,"Valle d'Aosta/Vallée d'Aoste","Valle d'Aosta/Vallée d'Aoste",0,27.0491803278689,NA,19.047619047619,69.0140845070423,27.4647887323944,NA,NA,1.94552529182879,100,0,71.2062256809339,9.72762645914397,194.552529182879,0,0,NA,NA,20933.3368421053,22.0812182741117,NA,476.700389105058,3.94029593731934,4.0590405904059,39.0519187358916,58.6907449209932,27.0491803278689,"Autumn",5628,5431,5.61677109766657,8.6020856584342
3025,7024,"Doues","doues",2019-10-01,2019,10,"2019-10","Grand-Combin","Ottobre",148,106,6,106,509,5786,24,4,1.88289366913726,855.60553064578,7.63129469546728,75.7641803111223,516,4,6,-2,13,15,-2,1,2,-1,0,1,-4,512,255,503,2,1,9,"Nord-ovest",2,"Valle d'Aosta/Vallée d'Aoste","Valle d'Aosta/Vallée d'Aoste",0,27.0491803278689,NA,19.047619047619,69.0140845070423,27.4647887323944,NA,NA,1.94552529182879,100,0,71.2062256809339,9.72762645914397,194.552529182879,0,0,NA,NA,20933.3368421053,22.0812182741117,NA,476.700389105058,3.94029593731934,4.0590405904059,39.0519187358916,58.6907449209932,27.0491803278689,"Autumn",5442,5894,4.67282883446191,8.66336930157384
3026,7024,"Doues","doues",2019-11-01,2019,11,"2019-11","Grand-Combin","Novembre",106,75,6,106,509,5740,24,4,2.06338779884432,844.633255272937,0.053931233395274,82.8347414287652,516,4,6,-2,13,15,-2,1,2,-1,0,1,-4,512,255,503,2,1,9,"Nord-ovest",2,"Valle d'Aosta/Vallée d'Aoste","Valle d'Aosta/Vallée d'Aoste",0,27.0491803278689,NA,19.047619047619,69.0140845070423,27.4647887323944,NA,NA,1.94552529182879,100,0,71.2062256809339,9.72762645914397,194.552529182879,0,0,NA,NA,20933.3368421053,22.0812182741117,NA,476.700389105058,3.94029593731934,4.0590405904059,39.0519187358916,58.6907449209932,27.0491803278689,"Autumn",5786,5819,4.33073334028633,8.65538869016764
3027,7024,"Doues","doues",2019-12-01,2019,12,"2019-12","Grand-Combin","Dicembre",253,149,6,106,509,6008,24,4,1.20057248778265,850.784754833767,-0.0116359580385196,66.8808445950483,516,4,6,-2,13,15,-2,1,2,-1,0,1,-4,512,255,503,2,1,9,"Nord-ovest",2,"Valle d'Aosta/Vallée d'Aoste","Valle d'Aosta/Vallée d'Aoste",0,27.0491803278689,NA,19.047619047619,69.0140845070423,27.4647887323944,NA,NA,1.94552529182879,100,0,71.2062256809339,9.72762645914397,194.552529182879,0,0,NA,NA,20933.3368421053,22.0812182741117,NA,476.700389105058,3.94029593731934,4.0590405904059,39.0519187358916,58.6907449209932,27.0491803278689,"Winter",5740,5709,5.01063529409626,8.70101362433393
3028,7024,"Doues","doues",2020-01-01,2020,1,"2020-01","Grand-Combin","Gennaio",267,132,6,106,516,5166,24,4,0.303127363406969,858.929292814933,-1.27077347526073,53.8783732003453,512,0,13,-13,15,8,7,0,2,-2,0,-7,-15,497,256,488,1.9,1,9,"Nord-ovest",2,"Valle d'Aosta/Vallée d'Aoste","Valle d'Aosta/Vallée d'Aoste",0,26.4864864864865,NA,10.5263157894737,72.3880597014925,27.6119402985075,NA,NA,NA,NA,NA,73.3399405351833,10.3072348860258,198.216055500496,0,0,NA,NA,20205.4595300261,26.0651629072682,NA,541.962338949455,3.94046557397214,NA,NA,NA,26.4864864864865,"Winter",6008,5908,4.89034912822175,8.55004752828718
3029,7024,"Doues","doues",2020-02-01,2020,2,"2020-02","Grand-Combin","Febbraio",226,136,6,106,516,4822,24,4,0.820916478901879,855.259002458937,0.815012315605562,50.02154901758,512,0,13,-13,15,8,7,0,2,-2,0,-7,-15,497,256,488,1.9,1,9,"Nord-ovest",2,"Valle d'Aosta/Vallée d'Aoste","Valle d'Aosta/Vallée d'Aoste",0,26.4864864864865,NA,10.5263157894737,72.3880597014925,27.6119402985075,NA,NA,NA,NA,NA,73.3399405351833,10.3072348860258,198.216055500496,0,0,NA,NA,20205.4595300261,26.0651629072682,NA,541.962338949455,3.94046557397214,NA,NA,NA,26.4864864864865,"Winter",5166,5267,4.91998092582813,8.48115142006897
3030,7024,"Doues","doues",2020-03-01,2020,3,"2020-03","Grand-Combin","Marzo",26,15,6,106,516,5239,24,4,0.696275603311281,852.287430432077,0.650481445437667,59.3005071816798,512,0,13,-13,15,8,7,0,2,-2,0,-7,-15,497,256,488,1.9,1,9,"Nord-ovest",2,"Valle d'Aosta/Vallée d'Aoste","Valle d'Aosta/Vallée d'Aoste",0,26.4864864864865,NA,10.5263157894737,72.3880597014925,27.6119402985075,NA,NA,NA,NA,NA,73.3399405351833,10.3072348860258,198.216055500496,0,0,NA,NA,20205.4595300261,26.0651629072682,NA,541.962338949455,3.94046557397214,NA,NA,NA,26.4864864864865,"Spring",4822,5854,2.77258872223978,8.56407677731509
3031,7024,"Doues","doues",2020-04-01,2020,4,"2020-04","Grand-Combin","Aprile",0,0,6,106,516,5931,24,4,0.796174353340053,854.897298173036,5.75250421325538,53.0949994262992,512,0,13,-13,15,8,7,0,2,-2,0,-7,-15,497,256,488,1.9,1,9,"Nord-ovest",2,"Valle d'Aosta/Vallée d'Aoste","Valle d'Aosta/Vallée d'Aoste",0,26.4864864864865,NA,10.5263157894737,72.3880597014925,27.6119402985075,NA,NA,NA,NA,NA,73.3399405351833,10.3072348860258,198.216055500496,0,0,NA,NA,20205.4595300261,26.0651629072682,NA,541.962338949455,3.94046557397214,NA,NA,NA,26.4864864864865,"Spring",5239,5637,0,8.68811670325782
3032,7024,"Doues","doues",2020-05-01,2020,5,"2020-05","Grand-Combin","Maggio",0,0,6,106,516,6539,24,4,1.98605642367694,858.595172994837,9.62876589633887,64.4368376494072,512,0,13,-13,15,8,7,0,2,-2,0,-7,-15,497,256,488,1.9,1,9,"Nord-ovest",2,"Valle d'Aosta/Vallée d'Aoste","Valle d'Aosta/Vallée d'Aoste",0,26.4864864864865,NA,10.5263157894737,72.3880597014925,27.6119402985075,NA,NA,NA,NA,NA,73.3399405351833,10.3072348860258,198.216055500496,0,0,NA,NA,20205.4595300261,26.0651629072682,NA,541.962338949455,3.94046557397214,NA,NA,NA,26.4864864864865,"Spring",5931,5701,0,8.78569244445124
3033,7024,"Doues","doues",2020-06-01,2020,6,"2020-06","Grand-Combin","Giugno",54,34,6,106,516,7930,24,4,1.66420203327318,855.468162813218,11.4598547563359,67.8902307523882,512,0,13,-13,15,8,7,0,2,-2,0,-7,-15,497,256,488,1.9,1,9,"Nord-ovest",2,"Valle d'Aosta/Vallée d'Aoste","Valle d'Aosta/Vallée d'Aoste",0,26.4864864864865,NA,10.5263157894737,72.3880597014925,27.6119402985075,NA,NA,NA,NA,NA,73.3399405351833,10.3072348860258,198.216055500496,0,0,NA,NA,20205.4595300261,26.0651629072682,NA,541.962338949455,3.94046557397214,NA,NA,NA,26.4864864864865,"Summer",6539,5525,3.55534806148941,8.97853441008332
3034,7024,"Doues","doues",2020-07-01,2020,7,"2020-07","Grand-Combin","Luglio",430,251,6,106,516,8406,24,4,0.392990758819438,865.604843640425,15.2339447836551,59.2944842927558,512,0,13,-13,15,8,7,0,2,-2,0,-7,-15,497,256,488,1.9,1,9,"Nord-ovest",2,"Valle d'Aosta/Vallée d'Aoste","Valle d'Aosta/Vallée d'Aoste",0,26.4864864864865,NA,10.5263157894737,72.3880597014925,27.6119402985075,NA,NA,NA,NA,NA,73.3399405351833,10.3072348860258,198.216055500496,0,0,NA,NA,20205.4595300261,26.0651629072682,NA,541.962338949455,3.94046557397214,NA,NA,NA,26.4864864864865,"Summer",7930,5495,5.52942908751142,9.0368199711353
3035,7024,"Doues","doues",2020-08-01,2020,8,"2020-08","Grand-Combin","Agosto",719,242,6,106,516,9108,24,4,1.32725558709942,864.108399656335,14.97073460609,61.489188418434,512,0,13,-13,15,8,7,0,2,-2,0,-7,-15,497,256,488,1.9,1,9,"Nord-ovest",2,"Valle d'Aosta/Vallée d'Aoste","Valle d'Aosta/Vallée d'Aoste",0,26.4864864864865,NA,10.5263157894737,72.3880597014925,27.6119402985075,NA,NA,NA,NA,NA,73.3399405351833,10.3072348860258,198.216055500496,0,0,NA,NA,20205.4595300261,26.0651629072682,NA,541.962338949455,3.94046557397214,NA,NA,NA,26.4864864864865,"Summer",8406,5628,5.49306144334055,9.11701821474481
3036,7024,"Doues","doues",2020-09-01,2020,9,"2020-09","Grand-Combin","Settembre",284,122,6,106,516,8737,24,4,0.679671786929226,857.990076581214,11.0051790441436,70.5257176545669,512,0,13,-13,15,8,7,0,2,-2,0,-7,-15,497,256,488,1.9,1,9,"Nord-ovest",2,"Valle d'Aosta/Vallée d'Aoste","Valle d'Aosta/Vallée d'Aoste",0,26.4864864864865,NA,10.5263157894737,72.3880597014925,27.6119402985075,NA,NA,NA,NA,NA,73.3399405351833,10.3072348860258,198.216055500496,0,0,NA,NA,20205.4595300261,26.0651629072682,NA,541.962338949455,3.94046557397214,NA,NA,NA,26.4864864864865,"Autumn",9108,5442,4.81218435537242,9.07543660951138
3037,7024,"Doues","doues",2020-10-01,2020,10,"2020-10","Grand-Combin","Ottobre",218,132,6,106,516,8989,24,4,1.51082517241117,854.387646586799,5.49296711286936,68.5654910067946,512,0,13,-13,15,8,7,0,2,-2,0,-7,-15,497,256,488,1.9,1,9,"Nord-ovest",2,"Valle d'Aosta/Vallée d'Aoste","Valle d'Aosta/Vallée d'Aoste",0,26.4864864864865,NA,10.5263157894737,72.3880597014925,27.6119402985075,NA,NA,NA,NA,NA,73.3399405351833,10.3072348860258,198.216055500496,0,0,NA,NA,20205.4595300261,26.0651629072682,NA,541.962338949455,3.94046557397214,NA,NA,NA,26.4864864864865,"Autumn",8737,5786,4.89034912822175,9.10386812746567
3038,7024,"Doues","doues",2020-11-01,2020,11,"2020-11","Grand-Combin","Novembre",4,2,6,106,516,7939,24,4,0.111711115985701,861.033530210725,3.27803847917784,64.6997211783297,512,0,13,-13,15,8,7,0,2,-2,0,-7,-15,497,256,488,1.9,1,9,"Nord-ovest",2,"Valle d'Aosta/Vallée d'Aoste","Valle d'Aosta/Vallée d'Aoste",0,26.4864864864865,NA,10.5263157894737,72.3880597014925,27.6119402985075,NA,NA,NA,NA,NA,73.3399405351833,10.3072348860258,198.216055500496,0,0,NA,NA,20205.4595300261,26.0651629072682,NA,541.962338949455,3.94046557397214,NA,NA,NA,26.4864864864865,"Autumn",8989,5740,1.09861228866811,8.97966855424118
3039,7024,"Doues","doues",2020-12-01,2020,12,"2020-12","Grand-Combin","Dicembre",15,9,6,106,516,7800,24,4,0.540557316399457,845.137528275809,-2.48244670810499,72.9978617234918,512,0,13,-13,15,8,7,0,2,-2,0,-7,-15,497,256,488,1.9,1,9,"Nord-ovest",2,"Valle d'Aosta/Vallée d'Aoste","Valle d'Aosta/Vallée d'Aoste",0,26.4864864864865,NA,10.5263157894737,72.3880597014925,27.6119402985075,NA,NA,NA,NA,NA,73.3399405351833,10.3072348860258,198.216055500496,0,0,NA,NA,20205.4595300261,26.0651629072682,NA,541.962338949455,3.94046557397214,NA,NA,NA,26.4864864864865,"Winter",7939,6008,2.30258509299405,8.96200720958831
3040,7024,"Doues","doues",2021-01-01,2021,1,"2021-01","Grand-Combin","Gennaio",18,18,5,100,512,7545,24,4,0.869863135042265,846.706506113765,-3.66653215511254,64.7344997180537,497,5,6,-1,15,11,4,1,0,1,0,1,5,502,255,492,1.9,1,10,"Nord-ovest",2,"Valle d'Aosta/Vallée d'Aoste","Valle d'Aosta/Vallée d'Aoste",0,23.0563002680965,NA,25,73.4375,28.90625,NA,NA,NA,NA,NA,74.6746746746747,11.011011011011,200.2002002002,0,0,NA,NA,21480.6373056995,21.969696969697,NA,462.878878878879,3.94513470291549,4.57497326847954,45.1993048649805,52.2935779816514,23.0563002680965,"Winter",7800,5166,2.94443897916644,8.92877290052426
3041,7024,"Doues","doues",2021-02-01,2021,2,"2021-02","Grand-Combin","Febbraio",12,10,5,100,512,6461,24,4,0.408929975345702,817.498420319559,0.0676363854534685,65.6499839938591,497,5,6,-1,15,11,4,1,0,1,0,1,5,502,255,492,1.9,1,10,"Nord-ovest",2,"Valle d'Aosta/Vallée d'Aoste","Valle d'Aosta/Vallée d'Aoste",0,23.0563002680965,NA,25,73.4375,28.90625,NA,NA,NA,NA,NA,74.6746746746747,11.011011011011,200.2002002002,0,0,NA,NA,21480.6373056995,21.969696969697,NA,462.878878878879,3.94513470291549,4.57497326847954,45.1993048649805,52.2935779816514,23.0563002680965,"Winter",7545,4822,2.39789527279837,8.77369414638444
3042,7024,"Doues","doues",2021-03-01,2021,3,"2021-03","Grand-Combin","Marzo",29,21,5,100,512,7165,24,4,0.215981664774318,835.697970947479,1.24629383917231,47.2954200362197,497,5,6,-1,15,11,4,1,0,1,0,1,5,502,255,492,1.9,1,10,"Nord-ovest",2,"Valle d'Aosta/Vallée d'Aoste","Valle d'Aosta/Vallée d'Aoste",0,23.0563002680965,NA,25,73.4375,28.90625,NA,NA,NA,NA,NA,74.6746746746747,11.011011011011,200.2002002002,0,0,NA,NA,21480.6373056995,21.969696969697,NA,462.878878878879,3.94513470291549,4.57497326847954,45.1993048649805,52.2935779816514,23.0563002680965,"Spring",6461,5239,3.09104245335832,8.8771028978649
3043,7024,"Doues","doues",2021-04-01,2021,4,"2021-04","Grand-Combin","Aprile",14,5,5,100,512,7897,24,4,1.01046671102059,854.791642115148,2.30100809077331,52.9643283454379,497,5,6,-1,15,11,4,1,0,1,0,1,5,502,255,492,1.9,1,10,"Nord-ovest",2,"Valle d'Aosta/Vallée d'Aoste","Valle d'Aosta/Vallée d'Aoste",0,23.0563002680965,NA,25,73.4375,28.90625,NA,NA,NA,NA,NA,74.6746746746747,11.011011011011,200.2002002002,0,0,NA,NA,21480.6373056995,21.969696969697,NA,462.878878878879,3.94513470291549,4.57497326847954,45.1993048649805,52.2935779816514,23.0563002680965,"Spring",7165,5931,1.79175946922805,8.9743648418466
3044,7024,"Doues","doues",2021-05-01,2021,5,"2021-05","Grand-Combin","Maggio",67,42,5,100,512,8322,24,4,1.76591427451212,864.299686135599,5.8833503034399,41.2202190659907,497,5,6,-1,15,11,4,1,0,1,0,1,5,502,255,492,1.9,1,10,"Nord-ovest",2,"Valle d'Aosta/Vallée d'Aoste","Valle d'Aosta/Vallée d'Aoste",0,23.0563002680965,NA,25,73.4375,28.90625,NA,NA,NA,NA,NA,74.6746746746747,11.011011011011,200.2002002002,0,0,NA,NA,21480.6373056995,21.969696969697,NA,462.878878878879,3.94513470291549,4.57497326847954,45.1993048649805,52.2935779816514,23.0563002680965,"Spring",7897,6539,3.76120011569356,9.0267780457461
3045,7024,"Doues","doues",2021-06-01,2021,6,"2021-06","Grand-Combin","Giugno",295,126,5,100,512,8627,24,4,1.37140751237098,864.124367355453,12.9562774838113,66.6063775026228,497,5,6,-1,15,11,4,1,0,1,0,1,5,502,255,492,1.9,1,10,"Nord-ovest",2,"Valle d'Aosta/Vallée d'Aoste","Valle d'Aosta/Vallée d'Aoste",0,23.0563002680965,NA,25,73.4375,28.90625,NA,NA,NA,NA,NA,74.6746746746747,11.011011011011,200.2002002002,0,0,NA,NA,21480.6373056995,21.969696969697,NA,462.878878878879,3.94513470291549,4.57497326847954,45.1993048649805,52.2935779816514,23.0563002680965,"Summer",8322,7930,4.84418708645859,9.06276800750905
3046,7024,"Doues","doues",2021-07-01,2021,7,"2021-07","Grand-Combin","Luglio",577,231,5,100,512,8919,24,4,1.70587677539489,861.902799557889,13.4872120555476,63.7508086753517,497,5,6,-1,15,11,4,1,0,1,0,1,5,502,255,492,1.9,1,10,"Nord-ovest",2,"Valle d'Aosta/Vallée d'Aoste","Valle d'Aosta/Vallée d'Aoste",0,23.0563002680965,NA,25,73.4375,28.90625,NA,NA,NA,NA,NA,74.6746746746747,11.011011011011,200.2002002002,0,0,NA,NA,21480.6373056995,21.969696969697,NA,462.878878878879,3.94513470291549,4.57497326847954,45.1993048649805,52.2935779816514,23.0563002680965,"Summer",8627,8406,5.44673737166631,9.09605122557405
3047,7024,"Doues","doues",2021-08-01,2021,8,"2021-08","Grand-Combin","Agosto",1186,320,5,100,512,8001,24,4,0.532266203981669,864.539113141616,13.8729276346731,48.9342310215922,497,5,6,-1,15,11,4,1,0,1,0,1,5,502,255,492,1.9,1,10,"Nord-ovest",2,"Valle d'Aosta/Vallée d'Aoste","Valle d'Aosta/Vallée d'Aoste",0,23.0563002680965,NA,25,73.4375,28.90625,NA,NA,NA,NA,NA,74.6746746746747,11.011011011011,200.2002002002,0,0,NA,NA,21480.6373056995,21.969696969697,NA,462.878878878879,3.94513470291549,4.57497326847954,45.1993048649805,52.2935779816514,23.0563002680965,"Summer",8919,9108,5.77144112313002,8.98744678941718
3048,7024,"Doues","doues",2021-09-01,2021,9,"2021-09","Grand-Combin","Settembre",327,145,5,100,512,7231,24,4,1.23940316671378,864.334504385464,11.6818822149121,73.7987078383963,497,5,6,-1,15,11,4,1,0,1,0,1,5,502,255,492,1.9,1,10,"Nord-ovest",2,"Valle d'Aosta/Vallée d'Aoste","Valle d'Aosta/Vallée d'Aoste",0,23.0563002680965,NA,25,73.4375,28.90625,NA,NA,NA,NA,NA,74.6746746746747,11.011011011011,200.2002002002,0,0,NA,NA,21480.6373056995,21.969696969697,NA,462.878878878879,3.94513470291549,4.57497326847954,45.1993048649805,52.2935779816514,23.0563002680965,"Autumn",8001,8737,4.98360662170834,8.88627090207201
3049,7024,"Doues","doues",2021-10-01,2021,10,"2021-10","Grand-Combin","Ottobre",234,140,5,100,512,7625,24,4,0.987697218270228,860.391857641723,6.11160437390947,65.2048493120319,497,5,6,-1,15,11,4,1,0,1,0,1,5,502,255,492,1.9,1,10,"Nord-ovest",2,"Valle d'Aosta/Vallée d'Aoste","Valle d'Aosta/Vallée d'Aoste",0,23.0563002680965,NA,25,73.4375,28.90625,NA,NA,NA,NA,NA,74.6746746746747,11.011011011011,200.2002002002,0,0,NA,NA,21480.6373056995,21.969696969697,NA,462.878878878879,3.94513470291549,4.57497326847954,45.1993048649805,52.2935779816514,23.0563002680965,"Autumn",7231,8989,4.94875989037817,8.93931874041751
3050,7024,"Doues","doues",2021-11-01,2021,11,"2021-11","Grand-Combin","Novembre",177,118,5,100,512,5461,24,4,0.471022683625816,850.210065863496,1.73738130236388,67.5590319682207,497,5,6,-1,15,11,4,1,0,1,0,1,5,502,255,492,1.9,1,10,"Nord-ovest",2,"Valle d'Aosta/Vallée d'Aoste","Valle d'Aosta/Vallée d'Aoste",0,23.0563002680965,NA,25,73.4375,28.90625,NA,NA,NA,NA,NA,74.6746746746747,11.011011011011,200.2002002002,0,0,NA,NA,21480.6373056995,21.969696969697,NA,462.878878878879,3.94513470291549,4.57497326847954,45.1993048649805,52.2935779816514,23.0563002680965,"Autumn",7625,7939,4.77912349311153,8.60557030203365
3051,7024,"Doues","doues",2021-12-01,2021,12,"2021-12","Grand-Combin","Dicembre",292,186,5,100,512,4957,24,4,0.935564435946442,849.878679361142,0.0914777638741335,57.0027369939579,497,5,6,-1,15,11,4,1,0,1,0,1,5,502,255,492,1.9,1,10,"Nord-ovest",2,"Valle d'Aosta/Vallée d'Aoste","Valle d'Aosta/Vallée d'Aoste",0,23.0563002680965,NA,25,73.4375,28.90625,NA,NA,NA,NA,NA,74.6746746746747,11.011011011011,200.2002002002,0,0,NA,NA,21480.6373056995,21.969696969697,NA,462.878878878879,3.94513470291549,4.57497326847954,45.1993048649805,52.2935779816514,23.0563002680965,"Winter",5461,7800,5.23110861685459,8.50875771259514
3052,7024,"Doues","doues",2022-01-01,2022,1,"2022-01","Grand-Combin","Gennaio",303,151,6,150,497,4590,24,4,0.221410616815915,858.448688301827,0.912167639446629,40.7582036940199,502,6,4,2,16,10,6,1,0,1,0,0,9,511,256,501,2,1,10,"Nord-ovest",2,"Valle d'Aosta/Vallée d'Aoste","Valle d'Aosta/Vallée d'Aoste",0,20.5882352941176,NA,22.2222222222222,71.6535433070866,29.9212598425197,NA,NA,1.97433366238894,200,0,73.8400789733465,11.4511352418559,197.433366238894,0,0,NA,NA,22384.2025641026,23.9401496259352,NA,NA,3.95,3.44379971961409,44.6093094880411,53.4831460674157,20.5882352941176,"Winter",4957,7545,5.02388052084628,8.43185314424922
3053,7024,"Doues","doues",2022-02-01,2022,2,"2022-02","Grand-Combin","Febbraio",208,113,6,150,497,4330,24,4,0.141414863609009,862.612176620226,0.984841572680071,44.5858033699715,502,6,4,2,16,10,6,1,0,1,0,0,9,511,256,501,2,1,10,"Nord-ovest",2,"Valle d'Aosta/Vallée d'Aoste","Valle d'Aosta/Vallée d'Aoste",0,20.5882352941176,NA,22.2222222222222,71.6535433070866,29.9212598425197,NA,NA,1.97433366238894,200,0,73.8400789733465,11.4511352418559,197.433366238894,0,0,NA,NA,22384.2025641026,23.9401496259352,NA,NA,3.95,3.44379971961409,44.6093094880411,53.4831460674157,20.5882352941176,"Winter",4590,6461,4.7361984483945,8.37355374121463
3054,7024,"Doues","doues",2022-03-01,2022,3,"2022-03","Grand-Combin","Marzo",165,79,6,150,497,4698,24,4,0.457446280138554,861.62567735554,0.364485635704403,54.9338728978565,502,6,4,2,16,10,6,1,0,1,0,0,9,511,256,501,2,1,10,"Nord-ovest",2,"Valle d'Aosta/Vallée d'Aoste","Valle d'Aosta/Vallée d'Aoste",0,20.5882352941176,NA,22.2222222222222,71.6535433070866,29.9212598425197,NA,NA,1.97433366238894,200,0,73.8400789733465,11.4511352418559,197.433366238894,0,0,NA,NA,22384.2025641026,23.9401496259352,NA,NA,3.95,3.44379971961409,44.6093094880411,53.4831460674157,20.5882352941176,"Spring",4330,7165,4.38202663467388,8.45510499910282
3055,7024,"Doues","doues",2022-04-01,2022,4,"2022-04","Grand-Combin","Aprile",187,127,6,150,497,4217,24,4,0.728067109758752,849.98354901239,4.24839078602568,48.2204274237805,502,6,4,2,16,10,6,1,0,1,0,0,9,511,256,501,2,1,10,"Nord-ovest",2,"Valle d'Aosta/Vallée d'Aoste","Valle d'Aosta/Vallée d'Aoste",0,20.5882352941176,NA,22.2222222222222,71.6535433070866,29.9212598425197,NA,NA,1.97433366238894,200,0,73.8400789733465,11.4511352418559,197.433366238894,0,0,NA,NA,22384.2025641026,23.9401496259352,NA,NA,3.95,3.44379971961409,44.6093094880411,53.4831460674157,20.5882352941176,"Spring",4698,7897,4.85203026391962,8.34711636103872
3056,7024,"Doues","doues",2022-05-01,2022,5,"2022-05","Grand-Combin","Maggio",196,112,6,150,497,4664,24,4,1.0395837913688,858.300956171696,10.8481713292227,65.6249606703757,502,6,4,2,16,10,6,1,0,1,0,0,9,511,256,501,2,1,10,"Nord-ovest",2,"Valle d'Aosta/Vallée d'Aoste","Valle d'Aosta/Vallée d'Aoste",0,20.5882352941176,NA,22.2222222222222,71.6535433070866,29.9212598425197,NA,NA,1.97433366238894,200,0,73.8400789733465,11.4511352418559,197.433366238894,0,0,NA,NA,22384.2025641026,23.9401496259352,NA,NA,3.95,3.44379971961409,44.6093094880411,53.4831460674157,20.5882352941176,"Spring",4217,8322,4.72738781871234,8.44784311328144
3057,7024,"Doues","doues",2022-06-01,2022,6,"2022-06","Grand-Combin","Giugno",391,193,6,150,497,4176,24,4,1.40730272225203,859.681141423862,14.3541246044493,61.3107709777225,502,6,4,2,16,10,6,1,0,1,0,0,9,511,256,501,2,1,10,"Nord-ovest",2,"Valle d'Aosta/Vallée d'Aoste","Valle d'Aosta/Vallée d'Aoste",0,20.5882352941176,NA,22.2222222222222,71.6535433070866,29.9212598425197,NA,NA,1.97433366238894,200,0,73.8400789733465,11.4511352418559,197.433366238894,0,0,NA,NA,22384.2025641026,23.9401496259352,NA,NA,3.95,3.44379971961409,44.6093094880411,53.4831460674157,20.5882352941176,"Summer",4664,8627,5.26785815906333,8.33734856449717
3058,7024,"Doues","doues",2022-07-01,2022,7,"2022-07","Grand-Combin","Luglio",744,317,6,150,497,4222,24,4,0.496040095464439,864.330918110943,17.5005477023764,52.634983088234,502,6,4,2,16,10,6,1,0,1,0,0,9,511,256,501,2,1,10,"Nord-ovest",2,"Valle d'Aosta/Vallée d'Aoste","Valle d'Aosta/Vallée d'Aoste",0,20.5882352941176,NA,22.2222222222222,71.6535433070866,29.9212598425197,NA,NA,1.97433366238894,200,0,73.8400789733465,11.4511352418559,197.433366238894,0,0,NA,NA,22384.2025641026,23.9401496259352,NA,NA,3.95,3.44379971961409,44.6093094880411,53.4831460674157,20.5882352941176,"Summer",4176,8919,5.76205138278018,8.34830105493394
3059,7024,"Doues","doues",2022-08-01,2022,8,"2022-08","Grand-Combin","Agosto",1076,284,6,150,497,4354,24,4,0.611781856829552,863.261954240792,15.6003547247421,61.6637099832058,502,6,4,2,16,10,6,1,0,1,0,0,9,511,256,501,2,1,10,"Nord-ovest",2,"Valle d'Aosta/Vallée d'Aoste","Valle d'Aosta/Vallée d'Aoste",0,20.5882352941176,NA,22.2222222222222,71.6535433070866,29.9212598425197,NA,NA,1.97433366238894,200,0,73.8400789733465,11.4511352418559,197.433366238894,0,0,NA,NA,22384.2025641026,23.9401496259352,NA,NA,3.95,3.44379971961409,44.6093094880411,53.4831460674157,20.5882352941176,"Summer",4222,8001,5.65248918026865,8.3790798892866
3060,7024,"Doues","doues",2022-09-01,2022,9,"2022-09","Grand-Combin","Settembre",391,167,6,150,497,3933,24,4,0.881414804540383,854.905302939512,10.1311480629594,62.3448620133977,502,6,4,2,16,10,6,1,0,1,0,0,9,511,256,501,2,1,10,"Nord-ovest",2,"Valle d'Aosta/Vallée d'Aoste","Valle d'Aosta/Vallée d'Aoste",0,20.5882352941176,NA,22.2222222222222,71.6535433070866,29.9212598425197,NA,NA,1.97433366238894,200,0,73.8400789733465,11.4511352418559,197.433366238894,0,0,NA,NA,22384.2025641026,23.9401496259352,NA,NA,3.95,3.44379971961409,44.6093094880411,53.4831460674157,20.5882352941176,"Autumn",4354,7231,5.12396397940326,8.277411998949
3061,7024,"Doues","doues",2022-10-01,2022,10,"2022-10","Grand-Combin","Ottobre",60,32,6,150,497,4084,24,4,0.569553095678783,860.078830419308,9.40010611952165,73.1549056838575,502,6,4,2,16,10,6,1,0,1,0,0,9,511,256,501,2,1,10,"Nord-ovest",2,"Valle d'Aosta/Vallée d'Aoste","Valle d'Aosta/Vallée d'Aoste",0,20.5882352941176,NA,22.2222222222222,71.6535433070866,29.9212598425197,NA,NA,1.97433366238894,200,0,73.8400789733465,11.4511352418559,197.433366238894,0,0,NA,NA,22384.2025641026,23.9401496259352,NA,NA,3.95,3.44379971961409,44.6093094880411,53.4831460674157,20.5882352941176,"Autumn",3933,7625,3.49650756146648,8.3150770072941
3062,7024,"Doues","doues",2022-11-01,2022,11,"2022-11","Grand-Combin","Novembre",0,0,6,150,497,4427,24,4,1.3769304145126,852.529676912736,2.4898096484565,64.3103545779323,502,6,4,2,16,10,6,1,0,1,0,0,9,511,256,501,2,1,10,"Nord-ovest",2,"Valle d'Aosta/Vallée d'Aoste","Valle d'Aosta/Vallée d'Aoste",0,20.5882352941176,NA,22.2222222222222,71.6535433070866,29.9212598425197,NA,NA,1.97433366238894,200,0,73.8400789733465,11.4511352418559,197.433366238894,0,0,NA,NA,22384.2025641026,23.9401496259352,NA,NA,3.95,3.44379971961409,44.6093094880411,53.4831460674157,20.5882352941176,"Autumn",4084,5461,0,8.39570329382853
3063,7024,"Doues","doues",2022-12-01,2022,12,"2022-12","Grand-Combin","Dicembre",66,32,6,150,497,5182,24,4,1.08767107175757,853.068717095494,-1.42172735177274,72.839428466487,502,6,4,2,16,10,6,1,0,1,0,0,9,511,256,501,2,1,10,"Nord-ovest",2,"Valle d'Aosta/Vallée d'Aoste","Valle d'Aosta/Vallée d'Aoste",0,20.5882352941176,NA,22.2222222222222,71.6535433070866,29.9212598425197,NA,NA,1.97433366238894,200,0,73.8400789733465,11.4511352418559,197.433366238894,0,0,NA,NA,22384.2025641026,23.9401496259352,NA,NA,3.95,3.44379971961409,44.6093094880411,53.4831460674157,20.5882352941176,"Winter",4427,4957,3.49650756146648,8.55313931818971
3064,7024,"Doues","doues",2023-01-01,2023,1,"2023-01","Grand-Combin","Gennaio",97,46,5,100,502,5285,24,4,0.475406484630342,852.742561402958,-1.98326296505941,57.2800270429285,511,1,6,-5,20,32,-12,10,1,9,0,2,-6,505,254,495,1.9,1,10,NA,NA,NA,NA,NA,NA,NA,NA,NA,NA,NA,NA,NA,NA,NA,NA,NA,NA,NA,NA,NA,NA,NA,NA,NA,NA,NA,NA,NA,NA,NA,"Winter",5182,4590,3.85014760171006,8.57281709516423
3065,7024,"Doues","doues",2023-02-01,2023,2,"2023-02","Grand-Combin","Febbraio",129,93,5,100,502,4395,24,4,0.0904418710417675,858.845368857525,0.984030730046366,49.8876804757588,511,1,6,-5,20,32,-12,10,1,9,0,2,-6,505,254,495,1.9,1,10,NA,NA,NA,NA,NA,NA,NA,NA,NA,NA,NA,NA,NA,NA,NA,NA,NA,NA,NA,NA,NA,NA,NA,NA,NA,NA,NA,NA,NA,NA,NA,"Winter",5285,4330,4.54329478227,8.38845031552351
3066,7024,"Doues","doues",2023-03-01,2023,3,"2023-03","Grand-Combin","Marzo",0,0,5,100,502,4790,24,4,1.57418867139663,852.139485846733,1.92137915521412,54.2709293726113,511,1,6,-5,20,32,-12,10,1,9,0,2,-6,505,254,495,1.9,1,10,NA,NA,NA,NA,NA,NA,NA,NA,NA,NA,NA,NA,NA,NA,NA,NA,NA,NA,NA,NA,NA,NA,NA,NA,NA,NA,NA,NA,NA,NA,NA,"Spring",4395,4698,0,8.47449443688312
3067,7024,"Doues","doues",2023-04-01,2023,4,"2023-04","Grand-Combin","Aprile",47,30,5,100,502,5675,24,4,1.41234991130188,852.480920599613,3.93935652261096,49.3218267744456,511,1,6,-5,20,32,-12,10,1,9,0,2,-6,505,254,495,1.9,1,10,NA,NA,NA,NA,NA,NA,NA,NA,NA,NA,NA,NA,NA,NA,NA,NA,NA,NA,NA,NA,NA,NA,NA,NA,NA,NA,NA,NA,NA,NA,NA,"Spring",4790,4217,3.43398720448515,8.64400203827993
3068,7024,"Doues","doues",2023-05-01,2023,5,"2023-05","Grand-Combin","Maggio",0,0,5,100,502,6880,24,4,1.7670532222791,861.189179532633,8.53025530271257,65.8972989881818,511,1,6,-5,20,32,-12,10,1,9,0,2,-6,505,254,495,1.9,1,10,NA,NA,NA,NA,NA,NA,NA,NA,NA,NA,NA,NA,NA,NA,NA,NA,NA,NA,NA,NA,NA,NA,NA,NA,NA,NA,NA,NA,NA,NA,NA,"Spring",5675,4664,0,8.83651926920248
3069,7024,"Doues","doues",2023-06-01,2023,6,"2023-06","Grand-Combin","Giugno",82,68,5,100,502,5901,24,4,1.04985329359296,864.45796325701,13.4633549725672,61.4900330636781,511,1,6,-5,20,32,-12,10,1,9,0,2,-6,505,254,495,1.9,1,10,NA,NA,NA,NA,NA,NA,NA,NA,NA,NA,NA,NA,NA,NA,NA,NA,NA,NA,NA,NA,NA,NA,NA,NA,NA,NA,NA,NA,NA,NA,NA,"Summer",6880,4176,4.23410650459726,8.68304655550289
3070,7024,"Doues","doues",2023-07-01,2023,7,"2023-07","Grand-Combin","Luglio",1083,601,5,100,502,6643,24,4,0.952943794787117,861.011461149996,16.3227144352452,55.7415115663546,511,1,6,-5,20,32,-12,10,1,9,0,2,-6,505,254,495,1.9,1,10,NA,NA,NA,NA,NA,NA,NA,NA,NA,NA,NA,NA,NA,NA,NA,NA,NA,NA,NA,NA,NA,NA,NA,NA,NA,NA,NA,NA,NA,NA,NA,"Summer",5901,4222,6.40025744530882,8.80146947073318
3071,7024,"Doues","doues",2023-08-01,2023,8,"2023-08","Grand-Combin","Agosto",1612,659,5,100,502,7495,24,4,1.55686667657843,867.403986717105,15.6975151734068,56.2057540870123,511,1,6,-5,20,32,-12,10,1,9,0,2,-6,505,254,495,1.9,1,10,NA,NA,NA,NA,NA,NA,NA,NA,NA,NA,NA,NA,NA,NA,NA,NA,NA,NA,NA,NA,NA,NA,NA,NA,NA,NA,NA,NA,NA,NA,NA,"Summer",6643,4354,6.49223983502047,8.92212482391826
3072,7024,"Doues","doues",2023-09-01,2023,9,"2023-09","Grand-Combin","Settembre",439,242,5,100,502,6924,24,4,1.08807470621182,850.88875130415,12.6013095600514,64.7775869730141,511,1,6,-5,20,32,-12,10,1,9,0,2,-6,505,254,495,1.9,1,10,NA,NA,NA,NA,NA,NA,NA,NA,NA,NA,NA,NA,NA,NA,NA,NA,NA,NA,NA,NA,NA,NA,NA,NA,NA,NA,NA,NA,NA,NA,NA,"Autumn",7495,3933,5.49306144334055,8.84289333105554
3073,7024,"Doues","doues",2023-10-01,2023,10,"2023-10","Grand-Combin","Ottobre",243,185,5,100,502,7916,24,4,1.62560256658454,854.538641634661,8.71579679840188,61.1443687383249,511,1,6,-5,20,32,-12,10,1,9,0,2,-6,505,254,495,1.9,1,10,NA,NA,NA,NA,NA,NA,NA,NA,NA,NA,NA,NA,NA,NA,NA,NA,NA,NA,NA,NA,NA,NA,NA,NA,NA,NA,NA,NA,NA,NA,NA,"Autumn",6924,4084,5.2257466737132,8.97676762517143
3074,7024,"Doues","doues",2023-11-01,2023,11,"2023-11","Grand-Combin","Novembre",33,31,5,100,502,8981,24,4,1.89989938248253,849.029257938993,1.52047072810705,51.7191804828768,511,1,6,-5,20,32,-12,10,1,9,0,2,-6,505,254,495,1.9,1,10,NA,NA,NA,NA,NA,NA,NA,NA,NA,NA,NA,NA,NA,NA,NA,NA,NA,NA,NA,NA,NA,NA,NA,NA,NA,NA,NA,NA,NA,NA,NA,"Autumn",7916,4427,3.46573590279973,9.10297785364768
3075,7024,"Doues","doues",2023-12-01,2023,12,"2023-12","Grand-Combin","Dicembre",250,173,5,100,502,10761,24,4,1.77568831170949,854.010654640093,0.76041052101129,53.6480570941489,511,1,6,-5,20,32,-12,10,1,9,0,2,-6,505,254,495,1.9,1,10,NA,NA,NA,NA,NA,NA,NA,NA,NA,NA,NA,NA,NA,NA,NA,NA,NA,NA,NA,NA,NA,NA,NA,NA,NA,NA,NA,NA,NA,NA,NA,"Winter",8981,5182,5.15905529921453,9.28377669004936
3076,7024,"Doues","doues",2024-01-01,2024,1,"2024-01","Grand-Combin","Gennaio",269,157,7,133,511,11359,24,4,0.785338687552012,853.233013177096,0.420390494920446,56.9345781415567,505,5,8,-3,22,15,7,5,0,5,0,0,9,514,255,505,2,1,9,NA,NA,NA,NA,NA,NA,NA,NA,NA,NA,NA,NA,NA,NA,NA,NA,NA,NA,NA,NA,NA,NA,NA,NA,NA,NA,NA,NA,NA,NA,NA,"Winter",10761,5285,5.06259503302697,9.33785369227514
3077,7024,"Doues","doues",2024-02-01,2024,2,"2024-02","Grand-Combin","Febbraio",209,139,7,133,511,10429,24,4,1.24456301159495,851.226833876812,2.61862913839349,59.9497727331324,505,5,8,-3,22,15,7,5,0,5,0,0,9,514,255,505,2,1,9,NA,NA,NA,NA,NA,NA,NA,NA,NA,NA,NA,NA,NA,NA,NA,NA,NA,NA,NA,NA,NA,NA,NA,NA,NA,NA,NA,NA,NA,NA,NA,"Winter",11359,4395,4.9416424226093,9.25244154799482
3078,7024,"Doues","doues",2024-03-01,2024,3,"2024-03","Grand-Combin","Marzo",237,144,7,133,511,11885,24,4,2.0117343978405,848.639922743086,1.95085804497686,67.9119696562016,505,5,8,-3,22,15,7,5,0,5,0,0,9,514,255,505,2,1,9,NA,NA,NA,NA,NA,NA,NA,NA,NA,NA,NA,NA,NA,NA,NA,NA,NA,NA,NA,NA,NA,NA,NA,NA,NA,NA,NA,NA,NA,NA,NA,"Spring",10429,4790,4.97673374242057,9.38311651592661
3079,7024,"Doues","doues",2024-04-01,2024,4,"2024-04","Grand-Combin","Aprile",165,110,7,133,511,10245,24,4,0.872751838365917,857.432915270697,4.27535273322888,53.831507415782,505,5,8,-3,22,15,7,5,0,5,0,0,9,514,255,505,2,1,9,NA,NA,NA,NA,NA,NA,NA,NA,NA,NA,NA,NA,NA,NA,NA,NA,NA,NA,NA,NA,NA,NA,NA,NA,NA,NA,NA,NA,NA,NA,NA,"Spring",11885,5675,4.70953020131233,9.23464266449915
3080,7024,"Doues","doues",2024-05-01,2024,5,"2024-05","Grand-Combin","Maggio",128,93,7,133,511,9249,24,4,3.01301511725599,855.518316060419,7.75181202749971,61.5284938003375,505,5,8,-3,22,15,7,5,0,5,0,0,9,514,255,505,2,1,9,NA,NA,NA,NA,NA,NA,NA,NA,NA,NA,NA,NA,NA,NA,NA,NA,NA,NA,NA,NA,NA,NA,NA,NA,NA,NA,NA,NA,NA,NA,NA,"Spring",10245,6880,4.54329478227,9.13237883050647
3081,7024,"Doues","doues",2024-06-01,2024,6,"2024-06","Grand-Combin","Giugno",631,242,7,133,511,7590,24,4,1.66289220342996,868.086835869846,12.21495345742,58.6444400785654,505,5,8,-3,22,15,7,5,0,5,0,0,9,514,255,505,2,1,9,NA,NA,NA,NA,NA,NA,NA,NA,NA,NA,NA,NA,NA,NA,NA,NA,NA,NA,NA,NA,NA,NA,NA,NA,NA,NA,NA,NA,NA,NA,NA,"Summer",9249,5901,5.49306144334055,8.93471861401677
3082,7024,"Doues","doues",2024-07-01,2024,7,"2024-07","Grand-Combin","Luglio",2098,494,7,133,511,10218,24,4,0.68556239855389,868.103897078063,16.1343349132936,54.1065769927583,505,5,8,-3,22,15,7,5,0,5,0,0,9,514,255,505,2,1,9,NA,NA,NA,NA,NA,NA,NA,NA,NA,NA,NA,NA,NA,NA,NA,NA,NA,NA,NA,NA,NA,NA,NA,NA,NA,NA,NA,NA,NA,NA,NA,"Summer",7590,6643,6.20455776256869,9.23200401161221
3083,7024,"Doues","doues",2024-08-01,2024,8,"2024-08","Grand-Combin","Agosto",2347,410,7,133,511,11756,24,4,0.527709767525008,863.109138173078,16.5237553096419,63.0067013477202,505,5,8,-3,22,15,7,5,0,5,0,0,9,514,255,505,2,1,9,NA,NA,NA,NA,NA,NA,NA,NA,NA,NA,NA,NA,NA,NA,NA,NA,NA,NA,NA,NA,NA,NA,NA,NA,NA,NA,NA,NA,NA,NA,NA,"Summer",10218,7495,6.01859321449623,9.37220408686774
3084,7024,"Doues","doues",2024-09-01,2024,9,"2024-09","Grand-Combin","Settembre",508,314,7,133,511,9847,24,4,1.693038069512,855.091888493584,9.75464492281688,69.6674306114865,505,5,8,-3,22,15,7,5,0,5,0,0,9,514,255,505,2,1,9,NA,NA,NA,NA,NA,NA,NA,NA,NA,NA,NA,NA,NA,NA,NA,NA,NA,NA,NA,NA,NA,NA,NA,NA,NA,NA,NA,NA,NA,NA,NA,"Autumn",11756,6924,5.75257263882563,9.19502366786429
3085,7024,"Doues","doues",2024-10-01,2024,10,"2024-10","Grand-Combin","Ottobre",203,134,7,133,511,11587,24,4,3.31043527747152,858.588163002988,7.57868128469982,84.9080253442946,505,5,8,-3,22,15,7,5,0,5,0,0,9,514,255,505,2,1,9,NA,NA,NA,NA,NA,NA,NA,NA,NA,NA,NA,NA,NA,NA,NA,NA,NA,NA,NA,NA,NA,NA,NA,NA,NA,NA,NA,NA,NA,NA,NA,"Autumn",9847,7916,4.90527477843843,9.35772535888924
3086,7024,"Doues","doues",2024-11-01,2024,11,"2024-11","Grand-Combin","Novembre",109,64,7,133,511,11851,24,4,1.32265927146689,859.816527970732,2.54628259073783,61.2837847407134,505,5,8,-3,22,15,7,5,0,5,0,0,9,514,255,505,2,1,9,NA,NA,NA,NA,NA,NA,NA,NA,NA,NA,NA,NA,NA,NA,NA,NA,NA,NA,NA,NA,NA,NA,NA,NA,NA,NA,NA,NA,NA,NA,NA,"Autumn",11587,8981,4.17438726989564,9.38025190869346
3087,7024,"Doues","doues",2024-12-01,2024,12,"2024-12","Grand-Combin","Dicembre",359,167,7,133,511,14835,24,4,0.44411018012279,855.570216976203,0.360415029544581,49.7788850503259,505,5,8,-3,22,15,7,5,0,5,0,0,9,514,255,505,2,1,9,NA,NA,NA,NA,NA,NA,NA,NA,NA,NA,NA,NA,NA,NA,NA,NA,NA,NA,NA,NA,NA,NA,NA,NA,NA,NA,NA,NA,NA,NA,NA,"Winter",11851,10761,5.12396397940326,9.60481193860948
3088,7024,"Doues","doues",2025-01-01,2025,1,"2025-01","Grand-Combin","Gennaio",391,166,29,226,511,16977,24,4,1.7085400202309,852.098381381643,-1.33085740122737,67.1257521776623,NA,NA,NA,NA,NA,NA,NA,NA,NA,NA,NA,NA,NA,NA,NA,NA,NA,NA,NA,NA,NA,NA,NA,NA,NA,NA,NA,NA,NA,NA,NA,NA,NA,NA,NA,NA,NA,NA,NA,NA,NA,NA,NA,NA,NA,NA,NA,NA,NA,NA,"Winter",14835,11359,5.11799381241676,9.73967366729791
3089,7024,"Doues","doues",2025-02-01,2025,2,"2025-02","Grand-Combin","Febbraio",204,110,29,226,511,13793,24,4,0.295085138762663,855.097301031913,-0.640784940101201,70.1218105479863,NA,NA,NA,NA,NA,NA,NA,NA,NA,NA,NA,NA,NA,NA,NA,NA,NA,NA,NA,NA,NA,NA,NA,NA,NA,NA,NA,NA,NA,NA,NA,NA,NA,NA,NA,NA,NA,NA,NA,NA,NA,NA,NA,NA,NA,NA,NA,NA,NA,NA,"Winter",16977,10429,4.70953020131233,9.53198899399124
3090,7024,"Doues","doues",2025-03-01,2025,3,"2025-03","Grand-Combin","Marzo",158,78,29,226,511,13560,24,4,1.00238551725739,850.547044004487,1.30594131126577,64.8009021395266,NA,NA,NA,NA,NA,NA,NA,NA,NA,NA,NA,NA,NA,NA,NA,NA,NA,NA,NA,NA,NA,NA,NA,NA,NA,NA,NA,NA,NA,NA,NA,NA,NA,NA,NA,NA,NA,NA,NA,NA,NA,NA,NA,NA,NA,NA,NA,NA,NA,NA,"Spring",13793,11885,4.36944785246702,9.51495330508794
3091,7024,"Doues","doues",2025-04-01,2025,4,"2025-04","Grand-Combin","Aprile",102,77,29,226,511,10958,24,4,3.44688284248772,857.303800248618,5.51771828964022,61.0614869766888,NA,NA,NA,NA,NA,NA,NA,NA,NA,NA,NA,NA,NA,NA,NA,NA,NA,NA,NA,NA,NA,NA,NA,NA,NA,NA,NA,NA,NA,NA,NA,NA,NA,NA,NA,NA,NA,NA,NA,NA,NA,NA,NA,NA,NA,NA,NA,NA,NA,NA,"Spring",13560,10245,4.35670882668959,9.30191631546339
3092,7024,"Doues","doues",2025-05-01,2025,5,"2025-05","Grand-Combin","Maggio",155,97,29,226,511,10793,24,4,1.36126802146314,857.296314250327,9.18316220666164,60.0975495312913,NA,NA,NA,NA,NA,NA,NA,NA,NA,NA,NA,NA,NA,NA,NA,NA,NA,NA,NA,NA,NA,NA,NA,NA,NA,NA,NA,NA,NA,NA,NA,NA,NA,NA,NA,NA,NA,NA,NA,NA,NA,NA,NA,NA,NA,NA,NA,NA,NA,NA,"Spring",10958,9249,4.58496747867057,9.28674570317859
3093,7024,"Doues","doues",2025-06-01,2025,6,"2025-06","Grand-Combin","Giugno",346,187,29,226,511,9812,24,4,0.750708708454759,864.872267971398,15.7222504364232,63.0687687049821,NA,NA,NA,NA,NA,NA,NA,NA,NA,NA,NA,NA,NA,NA,NA,NA,NA,NA,NA,NA,NA,NA,NA,NA,NA,NA,NA,NA,NA,NA,NA,NA,NA,NA,NA,NA,NA,NA,NA,NA,NA,NA,NA,NA,NA,NA,NA,NA,NA,NA,"Summer",10793,7590,5.23644196282995,9.19146331620649
3094,7024,"Doues","doues",2025-07-01,2025,7,"2025-07","Grand-Combin","Luglio",1617,440,29,226,511,10661,24,4,0.706610052242922,861.607757156358,14.3745020773865,59.9117680409978,NA,NA,NA,NA,NA,NA,NA,NA,NA,NA,NA,NA,NA,NA,NA,NA,NA,NA,NA,NA,NA,NA,NA,NA,NA,NA,NA,NA,NA,NA,NA,NA,NA,NA,NA,NA,NA,NA,NA,NA,NA,NA,NA,NA,NA,NA,NA,NA,NA,NA,"Summer",9812,10218,6.08904487544685,9.27444129738271
3095,7024,"Doues","doues",2025-08-01,2025,8,"2025-08","Grand-Combin","Agosto",2394,757,29,226,511,10900,24,4,1.05779004847722,858.546628525117,15.5402815558613,68.3792432081954,NA,NA,NA,NA,NA,NA,NA,NA,NA,NA,NA,NA,NA,NA,NA,NA,NA,NA,NA,NA,NA,NA,NA,NA,NA,NA,NA,NA,NA,NA,NA,NA,NA,NA,NA,NA,NA,NA,NA,NA,NA,NA,NA,NA,NA,NA,NA,NA,NA,NA,"Summer",10661,11756,6.63068338564237,9.29660980712836
3096,7024,"Doues","doues",2025-09-01,2025,9,"2025-09","Grand-Combin","Settembre",545,389,29,226,511,9181,24,4,1.07741109760709,863.566403686762,10.8745246434002,72.2611069209472,NA,NA,NA,NA,NA,NA,NA,NA,NA,NA,NA,NA,NA,NA,NA,NA,NA,NA,NA,NA,NA,NA,NA,NA,NA,NA,NA,NA,NA,NA,NA,NA,NA,NA,NA,NA,NA,NA,NA,NA,NA,NA,NA,NA,NA,NA,NA,NA,NA,NA,"Autumn",10900,9847,5.96614673912369,9.12500032480917
4903,7039,"La Magdeleine","la magdeleine",2015-01-01,2015,1,"2015-01","Mont-Cervin","Gennaio",443,154,4,109,109,14018,NA,NA,NA,NA,NA,NA,NA,NA,NA,NA,NA,NA,NA,NA,NA,NA,NA,NA,NA,NA,NA,NA,NA,NA,NA,"Nord-ovest",2,"Valle d'Aosta/Vallée d'Aoste","Valle d'Aosta/Vallée d'Aoste",0,49.4623655913978,NA,0,NA,NA,NA,NA,NA,NA,NA,84.9315068493151,13.6986301369863,NA,0,0,NA,NA,17908.130952381,36.144578313253,NA,291.65296803653,2.34485999082641,NA,NA,NA,49.4623655913978,"Winter",67793,111638,5.04342511691925,9.54816883136854
4904,7039,"La Magdeleine","la magdeleine",2015-02-01,2015,2,"2015-02","Mont-Cervin","Febbraio",517,303,4,109,109,11265,NA,NA,NA,NA,NA,NA,NA,NA,NA,NA,NA,NA,NA,NA,NA,NA,NA,NA,NA,NA,NA,NA,NA,NA,NA,"Nord-ovest",2,"Valle d'Aosta/Vallée d'Aoste","Valle d'Aosta/Vallée d'Aoste",0,49.4623655913978,NA,0,NA,NA,NA,NA,NA,NA,NA,84.9315068493151,13.6986301369863,NA,0,0,NA,NA,17908.130952381,36.144578313253,NA,291.65296803653,2.34485999082641,NA,NA,NA,49.4623655913978,"Winter",14018,126249,5.71702770140622,9.32954461945466
4905,7039,"La Magdeleine","la magdeleine",2015-03-01,2015,3,"2015-03","Mont-Cervin","Marzo",361,167,4,109,109,10816,NA,NA,NA,NA,NA,NA,NA,NA,NA,NA,NA,NA,NA,NA,NA,NA,NA,NA,NA,NA,NA,NA,NA,NA,NA,"Nord-ovest",2,"Valle d'Aosta/Vallée d'Aoste","Valle d'Aosta/Vallée d'Aoste",0,49.4623655913978,NA,0,NA,NA,NA,NA,NA,NA,NA,84.9315068493151,13.6986301369863,NA,0,0,NA,NA,17908.130952381,36.144578313253,NA,291.65296803653,2.34485999082641,NA,NA,NA,49.4623655913978,"Spring",11265,156735,5.12396397940326,9.28887424963029
4906,7039,"La Magdeleine","la magdeleine",2015-04-01,2015,4,"2015-04","Mont-Cervin","Aprile",52,31,4,109,109,10163,NA,NA,NA,NA,NA,NA,NA,NA,NA,NA,NA,NA,NA,NA,NA,NA,NA,NA,NA,NA,NA,NA,NA,NA,NA,"Nord-ovest",2,"Valle d'Aosta/Vallée d'Aoste","Valle d'Aosta/Vallée d'Aoste",0,49.4623655913978,NA,0,NA,NA,NA,NA,NA,NA,NA,84.9315068493151,13.6986301369863,NA,0,0,NA,NA,17908.130952381,36.144578313253,NA,291.65296803653,2.34485999082641,NA,NA,NA,49.4623655913978,"Spring",10816,158702,3.46573590279973,9.22660734444005
4907,7039,"La Magdeleine","la magdeleine",2015-05-01,2015,5,"2015-05","Mont-Cervin","Maggio",22,14,4,109,109,9385,NA,NA,NA,NA,NA,NA,NA,NA,NA,NA,NA,NA,NA,NA,NA,NA,NA,NA,NA,NA,NA,NA,NA,NA,NA,"Nord-ovest",2,"Valle d'Aosta/Vallée d'Aoste","Valle d'Aosta/Vallée d'Aoste",0,49.4623655913978,NA,0,NA,NA,NA,NA,NA,NA,NA,84.9315068493151,13.6986301369863,NA,0,0,NA,NA,17908.130952381,36.144578313253,NA,291.65296803653,2.34485999082641,NA,NA,NA,49.4623655913978,"Spring",10163,129668,2.70805020110221,9.14697449635436
4908,7039,"La Magdeleine","la magdeleine",2015-06-01,2015,6,"2015-06","Mont-Cervin","Giugno",86,29,4,109,109,9719,NA,NA,NA,NA,NA,NA,NA,NA,NA,NA,NA,NA,NA,NA,NA,NA,NA,NA,NA,NA,NA,NA,NA,NA,NA,"Nord-ovest",2,"Valle d'Aosta/Vallée d'Aoste","Valle d'Aosta/Vallée d'Aoste",0,49.4623655913978,NA,0,NA,NA,NA,NA,NA,NA,NA,84.9315068493151,13.6986301369863,NA,0,0,NA,NA,17908.130952381,36.144578313253,NA,291.65296803653,2.34485999082641,NA,NA,NA,49.4623655913978,"Summer",9385,126566,3.40119738166216,9.18194089745448
4909,7039,"La Magdeleine","la magdeleine",2015-07-01,2015,7,"2015-07","Mont-Cervin","Luglio",1681,291,4,109,109,15264,NA,NA,NA,NA,NA,NA,NA,NA,NA,NA,NA,NA,NA,NA,NA,NA,NA,NA,NA,NA,NA,NA,NA,NA,NA,"Nord-ovest",2,"Valle d'Aosta/Vallée d'Aoste","Valle d'Aosta/Vallée d'Aoste",0,49.4623655913978,NA,0,NA,NA,NA,NA,NA,NA,NA,84.9315068493151,13.6986301369863,NA,0,0,NA,NA,17908.130952381,36.144578313253,NA,291.65296803653,2.34485999082641,NA,NA,NA,49.4623655913978,"Summer",9719,105281,5.67675380226828,9.63331790516898
4910,7039,"La Magdeleine","la magdeleine",2015-08-01,2015,8,"2015-08","Mont-Cervin","Agosto",767,174,4,109,109,17558,NA,NA,NA,NA,NA,NA,NA,NA,NA,NA,NA,NA,NA,NA,NA,NA,NA,NA,NA,NA,NA,NA,NA,NA,NA,"Nord-ovest",2,"Valle d'Aosta/Vallée d'Aoste","Valle d'Aosta/Vallée d'Aoste",0,49.4623655913978,NA,0,NA,NA,NA,NA,NA,NA,NA,84.9315068493151,13.6986301369863,NA,0,0,NA,NA,17908.130952381,36.144578313253,NA,291.65296803653,2.34485999082641,NA,NA,NA,49.4623655913978,"Summer",15264,92181,5.16478597392351,9.77332191795933
4911,7039,"La Magdeleine","la magdeleine",2015-09-01,2015,9,"2015-09","Mont-Cervin","Settembre",111,49,4,109,109,19324,NA,NA,NA,NA,NA,NA,NA,NA,NA,NA,NA,NA,NA,NA,NA,NA,NA,NA,NA,NA,NA,NA,NA,NA,NA,"Nord-ovest",2,"Valle d'Aosta/Vallée d'Aoste","Valle d'Aosta/Vallée d'Aoste",0,49.4623655913978,NA,0,NA,NA,NA,NA,NA,NA,NA,84.9315068493151,13.6986301369863,NA,0,0,NA,NA,17908.130952381,36.144578313253,NA,291.65296803653,2.34485999082641,NA,NA,NA,49.4623655913978,"Autumn",17558,90513,3.91202300542815,9.86915487345562
4912,7039,"La Magdeleine","la magdeleine",2015-10-01,2015,10,"2015-10","Mont-Cervin","Ottobre",83,35,4,109,109,25276,NA,NA,NA,NA,NA,NA,NA,NA,NA,NA,NA,NA,NA,NA,NA,NA,NA,NA,NA,NA,NA,NA,NA,NA,NA,"Nord-ovest",2,"Valle d'Aosta/Vallée d'Aoste","Valle d'Aosta/Vallée d'Aoste",0,49.4623655913978,NA,0,NA,NA,NA,NA,NA,NA,NA,84.9315068493151,13.6986301369863,NA,0,0,NA,NA,17908.130952381,36.144578313253,NA,291.65296803653,2.34485999082641,NA,NA,NA,49.4623655913978,"Autumn",19324,94792,3.58351893845611,10.1376501703328
4913,7039,"La Magdeleine","la magdeleine",2015-11-01,2015,11,"2015-11","Mont-Cervin","Novembre",33,29,4,109,109,36986,NA,NA,NA,NA,NA,NA,NA,NA,NA,NA,NA,NA,NA,NA,NA,NA,NA,NA,NA,NA,NA,NA,NA,NA,NA,"Nord-ovest",2,"Valle d'Aosta/Vallée d'Aoste","Valle d'Aosta/Vallée d'Aoste",0,49.4623655913978,NA,0,NA,NA,NA,NA,NA,NA,NA,84.9315068493151,13.6986301369863,NA,0,0,NA,NA,17908.130952381,36.144578313253,NA,291.65296803653,2.34485999082641,NA,NA,NA,49.4623655913978,"Autumn",25276,97981,3.40119738166216,10.5183217785367
4914,7039,"La Magdeleine","la magdeleine",2015-12-01,2015,12,"2015-12","Mont-Cervin","Dicembre",414,143,4,109,109,50090,NA,NA,NA,NA,NA,NA,NA,NA,NA,NA,NA,NA,NA,NA,NA,NA,NA,NA,NA,NA,NA,NA,NA,NA,NA,"Nord-ovest",2,"Valle d'Aosta/Vallée d'Aoste","Valle d'Aosta/Vallée d'Aoste",0,49.4623655913978,NA,0,NA,NA,NA,NA,NA,NA,NA,84.9315068493151,13.6986301369863,NA,0,0,NA,NA,17908.130952381,36.144578313253,NA,291.65296803653,2.34485999082641,NA,NA,NA,49.4623655913978,"Winter",36986,67793,4.969813299576,10.8215966302171
4915,7039,"La Magdeleine","la magdeleine",2016-01-01,2016,1,"2016-01","Mont-Cervin","Gennaio",412,169,4,109,109,49760,NA,NA,NA,NA,NA,NA,NA,NA,NA,NA,NA,NA,NA,NA,NA,NA,NA,NA,NA,NA,NA,NA,NA,NA,NA,"Nord-ovest",2,"Valle d'Aosta/Vallée d'Aoste","Valle d'Aosta/Vallée d'Aoste",0,44.4444444444444,NA,0,NA,NA,NA,NA,NA,NA,NA,80,14.2222222222222,NA,NA,NA,NA,NA,17734.7066666667,36.986301369863,NA,45.5822222222222,2.35796820993523,NA,NA,NA,44.4444444444444,"Winter",50090,14018,5.13579843705026,10.8149868236742
4916,7039,"La Magdeleine","la magdeleine",2016-02-01,2016,2,"2016-02","Mont-Cervin","Febbraio",418,227,4,109,109,35064,NA,NA,NA,NA,NA,NA,NA,NA,NA,NA,NA,NA,NA,NA,NA,NA,NA,NA,NA,NA,NA,NA,NA,NA,NA,"Nord-ovest",2,"Valle d'Aosta/Vallée d'Aoste","Valle d'Aosta/Vallée d'Aoste",0,44.4444444444444,NA,0,NA,NA,NA,NA,NA,NA,NA,80,14.2222222222222,NA,NA,NA,NA,NA,17734.7066666667,36.986301369863,NA,45.5822222222222,2.35796820993523,NA,NA,NA,44.4444444444444,"Winter",49760,11265,5.42934562895444,10.464958760971
4917,7039,"La Magdeleine","la magdeleine",2016-03-01,2016,3,"2016-03","Mont-Cervin","Marzo",275,121,4,109,109,33713,NA,NA,NA,NA,NA,NA,NA,NA,NA,NA,NA,NA,NA,NA,NA,NA,NA,NA,NA,NA,NA,NA,NA,NA,NA,"Nord-ovest",2,"Valle d'Aosta/Vallée d'Aoste","Valle d'Aosta/Vallée d'Aoste",0,44.4444444444444,NA,0,NA,NA,NA,NA,NA,NA,NA,80,14.2222222222222,NA,NA,NA,NA,NA,17734.7066666667,36.986301369863,NA,45.5822222222222,2.35796820993523,NA,NA,NA,44.4444444444444,"Spring",35064,10816,4.80402104473326,10.4256684603403
4918,7039,"La Magdeleine","la magdeleine",2016-04-01,2016,4,"2016-04","Mont-Cervin","Aprile",64,29,4,109,109,19795,NA,NA,NA,NA,NA,NA,NA,NA,NA,NA,NA,NA,NA,NA,NA,NA,NA,NA,NA,NA,NA,NA,NA,NA,NA,"Nord-ovest",2,"Valle d'Aosta/Vallée d'Aoste","Valle d'Aosta/Vallée d'Aoste",0,44.4444444444444,NA,0,NA,NA,NA,NA,NA,NA,NA,80,14.2222222222222,NA,NA,NA,NA,NA,17734.7066666667,36.986301369863,NA,45.5822222222222,2.35796820993523,NA,NA,NA,44.4444444444444,"Spring",33713,10163,3.40119738166216,9.89323517607178
4919,7039,"La Magdeleine","la magdeleine",2016-05-01,2016,5,"2016-05","Mont-Cervin","Maggio",14,0,4,109,109,19140,NA,NA,NA,NA,NA,NA,NA,NA,NA,NA,NA,NA,NA,NA,NA,NA,NA,NA,NA,NA,NA,NA,NA,NA,NA,"Nord-ovest",2,"Valle d'Aosta/Vallée d'Aoste","Valle d'Aosta/Vallée d'Aoste",0,44.4444444444444,NA,0,NA,NA,NA,NA,NA,NA,NA,80,14.2222222222222,NA,NA,NA,NA,NA,17734.7066666667,36.986301369863,NA,45.5822222222222,2.35796820993523,NA,NA,NA,44.4444444444444,"Spring",19795,9385,0,9.85958791024611
4920,7039,"La Magdeleine","la magdeleine",2016-06-01,2016,6,"2016-06","Mont-Cervin","Giugno",545,104,4,109,109,18054,NA,NA,NA,NA,NA,NA,NA,NA,NA,NA,NA,NA,NA,NA,NA,NA,NA,NA,NA,NA,NA,NA,NA,NA,NA,"Nord-ovest",2,"Valle d'Aosta/Vallée d'Aoste","Valle d'Aosta/Vallée d'Aoste",0,44.4444444444444,NA,0,NA,NA,NA,NA,NA,NA,NA,80,14.2222222222222,NA,NA,NA,NA,NA,17734.7066666667,36.986301369863,NA,45.5822222222222,2.35796820993523,NA,NA,NA,44.4444444444444,"Summer",19140,9719,4.65396035015752,9.80117793371156
4921,7039,"La Magdeleine","la magdeleine",2016-07-01,2016,7,"2016-07","Mont-Cervin","Luglio",1870,217,4,109,109,23358,NA,NA,NA,NA,NA,NA,NA,NA,NA,NA,NA,NA,NA,NA,NA,NA,NA,NA,NA,NA,NA,NA,NA,NA,NA,"Nord-ovest",2,"Valle d'Aosta/Vallée d'Aoste","Valle d'Aosta/Vallée d'Aoste",0,44.4444444444444,NA,0,NA,NA,NA,NA,NA,NA,NA,80,14.2222222222222,NA,NA,NA,NA,NA,17734.7066666667,36.986301369863,NA,45.5822222222222,2.35796820993523,NA,NA,NA,44.4444444444444,"Summer",18054,15264,5.38449506278909,10.0587376278067
4922,7039,"La Magdeleine","la magdeleine",2016-08-01,2016,8,"2016-08","Mont-Cervin","Agosto",643,172,4,109,109,25725,NA,NA,NA,NA,NA,NA,NA,NA,NA,NA,NA,NA,NA,NA,NA,NA,NA,NA,NA,NA,NA,NA,NA,NA,NA,"Nord-ovest",2,"Valle d'Aosta/Vallée d'Aoste","Valle d'Aosta/Vallée d'Aoste",0,44.4444444444444,NA,0,NA,NA,NA,NA,NA,NA,NA,80,14.2222222222222,NA,NA,NA,NA,NA,17734.7066666667,36.986301369863,NA,45.5822222222222,2.35796820993523,NA,NA,NA,44.4444444444444,"Summer",23358,17558,5.15329159449778,10.1552574326387
4923,7039,"La Magdeleine","la magdeleine",2016-09-01,2016,9,"2016-09","Mont-Cervin","Settembre",47,22,4,109,109,19216,NA,NA,NA,NA,NA,NA,NA,NA,NA,NA,NA,NA,NA,NA,NA,NA,NA,NA,NA,NA,NA,NA,NA,NA,NA,"Nord-ovest",2,"Valle d'Aosta/Vallée d'Aoste","Valle d'Aosta/Vallée d'Aoste",0,44.4444444444444,NA,0,NA,NA,NA,NA,NA,NA,NA,80,14.2222222222222,NA,NA,NA,NA,NA,17734.7066666667,36.986301369863,NA,45.5822222222222,2.35796820993523,NA,NA,NA,44.4444444444444,"Autumn",25725,19324,3.13549421592915,9.86355058293243
4924,7039,"La Magdeleine","la magdeleine",2016-10-01,2016,10,"2016-10","Mont-Cervin","Ottobre",32,30,4,109,109,22951,NA,NA,NA,NA,NA,NA,NA,NA,NA,NA,NA,NA,NA,NA,NA,NA,NA,NA,NA,NA,NA,NA,NA,NA,NA,"Nord-ovest",2,"Valle d'Aosta/Vallée d'Aoste","Valle d'Aosta/Vallée d'Aoste",0,44.4444444444444,NA,0,NA,NA,NA,NA,NA,NA,NA,80,14.2222222222222,NA,NA,NA,NA,NA,17734.7066666667,36.986301369863,NA,45.5822222222222,2.35796820993523,NA,NA,NA,44.4444444444444,"Autumn",19216,25276,3.43398720448515,10.0411603576612
4925,7039,"La Magdeleine","la magdeleine",2016-11-01,2016,11,"2016-11","Mont-Cervin","Novembre",0,0,4,109,109,27651,NA,NA,NA,NA,NA,NA,NA,NA,NA,NA,NA,NA,NA,NA,NA,NA,NA,NA,NA,NA,NA,NA,NA,NA,NA,"Nord-ovest",2,"Valle d'Aosta/Vallée d'Aoste","Valle d'Aosta/Vallée d'Aoste",0,44.4444444444444,NA,0,NA,NA,NA,NA,NA,NA,NA,80,14.2222222222222,NA,NA,NA,NA,NA,17734.7066666667,36.986301369863,NA,45.5822222222222,2.35796820993523,NA,NA,NA,44.4444444444444,"Autumn",22951,36986,0,10.2274533370652
4926,7039,"La Magdeleine","la magdeleine",2016-12-01,2016,12,"2016-12","Mont-Cervin","Dicembre",336,143,4,109,109,53817,NA,NA,NA,NA,NA,NA,NA,NA,NA,NA,NA,NA,NA,NA,NA,NA,NA,NA,NA,NA,NA,NA,NA,NA,NA,"Nord-ovest",2,"Valle d'Aosta/Vallée d'Aoste","Valle d'Aosta/Vallée d'Aoste",0,44.4444444444444,NA,0,NA,NA,NA,NA,NA,NA,NA,80,14.2222222222222,NA,NA,NA,NA,NA,17734.7066666667,36.986301369863,NA,45.5822222222222,2.35796820993523,NA,NA,NA,44.4444444444444,"Winter",27651,50090,4.969813299576,10.8933632626837
4927,7039,"La Magdeleine","la magdeleine",2017-01-01,2017,1,"2017-01","Mont-Cervin","Gennaio",309,80,4,109,111,63110,NA,NA,NA,NA,NA,NA,NA,NA,NA,NA,NA,NA,NA,NA,NA,NA,NA,NA,NA,NA,NA,NA,NA,NA,NA,"Nord-ovest",2,"Valle d'Aosta/Vallée d'Aoste","Valle d'Aosta/Vallée d'Aoste",0,42.8571428571429,NA,40,NA,NA,NA,NA,NA,NA,NA,80.5309734513274,15.0442477876106,NA,0,0,NA,NA,18833.3797468354,37.1794871794872,NA,48.5398230088496,2.35796820993523,NA,NA,NA,42.8571428571429,"Winter",53817,49760,4.39444915467244,11.0526503598021
4928,7039,"La Magdeleine","la magdeleine",2017-02-01,2017,2,"2017-02","Mont-Cervin","Febbraio",311,200,4,109,111,28471,NA,NA,NA,NA,NA,NA,NA,NA,NA,NA,NA,NA,NA,NA,NA,NA,NA,NA,NA,NA,NA,NA,NA,NA,NA,"Nord-ovest",2,"Valle d'Aosta/Vallée d'Aoste","Valle d'Aosta/Vallée d'Aoste",0,42.8571428571429,NA,40,NA,NA,NA,NA,NA,NA,NA,80.5309734513274,15.0442477876106,NA,0,0,NA,NA,18833.3797468354,37.1794871794872,NA,48.5398230088496,2.35796820993523,NA,NA,NA,42.8571428571429,"Winter",63110,35064,5.30330490805908,10.25667642719
4929,7039,"La Magdeleine","la magdeleine",2017-03-01,2017,3,"2017-03","Mont-Cervin","Marzo",123,89,4,109,111,24616,NA,NA,NA,NA,NA,NA,NA,NA,NA,NA,NA,NA,NA,NA,NA,NA,NA,NA,NA,NA,NA,NA,NA,NA,NA,"Nord-ovest",2,"Valle d'Aosta/Vallée d'Aoste","Valle d'Aosta/Vallée d'Aoste",0,42.8571428571429,NA,40,NA,NA,NA,NA,NA,NA,NA,80.5309734513274,15.0442477876106,NA,0,0,NA,NA,18833.3797468354,37.1794871794872,NA,48.5398230088496,2.35796820993523,NA,NA,NA,42.8571428571429,"Spring",28471,33713,4.49980967033027,10.1111925401611
4930,7039,"La Magdeleine","la magdeleine",2017-04-01,2017,4,"2017-04","Mont-Cervin","Aprile",128,48,4,109,111,19763,NA,NA,NA,NA,NA,NA,NA,NA,NA,NA,NA,NA,NA,NA,NA,NA,NA,NA,NA,NA,NA,NA,NA,NA,NA,"Nord-ovest",2,"Valle d'Aosta/Vallée d'Aoste","Valle d'Aosta/Vallée d'Aoste",0,42.8571428571429,NA,40,NA,NA,NA,NA,NA,NA,NA,80.5309734513274,15.0442477876106,NA,0,0,NA,NA,18833.3797468354,37.1794871794872,NA,48.5398230088496,2.35796820993523,NA,NA,NA,42.8571428571429,"Spring",24616,19795,3.89182029811063,9.89161737996564
4931,7039,"La Magdeleine","la magdeleine",2017-05-01,2017,5,"2017-05","Mont-Cervin","Maggio",8,6,4,109,111,15647,NA,NA,NA,NA,NA,NA,NA,NA,NA,NA,NA,NA,NA,NA,NA,NA,NA,NA,NA,NA,NA,NA,NA,NA,NA,"Nord-ovest",2,"Valle d'Aosta/Vallée d'Aoste","Valle d'Aosta/Vallée d'Aoste",0,42.8571428571429,NA,40,NA,NA,NA,NA,NA,NA,NA,80.5309734513274,15.0442477876106,NA,0,0,NA,NA,18833.3797468354,37.1794871794872,NA,48.5398230088496,2.35796820993523,NA,NA,NA,42.8571428571429,"Spring",19763,19140,1.94591014905531,9.6580983922746
4932,7039,"La Magdeleine","la magdeleine",2017-06-01,2017,6,"2017-06","Mont-Cervin","Giugno",172,64,4,109,111,16257,NA,NA,NA,NA,NA,NA,NA,NA,NA,NA,NA,NA,NA,NA,NA,NA,NA,NA,NA,NA,NA,NA,NA,NA,NA,"Nord-ovest",2,"Valle d'Aosta/Vallée d'Aoste","Valle d'Aosta/Vallée d'Aoste",0,42.8571428571429,NA,40,NA,NA,NA,NA,NA,NA,NA,80.5309734513274,15.0442477876106,NA,0,0,NA,NA,18833.3797468354,37.1794871794872,NA,48.5398230088496,2.35796820993523,NA,NA,NA,42.8571428571429,"Summer",15647,18054,4.17438726989564,9.69634037430652
4933,7039,"La Magdeleine","la magdeleine",2017-07-01,2017,7,"2017-07","Mont-Cervin","Luglio",1804,225,4,109,111,21836,NA,NA,NA,NA,NA,NA,NA,NA,NA,NA,NA,NA,NA,NA,NA,NA,NA,NA,NA,NA,NA,NA,NA,NA,NA,"Nord-ovest",2,"Valle d'Aosta/Vallée d'Aoste","Valle d'Aosta/Vallée d'Aoste",0,42.8571428571429,NA,40,NA,NA,NA,NA,NA,NA,NA,80.5309734513274,15.0442477876106,NA,0,0,NA,NA,18833.3797468354,37.1794871794872,NA,48.5398230088496,2.35796820993523,NA,NA,NA,42.8571428571429,"Summer",16257,23358,5.42053499927229,9.99136105778637
4934,7039,"La Magdeleine","la magdeleine",2017-08-01,2017,8,"2017-08","Mont-Cervin","Agosto",978,190,4,109,111,24345,NA,NA,NA,NA,NA,NA,NA,NA,NA,NA,NA,NA,NA,NA,NA,NA,NA,NA,NA,NA,NA,NA,NA,NA,NA,"Nord-ovest",2,"Valle d'Aosta/Vallée d'Aoste","Valle d'Aosta/Vallée d'Aoste",0,42.8571428571429,NA,40,NA,NA,NA,NA,NA,NA,NA,80.5309734513274,15.0442477876106,NA,0,0,NA,NA,18833.3797468354,37.1794871794872,NA,48.5398230088496,2.35796820993523,NA,NA,NA,42.8571428571429,"Summer",21836,25725,5.25227342804663,10.1001228439695
4935,7039,"La Magdeleine","la magdeleine",2017-09-01,2017,9,"2017-09","Mont-Cervin","Settembre",85,41,4,109,111,17419,NA,NA,NA,NA,NA,NA,NA,NA,NA,NA,NA,NA,NA,NA,NA,NA,NA,NA,NA,NA,NA,NA,NA,NA,NA,"Nord-ovest",2,"Valle d'Aosta/Vallée d'Aoste","Valle d'Aosta/Vallée d'Aoste",0,42.8571428571429,NA,40,NA,NA,NA,NA,NA,NA,NA,80.5309734513274,15.0442477876106,NA,0,0,NA,NA,18833.3797468354,37.1794871794872,NA,48.5398230088496,2.35796820993523,NA,NA,NA,42.8571428571429,"Autumn",24345,19216,3.73766961828337,9.76537425040649
4936,7039,"La Magdeleine","la magdeleine",2017-10-01,2017,10,"2017-10","Mont-Cervin","Ottobre",25,23,4,109,111,20089,NA,NA,NA,NA,NA,NA,NA,NA,NA,NA,NA,NA,NA,NA,NA,NA,NA,NA,NA,NA,NA,NA,NA,NA,NA,"Nord-ovest",2,"Valle d'Aosta/Vallée d'Aoste","Valle d'Aosta/Vallée d'Aoste",0,42.8571428571429,NA,40,NA,NA,NA,NA,NA,NA,NA,80.5309734513274,15.0442477876106,NA,0,0,NA,NA,18833.3797468354,37.1794871794872,NA,48.5398230088496,2.35796820993523,NA,NA,NA,42.8571428571429,"Autumn",17419,22951,3.17805383034795,9.90797745780898
4937,7039,"La Magdeleine","la magdeleine",2017-11-01,2017,11,"2017-11","Mont-Cervin","Novembre",1,1,4,109,111,36276,NA,NA,NA,NA,NA,NA,NA,NA,NA,NA,NA,NA,NA,NA,NA,NA,NA,NA,NA,NA,NA,NA,NA,NA,NA,"Nord-ovest",2,"Valle d'Aosta/Vallée d'Aoste","Valle d'Aosta/Vallée d'Aoste",0,42.8571428571429,NA,40,NA,NA,NA,NA,NA,NA,NA,80.5309734513274,15.0442477876106,NA,0,0,NA,NA,18833.3797468354,37.1794871794872,NA,48.5398230088496,2.35796820993523,NA,NA,NA,42.8571428571429,"Autumn",20089,27651,0.693147180559945,10.4989392106226
4938,7039,"La Magdeleine","la magdeleine",2017-12-01,2017,12,"2017-12","Mont-Cervin","Dicembre",347,170,4,109,111,50433,NA,NA,NA,NA,NA,NA,NA,NA,NA,NA,NA,NA,NA,NA,NA,NA,NA,NA,NA,NA,NA,NA,NA,NA,NA,"Nord-ovest",2,"Valle d'Aosta/Vallée d'Aoste","Valle d'Aosta/Vallée d'Aoste",0,42.8571428571429,NA,40,NA,NA,NA,NA,NA,NA,NA,80.5309734513274,15.0442477876106,NA,0,0,NA,NA,18833.3797468354,37.1794871794872,NA,48.5398230088496,2.35796820993523,NA,NA,NA,42.8571428571429,"Winter",36276,53817,5.14166355650266,10.8284208297916
4939,7039,"La Magdeleine","la magdeleine",2018-01-01,2018,1,"2018-01","Mont-Cervin","Gennaio",409,131,4,104,108,36548,NA,NA,NA,NA,NA,NA,NA,NA,NA,NA,NA,NA,NA,NA,NA,NA,NA,NA,NA,NA,NA,NA,NA,NA,NA,"Nord-ovest",2,"Valle d'Aosta/Vallée d'Aoste","Valle d'Aosta/Vallée d'Aoste",0,38.2978723404255,NA,0,72.972972972973,27.027027027027,NA,NA,NA,NA,NA,84.6846846846847,16.2162162162162,NA,0,0,NA,NA,19502.4939759036,32.9268292682927,NA,45.5675675675676,2.35796820993523,NA,NA,NA,38.2978723404255,"Winter",50433,63110,4.88280192258637,10.5064091050225
4940,7039,"La Magdeleine","la magdeleine",2018-02-01,2018,2,"2018-02","Mont-Cervin","Febbraio",419,237,4,104,108,31835,NA,NA,NA,NA,NA,NA,NA,NA,NA,NA,NA,NA,NA,NA,NA,NA,NA,NA,NA,NA,NA,NA,NA,NA,NA,"Nord-ovest",2,"Valle d'Aosta/Vallée d'Aoste","Valle d'Aosta/Vallée d'Aoste",0,38.2978723404255,NA,0,72.972972972973,27.027027027027,NA,NA,NA,NA,NA,84.6846846846847,16.2162162162162,NA,0,0,NA,NA,19502.4939759036,32.9268292682927,NA,45.5675675675676,2.35796820993523,NA,NA,NA,38.2978723404255,"Winter",36548,28471,5.47227067367148,10.3683530039257
4941,7039,"La Magdeleine","la magdeleine",2018-03-01,2018,3,"2018-03","Mont-Cervin","Marzo",392,225,4,104,108,32298,NA,NA,NA,NA,NA,NA,NA,NA,NA,NA,NA,NA,NA,NA,NA,NA,NA,NA,NA,NA,NA,NA,NA,NA,NA,"Nord-ovest",2,"Valle d'Aosta/Vallée d'Aoste","Valle d'Aosta/Vallée d'Aoste",0,38.2978723404255,NA,0,72.972972972973,27.027027027027,NA,NA,NA,NA,NA,84.6846846846847,16.2162162162162,NA,0,0,NA,NA,19502.4939759036,32.9268292682927,NA,45.5675675675676,2.35796820993523,NA,NA,NA,38.2978723404255,"Spring",31835,24616,5.42053499927229,10.3827915489792
4942,7039,"La Magdeleine","la magdeleine",2018-04-01,2018,4,"2018-04","Mont-Cervin","Aprile",113,32,4,104,108,22876,NA,NA,NA,NA,NA,NA,NA,NA,NA,NA,NA,NA,NA,NA,NA,NA,NA,NA,NA,NA,NA,NA,NA,NA,NA,"Nord-ovest",2,"Valle d'Aosta/Vallée d'Aoste","Valle d'Aosta/Vallée d'Aoste",0,38.2978723404255,NA,0,72.972972972973,27.027027027027,NA,NA,NA,NA,NA,84.6846846846847,16.2162162162162,NA,0,0,NA,NA,19502.4939759036,32.9268292682927,NA,45.5675675675676,2.35796820993523,NA,NA,NA,38.2978723404255,"Spring",32298,19763,3.49650756146648,10.0378873180158
4943,7039,"La Magdeleine","la magdeleine",2018-05-01,2018,5,"2018-05","Mont-Cervin","Maggio",18,15,4,104,108,16266,NA,NA,NA,NA,NA,NA,NA,NA,NA,NA,NA,NA,NA,NA,NA,NA,NA,NA,NA,NA,NA,NA,NA,NA,NA,"Nord-ovest",2,"Valle d'Aosta/Vallée d'Aoste","Valle d'Aosta/Vallée d'Aoste",0,38.2978723404255,NA,0,72.972972972973,27.027027027027,NA,NA,NA,NA,NA,84.6846846846847,16.2162162162162,NA,0,0,NA,NA,19502.4939759036,32.9268292682927,NA,45.5675675675676,2.35796820993523,NA,NA,NA,38.2978723404255,"Spring",22876,15647,2.77258872223978,9.69689379476645
4944,7039,"La Magdeleine","la magdeleine",2018-06-01,2018,6,"2018-06","Mont-Cervin","Giugno",84,68,4,104,108,17861,NA,NA,NA,NA,NA,NA,NA,NA,NA,NA,NA,NA,NA,NA,NA,NA,NA,NA,NA,NA,NA,NA,NA,NA,NA,"Nord-ovest",2,"Valle d'Aosta/Vallée d'Aoste","Valle d'Aosta/Vallée d'Aoste",0,38.2978723404255,NA,0,72.972972972973,27.027027027027,NA,NA,NA,NA,NA,84.6846846846847,16.2162162162162,NA,0,0,NA,NA,19502.4939759036,32.9268292682927,NA,45.5675675675676,2.35796820993523,NA,NA,NA,38.2978723404255,"Summer",16266,16257,4.23410650459726,9.79043083024383
4945,7039,"La Magdeleine","la magdeleine",2018-07-01,2018,7,"2018-07","Mont-Cervin","Luglio",1643,224,4,104,108,22741,NA,NA,NA,NA,NA,NA,NA,NA,NA,NA,NA,NA,NA,NA,NA,NA,NA,NA,NA,NA,NA,NA,NA,NA,NA,"Nord-ovest",2,"Valle d'Aosta/Vallée d'Aoste","Valle d'Aosta/Vallée d'Aoste",0,38.2978723404255,NA,0,72.972972972973,27.027027027027,NA,NA,NA,NA,NA,84.6846846846847,16.2162162162162,NA,0,0,NA,NA,19502.4939759036,32.9268292682927,NA,45.5675675675676,2.35796820993523,NA,NA,NA,38.2978723404255,"Summer",17861,21836,5.41610040220442,10.0319687141847
4946,7039,"La Magdeleine","la magdeleine",2018-08-01,2018,8,"2018-08","Mont-Cervin","Agosto",1420,302,4,104,108,27632,NA,NA,NA,NA,NA,NA,NA,NA,NA,NA,NA,NA,NA,NA,NA,NA,NA,NA,NA,NA,NA,NA,NA,NA,NA,"Nord-ovest",2,"Valle d'Aosta/Vallée d'Aoste","Valle d'Aosta/Vallée d'Aoste",0,38.2978723404255,NA,0,72.972972972973,27.027027027027,NA,NA,NA,NA,NA,84.6846846846847,16.2162162162162,NA,0,0,NA,NA,19502.4939759036,32.9268292682927,NA,45.5675675675676,2.35796820993523,NA,NA,NA,38.2978723404255,"Summer",22741,24345,5.71373280550937,10.2267659896563
4947,7039,"La Magdeleine","la magdeleine",2018-09-01,2018,9,"2018-09","Mont-Cervin","Settembre",164,57,4,104,108,19141,NA,NA,NA,NA,NA,NA,NA,NA,NA,NA,NA,NA,NA,NA,NA,NA,NA,NA,NA,NA,NA,NA,NA,NA,NA,"Nord-ovest",2,"Valle d'Aosta/Vallée d'Aoste","Valle d'Aosta/Vallée d'Aoste",0,38.2978723404255,NA,0,72.972972972973,27.027027027027,NA,NA,NA,NA,NA,84.6846846846847,16.2162162162162,NA,0,0,NA,NA,19502.4939759036,32.9268292682927,NA,45.5675675675676,2.35796820993523,NA,NA,NA,38.2978723404255,"Autumn",27632,17419,4.06044301054642,9.85964015275585
4948,7039,"La Magdeleine","la magdeleine",2018-10-01,2018,10,"2018-10","Mont-Cervin","Ottobre",11,11,4,104,108,20999,NA,NA,NA,NA,NA,NA,NA,NA,NA,NA,NA,NA,NA,NA,NA,NA,NA,NA,NA,NA,NA,NA,NA,NA,NA,"Nord-ovest",2,"Valle d'Aosta/Vallée d'Aoste","Valle d'Aosta/Vallée d'Aoste",0,38.2978723404255,NA,0,72.972972972973,27.027027027027,NA,NA,NA,NA,NA,84.6846846846847,16.2162162162162,NA,0,0,NA,NA,19502.4939759036,32.9268292682927,NA,45.5675675675676,2.35796820993523,NA,NA,NA,38.2978723404255,"Autumn",19141,20089,2.484906649788,9.95227771670556
4949,7039,"La Magdeleine","la magdeleine",2018-11-01,2018,11,"2018-11","Mont-Cervin","Novembre",70,25,4,104,108,27641,NA,NA,NA,NA,NA,NA,NA,NA,NA,NA,NA,NA,NA,NA,NA,NA,NA,NA,NA,NA,NA,NA,NA,NA,NA,"Nord-ovest",2,"Valle d'Aosta/Vallée d'Aoste","Valle d'Aosta/Vallée d'Aoste",0,38.2978723404255,NA,0,72.972972972973,27.027027027027,NA,NA,NA,NA,NA,84.6846846846847,16.2162162162162,NA,0,0,NA,NA,19502.4939759036,32.9268292682927,NA,45.5675675675676,2.35796820993523,NA,NA,NA,38.2978723404255,"Autumn",20999,36276,3.25809653802148,10.227091634164
4950,7039,"La Magdeleine","la magdeleine",2018-12-01,2018,12,"2018-12","Mont-Cervin","Dicembre",456,146,4,104,108,63485,NA,NA,NA,NA,NA,NA,NA,NA,NA,NA,NA,NA,NA,NA,NA,NA,NA,NA,NA,NA,NA,NA,NA,NA,NA,"Nord-ovest",2,"Valle d'Aosta/Vallée d'Aoste","Valle d'Aosta/Vallée d'Aoste",0,38.2978723404255,NA,0,72.972972972973,27.027027027027,NA,NA,NA,NA,NA,84.6846846846847,16.2162162162162,NA,0,0,NA,NA,19502.4939759036,32.9268292682927,NA,45.5675675675676,2.35796820993523,NA,NA,NA,38.2978723404255,"Winter",27641,50433,4.99043258677874,11.0585746881322
4951,7039,"La Magdeleine","la magdeleine",2019-01-01,2019,1,"2019-01","Mont-Cervin","Gennaio",391,117,4,104,107,55119,39,2,0.305787691275905,835.590625592733,-5.2503871911717,38.4660984318008,110,0,1,-1,3,3,0,0,0,0,0,0,-1,109,62,109,1.7,0,0,"Nord-ovest",2,"Valle d'Aosta/Vallée d'Aoste","Valle d'Aosta/Vallée d'Aoste",0,29.2134831460674,NA,0,73.5294117647059,23.5294117647059,NA,NA,NA,NA,NA,81.2785388127854,17.351598173516,913.24200913242,0,0,NA,NA,19372.6049382716,34.1463414634146,NA,254.13698630137,2.35796820993523,14.0625,37,55,29.2134831460674,"Winter",63485,36548,4.77068462446567,10.9172679056875
4952,7039,"La Magdeleine","la magdeleine",2019-02-01,2019,2,"2019-02","Mont-Cervin","Febbraio",373,211,4,104,107,28677,39,2,0.278026203847211,840.897725901279,-1.2698757305539,24.971280606474,110,0,1,-1,3,3,0,0,0,0,0,0,-1,109,62,109,1.7,0,0,"Nord-ovest",2,"Valle d'Aosta/Vallée d'Aoste","Valle d'Aosta/Vallée d'Aoste",0,29.2134831460674,NA,0,73.5294117647059,23.5294117647059,NA,NA,NA,NA,NA,81.2785388127854,17.351598173516,913.24200913242,0,0,NA,NA,19372.6049382716,34.1463414634146,NA,254.13698630137,2.35796820993523,14.0625,37,55,29.2134831460674,"Winter",55119,31835,5.35658627467201,10.263885557275
4953,7039,"La Magdeleine","la magdeleine",2019-03-01,2019,3,"2019-03","Mont-Cervin","Marzo",168,93,4,104,107,23911,39,2,0.328943802748929,826.525270670847,-0.739143340758381,38.0708312049246,110,0,1,-1,3,3,0,0,0,0,0,0,-1,109,62,109,1.7,0,0,"Nord-ovest",2,"Valle d'Aosta/Vallée d'Aoste","Valle d'Aosta/Vallée d'Aoste",0,29.2134831460674,NA,0,73.5294117647059,23.5294117647059,NA,NA,NA,NA,NA,81.2785388127854,17.351598173516,913.24200913242,0,0,NA,NA,19372.6049382716,34.1463414634146,NA,254.13698630137,2.35796820993523,14.0625,37,55,29.2134831460674,"Spring",28677,32298,4.54329478227,10.0821357039638
4954,7039,"La Magdeleine","la magdeleine",2019-04-01,2019,4,"2019-04","Mont-Cervin","Aprile",39,22,4,104,107,23130,39,2,1.20318901585725,851.183111139778,0.542246651498138,45.2434866115809,110,0,1,-1,3,3,0,0,0,0,0,0,-1,109,62,109,1.7,0,0,"Nord-ovest",2,"Valle d'Aosta/Vallée d'Aoste","Valle d'Aosta/Vallée d'Aoste",0,29.2134831460674,NA,0,73.5294117647059,23.5294117647059,NA,NA,NA,NA,NA,81.2785388127854,17.351598173516,913.24200913242,0,0,NA,NA,19372.6049382716,34.1463414634146,NA,254.13698630137,2.35796820993523,14.0625,37,55,29.2134831460674,"Spring",23911,22876,3.13549421592915,10.0489289881863
4955,7039,"La Magdeleine","la magdeleine",2019-05-01,2019,5,"2019-05","Mont-Cervin","Maggio",4,2,4,104,107,17202,39,2,1.19595242261412,849.59664170781,3.50963006160523,23.3219908769001,110,0,1,-1,3,3,0,0,0,0,0,0,-1,109,62,109,1.7,0,0,"Nord-ovest",2,"Valle d'Aosta/Vallée d'Aoste","Valle d'Aosta/Vallée d'Aoste",0,29.2134831460674,NA,0,73.5294117647059,23.5294117647059,NA,NA,NA,NA,NA,81.2785388127854,17.351598173516,913.24200913242,0,0,NA,NA,19372.6049382716,34.1463414634146,NA,254.13698630137,2.35796820993523,14.0625,37,55,29.2134831460674,"Spring",23130,16266,1.09861228866811,9.75283906619704
4956,7039,"La Magdeleine","la magdeleine",2019-06-01,2019,6,"2019-06","Mont-Cervin","Giugno",172,87,4,104,107,17568,39,2,1.09505096847299,854.40403545494,11.0015264840748,42.1132058673738,110,0,1,-1,3,3,0,0,0,0,0,0,-1,109,62,109,1.7,0,0,"Nord-ovest",2,"Valle d'Aosta/Vallée d'Aoste","Valle d'Aosta/Vallée d'Aoste",0,29.2134831460674,NA,0,73.5294117647059,23.5294117647059,NA,NA,NA,NA,NA,81.2785388127854,17.351598173516,913.24200913242,0,0,NA,NA,19372.6049382716,34.1463414634146,NA,254.13698630137,2.35796820993523,14.0625,37,55,29.2134831460674,"Summer",17202,17861,4.47733681447821,9.77389126436506
4957,7039,"La Magdeleine","la magdeleine",2019-07-01,2019,7,"2019-07","Mont-Cervin","Luglio",1943,184,4,104,107,23617,39,2,1.35740201997999,867.94737445225,12.7999457952754,57.4757678863734,110,0,1,-1,3,3,0,0,0,0,0,0,-1,109,62,109,1.7,0,0,"Nord-ovest",2,"Valle d'Aosta/Vallée d'Aoste","Valle d'Aosta/Vallée d'Aoste",0,29.2134831460674,NA,0,73.5294117647059,23.5294117647059,NA,NA,NA,NA,NA,81.2785388127854,17.351598173516,913.24200913242,0,0,NA,NA,19372.6049382716,34.1463414634146,NA,254.13698630137,2.35796820993523,14.0625,37,55,29.2134831460674,"Summer",17568,22741,5.22035582507832,10.0697644121612
4958,7039,"La Magdeleine","la magdeleine",2019-08-01,2019,8,"2019-08","Mont-Cervin","Agosto",994,217,4,104,107,28331,39,2,1.18711933547657,860.252640929758,10.9559319370591,73.9699724098921,110,0,1,-1,3,3,0,0,0,0,0,0,-1,109,62,109,1.7,0,0,"Nord-ovest",2,"Valle d'Aosta/Vallée d'Aoste","Valle d'Aosta/Vallée d'Aoste",0,29.2134831460674,NA,0,73.5294117647059,23.5294117647059,NA,NA,NA,NA,NA,81.2785388127854,17.351598173516,913.24200913242,0,0,NA,NA,19372.6049382716,34.1463414634146,NA,254.13698630137,2.35796820993523,14.0625,37,55,29.2134831460674,"Summer",23617,27632,5.38449506278909,10.2517471868735
4959,7039,"La Magdeleine","la magdeleine",2019-09-01,2019,9,"2019-09","Mont-Cervin","Settembre",42,39,4,104,107,18924,39,2,0.467404770635379,854.240560519368,8.50069465141254,66.2781350763172,110,0,1,-1,3,3,0,0,0,0,0,0,-1,109,62,109,1.7,0,0,"Nord-ovest",2,"Valle d'Aosta/Vallée d'Aoste","Valle d'Aosta/Vallée d'Aoste",0,29.2134831460674,NA,0,73.5294117647059,23.5294117647059,NA,NA,NA,NA,NA,81.2785388127854,17.351598173516,913.24200913242,0,0,NA,NA,19372.6049382716,34.1463414634146,NA,254.13698630137,2.35796820993523,14.0625,37,55,29.2134831460674,"Autumn",28331,19141,3.68887945411394,9.84823907830565
4960,7039,"La Magdeleine","la magdeleine",2019-10-01,2019,10,"2019-10","Mont-Cervin","Ottobre",22,18,4,104,107,22282,39,2,1.77826447683376,837.262715924056,5.241711745151,74.7220725600584,110,0,1,-1,3,3,0,0,0,0,0,0,-1,109,62,109,1.7,0,0,"Nord-ovest",2,"Valle d'Aosta/Vallée d'Aoste","Valle d'Aosta/Vallée d'Aoste",0,29.2134831460674,NA,0,73.5294117647059,23.5294117647059,NA,NA,NA,NA,NA,81.2785388127854,17.351598173516,913.24200913242,0,0,NA,NA,19372.6049382716,34.1463414634146,NA,254.13698630137,2.35796820993523,14.0625,37,55,29.2134831460674,"Autumn",18924,20999,2.94443897916644,10.011579334887
4961,7039,"La Magdeleine","la magdeleine",2019-11-01,2019,11,"2019-11","Mont-Cervin","Novembre",12,8,4,104,107,23942,39,2,2.14540941542396,827.900447166625,-2.1144262588426,80.6349502713485,110,0,1,-1,3,3,0,0,0,0,0,0,-1,109,62,109,1.7,0,0,"Nord-ovest",2,"Valle d'Aosta/Vallée d'Aoste","Valle d'Aosta/Vallée d'Aoste",0,29.2134831460674,NA,0,73.5294117647059,23.5294117647059,NA,NA,NA,NA,NA,81.2785388127854,17.351598173516,913.24200913242,0,0,NA,NA,19372.6049382716,34.1463414634146,NA,254.13698630137,2.35796820993523,14.0625,37,55,29.2134831460674,"Autumn",22282,27641,2.19722457733622,10.0834312845441
4962,7039,"La Magdeleine","la magdeleine",2019-12-01,2019,12,"2019-12","Mont-Cervin","Dicembre",442,160,4,104,107,38093,39,2,1.14723529911732,831.653535411501,-2.07326782738694,60.442400093594,110,0,1,-1,3,3,0,0,0,0,0,0,-1,109,62,109,1.7,0,0,"Nord-ovest",2,"Valle d'Aosta/Vallée d'Aoste","Valle d'Aosta/Vallée d'Aoste",0,29.2134831460674,NA,0,73.5294117647059,23.5294117647059,NA,NA,NA,NA,NA,81.2785388127854,17.351598173516,913.24200913242,0,0,NA,NA,19372.6049382716,34.1463414634146,NA,254.13698630137,2.35796820993523,14.0625,37,55,29.2134831460674,"Winter",23942,63485,5.08140436498446,10.5478120683985
4963,7039,"La Magdeleine","la magdeleine",2020-01-01,2020,1,"2020-01","Mont-Cervin","Gennaio",366,154,4,104,110,44992,39,2,0.300194909305832,838.649047182533,-3.971647153325,46.6320501685351,109,1,3,-2,5,2,3,0,0,0,0,-2,-1,108,64,108,1.7,0,0,"Nord-ovest",2,"Valle d'Aosta/Vallée d'Aoste","Valle d'Aosta/Vallée d'Aoste",0,27.7777777777778,NA,0,76.6666666666667,30,NA,NA,NA,NA,NA,82.9493087557604,16.5898617511521,921.658986175115,0,0,NA,NA,19097.4567901235,38.8235294117647,NA,388.746543778802,2.35796820993523,NA,NA,NA,27.7777777777778,"Winter",38093,55119,5.04342511691925,10.7142622010969
4964,7039,"La Magdeleine","la magdeleine",2020-02-01,2020,2,"2020-02","Mont-Cervin","Febbraio",261,159,4,104,110,32446,39,2,0.723994117183175,836.44452687309,-2.0665193653487,44.2346262886595,109,1,3,-2,5,2,3,0,0,0,0,-2,-1,108,64,108,1.7,0,0,"Nord-ovest",2,"Valle d'Aosta/Vallée d'Aoste","Valle d'Aosta/Vallée d'Aoste",0,27.7777777777778,NA,0,76.6666666666667,30,NA,NA,NA,NA,NA,82.9493087557604,16.5898617511521,921.658986175115,0,0,NA,NA,19097.4567901235,38.8235294117647,NA,388.746543778802,2.35796820993523,NA,NA,NA,27.7777777777778,"Winter",44992,28677,5.07517381523383,10.3873632679355
4965,7039,"La Magdeleine","la magdeleine",2020-03-01,2020,3,"2020-03","Mont-Cervin","Marzo",25,21,4,104,110,20915,39,2,0.624515839896039,835.021475285643,-2.34490958399146,50.9985464740285,109,1,3,-2,5,2,3,0,0,0,0,-2,-1,108,64,108,1.7,0,0,"Nord-ovest",2,"Valle d'Aosta/Vallée d'Aoste","Valle d'Aosta/Vallée d'Aoste",0,27.7777777777778,NA,0,76.6666666666667,30,NA,NA,NA,NA,NA,82.9493087557604,16.5898617511521,921.658986175115,0,0,NA,NA,19097.4567901235,38.8235294117647,NA,388.746543778802,2.35796820993523,NA,NA,NA,27.7777777777778,"Spring",32446,23911,3.09104245335832,9.94826969530802
4966,7039,"La Magdeleine","la magdeleine",2020-04-01,2020,4,"2020-04","Mont-Cervin","Aprile",0,0,4,104,110,15401,39,2,1.09313542499004,838.490250323062,2.79619667665851,43.4469073611287,109,1,3,-2,5,2,3,0,0,0,0,-2,-1,108,64,108,1.7,0,0,"Nord-ovest",2,"Valle d'Aosta/Vallée d'Aoste","Valle d'Aosta/Vallée d'Aoste",0,27.7777777777778,NA,0,76.6666666666667,30,NA,NA,NA,NA,NA,82.9493087557604,16.5898617511521,921.658986175115,0,0,NA,NA,19097.4567901235,38.8235294117647,NA,388.746543778802,2.35796820993523,NA,NA,NA,27.7777777777778,"Spring",20915,23130,0,9.64225265009919
4967,7039,"La Magdeleine","la magdeleine",2020-05-01,2020,5,"2020-05","Mont-Cervin","Maggio",0,0,4,104,110,14609,39,2,2.13938510029554,845.447023113183,6.53048724882638,62.5862845707885,109,1,3,-2,5,2,3,0,0,0,0,-2,-1,108,64,108,1.7,0,0,"Nord-ovest",2,"Valle d'Aosta/Vallée d'Aoste","Valle d'Aosta/Vallée d'Aoste",0,27.7777777777778,NA,0,76.6666666666667,30,NA,NA,NA,NA,NA,82.9493087557604,16.5898617511521,921.658986175115,0,0,NA,NA,19097.4567901235,38.8235294117647,NA,388.746543778802,2.35796820993523,NA,NA,NA,27.7777777777778,"Spring",15401,17202,0,9.58946150474475
4968,7039,"La Magdeleine","la magdeleine",2020-06-01,2020,6,"2020-06","Mont-Cervin","Giugno",31,15,4,104,110,17863,39,2,2.14621425556138,841.671702035016,8.02559800965638,70.2777533084812,109,1,3,-2,5,2,3,0,0,0,0,-2,-1,108,64,108,1.7,0,0,"Nord-ovest",2,"Valle d'Aosta/Vallée d'Aoste","Valle d'Aosta/Vallée d'Aoste",0,27.7777777777778,NA,0,76.6666666666667,30,NA,NA,NA,NA,NA,82.9493087557604,16.5898617511521,921.658986175115,0,0,NA,NA,19097.4567901235,38.8235294117647,NA,388.746543778802,2.35796820993523,NA,NA,NA,27.7777777777778,"Summer",14609,17568,2.77258872223978,9.79054279351999
4969,7039,"La Magdeleine","la magdeleine",2020-07-01,2020,7,"2020-07","Mont-Cervin","Luglio",364,161,4,104,110,22805,39,2,0.732711775699534,860.847478887276,11.7885776238841,60.7976731951694,109,1,3,-2,5,2,3,0,0,0,0,-2,-1,108,64,108,1.7,0,0,"Nord-ovest",2,"Valle d'Aosta/Vallée d'Aoste","Valle d'Aosta/Vallée d'Aoste",0,27.7777777777778,NA,0,76.6666666666667,30,NA,NA,NA,NA,NA,82.9493087557604,16.5898617511521,921.658986175115,0,0,NA,NA,19097.4567901235,38.8235294117647,NA,388.746543778802,2.35796820993523,NA,NA,NA,27.7777777777778,"Summer",17863,23617,5.08759633523238,10.0347789382173
4970,7039,"La Magdeleine","la magdeleine",2020-08-01,2020,8,"2020-08","Mont-Cervin","Agosto",858,202,4,104,110,29486,39,2,1.61774198023339,856.458486764501,11.451202109215,62.0776256937063,109,1,3,-2,5,2,3,0,0,0,0,-2,-1,108,64,108,1.7,0,0,"Nord-ovest",2,"Valle d'Aosta/Vallée d'Aoste","Valle d'Aosta/Vallée d'Aoste",0,27.7777777777778,NA,0,76.6666666666667,30,NA,NA,NA,NA,NA,82.9493087557604,16.5898617511521,921.658986175115,0,0,NA,NA,19097.4567901235,38.8235294117647,NA,388.746543778802,2.35796820993523,NA,NA,NA,27.7777777777778,"Summer",22805,28331,5.31320597904179,10.2917047672347
4971,7039,"La Magdeleine","la magdeleine",2020-09-01,2020,9,"2020-09","Mont-Cervin","Settembre",48,18,4,104,110,20920,39,2,1.12069052608125,842.392252933376,7.92772548703205,68.9266618322961,109,1,3,-2,5,2,3,0,0,0,0,-2,-1,108,64,108,1.7,0,0,"Nord-ovest",2,"Valle d'Aosta/Vallée d'Aoste","Valle d'Aosta/Vallée d'Aoste",0,27.7777777777778,NA,0,76.6666666666667,30,NA,NA,NA,NA,NA,82.9493087557604,16.5898617511521,921.658986175115,0,0,NA,NA,19097.4567901235,38.8235294117647,NA,388.746543778802,2.35796820993523,NA,NA,NA,27.7777777777778,"Autumn",29486,18924,2.94443897916644,9.94850871818365
4972,7039,"La Magdeleine","la magdeleine",2020-10-01,2020,10,"2020-10","Mont-Cervin","Ottobre",6,6,4,104,110,22950,39,2,1.58535463915784,837.838891404597,3.1491262382262,67.8502467575633,109,1,3,-2,5,2,3,0,0,0,0,-2,-1,108,64,108,1.7,0,0,"Nord-ovest",2,"Valle d'Aosta/Vallée d'Aoste","Valle d'Aosta/Vallée d'Aoste",0,27.7777777777778,NA,0,76.6666666666667,30,NA,NA,NA,NA,NA,82.9493087557604,16.5898617511521,921.658986175115,0,0,NA,NA,19097.4567901235,38.8235294117647,NA,388.746543778802,2.35796820993523,NA,NA,NA,27.7777777777778,"Autumn",20920,22282,1.94591014905531,10.0411167875242
4973,7039,"La Magdeleine","la magdeleine",2020-11-01,2020,11,"2020-11","Mont-Cervin","Novembre",0,0,4,104,110,21418,39,2,0.0767018233389617,845.714843311188,1.81606786854807,58.859026394712,109,1,3,-2,5,2,3,0,0,0,0,-2,-1,108,64,108,1.7,0,0,"Nord-ovest",2,"Valle d'Aosta/Vallée d'Aoste","Valle d'Aosta/Vallée d'Aoste",0,27.7777777777778,NA,0,76.6666666666667,30,NA,NA,NA,NA,NA,82.9493087557604,16.5898617511521,921.658986175115,0,0,NA,NA,19097.4567901235,38.8235294117647,NA,388.746543778802,2.35796820993523,NA,NA,NA,27.7777777777778,"Autumn",22950,23942,0,9.97203365757114
4974,7039,"La Magdeleine","la magdeleine",2020-12-01,2020,12,"2020-12","Mont-Cervin","Dicembre",0,0,4,104,110,30474,39,2,0.791861905536127,827.516819875679,-4.84918328139024,67.475059500999,109,1,3,-2,5,2,3,0,0,0,0,-2,-1,108,64,108,1.7,0,0,"Nord-ovest",2,"Valle d'Aosta/Vallée d'Aoste","Valle d'Aosta/Vallée d'Aoste",0,27.7777777777778,NA,0,76.6666666666667,30,NA,NA,NA,NA,NA,82.9493087557604,16.5898617511521,921.658986175115,0,0,NA,NA,19097.4567901235,38.8235294117647,NA,388.746543778802,2.35796820993523,NA,NA,NA,27.7777777777778,"Winter",21418,38093,0,10.3246619543495
4975,7039,"La Magdeleine","la magdeleine",2021-01-01,2021,1,"2021-01","Mont-Cervin","Gennaio",0,0,3,90,109,29093,39,2,1.26256274595054,829.569975609275,-6.41703026051746,59.9861332647545,108,1,0,1,2,3,-1,0,0,0,0,0,0,108,62,108,1.7,0,0,"Nord-ovest",2,"Valle d'Aosta/Vallée d'Aoste","Valle d'Aosta/Vallée d'Aoste",0,30,NA,0,77.4193548387097,29.0322580645161,NA,NA,NA,NA,NA,83.3333333333333,19.4444444444444,925.925925925926,0,0,NA,NA,19111.3116883117,34.1772151898734,NA,377.657407407407,2.35804733992572,3.46594660056691,44.4670087550729,53.6082474226804,30,"Winter",30474,44992,0,10.2782872463334
4976,7039,"La Magdeleine","la magdeleine",2021-02-01,2021,2,"2021-02","Mont-Cervin","Febbraio",2,1,3,90,109,21122,39,2,0.302938447561921,771.755474604178,-2.62199357099405,58.562932344677,108,1,0,1,2,3,-1,0,0,0,0,0,0,108,62,108,1.7,0,0,"Nord-ovest",2,"Valle d'Aosta/Vallée d'Aoste","Valle d'Aosta/Vallée d'Aoste",0,30,NA,0,77.4193548387097,29.0322580645161,NA,NA,NA,NA,NA,83.3333333333333,19.4444444444444,925.925925925926,0,0,NA,NA,19111.3116883117,34.1772151898734,NA,377.657407407407,2.35804733992572,3.46594660056691,44.4670087550729,53.6082474226804,30,"Winter",29093,32446,0.693147180559945,9.95811777318724
4977,7039,"La Magdeleine","la magdeleine",2021-03-01,2021,3,"2021-03","Mont-Cervin","Marzo",1,1,3,90,109,19508,39,2,0.183656213338135,798.647500537156,-2.1164971578429,40.4507553524267,108,1,0,1,2,3,-1,0,0,0,0,0,0,108,62,108,1.7,0,0,"Nord-ovest",2,"Valle d'Aosta/Vallée d'Aoste","Valle d'Aosta/Vallée d'Aoste",0,30,NA,0,77.4193548387097,29.0322580645161,NA,NA,NA,NA,NA,83.3333333333333,19.4444444444444,925.925925925926,0,0,NA,NA,19111.3116883117,34.1772151898734,NA,377.657407407407,2.35804733992572,3.46594660056691,44.4670087550729,53.6082474226804,30,"Spring",21122,20915,0.693147180559945,9.87863117653726
4978,7039,"La Magdeleine","la magdeleine",2021-04-01,2021,4,"2021-04","Mont-Cervin","Aprile",1,1,3,90,109,14649,39,2,1.38295368960382,838.865957218848,-0.996736462672907,45.5297085526957,108,1,0,1,2,3,-1,0,0,0,0,0,0,108,62,108,1.7,0,0,"Nord-ovest",2,"Valle d'Aosta/Vallée d'Aoste","Valle d'Aosta/Vallée d'Aoste",0,30,NA,0,77.4193548387097,29.0322580645161,NA,NA,NA,NA,NA,83.3333333333333,19.4444444444444,925.925925925926,0,0,NA,NA,19111.3116883117,34.1772151898734,NA,377.657407407407,2.35804733992572,3.46594660056691,44.4670087550729,53.6082474226804,30,"Spring",19508,15401,0.693147180559945,9.59219561444521
4979,7039,"La Magdeleine","la magdeleine",2021-05-01,2021,5,"2021-05","Mont-Cervin","Maggio",0,0,3,90,109,14052,39,2,1.8617713275844,857.940945779451,2.63505286250147,18.5827763967003,108,1,0,1,2,3,-1,0,0,0,0,0,0,108,62,108,1.7,0,0,"Nord-ovest",2,"Valle d'Aosta/Vallée d'Aoste","Valle d'Aosta/Vallée d'Aoste",0,30,NA,0,77.4193548387097,29.0322580645161,NA,NA,NA,NA,NA,83.3333333333333,19.4444444444444,925.925925925926,0,0,NA,NA,19111.3116883117,34.1772151898734,NA,377.657407407407,2.35804733992572,3.46594660056691,44.4670087550729,53.6082474226804,30,"Spring",14649,14609,0,9.55059117510075
4980,7039,"La Magdeleine","la magdeleine",2021-06-01,2021,6,"2021-06","Mont-Cervin","Giugno",11,11,3,90,109,15445,39,2,1.97830416007883,856.660517798623,9.5532043169879,64.5793407956885,108,1,0,1,2,3,-1,0,0,0,0,0,0,108,62,108,1.7,0,0,"Nord-ovest",2,"Valle d'Aosta/Vallée d'Aoste","Valle d'Aosta/Vallée d'Aoste",0,30,NA,0,77.4193548387097,29.0322580645161,NA,NA,NA,NA,NA,83.3333333333333,19.4444444444444,925.925925925926,0,0,NA,NA,19111.3116883117,34.1772151898734,NA,377.657407407407,2.35804733992572,3.46594660056691,44.4670087550729,53.6082474226804,30,"Summer",14052,17863,2.484906649788,9.64510534912921
4981,7039,"La Magdeleine","la magdeleine",2021-07-01,2021,7,"2021-07","Mont-Cervin","Luglio",267,123,3,90,109,20380,39,2,1.78432768592663,851.849098426448,10.2291652674092,61.4390100821764,108,1,0,1,2,3,-1,0,0,0,0,0,0,108,62,108,1.7,0,0,"Nord-ovest",2,"Valle d'Aosta/Vallée d'Aoste","Valle d'Aosta/Vallée d'Aoste",0,30,NA,0,77.4193548387097,29.0322580645161,NA,NA,NA,NA,NA,83.3333333333333,19.4444444444444,925.925925925926,0,0,NA,NA,19111.3116883117,34.1772151898734,NA,377.657407407407,2.35804733992572,3.46594660056691,44.4670087550729,53.6082474226804,30,"Summer",15445,22805,4.82028156560504,9.92235837328638
4982,7039,"La Magdeleine","la magdeleine",2021-08-01,2021,8,"2021-08","Mont-Cervin","Agosto",688,174,3,90,109,27219,39,2,0.540473533317261,857.32529125813,10.3492184741437,42.9514760948284,108,1,0,1,2,3,-1,0,0,0,0,0,0,108,62,108,1.7,0,0,"Nord-ovest",2,"Valle d'Aosta/Vallée d'Aoste","Valle d'Aosta/Vallée d'Aoste",0,30,NA,0,77.4193548387097,29.0322580645161,NA,NA,NA,NA,NA,83.3333333333333,19.4444444444444,925.925925925926,0,0,NA,NA,19111.3116883117,34.1772151898734,NA,377.657407407407,2.35804733992572,3.46594660056691,44.4670087550729,53.6082474226804,30,"Summer",20380,29486,5.16478597392351,10.2117072762055
4983,7039,"La Magdeleine","la magdeleine",2021-09-01,2021,9,"2021-09","Mont-Cervin","Settembre",87,40,3,90,109,16785,39,2,1.26641898051744,854.404868151516,8.87426461106884,73.5398797133853,108,1,0,1,2,3,-1,0,0,0,0,0,0,108,62,108,1.7,0,0,"Nord-ovest",2,"Valle d'Aosta/Vallée d'Aoste","Valle d'Aosta/Vallée d'Aoste",0,30,NA,0,77.4193548387097,29.0322580645161,NA,NA,NA,NA,NA,83.3333333333333,19.4444444444444,925.925925925926,0,0,NA,NA,19111.3116883117,34.1772151898734,NA,377.657407407407,2.35804733992572,3.46594660056691,44.4670087550729,53.6082474226804,30,"Autumn",27219,20920,3.71357206670431,9.72830048464277
4984,7039,"La Magdeleine","la magdeleine",2021-10-01,2021,10,"2021-10","Mont-Cervin","Ottobre",27,21,3,90,109,16439,39,2,1.36763679233011,846.075008431633,3.89358516506643,61.0172149628872,108,1,0,1,2,3,-1,0,0,0,0,0,0,108,62,108,1.7,0,0,"Nord-ovest",2,"Valle d'Aosta/Vallée d'Aoste","Valle d'Aosta/Vallée d'Aoste",0,30,NA,0,77.4193548387097,29.0322580645161,NA,NA,NA,NA,NA,83.3333333333333,19.4444444444444,925.925925925926,0,0,NA,NA,19111.3116883117,34.1772151898734,NA,377.657407407407,2.35804733992572,3.46594660056691,44.4670087550729,53.6082474226804,30,"Autumn",16785,22950,3.09104245335832,9.70747266861017
4985,7039,"La Magdeleine","la magdeleine",2021-11-01,2021,11,"2021-11","Mont-Cervin","Novembre",0,0,3,90,109,23965,39,2,0.660469300805373,831.827605729563,-0.447704346589214,61.8085136360353,108,1,0,1,2,3,-1,0,0,0,0,0,0,108,62,108,1.7,0,0,"Nord-ovest",2,"Valle d'Aosta/Vallée d'Aoste","Valle d'Aosta/Vallée d'Aoste",0,30,NA,0,77.4193548387097,29.0322580645161,NA,NA,NA,NA,NA,83.3333333333333,19.4444444444444,925.925925925926,0,0,NA,NA,19111.3116883117,34.1772151898734,NA,377.657407407407,2.35804733992572,3.46594660056691,44.4670087550729,53.6082474226804,30,"Autumn",16439,21418,0,10.0843914382425
4986,7039,"La Magdeleine","la magdeleine",2021-12-01,2021,12,"2021-12","Mont-Cervin","Dicembre",201,85,3,90,109,50192,39,2,0.756871910594185,830.917401999476,-1.91879210263951,48.7095681667875,108,1,0,1,2,3,-1,0,0,0,0,0,0,108,62,108,1.7,0,0,"Nord-ovest",2,"Valle d'Aosta/Vallée d'Aoste","Valle d'Aosta/Vallée d'Aoste",0,30,NA,0,77.4193548387097,29.0322580645161,NA,NA,NA,NA,NA,83.3333333333333,19.4444444444444,925.925925925926,0,0,NA,NA,19111.3116883117,34.1772151898734,NA,377.657407407407,2.35804733992572,3.46594660056691,44.4670087550729,53.6082474226804,30,"Winter",23965,30474,4.45434729625351,10.8236308537258
4987,7039,"La Magdeleine","la magdeleine",2022-01-01,2022,1,"2022-01","Mont-Cervin","Gennaio",215,79,3,90,108,35090,39,2,0.171526257559471,840.849749531705,-1.8074577632369,34.8237091510856,108,0,2,-2,2,9,-7,4,0,4,0,0,-5,103,61,103,1.7,0,0,"Nord-ovest",2,"Valle d'Aosta/Vallée d'Aoste","Valle d'Aosta/Vallée d'Aoste",0,30.5882352941176,NA,0,80,40,NA,NA,9.47867298578199,100,0,80.5687203791469,17.0616113744076,947.867298578199,0,0,NA,NA,20378.675,33.3333333333333,NA,NA,2.36,6.1260143016835,42.1055517322823,54.3478260869565,30.5882352941176,"Winter",50192,29093,4.38202663467388,10.4656999663188
4988,7039,"La Magdeleine","la magdeleine",2022-02-01,2022,2,"2022-02","Mont-Cervin","Febbraio",83,59,3,90,108,27403,39,2,0.239874114499642,852.938822259525,-2.18867838730655,40.6887632325341,108,0,2,-2,2,9,-7,4,0,4,0,0,-5,103,61,103,1.7,0,0,"Nord-ovest",2,"Valle d'Aosta/Vallée d'Aoste","Valle d'Aosta/Vallée d'Aoste",0,30.5882352941176,NA,0,80,40,NA,NA,9.47867298578199,100,0,80.5687203791469,17.0616113744076,947.867298578199,0,0,NA,NA,20378.675,33.3333333333333,NA,NA,2.36,6.1260143016835,42.1055517322823,54.3478260869565,30.5882352941176,"Winter",35090,21122,4.0943445622221,10.2184442671228
4989,7039,"La Magdeleine","la magdeleine",2022-03-01,2022,3,"2022-03","Mont-Cervin","Marzo",6,6,3,90,108,21888,39,2,0.526936353685489,848.465707372464,-2.39333881294427,50.3862826497188,108,0,2,-2,2,9,-7,4,0,4,0,0,-5,103,61,103,1.7,0,0,"Nord-ovest",2,"Valle d'Aosta/Vallée d'Aoste","Valle d'Aosta/Vallée d'Aoste",0,30.5882352941176,NA,0,80,40,NA,NA,9.47867298578199,100,0,80.5687203791469,17.0616113744076,947.867298578199,0,0,NA,NA,20378.675,33.3333333333333,NA,NA,2.36,6.1260143016835,42.1055517322823,54.3478260869565,30.5882352941176,"Spring",27403,19508,1.94591014905531,9.99373950651315
4990,7039,"La Magdeleine","la magdeleine",2022-04-01,2022,4,"2022-04","Mont-Cervin","Aprile",24,11,3,90,108,16971,39,2,0.881020860263626,835.141985759675,1.01825342363734,34.7874529762516,108,0,2,-2,2,9,-7,4,0,4,0,0,-5,103,61,103,1.7,0,0,"Nord-ovest",2,"Valle d'Aosta/Vallée d'Aoste","Valle d'Aosta/Vallée d'Aoste",0,30.5882352941176,NA,0,80,40,NA,NA,9.47867298578199,100,0,80.5687203791469,17.0616113744076,947.867298578199,0,0,NA,NA,20378.675,33.3333333333333,NA,NA,2.36,6.1260143016835,42.1055517322823,54.3478260869565,30.5882352941176,"Spring",21888,14649,2.484906649788,9.73932020632222
4991,7039,"La Magdeleine","la magdeleine",2022-05-01,2022,5,"2022-05","Mont-Cervin","Maggio",0,0,3,90,108,13512,39,2,1.57875547673255,842.652249667194,7.48352403300428,67.6733187478647,108,0,2,-2,2,9,-7,4,0,4,0,0,-5,103,61,103,1.7,0,0,"Nord-ovest",2,"Valle d'Aosta/Vallée d'Aoste","Valle d'Aosta/Vallée d'Aoste",0,30.5882352941176,NA,0,80,40,NA,NA,9.47867298578199,100,0,80.5687203791469,17.0616113744076,947.867298578199,0,0,NA,NA,20378.675,33.3333333333333,NA,NA,2.36,6.1260143016835,42.1055517322823,54.3478260869565,30.5882352941176,"Spring",16971,14052,0,9.51140746403809
4992,7039,"La Magdeleine","la magdeleine",2022-06-01,2022,6,"2022-06","Mont-Cervin","Giugno",43,33,3,90,108,18359,39,2,1.45589311587705,845.844934888952,10.7676844003332,60.6844855225232,108,0,2,-2,2,9,-7,4,0,4,0,0,-5,103,61,103,1.7,0,0,"Nord-ovest",2,"Valle d'Aosta/Vallée d'Aoste","Valle d'Aosta/Vallée d'Aoste",0,30.5882352941176,NA,0,80,40,NA,NA,9.47867298578199,100,0,80.5687203791469,17.0616113744076,947.867298578199,0,0,NA,NA,20378.675,33.3333333333333,NA,NA,2.36,6.1260143016835,42.1055517322823,54.3478260869565,30.5882352941176,"Summer",13512,15445,3.52636052461616,9.81792966417448
4993,7039,"La Magdeleine","la magdeleine",2022-07-01,2022,7,"2022-07","Mont-Cervin","Luglio",324,142,3,90,108,24231,39,2,0.537054047410605,852.736109839438,13.5829839100304,53.8561066512235,108,0,2,-2,2,9,-7,4,0,4,0,0,-5,103,61,103,1.7,0,0,"Nord-ovest",2,"Valle d'Aosta/Vallée d'Aoste","Valle d'Aosta/Vallée d'Aoste",0,30.5882352941176,NA,0,80,40,NA,NA,9.47867298578199,100,0,80.5687203791469,17.0616113744076,947.867298578199,0,0,NA,NA,20378.675,33.3333333333333,NA,NA,2.36,6.1260143016835,42.1055517322823,54.3478260869565,30.5882352941176,"Summer",18359,20380,4.96284463025991,10.0954293527071
4994,7039,"La Magdeleine","la magdeleine",2022-08-01,2022,8,"2022-08","Mont-Cervin","Agosto",547,142,3,90,108,28449,39,2,0.88149027921968,854.069949210539,11.8004651221457,61.7217044550634,108,0,2,-2,2,9,-7,4,0,4,0,0,-5,103,61,103,1.7,0,0,"Nord-ovest",2,"Valle d'Aosta/Vallée d'Aoste","Valle d'Aosta/Vallée d'Aoste",0,30.5882352941176,NA,0,80,40,NA,NA,9.47867298578199,100,0,80.5687203791469,17.0616113744076,947.867298578199,0,0,NA,NA,20378.675,33.3333333333333,NA,NA,2.36,6.1260143016835,42.1055517322823,54.3478260869565,30.5882352941176,"Summer",24231,27219,4.96284463025991,10.2559034395545
4995,7039,"La Magdeleine","la magdeleine",2022-09-01,2022,9,"2022-09","Mont-Cervin","Settembre",51,32,3,90,108,18043,39,2,0.884153117803368,840.30030440501,6.61567933426799,61.6457337031476,108,0,2,-2,2,9,-7,4,0,4,0,0,-5,103,61,103,1.7,0,0,"Nord-ovest",2,"Valle d'Aosta/Vallée d'Aoste","Valle d'Aosta/Vallée d'Aoste",0,30.5882352941176,NA,0,80,40,NA,NA,9.47867298578199,100,0,80.5687203791469,17.0616113744076,947.867298578199,0,0,NA,NA,20378.675,33.3333333333333,NA,NA,2.36,6.1260143016835,42.1055517322823,54.3478260869565,30.5882352941176,"Autumn",28449,16785,3.49650756146648,9.80056849852829
4996,7039,"La Magdeleine","la magdeleine",2022-10-01,2022,10,"2022-10","Mont-Cervin","Ottobre",12,6,3,90,108,17032,39,2,0.679010309577863,841.551887091334,6.888815777464,70.6446321664045,108,0,2,-2,2,9,-7,4,0,4,0,0,-5,103,61,103,1.7,0,0,"Nord-ovest",2,"Valle d'Aosta/Vallée d'Aoste","Valle d'Aosta/Vallée d'Aoste",0,30.5882352941176,NA,0,80,40,NA,NA,9.47867298578199,100,0,80.5687203791469,17.0616113744076,947.867298578199,0,0,NA,NA,20378.675,33.3333333333333,NA,NA,2.36,6.1260143016835,42.1055517322823,54.3478260869565,30.5882352941176,"Autumn",18043,16439,1.94591014905531,9.74290791786058
4997,7039,"La Magdeleine","la magdeleine",2022-11-01,2022,11,"2022-11","Mont-Cervin","Novembre",0,0,3,90,108,21462,39,2,1.1660939793958,835.579218191498,0.0771118077775083,59.4205258553534,108,0,2,-2,2,9,-7,4,0,4,0,0,-5,103,61,103,1.7,0,0,"Nord-ovest",2,"Valle d'Aosta/Vallée d'Aoste","Valle d'Aosta/Vallée d'Aoste",0,30.5882352941176,NA,0,80,40,NA,NA,9.47867298578199,100,0,80.5687203791469,17.0616113744076,947.867298578199,0,0,NA,NA,20378.675,33.3333333333333,NA,NA,2.36,6.1260143016835,42.1055517322823,54.3478260869565,30.5882352941176,"Autumn",17032,23965,0,9.97408580138167
4998,7039,"La Magdeleine","la magdeleine",2022-12-01,2022,12,"2022-12","Mont-Cervin","Dicembre",185,68,3,90,108,49323,39,2,0.793301746119496,838.413147129476,-3.15151736845041,65.6828040395636,108,0,2,-2,2,9,-7,4,0,4,0,0,-5,103,61,103,1.7,0,0,"Nord-ovest",2,"Valle d'Aosta/Vallée d'Aoste","Valle d'Aosta/Vallée d'Aoste",0,30.5882352941176,NA,0,80,40,NA,NA,9.47867298578199,100,0,80.5687203791469,17.0616113744076,947.867298578199,0,0,NA,NA,20378.675,33.3333333333333,NA,NA,2.36,6.1260143016835,42.1055517322823,54.3478260869565,30.5882352941176,"Winter",21462,50192,4.23410650459726,10.8061660569904
4999,7039,"La Magdeleine","la magdeleine",2023-01-01,2023,1,"2023-01","Mont-Cervin","Gennaio",267,83,3,90,108,36656,39,2,0.499093222159659,832.994127453583,-4.77203302225545,51.9713584442515,103,0,1,-1,6,5,1,0,4,-4,0,0,-4,99,60,99,1.7,0,0,NA,NA,NA,NA,NA,NA,NA,NA,NA,NA,NA,NA,NA,NA,NA,NA,NA,NA,NA,NA,NA,NA,NA,NA,NA,NA,NA,NA,NA,NA,NA,"Winter",49323,35090,4.43081679884331,10.5093596849846
5000,7039,"La Magdeleine","la magdeleine",2023-02-01,2023,2,"2023-02","Mont-Cervin","Febbraio",185,94,3,90,108,27009,39,2,0.154761093049737,841.141809791336,-2.2070298979851,44.4674766720961,103,0,1,-1,6,5,1,0,4,-4,0,0,-4,99,60,99,1.7,0,0,NA,NA,NA,NA,NA,NA,NA,NA,NA,NA,NA,NA,NA,NA,NA,NA,NA,NA,NA,NA,NA,NA,NA,NA,NA,NA,NA,NA,NA,NA,NA,"Winter",36656,27403,4.55387689160054,10.2039624467867
5001,7039,"La Magdeleine","la magdeleine",2023-03-01,2023,3,"2023-03","Mont-Cervin","Marzo",52,29,3,90,108,21784,39,2,1.71539299198598,838.467060877894,-1.04438125590532,44.600947373191,103,0,1,-1,6,5,1,0,4,-4,0,0,-4,99,60,99,1.7,0,0,NA,NA,NA,NA,NA,NA,NA,NA,NA,NA,NA,NA,NA,NA,NA,NA,NA,NA,NA,NA,NA,NA,NA,NA,NA,NA,NA,NA,NA,NA,NA,"Spring",27009,21888,3.40119738166216,9.98897693855154
5002,7039,"La Magdeleine","la magdeleine",2023-04-01,2023,4,"2023-04","Mont-Cervin","Aprile",47,21,3,90,108,18063,39,2,1.62486166189401,835.234117652115,0.653085722581944,38.7222123269721,103,0,1,-1,6,5,1,0,4,-4,0,0,-4,99,60,99,1.7,0,0,NA,NA,NA,NA,NA,NA,NA,NA,NA,NA,NA,NA,NA,NA,NA,NA,NA,NA,NA,NA,NA,NA,NA,NA,NA,NA,NA,NA,NA,NA,NA,"Spring",21784,16971,3.09104245335832,9.80167628638944
5003,7039,"La Magdeleine","la magdeleine",2023-05-01,2023,5,"2023-05","Mont-Cervin","Maggio",88,44,3,90,108,15445,39,2,3.62679225291857,851.135070969011,5.25401163458114,62.0971154232151,103,0,1,-1,6,5,1,0,4,-4,0,0,-4,99,60,99,1.7,0,0,NA,NA,NA,NA,NA,NA,NA,NA,NA,NA,NA,NA,NA,NA,NA,NA,NA,NA,NA,NA,NA,NA,NA,NA,NA,NA,NA,NA,NA,NA,NA,"Spring",18063,13512,3.80666248977032,9.64510534912921
5004,7039,"La Magdeleine","la magdeleine",2023-06-01,2023,6,"2023-06","Mont-Cervin","Giugno",45,36,3,90,108,17784,39,2,1.76235598685197,857.101765890554,9.87536619604877,54.6501521056464,103,0,1,-1,6,5,1,0,4,-4,0,0,-4,99,60,99,1.7,0,0,NA,NA,NA,NA,NA,NA,NA,NA,NA,NA,NA,NA,NA,NA,NA,NA,NA,NA,NA,NA,NA,NA,NA,NA,NA,NA,NA,NA,NA,NA,NA,"Summer",15445,18359,3.61091791264422,9.78611068438255
5005,7039,"La Magdeleine","la magdeleine",2023-07-01,2023,7,"2023-07","Mont-Cervin","Luglio",420,151,3,90,108,24854,39,2,1.08517792788377,851.146072359002,12.6917900546651,54.1160129250606,103,0,1,-1,6,5,1,0,4,-4,0,0,-4,99,60,99,1.7,0,0,NA,NA,NA,NA,NA,NA,NA,NA,NA,NA,NA,NA,NA,NA,NA,NA,NA,NA,NA,NA,NA,NA,NA,NA,NA,NA,NA,NA,NA,NA,NA,"Summer",17784,24231,5.02388052084628,10.1208142185288
5006,7039,"La Magdeleine","la magdeleine",2023-08-01,2023,8,"2023-08","Mont-Cervin","Agosto",612,143,3,90,108,30775,39,2,2.45973426131087,863.285241898932,12.1496152192729,57.395834674816,103,0,1,-1,6,5,1,0,4,-4,0,0,-4,99,60,99,1.7,0,0,NA,NA,NA,NA,NA,NA,NA,NA,NA,NA,NA,NA,NA,NA,NA,NA,NA,NA,NA,NA,NA,NA,NA,NA,NA,NA,NA,NA,NA,NA,NA,"Summer",24854,28449,4.969813299576,10.3344904444321
5007,7039,"La Magdeleine","la magdeleine",2023-09-01,2023,9,"2023-09","Mont-Cervin","Settembre",40,21,3,90,108,18937,39,2,1.46582628309327,824.081481608365,9.53089977521847,54.8491973662454,103,0,1,-1,6,5,1,0,4,-4,0,0,-4,99,60,99,1.7,0,0,NA,NA,NA,NA,NA,NA,NA,NA,NA,NA,NA,NA,NA,NA,NA,NA,NA,NA,NA,NA,NA,NA,NA,NA,NA,NA,NA,NA,NA,NA,NA,"Autumn",30775,18043,3.09104245335832,9.84892576454344
5008,7039,"La Magdeleine","la magdeleine",2023-10-01,2023,10,"2023-10","Mont-Cervin","Ottobre",38,34,3,90,108,17769,39,2,1.72391860171016,835.770729322207,5.9412375232037,50.048122959969,103,0,1,-1,6,5,1,0,4,-4,0,0,-4,99,60,99,1.7,0,0,NA,NA,NA,NA,NA,NA,NA,NA,NA,NA,NA,NA,NA,NA,NA,NA,NA,NA,NA,NA,NA,NA,NA,NA,NA,NA,NA,NA,NA,NA,NA,"Autumn",18937,17032,3.55534806148941,9.7852669211487
5009,7039,"La Magdeleine","la magdeleine",2023-11-01,2023,11,"2023-11","Mont-Cervin","Novembre",0,0,3,90,108,20521,39,2,1.71926448136443,833.450880817461,-1.12647327704883,32.0310089121347,103,0,1,-1,6,5,1,0,4,-4,0,0,-4,99,60,99,1.7,0,0,NA,NA,NA,NA,NA,NA,NA,NA,NA,NA,NA,NA,NA,NA,NA,NA,NA,NA,NA,NA,NA,NA,NA,NA,NA,NA,NA,NA,NA,NA,NA,"Autumn",17769,21462,0,9.92925276042215
5010,7039,"La Magdeleine","la magdeleine",2023-12-01,2023,12,"2023-12","Mont-Cervin","Dicembre",216,78,3,90,108,42281,39,2,1.74141806742147,837.905788363829,-2.04469879811146,39.3491404570531,103,0,1,-1,6,5,1,0,4,-4,0,0,-4,99,60,99,1.7,0,0,NA,NA,NA,NA,NA,NA,NA,NA,NA,NA,NA,NA,NA,NA,NA,NA,NA,NA,NA,NA,NA,NA,NA,NA,NA,NA,NA,NA,NA,NA,NA,"Winter",20521,49323,4.36944785246702,10.6521167425551
5011,7039,"La Magdeleine","la magdeleine",2024-01-01,2024,1,"2024-01","Mont-Cervin","Gennaio",234,85,3,90,103,39469,39,2,0.750090221834185,836.27012080095,-2.15496675200957,49.6096372410182,99,1,1,0,8,3,5,3,0,3,0,0,8,107,69,107,1.6,0,0,NA,NA,NA,NA,NA,NA,NA,NA,NA,NA,NA,NA,NA,NA,NA,NA,NA,NA,NA,NA,NA,NA,NA,NA,NA,NA,NA,NA,NA,NA,NA,"Winter",42281,36656,4.45434729625351,10.5832961686569
5012,7039,"La Magdeleine","la magdeleine",2024-02-01,2024,2,"2024-02","Mont-Cervin","Febbraio",282,130,3,90,103,26224,39,2,1.86289660151748,833.981860341972,-0.54877736246541,56.062662639501,99,1,1,0,8,3,5,3,0,3,0,0,8,107,69,107,1.6,0,0,NA,NA,NA,NA,NA,NA,NA,NA,NA,NA,NA,NA,NA,NA,NA,NA,NA,NA,NA,NA,NA,NA,NA,NA,NA,NA,NA,NA,NA,NA,NA,"Winter",39469,27009,4.87519732320115,10.1744684332645
5013,7039,"La Magdeleine","la magdeleine",2024-03-01,2024,3,"2024-03","Mont-Cervin","Marzo",254,86,3,90,103,22532,39,2,4.14789514926728,832.206606023151,-1.15072056771804,66.7011225500786,99,1,1,0,8,3,5,3,0,3,0,0,8,107,69,107,1.6,0,0,NA,NA,NA,NA,NA,NA,NA,NA,NA,NA,NA,NA,NA,NA,NA,NA,NA,NA,NA,NA,NA,NA,NA,NA,NA,NA,NA,NA,NA,NA,NA,"Spring",26224,21784,4.46590811865458,10.0227361803541
5014,7039,"La Magdeleine","la magdeleine",2024-04-01,2024,4,"2024-04","Mont-Cervin","Aprile",32,1,3,90,103,19226,39,2,2.07236952067264,845.22093715456,0.95990223321728,49.3004231892305,99,1,1,0,8,3,5,3,0,3,0,0,8,107,69,107,1.6,0,0,NA,NA,NA,NA,NA,NA,NA,NA,NA,NA,NA,NA,NA,NA,NA,NA,NA,NA,NA,NA,NA,NA,NA,NA,NA,NA,NA,NA,NA,NA,NA,"Spring",22532,18063,0.693147180559945,9.86407082017234
5015,7039,"La Magdeleine","la magdeleine",2024-05-01,2024,5,"2024-05","Mont-Cervin","Maggio",70,19,3,90,103,14704,39,2,5.11747089473398,842.363192115378,4.54958451654427,47.0375641348632,99,1,1,0,8,3,5,3,0,3,0,0,8,107,69,107,1.6,0,0,NA,NA,NA,NA,NA,NA,NA,NA,NA,NA,NA,NA,NA,NA,NA,NA,NA,NA,NA,NA,NA,NA,NA,NA,NA,NA,NA,NA,NA,NA,NA,"Spring",19226,15445,2.99573227355399,9.5959428509881
5016,7039,"La Magdeleine","la magdeleine",2024-06-01,2024,6,"2024-06","Mont-Cervin","Giugno",269,83,3,90,103,17944,39,2,1.97833979216392,866.709625366126,8.95666294734407,46.8875501876247,99,1,1,0,8,3,5,3,0,3,0,0,8,107,69,107,1.6,0,0,NA,NA,NA,NA,NA,NA,NA,NA,NA,NA,NA,NA,NA,NA,NA,NA,NA,NA,NA,NA,NA,NA,NA,NA,NA,NA,NA,NA,NA,NA,NA,"Summer",14704,17784,4.43081679884331,9.79506680358171
5017,7039,"La Magdeleine","la magdeleine",2024-07-01,2024,7,"2024-07","Mont-Cervin","Luglio",690,124,3,90,103,24742,39,2,0.701847600371589,865.75226788541,12.9089944829803,41.8281483749272,99,1,1,0,8,3,5,3,0,3,0,0,8,107,69,107,1.6,0,0,NA,NA,NA,NA,NA,NA,NA,NA,NA,NA,NA,NA,NA,NA,NA,NA,NA,NA,NA,NA,NA,NA,NA,NA,NA,NA,NA,NA,NA,NA,NA,"Summer",17944,24854,4.8283137373023,10.1162978997105
5018,7039,"La Magdeleine","la magdeleine",2024-08-01,2024,8,"2024-08","Mont-Cervin","Agosto",904,155,3,90,103,33427,39,2,0.74139905170752,853.820721645713,12.9327770341087,62.2990669797721,99,1,1,0,8,3,5,3,0,3,0,0,8,107,69,107,1.6,0,0,NA,NA,NA,NA,NA,NA,NA,NA,NA,NA,NA,NA,NA,NA,NA,NA,NA,NA,NA,NA,NA,NA,NA,NA,NA,NA,NA,NA,NA,NA,NA,"Summer",24742,30775,5.04985600724954,10.4171491511213
5019,7039,"La Magdeleine","la magdeleine",2024-09-01,2024,9,"2024-09","Mont-Cervin","Settembre",230,51,3,90,103,20221,39,2,1.76197127125406,839.22054760687,6.78868254547358,67.8794858446564,99,1,1,0,8,3,5,3,0,3,0,0,8,107,69,107,1.6,0,0,NA,NA,NA,NA,NA,NA,NA,NA,NA,NA,NA,NA,NA,NA,NA,NA,NA,NA,NA,NA,NA,NA,NA,NA,NA,NA,NA,NA,NA,NA,NA,"Autumn",33427,18937,3.95124371858143,9.91452639965134
5020,7039,"La Magdeleine","la magdeleine",2024-10-01,2024,10,"2024-10","Mont-Cervin","Ottobre",64,36,3,90,103,19883,39,2,3.6711568436931,840.07847608024,5.24128762674872,83.2685309196096,99,1,1,0,8,3,5,3,0,3,0,0,8,107,69,107,1.6,0,0,NA,NA,NA,NA,NA,NA,NA,NA,NA,NA,NA,NA,NA,NA,NA,NA,NA,NA,NA,NA,NA,NA,NA,NA,NA,NA,NA,NA,NA,NA,NA,"Autumn",20221,17769,3.61091791264422,9.89767066721456
5021,7039,"La Magdeleine","la magdeleine",2024-11-01,2024,11,"2024-11","Mont-Cervin","Novembre",26,8,3,90,103,20323,39,2,1.37445587443593,845.586027372348,0.808935009677321,54.7023000381835,99,1,1,0,8,3,5,3,0,3,0,0,8,107,69,107,1.6,0,0,NA,NA,NA,NA,NA,NA,NA,NA,NA,NA,NA,NA,NA,NA,NA,NA,NA,NA,NA,NA,NA,NA,NA,NA,NA,NA,NA,NA,NA,NA,NA,"Autumn",19883,20521,2.19722457733622,9.91955773271362
5022,7039,"La Magdeleine","la magdeleine",2024-12-01,2024,12,"2024-12","Mont-Cervin","Dicembre",237,60,3,90,103,45797,39,2,0.487082914729924,837.354394895157,-2.13875895925177,36.0193414076246,99,1,1,0,8,3,5,3,0,3,0,0,8,107,69,107,1.6,0,0,NA,NA,NA,NA,NA,NA,NA,NA,NA,NA,NA,NA,NA,NA,NA,NA,NA,NA,NA,NA,NA,NA,NA,NA,NA,NA,NA,NA,NA,NA,NA,"Winter",20323,42281,4.11087386417331,10.7319957010265
5023,7039,"La Magdeleine","la magdeleine",2025-01-01,2025,1,"2025-01","Mont-Cervin","Gennaio",278,104,23,174,103,42277,39,2,1.51846459728525,833.777532397603,-3.00987319102554,56.0816664712446,NA,NA,NA,NA,NA,NA,NA,NA,NA,NA,NA,NA,NA,NA,NA,NA,NA,NA,NA,NA,NA,NA,NA,NA,NA,NA,NA,NA,NA,NA,NA,NA,NA,NA,NA,NA,NA,NA,NA,NA,NA,NA,NA,NA,NA,NA,NA,NA,NA,NA,"Winter",45797,39469,4.65396035015752,10.6520221351756
5024,7039,"La Magdeleine","la magdeleine",2025-02-01,2025,2,"2025-02","Mont-Cervin","Febbraio",289,127,23,174,103,29367,39,2,0.269544026223409,835.188615213661,-2.09263637104481,64.1589404428855,NA,NA,NA,NA,NA,NA,NA,NA,NA,NA,NA,NA,NA,NA,NA,NA,NA,NA,NA,NA,NA,NA,NA,NA,NA,NA,NA,NA,NA,NA,NA,NA,NA,NA,NA,NA,NA,NA,NA,NA,NA,NA,NA,NA,NA,NA,NA,NA,NA,NA,"Winter",42277,26224,4.85203026391962,10.2876609251767
5025,7039,"La Magdeleine","la magdeleine",2025-03-01,2025,3,"2025-03","Mont-Cervin","Marzo",177,72,23,174,103,27694,39,2,1.21269551718742,834.3080825705,-1.37614123457728,59.970778394334,NA,NA,NA,NA,NA,NA,NA,NA,NA,NA,NA,NA,NA,NA,NA,NA,NA,NA,NA,NA,NA,NA,NA,NA,NA,NA,NA,NA,NA,NA,NA,NA,NA,NA,NA,NA,NA,NA,NA,NA,NA,NA,NA,NA,NA,NA,NA,NA,NA,NA,"Spring",29367,22532,4.29045944114839,10.2290071704672
5026,7039,"La Magdeleine","la magdeleine",2025-04-01,2025,4,"2025-04","Mont-Cervin","Aprile",124,35,23,174,103,18710,39,2,5.15684234377856,844.33243805703,2.46606982275334,51.3118629736354,NA,NA,NA,NA,NA,NA,NA,NA,NA,NA,NA,NA,NA,NA,NA,NA,NA,NA,NA,NA,NA,NA,NA,NA,NA,NA,NA,NA,NA,NA,NA,NA,NA,NA,NA,NA,NA,NA,NA,NA,NA,NA,NA,NA,NA,NA,NA,NA,NA,NA,"Spring",27694,19226,3.58351893845611,9.83686686519423
5027,7039,"La Magdeleine","la magdeleine",2025-05-01,2025,5,"2025-05","Mont-Cervin","Maggio",54,18,23,174,103,11206,39,2,1.86215817694605,846.783392640222,5.85672540309983,57.512667113939,NA,NA,NA,NA,NA,NA,NA,NA,NA,NA,NA,NA,NA,NA,NA,NA,NA,NA,NA,NA,NA,NA,NA,NA,NA,NA,NA,NA,NA,NA,NA,NA,NA,NA,NA,NA,NA,NA,NA,NA,NA,NA,NA,NA,NA,NA,NA,NA,NA,NA,"Spring",18710,14704,2.94443897916644,9.32429386205203
5028,7039,"La Magdeleine","la magdeleine",2025-06-01,2025,6,"2025-06","Mont-Cervin","Giugno",234,109,23,174,103,14791,39,2,0.858260360529951,857.719197447506,12.3276390831639,64.458164172728,NA,NA,NA,NA,NA,NA,NA,NA,NA,NA,NA,NA,NA,NA,NA,NA,NA,NA,NA,NA,NA,NA,NA,NA,NA,NA,NA,NA,NA,NA,NA,NA,NA,NA,NA,NA,NA,NA,NA,NA,NA,NA,NA,NA,NA,NA,NA,NA,NA,NA,"Summer",11206,17944,4.70048036579242,9.60184177306696
5029,7039,"La Magdeleine","la magdeleine",2025-07-01,2025,7,"2025-07","Mont-Cervin","Luglio",1643,283,23,174,103,22336,39,2,0.843847017280626,851.895815904462,11.0404572380817,58.1809513008182,NA,NA,NA,NA,NA,NA,NA,NA,NA,NA,NA,NA,NA,NA,NA,NA,NA,NA,NA,NA,NA,NA,NA,NA,NA,NA,NA,NA,NA,NA,NA,NA,NA,NA,NA,NA,NA,NA,NA,NA,NA,NA,NA,NA,NA,NA,NA,NA,NA,NA,"Summer",14791,24742,5.64897423816121,10.0139997753336
5030,7039,"La Magdeleine","la magdeleine",2025-08-01,2025,8,"2025-08","Mont-Cervin","Agosto",1193,182,23,174,103,27945,39,2,1.70079929689023,844.071289883629,12.0135910050018,68.5593206538064,NA,NA,NA,NA,NA,NA,NA,NA,NA,NA,NA,NA,NA,NA,NA,NA,NA,NA,NA,NA,NA,NA,NA,NA,NA,NA,NA,NA,NA,NA,NA,NA,NA,NA,NA,NA,NA,NA,NA,NA,NA,NA,NA,NA,NA,NA,NA,NA,NA,NA,"Summer",22336,33427,5.20948615284142,10.2380293556404
5031,7039,"La Magdeleine","la magdeleine",2025-09-01,2025,9,"2025-09","Mont-Cervin","Settembre",196,49,23,174,103,7684,39,2,1.2864045625876,856.487031952647,8.31432963782937,72.3471856479312,NA,NA,NA,NA,NA,NA,NA,NA,NA,NA,NA,NA,NA,NA,NA,NA,NA,NA,NA,NA,NA,NA,NA,NA,NA,NA,NA,NA,NA,NA,NA,NA,NA,NA,NA,NA,NA,NA,NA,NA,NA,NA,NA,NA,NA,NA,NA,NA,NA,NA,"Autumn",27945,20221,3.91202300542815,8.9470256559727
5161,7041,"La Thuile","la thuile",2015-01-01,2015,1,"2015-01","Valdigne-Mont-Blanc","Gennaio",36095,7002,28,2782,785,1916129,NA,NA,NA,NA,NA,NA,NA,NA,NA,NA,NA,NA,NA,NA,NA,NA,NA,NA,NA,NA,NA,NA,NA,NA,NA,"Nord-ovest",2,"Valle d'Aosta/Vallée d'Aoste","Valle d'Aosta/Vallée d'Aoste",0,35.4275741710297,NA,68.4210526315789,NA,NA,NA,NA,1.2970168612192,300,0,74.3190661478599,15.3047989623865,NA,0,0,NA,NA,21326.1955128205,26.2243285939968,NA,308.709468223087,0.860876885057819,NA,NA,NA,35.4275741710297,"Winter",268470,405015,8.85409390765552,14.4658180848981
5162,7041,"La Thuile","la thuile",2015-02-01,2015,2,"2015-02","Valdigne-Mont-Blanc","Febbraio",42085,8171,28,2782,785,1471921,NA,NA,NA,NA,NA,NA,NA,NA,NA,NA,NA,NA,NA,NA,NA,NA,NA,NA,NA,NA,NA,NA,NA,NA,NA,"Nord-ovest",2,"Valle d'Aosta/Vallée d'Aoste","Valle d'Aosta/Vallée d'Aoste",0,35.4275741710297,NA,68.4210526315789,NA,NA,NA,NA,1.2970168612192,300,0,74.3190661478599,15.3047989623865,NA,0,0,NA,NA,21326.1955128205,26.2243285939968,NA,308.709468223087,0.860876885057819,NA,NA,NA,35.4275741710297,"Winter",1916129,425951,9.00846895593751,14.2020795877366
5163,7041,"La Thuile","la thuile",2015-03-01,2015,3,"2015-03","Valdigne-Mont-Blanc","Marzo",36169,7498,28,2782,785,1310965,NA,NA,NA,NA,NA,NA,NA,NA,NA,NA,NA,NA,NA,NA,NA,NA,NA,NA,NA,NA,NA,NA,NA,NA,NA,"Nord-ovest",2,"Valle d'Aosta/Vallée d'Aoste","Valle d'Aosta/Vallée d'Aoste",0,35.4275741710297,NA,68.4210526315789,NA,NA,NA,NA,1.2970168612192,300,0,74.3190661478599,15.3047989623865,NA,0,0,NA,NA,21326.1955128205,26.2243285939968,NA,308.709468223087,0.860876885057819,NA,NA,NA,35.4275741710297,"Spring",1471921,537567,8.92252495730139,14.0862748280083
5164,7041,"La Thuile","la thuile",2015-04-01,2015,4,"2015-04","Valdigne-Mont-Blanc","Aprile",13479,2259,28,2782,785,880891,NA,NA,NA,NA,NA,NA,NA,NA,NA,NA,NA,NA,NA,NA,NA,NA,NA,NA,NA,NA,NA,NA,NA,NA,NA,"Nord-ovest",2,"Valle d'Aosta/Vallée d'Aoste","Valle d'Aosta/Vallée d'Aoste",0,35.4275741710297,NA,68.4210526315789,NA,NA,NA,NA,1.2970168612192,300,0,74.3190661478599,15.3047989623865,NA,0,0,NA,NA,21326.1955128205,26.2243285939968,NA,308.709468223087,0.860876885057819,NA,NA,NA,35.4275741710297,"Spring",1310965,559050,7.72312009226633,13.6886903094356
5165,7041,"La Thuile","la thuile",2015-05-01,2015,5,"2015-05","Valdigne-Mont-Blanc","Maggio",210,154,28,2782,785,376842,NA,NA,NA,NA,NA,NA,NA,NA,NA,NA,NA,NA,NA,NA,NA,NA,NA,NA,NA,NA,NA,NA,NA,NA,NA,"Nord-ovest",2,"Valle d'Aosta/Vallée d'Aoste","Valle d'Aosta/Vallée d'Aoste",0,35.4275741710297,NA,68.4210526315789,NA,NA,NA,NA,1.2970168612192,300,0,74.3190661478599,15.3047989623865,NA,0,0,NA,NA,21326.1955128205,26.2243285939968,NA,308.709468223087,0.860876885057819,NA,NA,NA,35.4275741710297,"Spring",880891,472234,5.04342511691925,12.8395839340692
5166,7041,"La Thuile","la thuile",2015-06-01,2015,6,"2015-06","Valdigne-Mont-Blanc","Giugno",6901,3136,28,2782,785,366850,NA,NA,NA,NA,NA,NA,NA,NA,NA,NA,NA,NA,NA,NA,NA,NA,NA,NA,NA,NA,NA,NA,NA,NA,NA,"Nord-ovest",2,"Valle d'Aosta/Vallée d'Aoste","Valle d'Aosta/Vallée d'Aoste",0,35.4275741710297,NA,68.4210526315789,NA,NA,NA,NA,1.2970168612192,300,0,74.3190661478599,15.3047989623865,NA,0,0,NA,NA,21326.1955128205,26.2243285939968,NA,308.709468223087,0.860876885057819,NA,NA,NA,35.4275741710297,"Summer",376842,469142,8.05102220819068,12.8127110500482
5167,7041,"La Thuile","la thuile",2015-07-01,2015,7,"2015-07","Valdigne-Mont-Blanc","Luglio",32452,9139,28,2782,785,566513,NA,NA,NA,NA,NA,NA,NA,NA,NA,NA,NA,NA,NA,NA,NA,NA,NA,NA,NA,NA,NA,NA,NA,NA,NA,"Nord-ovest",2,"Valle d'Aosta/Vallée d'Aoste","Valle d'Aosta/Vallée d'Aoste",0,35.4275741710297,NA,68.4210526315789,NA,NA,NA,NA,1.2970168612192,300,0,74.3190661478599,15.3047989623865,NA,0,0,NA,NA,21326.1955128205,26.2243285939968,NA,308.709468223087,0.860876885057819,NA,NA,NA,35.4275741710297,"Summer",366850,426522,9.1204156644482,13.2472570722958
5168,7041,"La Thuile","la thuile",2015-08-01,2015,8,"2015-08","Valdigne-Mont-Blanc","Agosto",45852,11075,28,2782,785,607252,NA,NA,NA,NA,NA,NA,NA,NA,NA,NA,NA,NA,NA,NA,NA,NA,NA,NA,NA,NA,NA,NA,NA,NA,NA,"Nord-ovest",2,"Valle d'Aosta/Vallée d'Aoste","Valle d'Aosta/Vallée d'Aoste",0,35.4275741710297,NA,68.4210526315789,NA,NA,NA,NA,1.2970168612192,300,0,74.3190661478599,15.3047989623865,NA,0,0,NA,NA,21326.1955128205,26.2243285939968,NA,308.709468223087,0.860876885057819,NA,NA,NA,35.4275741710297,"Summer",566513,383373,9.31253588429085,13.3167007871569
5169,7041,"La Thuile","la thuile",2015-09-01,2015,9,"2015-09","Valdigne-Mont-Blanc","Settembre",3609,1324,28,2782,785,482805,NA,NA,NA,NA,NA,NA,NA,NA,NA,NA,NA,NA,NA,NA,NA,NA,NA,NA,NA,NA,NA,NA,NA,NA,NA,"Nord-ovest",2,"Valle d'Aosta/Vallée d'Aoste","Valle d'Aosta/Vallée d'Aoste",0,35.4275741710297,NA,68.4210526315789,NA,NA,NA,NA,1.2970168612192,300,0,74.3190661478599,15.3047989623865,NA,0,0,NA,NA,21326.1955128205,26.2243285939968,NA,308.709468223087,0.860876885057819,NA,NA,NA,35.4275741710297,"Autumn",607252,356227,7.18916773842032,13.0873701956345
5170,7041,"La Thuile","la thuile",2015-10-01,2015,10,"2015-10","Valdigne-Mont-Blanc","Ottobre",615,387,28,2782,785,575701,NA,NA,NA,NA,NA,NA,NA,NA,NA,NA,NA,NA,NA,NA,NA,NA,NA,NA,NA,NA,NA,NA,NA,NA,NA,"Nord-ovest",2,"Valle d'Aosta/Vallée d'Aoste","Valle d'Aosta/Vallée d'Aoste",0,35.4275741710297,NA,68.4210526315789,NA,NA,NA,NA,1.2970168612192,300,0,74.3190661478599,15.3047989623865,NA,0,0,NA,NA,21326.1955128205,26.2243285939968,NA,308.709468223087,0.860876885057819,NA,NA,NA,35.4275741710297,"Autumn",482805,410254,5.96100533962327,13.2633454446895
5171,7041,"La Thuile","la thuile",2015-11-01,2015,11,"2015-11","Valdigne-Mont-Blanc","Novembre",619,428,28,2782,785,1125066,NA,NA,NA,NA,NA,NA,NA,NA,NA,NA,NA,NA,NA,NA,NA,NA,NA,NA,NA,NA,NA,NA,NA,NA,NA,"Nord-ovest",2,"Valle d'Aosta/Vallée d'Aoste","Valle d'Aosta/Vallée d'Aoste",0,35.4275741710297,NA,68.4210526315789,NA,NA,NA,NA,1.2970168612192,300,0,74.3190661478599,15.3047989623865,NA,0,0,NA,NA,21326.1955128205,26.2243285939968,NA,308.709468223087,0.860876885057819,NA,NA,NA,35.4275741710297,"Autumn",575701,479252,6.06145691892802,13.9333531474029
5172,7041,"La Thuile","la thuile",2015-12-01,2015,12,"2015-12","Valdigne-Mont-Blanc","Dicembre",18712,5405,28,2782,785,1469239,NA,NA,NA,NA,NA,NA,NA,NA,NA,NA,NA,NA,NA,NA,NA,NA,NA,NA,NA,NA,NA,NA,NA,NA,NA,"Nord-ovest",2,"Valle d'Aosta/Vallée d'Aoste","Valle d'Aosta/Vallée d'Aoste",0,35.4275741710297,NA,68.4210526315789,NA,NA,NA,NA,1.2970168612192,300,0,74.3190661478599,15.3047989623865,NA,0,0,NA,NA,21326.1955128205,26.2243285939968,NA,308.709468223087,0.860876885057819,NA,NA,NA,35.4275741710297,"Winter",1125066,268470,8.59526472683639,14.2002558182581
5173,7041,"La Thuile","la thuile",2016-01-01,2016,1,"2016-01","Valdigne-Mont-Blanc","Gennaio",34427,8213,29,2784,761,1834446,NA,NA,NA,NA,NA,NA,NA,NA,NA,NA,NA,NA,NA,NA,NA,NA,NA,NA,NA,NA,NA,NA,NA,NA,NA,"Nord-ovest",2,"Valle d'Aosta/Vallée d'Aoste","Valle d'Aosta/Vallée d'Aoste",0,31.6521739130435,NA,55,NA,NA,NA,NA,NA,NA,NA,75.5584756898817,15.7687253613666,NA,NA,NA,NA,NA,23036.576744186,23.0652503793627,NA,301.621550591327,0.858755317989305,NA,NA,NA,31.6521739130435,"Winter",1469239,1916129,9.0135952945165,14.4222536316542
5174,7041,"La Thuile","la thuile",2016-02-01,2016,2,"2016-02","Valdigne-Mont-Blanc","Febbraio",43418,8880,29,2784,761,1339809,NA,NA,NA,NA,NA,NA,NA,NA,NA,NA,NA,NA,NA,NA,NA,NA,NA,NA,NA,NA,NA,NA,NA,NA,NA,"Nord-ovest",2,"Valle d'Aosta/Vallée d'Aoste","Valle d'Aosta/Vallée d'Aoste",0,31.6521739130435,NA,55,NA,NA,NA,NA,NA,NA,NA,75.5584756898817,15.7687253613666,NA,NA,NA,NA,NA,23036.576744186,23.0652503793627,NA,301.621550591327,0.858755317989305,NA,NA,NA,31.6521739130435,"Winter",1834446,1471921,9.0916694422585,14.108038370829
5175,7041,"La Thuile","la thuile",2016-03-01,2016,3,"2016-03","Valdigne-Mont-Blanc","Marzo",45877,8953,29,2784,761,1422184,NA,NA,NA,NA,NA,NA,NA,NA,NA,NA,NA,NA,NA,NA,NA,NA,NA,NA,NA,NA,NA,NA,NA,NA,NA,"Nord-ovest",2,"Valle d'Aosta/Vallée d'Aoste","Valle d'Aosta/Vallée d'Aoste",0,31.6521739130435,NA,55,NA,NA,NA,NA,NA,NA,NA,75.5584756898817,15.7687253613666,NA,NA,NA,NA,NA,23036.576744186,23.0652503793627,NA,301.621550591327,0.858755317989305,NA,NA,NA,31.6521739130435,"Spring",1339809,1310965,9.09985563880091,14.1677049793361
5176,7041,"La Thuile","la thuile",2016-04-01,2016,4,"2016-04","Valdigne-Mont-Blanc","Aprile",9610,1625,29,2784,761,735981,NA,NA,NA,NA,NA,NA,NA,NA,NA,NA,NA,NA,NA,NA,NA,NA,NA,NA,NA,NA,NA,NA,NA,NA,NA,"Nord-ovest",2,"Valle d'Aosta/Vallée d'Aoste","Valle d'Aosta/Vallée d'Aoste",0,31.6521739130435,NA,55,NA,NA,NA,NA,NA,NA,NA,75.5584756898817,15.7687253613666,NA,NA,NA,NA,NA,23036.576744186,23.0652503793627,NA,301.621550591327,0.858755317989305,NA,NA,NA,31.6521739130435,"Spring",1422184,880891,7.39387829010776,13.5089609408902
5177,7041,"La Thuile","la thuile",2016-05-01,2016,5,"2016-05","Valdigne-Mont-Blanc","Maggio",176,114,29,2784,761,439265,NA,NA,NA,NA,NA,NA,NA,NA,NA,NA,NA,NA,NA,NA,NA,NA,NA,NA,NA,NA,NA,NA,NA,NA,NA,"Nord-ovest",2,"Valle d'Aosta/Vallée d'Aoste","Valle d'Aosta/Vallée d'Aoste",0,31.6521739130435,NA,55,NA,NA,NA,NA,NA,NA,NA,75.5584756898817,15.7687253613666,NA,NA,NA,NA,NA,23036.576744186,23.0652503793627,NA,301.621550591327,0.858755317989305,NA,NA,NA,31.6521739130435,"Spring",735981,376842,4.74493212836325,12.9928604311116
5178,7041,"La Thuile","la thuile",2016-06-01,2016,6,"2016-06","Valdigne-Mont-Blanc","Giugno",8673,3531,29,2784,761,415504,NA,NA,NA,NA,NA,NA,NA,NA,NA,NA,NA,NA,NA,NA,NA,NA,NA,NA,NA,NA,NA,NA,NA,NA,NA,"Nord-ovest",2,"Valle d'Aosta/Vallée d'Aoste","Valle d'Aosta/Vallée d'Aoste",0,31.6521739130435,NA,55,NA,NA,NA,NA,NA,NA,NA,75.5584756898817,15.7687253613666,NA,NA,NA,NA,NA,23036.576744186,23.0652503793627,NA,301.621550591327,0.858755317989305,NA,NA,NA,31.6521739130435,"Summer",439265,366850,8.16961956172385,12.9372499268996
5179,7041,"La Thuile","la thuile",2016-07-01,2016,7,"2016-07","Valdigne-Mont-Blanc","Luglio",34623,10573,29,2784,761,568668,NA,NA,NA,NA,NA,NA,NA,NA,NA,NA,NA,NA,NA,NA,NA,NA,NA,NA,NA,NA,NA,NA,NA,NA,NA,"Nord-ovest",2,"Valle d'Aosta/Vallée d'Aoste","Valle d'Aosta/Vallée d'Aoste",0,31.6521739130435,NA,55,NA,NA,NA,NA,NA,NA,NA,75.5584756898817,15.7687253613666,NA,NA,NA,NA,NA,23036.576744186,23.0652503793627,NA,301.621550591327,0.858755317989305,NA,NA,NA,31.6521739130435,"Summer",415504,566513,9.2661534367954,13.2510538215225
5180,7041,"La Thuile","la thuile",2016-08-01,2016,8,"2016-08","Valdigne-Mont-Blanc","Agosto",43855,9597,29,2784,761,594014,NA,NA,NA,NA,NA,NA,NA,NA,NA,NA,NA,NA,NA,NA,NA,NA,NA,NA,NA,NA,NA,NA,NA,NA,NA,"Nord-ovest",2,"Valle d'Aosta/Vallée d'Aoste","Valle d'Aosta/Vallée d'Aoste",0,31.6521739130435,NA,55,NA,NA,NA,NA,NA,NA,NA,75.5584756898817,15.7687253613666,NA,NA,NA,NA,NA,23036.576744186,23.0652503793627,NA,301.621550591327,0.858755317989305,NA,NA,NA,31.6521739130435,"Summer",568668,607252,9.16931002241819,13.2946598505512
5181,7041,"La Thuile","la thuile",2016-09-01,2016,9,"2016-09","Valdigne-Mont-Blanc","Settembre",3791,1974,29,2784,761,559262,NA,NA,NA,NA,NA,NA,NA,NA,NA,NA,NA,NA,NA,NA,NA,NA,NA,NA,NA,NA,NA,NA,NA,NA,NA,"Nord-ovest",2,"Valle d'Aosta/Vallée d'Aoste","Valle d'Aosta/Vallée d'Aoste",0,31.6521739130435,NA,55,NA,NA,NA,NA,NA,NA,NA,75.5584756898817,15.7687253613666,NA,NA,NA,NA,NA,23036.576744186,23.0652503793627,NA,301.621550591327,0.858755317989305,NA,NA,NA,31.6521739130435,"Autumn",594014,482805,7.58832367733522,13.2343751245002
5182,7041,"La Thuile","la thuile",2016-10-01,2016,10,"2016-10","Valdigne-Mont-Blanc","Ottobre",684,399,29,2784,761,552401,NA,NA,NA,NA,NA,NA,NA,NA,NA,NA,NA,NA,NA,NA,NA,NA,NA,NA,NA,NA,NA,NA,NA,NA,NA,"Nord-ovest",2,"Valle d'Aosta/Vallée d'Aoste","Valle d'Aosta/Vallée d'Aoste",0,31.6521739130435,NA,55,NA,NA,NA,NA,NA,NA,NA,75.5584756898817,15.7687253613666,NA,NA,NA,NA,NA,23036.576744186,23.0652503793627,NA,301.621550591327,0.858755317989305,NA,NA,NA,31.6521739130435,"Autumn",559262,575701,5.99146454710798,13.2220313210755
5183,7041,"La Thuile","la thuile",2016-11-01,2016,11,"2016-11","Valdigne-Mont-Blanc","Novembre",595,443,29,2784,761,1148414,NA,NA,NA,NA,NA,NA,NA,NA,NA,NA,NA,NA,NA,NA,NA,NA,NA,NA,NA,NA,NA,NA,NA,NA,NA,"Nord-ovest",2,"Valle d'Aosta/Vallée d'Aoste","Valle d'Aosta/Vallée d'Aoste",0,31.6521739130435,NA,55,NA,NA,NA,NA,NA,NA,NA,75.5584756898817,15.7687253613666,NA,NA,NA,NA,NA,23036.576744186,23.0652503793627,NA,301.621550591327,0.858755317989305,NA,NA,NA,31.6521739130435,"Autumn",552401,1125066,6.09582456243222,13.9538932887947
5184,7041,"La Thuile","la thuile",2016-12-01,2016,12,"2016-12","Valdigne-Mont-Blanc","Dicembre",16172,4920,29,2784,761,1862453,NA,NA,NA,NA,NA,NA,NA,NA,NA,NA,NA,NA,NA,NA,NA,NA,NA,NA,NA,NA,NA,NA,NA,NA,NA,"Nord-ovest",2,"Valle d'Aosta/Vallée d'Aoste","Valle d'Aosta/Vallée d'Aoste",0,31.6521739130435,NA,55,NA,NA,NA,NA,NA,NA,NA,75.5584756898817,15.7687253613666,NA,NA,NA,NA,NA,23036.576744186,23.0652503793627,NA,301.621550591327,0.858755317989305,NA,NA,NA,31.6521739130435,"Winter",1148414,1469239,8.50126704086598,14.4374055309443
5185,7041,"La Thuile","la thuile",2017-01-01,2017,1,"2017-01","Valdigne-Mont-Blanc","Gennaio",38354,7904,30,2849,760,1758045,NA,NA,NA,NA,NA,NA,NA,NA,NA,NA,NA,NA,NA,NA,NA,NA,NA,NA,NA,NA,NA,NA,NA,NA,NA,"Nord-ovest",2,"Valle d'Aosta/Vallée d'Aoste","Valle d'Aosta/Vallée d'Aoste",0,28.9115646258503,NA,38.0952380952381,NA,NA,NA,NA,NA,NA,NA,75.4329698524695,15.5227710070558,NA,0,0,NA,NA,22814.2370820669,21.1940298507463,NA,165.350865939705,0.859773729516219,NA,NA,NA,28.9115646258503,"Winter",1862453,1834446,8.97525074964357,14.3797135229828
5186,7041,"La Thuile","la thuile",2017-02-01,2017,2,"2017-02","Valdigne-Mont-Blanc","Febbraio",43268,8259,30,2849,760,1310295,NA,NA,NA,NA,NA,NA,NA,NA,NA,NA,NA,NA,NA,NA,NA,NA,NA,NA,NA,NA,NA,NA,NA,NA,NA,"Nord-ovest",2,"Valle d'Aosta/Vallée d'Aoste","Valle d'Aosta/Vallée d'Aoste",0,28.9115646258503,NA,38.0952380952381,NA,NA,NA,NA,NA,NA,NA,75.4329698524695,15.5227710070558,NA,0,0,NA,NA,22814.2370820669,21.1940298507463,NA,165.350865939705,0.859773729516219,NA,NA,NA,28.9115646258503,"Winter",1758045,1339809,9.01917986651502,14.085763623852
5187,7041,"La Thuile","la thuile",2017-03-01,2017,3,"2017-03","Valdigne-Mont-Blanc","Marzo",35579,6308,30,2849,760,1320828,NA,NA,NA,NA,NA,NA,NA,NA,NA,NA,NA,NA,NA,NA,NA,NA,NA,NA,NA,NA,NA,NA,NA,NA,NA,"Nord-ovest",2,"Valle d'Aosta/Vallée d'Aoste","Valle d'Aosta/Vallée d'Aoste",0,28.9115646258503,NA,38.0952380952381,NA,NA,NA,NA,NA,NA,NA,75.4329698524695,15.5227710070558,NA,0,0,NA,NA,22814.2370820669,21.1940298507463,NA,165.350865939705,0.859773729516219,NA,NA,NA,28.9115646258503,"Spring",1310295,1422184,8.74973246437081,14.0937701277371
5188,7041,"La Thuile","la thuile",2017-04-01,2017,4,"2017-04","Valdigne-Mont-Blanc","Aprile",16939,2933,30,2849,760,840143,NA,NA,NA,NA,NA,NA,NA,NA,NA,NA,NA,NA,NA,NA,NA,NA,NA,NA,NA,NA,NA,NA,NA,NA,NA,"Nord-ovest",2,"Valle d'Aosta/Vallée d'Aoste","Valle d'Aosta/Vallée d'Aoste",0,28.9115646258503,NA,38.0952380952381,NA,NA,NA,NA,NA,NA,NA,75.4329698524695,15.5227710070558,NA,0,0,NA,NA,22814.2370820669,21.1940298507463,NA,165.350865939705,0.859773729516219,NA,NA,NA,28.9115646258503,"Spring",1320828,735981,7.98412195870293,13.6413285846987
5189,7041,"La Thuile","la thuile",2017-05-01,2017,5,"2017-05","Valdigne-Mont-Blanc","Maggio",266,186,30,2849,760,414404,NA,NA,NA,NA,NA,NA,NA,NA,NA,NA,NA,NA,NA,NA,NA,NA,NA,NA,NA,NA,NA,NA,NA,NA,NA,"Nord-ovest",2,"Valle d'Aosta/Vallée d'Aoste","Valle d'Aosta/Vallée d'Aoste",0,28.9115646258503,NA,38.0952380952381,NA,NA,NA,NA,NA,NA,NA,75.4329698524695,15.5227710070558,NA,0,0,NA,NA,22814.2370820669,21.1940298507463,NA,165.350865939705,0.859773729516219,NA,NA,NA,28.9115646258503,"Spring",840143,439265,5.23110861685459,12.9345990354917
5190,7041,"La Thuile","la thuile",2017-06-01,2017,6,"2017-06","Valdigne-Mont-Blanc","Giugno",7207,3358,30,2849,760,374923,NA,NA,NA,NA,NA,NA,NA,NA,NA,NA,NA,NA,NA,NA,NA,NA,NA,NA,NA,NA,NA,NA,NA,NA,NA,"Nord-ovest",2,"Valle d'Aosta/Vallée d'Aoste","Valle d'Aosta/Vallée d'Aoste",0,28.9115646258503,NA,38.0952380952381,NA,NA,NA,NA,NA,NA,NA,75.4329698524695,15.5227710070558,NA,0,0,NA,NA,22814.2370820669,21.1940298507463,NA,165.350865939705,0.859773729516219,NA,NA,NA,28.9115646258503,"Summer",414404,415504,8.11939858961229,12.8344786177462
5191,7041,"La Thuile","la thuile",2017-07-01,2017,7,"2017-07","Valdigne-Mont-Blanc","Luglio",34862,9836,30,2849,760,538607,NA,NA,NA,NA,NA,NA,NA,NA,NA,NA,NA,NA,NA,NA,NA,NA,NA,NA,NA,NA,NA,NA,NA,NA,NA,"Nord-ovest",2,"Valle d'Aosta/Vallée d'Aoste","Valle d'Aosta/Vallée d'Aoste",0,28.9115646258503,NA,38.0952380952381,NA,NA,NA,NA,NA,NA,NA,75.4329698524695,15.5227710070558,NA,0,0,NA,NA,22814.2370820669,21.1940298507463,NA,165.350865939705,0.859773729516219,NA,NA,NA,28.9115646258503,"Summer",374923,568668,9.19390606551276,13.1967433125728
5192,7041,"La Thuile","la thuile",2017-08-01,2017,8,"2017-08","Valdigne-Mont-Blanc","Agosto",40802,9482,30,2849,760,716935,NA,NA,NA,NA,NA,NA,NA,NA,NA,NA,NA,NA,NA,NA,NA,NA,NA,NA,NA,NA,NA,NA,NA,NA,NA,"Nord-ovest",2,"Valle d'Aosta/Vallée d'Aoste","Valle d'Aosta/Vallée d'Aoste",0,28.9115646258503,NA,38.0952380952381,NA,NA,NA,NA,NA,NA,NA,75.4329698524695,15.5227710070558,NA,0,0,NA,NA,22814.2370820669,21.1940298507463,NA,165.350865939705,0.859773729516219,NA,NA,NA,28.9115646258503,"Summer",538607,594014,9.15725600088373,13.4827418547888
5193,7041,"La Thuile","la thuile",2017-09-01,2017,9,"2017-09","Valdigne-Mont-Blanc","Settembre",3730,1902,30,2849,760,514691,NA,NA,NA,NA,NA,NA,NA,NA,NA,NA,NA,NA,NA,NA,NA,NA,NA,NA,NA,NA,NA,NA,NA,NA,NA,"Nord-ovest",2,"Valle d'Aosta/Vallée d'Aoste","Valle d'Aosta/Vallée d'Aoste",0,28.9115646258503,NA,38.0952380952381,NA,NA,NA,NA,NA,NA,NA,75.4329698524695,15.5227710070558,NA,0,0,NA,NA,22814.2370820669,21.1940298507463,NA,165.350865939705,0.859773729516219,NA,NA,NA,28.9115646258503,"Autumn",716935,559262,7.55118686729615,13.1513239424853
5194,7041,"La Thuile","la thuile",2017-10-01,2017,10,"2017-10","Valdigne-Mont-Blanc","Ottobre",665,403,30,2849,760,445056,NA,NA,NA,NA,NA,NA,NA,NA,NA,NA,NA,NA,NA,NA,NA,NA,NA,NA,NA,NA,NA,NA,NA,NA,NA,"Nord-ovest",2,"Valle d'Aosta/Vallée d'Aoste","Valle d'Aosta/Vallée d'Aoste",0,28.9115646258503,NA,38.0952380952381,NA,NA,NA,NA,NA,NA,NA,75.4329698524695,15.5227710070558,NA,0,0,NA,NA,22814.2370820669,21.1940298507463,NA,165.350865939705,0.859773729516219,NA,NA,NA,28.9115646258503,"Autumn",514691,552401,6.00141487796115,13.0059576428332
5195,7041,"La Thuile","la thuile",2017-11-01,2017,11,"2017-11","Valdigne-Mont-Blanc","Novembre",770,559,30,2849,760,1504513,NA,NA,NA,NA,NA,NA,NA,NA,NA,NA,NA,NA,NA,NA,NA,NA,NA,NA,NA,NA,NA,NA,NA,NA,NA,"Nord-ovest",2,"Valle d'Aosta/Vallée d'Aoste","Valle d'Aosta/Vallée d'Aoste",0,28.9115646258503,NA,38.0952380952381,NA,NA,NA,NA,NA,NA,NA,75.4329698524695,15.5227710070558,NA,0,0,NA,NA,22814.2370820669,21.1940298507463,NA,165.350865939705,0.859773729516219,NA,NA,NA,28.9115646258503,"Autumn",445056,1148414,6.32793678372919,14.223980480426
5196,7041,"La Thuile","la thuile",2017-12-01,2017,12,"2017-12","Valdigne-Mont-Blanc","Dicembre",20718,6378,30,2849,760,1856983,NA,NA,NA,NA,NA,NA,NA,NA,NA,NA,NA,NA,NA,NA,NA,NA,NA,NA,NA,NA,NA,NA,NA,NA,NA,"Nord-ovest",2,"Valle d'Aosta/Vallée d'Aoste","Valle d'Aosta/Vallée d'Aoste",0,28.9115646258503,NA,38.0952380952381,NA,NA,NA,NA,NA,NA,NA,75.4329698524695,15.5227710070558,NA,0,0,NA,NA,22814.2370820669,21.1940298507463,NA,165.350865939705,0.859773729516219,NA,NA,NA,28.9115646258503,"Winter",1504513,1862453,8.76076662424196,14.4344642242503
5197,7041,"La Thuile","la thuile",2018-01-01,2018,1,"2018-01","Valdigne-Mont-Blanc","Gennaio",36298,7042,29,2949,783,1298459,NA,NA,NA,NA,NA,NA,NA,NA,NA,NA,NA,NA,NA,NA,NA,NA,NA,NA,NA,NA,NA,NA,NA,NA,NA,"Nord-ovest",2,"Valle d'Aosta/Vallée d'Aoste","Valle d'Aosta/Vallée d'Aoste",0,26.1865793780687,NA,40.9090909090909,72.0754716981132,23.7735849056604,NA,NA,3.71057513914657,133.333333333333,0,75.5720470006184,14.9659863945578,NA,0,0,NA,NA,22995.086696562,22.8404099560761,NA,181.641311069883,0.868056936896796,NA,NA,NA,26.1865793780687,"Winter",1856983,1758045,8.85978949474541,14.0766895048357
5198,7041,"La Thuile","la thuile",2018-02-01,2018,2,"2018-02","Valdigne-Mont-Blanc","Febbraio",42147,8135,29,2949,783,1372543,NA,NA,NA,NA,NA,NA,NA,NA,NA,NA,NA,NA,NA,NA,NA,NA,NA,NA,NA,NA,NA,NA,NA,NA,NA,"Nord-ovest",2,"Valle d'Aosta/Vallée d'Aoste","Valle d'Aosta/Vallée d'Aoste",0,26.1865793780687,NA,40.9090909090909,72.0754716981132,23.7735849056604,NA,NA,3.71057513914657,133.333333333333,0,75.5720470006184,14.9659863945578,NA,0,0,NA,NA,22995.086696562,22.8404099560761,NA,181.641311069883,0.868056936896796,NA,NA,NA,26.1865793780687,"Winter",1298459,1310295,9.0040539377284,14.1321765101398
5199,7041,"La Thuile","la thuile",2018-03-01,2018,3,"2018-03","Valdigne-Mont-Blanc","Marzo",42007,8006,29,2949,783,1438661,NA,NA,NA,NA,NA,NA,NA,NA,NA,NA,NA,NA,NA,NA,NA,NA,NA,NA,NA,NA,NA,NA,NA,NA,NA,"Nord-ovest",2,"Valle d'Aosta/Vallée d'Aoste","Valle d'Aosta/Vallée d'Aoste",0,26.1865793780687,NA,40.9090909090909,72.0754716981132,23.7735849056604,NA,NA,3.71057513914657,133.333333333333,0,75.5720470006184,14.9659863945578,NA,0,0,NA,NA,22995.086696562,22.8404099560761,NA,181.641311069883,0.868056936896796,NA,NA,NA,26.1865793780687,"Spring",1372543,1320828,8.98807143807263,14.1792240729426
5200,7041,"La Thuile","la thuile",2018-04-01,2018,4,"2018-04","Valdigne-Mont-Blanc","Aprile",21903,1973,29,2949,783,852870,NA,NA,NA,NA,NA,NA,NA,NA,NA,NA,NA,NA,NA,NA,NA,NA,NA,NA,NA,NA,NA,NA,NA,NA,NA,"Nord-ovest",2,"Valle d'Aosta/Vallée d'Aoste","Valle d'Aosta/Vallée d'Aoste",0,26.1865793780687,NA,40.9090909090909,72.0754716981132,23.7735849056604,NA,NA,3.71057513914657,133.333333333333,0,75.5720470006184,14.9659863945578,NA,0,0,NA,NA,22995.086696562,22.8404099560761,NA,181.641311069883,0.868056936896796,NA,NA,NA,26.1865793780687,"Spring",1438661,840143,7.58781721999343,13.6563635840877
5201,7041,"La Thuile","la thuile",2018-05-01,2018,5,"2018-05","Valdigne-Mont-Blanc","Maggio",247,107,29,2949,783,401931,NA,NA,NA,NA,NA,NA,NA,NA,NA,NA,NA,NA,NA,NA,NA,NA,NA,NA,NA,NA,NA,NA,NA,NA,NA,"Nord-ovest",2,"Valle d'Aosta/Vallée d'Aoste","Valle d'Aosta/Vallée d'Aoste",0,26.1865793780687,NA,40.9090909090909,72.0754716981132,23.7735849056604,NA,NA,3.71057513914657,133.333333333333,0,75.5720470006184,14.9659863945578,NA,0,0,NA,NA,22995.086696562,22.8404099560761,NA,181.641311069883,0.868056936896796,NA,NA,NA,26.1865793780687,"Spring",852870,414404,4.68213122712422,12.9040381990641
5202,7041,"La Thuile","la thuile",2018-06-01,2018,6,"2018-06","Valdigne-Mont-Blanc","Giugno",7988,3652,29,2949,783,409821,NA,NA,NA,NA,NA,NA,NA,NA,NA,NA,NA,NA,NA,NA,NA,NA,NA,NA,NA,NA,NA,NA,NA,NA,NA,"Nord-ovest",2,"Valle d'Aosta/Vallée d'Aoste","Valle d'Aosta/Vallée d'Aoste",0,26.1865793780687,NA,40.9090909090909,72.0754716981132,23.7735849056604,NA,NA,3.71057513914657,133.333333333333,0,75.5720470006184,14.9659863945578,NA,0,0,NA,NA,22995.086696562,22.8404099560761,NA,181.641311069883,0.868056936896796,NA,NA,NA,26.1865793780687,"Summer",401931,374923,8.20330402679528,12.9234781980702
5203,7041,"La Thuile","la thuile",2018-07-01,2018,7,"2018-07","Valdigne-Mont-Blanc","Luglio",38134,10626,29,2949,783,561412,NA,NA,NA,NA,NA,NA,NA,NA,NA,NA,NA,NA,NA,NA,NA,NA,NA,NA,NA,NA,NA,NA,NA,NA,NA,"Nord-ovest",2,"Valle d'Aosta/Vallée d'Aoste","Valle d'Aosta/Vallée d'Aoste",0,26.1865793780687,NA,40.9090909090909,72.0754716981132,23.7735849056604,NA,NA,3.71057513914657,133.333333333333,0,75.5720470006184,14.9659863945578,NA,0,0,NA,NA,22995.086696562,22.8404099560761,NA,181.641311069883,0.868056936896796,NA,NA,NA,26.1865793780687,"Summer",409821,538607,9.2711532113727,13.2382120990365
5204,7041,"La Thuile","la thuile",2018-08-01,2018,8,"2018-08","Valdigne-Mont-Blanc","Agosto",42689,10829,29,2949,783,622660,NA,NA,NA,NA,NA,NA,NA,NA,NA,NA,NA,NA,NA,NA,NA,NA,NA,NA,NA,NA,NA,NA,NA,NA,NA,"Nord-ovest",2,"Valle d'Aosta/Vallée d'Aoste","Valle d'Aosta/Vallée d'Aoste",0,26.1865793780687,NA,40.9090909090909,72.0754716981132,23.7735849056604,NA,NA,3.71057513914657,133.333333333333,0,75.5720470006184,14.9659863945578,NA,0,0,NA,NA,22995.086696562,22.8404099560761,NA,181.641311069883,0.868056936896796,NA,NA,NA,26.1865793780687,"Summer",561412,716935,9.29007533999504,13.341757508419
5205,7041,"La Thuile","la thuile",2018-09-01,2018,9,"2018-09","Valdigne-Mont-Blanc","Settembre",4539,1657,29,2949,783,599939,NA,NA,NA,NA,NA,NA,NA,NA,NA,NA,NA,NA,NA,NA,NA,NA,NA,NA,NA,NA,NA,NA,NA,NA,NA,"Nord-ovest",2,"Valle d'Aosta/Vallée d'Aoste","Valle d'Aosta/Vallée d'Aoste",0,26.1865793780687,NA,40.9090909090909,72.0754716981132,23.7735849056604,NA,NA,3.71057513914657,133.333333333333,0,75.5720470006184,14.9659863945578,NA,0,0,NA,NA,22995.086696562,22.8404099560761,NA,181.641311069883,0.868056936896796,NA,NA,NA,26.1865793780687,"Autumn",622660,514691,7.41336733569524,13.304584929198
5206,7041,"La Thuile","la thuile",2018-10-01,2018,10,"2018-10","Valdigne-Mont-Blanc","Ottobre",1590,402,29,2949,783,519447,NA,NA,NA,NA,NA,NA,NA,NA,NA,NA,NA,NA,NA,NA,NA,NA,NA,NA,NA,NA,NA,NA,NA,NA,NA,"Nord-ovest",2,"Valle d'Aosta/Vallée d'Aoste","Valle d'Aosta/Vallée d'Aoste",0,26.1865793780687,NA,40.9090909090909,72.0754716981132,23.7735849056604,NA,NA,3.71057513914657,133.333333333333,0,75.5720470006184,14.9659863945578,NA,0,0,NA,NA,22995.086696562,22.8404099560761,NA,181.641311069883,0.868056936896796,NA,NA,NA,26.1865793780687,"Autumn",599939,445056,5.99893656194668,13.1605219882651
5207,7041,"La Thuile","la thuile",2018-11-01,2018,11,"2018-11","Valdigne-Mont-Blanc","Novembre",881,600,29,2949,783,1384156,NA,NA,NA,NA,NA,NA,NA,NA,NA,NA,NA,NA,NA,NA,NA,NA,NA,NA,NA,NA,NA,NA,NA,NA,NA,"Nord-ovest",2,"Valle d'Aosta/Vallée d'Aoste","Valle d'Aosta/Vallée d'Aoste",0,26.1865793780687,NA,40.9090909090909,72.0754716981132,23.7735849056604,NA,NA,3.71057513914657,133.333333333333,0,75.5720470006184,14.9659863945578,NA,0,0,NA,NA,22995.086696562,22.8404099560761,NA,181.641311069883,0.868056936896796,NA,NA,NA,26.1865793780687,"Autumn",519447,1504513,6.39859493453521,14.1406018480324
5208,7041,"La Thuile","la thuile",2018-12-01,2018,12,"2018-12","Valdigne-Mont-Blanc","Dicembre",19583,5523,29,2949,783,1775832,NA,NA,NA,NA,NA,NA,NA,NA,NA,NA,NA,NA,NA,NA,NA,NA,NA,NA,NA,NA,NA,NA,NA,NA,NA,"Nord-ovest",2,"Valle d'Aosta/Vallée d'Aoste","Valle d'Aosta/Vallée d'Aoste",0,26.1865793780687,NA,40.9090909090909,72.0754716981132,23.7735849056604,NA,NA,3.71057513914657,133.333333333333,0,75.5720470006184,14.9659863945578,NA,0,0,NA,NA,22995.086696562,22.8404099560761,NA,181.641311069883,0.868056936896796,NA,NA,NA,26.1865793780687,"Winter",1384156,1856983,8.61685751452918,14.3897801665815
5209,7041,"La Thuile","la thuile",2019-01-01,2019,1,"2019-01","Valdigne-Mont-Blanc","Gennaio",33015,6666,29,2937,802,1774440,41,31,0.679187210322301,819.975483189008,-4.7003612266331,50.0129006174689,820,5,5,0,30,32,-2,1,9,-8,0,2,-8,812,424,805,1.9,3,7,"Nord-ovest",2,"Valle d'Aosta/Vallée d'Aoste","Valle d'Aosta/Vallée d'Aoste",0,24.7663551401869,NA,42.8571428571429,75.8064516129032,21.7741935483871,NA,NA,1.22549019607843,100,0,78.6764705882353,15.9313725490196,122.549019607843,122.549019607843,9.80392156862745,NA,NA,23880.3378378378,22.0414201183432,NA,204.517156862745,0.868135811417764,11.2745098039216,42.7769985974755,50.7713884992987,24.7663551401869,"Winter",1775832,1298459,8.80492526261806,14.3889960017135
5210,7041,"La Thuile","la thuile",2019-02-01,2019,2,"2019-02","Valdigne-Mont-Blanc","Febbraio",38394,7933,29,2937,802,1297334,41,31,0.651289079871213,822.007265334355,1.46636669367544,34.6245918183299,820,5,5,0,30,32,-2,1,9,-8,0,2,-8,812,424,805,1.9,3,7,"Nord-ovest",2,"Valle d'Aosta/Vallée d'Aoste","Valle d'Aosta/Vallée d'Aoste",0,24.7663551401869,NA,42.8571428571429,75.8064516129032,21.7741935483871,NA,NA,1.22549019607843,100,0,78.6764705882353,15.9313725490196,122.549019607843,122.549019607843,9.80392156862745,NA,NA,23880.3378378378,22.0414201183432,NA,204.517156862745,0.868135811417764,11.2745098039216,42.7769985974755,50.7713884992987,24.7663551401869,"Winter",1774440,1372543,8.97891260107428,14.0758227183056
5211,7041,"La Thuile","la thuile",2019-03-01,2019,3,"2019-03","Valdigne-Mont-Blanc","Marzo",35819,7415,29,2937,802,1352122,41,31,0.36769408534861,824.332765311852,0.504427002915686,46.0126471533555,820,5,5,0,30,32,-2,1,9,-8,0,2,-8,812,424,805,1.9,3,7,"Nord-ovest",2,"Valle d'Aosta/Vallée d'Aoste","Valle d'Aosta/Vallée d'Aoste",0,24.7663551401869,NA,42.8571428571429,75.8064516129032,21.7741935483871,NA,NA,1.22549019607843,100,0,78.6764705882353,15.9313725490196,122.549019607843,122.549019607843,9.80392156862745,NA,NA,23880.3378378378,22.0414201183432,NA,204.517156862745,0.868135811417764,11.2745098039216,42.7769985974755,50.7713884992987,24.7663551401869,"Spring",1297334,1438661,8.91139510724569,14.1171865077783
5212,7041,"La Thuile","la thuile",2019-04-01,2019,4,"2019-04","Valdigne-Mont-Blanc","Aprile",11151,2439,29,2937,802,1003915,41,31,1.15838018975077,845.337186193076,1.7287868650194,51.0593876243215,820,5,5,0,30,32,-2,1,9,-8,0,2,-8,812,424,805,1.9,3,7,"Nord-ovest",2,"Valle d'Aosta/Vallée d'Aoste","Valle d'Aosta/Vallée d'Aoste",0,24.7663551401869,NA,42.8571428571429,75.8064516129032,21.7741935483871,NA,NA,1.22549019607843,100,0,78.6764705882353,15.9313725490196,122.549019607843,122.549019607843,9.80392156862745,NA,NA,23880.3378378378,22.0414201183432,NA,204.517156862745,0.868135811417764,11.2745098039216,42.7769985974755,50.7713884992987,24.7663551401869,"Spring",1352122,852870,7.79975331828725,13.819418910395
5213,7041,"La Thuile","la thuile",2019-05-01,2019,5,"2019-05","Valdigne-Mont-Blanc","Maggio",272,211,29,2937,802,446773,41,31,1.05082133785982,838.207333977227,4.22340765494098,39.379039830731,820,5,5,0,30,32,-2,1,9,-8,0,2,-8,812,424,805,1.9,3,7,"Nord-ovest",2,"Valle d'Aosta/Vallée d'Aoste","Valle d'Aosta/Vallée d'Aoste",0,24.7663551401869,NA,42.8571428571429,75.8064516129032,21.7741935483871,NA,NA,1.22549019607843,100,0,78.6764705882353,15.9313725490196,122.549019607843,122.549019607843,9.80392156862745,NA,NA,23880.3378378378,22.0414201183432,NA,204.517156862745,0.868135811417764,11.2745098039216,42.7769985974755,50.7713884992987,24.7663551401869,"Spring",1003915,401931,5.35658627467201,13.0098081528994
5214,7041,"La Thuile","la thuile",2019-06-01,2019,6,"2019-06","Valdigne-Mont-Blanc","Giugno",6007,2945,29,2937,802,412103,41,31,0.829235393024443,843.188505612898,12.6268349466541,47.8606373966714,820,5,5,0,30,32,-2,1,9,-8,0,2,-8,812,424,805,1.9,3,7,"Nord-ovest",2,"Valle d'Aosta/Vallée d'Aoste","Valle d'Aosta/Vallée d'Aoste",0,24.7663551401869,NA,42.8571428571429,75.8064516129032,21.7741935483871,NA,NA,1.22549019607843,100,0,78.6764705882353,15.9313725490196,122.549019607843,122.549019607843,9.80392156862745,NA,NA,23880.3378378378,22.0414201183432,NA,204.517156862745,0.868135811417764,11.2745098039216,42.7769985974755,50.7713884992987,24.7663551401869,"Summer",446773,409821,7.98820359702258,12.9290310236617
5215,7041,"La Thuile","la thuile",2019-07-01,2019,7,"2019-07","Valdigne-Mont-Blanc","Luglio",36567,9761,29,2937,802,572761,41,31,1.16043376049288,862.756434293794,14.9780095949382,55.5110742356251,820,5,5,0,30,32,-2,1,9,-8,0,2,-8,812,424,805,1.9,3,7,"Nord-ovest",2,"Valle d'Aosta/Vallée d'Aoste","Valle d'Aosta/Vallée d'Aoste",0,24.7663551401869,NA,42.8571428571429,75.8064516129032,21.7741935483871,NA,NA,1.22549019607843,100,0,78.6764705882353,15.9313725490196,122.549019607843,122.549019607843,9.80392156862745,NA,NA,23880.3378378378,22.0414201183432,NA,204.517156862745,0.868135811417764,11.2745098039216,42.7769985974755,50.7713884992987,24.7663551401869,"Summer",412103,561412,9.18625257644709,13.2582255516458
5216,7041,"La Thuile","la thuile",2019-08-01,2019,8,"2019-08","Valdigne-Mont-Blanc","Agosto",43795,10923,29,2937,802,676030,41,31,1.01864918637405,850.165079892739,13.024530792649,66.9786837563723,820,5,5,0,30,32,-2,1,9,-8,0,2,-8,812,424,805,1.9,3,7,"Nord-ovest",2,"Valle d'Aosta/Vallée d'Aoste","Valle d'Aosta/Vallée d'Aoste",0,24.7663551401869,NA,42.8571428571429,75.8064516129032,21.7741935483871,NA,NA,1.22549019607843,100,0,78.6764705882353,15.9313725490196,122.549019607843,122.549019607843,9.80392156862745,NA,NA,23880.3378378378,22.0414201183432,NA,204.517156862745,0.868135811417764,11.2745098039216,42.7769985974755,50.7713884992987,24.7663551401869,"Summer",572761,622660,9.2987174825936,13.4239942119618
5217,7041,"La Thuile","la thuile",2019-09-01,2019,9,"2019-09","Valdigne-Mont-Blanc","Settembre",3016,1632,29,2937,802,561530,41,31,0.387044903490026,840.902832109893,10.359621799866,65.763137290219,820,5,5,0,30,32,-2,1,9,-8,0,2,-8,812,424,805,1.9,3,7,"Nord-ovest",2,"Valle d'Aosta/Vallée d'Aoste","Valle d'Aosta/Vallée d'Aoste",0,24.7663551401869,NA,42.8571428571429,75.8064516129032,21.7741935483871,NA,NA,1.22549019607843,100,0,78.6764705882353,15.9313725490196,122.549019607843,122.549019607843,9.80392156862745,NA,NA,23880.3378378378,22.0414201183432,NA,204.517156862745,0.868135811417764,11.2745098039216,42.7769985974755,50.7713884992987,24.7663551401869,"Autumn",676030,599939,7.39817409297047,13.2384222608976
5218,7041,"La Thuile","la thuile",2019-10-01,2019,10,"2019-10","Valdigne-Mont-Blanc","Ottobre",480,367,29,2937,802,579955,41,31,2.21124958977532,820.757982585184,6.61351259895749,72.0835928940694,820,5,5,0,30,32,-2,1,9,-8,0,2,-8,812,424,805,1.9,3,7,"Nord-ovest",2,"Valle d'Aosta/Vallée d'Aoste","Valle d'Aosta/Vallée d'Aoste",0,24.7663551401869,NA,42.8571428571429,75.8064516129032,21.7741935483871,NA,NA,1.22549019607843,100,0,78.6764705882353,15.9313725490196,122.549019607843,122.549019607843,9.80392156862745,NA,NA,23880.3378378378,22.0414201183432,NA,204.517156862745,0.868135811417764,11.2745098039216,42.7769985974755,50.7713884992987,24.7663551401869,"Autumn",561530,519447,5.90808293816893,13.270707517576
5219,7041,"La Thuile","la thuile",2019-11-01,2019,11,"2019-11","Valdigne-Mont-Blanc","Novembre",935,659,29,2937,802,1189241,41,31,2.37772777561796,810.437223157671,-1.15196752904771,79.594149880216,820,5,5,0,30,32,-2,1,9,-8,0,2,-8,812,424,805,1.9,3,7,"Nord-ovest",2,"Valle d'Aosta/Vallée d'Aoste","Valle d'Aosta/Vallée d'Aoste",0,24.7663551401869,NA,42.8571428571429,75.8064516129032,21.7741935483871,NA,NA,1.22549019607843,100,0,78.6764705882353,15.9313725490196,122.549019607843,122.549019607843,9.80392156862745,NA,NA,23880.3378378378,22.0414201183432,NA,204.517156862745,0.868135811417764,11.2745098039216,42.7769985974755,50.7713884992987,24.7663551401869,"Autumn",579955,1384156,6.49223983502047,13.9888266873432
5220,7041,"La Thuile","la thuile",2019-12-01,2019,12,"2019-12","Valdigne-Mont-Blanc","Dicembre",19615,5207,29,2937,802,1627777,41,31,1.76052109483286,813.999155049916,-0.914286006774302,64.6164227222258,820,5,5,0,30,32,-2,1,9,-8,0,2,-8,812,424,805,1.9,3,7,"Nord-ovest",2,"Valle d'Aosta/Vallée d'Aoste","Valle d'Aosta/Vallée d'Aoste",0,24.7663551401869,NA,42.8571428571429,75.8064516129032,21.7741935483871,NA,NA,1.22549019607843,100,0,78.6764705882353,15.9313725490196,122.549019607843,122.549019607843,9.80392156862745,NA,NA,23880.3378378378,22.0414201183432,NA,204.517156862745,0.868135811417764,11.2745098039216,42.7769985974755,50.7713884992987,24.7663551401869,"Winter",1189241,1775832,8.55795118388841,14.3027264526099
5221,7041,"La Thuile","la thuile",2020-01-01,2020,1,"2020-01","Valdigne-Mont-Blanc","Gennaio",38678,8315,30,2956,820,1497468,41,31,0.351296512910064,824.17411144317,-2.41063491476033,54.2511627551557,812,10,10,0,37,17,20,4,4,0,0,-13,7,819,427,813,1.9,3,6,"Nord-ovest",2,"Valle d'Aosta/Vallée d'Aoste","Valle d'Aosta/Vallée d'Aoste",0,23.7003058103976,NA,43.9024390243902,74.9019607843137,23.1372549019608,NA,NA,NA,NA,NA,80.1961986511343,15.8185162477008,122.624156958921,122.624156958921,0,NA,NA,23359.7310126582,27.2727272727273,NA,253.380748007357,0.868161369325442,NA,NA,NA,23.7003058103976,"Winter",1627777,1774440,9.0259366489779,14.2192869075889
5222,7041,"La Thuile","la thuile",2020-02-01,2020,2,"2020-02","Valdigne-Mont-Blanc","Febbraio",45437,8581,30,2956,820,1304592,41,31,0.823393511339832,821.224812864945,-1.33223650720338,50.0856529967164,812,10,10,0,37,17,20,4,4,0,0,-13,7,819,427,813,1.9,3,6,"Nord-ovest",2,"Valle d'Aosta/Vallée d'Aoste","Valle d'Aosta/Vallée d'Aoste",0,23.7003058103976,NA,43.9024390243902,74.9019607843137,23.1372549019608,NA,NA,NA,NA,NA,80.1961986511343,15.8185162477008,122.624156958921,122.624156958921,0,NA,NA,23359.7310126582,27.2727272727273,NA,253.380748007357,0.868161369325442,NA,NA,NA,23.7003058103976,"Winter",1497468,1297334,9.05742226555147,14.0814016727004
5223,7041,"La Thuile","la thuile",2020-03-01,2020,3,"2020-03","Valdigne-Mont-Blanc","Marzo",5053,1301,30,2956,820,756929,41,31,0.649037223391107,819.776729465612,-1.81696266785861,58.4846503686286,812,10,10,0,37,17,20,4,4,0,0,-13,7,819,427,813,1.9,3,6,"Nord-ovest",2,"Valle d'Aosta/Vallée d'Aoste","Valle d'Aosta/Vallée d'Aoste",0,23.7003058103976,NA,43.9024390243902,74.9019607843137,23.1372549019608,NA,NA,NA,NA,NA,80.1961986511343,15.8185162477008,122.624156958921,122.624156958921,0,NA,NA,23359.7310126582,27.2727272727273,NA,253.380748007357,0.868161369325442,NA,NA,NA,23.7003058103976,"Spring",1304592,1352122,7.17165682276851,13.5370260578665
5224,7041,"La Thuile","la thuile",2020-04-01,2020,4,"2020-04","Valdigne-Mont-Blanc","Aprile",0,0,30,2956,820,440758,41,31,0.624150026567597,821.561803309483,4.31909228616114,48.3769472768878,812,10,10,0,37,17,20,4,4,0,0,-13,7,819,427,813,1.9,3,6,"Nord-ovest",2,"Valle d'Aosta/Vallée d'Aoste","Valle d'Aosta/Vallée d'Aoste",0,23.7003058103976,NA,43.9024390243902,74.9019607843137,23.1372549019608,NA,NA,NA,NA,NA,80.1961986511343,15.8185162477008,122.624156958921,122.624156958921,0,NA,NA,23359.7310126582,27.2727272727273,NA,253.380748007357,0.868161369325442,NA,NA,NA,23.7003058103976,"Spring",756929,1003915,0,12.9962535197907
5225,7041,"La Thuile","la thuile",2020-05-01,2020,5,"2020-05","Valdigne-Mont-Blanc","Maggio",0,0,30,2956,820,412401,41,31,1.75220287464032,831.041932018205,7.49924376257121,63.874218524161,812,10,10,0,37,17,20,4,4,0,0,-13,7,819,427,813,1.9,3,6,"Nord-ovest",2,"Valle d'Aosta/Vallée d'Aoste","Valle d'Aosta/Vallée d'Aoste",0,23.7003058103976,NA,43.9024390243902,74.9019607843137,23.1372549019608,NA,NA,NA,NA,NA,80.1961986511343,15.8185162477008,122.624156958921,122.624156958921,0,NA,NA,23359.7310126582,27.2727272727273,NA,253.380748007357,0.868161369325442,NA,NA,NA,23.7003058103976,"Spring",440758,446773,0,12.9297538807737
5226,7041,"La Thuile","la thuile",2020-06-01,2020,6,"2020-06","Valdigne-Mont-Blanc","Giugno",576,339,30,2956,820,363180,41,31,1.37911228922062,827.998748019149,9.07987102911854,70.3409530959349,812,10,10,0,37,17,20,4,4,0,0,-13,7,819,427,813,1.9,3,6,"Nord-ovest",2,"Valle d'Aosta/Vallée d'Aoste","Valle d'Aosta/Vallée d'Aoste",0,23.7003058103976,NA,43.9024390243902,74.9019607843137,23.1372549019608,NA,NA,NA,NA,NA,80.1961986511343,15.8185162477008,122.624156958921,122.624156958921,0,NA,NA,23359.7310126582,27.2727272727273,NA,253.380748007357,0.868161369325442,NA,NA,NA,23.7003058103976,"Summer",412401,412103,5.82894561761021,12.8026566115656
5227,7041,"La Thuile","la thuile",2020-07-01,2020,7,"2020-07","Valdigne-Mont-Blanc","Luglio",6304,3200,30,2956,820,524390,41,31,0.486837694840778,857.289826306449,14.3953086148244,56.6199219498079,812,10,10,0,37,17,20,4,4,0,0,-13,7,819,427,813,1.9,3,6,"Nord-ovest",2,"Valle d'Aosta/Vallée d'Aoste","Valle d'Aosta/Vallée d'Aoste",0,23.7003058103976,NA,43.9024390243902,74.9019607843137,23.1372549019608,NA,NA,NA,NA,NA,80.1961986511343,15.8185162477008,122.624156958921,122.624156958921,0,NA,NA,23359.7310126582,27.2727272727273,NA,253.380748007357,0.868161369325442,NA,NA,NA,23.7003058103976,"Summer",363180,572761,8.07121853996986,13.169992868253
5228,7041,"La Thuile","la thuile",2020-08-01,2020,8,"2020-08","Valdigne-Mont-Blanc","Agosto",16856,8463,30,2956,820,606868,41,31,1.240954160252,846.817154221077,14.3393812543958,60.6942825239021,812,10,10,0,37,17,20,4,4,0,0,-13,7,819,427,813,1.9,3,6,"Nord-ovest",2,"Valle d'Aosta/Vallée d'Aoste","Valle d'Aosta/Vallée d'Aoste",0,23.7003058103976,NA,43.9024390243902,74.9019607843137,23.1372549019608,NA,NA,NA,NA,NA,80.1961986511343,15.8185162477008,122.624156958921,122.624156958921,0,NA,NA,23359.7310126582,27.2727272727273,NA,253.380748007357,0.868161369325442,NA,NA,NA,23.7003058103976,"Summer",524390,676030,9.04357715409808,13.3160682312641
5229,7041,"La Thuile","la thuile",2020-09-01,2020,9,"2020-09","Valdigne-Mont-Blanc","Settembre",2299,1329,30,2956,820,596482,41,31,1.17886686967618,829.348078862855,10.3085952488448,69.4857043539524,812,10,10,0,37,17,20,4,4,0,0,-13,7,819,427,813,1.9,3,6,"Nord-ovest",2,"Valle d'Aosta/Vallée d'Aoste","Valle d'Aosta/Vallée d'Aoste",0,23.7003058103976,NA,43.9024390243902,74.9019607843137,23.1372549019608,NA,NA,NA,NA,NA,80.1961986511343,15.8185162477008,122.624156958921,122.624156958921,0,NA,NA,23359.7310126582,27.2727272727273,NA,253.380748007357,0.868161369325442,NA,NA,NA,23.7003058103976,"Autumn",606868,561530,7.1929342212158,13.2988060205331
5230,7041,"La Thuile","la thuile",2020-10-01,2020,10,"2020-10","Valdigne-Mont-Blanc","Ottobre",148,106,30,2956,820,539077,41,31,1.41064479301392,826.723947606002,4.85044328338424,68.9944949874115,812,10,10,0,37,17,20,4,4,0,0,-13,7,819,427,813,1.9,3,6,"Nord-ovest",2,"Valle d'Aosta/Vallée d'Aoste","Valle d'Aosta/Vallée d'Aoste",0,23.7003058103976,NA,43.9024390243902,74.9019607843137,23.1372549019608,NA,NA,NA,NA,NA,80.1961986511343,15.8185162477008,122.624156958921,122.624156958921,0,NA,NA,23359.7310126582,27.2727272727273,NA,253.380748007357,0.868161369325442,NA,NA,NA,23.7003058103976,"Autumn",596482,579955,4.67282883446191,13.1976155518517
5231,7041,"La Thuile","la thuile",2020-11-01,2020,11,"2020-11","Valdigne-Mont-Blanc","Novembre",28,15,30,2956,820,886085,41,31,0.179914620095851,835.704991778851,3.4128923889465,58.9396910105838,812,10,10,0,37,17,20,4,4,0,0,-13,7,819,427,813,1.9,3,6,"Nord-ovest",2,"Valle d'Aosta/Vallée d'Aoste","Valle d'Aosta/Vallée d'Aoste",0,23.7003058103976,NA,43.9024390243902,74.9019607843137,23.1372549019608,NA,NA,NA,NA,NA,80.1961986511343,15.8185162477008,122.624156958921,122.624156958921,0,NA,NA,23359.7310126582,27.2727272727273,NA,253.380748007357,0.868161369325442,NA,NA,NA,23.7003058103976,"Autumn",539077,1189241,2.77258872223978,13.6945692903394
5232,7041,"La Thuile","la thuile",2020-12-01,2020,12,"2020-12","Valdigne-Mont-Blanc","Dicembre",43,25,30,2956,820,1660099,41,31,0.981211589885564,812.884070119313,-3.16558585683651,70.7876136205712,812,10,10,0,37,17,20,4,4,0,0,-13,7,819,427,813,1.9,3,6,"Nord-ovest",2,"Valle d'Aosta/Vallée d'Aoste","Valle d'Aosta/Vallée d'Aoste",0,23.7003058103976,NA,43.9024390243902,74.9019607843137,23.1372549019608,NA,NA,NA,NA,NA,80.1961986511343,15.8185162477008,122.624156958921,122.624156958921,0,NA,NA,23359.7310126582,27.2727272727273,NA,253.380748007357,0.868161369325442,NA,NA,NA,23.7003058103976,"Winter",886085,1627777,3.25809653802148,14.3223883994822
5233,7041,"La Thuile","la thuile",2021-01-01,2021,1,"2021-01","Valdigne-Mont-Blanc","Gennaio",208,118,31,2947,812,948215,41,31,0.974863496389654,816.769063993968,-4.8639904686862,63.6699341456522,819,6,8,-2,35,36,-1,0,3,-3,0,3,-3,816,432,811,1.9,2,5,"Nord-ovest",2,"Valle d'Aosta/Vallée d'Aoste","Valle d'Aosta/Vallée d'Aoste",0,22.5505443234837,NA,36.3636363636364,76.953125,28.515625,NA,NA,2.44648318042813,100,0,78.6544342507645,16.5137614678899,122.324159021407,0,0,NA,NA,22352.4470774092,32.5652841781874,0.170273629722965,313.384709480122,0.87107972352687,10.0543684901775,44.9535745982521,49.5118549511855,22.5505443234837,"Winter",1660099,1497468,4.77912349311153,13.762337603385
5234,7041,"La Thuile","la thuile",2021-02-01,2021,2,"2021-02","Valdigne-Mont-Blanc","Febbraio",392,242,31,2947,812,656675,41,31,0.670956163084991,767.768536288461,-1.20842251625176,60.1381536425605,819,6,8,-2,35,36,-1,0,3,-3,0,3,-3,816,432,811,1.9,2,5,"Nord-ovest",2,"Valle d'Aosta/Vallée d'Aoste","Valle d'Aosta/Vallée d'Aoste",0,22.5505443234837,NA,36.3636363636364,76.953125,28.515625,NA,NA,2.44648318042813,100,0,78.6544342507645,16.5137614678899,122.324159021407,0,0,NA,NA,22352.4470774092,32.5652841781874,0.170273629722965,313.384709480122,0.87107972352687,10.0543684901775,44.9535745982521,49.5118549511855,22.5505443234837,"Winter",948215,1304592,5.49306144334055,13.394946025143
5235,7041,"La Thuile","la thuile",2021-03-01,2021,3,"2021-03","Valdigne-Mont-Blanc","Marzo",190,86,31,2947,812,627532,41,31,0.251383444929,792.29993167276,-0.294056374279775,47.7151072092058,819,6,8,-2,35,36,-1,0,3,-3,0,3,-3,816,432,811,1.9,2,5,"Nord-ovest",2,"Valle d'Aosta/Vallée d'Aoste","Valle d'Aosta/Vallée d'Aoste",0,22.5505443234837,NA,36.3636363636364,76.953125,28.515625,NA,NA,2.44648318042813,100,0,78.6544342507645,16.5137614678899,122.324159021407,0,0,NA,NA,22352.4470774092,32.5652841781874,0.170273629722965,313.384709480122,0.87107972352687,10.0543684901775,44.9535745982521,49.5118549511855,22.5505443234837,"Spring",656675,756929,4.46590811865458,13.3495515382467
5236,7041,"La Thuile","la thuile",2021-04-01,2021,4,"2021-04","Valdigne-Mont-Blanc","Aprile",38,18,31,2947,812,476725,41,31,1.49778162947557,829.354948177499,0.0176258263748009,55.1830232071566,819,6,8,-2,35,36,-1,0,3,-3,0,3,-3,816,432,811,1.9,2,5,"Nord-ovest",2,"Valle d'Aosta/Vallée d'Aoste","Valle d'Aosta/Vallée d'Aoste",0,22.5505443234837,NA,36.3636363636364,76.953125,28.515625,NA,NA,2.44648318042813,100,0,78.6544342507645,16.5137614678899,122.324159021407,0,0,NA,NA,22352.4470774092,32.5652841781874,0.170273629722965,313.384709480122,0.87107972352687,10.0543684901775,44.9535745982521,49.5118549511855,22.5505443234837,"Spring",627532,440758,2.94443897916644,13.074697181346
5237,7041,"La Thuile","la thuile",2021-05-01,2021,5,"2021-05","Valdigne-Mont-Blanc","Maggio",262,136,31,2947,812,452967,41,31,2.34536250902892,852.291656270498,2.77420554808488,34.6222825216693,819,6,8,-2,35,36,-1,0,3,-3,0,3,-3,816,432,811,1.9,2,5,"Nord-ovest",2,"Valle d'Aosta/Vallée d'Aoste","Valle d'Aosta/Vallée d'Aoste",0,22.5505443234837,NA,36.3636363636364,76.953125,28.515625,NA,NA,2.44648318042813,100,0,78.6544342507645,16.5137614678899,122.324159021407,0,0,NA,NA,22352.4470774092,32.5652841781874,0.170273629722965,313.384709480122,0.87107972352687,10.0543684901775,44.9535745982521,49.5118549511855,22.5505443234837,"Spring",476725,412401,4.91998092582813,13.0235767617934
5238,7041,"La Thuile","la thuile",2021-06-01,2021,6,"2021-06","Valdigne-Mont-Blanc","Giugno",2232,1182,31,2947,812,423697,41,31,1.28166470190628,850.5709382451,10.7202897793845,65.7791386264726,819,6,8,-2,35,36,-1,0,3,-3,0,3,-3,816,432,811,1.9,2,5,"Nord-ovest",2,"Valle d'Aosta/Vallée d'Aoste","Valle d'Aosta/Vallée d'Aoste",0,22.5505443234837,NA,36.3636363636364,76.953125,28.515625,NA,NA,2.44648318042813,100,0,78.6544342507645,16.5137614678899,122.324159021407,0,0,NA,NA,22352.4470774092,32.5652841781874,0.170273629722965,313.384709480122,0.87107972352687,10.0543684901775,44.9535745982521,49.5118549511855,22.5505443234837,"Summer",452967,363180,7.07580886397839,12.9567762162825
5239,7041,"La Thuile","la thuile",2021-07-01,2021,7,"2021-07","Valdigne-Mont-Blanc","Luglio",19514,6390,31,2947,812,588976,41,31,1.64391829679098,840.895427106948,11.7788805394281,62.9946611347711,819,6,8,-2,35,36,-1,0,3,-3,0,3,-3,816,432,811,1.9,2,5,"Nord-ovest",2,"Valle d'Aosta/Vallée d'Aoste","Valle d'Aosta/Vallée d'Aoste",0,22.5505443234837,NA,36.3636363636364,76.953125,28.515625,NA,NA,2.44648318042813,100,0,78.6544342507645,16.5137614678899,122.324159021407,0,0,NA,NA,22352.4470774092,32.5652841781874,0.170273629722965,313.384709480122,0.87107972352687,10.0543684901775,44.9535745982521,49.5118549511855,22.5505443234837,"Summer",423697,524390,8.76264602965028,13.2861424126353
5240,7041,"La Thuile","la thuile",2021-08-01,2021,8,"2021-08","Valdigne-Mont-Blanc","Agosto",28570,6961,31,2947,812,654934,41,31,0.61557767969781,848.250534013319,12.7825812489604,49.3440955350843,819,6,8,-2,35,36,-1,0,3,-3,0,3,-3,816,432,811,1.9,2,5,"Nord-ovest",2,"Valle d'Aosta/Vallée d'Aoste","Valle d'Aosta/Vallée d'Aoste",0,22.5505443234837,NA,36.3636363636364,76.953125,28.515625,NA,NA,2.44648318042813,100,0,78.6544342507645,16.5137614678899,122.324159021407,0,0,NA,NA,22352.4470774092,32.5652841781874,0.170273629722965,313.384709480122,0.87107972352687,10.0543684901775,44.9535745982521,49.5118549511855,22.5505443234837,"Summer",588976,606868,8.84822206837138,13.3922912730519
5241,7041,"La Thuile","la thuile",2021-09-01,2021,9,"2021-09","Valdigne-Mont-Blanc","Settembre",3534,1845,31,2947,812,543982,41,31,1.00912849364338,843.858745624688,10.7942653513595,72.6178091637727,819,6,8,-2,35,36,-1,0,3,-3,0,3,-3,816,432,811,1.9,2,5,"Nord-ovest",2,"Valle d'Aosta/Vallée d'Aoste","Valle d'Aosta/Vallée d'Aoste",0,22.5505443234837,NA,36.3636363636364,76.953125,28.515625,NA,NA,2.44648318042813,100,0,78.6544342507645,16.5137614678899,122.324159021407,0,0,NA,NA,22352.4470774092,32.5652841781874,0.170273629722965,313.384709480122,0.87107972352687,10.0543684901775,44.9535745982521,49.5118549511855,22.5505443234837,"Autumn",654934,596482,7.5207764150628,13.2066732753498
5242,7041,"La Thuile","la thuile",2021-10-01,2021,10,"2021-10","Valdigne-Mont-Blanc","Ottobre",593,396,31,2947,812,565573,41,31,1.01480873311654,834.066640228535,5.90407569670062,63.5961173927292,819,6,8,-2,35,36,-1,0,3,-3,0,3,-3,816,432,811,1.9,2,5,"Nord-ovest",2,"Valle d'Aosta/Vallée d'Aoste","Valle d'Aosta/Vallée d'Aoste",0,22.5505443234837,NA,36.3636363636364,76.953125,28.515625,NA,NA,2.44648318042813,100,0,78.6544342507645,16.5137614678899,122.324159021407,0,0,NA,NA,22352.4470774092,32.5652841781874,0.170273629722965,313.384709480122,0.87107972352687,10.0543684901775,44.9535745982521,49.5118549511855,22.5505443234837,"Autumn",543982,539077,5.98393628068719,13.2455964236253
5243,7041,"La Thuile","la thuile",2021-11-01,2021,11,"2021-11","Valdigne-Mont-Blanc","Novembre",533,340,31,2947,812,1145133,41,31,0.427014197214264,817.194036998935,0.980459611102785,64.6728553800211,819,6,8,-2,35,36,-1,0,3,-3,0,3,-3,816,432,811,1.9,2,5,"Nord-ovest",2,"Valle d'Aosta/Vallée d'Aoste","Valle d'Aosta/Vallée d'Aoste",0,22.5505443234837,NA,36.3636363636364,76.953125,28.515625,NA,NA,2.44648318042813,100,0,78.6544342507645,16.5137614678899,122.324159021407,0,0,NA,NA,22352.4470774092,32.5652841781874,0.170273629722965,313.384709480122,0.87107972352687,10.0543684901775,44.9535745982521,49.5118549511855,22.5505443234837,"Autumn",565573,886085,5.83188247728352,13.9510322186906
5244,7041,"La Thuile","la thuile",2021-12-01,2021,12,"2021-12","Valdigne-Mont-Blanc","Dicembre",15326,4446,31,2947,812,2003505,41,31,1.04017199863659,816.787893018973,-0.125999094860029,55.9414909390646,819,6,8,-2,35,36,-1,0,3,-3,0,3,-3,816,432,811,1.9,2,5,"Nord-ovest",2,"Valle d'Aosta/Vallée d'Aoste","Valle d'Aosta/Vallée d'Aoste",0,22.5505443234837,NA,36.3636363636364,76.953125,28.515625,NA,NA,2.44648318042813,100,0,78.6544342507645,16.5137614678899,122.324159021407,0,0,NA,NA,22352.4470774092,32.5652841781874,0.170273629722965,313.384709480122,0.87107972352687,10.0543684901775,44.9535745982521,49.5118549511855,22.5505443234837,"Winter",1145133,1660099,8.3999849905107,14.510409203813
5245,7041,"La Thuile","la thuile",2022-01-01,2022,1,"2022-01","Valdigne-Mont-Blanc","Gennaio",27459,6204,32,2965,819,1788230,41,31,0.168080390739116,829.358269962064,-0.305679709742724,41.1963899525386,816,4,8,-4,13,40,-27,6,1,5,0,-1,-27,789,429,784,1.8,2,5,"Nord-ovest",2,"Valle d'Aosta/Vallée d'Aoste","Valle d'Aosta/Vallée d'Aoste",0,21.7252396166134,NA,42.8571428571429,77.1784232365145,27.3858921161826,NA,NA,NA,NA,NA,78.006230529595,18.1931464174455,124.610591900312,124.610591900312,3.73831775700935,NA,NA,28232.3306709265,21.1180124223602,NA,NA,0.87,7.81435200618031,47.5311012301135,48.3687943262411,21.7252396166134,"Winter",2003505,948215,8.73311069763871,14.3967374210016
5246,7041,"La Thuile","la thuile",2022-02-01,2022,2,"2022-02","Valdigne-Mont-Blanc","Febbraio",31344,6946,32,2965,819,1337714,41,31,0.270030051172428,845.372498265352,-1.52022370277095,49.8845822021562,816,4,8,-4,13,40,-27,6,1,5,0,-1,-27,789,429,784,1.8,2,5,"Nord-ovest",2,"Valle d'Aosta/Vallée d'Aoste","Valle d'Aosta/Vallée d'Aoste",0,21.7252396166134,NA,42.8571428571429,77.1784232365145,27.3858921161826,NA,NA,NA,NA,NA,78.006230529595,18.1931464174455,124.610591900312,124.610591900312,3.73831775700935,NA,NA,28232.3306709265,21.1180124223602,NA,NA,0.87,7.81435200618031,47.5311012301135,48.3687943262411,21.7252396166134,"Winter",1788230,656675,8.84606519069288,14.1064734924973
5247,7041,"La Thuile","la thuile",2022-03-01,2022,3,"2022-03","Valdigne-Mont-Blanc","Marzo",27362,5251,32,2965,819,1439817,41,31,0.417513126694847,833.519745167662,-0.70068851729581,53.3032514516399,816,4,8,-4,13,40,-27,6,1,5,0,-1,-27,789,429,784,1.8,2,5,"Nord-ovest",2,"Valle d'Aosta/Vallée d'Aoste","Valle d'Aosta/Vallée d'Aoste",0,21.7252396166134,NA,42.8571428571429,77.1784232365145,27.3858921161826,NA,NA,NA,NA,NA,78.006230529595,18.1931464174455,124.610591900312,124.610591900312,3.73831775700935,NA,NA,28232.3306709265,21.1180124223602,NA,NA,0.87,7.81435200618031,47.5311012301135,48.3687943262411,21.7252396166134,"Spring",1337714,627532,8.56636423542269,14.1800272746755
5248,7041,"La Thuile","la thuile",2022-04-01,2022,4,"2022-04","Valdigne-Mont-Blanc","Aprile",6806,1417,32,2965,819,863486,41,31,0.588269757650393,817.365315838975,2.84785792782689,43.4426747979434,816,4,8,-4,13,40,-27,6,1,5,0,-1,-27,789,429,784,1.8,2,5,"Nord-ovest",2,"Valle d'Aosta/Vallée d'Aoste","Valle d'Aosta/Vallée d'Aoste",0,21.7252396166134,NA,42.8571428571429,77.1784232365145,27.3858921161826,NA,NA,NA,NA,NA,78.006230529595,18.1931464174455,124.610591900312,124.610591900312,3.73831775700935,NA,NA,28232.3306709265,21.1180124223602,NA,NA,0.87,7.81435200618031,47.5311012301135,48.3687943262411,21.7252396166134,"Spring",1439817,476725,7.25700270709207,13.6687341214469
5249,7041,"La Thuile","la thuile",2022-05-01,2022,5,"2022-05","Valdigne-Mont-Blanc","Maggio",191,132,32,2965,819,407161,41,31,0.759748605391652,826.487417806994,9.03322941809788,63.96547586507,816,4,8,-4,13,40,-27,6,1,5,0,-1,-27,789,429,784,1.8,2,5,"Nord-ovest",2,"Valle d'Aosta/Vallée d'Aoste","Valle d'Aosta/Vallée d'Aoste",0,21.7252396166134,NA,42.8571428571429,77.1784232365145,27.3858921161826,NA,NA,NA,NA,NA,78.006230529595,18.1931464174455,124.610591900312,124.610591900312,3.73831775700935,NA,NA,28232.3306709265,21.1180124223602,NA,NA,0.87,7.81435200618031,47.5311012301135,48.3687943262411,21.7252396166134,"Spring",863486,452967,4.89034912822175,12.9169664196281
5250,7041,"La Thuile","la thuile",2022-06-01,2022,6,"2022-06","Valdigne-Mont-Blanc","Giugno",8872,3949,32,2965,819,410150,41,31,1.35729666432359,829.926587381236,12.7373415563777,66.2579500952369,816,4,8,-4,13,40,-27,6,1,5,0,-1,-27,789,429,784,1.8,2,5,"Nord-ovest",2,"Valle d'Aosta/Vallée d'Aoste","Valle d'Aosta/Vallée d'Aoste",0,21.7252396166134,NA,42.8571428571429,77.1784232365145,27.3858921161826,NA,NA,NA,NA,NA,78.006230529595,18.1931464174455,124.610591900312,124.610591900312,3.73831775700935,NA,NA,28232.3306709265,21.1180124223602,NA,NA,0.87,7.81435200618031,47.5311012301135,48.3687943262411,21.7252396166134,"Summer",407161,423697,8.28147085789517,12.9242806635603
5251,7041,"La Thuile","la thuile",2022-07-01,2022,7,"2022-07","Valdigne-Mont-Blanc","Luglio",37848,11743,32,2965,819,593874,41,31,0.560282107554165,841.153205039036,17.1703775748254,55.5059200455636,816,4,8,-4,13,40,-27,6,1,5,0,-1,-27,789,429,784,1.8,2,5,"Nord-ovest",2,"Valle d'Aosta/Vallée d'Aoste","Valle d'Aosta/Vallée d'Aoste",0,21.7252396166134,NA,42.8571428571429,77.1784232365145,27.3858921161826,NA,NA,NA,NA,NA,78.006230529595,18.1931464174455,124.610591900312,124.610591900312,3.73831775700935,NA,NA,28232.3306709265,21.1180124223602,NA,NA,0.87,7.81435200618031,47.5311012301135,48.3687943262411,21.7252396166134,"Summer",410150,588976,9.3710977508543,13.2944241384892
5252,7041,"La Thuile","la thuile",2022-08-01,2022,8,"2022-08","Valdigne-Mont-Blanc","Agosto",40547,9896,32,2965,819,633714,41,31,0.551528978926891,842.88541714927,15.1906591626245,62.2331239324705,816,4,8,-4,13,40,-27,6,1,5,0,-1,-27,789,429,784,1.8,2,5,"Nord-ovest",2,"Valle d'Aosta/Vallée d'Aoste","Valle d'Aosta/Vallée d'Aoste",0,21.7252396166134,NA,42.8571428571429,77.1784232365145,27.3858921161826,NA,NA,NA,NA,NA,78.006230529595,18.1931464174455,124.610591900312,124.610591900312,3.73831775700935,NA,NA,28232.3306709265,21.1180124223602,NA,NA,0.87,7.81435200618031,47.5311012301135,48.3687943262411,21.7252396166134,"Summer",593874,654934,9.19998695989669,13.359354605538
5253,7041,"La Thuile","la thuile",2022-09-01,2022,9,"2022-09","Valdigne-Mont-Blanc","Settembre",7970,3088,32,2965,819,708658,41,31,1.15049544005851,827.549281878443,8.65790455117733,65.418505268818,816,4,8,-4,13,40,-27,6,1,5,0,-1,-27,789,429,784,1.8,2,5,"Nord-ovest",2,"Valle d'Aosta/Vallée d'Aoste","Valle d'Aosta/Vallée d'Aoste",0,21.7252396166134,NA,42.8571428571429,77.1784232365145,27.3858921161826,NA,NA,NA,NA,NA,78.006230529595,18.1931464174455,124.610591900312,124.610591900312,3.73831775700935,NA,NA,28232.3306709265,21.1180124223602,NA,NA,0.87,7.81435200618031,47.5311012301135,48.3687943262411,21.7252396166134,"Autumn",633714,543982,8.03560269291858,13.471129730719
5254,7041,"La Thuile","la thuile",2022-10-01,2022,10,"2022-10","Valdigne-Mont-Blanc","Ottobre",3974,1150,32,2965,819,468157,41,31,0.725153746524759,827.406382852244,8.6088278826027,67.7327482503722,816,4,8,-4,13,40,-27,6,1,5,0,-1,-27,789,429,784,1.8,2,5,"Nord-ovest",2,"Valle d'Aosta/Vallée d'Aoste","Valle d'Aosta/Vallée d'Aoste",0,21.7252396166134,NA,42.8571428571429,77.1784232365145,27.3858921161826,NA,NA,NA,NA,NA,78.006230529595,18.1931464174455,124.610591900312,124.610591900312,3.73831775700935,NA,NA,28232.3306709265,21.1180124223602,NA,NA,0.87,7.81435200618031,47.5311012301135,48.3687943262411,21.7252396166134,"Autumn",708658,565573,7.04838640872188,13.056561124761
5255,7041,"La Thuile","la thuile",2022-11-01,2022,11,"2022-11","Valdigne-Mont-Blanc","Novembre",393,273,32,2965,819,1171330,41,31,1.55384730831393,818.944203288846,1.7361901030768,64.7829863145568,816,4,8,-4,13,40,-27,6,1,5,0,-1,-27,789,429,784,1.8,2,5,"Nord-ovest",2,"Valle d'Aosta/Vallée d'Aoste","Valle d'Aosta/Vallée d'Aoste",0,21.7252396166134,NA,42.8571428571429,77.1784232365145,27.3858921161826,NA,NA,NA,NA,NA,78.006230529595,18.1931464174455,124.610591900312,124.610591900312,3.73831775700935,NA,NA,28232.3306709265,21.1180124223602,NA,NA,0.87,7.81435200618031,47.5311012301135,48.3687943262411,21.7252396166134,"Autumn",468157,1145133,5.61312810638807,13.9736512670272
5256,7041,"La Thuile","la thuile",2022-12-01,2022,12,"2022-12","Valdigne-Mont-Blanc","Dicembre",17550,4977,32,2965,819,1908472,41,31,1.38537448708338,824.198939819244,-1.4184799974484,64.7928666326188,816,4,8,-4,13,40,-27,6,1,5,0,-1,-27,789,429,784,1.8,2,5,"Nord-ovest",2,"Valle d'Aosta/Vallée d'Aoste","Valle d'Aosta/Vallée d'Aoste",0,21.7252396166134,NA,42.8571428571429,77.1784232365145,27.3858921161826,NA,NA,NA,NA,NA,78.006230529595,18.1931464174455,124.610591900312,124.610591900312,3.73831775700935,NA,NA,28232.3306709265,21.1180124223602,NA,NA,0.87,7.81435200618031,47.5311012301135,48.3687943262411,21.7252396166134,"Winter",1171330,2003505,8.51278348292754,14.4618140038313
5257,7041,"La Thuile","la thuile",2023-01-01,2023,1,"2023-01","Valdigne-Mont-Blanc","Gennaio",37062,8615,32,2969,816,1638360,41,31,0.722669192779212,822.315900064408,-3.47459475953466,58.7073272671121,789,6,5,1,16,30,-14,3,3,0,0,0,-13,776,427,774,1.8,1,2,NA,NA,NA,NA,NA,NA,NA,NA,NA,NA,NA,NA,NA,NA,NA,NA,NA,NA,NA,NA,NA,NA,NA,NA,NA,NA,NA,NA,NA,NA,NA,"Winter",1908472,1788230,9.06137621883622,14.3092069098331
5258,7041,"La Thuile","la thuile",2023-02-01,2023,2,"2023-02","Valdigne-Mont-Blanc","Febbraio",42072,8252,32,2969,816,1411804,41,31,0.104114689241572,827.904667482162,-0.742446138763491,50.6500145788556,789,6,5,1,16,30,-14,3,3,0,0,0,-13,776,427,774,1.8,1,2,NA,NA,NA,NA,NA,NA,NA,NA,NA,NA,NA,NA,NA,NA,NA,NA,NA,NA,NA,NA,NA,NA,NA,NA,NA,NA,NA,NA,NA,NA,NA,"Winter",1638360,1337714,9.01833204959268,14.1603795855154
5259,7041,"La Thuile","la thuile",2023-03-01,2023,3,"2023-03","Valdigne-Mont-Blanc","Marzo",31567,5961,32,2969,816,1306159,41,31,1.46740011874335,824.773880759506,0.471788574311389,49.5431983396873,789,6,5,1,16,30,-14,3,3,0,0,0,-13,776,427,774,1.8,1,2,NA,NA,NA,NA,NA,NA,NA,NA,NA,NA,NA,NA,NA,NA,NA,NA,NA,NA,NA,NA,NA,NA,NA,NA,NA,NA,NA,NA,NA,NA,NA,"Spring",1411804,1439817,8.69316127423802,14.0826020928
5260,7041,"La Thuile","la thuile",2023-04-01,2023,4,"2023-04","Valdigne-Mont-Blanc","Aprile",10167,2040,32,2969,816,873172,41,31,1.54840916600656,825.648035290981,2.04646626821068,49.8228731177291,789,6,5,1,16,30,-14,3,3,0,0,0,-13,776,427,774,1.8,1,2,NA,NA,NA,NA,NA,NA,NA,NA,NA,NA,NA,NA,NA,NA,NA,NA,NA,NA,NA,NA,NA,NA,NA,NA,NA,NA,NA,NA,NA,NA,NA,"Spring",1306159,863486,7.62119516280984,13.6798889824286
5261,7041,"La Thuile","la thuile",2023-05-01,2023,5,"2023-05","Valdigne-Mont-Blanc","Maggio",128,54,32,2969,816,447667,41,31,1.74549017509226,842.737342993721,6.68860565561719,65.0713928096919,789,6,5,1,16,30,-14,3,3,0,0,0,-13,776,427,774,1.8,1,2,NA,NA,NA,NA,NA,NA,NA,NA,NA,NA,NA,NA,NA,NA,NA,NA,NA,NA,NA,NA,NA,NA,NA,NA,NA,NA,NA,NA,NA,NA,NA,"Spring",873172,407161,4.00733318523247,13.0118071652394
5262,7041,"La Thuile","la thuile",2023-06-01,2023,6,"2023-06","Valdigne-Mont-Blanc","Giugno",11326,4979,32,2969,816,429983,41,31,1.2654957201787,847.782119995684,11.4215962571179,62.400077915604,789,6,5,1,16,30,-14,3,3,0,0,0,-13,776,427,774,1.8,1,2,NA,NA,NA,NA,NA,NA,NA,NA,NA,NA,NA,NA,NA,NA,NA,NA,NA,NA,NA,NA,NA,NA,NA,NA,NA,NA,NA,NA,NA,NA,NA,"Summer",447667,410150,8.5131851700187,12.9715032776751
5263,7041,"La Thuile","la thuile",2023-07-01,2023,7,"2023-07","Valdigne-Mont-Blanc","Luglio",41595,11128,32,2969,816,625161,41,31,0.946584388679054,837.947162128201,15.3894043766804,53.1570920920308,789,6,5,1,16,30,-14,3,3,0,0,0,-13,776,427,774,1.8,1,2,NA,NA,NA,NA,NA,NA,NA,NA,NA,NA,NA,NA,NA,NA,NA,NA,NA,NA,NA,NA,NA,NA,NA,NA,NA,NA,NA,NA,NA,NA,NA,"Summer",429983,593874,9.31730959297342,13.345766095132
5264,7041,"La Thuile","la thuile",2023-08-01,2023,8,"2023-08","Valdigne-Mont-Blanc","Agosto",56522,13513,32,2969,816,670073,41,31,1.75042601444569,855.466699821681,14.7593252045608,57.3949365196369,789,6,5,1,16,30,-14,3,3,0,0,0,-13,776,427,774,1.8,1,2,NA,NA,NA,NA,NA,NA,NA,NA,NA,NA,NA,NA,NA,NA,NA,NA,NA,NA,NA,NA,NA,NA,NA,NA,NA,NA,NA,NA,NA,NA,NA,"Summer",625161,633714,9.51148146411212,13.4151434330294
5265,7041,"La Thuile","la thuile",2023-09-01,2023,9,"2023-09","Valdigne-Mont-Blanc","Settembre",3309,1466,32,2969,816,496793,41,31,0.939962382783798,824.232362916864,12.4169904640568,55.6873574690661,789,6,5,1,16,30,-14,3,3,0,0,0,-13,776,427,774,1.8,1,2,NA,NA,NA,NA,NA,NA,NA,NA,NA,NA,NA,NA,NA,NA,NA,NA,NA,NA,NA,NA,NA,NA,NA,NA,NA,NA,NA,NA,NA,NA,NA,"Autumn",670073,708658,7.29097477814298,13.1159307322338
5266,7041,"La Thuile","la thuile",2023-10-01,2023,10,"2023-10","Valdigne-Mont-Blanc","Ottobre",258,172,32,2969,816,1611645,41,31,1.56950174674697,827.010302768264,8.48085994829669,50.398903049204,789,6,5,1,16,30,-14,3,3,0,0,0,-13,776,427,774,1.8,1,2,NA,NA,NA,NA,NA,NA,NA,NA,NA,NA,NA,NA,NA,NA,NA,NA,NA,NA,NA,NA,NA,NA,NA,NA,NA,NA,NA,NA,NA,NA,NA,"Autumn",496793,468157,5.15329159449778,14.2927665749548
5267,7041,"La Thuile","la thuile",2023-11-01,2023,11,"2023-11","Valdigne-Mont-Blanc","Novembre",251,216,32,2969,816,2051446,41,31,2.24859136618735,821.858346435766,0.345674337065908,42.8644666479259,789,6,5,1,16,30,-14,3,3,0,0,0,-13,776,427,774,1.8,1,2,NA,NA,NA,NA,NA,NA,NA,NA,NA,NA,NA,NA,NA,NA,NA,NA,NA,NA,NA,NA,NA,NA,NA,NA,NA,NA,NA,NA,NA,NA,NA,"Autumn",1611645,1171330,5.37989735354046,14.5340559557756
5268,7041,"La Thuile","la thuile",2023-12-01,2023,12,"2023-12","Valdigne-Mont-Blanc","Dicembre",21159,6249,32,2969,816,NA,41,31,2.02851537257632,824.623694353232,-0.408919518437452,48.5631198731657,789,6,5,1,16,30,-14,3,3,0,0,0,-13,776,427,774,1.8,1,2,NA,NA,NA,NA,NA,NA,NA,NA,NA,NA,NA,NA,NA,NA,NA,NA,NA,NA,NA,NA,NA,NA,NA,NA,NA,NA,NA,NA,NA,NA,NA,"Winter",2051446,1908472,8.74033674273045,NA
5269,7041,"La Thuile","la thuile",2024-01-01,2024,1,"2024-01","Valdigne-Mont-Blanc","Gennaio",38882,8112,31,3076,789,2714581,41,31,0.812105674792555,820.241148539905,-0.295459731075181,54.5452822937544,776,5,7,-2,27,32,-5,8,0,8,0,-3,-2,774,425,773,1.8,1,1,NA,NA,NA,NA,NA,NA,NA,NA,NA,NA,NA,NA,NA,NA,NA,NA,NA,NA,NA,NA,NA,NA,NA,NA,NA,NA,NA,NA,NA,NA,NA,"Winter",-269056,1638360,9.00122299239506,14.8141485400128
5270,7041,"La Thuile","la thuile",2024-02-01,2024,2,"2024-02","Valdigne-Mont-Blanc","Febbraio",45863,8329,31,3076,789,340847,41,31,1.19479726827697,817.958509697608,0.827439358457188,61.0547030757071,776,5,7,-2,27,32,-5,8,0,8,0,-3,-2,774,425,773,1.8,1,1,NA,NA,NA,NA,NA,NA,NA,NA,NA,NA,NA,NA,NA,NA,NA,NA,NA,NA,NA,NA,NA,NA,NA,NA,NA,NA,NA,NA,NA,NA,NA,"Winter",2714581,1411804,9.02761873516089,12.73919190909
5271,7041,"La Thuile","la thuile",2024-03-01,2024,3,"2024-03","Valdigne-Mont-Blanc","Marzo",39812,8807,31,3076,789,1301558,41,31,3.34215322990393,818.523701080943,0.359818094264347,68.475834750389,776,5,7,-2,27,32,-5,8,0,8,0,-3,-2,774,425,773,1.8,1,1,NA,NA,NA,NA,NA,NA,NA,NA,NA,NA,NA,NA,NA,NA,NA,NA,NA,NA,NA,NA,NA,NA,NA,NA,NA,NA,NA,NA,NA,NA,NA,"Spring",340847,1306159,9.08341567840252,14.0790733346982
5272,7041,"La Thuile","la thuile",2024-04-01,2024,4,"2024-04","Valdigne-Mont-Blanc","Aprile",8822,938,31,3076,789,819706,41,31,1.78199595602357,835.006915724733,2.3310241631195,56.5669606640762,776,5,7,-2,27,32,-5,8,0,8,0,-3,-2,774,425,773,1.8,1,1,NA,NA,NA,NA,NA,NA,NA,NA,NA,NA,NA,NA,NA,NA,NA,NA,NA,NA,NA,NA,NA,NA,NA,NA,NA,NA,NA,NA,NA,NA,NA,"Spring",1301558,873172,6.84481547920826,13.6167022383143
5273,7041,"La Thuile","la thuile",2024-05-01,2024,5,"2024-05","Valdigne-Mont-Blanc","Maggio",41,26,31,3076,789,343571,41,31,3.0899923390344,830.587176183112,5.91512000684936,53.8065553357093,776,5,7,-2,27,32,-5,8,0,8,0,-3,-2,774,425,773,1.8,1,1,NA,NA,NA,NA,NA,NA,NA,NA,NA,NA,NA,NA,NA,NA,NA,NA,NA,NA,NA,NA,NA,NA,NA,NA,NA,NA,NA,NA,NA,NA,NA,"Spring",819706,447667,3.29583686600433,12.747151975667
5274,7041,"La Thuile","la thuile",2024-06-01,2024,6,"2024-06","Valdigne-Mont-Blanc","Giugno",8445,4232,31,3076,789,346893,41,31,1.72584233966107,864.034949153036,10.6125751542402,52.74592044862,776,5,7,-2,27,32,-5,8,0,8,0,-3,-2,774,425,773,1.8,1,1,NA,NA,NA,NA,NA,NA,NA,NA,NA,NA,NA,NA,NA,NA,NA,NA,NA,NA,NA,NA,NA,NA,NA,NA,NA,NA,NA,NA,NA,NA,NA,"Summer",343571,429983,8.35066624052092,12.7567745367575
5275,7041,"La Thuile","la thuile",2024-07-01,2024,7,"2024-07","Valdigne-Mont-Blanc","Luglio",37452,10659,31,3076,789,459486,41,31,0.778646030605093,862.922411257876,15.0357853881741,45.4727827219454,776,5,7,-2,27,32,-5,8,0,8,0,-3,-2,774,425,773,1.8,1,1,NA,NA,NA,NA,NA,NA,NA,NA,NA,NA,NA,NA,NA,NA,NA,NA,NA,NA,NA,NA,NA,NA,NA,NA,NA,NA,NA,NA,NA,NA,NA,"Summer",346893,625161,9.27425369771984,13.0378659287563
5276,7041,"La Thuile","la thuile",2024-08-01,2024,8,"2024-08","Valdigne-Mont-Blanc","Agosto",46229,11056,31,3076,789,500074,41,31,0.593958850565419,847.653436633113,16.4061746145628,62.3507619817098,776,5,7,-2,27,32,-5,8,0,8,0,-3,-2,774,425,773,1.8,1,1,NA,NA,NA,NA,NA,NA,NA,NA,NA,NA,NA,NA,NA,NA,NA,NA,NA,NA,NA,NA,NA,NA,NA,NA,NA,NA,NA,NA,NA,NA,NA,"Summer",459486,670073,9.3108189905424,13.1225133661555
5277,7041,"La Thuile","la thuile",2024-09-01,2024,9,"2024-09","Valdigne-Mont-Blanc","Settembre",12016,3911,31,3076,789,441510,41,31,1.96921701058853,825.836986050313,8.64228554821195,73.6622449941883,776,5,7,-2,27,32,-5,8,0,8,0,-3,-2,774,425,773,1.8,1,1,NA,NA,NA,NA,NA,NA,NA,NA,NA,NA,NA,NA,NA,NA,NA,NA,NA,NA,NA,NA,NA,NA,NA,NA,NA,NA,NA,NA,NA,NA,NA,"Autumn",500074,496793,8.27180403115471,12.9979582137781
5278,7041,"La Thuile","la thuile",2024-10-01,2024,10,"2024-10","Valdigne-Mont-Blanc","Ottobre",454,168,31,3076,789,379029,41,31,3.15756619553776,829.304630164362,6.63377414004823,79.9444130999606,776,5,7,-2,27,32,-5,8,0,8,0,-3,-2,774,425,773,1.8,1,1,NA,NA,NA,NA,NA,NA,NA,NA,NA,NA,NA,NA,NA,NA,NA,NA,NA,NA,NA,NA,NA,NA,NA,NA,NA,NA,NA,NA,NA,NA,NA,"Autumn",441510,1611645,5.12989871492307,12.8453706366047
5279,7041,"La Thuile","la thuile",2024-11-01,2024,11,"2024-11","Valdigne-Mont-Blanc","Novembre",644,427,31,3076,789,731620,41,31,1.49821971350435,832.502067845061,2.93973437242047,55.7824294740579,776,5,7,-2,27,32,-5,8,0,8,0,-3,-2,774,425,773,1.8,1,1,NA,NA,NA,NA,NA,NA,NA,NA,NA,NA,NA,NA,NA,NA,NA,NA,NA,NA,NA,NA,NA,NA,NA,NA,NA,NA,NA,NA,NA,NA,NA,"Autumn",379029,2051446,6.0591231955818,13.5030178992968
5280,7041,"La Thuile","la thuile",2024-12-01,2024,12,"2024-12","Valdigne-Mont-Blanc","Dicembre",24287,6985,31,3076,789,1749003,41,31,0.562750708312851,821.910470251336,-0.368256064051776,48.140406760766,776,5,7,-2,27,32,-5,8,0,8,0,-3,-2,774,425,773,1.8,1,1,NA,NA,NA,NA,NA,NA,NA,NA,NA,NA,NA,NA,NA,NA,NA,NA,NA,NA,NA,NA,NA,NA,NA,NA,NA,NA,NA,NA,NA,NA,NA,"Winter",731620,-269056,8.85166342536678,14.3745570410193
5281,7041,"La Thuile","la thuile",2025-01-01,2025,1,"2025-01","Valdigne-Mont-Blanc","Gennaio",43464,9339,314,4153,789,1584910,41,31,1.72051919754937,818.398696201442,-0.987485776548751,56.2265967291576,NA,NA,NA,NA,NA,NA,NA,NA,NA,NA,NA,NA,NA,NA,NA,NA,NA,NA,NA,NA,NA,NA,NA,NA,NA,NA,NA,NA,NA,NA,NA,NA,NA,NA,NA,NA,NA,NA,NA,NA,NA,NA,NA,NA,NA,NA,NA,NA,NA,NA,"Winter",1749003,2714581,9.14206153122289,14.2760388122974
5282,7041,"La Thuile","la thuile",2025-02-01,2025,2,"2025-02","Valdigne-Mont-Blanc","Febbraio",49622,9258,314,4153,789,1209504,41,31,0.536755654303295,820.621102630092,-0.287766097680344,58.7364324716659,NA,NA,NA,NA,NA,NA,NA,NA,NA,NA,NA,NA,NA,NA,NA,NA,NA,NA,NA,NA,NA,NA,NA,NA,NA,NA,NA,NA,NA,NA,NA,NA,NA,NA,NA,NA,NA,NA,NA,NA,NA,NA,NA,NA,NA,NA,NA,NA,NA,NA,"Winter",1584910,340847,9.13335133044805,14.0057217429633
5283,7041,"La Thuile","la thuile",2025-03-01,2025,3,"2025-03","Valdigne-Mont-Blanc","Marzo",41040,8684,314,4153,789,1267871,41,31,0.766240391090157,817.428279707794,0.280615728111607,63.1014782498157,NA,NA,NA,NA,NA,NA,NA,NA,NA,NA,NA,NA,NA,NA,NA,NA,NA,NA,NA,NA,NA,NA,NA,NA,NA,NA,NA,NA,NA,NA,NA,NA,NA,NA,NA,NA,NA,NA,NA,NA,NA,NA,NA,NA,NA,NA,NA,NA,NA,NA,"Spring",1209504,1301558,9.06935267867521,14.0528504625116
5284,7041,"La Thuile","la thuile",2025-04-01,2025,4,"2025-04","Valdigne-Mont-Blanc","Aprile",13738,2586,314,4153,789,713375,41,31,5.45025873112452,832.533456721689,4.38462532970633,60.2925576516577,NA,NA,NA,NA,NA,NA,NA,NA,NA,NA,NA,NA,NA,NA,NA,NA,NA,NA,NA,NA,NA,NA,NA,NA,NA,NA,NA,NA,NA,NA,NA,NA,NA,NA,NA,NA,NA,NA,NA,NA,NA,NA,NA,NA,NA,NA,NA,NA,NA,NA,"Spring",1267871,819706,7.85825418218603,13.4777639096253
5285,7041,"La Thuile","la thuile",2025-05-01,2025,5,"2025-05","Valdigne-Mont-Blanc","Maggio",184,100,314,4153,789,289520,41,31,1.36479465791631,831.07884998543,7.65743692402352,62.169194635202,NA,NA,NA,NA,NA,NA,NA,NA,NA,NA,NA,NA,NA,NA,NA,NA,NA,NA,NA,NA,NA,NA,NA,NA,NA,NA,NA,NA,NA,NA,NA,NA,NA,NA,NA,NA,NA,NA,NA,NA,NA,NA,NA,NA,NA,NA,NA,NA,NA,NA,"Spring",713375,343571,4.61512051684126,12.5759831122245
5286,7041,"La Thuile","la thuile",2025-06-01,2025,6,"2025-06","Valdigne-Mont-Blanc","Giugno",10423,4587,314,4153,789,332425,41,31,0.837462008010292,852.40204846918,14.4424202403189,62.2056609184051,NA,NA,NA,NA,NA,NA,NA,NA,NA,NA,NA,NA,NA,NA,NA,NA,NA,NA,NA,NA,NA,NA,NA,NA,NA,NA,NA,NA,NA,NA,NA,NA,NA,NA,NA,NA,NA,NA,NA,NA,NA,NA,NA,NA,NA,NA,NA,NA,NA,NA,"Summer",289520,346893,8.43119947824926,12.7141725579177
5287,7041,"La Thuile","la thuile",2025-07-01,2025,7,"2025-07","Valdigne-Mont-Blanc","Luglio",45968,13161,314,4153,789,530067,41,31,0.746015613728054,840.437355539218,13.2841625617687,58.3786929541498,NA,NA,NA,NA,NA,NA,NA,NA,NA,NA,NA,NA,NA,NA,NA,NA,NA,NA,NA,NA,NA,NA,NA,NA,NA,NA,NA,NA,NA,NA,NA,NA,NA,NA,NA,NA,NA,NA,NA,NA,NA,NA,NA,NA,NA,NA,NA,NA,NA,NA,"Summer",332425,459486,9.48508916901606,13.1807605791851
5288,7041,"La Thuile","la thuile",2025-08-01,2025,8,"2025-08","Valdigne-Mont-Blanc","Agosto",49766,12391,314,4153,789,555751,41,31,1.14166694246831,829.789889416164,14.8550553671554,58.9101357363832,NA,NA,NA,NA,NA,NA,NA,NA,NA,NA,NA,NA,NA,NA,NA,NA,NA,NA,NA,NA,NA,NA,NA,NA,NA,NA,NA,NA,NA,NA,NA,NA,NA,NA,NA,NA,NA,NA,NA,NA,NA,NA,NA,NA,NA,NA,NA,NA,NA,NA,"Summer",530067,500074,9.4248063820967,13.2280774305604
5289,7041,"La Thuile","la thuile",2025-09-01,2025,9,"2025-09","Valdigne-Mont-Blanc","Settembre",11689,3693,314,4153,789,345077,41,31,1.29750028299598,843.672943603842,10.3033129199397,67.459408539098,NA,NA,NA,NA,NA,NA,NA,NA,NA,NA,NA,NA,NA,NA,NA,NA,NA,NA,NA,NA,NA,NA,NA,NA,NA,NA,NA,NA,NA,NA,NA,NA,NA,NA,NA,NA,NA,NA,NA,NA,NA,NA,NA,NA,NA,NA,NA,NA,NA,NA,"Autumn",555751,441510,8.21446516075919,12.7515257574162
6580,7052,"Pont-Saint-Martin","pont saint martin",2015-01-01,2015,1,"2015-01","Mont-Rose","Gennaio",749,373,9,188,3918,1643054,NA,NA,NA,NA,NA,NA,NA,NA,NA,NA,NA,NA,NA,NA,NA,NA,NA,NA,NA,NA,NA,NA,NA,NA,NA,"Nord-ovest",2,"Valle d'Aosta/Vallée d'Aoste","Valle d'Aosta/Vallée d'Aoste",0,42.7731673582296,NA,40,NA,NA,NA,NA,1.03909598649175,125,0,75.1266398233537,14.0797506169632,NA,25.9773996622938,0,NA,NA,20386.7163146395,24.2260619150468,29.2567714998437,129.957137290557,17.5657324472696,NA,NA,NA,42.7731673582296,"Winter",91827,102830,5.92425579741453,14.3120678718091
6581,7052,"Pont-Saint-Martin","pont saint martin",2015-02-01,2015,2,"2015-02","Mont-Rose","Febbraio",676,367,9,188,3918,1582308,NA,NA,NA,NA,NA,NA,NA,NA,NA,NA,NA,NA,NA,NA,NA,NA,NA,NA,NA,NA,NA,NA,NA,NA,NA,"Nord-ovest",2,"Valle d'Aosta/Vallée d'Aoste","Valle d'Aosta/Vallée d'Aoste",0,42.7731673582296,NA,40,NA,NA,NA,NA,1.03909598649175,125,0,75.1266398233537,14.0797506169632,NA,25.9773996622938,0,NA,NA,20386.7163146395,24.2260619150468,29.2567714998437,129.957137290557,17.5657324472696,NA,NA,NA,42.7731673582296,"Winter",1643054,117754,5.90808293816893,14.2743957306135
6582,7052,"Pont-Saint-Martin","pont saint martin",2015-03-01,2015,3,"2015-03","Mont-Rose","Marzo",520,342,9,188,3918,1720560,NA,NA,NA,NA,NA,NA,NA,NA,NA,NA,NA,NA,NA,NA,NA,NA,NA,NA,NA,NA,NA,NA,NA,NA,NA,"Nord-ovest",2,"Valle d'Aosta/Vallée d'Aoste","Valle d'Aosta/Vallée d'Aoste",0,42.7731673582296,NA,40,NA,NA,NA,NA,1.03909598649175,125,0,75.1266398233537,14.0797506169632,NA,25.9773996622938,0,NA,NA,20386.7163146395,24.2260619150468,29.2567714998437,129.957137290557,17.5657324472696,NA,NA,NA,42.7731673582296,"Spring",1582308,150580,5.83773044716594,14.3581609584008
6583,7052,"Pont-Saint-Martin","pont saint martin",2015-04-01,2015,4,"2015-04","Mont-Rose","Aprile",510,332,9,188,3918,1639429,NA,NA,NA,NA,NA,NA,NA,NA,NA,NA,NA,NA,NA,NA,NA,NA,NA,NA,NA,NA,NA,NA,NA,NA,NA,"Nord-ovest",2,"Valle d'Aosta/Vallée d'Aoste","Valle d'Aosta/Vallée d'Aoste",0,42.7731673582296,NA,40,NA,NA,NA,NA,1.03909598649175,125,0,75.1266398233537,14.0797506169632,NA,25.9773996622938,0,NA,NA,20386.7163146395,24.2260619150468,29.2567714998437,129.957137290557,17.5657324472696,NA,NA,NA,42.7731673582296,"Spring",1720560,141698,5.80814248998044,14.3098591784115
6584,7052,"Pont-Saint-Martin","pont saint martin",2015-05-01,2015,5,"2015-05","Mont-Rose","Maggio",581,416,9,188,3918,1695400,NA,NA,NA,NA,NA,NA,NA,NA,NA,NA,NA,NA,NA,NA,NA,NA,NA,NA,NA,NA,NA,NA,NA,NA,NA,"Nord-ovest",2,"Valle d'Aosta/Vallée d'Aoste","Valle d'Aosta/Vallée d'Aoste",0,42.7731673582296,NA,40,NA,NA,NA,NA,1.03909598649175,125,0,75.1266398233537,14.0797506169632,NA,25.9773996622938,0,NA,NA,20386.7163146395,24.2260619150468,29.2567714998437,129.957137290557,17.5657324472696,NA,NA,NA,42.7731673582296,"Spring",1639429,112351,6.0330862217988,14.3434298489876
6585,7052,"Pont-Saint-Martin","pont saint martin",2015-06-01,2015,6,"2015-06","Mont-Rose","Giugno",487,331,9,188,3918,1655423,NA,NA,NA,NA,NA,NA,NA,NA,NA,NA,NA,NA,NA,NA,NA,NA,NA,NA,NA,NA,NA,NA,NA,NA,NA,"Nord-ovest",2,"Valle d'Aosta/Vallée d'Aoste","Valle d'Aosta/Vallée d'Aoste",0,42.7731673582296,NA,40,NA,NA,NA,NA,1.03909598649175,125,0,75.1266398233537,14.0797506169632,NA,25.9773996622938,0,NA,NA,20386.7163146395,24.2260619150468,29.2567714998437,129.957137290557,17.5657324472696,NA,NA,NA,42.7731673582296,"Summer",1695400,120796,5.80513496891649,14.3195677273349
6586,7052,"Pont-Saint-Martin","pont saint martin",2015-07-01,2015,7,"2015-07","Mont-Rose","Luglio",939,636,9,188,3918,1774762,NA,NA,NA,NA,NA,NA,NA,NA,NA,NA,NA,NA,NA,NA,NA,NA,NA,NA,NA,NA,NA,NA,NA,NA,NA,"Nord-ovest",2,"Valle d'Aosta/Vallée d'Aoste","Valle d'Aosta/Vallée d'Aoste",0,42.7731673582296,NA,40,NA,NA,NA,NA,1.03909598649175,125,0,75.1266398233537,14.0797506169632,NA,25.9773996622938,0,NA,NA,20386.7163146395,24.2260619150468,29.2567714998437,129.957137290557,17.5657324472696,NA,NA,NA,42.7731673582296,"Summer",1655423,127822,6.45676965557216,14.3891774508502
6587,7052,"Pont-Saint-Martin","pont saint martin",2015-08-01,2015,8,"2015-08","Mont-Rose","Agosto",1150,770,9,188,3918,1604990,NA,NA,NA,NA,NA,NA,NA,NA,NA,NA,NA,NA,NA,NA,NA,NA,NA,NA,NA,NA,NA,NA,NA,NA,NA,"Nord-ovest",2,"Valle d'Aosta/Vallée d'Aoste","Valle d'Aosta/Vallée d'Aoste",0,42.7731673582296,NA,40,NA,NA,NA,NA,1.03909598649175,125,0,75.1266398233537,14.0797506169632,NA,25.9773996622938,0,NA,NA,20386.7163146395,24.2260619150468,29.2567714998437,129.957137290557,17.5657324472696,NA,NA,NA,42.7731673582296,"Summer",1774762,115664,6.64768837356333,14.2886287070539
6588,7052,"Pont-Saint-Martin","pont saint martin",2015-09-01,2015,9,"2015-09","Mont-Rose","Settembre",691,443,9,188,3918,1609915,NA,NA,NA,NA,NA,NA,NA,NA,NA,NA,NA,NA,NA,NA,NA,NA,NA,NA,NA,NA,NA,NA,NA,NA,NA,"Nord-ovest",2,"Valle d'Aosta/Vallée d'Aoste","Valle d'Aosta/Vallée d'Aoste",0,42.7731673582296,NA,40,NA,NA,NA,NA,1.03909598649175,125,0,75.1266398233537,14.0797506169632,NA,25.9773996622938,0,NA,NA,20386.7163146395,24.2260619150468,29.2567714998437,129.957137290557,17.5657324472696,NA,NA,NA,42.7731673582296,"Autumn",1604990,111952,6.09582456243222,14.2916925616865
6589,7052,"Pont-Saint-Martin","pont saint martin",2015-10-01,2015,10,"2015-10","Mont-Rose","Ottobre",471,308,9,188,3918,1693880,NA,NA,NA,NA,NA,NA,NA,NA,NA,NA,NA,NA,NA,NA,NA,NA,NA,NA,NA,NA,NA,NA,NA,NA,NA,"Nord-ovest",2,"Valle d'Aosta/Vallée d'Aoste","Valle d'Aosta/Vallée d'Aoste",0,42.7731673582296,NA,40,NA,NA,NA,NA,1.03909598649175,125,0,75.1266398233537,14.0797506169632,NA,25.9773996622938,0,NA,NA,20386.7163146395,24.2260619150468,29.2567714998437,129.957137290557,17.5657324472696,NA,NA,NA,42.7731673582296,"Autumn",1609915,122496,5.73334127689775,14.3425329037928
6590,7052,"Pont-Saint-Martin","pont saint martin",2015-11-01,2015,11,"2015-11","Mont-Rose","Novembre",399,258,9,188,3918,1661401,NA,NA,NA,NA,NA,NA,NA,NA,NA,NA,NA,NA,NA,NA,NA,NA,NA,NA,NA,NA,NA,NA,NA,NA,NA,"Nord-ovest",2,"Valle d'Aosta/Vallée d'Aoste","Valle d'Aosta/Vallée d'Aoste",0,42.7731673582296,NA,40,NA,NA,NA,NA,1.03909598649175,125,0,75.1266398233537,14.0797506169632,NA,25.9773996622938,0,NA,NA,20386.7163146395,24.2260619150468,29.2567714998437,129.957137290557,17.5657324472696,NA,NA,NA,42.7731673582296,"Autumn",1693880,105827,5.55682806169954,14.3231723821904
6591,7052,"Pont-Saint-Martin","pont saint martin",2015-12-01,2015,12,"2015-12","Mont-Rose","Dicembre",562,342,9,188,3918,1682494,NA,NA,NA,NA,NA,NA,NA,NA,NA,NA,NA,NA,NA,NA,NA,NA,NA,NA,NA,NA,NA,NA,NA,NA,NA,"Nord-ovest",2,"Valle d'Aosta/Vallée d'Aoste","Valle d'Aosta/Vallée d'Aoste",0,42.7731673582296,NA,40,NA,NA,NA,NA,1.03909598649175,125,0,75.1266398233537,14.0797506169632,NA,25.9773996622938,0,NA,NA,20386.7163146395,24.2260619150468,29.2567714998437,129.957137290557,17.5657324472696,NA,NA,NA,42.7731673582296,"Winter",1661401,91827,5.83773044716594,14.3357883687284
6592,7052,"Pont-Saint-Martin","pont saint martin",2016-01-01,2016,1,"2016-01","Mont-Rose","Gennaio",659,363,10,191,3840,1701739,NA,NA,NA,NA,NA,NA,NA,NA,NA,NA,NA,NA,NA,NA,NA,NA,NA,NA,NA,NA,NA,NA,NA,NA,NA,"Nord-ovest",2,"Valle d'Aosta/Vallée d'Aoste","Valle d'Aosta/Vallée d'Aoste",0,40.2114597544338,NA,25.2873563218391,NA,NA,NA,NA,0.78874720652031,133.333333333333,0,77.086893650585,14.6706980412778,NA,NA,NA,NA,NA,20084.6640711902,24.1012472487161,33.4272332726419,116.804785066386,17.6038237162826,NA,NA,NA,40.2114597544338,"Winter",1682494,1643054,5.89715386763674,14.3471618149891
6593,7052,"Pont-Saint-Martin","pont saint martin",2016-02-01,2016,2,"2016-02","Mont-Rose","Febbraio",696,461,10,191,3840,1592646,NA,NA,NA,NA,NA,NA,NA,NA,NA,NA,NA,NA,NA,NA,NA,NA,NA,NA,NA,NA,NA,NA,NA,NA,NA,"Nord-ovest",2,"Valle d'Aosta/Vallée d'Aoste","Valle d'Aosta/Vallée d'Aoste",0,40.2114597544338,NA,25.2873563218391,NA,NA,NA,NA,0.78874720652031,133.333333333333,0,77.086893650585,14.6706980412778,NA,NA,NA,NA,NA,20084.6640711902,24.1012472487161,33.4272332726419,116.804785066386,17.6038237162826,NA,NA,NA,40.2114597544338,"Winter",1701739,1582308,6.13556489108174,14.2809079698607
6594,7052,"Pont-Saint-Martin","pont saint martin",2016-03-01,2016,3,"2016-03","Mont-Rose","Marzo",658,426,10,191,3840,1640865,NA,NA,NA,NA,NA,NA,NA,NA,NA,NA,NA,NA,NA,NA,NA,NA,NA,NA,NA,NA,NA,NA,NA,NA,NA,"Nord-ovest",2,"Valle d'Aosta/Vallée d'Aoste","Valle d'Aosta/Vallée d'Aoste",0,40.2114597544338,NA,25.2873563218391,NA,NA,NA,NA,0.78874720652031,133.333333333333,0,77.086893650585,14.6706980412778,NA,NA,NA,NA,NA,20084.6640711902,24.1012472487161,33.4272332726419,116.804785066386,17.6038237162826,NA,NA,NA,40.2114597544338,"Spring",1592646,1720560,6.05678401322862,14.3107347092122
6595,7052,"Pont-Saint-Martin","pont saint martin",2016-04-01,2016,4,"2016-04","Mont-Rose","Aprile",643,377,10,191,3840,1586532,NA,NA,NA,NA,NA,NA,NA,NA,NA,NA,NA,NA,NA,NA,NA,NA,NA,NA,NA,NA,NA,NA,NA,NA,NA,"Nord-ovest",2,"Valle d'Aosta/Vallée d'Aoste","Valle d'Aosta/Vallée d'Aoste",0,40.2114597544338,NA,25.2873563218391,NA,NA,NA,NA,0.78874720652031,133.333333333333,0,77.086893650585,14.6706980412778,NA,NA,NA,NA,NA,20084.6640711902,24.1012472487161,33.4272332726419,116.804785066386,17.6038237162826,NA,NA,NA,40.2114597544338,"Spring",1640865,1639429,5.93489419561959,14.2770616902933
6596,7052,"Pont-Saint-Martin","pont saint martin",2016-05-01,2016,5,"2016-05","Mont-Rose","Maggio",648,442,10,191,3840,1634840,NA,NA,NA,NA,NA,NA,NA,NA,NA,NA,NA,NA,NA,NA,NA,NA,NA,NA,NA,NA,NA,NA,NA,NA,NA,"Nord-ovest",2,"Valle d'Aosta/Vallée d'Aoste","Valle d'Aosta/Vallée d'Aoste",0,40.2114597544338,NA,25.2873563218391,NA,NA,NA,NA,0.78874720652031,133.333333333333,0,77.086893650585,14.6706980412778,NA,NA,NA,NA,NA,20084.6640711902,24.1012472487161,33.4272332726419,116.804785066386,17.6038237162826,NA,NA,NA,40.2114597544338,"Spring",1586532,1695400,6.09356977004514,14.3070561098782
6597,7052,"Pont-Saint-Martin","pont saint martin",2016-06-01,2016,6,"2016-06","Mont-Rose","Giugno",708,455,10,191,3840,1561600,NA,NA,NA,NA,NA,NA,NA,NA,NA,NA,NA,NA,NA,NA,NA,NA,NA,NA,NA,NA,NA,NA,NA,NA,NA,"Nord-ovest",2,"Valle d'Aosta/Vallée d'Aoste","Valle d'Aosta/Vallée d'Aoste",0,40.2114597544338,NA,25.2873563218391,NA,NA,NA,NA,0.78874720652031,133.333333333333,0,77.086893650585,14.6706980412778,NA,NA,NA,NA,NA,20084.6640711902,24.1012472487161,33.4272332726419,116.804785066386,17.6038237162826,NA,NA,NA,40.2114597544338,"Summer",1634840,1655423,6.12249280951439,14.2612221350096
6598,7052,"Pont-Saint-Martin","pont saint martin",2016-07-01,2016,7,"2016-07","Mont-Rose","Luglio",1527,1006,10,191,3840,1662687,NA,NA,NA,NA,NA,NA,NA,NA,NA,NA,NA,NA,NA,NA,NA,NA,NA,NA,NA,NA,NA,NA,NA,NA,NA,"Nord-ovest",2,"Valle d'Aosta/Vallée d'Aoste","Valle d'Aosta/Vallée d'Aoste",0,40.2114597544338,NA,25.2873563218391,NA,NA,NA,NA,0.78874720652031,133.333333333333,0,77.086893650585,14.6706980412778,NA,NA,NA,NA,NA,20084.6640711902,24.1012472487161,33.4272332726419,116.804785066386,17.6038237162826,NA,NA,NA,40.2114597544338,"Summer",1561600,1774762,6.91473089271856,14.3239461278255
6599,7052,"Pont-Saint-Martin","pont saint martin",2016-08-01,2016,8,"2016-08","Mont-Rose","Agosto",1769,1050,10,191,3840,1561662,NA,NA,NA,NA,NA,NA,NA,NA,NA,NA,NA,NA,NA,NA,NA,NA,NA,NA,NA,NA,NA,NA,NA,NA,NA,"Nord-ovest",2,"Valle d'Aosta/Vallée d'Aoste","Valle d'Aosta/Vallée d'Aoste",0,40.2114597544338,NA,25.2873563218391,NA,NA,NA,NA,0.78874720652031,133.333333333333,0,77.086893650585,14.6706980412778,NA,NA,NA,NA,NA,20084.6640711902,24.1012472487161,33.4272332726419,116.804785066386,17.6038237162826,NA,NA,NA,40.2114597544338,"Summer",1662687,1604990,6.95749737087695,14.2612618370649
6600,7052,"Pont-Saint-Martin","pont saint martin",2016-09-01,2016,9,"2016-09","Mont-Rose","Settembre",870,628,10,191,3840,1566741,NA,NA,NA,NA,NA,NA,NA,NA,NA,NA,NA,NA,NA,NA,NA,NA,NA,NA,NA,NA,NA,NA,NA,NA,NA,"Nord-ovest",2,"Valle d'Aosta/Vallée d'Aoste","Valle d'Aosta/Vallée d'Aoste",0,40.2114597544338,NA,25.2873563218391,NA,NA,NA,NA,0.78874720652031,133.333333333333,0,77.086893650585,14.6706980412778,NA,NA,NA,NA,NA,20084.6640711902,24.1012472487161,33.4272332726419,116.804785066386,17.6038237162826,NA,NA,NA,40.2114597544338,"Autumn",1561662,1609915,6.44413125670044,14.2645088619625
6601,7052,"Pont-Saint-Martin","pont saint martin",2016-10-01,2016,10,"2016-10","Mont-Rose","Ottobre",586,385,10,191,3840,1603345,NA,NA,NA,NA,NA,NA,NA,NA,NA,NA,NA,NA,NA,NA,NA,NA,NA,NA,NA,NA,NA,NA,NA,NA,NA,"Nord-ovest",2,"Valle d'Aosta/Vallée d'Aoste","Valle d'Aosta/Vallée d'Aoste",0,40.2114597544338,NA,25.2873563218391,NA,NA,NA,NA,0.78874720652031,133.333333333333,0,77.086893650585,14.6706980412778,NA,NA,NA,NA,NA,20084.6640711902,24.1012472487161,33.4272332726419,116.804785066386,17.6038237162826,NA,NA,NA,40.2114597544338,"Autumn",1566741,1693880,5.95583736946483,14.2876032535905
6602,7052,"Pont-Saint-Martin","pont saint martin",2016-11-01,2016,11,"2016-11","Mont-Rose","Novembre",472,286,10,191,3840,1605450,NA,NA,NA,NA,NA,NA,NA,NA,NA,NA,NA,NA,NA,NA,NA,NA,NA,NA,NA,NA,NA,NA,NA,NA,NA,"Nord-ovest",2,"Valle d'Aosta/Vallée d'Aoste","Valle d'Aosta/Vallée d'Aoste",0,40.2114597544338,NA,25.2873563218391,NA,NA,NA,NA,0.78874720652031,133.333333333333,0,77.086893650585,14.6706980412778,NA,NA,NA,NA,NA,20084.6640711902,24.1012472487161,33.4272332726419,116.804785066386,17.6038237162826,NA,NA,NA,40.2114597544338,"Autumn",1603345,1661401,5.65948221575962,14.2889152719588
6603,7052,"Pont-Saint-Martin","pont saint martin",2016-12-01,2016,12,"2016-12","Mont-Rose","Dicembre",956,438,10,191,3840,1625690,NA,NA,NA,NA,NA,NA,NA,NA,NA,NA,NA,NA,NA,NA,NA,NA,NA,NA,NA,NA,NA,NA,NA,NA,NA,"Nord-ovest",2,"Valle d'Aosta/Vallée d'Aoste","Valle d'Aosta/Vallée d'Aoste",0,40.2114597544338,NA,25.2873563218391,NA,NA,NA,NA,0.78874720652031,133.333333333333,0,77.086893650585,14.6706980412778,NA,NA,NA,NA,NA,20084.6640711902,24.1012472487161,33.4272332726419,116.804785066386,17.6038237162826,NA,NA,NA,40.2114597544338,"Winter",1605450,1682494,6.08449941307517,14.3014435141302
6604,7052,"Pont-Saint-Martin","pont saint martin",2017-01-01,2017,1,"2017-01","Mont-Rose","Gennaio",625,388,10,191,3833,1644756,NA,NA,NA,NA,NA,NA,NA,NA,NA,NA,NA,NA,NA,NA,NA,NA,NA,NA,NA,NA,NA,NA,NA,NA,NA,"Nord-ovest",2,"Valle d'Aosta/Vallée d'Aoste","Valle d'Aosta/Vallée d'Aoste",0,37.4358974358974,NA,28.9308176100629,NA,NA,NA,NA,0.53248136315229,100,0,77.8753993610224,14.776357827476,NA,26.6240681576145,58.3067092651757,NA,NA,20181.300150263,23.0255839822024,30.4410268008594,111.963258785942,17.6050948055511,NA,NA,NA,37.4358974358974,"Winter",1625690,1701739,5.96357934361845,14.3131032109051
6605,7052,"Pont-Saint-Martin","pont saint martin",2017-02-01,2017,2,"2017-02","Mont-Rose","Febbraio",534,406,10,191,3833,1513065,NA,NA,NA,NA,NA,NA,NA,NA,NA,NA,NA,NA,NA,NA,NA,NA,NA,NA,NA,NA,NA,NA,NA,NA,NA,"Nord-ovest",2,"Valle d'Aosta/Vallée d'Aoste","Valle d'Aosta/Vallée d'Aoste",0,37.4358974358974,NA,28.9308176100629,NA,NA,NA,NA,0.53248136315229,100,0,77.8753993610224,14.776357827476,NA,26.6240681576145,58.3067092651757,NA,NA,20181.300150263,23.0255839822024,30.4410268008594,111.963258785942,17.6050948055511,NA,NA,NA,37.4358974358974,"Winter",1644756,1592646,6.00881318544259,14.2296486137622
6606,7052,"Pont-Saint-Martin","pont saint martin",2017-03-01,2017,3,"2017-03","Mont-Rose","Marzo",483,402,10,191,3833,1603637,NA,NA,NA,NA,NA,NA,NA,NA,NA,NA,NA,NA,NA,NA,NA,NA,NA,NA,NA,NA,NA,NA,NA,NA,NA,"Nord-ovest",2,"Valle d'Aosta/Vallée d'Aoste","Valle d'Aosta/Vallée d'Aoste",0,37.4358974358974,NA,28.9308176100629,NA,NA,NA,NA,0.53248136315229,100,0,77.8753993610224,14.776357827476,NA,26.6240681576145,58.3067092651757,NA,NA,20181.300150263,23.0255839822024,30.4410268008594,111.963258785942,17.6050948055511,NA,NA,NA,37.4358974358974,"Spring",1513065,1640865,5.99893656194668,14.2877853561522
6607,7052,"Pont-Saint-Martin","pont saint martin",2017-04-01,2017,4,"2017-04","Mont-Rose","Aprile",716,466,10,191,3833,1483276,NA,NA,NA,NA,NA,NA,NA,NA,NA,NA,NA,NA,NA,NA,NA,NA,NA,NA,NA,NA,NA,NA,NA,NA,NA,"Nord-ovest",2,"Valle d'Aosta/Vallée d'Aoste","Valle d'Aosta/Vallée d'Aoste",0,37.4358974358974,NA,28.9308176100629,NA,NA,NA,NA,0.53248136315229,100,0,77.8753993610224,14.776357827476,NA,26.6240681576145,58.3067092651757,NA,NA,20181.300150263,23.0255839822024,30.4410268008594,111.963258785942,17.6050948055511,NA,NA,NA,37.4358974358974,"Spring",1603637,1586532,6.1463292576689,14.2097643872251
6608,7052,"Pont-Saint-Martin","pont saint martin",2017-05-01,2017,5,"2017-05","Mont-Rose","Maggio",532,398,10,191,3833,1578981,NA,NA,NA,NA,NA,NA,NA,NA,NA,NA,NA,NA,NA,NA,NA,NA,NA,NA,NA,NA,NA,NA,NA,NA,NA,"Nord-ovest",2,"Valle d'Aosta/Vallée d'Aoste","Valle d'Aosta/Vallée d'Aoste",0,37.4358974358974,NA,28.9308176100629,NA,NA,NA,NA,0.53248136315229,100,0,77.8753993610224,14.776357827476,NA,26.6240681576145,58.3067092651757,NA,NA,20181.300150263,23.0255839822024,30.4410268008594,111.963258785942,17.6050948055511,NA,NA,NA,37.4358974358974,"Spring",1483276,1634840,5.98896141688986,14.2722908935528
6609,7052,"Pont-Saint-Martin","pont saint martin",2017-06-01,2017,6,"2017-06","Mont-Rose","Giugno",780,603,10,191,3833,1614407,NA,NA,NA,NA,NA,NA,NA,NA,NA,NA,NA,NA,NA,NA,NA,NA,NA,NA,NA,NA,NA,NA,NA,NA,NA,"Nord-ovest",2,"Valle d'Aosta/Vallée d'Aoste","Valle d'Aosta/Vallée d'Aoste",0,37.4358974358974,NA,28.9308176100629,NA,NA,NA,NA,0.53248136315229,100,0,77.8753993610224,14.776357827476,NA,26.6240681576145,58.3067092651757,NA,NA,20181.300150263,23.0255839822024,30.4410268008594,111.963258785942,17.6050948055511,NA,NA,NA,37.4358974358974,"Summer",1578981,1561600,6.40357419793482,14.2944788839706
6610,7052,"Pont-Saint-Martin","pont saint martin",2017-07-01,2017,7,"2017-07","Mont-Rose","Luglio",1089,801,10,191,3833,1664319,NA,NA,NA,NA,NA,NA,NA,NA,NA,NA,NA,NA,NA,NA,NA,NA,NA,NA,NA,NA,NA,NA,NA,NA,NA,"Nord-ovest",2,"Valle d'Aosta/Vallée d'Aoste","Valle d'Aosta/Vallée d'Aoste",0,37.4358974358974,NA,28.9308176100629,NA,NA,NA,NA,0.53248136315229,100,0,77.8753993610224,14.776357827476,NA,26.6240681576145,58.3067092651757,NA,NA,20181.300150263,23.0255839822024,30.4410268008594,111.963258785942,17.6050948055511,NA,NA,NA,37.4358974358974,"Summer",1614407,1662687,6.68710860786651,14.3249271895668
6611,7052,"Pont-Saint-Martin","pont saint martin",2017-08-01,2017,8,"2017-08","Mont-Rose","Agosto",1540,1046,10,191,3833,1616926,NA,NA,NA,NA,NA,NA,NA,NA,NA,NA,NA,NA,NA,NA,NA,NA,NA,NA,NA,NA,NA,NA,NA,NA,NA,"Nord-ovest",2,"Valle d'Aosta/Vallée d'Aoste","Valle d'Aosta/Vallée d'Aoste",0,37.4358974358974,NA,28.9308176100629,NA,NA,NA,NA,0.53248136315229,100,0,77.8753993610224,14.776357827476,NA,26.6240681576145,58.3067092651757,NA,NA,20181.300150263,23.0255839822024,30.4410268008594,111.963258785942,17.6050948055511,NA,NA,NA,37.4358974358974,"Summer",1664319,1561662,6.95368421087054,14.2960379922093
6612,7052,"Pont-Saint-Martin","pont saint martin",2017-09-01,2017,9,"2017-09","Mont-Rose","Settembre",885,647,10,191,3833,1550775,NA,NA,NA,NA,NA,NA,NA,NA,NA,NA,NA,NA,NA,NA,NA,NA,NA,NA,NA,NA,NA,NA,NA,NA,NA,"Nord-ovest",2,"Valle d'Aosta/Vallée d'Aoste","Valle d'Aosta/Vallée d'Aoste",0,37.4358974358974,NA,28.9308176100629,NA,NA,NA,NA,0.53248136315229,100,0,77.8753993610224,14.776357827476,NA,26.6240681576145,58.3067092651757,NA,NA,20181.300150263,23.0255839822024,30.4410268008594,111.963258785942,17.6050948055511,NA,NA,NA,37.4358974358974,"Autumn",1616926,1566741,6.47389069635227,14.2542660087757
6613,7052,"Pont-Saint-Martin","pont saint martin",2017-10-01,2017,10,"2017-10","Mont-Rose","Ottobre",630,366,10,191,3833,1576006,NA,NA,NA,NA,NA,NA,NA,NA,NA,NA,NA,NA,NA,NA,NA,NA,NA,NA,NA,NA,NA,NA,NA,NA,NA,"Nord-ovest",2,"Valle d'Aosta/Vallée d'Aoste","Valle d'Aosta/Vallée d'Aoste",0,37.4358974358974,NA,28.9308176100629,NA,NA,NA,NA,0.53248136315229,100,0,77.8753993610224,14.776357827476,NA,26.6240681576145,58.3067092651757,NA,NA,20181.300150263,23.0255839822024,30.4410268008594,111.963258785942,17.6050948055511,NA,NA,NA,37.4358974358974,"Autumn",1550775,1603345,5.90536184805457,14.2704049910145
6614,7052,"Pont-Saint-Martin","pont saint martin",2017-11-01,2017,11,"2017-11","Mont-Rose","Novembre",418,253,10,191,3833,1676615,NA,NA,NA,NA,NA,NA,NA,NA,NA,NA,NA,NA,NA,NA,NA,NA,NA,NA,NA,NA,NA,NA,NA,NA,NA,"Nord-ovest",2,"Valle d'Aosta/Vallée d'Aoste","Valle d'Aosta/Vallée d'Aoste",0,37.4358974358974,NA,28.9308176100629,NA,NA,NA,NA,0.53248136315229,100,0,77.8753993610224,14.776357827476,NA,26.6240681576145,58.3067092651757,NA,NA,20181.300150263,23.0255839822024,30.4410268008594,111.963258785942,17.6050948055511,NA,NA,NA,37.4358974358974,"Autumn",1576006,1605450,5.53733426701854,14.3322880342633
6615,7052,"Pont-Saint-Martin","pont saint martin",2017-12-01,2017,12,"2017-12","Mont-Rose","Dicembre",798,489,10,191,3833,1772637,NA,NA,NA,NA,NA,NA,NA,NA,NA,NA,NA,NA,NA,NA,NA,NA,NA,NA,NA,NA,NA,NA,NA,NA,NA,"Nord-ovest",2,"Valle d'Aosta/Vallée d'Aoste","Valle d'Aosta/Vallée d'Aoste",0,37.4358974358974,NA,28.9308176100629,NA,NA,NA,NA,0.53248136315229,100,0,77.8753993610224,14.776357827476,NA,26.6240681576145,58.3067092651757,NA,NA,20181.300150263,23.0255839822024,30.4410268008594,111.963258785942,17.6050948055511,NA,NA,NA,37.4358974358974,"Winter",1676615,1625690,6.19440539110467,14.3879793904932
6616,7052,"Pont-Saint-Martin","pont saint martin",2018-01-01,2018,1,"2018-01","Mont-Rose","Gennaio",564,347,10,205,3763,1792914,NA,NA,NA,NA,NA,NA,NA,NA,NA,NA,NA,NA,NA,NA,NA,NA,NA,NA,NA,NA,NA,NA,NA,NA,NA,"Nord-ovest",2,"Valle d'Aosta/Vallée d'Aoste","Valle d'Aosta/Vallée d'Aoste",0,34.5102111457252,NA,35.1351351351351,67.5502742230347,20.5667276051188,NA,NA,1.08902804247209,125,0,78.655050367547,15.3280696977947,NA,27.2257010618023,62.6191124421454,NA,66.9485744011887,20278.5031376892,23.658269441402,38.1187923111133,102.221889463654,17.6212217534532,NA,NA,NA,34.5102111457252,"Winter",1772637,1644756,5.85220247977447,14.3993533448824
6617,7052,"Pont-Saint-Martin","pont saint martin",2018-02-01,2018,2,"2018-02","Mont-Rose","Febbraio",431,247,10,205,3763,1635311,NA,NA,NA,NA,NA,NA,NA,NA,NA,NA,NA,NA,NA,NA,NA,NA,NA,NA,NA,NA,NA,NA,NA,NA,NA,"Nord-ovest",2,"Valle d'Aosta/Vallée d'Aoste","Valle d'Aosta/Vallée d'Aoste",0,34.5102111457252,NA,35.1351351351351,67.5502742230347,20.5667276051188,NA,NA,1.08902804247209,125,0,78.655050367547,15.3280696977947,NA,27.2257010618023,62.6191124421454,NA,66.9485744011887,20278.5031376892,23.658269441402,38.1187923111133,102.221889463654,17.6212217534532,NA,NA,NA,34.5102111457252,"Winter",1792914,1513065,5.51342874616498,14.3073441697967
6618,7052,"Pont-Saint-Martin","pont saint martin",2018-03-01,2018,3,"2018-03","Mont-Rose","Marzo",492,358,10,205,3763,1763217,NA,NA,NA,NA,NA,NA,NA,NA,NA,NA,NA,NA,NA,NA,NA,NA,NA,NA,NA,NA,NA,NA,NA,NA,NA,"Nord-ovest",2,"Valle d'Aosta/Vallée d'Aoste","Valle d'Aosta/Vallée d'Aoste",0,34.5102111457252,NA,35.1351351351351,67.5502742230347,20.5667276051188,NA,NA,1.08902804247209,125,0,78.655050367547,15.3280696977947,NA,27.2257010618023,62.6191124421454,NA,66.9485744011887,20278.5031376892,23.658269441402,38.1187923111133,102.221889463654,17.6212217534532,NA,NA,NA,34.5102111457252,"Spring",1635311,1603637,5.88332238848828,14.3826511066001
6619,7052,"Pont-Saint-Martin","pont saint martin",2018-04-01,2018,4,"2018-04","Mont-Rose","Aprile",541,421,10,205,3763,1648398,NA,NA,NA,NA,NA,NA,NA,NA,NA,NA,NA,NA,NA,NA,NA,NA,NA,NA,NA,NA,NA,NA,NA,NA,NA,"Nord-ovest",2,"Valle d'Aosta/Vallée d'Aoste","Valle d'Aosta/Vallée d'Aoste",0,34.5102111457252,NA,35.1351351351351,67.5502742230347,20.5667276051188,NA,NA,1.08902804247209,125,0,78.655050367547,15.3280696977947,NA,27.2257010618023,62.6191124421454,NA,66.9485744011887,20278.5031376892,23.658269441402,38.1187923111133,102.221889463654,17.6212217534532,NA,NA,NA,34.5102111457252,"Spring",1763217,1483276,6.04500531403601,14.3153150717977
6620,7052,"Pont-Saint-Martin","pont saint martin",2018-05-01,2018,5,"2018-05","Mont-Rose","Maggio",650,489,10,205,3763,1699737,NA,NA,NA,NA,NA,NA,NA,NA,NA,NA,NA,NA,NA,NA,NA,NA,NA,NA,NA,NA,NA,NA,NA,NA,NA,"Nord-ovest",2,"Valle d'Aosta/Vallée d'Aoste","Valle d'Aosta/Vallée d'Aoste",0,34.5102111457252,NA,35.1351351351351,67.5502742230347,20.5667276051188,NA,NA,1.08902804247209,125,0,78.655050367547,15.3280696977947,NA,27.2257010618023,62.6191124421454,NA,66.9485744011887,20278.5031376892,23.658269441402,38.1187923111133,102.221889463654,17.6212217534532,NA,NA,NA,34.5102111457252,"Spring",1648398,1578981,6.19440539110467,14.345984679502
6621,7052,"Pont-Saint-Martin","pont saint martin",2018-06-01,2018,6,"2018-06","Mont-Rose","Giugno",646,444,10,205,3763,1652184,NA,NA,NA,NA,NA,NA,NA,NA,NA,NA,NA,NA,NA,NA,NA,NA,NA,NA,NA,NA,NA,NA,NA,NA,NA,"Nord-ovest",2,"Valle d'Aosta/Vallée d'Aoste","Valle d'Aosta/Vallée d'Aoste",0,34.5102111457252,NA,35.1351351351351,67.5502742230347,20.5667276051188,NA,NA,1.08902804247209,125,0,78.655050367547,15.3280696977947,NA,27.2257010618023,62.6191124421454,NA,66.9485744011887,20278.5031376892,23.658269441402,38.1187923111133,102.221889463654,17.6212217534532,NA,NA,NA,34.5102111457252,"Summer",1699737,1614407,6.09807428216624,14.3176092122653
6622,7052,"Pont-Saint-Martin","pont saint martin",2018-07-01,2018,7,"2018-07","Mont-Rose","Luglio",1328,891,10,205,3763,1716271,NA,NA,NA,NA,NA,NA,NA,NA,NA,NA,NA,NA,NA,NA,NA,NA,NA,NA,NA,NA,NA,NA,NA,NA,NA,"Nord-ovest",2,"Valle d'Aosta/Vallée d'Aoste","Valle d'Aosta/Vallée d'Aoste",0,34.5102111457252,NA,35.1351351351351,67.5502742230347,20.5667276051188,NA,NA,1.08902804247209,125,0,78.655050367547,15.3280696977947,NA,27.2257010618023,62.6191124421454,NA,66.9485744011887,20278.5031376892,23.658269441402,38.1187923111133,102.221889463654,17.6212217534532,NA,NA,NA,34.5102111457252,"Summer",1652184,1664319,6.79346613258001,14.3556650546275
6623,7052,"Pont-Saint-Martin","pont saint martin",2018-08-01,2018,8,"2018-08","Mont-Rose","Agosto",1814,1048,10,205,3763,1644614,NA,NA,NA,NA,NA,NA,NA,NA,NA,NA,NA,NA,NA,NA,NA,NA,NA,NA,NA,NA,NA,NA,NA,NA,NA,"Nord-ovest",2,"Valle d'Aosta/Vallée d'Aoste","Valle d'Aosta/Vallée d'Aoste",0,34.5102111457252,NA,35.1351351351351,67.5502742230347,20.5667276051188,NA,NA,1.08902804247209,125,0,78.655050367547,15.3280696977947,NA,27.2257010618023,62.6191124421454,NA,66.9485744011887,20278.5031376892,23.658269441402,38.1187923111133,102.221889463654,17.6212217534532,NA,NA,NA,34.5102111457252,"Summer",1716271,1616926,6.9555926083963,14.3130168722362
6624,7052,"Pont-Saint-Martin","pont saint martin",2018-09-01,2018,9,"2018-09","Mont-Rose","Settembre",899,668,10,205,3763,1613933,NA,NA,NA,NA,NA,NA,NA,NA,NA,NA,NA,NA,NA,NA,NA,NA,NA,NA,NA,NA,NA,NA,NA,NA,NA,"Nord-ovest",2,"Valle d'Aosta/Vallée d'Aoste","Valle d'Aosta/Vallée d'Aoste",0,34.5102111457252,NA,35.1351351351351,67.5502742230347,20.5667276051188,NA,NA,1.08902804247209,125,0,78.655050367547,15.3280696977947,NA,27.2257010618023,62.6191124421454,NA,66.9485744011887,20278.5031376892,23.658269441402,38.1187923111133,102.221889463654,17.6212217534532,NA,NA,NA,34.5102111457252,"Autumn",1644614,1550775,6.50578406012823,14.2941852347826
6625,7052,"Pont-Saint-Martin","pont saint martin",2018-10-01,2018,10,"2018-10","Mont-Rose","Ottobre",770,510,10,205,3763,1671499,NA,NA,NA,NA,NA,NA,NA,NA,NA,NA,NA,NA,NA,NA,NA,NA,NA,NA,NA,NA,NA,NA,NA,NA,NA,"Nord-ovest",2,"Valle d'Aosta/Vallée d'Aoste","Valle d'Aosta/Vallée d'Aoste",0,34.5102111457252,NA,35.1351351351351,67.5502742230347,20.5667276051188,NA,NA,1.08902804247209,125,0,78.655050367547,15.3280696977947,NA,27.2257010618023,62.6191124421454,NA,66.9485744011887,20278.5031376892,23.658269441402,38.1187923111133,102.221889463654,17.6212217534532,NA,NA,NA,34.5102111457252,"Autumn",1613933,1576006,6.2363695902037,14.3292319848423
6626,7052,"Pont-Saint-Martin","pont saint martin",2018-11-01,2018,11,"2018-11","Mont-Rose","Novembre",362,234,10,205,3763,1615170,NA,NA,NA,NA,NA,NA,NA,NA,NA,NA,NA,NA,NA,NA,NA,NA,NA,NA,NA,NA,NA,NA,NA,NA,NA,"Nord-ovest",2,"Valle d'Aosta/Vallée d'Aoste","Valle d'Aosta/Vallée d'Aoste",0,34.5102111457252,NA,35.1351351351351,67.5502742230347,20.5667276051188,NA,NA,1.08902804247209,125,0,78.655050367547,15.3280696977947,NA,27.2257010618023,62.6191124421454,NA,66.9485744011887,20278.5031376892,23.658269441402,38.1187923111133,102.221889463654,17.6212217534532,NA,NA,NA,34.5102111457252,"Autumn",1671499,1676615,5.45958551414416,14.2949513913867
6627,7052,"Pont-Saint-Martin","pont saint martin",2018-12-01,2018,12,"2018-12","Mont-Rose","Dicembre",685,416,10,205,3763,1675263,NA,NA,NA,NA,NA,NA,NA,NA,NA,NA,NA,NA,NA,NA,NA,NA,NA,NA,NA,NA,NA,NA,NA,NA,NA,"Nord-ovest",2,"Valle d'Aosta/Vallée d'Aoste","Valle d'Aosta/Vallée d'Aoste",0,34.5102111457252,NA,35.1351351351351,67.5502742230347,20.5667276051188,NA,NA,1.08902804247209,125,0,78.655050367547,15.3280696977947,NA,27.2257010618023,62.6191124421454,NA,66.9485744011887,20278.5031376892,23.658269441402,38.1187923111133,102.221889463654,17.6212217534532,NA,NA,NA,34.5102111457252,"Winter",1615170,1772637,6.0330862217988,14.3314813227621
6628,7052,"Pont-Saint-Martin","pont saint martin",2019-01-01,2019,1,"2019-01","Mont-Rose","Gennaio",463,304,10,204,3683,1657940,52,2,0.11312598566643,883.552902171074,1.99080165159326,50.425761179738,3630,19,41,-22,132,138,-6,16,1,15,0,-25,-38,3592,1685,3583,2.1,1,9,"Nord-ovest",2,"Valle d'Aosta/Vallée d'Aoste","Valle d'Aosta/Vallée d'Aoste",0,32.4697754749568,NA,39.0977443609023,70.018281535649,20.9323583180987,NA,NA,1.66158958737192,150,0,80.1716975906951,15.5358626419274,27.693159789532,27.693159789532,65.3558571032955,NA,69.6705580238715,20625.5576779026,23.6812984138694,31.2790095145695,132.682636388812,17.6688037890602,8.42230130486358,46.5610142630745,48.9381933438986,32.4697754749568,"Winter",1675263,1792914,5.72031177660741,14.321087029002
6629,7052,"Pont-Saint-Martin","pont saint martin",2019-02-01,2019,2,"2019-02","Mont-Rose","Febbraio",508,334,10,204,3683,1454176,52,2,0.329040470585679,886.373801010003,6.14882359069353,46.3810253592441,3630,19,41,-22,132,138,-6,16,1,15,0,-25,-38,3592,1685,3583,2.1,1,9,"Nord-ovest",2,"Valle d'Aosta/Vallée d'Aoste","Valle d'Aosta/Vallée d'Aoste",0,32.4697754749568,NA,39.0977443609023,70.018281535649,20.9323583180987,NA,NA,1.66158958737192,150,0,80.1716975906951,15.5358626419274,27.693159789532,27.693159789532,65.3558571032955,NA,69.6705580238715,20625.5576779026,23.6812984138694,31.2790095145695,132.682636388812,17.6688037890602,8.42230130486358,46.5610142630745,48.9381933438986,32.4697754749568,"Winter",1657940,1635311,5.81413053182507,14.1899506628167
6630,7052,"Pont-Saint-Martin","pont saint martin",2019-03-01,2019,3,"2019-03","Mont-Rose","Marzo",610,412,10,204,3683,1504596,52,2,0.287915728414729,843.840124319819,8.20516359729223,47.0768016955747,3630,19,41,-22,132,138,-6,16,1,15,0,-25,-38,3592,1685,3583,2.1,1,9,"Nord-ovest",2,"Valle d'Aosta/Vallée d'Aoste","Valle d'Aosta/Vallée d'Aoste",0,32.4697754749568,NA,39.0977443609023,70.018281535649,20.9323583180987,NA,NA,1.66158958737192,150,0,80.1716975906951,15.5358626419274,27.693159789532,27.693159789532,65.3558571032955,NA,69.6705580238715,20625.5576779026,23.6812984138694,31.2790095145695,132.682636388812,17.6688037890602,8.42230130486358,46.5610142630745,48.9381933438986,32.4697754749568,"Spring",1454176,1763217,6.02344759296103,14.2240356462209
6631,7052,"Pont-Saint-Martin","pont saint martin",2019-04-01,2019,4,"2019-04","Mont-Rose","Aprile",593,437,10,204,3683,1429558,52,2,2.12290195495115,860.006924299553,9.46652237478984,68.2520694573645,3630,19,41,-22,132,138,-6,16,1,15,0,-25,-38,3592,1685,3583,2.1,1,9,"Nord-ovest",2,"Valle d'Aosta/Vallée d'Aoste","Valle d'Aosta/Vallée d'Aoste",0,32.4697754749568,NA,39.0977443609023,70.018281535649,20.9323583180987,NA,NA,1.66158958737192,150,0,80.1716975906951,15.5358626419274,27.693159789532,27.693159789532,65.3558571032955,NA,69.6705580238715,20625.5576779026,23.6812984138694,31.2790095145695,132.682636388812,17.6688037890602,8.42230130486358,46.5610142630745,48.9381933438986,32.4697754749568,"Spring",1504596,1648398,6.08221891037645,14.1728765630652
6632,7052,"Pont-Saint-Martin","pont saint martin",2019-05-01,2019,5,"2019-05","Mont-Rose","Maggio",745,527,10,204,3683,1455080,52,2,0.618303976998472,879.947596811773,11.8742531579603,71.1006368973898,3630,19,41,-22,132,138,-6,16,1,15,0,-25,-38,3592,1685,3583,2.1,1,9,"Nord-ovest",2,"Valle d'Aosta/Vallée d'Aoste","Valle d'Aosta/Vallée d'Aoste",0,32.4697754749568,NA,39.0977443609023,70.018281535649,20.9323583180987,NA,NA,1.66158958737192,150,0,80.1716975906951,15.5358626419274,27.693159789532,27.693159789532,65.3558571032955,NA,69.6705580238715,20625.5576779026,23.6812984138694,31.2790095145695,132.682636388812,17.6688037890602,8.42230130486358,46.5610142630745,48.9381933438986,32.4697754749568,"Spring",1429558,1699737,6.26909628370626,14.1905721271413
6633,7052,"Pont-Saint-Martin","pont saint martin",2019-06-01,2019,6,"2019-06","Mont-Rose","Giugno",824,596,10,204,3683,1417152,52,2,0.791310145176356,874.04711964411,19.4602613775371,71.4178434544779,3630,19,41,-22,132,138,-6,16,1,15,0,-25,-38,3592,1685,3583,2.1,1,9,"Nord-ovest",2,"Valle d'Aosta/Vallée d'Aoste","Valle d'Aosta/Vallée d'Aoste",0,32.4697754749568,NA,39.0977443609023,70.018281535649,20.9323583180987,NA,NA,1.66158958737192,150,0,80.1716975906951,15.5358626419274,27.693159789532,27.693159789532,65.3558571032955,NA,69.6705580238715,20625.5576779026,23.6812984138694,31.2790095145695,132.682636388812,17.6688037890602,8.42230130486358,46.5610142630745,48.9381933438986,32.4697754749568,"Summer",1455080,1652184,6.3919171133926,14.1641604874382
6634,7052,"Pont-Saint-Martin","pont saint martin",2019-07-01,2019,7,"2019-07","Mont-Rose","Luglio",1072,678,10,204,3683,1514993,52,2,1.16098958342548,870.051983912713,21.4514026048242,66.3746186513032,3630,19,41,-22,132,138,-6,16,1,15,0,-25,-38,3592,1685,3583,2.1,1,9,"Nord-ovest",2,"Valle d'Aosta/Vallée d'Aoste","Valle d'Aosta/Vallée d'Aoste",0,32.4697754749568,NA,39.0977443609023,70.018281535649,20.9323583180987,NA,NA,1.66158958737192,150,0,80.1716975906951,15.5358626419274,27.693159789532,27.693159789532,65.3558571032955,NA,69.6705580238715,20625.5576779026,23.6812984138694,31.2790095145695,132.682636388812,17.6688037890602,8.42230130486358,46.5610142630745,48.9381933438986,32.4697754749568,"Summer",1417152,1716271,6.5206211275587,14.2309220365217
6635,7052,"Pont-Saint-Martin","pont saint martin",2019-08-01,2019,8,"2019-08","Mont-Rose","Agosto",1532,932,10,204,3683,1415552,52,2,1.13446354480223,873.398820287355,20.5419079468181,72.9147156385349,3630,19,41,-22,132,138,-6,16,1,15,0,-25,-38,3592,1685,3583,2.1,1,9,"Nord-ovest",2,"Valle d'Aosta/Vallée d'Aoste","Valle d'Aosta/Vallée d'Aoste",0,32.4697754749568,NA,39.0977443609023,70.018281535649,20.9323583180987,NA,NA,1.66158958737192,150,0,80.1716975906951,15.5358626419274,27.693159789532,27.693159789532,65.3558571032955,NA,69.6705580238715,20625.5576779026,23.6812984138694,31.2790095145695,132.682636388812,17.6688037890602,8.42230130486358,46.5610142630745,48.9381933438986,32.4697754749568,"Summer",1514993,1644614,6.83840520084734,14.1630308254329
6636,7052,"Pont-Saint-Martin","pont saint martin",2019-09-01,2019,9,"2019-09","Mont-Rose","Settembre",1095,827,10,204,3683,1397526,52,2,0.662408582957394,877.943124940065,16.3011297436061,71.1288078352532,3630,19,41,-22,132,138,-6,16,1,15,0,-25,-38,3592,1685,3583,2.1,1,9,"Nord-ovest",2,"Valle d'Aosta/Vallée d'Aoste","Valle d'Aosta/Vallée d'Aoste",0,32.4697754749568,NA,39.0977443609023,70.018281535649,20.9323583180987,NA,NA,1.66158958737192,150,0,80.1716975906951,15.5358626419274,27.693159789532,27.693159789532,65.3558571032955,NA,69.6705580238715,20625.5576779026,23.6812984138694,31.2790095145695,132.682636388812,17.6688037890602,8.42230130486358,46.5610142630745,48.9381933438986,32.4697754749568,"Autumn",1415552,1613933,6.71901315438526,14.1502148040394
6637,7052,"Pont-Saint-Martin","pont saint martin",2019-10-01,2019,10,"2019-10","Mont-Rose","Ottobre",775,372,10,204,3683,1501839,52,2,2.98110024308411,885.607799644539,11.9849175469764,78.6136399858352,3630,19,41,-22,132,138,-6,16,1,15,0,-25,-38,3592,1685,3583,2.1,1,9,"Nord-ovest",2,"Valle d'Aosta/Vallée d'Aoste","Valle d'Aosta/Vallée d'Aoste",0,32.4697754749568,NA,39.0977443609023,70.018281535649,20.9323583180987,NA,NA,1.66158958737192,150,0,80.1716975906951,15.5358626419274,27.693159789532,27.693159789532,65.3558571032955,NA,69.6705580238715,20625.5576779026,23.6812984138694,31.2790095145695,132.682636388812,17.6688037890602,8.42230130486358,46.5610142630745,48.9381933438986,32.4697754749568,"Autumn",1397526,1671499,5.92157841964382,14.2222015809982
6638,7052,"Pont-Saint-Martin","pont saint martin",2019-11-01,2019,11,"2019-11","Mont-Rose","Novembre",486,263,10,204,3683,1502871,52,2,2.41820893151131,881.15615168049,5.2969656473383,81.5619145206838,3630,19,41,-22,132,138,-6,16,1,15,0,-25,-38,3592,1685,3583,2.1,1,9,"Nord-ovest",2,"Valle d'Aosta/Vallée d'Aoste","Valle d'Aosta/Vallée d'Aoste",0,32.4697754749568,NA,39.0977443609023,70.018281535649,20.9323583180987,NA,NA,1.66158958737192,150,0,80.1716975906951,15.5358626419274,27.693159789532,27.693159789532,65.3558571032955,NA,69.6705580238715,20625.5576779026,23.6812984138694,31.2790095145695,132.682636388812,17.6688037890602,8.42230130486358,46.5610142630745,48.9381933438986,32.4697754749568,"Autumn",1501839,1615170,5.57594910314632,14.2228885021012
6639,7052,"Pont-Saint-Martin","pont saint martin",2019-12-01,2019,12,"2019-12","Mont-Rose","Dicembre",792,422,10,204,3683,1541284,52,2,1.24380023806361,886.674755288814,4.27567931340947,68.8791985317723,3630,19,41,-22,132,138,-6,16,1,15,0,-25,-38,3592,1685,3583,2.1,1,9,"Nord-ovest",2,"Valle d'Aosta/Vallée d'Aoste","Valle d'Aosta/Vallée d'Aoste",0,32.4697754749568,NA,39.0977443609023,70.018281535649,20.9323583180987,NA,NA,1.66158958737192,150,0,80.1716975906951,15.5358626419274,27.693159789532,27.693159789532,65.3558571032955,NA,69.6705580238715,20625.5576779026,23.6812984138694,31.2790095145695,132.682636388812,17.6688037890602,8.42230130486358,46.5610142630745,48.9381933438986,32.4697754749568,"Winter",1502871,1675263,6.04737217904628,14.2481270420431
6640,7052,"Pont-Saint-Martin","pont saint martin",2020-01-01,2020,1,"2020-01","Mont-Rose","Gennaio",694,366,10,204,3630,1596684,52,2,0.0926095528564346,892.079725122476,3.61514344593868,57.5380133470851,3592,16,63,-47,112,128,-16,21,2,19,0,23,-21,3571,1693,3565,2.1,1,6,"Nord-ovest",2,"Valle d'Aosta/Vallée d'Aoste","Valle d'Aosta/Vallée d'Aoste",0,30.1056338028169,NA,30.5084745762712,70.8255159474672,19.9812382739212,NA,NA,1.11685048164177,100,0,79.2963841965657,16.0547256736004,27.9212620410443,0,0,NA,NA,20158.5203499429,25.0465202828433,36.7054601786397,131.46279491833,17.6688037890602,NA,NA,NA,30.1056338028169,"Winter",1541284,1657940,5.90536184805457,14.2834401629078
6641,7052,"Pont-Saint-Martin","pont saint martin",2020-02-01,2020,2,"2020-02","Mont-Rose","Febbraio",707,381,10,204,3630,1448782,52,2,0.301857383372178,890.729114783322,6.42740285876229,52.7624465011309,3592,16,63,-47,112,128,-16,21,2,19,0,23,-21,3571,1693,3565,2.1,1,6,"Nord-ovest",2,"Valle d'Aosta/Vallée d'Aoste","Valle d'Aosta/Vallée d'Aoste",0,30.1056338028169,NA,30.5084745762712,70.8255159474672,19.9812382739212,NA,NA,1.11685048164177,100,0,79.2963841965657,16.0547256736004,27.9212620410443,0,0,NA,NA,20158.5203499429,25.0465202828433,36.7054601786397,131.46279491833,17.6688037890602,NA,NA,NA,30.1056338028169,"Winter",1596684,1454176,5.94542060860658,14.1862344516338
6642,7052,"Pont-Saint-Martin","pont saint martin",2020-03-01,2020,3,"2020-03","Mont-Rose","Marzo",158,44,10,204,3630,1455006,52,2,0.518071985346188,889.42934453479,6.49522470127931,67.0863321253281,3592,16,63,-47,112,128,-16,21,2,19,0,23,-21,3571,1693,3565,2.1,1,6,"Nord-ovest",2,"Valle d'Aosta/Vallée d'Aoste","Valle d'Aosta/Vallée d'Aoste",0,30.1056338028169,NA,30.5084745762712,70.8255159474672,19.9812382739212,NA,NA,1.11685048164177,100,0,79.2963841965657,16.0547256736004,27.9212620410443,0,0,NA,NA,20158.5203499429,25.0465202828433,36.7054601786397,131.46279491833,17.6688037890602,NA,NA,NA,30.1056338028169,"Spring",1448782,1504596,3.80666248977032,14.1905212695727
6643,7052,"Pont-Saint-Martin","pont saint martin",2020-04-01,2020,4,"2020-04","Mont-Rose","Aprile",78,15,10,204,3630,1332832,52,2,0.778002106340784,876.565866552643,11.4223786625366,61.8705313592675,3592,16,63,-47,112,128,-16,21,2,19,0,23,-21,3571,1693,3565,2.1,1,6,"Nord-ovest",2,"Valle d'Aosta/Vallée d'Aoste","Valle d'Aosta/Vallée d'Aoste",0,30.1056338028169,NA,30.5084745762712,70.8255159474672,19.9812382739212,NA,NA,1.11685048164177,100,0,79.2963841965657,16.0547256736004,27.9212620410443,0,0,NA,NA,20158.5203499429,25.0465202828433,36.7054601786397,131.46279491833,17.6688037890602,NA,NA,NA,30.1056338028169,"Spring",1455006,1429558,2.77258872223978,14.1028173099922
6644,7052,"Pont-Saint-Martin","pont saint martin",2020-05-01,2020,5,"2020-05","Mont-Rose","Maggio",234,37,10,204,3630,1391845,52,2,2.03662790700672,875.312495302494,14.9056039369525,71.7862630374388,3592,16,63,-47,112,128,-16,21,2,19,0,23,-21,3571,1693,3565,2.1,1,6,"Nord-ovest",2,"Valle d'Aosta/Vallée d'Aoste","Valle d'Aosta/Vallée d'Aoste",0,30.1056338028169,NA,30.5084745762712,70.8255159474672,19.9812382739212,NA,NA,1.11685048164177,100,0,79.2963841965657,16.0547256736004,27.9212620410443,0,0,NA,NA,20158.5203499429,25.0465202828433,36.7054601786397,131.46279491833,17.6688037890602,NA,NA,NA,30.1056338028169,"Spring",1332832,1455080,3.63758615972639,14.1461414815724
6645,7052,"Pont-Saint-Martin","pont saint martin",2020-06-01,2020,6,"2020-06","Mont-Rose","Giugno",342,124,10,204,3630,1385750,52,2,2.29265240676208,865.801298755627,16.8484427291384,73.120684300284,3592,16,63,-47,112,128,-16,21,2,19,0,23,-21,3571,1693,3565,2.1,1,6,"Nord-ovest",2,"Valle d'Aosta/Vallée d'Aoste","Valle d'Aosta/Vallée d'Aoste",0,30.1056338028169,NA,30.5084745762712,70.8255159474672,19.9812382739212,NA,NA,1.11685048164177,100,0,79.2963841965657,16.0547256736004,27.9212620410443,0,0,NA,NA,20158.5203499429,25.0465202828433,36.7054601786397,131.46279491833,17.6688037890602,NA,NA,NA,30.1056338028169,"Summer",1391845,1417152,4.8283137373023,14.1417527889127
6646,7052,"Pont-Saint-Martin","pont saint martin",2020-07-01,2020,7,"2020-07","Mont-Rose","Luglio",690,430,10,204,3630,1492055,52,2,0.656737106751058,866.654772843393,21.0306703321796,64.8964053323188,3592,16,63,-47,112,128,-16,21,2,19,0,23,-21,3571,1693,3565,2.1,1,6,"Nord-ovest",2,"Valle d'Aosta/Vallée d'Aoste","Valle d'Aosta/Vallée d'Aoste",0,30.1056338028169,NA,30.5084745762712,70.8255159474672,19.9812382739212,NA,NA,1.11685048164177,100,0,79.2963841965657,16.0547256736004,27.9212620410443,0,0,NA,NA,20158.5203499429,25.0465202828433,36.7054601786397,131.46279491833,17.6688037890602,NA,NA,NA,30.1056338028169,"Summer",1385750,1514993,6.06610809010375,14.2156655925535
6647,7052,"Pont-Saint-Martin","pont saint martin",2020-08-01,2020,8,"2020-08","Mont-Rose","Agosto",1650,838,10,204,3630,1480468,52,2,1.17210647479707,882.273151732197,20.8534760831344,64.6866440873413,3592,16,63,-47,112,128,-16,21,2,19,0,23,-21,3571,1693,3565,2.1,1,6,"Nord-ovest",2,"Valle d'Aosta/Vallée d'Aoste","Valle d'Aosta/Vallée d'Aoste",0,30.1056338028169,NA,30.5084745762712,70.8255159474672,19.9812382739212,NA,NA,1.11685048164177,100,0,79.2963841965657,16.0547256736004,27.9212620410443,0,0,NA,NA,20158.5203499429,25.0465202828433,36.7054601786397,131.46279491833,17.6688037890602,NA,NA,NA,30.1056338028169,"Summer",1492055,1415552,6.73221070646721,14.2078694874326
6648,7052,"Pont-Saint-Martin","pont saint martin",2020-09-01,2020,9,"2020-09","Mont-Rose","Settembre",705,432,10,204,3630,1459435,52,2,0.595773366324249,881.652258903201,16.8335500376977,69.5172027154944,3592,16,63,-47,112,128,-16,21,2,19,0,23,-21,3571,1693,3565,2.1,1,6,"Nord-ovest",2,"Valle d'Aosta/Vallée d'Aoste","Valle d'Aosta/Vallée d'Aoste",0,30.1056338028169,NA,30.5084745762712,70.8255159474672,19.9812382739212,NA,NA,1.11685048164177,100,0,79.2963841965657,16.0547256736004,27.9212620410443,0,0,NA,NA,20158.5203499429,25.0465202828433,36.7054601786397,131.46279491833,17.6688037890602,NA,NA,NA,30.1056338028169,"Autumn",1480468,1397526,6.07073772800249,14.1935606176811
6649,7052,"Pont-Saint-Martin","pont saint martin",2020-10-01,2020,10,"2020-10","Mont-Rose","Ottobre",632,216,10,204,3630,1568946,52,2,1.82435242596133,884.768174357747,9.52728749906783,74.5728698312672,3592,16,63,-47,112,128,-16,21,2,19,0,23,-21,3571,1693,3565,2.1,1,6,"Nord-ovest",2,"Valle d'Aosta/Vallée d'Aoste","Valle d'Aosta/Vallée d'Aoste",0,30.1056338028169,NA,30.5084745762712,70.8255159474672,19.9812382739212,NA,NA,1.11685048164177,100,0,79.2963841965657,16.0547256736004,27.9212620410443,0,0,NA,NA,20158.5203499429,25.0465202828433,36.7054601786397,131.46279491833,17.6688037890602,NA,NA,NA,30.1056338028169,"Autumn",1459435,1501839,5.37989735354046,14.2659152516673
6650,7052,"Pont-Saint-Martin","pont saint martin",2020-11-01,2020,11,"2020-11","Mont-Rose","Novembre",160,75,10,204,3630,1474340,52,2,0.0342097415615193,882.015097744889,7.59508908019393,66.4237335396677,3592,16,63,-47,112,128,-16,21,2,19,0,23,-21,3571,1693,3565,2.1,1,6,"Nord-ovest",2,"Valle d'Aosta/Vallée d'Aoste","Valle d'Aosta/Vallée d'Aoste",0,30.1056338028169,NA,30.5084745762712,70.8255159474672,19.9812382739212,NA,NA,1.11685048164177,100,0,79.2963841965657,16.0547256736004,27.9212620410443,0,0,NA,NA,20158.5203499429,25.0465202828433,36.7054601786397,131.46279491833,17.6688037890602,NA,NA,NA,30.1056338028169,"Autumn",1568946,1502871,4.33073334028633,14.2037216682593
6651,7052,"Pont-Saint-Martin","pont saint martin",2020-12-01,2020,12,"2020-12","Mont-Rose","Dicembre",138,74,10,204,3630,1482190,52,2,0.586405046603201,882.580335581847,2.19065760709277,72.1824988452947,3592,16,63,-47,112,128,-16,21,2,19,0,23,-21,3571,1693,3565,2.1,1,6,"Nord-ovest",2,"Valle d'Aosta/Vallée d'Aoste","Valle d'Aosta/Vallée d'Aoste",0,30.1056338028169,NA,30.5084745762712,70.8255159474672,19.9812382739212,NA,NA,1.11685048164177,100,0,79.2963841965657,16.0547256736004,27.9212620410443,0,0,NA,NA,20158.5203499429,25.0465202828433,36.7054601786397,131.46279491833,17.6688037890602,NA,NA,NA,30.1056338028169,"Winter",1474340,1541284,4.31748811353631,14.2090319564259
6652,7052,"Pont-Saint-Martin","pont saint martin",2021-01-01,2021,1,"2021-01","Mont-Rose","Gennaio",125,48,10,186,3592,1538301,52,2,0.734400963387056,880.273886689317,0.917505230420853,65.5864589836346,3571,24,50,-26,116,112,4,14,15,-1,0,5,-18,3553,1685,3550,2.1,1,3,"Nord-ovest",2,"Valle d'Aosta/Vallée d'Aoste","Valle d'Aosta/Vallée d'Aoste",0,28.0373831775701,NA,29.8245614035088,72.0659553831232,22.5994180407371,NA,NA,2.52667040988209,111.111111111111,0,78.1021897810219,16.3391353172375,28.0741156653565,56.1482313307131,509.797866367209,NA,NA,20904.3915845337,25.5779269202088,39.2248914913357,133.099943851769,17.6774827357046,7.65930511178525,48.3234244065457,47.7185089974293,28.0373831775701,"Winter",1482190,1596684,3.89182029811063,14.2461897686795
6653,7052,"Pont-Saint-Martin","pont saint martin",2021-02-01,2021,2,"2021-02","Mont-Rose","Febbraio",293,118,10,186,3592,1377935,52,2,0.318929128154223,820.83363628799,4.90773809585789,70.6108506905222,3571,24,50,-26,116,112,4,14,15,-1,0,5,-18,3553,1685,3550,2.1,1,3,"Nord-ovest",2,"Valle d'Aosta/Vallée d'Aoste","Valle d'Aosta/Vallée d'Aoste",0,28.0373831775701,NA,29.8245614035088,72.0659553831232,22.5994180407371,NA,NA,2.52667040988209,111.111111111111,0,78.1021897810219,16.3391353172375,28.0741156653565,56.1482313307131,509.797866367209,NA,NA,20904.3915845337,25.5779269202088,39.2248914913357,133.099943851769,17.6774827357046,7.65930511178525,48.3234244065457,47.7185089974293,28.0373831775701,"Winter",1538301,1448782,4.77912349311153,14.1360972853553
6654,7052,"Pont-Saint-Martin","pont saint martin",2021-03-01,2021,3,"2021-03","Mont-Rose","Marzo",269,129,10,186,3592,1448369,52,2,0.0985492058277326,825.202770596793,6.91106011206813,54.4065027504165,3571,24,50,-26,116,112,4,14,15,-1,0,5,-18,3553,1685,3550,2.1,1,3,"Nord-ovest",2,"Valle d'Aosta/Vallée d'Aoste","Valle d'Aosta/Vallée d'Aoste",0,28.0373831775701,NA,29.8245614035088,72.0659553831232,22.5994180407371,NA,NA,2.52667040988209,111.111111111111,0,78.1021897810219,16.3391353172375,28.0741156653565,56.1482313307131,509.797866367209,NA,NA,20904.3915845337,25.5779269202088,39.2248914913357,133.099943851769,17.6774827357046,7.65930511178525,48.3234244065457,47.7185089974293,28.0373831775701,"Spring",1377935,1455006,4.86753445045558,14.1859493441488
6655,7052,"Pont-Saint-Martin","pont saint martin",2021-04-01,2021,4,"2021-04","Mont-Rose","Aprile",157,87,10,186,3592,1345874,52,2,0.680146207089598,877.96114218298,8.89710926771615,62.4394191025643,3571,24,50,-26,116,112,4,14,15,-1,0,5,-18,3553,1685,3550,2.1,1,3,"Nord-ovest",2,"Valle d'Aosta/Vallée d'Aoste","Valle d'Aosta/Vallée d'Aoste",0,28.0373831775701,NA,29.8245614035088,72.0659553831232,22.5994180407371,NA,NA,2.52667040988209,111.111111111111,0,78.1021897810219,16.3391353172375,28.0741156653565,56.1482313307131,509.797866367209,NA,NA,20904.3915845337,25.5779269202088,39.2248914913357,133.099943851769,17.6774827357046,7.65930511178525,48.3234244065457,47.7185089974293,28.0373831775701,"Spring",1448369,1332832,4.47733681447821,14.112554917118
6656,7052,"Pont-Saint-Martin","pont saint martin",2021-05-01,2021,5,"2021-05","Mont-Rose","Maggio",217,129,10,186,3592,1329644,52,2,1.64654097912576,880.792012261668,12.5457399573781,67.3849339299024,3571,24,50,-26,116,112,4,14,15,-1,0,5,-18,3553,1685,3550,2.1,1,3,"Nord-ovest",2,"Valle d'Aosta/Vallée d'Aoste","Valle d'Aosta/Vallée d'Aoste",0,28.0373831775701,NA,29.8245614035088,72.0659553831232,22.5994180407371,NA,NA,2.52667040988209,111.111111111111,0,78.1021897810219,16.3391353172375,28.0741156653565,56.1482313307131,509.797866367209,NA,NA,20904.3915845337,25.5779269202088,39.2248914913357,133.099943851769,17.6774827357046,7.65930511178525,48.3234244065457,47.7185089974293,28.0373831775701,"Spring",1345874,1391845,4.86753445045558,14.1004225472759
6657,7052,"Pont-Saint-Martin","pont saint martin",2021-06-01,2021,6,"2021-06","Mont-Rose","Giugno",336,218,10,186,3592,1335411,52,2,1.82448343288246,872.05839801999,19.2011524021441,72.484396118313,3571,24,50,-26,116,112,4,14,15,-1,0,5,-18,3553,1685,3550,2.1,1,3,"Nord-ovest",2,"Valle d'Aosta/Vallée d'Aoste","Valle d'Aosta/Vallée d'Aoste",0,28.0373831775701,NA,29.8245614035088,72.0659553831232,22.5994180407371,NA,NA,2.52667040988209,111.111111111111,0,78.1021897810219,16.3391353172375,28.0741156653565,56.1482313307131,509.797866367209,NA,NA,20904.3915845337,25.5779269202088,39.2248914913357,133.099943851769,17.6774827357046,7.65930511178525,48.3234244065457,47.7185089974293,28.0373831775701,"Summer",1329644,1385750,5.3890717298165,14.1047504164371
6658,7052,"Pont-Saint-Martin","pont saint martin",2021-07-01,2021,7,"2021-07","Mont-Rose","Luglio",902,620,10,186,3592,1390684,52,2,1.64997891862161,882.589345274421,19.9947970263452,72.3828707918013,3571,24,50,-26,116,112,4,14,15,-1,0,5,-18,3553,1685,3550,2.1,1,3,"Nord-ovest",2,"Valle d'Aosta/Vallée d'Aoste","Valle d'Aosta/Vallée d'Aoste",0,28.0373831775701,NA,29.8245614035088,72.0659553831232,22.5994180407371,NA,NA,2.52667040988209,111.111111111111,0,78.1021897810219,16.3391353172375,28.0741156653565,56.1482313307131,509.797866367209,NA,NA,20904.3915845337,25.5779269202088,39.2248914913357,133.099943851769,17.6774827357046,7.65930511178525,48.3234244065457,47.7185089974293,28.0373831775701,"Summer",1335411,1492055,6.43133108193348,14.1453069894734
6659,7052,"Pont-Saint-Martin","pont saint martin",2021-08-01,2021,8,"2021-08","Mont-Rose","Agosto",1843,1065,10,186,3592,1294811,52,2,0.449093894784551,874.850955401057,19.5489943876401,69.3214838833775,3571,24,50,-26,116,112,4,14,15,-1,0,5,-18,3553,1685,3550,2.1,1,3,"Nord-ovest",2,"Valle d'Aosta/Vallée d'Aoste","Valle d'Aosta/Vallée d'Aoste",0,28.0373831775701,NA,29.8245614035088,72.0659553831232,22.5994180407371,NA,NA,2.52667040988209,111.111111111111,0,78.1021897810219,16.3391353172375,28.0741156653565,56.1482313307131,509.797866367209,NA,NA,20904.3915845337,25.5779269202088,39.2248914913357,133.099943851769,17.6774827357046,7.65930511178525,48.3234244065457,47.7185089974293,28.0373831775701,"Summer",1390684,1480468,6.97166860472579,14.0738760688319
6660,7052,"Pont-Saint-Martin","pont saint martin",2021-09-01,2021,9,"2021-09","Mont-Rose","Settembre",1022,609,10,186,3592,1311862,52,2,0.689455411580914,876.502871027902,17.0130536552374,71.5127551763913,3571,24,50,-26,116,112,4,14,15,-1,0,5,-18,3553,1685,3550,2.1,1,3,"Nord-ovest",2,"Valle d'Aosta/Vallée d'Aoste","Valle d'Aosta/Vallée d'Aoste",0,28.0373831775701,NA,29.8245614035088,72.0659553831232,22.5994180407371,NA,NA,2.52667040988209,111.111111111111,0,78.1021897810219,16.3391353172375,28.0741156653565,56.1482313307131,509.797866367209,NA,NA,20904.3915845337,25.5779269202088,39.2248914913357,133.099943851769,17.6774827357046,7.65930511178525,48.3234244065457,47.7185089974293,28.0373831775701,"Autumn",1294811,1459435,6.41345895716736,14.0869588223022
6661,7052,"Pont-Saint-Martin","pont saint martin",2021-10-01,2021,10,"2021-10","Mont-Rose","Ottobre",986,511,10,186,3592,1339494,52,2,1.62805207215845,881.217500688692,10.2071759573272,71.4562953884314,3571,24,50,-26,116,112,4,14,15,-1,0,5,-18,3553,1685,3550,2.1,1,3,"Nord-ovest",2,"Valle d'Aosta/Vallée d'Aoste","Valle d'Aosta/Vallée d'Aoste",0,28.0373831775701,NA,29.8245614035088,72.0659553831232,22.5994180407371,NA,NA,2.52667040988209,111.111111111111,0,78.1021897810219,16.3391353172375,28.0741156653565,56.1482313307131,509.797866367209,NA,NA,20904.3915845337,25.5779269202088,39.2248914913357,133.099943851769,17.6774827357046,7.65930511178525,48.3234244065457,47.7185089974293,28.0373831775701,"Autumn",1311862,1568946,6.23832462503951,14.1078032352237
6662,7052,"Pont-Saint-Martin","pont saint martin",2021-11-01,2021,11,"2021-11","Mont-Rose","Novembre",649,265,10,186,3592,1404466,52,2,0.908807947531992,884.296289607715,5.66820893774572,73.8007318840013,3571,24,50,-26,116,112,4,14,15,-1,0,5,-18,3553,1685,3550,2.1,1,3,"Nord-ovest",2,"Valle d'Aosta/Vallée d'Aoste","Valle d'Aosta/Vallée d'Aoste",0,28.0373831775701,NA,29.8245614035088,72.0659553831232,22.5994180407371,NA,NA,2.52667040988209,111.111111111111,0,78.1021897810219,16.3391353172375,28.0741156653565,56.1482313307131,509.797866367209,NA,NA,20904.3915845337,25.5779269202088,39.2248914913357,133.099943851769,17.6774827357046,7.65930511178525,48.3234244065457,47.7185089974293,28.0373831775701,"Autumn",1339494,1474340,5.5834963087817,14.1551684293444
6663,7052,"Pont-Saint-Martin","pont saint martin",2021-12-01,2021,12,"2021-12","Mont-Rose","Dicembre",637,370,10,186,3592,1404322,52,2,0.313444823459003,886.267785112967,3.54566559015527,56.9186319356004,3571,24,50,-26,116,112,4,14,15,-1,0,5,-18,3553,1685,3550,2.1,1,3,"Nord-ovest",2,"Valle d'Aosta/Vallée d'Aoste","Valle d'Aosta/Vallée d'Aoste",0,28.0373831775701,NA,29.8245614035088,72.0659553831232,22.5994180407371,NA,NA,2.52667040988209,111.111111111111,0,78.1021897810219,16.3391353172375,28.0741156653565,56.1482313307131,509.797866367209,NA,NA,20904.3915845337,25.5779269202088,39.2248914913357,133.099943851769,17.6774827357046,7.65930511178525,48.3234244065457,47.7185089974293,28.0373831775701,"Winter",1404466,1482190,5.91620206260743,14.1550658940889
6664,7052,"Pont-Saint-Martin","pont saint martin",2022-01-01,2022,1,"2022-01","Mont-Rose","Gennaio",433,210,10,186,3571,1350028,52,2,0.0530526431786004,886.78101395124,3.88702289983595,48.181526455948,3553,21,45,-24,114,111,3,24,18,6,0,3,-12,3541,1679,3538,2.1,1,3,"Nord-ovest",2,"Valle d'Aosta/Vallée d'Aoste","Valle d'Aosta/Vallée d'Aoste",0,26.6373948042444,NA,36.0655737704918,73.2741617357002,23.767258382643,NA,NA,0.563856780377784,100,0,77.0510290386242,15.9289540456724,28.1928390188892,28.1928390188892,5.63856780377784,NA,NA,21983.7772333208,23.1539888682746,31.8873750019201,NA,17.68,5.91019251582125,49.4402553347025,47.5715664200708,26.6373948042444,"Winter",1404322,1538301,5.35185813347607,14.1156366316654
6665,7052,"Pont-Saint-Martin","pont saint martin",2022-02-01,2022,2,"2022-02","Mont-Rose","Febbraio",585,275,10,186,3571,1199139,52,2,0.062212808018324,893.99633260506,5.49058666893068,48.6668628619192,3553,21,45,-24,114,111,3,24,18,6,0,3,-12,3541,1679,3538,2.1,1,3,"Nord-ovest",2,"Valle d'Aosta/Vallée d'Aoste","Valle d'Aosta/Vallée d'Aoste",0,26.6373948042444,NA,36.0655737704918,73.2741617357002,23.767258382643,NA,NA,0.563856780377784,100,0,77.0510290386242,15.9289540456724,28.1928390188892,28.1928390188892,5.63856780377784,NA,NA,21983.7772333208,23.1539888682746,31.8873750019201,NA,17.68,5.91019251582125,49.4402553347025,47.5715664200708,26.6373948042444,"Winter",1350028,1377935,5.62040086571715,13.9971151911632
6666,7052,"Pont-Saint-Martin","pont saint martin",2022-03-01,2022,3,"2022-03","Mont-Rose","Marzo",492,239,10,186,3571,1304187,52,2,0.307194478546464,889.674362580531,6.17381387143088,56.1270668163351,3553,21,45,-24,114,111,3,24,18,6,0,3,-12,3541,1679,3538,2.1,1,3,"Nord-ovest",2,"Valle d'Aosta/Vallée d'Aoste","Valle d'Aosta/Vallée d'Aoste",0,26.6373948042444,NA,36.0655737704918,73.2741617357002,23.767258382643,NA,NA,0.563856780377784,100,0,77.0510290386242,15.9289540456724,28.1928390188892,28.1928390188892,5.63856780377784,NA,NA,21983.7772333208,23.1539888682746,31.8873750019201,NA,17.68,5.91019251582125,49.4402553347025,47.5715664200708,26.6373948042444,"Spring",1199139,1448369,5.48063892334199,14.0810911828561
6667,7052,"Pont-Saint-Martin","pont saint martin",2022-04-01,2022,4,"2022-04","Mont-Rose","Aprile",918,410,10,186,3571,1184865,52,2,0.448539356750036,880.131116037697,10.0033313540669,61.7485980946431,3553,21,45,-24,114,111,3,24,18,6,0,3,-12,3541,1679,3538,2.1,1,3,"Nord-ovest",2,"Valle d'Aosta/Vallée d'Aoste","Valle d'Aosta/Vallée d'Aoste",0,26.6373948042444,NA,36.0655737704918,73.2741617357002,23.767258382643,NA,NA,0.563856780377784,100,0,77.0510290386242,15.9289540456724,28.1928390188892,28.1928390188892,5.63856780377784,NA,NA,21983.7772333208,23.1539888682746,31.8873750019201,NA,17.68,5.91019251582125,49.4402553347025,47.5715664200708,26.6373948042444,"Spring",1304187,1345874,6.01859321449623,13.9851402459885
6668,7052,"Pont-Saint-Martin","pont saint martin",2022-05-01,2022,5,"2022-05","Mont-Rose","Maggio",774,535,10,186,3571,1262728,52,2,1.19467420204234,881.113452567465,16.6918225706867,71.754647725148,3553,21,45,-24,114,111,3,24,18,6,0,3,-12,3541,1679,3538,2.1,1,3,"Nord-ovest",2,"Valle d'Aosta/Vallée d'Aoste","Valle d'Aosta/Vallée d'Aoste",0,26.6373948042444,NA,36.0655737704918,73.2741617357002,23.767258382643,NA,NA,0.563856780377784,100,0,77.0510290386242,15.9289540456724,28.1928390188892,28.1928390188892,5.63856780377784,NA,NA,21983.7772333208,23.1539888682746,31.8873750019201,NA,17.68,5.91019251582125,49.4402553347025,47.5715664200708,26.6373948042444,"Spring",1184865,1329644,6.2841341610708,14.0487858098218
6669,7052,"Pont-Saint-Martin","pont saint martin",2022-06-01,2022,6,"2022-06","Mont-Rose","Giugno",1042,666,10,186,3571,1228756,52,2,1.29151496455658,883.445621836053,20.9643048488647,62.3934144475084,3553,21,45,-24,114,111,3,24,18,6,0,3,-12,3541,1679,3538,2.1,1,3,"Nord-ovest",2,"Valle d'Aosta/Vallée d'Aoste","Valle d'Aosta/Vallée d'Aoste",0,26.6373948042444,NA,36.0655737704918,73.2741617357002,23.767258382643,NA,NA,0.563856780377784,100,0,77.0510290386242,15.9289540456724,28.1928390188892,28.1928390188892,5.63856780377784,NA,NA,21983.7772333208,23.1539888682746,31.8873750019201,NA,17.68,5.91019251582125,49.4402553347025,47.5715664200708,26.6373948042444,"Summer",1262728,1335411,6.50279004591562,14.0215136472737
6670,7052,"Pont-Saint-Martin","pont saint martin",2022-07-01,2022,7,"2022-07","Mont-Rose","Luglio",1561,972,10,186,3571,1280092,52,2,0.399160759157471,880.444280588709,23.2346368252457,57.8283507371985,3553,21,45,-24,114,111,3,24,18,6,0,3,-12,3541,1679,3538,2.1,1,3,"Nord-ovest",2,"Valle d'Aosta/Vallée d'Aoste","Valle d'Aosta/Vallée d'Aoste",0,26.6373948042444,NA,36.0655737704918,73.2741617357002,23.767258382643,NA,NA,0.563856780377784,100,0,77.0510290386242,15.9289540456724,28.1928390188892,28.1928390188892,5.63856780377784,NA,NA,21983.7772333208,23.1539888682746,31.8873750019201,NA,17.68,5.91019251582125,49.4402553347025,47.5715664200708,26.6373948042444,"Summer",1228756,1390684,6.880384082186,14.0624432895065
6671,7052,"Pont-Saint-Martin","pont saint martin",2022-08-01,2022,8,"2022-08","Mont-Rose","Agosto",2068,1015,10,186,3571,1190328,52,2,0.487565480853903,875.55947101001,21.5675060732574,60.8506279672826,3553,21,45,-24,114,111,3,24,18,6,0,3,-12,3541,1679,3538,2.1,1,3,"Nord-ovest",2,"Valle d'Aosta/Vallée d'Aoste","Valle d'Aosta/Vallée d'Aoste",0,26.6373948042444,NA,36.0655737704918,73.2741617357002,23.767258382643,NA,NA,0.563856780377784,100,0,77.0510290386242,15.9289540456724,28.1928390188892,28.1928390188892,5.63856780377784,NA,NA,21983.7772333208,23.1539888682746,31.8873750019201,NA,17.68,5.91019251582125,49.4402553347025,47.5715664200708,26.6373948042444,"Summer",1280092,1294811,6.92362862813843,13.989740297465
6672,7052,"Pont-Saint-Martin","pont saint martin",2022-09-01,2022,9,"2022-09","Mont-Rose","Settembre",974,557,10,186,3571,1203798,52,2,0.612684132397189,885.294297448788,16.3135586799325,63.5272931478402,3553,21,45,-24,114,111,3,24,18,6,0,3,-12,3541,1679,3538,2.1,1,3,"Nord-ovest",2,"Valle d'Aosta/Vallée d'Aoste","Valle d'Aosta/Vallée d'Aoste",0,26.6373948042444,NA,36.0655737704918,73.2741617357002,23.767258382643,NA,NA,0.563856780377784,100,0,77.0510290386242,15.9289540456724,28.1928390188892,28.1928390188892,5.63856780377784,NA,NA,21983.7772333208,23.1539888682746,31.8873750019201,NA,17.68,5.91019251582125,49.4402553347025,47.5715664200708,26.6373948042444,"Autumn",1190328,1311862,6.32435896238131,14.0009929473927
6673,7052,"Pont-Saint-Martin","pont saint martin",2022-10-01,2022,10,"2022-10","Mont-Rose","Ottobre",740,435,10,186,3571,1176225,52,2,0.617661825843897,888.112477806481,14.4486598444376,75.1946253805568,3553,21,45,-24,114,111,3,24,18,6,0,3,-12,3541,1679,3538,2.1,1,3,"Nord-ovest",2,"Valle d'Aosta/Vallée d'Aoste","Valle d'Aosta/Vallée d'Aoste",0,26.6373948042444,NA,36.0655737704918,73.2741617357002,23.767258382643,NA,NA,0.563856780377784,100,0,77.0510290386242,15.9289540456724,28.1928390188892,28.1928390188892,5.63856780377784,NA,NA,21983.7772333208,23.1539888682746,31.8873750019201,NA,17.68,5.91019251582125,49.4402553347025,47.5715664200708,26.6373948042444,"Autumn",1203798,1339494,6.07764224334903,13.9778215658478
6674,7052,"Pont-Saint-Martin","pont saint martin",2022-11-01,2022,11,"2022-11","Mont-Rose","Novembre",310,217,10,186,3571,1215184,52,2,0.543396132043755,883.06421200876,7.07801042656601,64.5674140541762,3553,21,45,-24,114,111,3,24,18,6,0,3,-12,3541,1679,3538,2.1,1,3,"Nord-ovest",2,"Valle d'Aosta/Vallée d'Aoste","Valle d'Aosta/Vallée d'Aoste",0,26.6373948042444,NA,36.0655737704918,73.2741617357002,23.767258382643,NA,NA,0.563856780377784,100,0,77.0510290386242,15.9289540456724,28.1928390188892,28.1928390188892,5.63856780377784,NA,NA,21983.7772333208,23.1539888682746,31.8873750019201,NA,17.68,5.91019251582125,49.4402553347025,47.5715664200708,26.6373948042444,"Autumn",1176225,1404466,5.38449506278909,14.0104068865404
6675,7052,"Pont-Saint-Martin","pont saint martin",2022-12-01,2022,12,"2022-12","Mont-Rose","Dicembre",823,411,10,186,3571,1305196,52,2,0.415939219917401,877.955852423261,2.3008443733238,72.5179456194239,3553,21,45,-24,114,111,3,24,18,6,0,3,-12,3541,1679,3538,2.1,1,3,"Nord-ovest",2,"Valle d'Aosta/Vallée d'Aoste","Valle d'Aosta/Vallée d'Aoste",0,26.6373948042444,NA,36.0655737704918,73.2741617357002,23.767258382643,NA,NA,0.563856780377784,100,0,77.0510290386242,15.9289540456724,28.1928390188892,28.1928390188892,5.63856780377784,NA,NA,21983.7772333208,23.1539888682746,31.8873750019201,NA,17.68,5.91019251582125,49.4402553347025,47.5715664200708,26.6373948042444,"Winter",1215184,1404322,6.02102334934953,14.0818645452003
6676,7052,"Pont-Saint-Martin","pont saint martin",2023-01-01,2023,1,"2023-01","Mont-Rose","Gennaio",685,361,10,186,3553,1342088,52,2,0.311423458634303,862.409287387835,2.80305671863133,59.9554955526225,3541,23,36,-13,123,128,-5,37,25,12,0,6,0,3541,1682,3539,2.1,1,2,NA,NA,NA,NA,NA,NA,NA,NA,NA,NA,NA,NA,NA,NA,NA,NA,NA,NA,NA,NA,NA,NA,NA,NA,NA,NA,NA,NA,NA,NA,NA,"Winter",1305196,1350028,5.89164421182577,14.1097379132417
6677,7052,"Pont-Saint-Martin","pont saint martin",2023-02-01,2023,2,"2023-02","Mont-Rose","Febbraio",594,324,10,186,3553,1191488,52,2,0.0959622225584241,883.041977792761,5.10070462022473,59.0513083549762,3541,23,36,-13,123,128,-5,37,25,12,0,6,0,3541,1682,3539,2.1,1,2,NA,NA,NA,NA,NA,NA,NA,NA,NA,NA,NA,NA,NA,NA,NA,NA,NA,NA,NA,NA,NA,NA,NA,NA,NA,NA,NA,NA,NA,NA,NA,"Winter",1342088,1199139,5.78382518232974,13.9907143434179
6678,7052,"Pont-Saint-Martin","pont saint martin",2023-03-01,2023,3,"2023-03","Mont-Rose","Marzo",703,386,10,186,3553,1274429,52,2,0.886435361974092,880.280524553569,8.03721750847338,61.1545260842099,3541,23,36,-13,123,128,-5,37,25,12,0,6,0,3541,1682,3539,2.1,1,2,NA,NA,NA,NA,NA,NA,NA,NA,NA,NA,NA,NA,NA,NA,NA,NA,NA,NA,NA,NA,NA,NA,NA,NA,NA,NA,NA,NA,NA,NA,NA,"Spring",1191488,1304187,5.95842469302978,14.0580095777905
6679,7052,"Pont-Saint-Martin","pont saint martin",2023-04-01,2023,4,"2023-04","Mont-Rose","Aprile",1007,448,10,186,3553,1130926,52,2,1.15267583431801,875.0877159448,10.09544027799,59.2866713041212,3541,23,36,-13,123,128,-5,37,25,12,0,6,0,3541,1682,3539,2.1,1,2,NA,NA,NA,NA,NA,NA,NA,NA,NA,NA,NA,NA,NA,NA,NA,NA,NA,NA,NA,NA,NA,NA,NA,NA,NA,NA,NA,NA,NA,NA,NA,"Spring",1274429,1184865,6.10702288774225,13.9385482083644
6680,7052,"Pont-Saint-Martin","pont saint martin",2023-05-01,2023,5,"2023-05","Mont-Rose","Maggio",810,528,10,186,3553,1160663,52,2,3.38196247908689,871.42907844981,13.6254843953969,79.8163890349186,3541,23,36,-13,123,128,-5,37,25,12,0,6,0,3541,1682,3539,2.1,1,2,NA,NA,NA,NA,NA,NA,NA,NA,NA,NA,NA,NA,NA,NA,NA,NA,NA,NA,NA,NA,NA,NA,NA,NA,NA,NA,NA,NA,NA,NA,NA,"Spring",1130926,1262728,6.2709884318583,13.9645028131094
6681,7052,"Pont-Saint-Martin","pont saint martin",2023-06-01,2023,6,"2023-06","Mont-Rose","Giugno",1172,717,10,186,3553,1170334,52,2,1.17059612089967,875.422382399493,18.9328335869565,73.9029808272093,3541,23,36,-13,123,128,-5,37,25,12,0,6,0,3541,1682,3539,2.1,1,2,NA,NA,NA,NA,NA,NA,NA,NA,NA,NA,NA,NA,NA,NA,NA,NA,NA,NA,NA,NA,NA,NA,NA,NA,NA,NA,NA,NA,NA,NA,NA,"Summer",1160663,1228756,6.57646956904822,13.9728005905771
6682,7052,"Pont-Saint-Martin","pont saint martin",2023-07-01,2023,7,"2023-07","Mont-Rose","Luglio",1441,939,10,186,3553,1272539,52,2,0.855001404435724,873.733680003004,21.6654384169505,64.9175203681965,3541,23,36,-13,123,128,-5,37,25,12,0,6,0,3541,1682,3539,2.1,1,2,NA,NA,NA,NA,NA,NA,NA,NA,NA,NA,NA,NA,NA,NA,NA,NA,NA,NA,NA,NA,NA,NA,NA,NA,NA,NA,NA,NA,NA,NA,NA,"Summer",1170334,1280092,6.84587987526405,14.0565254610974
6683,7052,"Pont-Saint-Martin","pont saint martin",2023-08-01,2023,8,"2023-08","Mont-Rose","Agosto",1747,983,10,186,3553,1183130,52,2,2.0515929436175,872.966296826847,21.2583845679006,59.7089041208153,3541,23,36,-13,123,128,-5,37,25,12,0,6,0,3541,1682,3539,2.1,1,2,NA,NA,NA,NA,NA,NA,NA,NA,NA,NA,NA,NA,NA,NA,NA,NA,NA,NA,NA,NA,NA,NA,NA,NA,NA,NA,NA,NA,NA,NA,NA,"Summer",1272539,1190328,6.89162589705225,13.9836748722482
6684,7052,"Pont-Saint-Martin","pont saint martin",2023-09-01,2023,9,"2023-09","Mont-Rose","Settembre",1390,704,10,186,3553,1211299,52,2,1.278509866186,839.861504642172,17.8882711665122,75.7080477923977,3541,23,36,-13,123,128,-5,37,25,12,0,6,0,3541,1682,3539,2.1,1,2,NA,NA,NA,NA,NA,NA,NA,NA,NA,NA,NA,NA,NA,NA,NA,NA,NA,NA,NA,NA,NA,NA,NA,NA,NA,NA,NA,NA,NA,NA,NA,"Autumn",1183130,1203798,6.55819780281227,14.0072047210049
6685,7052,"Pont-Saint-Martin","pont saint martin",2023-10-01,2023,10,"2023-10","Mont-Rose","Ottobre",989,438,10,186,3553,1259510,52,2,0.985078205780094,886.607483586963,13.9963675907549,72.6111887542678,3541,23,36,-13,123,128,-5,37,25,12,0,6,0,3541,1682,3539,2.1,1,2,NA,NA,NA,NA,NA,NA,NA,NA,NA,NA,NA,NA,NA,NA,NA,NA,NA,NA,NA,NA,NA,NA,NA,NA,NA,NA,NA,NA,NA,NA,NA,"Autumn",1211299,1176225,6.08449941307517,14.0462341083611
6686,7052,"Pont-Saint-Martin","pont saint martin",2023-11-01,2023,11,"2023-11","Mont-Rose","Novembre",621,211,10,186,3553,1305522,52,2,0.863632891781045,884.794335669385,5.9923693910137,64.5482269976873,3541,23,36,-13,123,128,-5,37,25,12,0,6,0,3541,1682,3539,2.1,1,2,NA,NA,NA,NA,NA,NA,NA,NA,NA,NA,NA,NA,NA,NA,NA,NA,NA,NA,NA,NA,NA,NA,NA,NA,NA,NA,NA,NA,NA,NA,NA,"Autumn",1259510,1215184,5.35658627467201,14.0821142847371
6687,7052,"Pont-Saint-Martin","pont saint martin",2023-12-01,2023,12,"2023-12","Mont-Rose","Dicembre",1184,516,10,186,3553,1350623,52,2,0.517655077258073,880.453920283222,5.74917459596058,60.6053164230201,3541,23,36,-13,123,128,-5,37,25,12,0,6,0,3541,1682,3539,2.1,1,2,NA,NA,NA,NA,NA,NA,NA,NA,NA,NA,NA,NA,NA,NA,NA,NA,NA,NA,NA,NA,NA,NA,NA,NA,NA,NA,NA,NA,NA,NA,NA,"Winter",1305522,1305196,6.24804287450843,14.116077265845
6688,7052,"Pont-Saint-Martin","pont saint martin",2024-01-01,2024,1,"2024-01","Mont-Rose","Gennaio",945,465,10,211,3541,1412984,52,2,0.343173033633418,881.358607510976,3.82776208917148,61.5118793702213,3541,18,45,-27,102,116,-14,37,19,18,0,8,-15,3526,1681,3523,2.1,1,3,NA,NA,NA,NA,NA,NA,NA,NA,NA,NA,NA,NA,NA,NA,NA,NA,NA,NA,NA,NA,NA,NA,NA,NA,NA,NA,NA,NA,NA,NA,NA,"Winter",1350623,1342088,6.14418563412565,14.1612150458991
6689,7052,"Pont-Saint-Martin","pont saint martin",2024-02-01,2024,2,"2024-02","Mont-Rose","Febbraio",1070,536,10,211,3541,1306065,52,2,3.06746451362981,880.99335514367,6.94926997472075,64.7344135624629,3541,18,45,-27,102,116,-14,37,19,18,0,8,-15,3526,1681,3523,2.1,1,3,NA,NA,NA,NA,NA,NA,NA,NA,NA,NA,NA,NA,NA,NA,NA,NA,NA,NA,NA,NA,NA,NA,NA,NA,NA,NA,NA,NA,NA,NA,NA,"Winter",1412984,1191488,6.28599809450886,14.0825301235294
6690,7052,"Pont-Saint-Martin","pont saint martin",2024-03-01,2024,3,"2024-03","Mont-Rose","Marzo",888,477,10,211,3541,1351048,52,2,6.74034037619684,880.759496920292,7.34292474276702,72.3476431893627,3541,18,45,-27,102,116,-14,37,19,18,0,8,-15,3526,1681,3523,2.1,1,3,NA,NA,NA,NA,NA,NA,NA,NA,NA,NA,NA,NA,NA,NA,NA,NA,NA,NA,NA,NA,NA,NA,NA,NA,NA,NA,NA,NA,NA,NA,NA,"Spring",1306065,1274429,6.16961073249146,14.1163918857147
6691,7052,"Pont-Saint-Martin","pont saint martin",2024-04-01,2024,4,"2024-04","Mont-Rose","Aprile",1178,553,10,211,3541,1231972,52,2,1.98731524005595,877.412967720596,10.7058512115091,62.5919249014704,3541,18,45,-27,102,116,-14,37,19,18,0,8,-15,3526,1681,3523,2.1,1,3,NA,NA,NA,NA,NA,NA,NA,NA,NA,NA,NA,NA,NA,NA,NA,NA,NA,NA,NA,NA,NA,NA,NA,NA,NA,NA,NA,NA,NA,NA,NA,"Spring",1351048,1130926,6.31716468674728,14.024127507251
6692,7052,"Pont-Saint-Martin","pont saint martin",2024-05-01,2024,5,"2024-05","Mont-Rose","Maggio",1075,518,10,211,3541,1251839,52,2,3.90873233693226,880.750830823305,12.8955125665561,84.9305263198731,3541,18,45,-27,102,116,-14,37,19,18,0,8,-15,3526,1681,3523,2.1,1,3,NA,NA,NA,NA,NA,NA,NA,NA,NA,NA,NA,NA,NA,NA,NA,NA,NA,NA,NA,NA,NA,NA,NA,NA,NA,NA,NA,NA,NA,NA,NA,"Spring",1231972,1160663,6.25190388316589,14.0401250269485
6693,7052,"Pont-Saint-Martin","pont saint martin",2024-06-01,2024,6,"2024-06","Mont-Rose","Giugno",1341,725,10,211,3541,1196291,52,2,1.40391068546457,870.797894707365,17.4579002478478,75.7060626496963,3541,18,45,-27,102,116,-14,37,19,18,0,8,-15,3526,1681,3523,2.1,1,3,NA,NA,NA,NA,NA,NA,NA,NA,NA,NA,NA,NA,NA,NA,NA,NA,NA,NA,NA,NA,NA,NA,NA,NA,NA,NA,NA,NA,NA,NA,NA,"Summer",1251839,1170334,6.5875500148248,13.9947373308508
6694,7052,"Pont-Saint-Martin","pont saint martin",2024-07-01,2024,7,"2024-07","Mont-Rose","Luglio",1716,899,10,211,3541,1424991,52,2,0.455020003466691,871.508686349705,21.6369727041288,72.4557430121633,3541,18,45,-27,102,116,-14,37,19,18,0,8,-15,3526,1681,3523,2.1,1,3,NA,NA,NA,NA,NA,NA,NA,NA,NA,NA,NA,NA,NA,NA,NA,NA,NA,NA,NA,NA,NA,NA,NA,NA,NA,NA,NA,NA,NA,NA,NA,"Summer",1196291,1272539,6.80239476332431,14.169676757634
6695,7052,"Pont-Saint-Martin","pont saint martin",2024-08-01,2024,8,"2024-08","Mont-Rose","Agosto",2400,1076,10,211,3541,1359826,52,2,0.46899771040435,877.32658008126,22.6251825623491,63.6186704457392,3541,18,45,-27,102,116,-14,37,19,18,0,8,-15,3526,1681,3523,2.1,1,3,NA,NA,NA,NA,NA,NA,NA,NA,NA,NA,NA,NA,NA,NA,NA,NA,NA,NA,NA,NA,NA,NA,NA,NA,NA,NA,NA,NA,NA,NA,NA,"Summer",1424991,1183130,6.98193467715639,14.1228680437385
6696,7052,"Pont-Saint-Martin","pont saint martin",2024-09-01,2024,9,"2024-09","Mont-Rose","Settembre",1325,722,10,211,3541,1267957,52,2,1.52713962937529,880.646554173482,15.3489048633297,71.3851730657505,3541,18,45,-27,102,116,-14,37,19,18,0,8,-15,3526,1681,3523,2.1,1,3,NA,NA,NA,NA,NA,NA,NA,NA,NA,NA,NA,NA,NA,NA,NA,NA,NA,NA,NA,NA,NA,NA,NA,NA,NA,NA,NA,NA,NA,NA,NA,"Autumn",1359826,1211299,6.58340922215876,14.0529182904023
6697,7052,"Pont-Saint-Martin","pont saint martin",2024-10-01,2024,10,"2024-10","Mont-Rose","Ottobre",820,363,10,211,3541,1290082,52,2,4.78519639578512,879.621775016779,12.1233420266025,85.7676875683561,3541,18,45,-27,102,116,-14,37,19,18,0,8,-15,3526,1681,3523,2.1,1,3,NA,NA,NA,NA,NA,NA,NA,NA,NA,NA,NA,NA,NA,NA,NA,NA,NA,NA,NA,NA,NA,NA,NA,NA,NA,NA,NA,NA,NA,NA,NA,"Autumn",1267957,1259510,5.89715386763674,14.0702171153533
6698,7052,"Pont-Saint-Martin","pont saint martin",2024-11-01,2024,11,"2024-11","Mont-Rose","Novembre",545,281,10,211,3541,1314831,52,2,0.528653826344624,883.941527276452,6.17988315969575,64.0734132075819,3541,18,45,-27,102,116,-14,37,19,18,0,8,-15,3526,1681,3523,2.1,1,3,NA,NA,NA,NA,NA,NA,NA,NA,NA,NA,NA,NA,NA,NA,NA,NA,NA,NA,NA,NA,NA,NA,NA,NA,NA,NA,NA,NA,NA,NA,NA,"Autumn",1290082,1305522,5.64190707093811,14.0892194587784
6699,7052,"Pont-Saint-Martin","pont saint martin",2024-12-01,2024,12,"2024-12","Mont-Rose","Dicembre",870,480,10,211,3541,1374214,52,2,0.126302250115358,885.924319169337,4.07438934637741,54.7384211929938,3541,18,45,-27,102,116,-14,37,19,18,0,8,-15,3526,1681,3523,2.1,1,3,NA,NA,NA,NA,NA,NA,NA,NA,NA,NA,NA,NA,NA,NA,NA,NA,NA,NA,NA,NA,NA,NA,NA,NA,NA,NA,NA,NA,NA,NA,NA,"Winter",1314831,1350623,6.17586727010576,14.1333932169613
6700,7052,"Pont-Saint-Martin","pont saint martin",2025-01-01,2025,1,"2025-01","Mont-Rose","Gennaio",1060,497,35,300,3541,869637,52,2,0.832529658029025,889.076389777282,2.09805080312583,73.1345786861296,NA,NA,NA,NA,NA,NA,NA,NA,NA,NA,NA,NA,NA,NA,NA,NA,NA,NA,NA,NA,NA,NA,NA,NA,NA,NA,NA,NA,NA,NA,NA,NA,NA,NA,NA,NA,NA,NA,NA,NA,NA,NA,NA,NA,NA,NA,NA,NA,NA,NA,"Winter",1374214,1412984,6.21060007702465,13.6758323120865
6701,7052,"Pont-Saint-Martin","pont saint martin",2025-02-01,2025,2,"2025-02","Mont-Rose","Febbraio",888,492,35,300,3541,796737,52,2,0.186824875707029,888.650014756366,3.9520144235587,73.5467586617612,NA,NA,NA,NA,NA,NA,NA,NA,NA,NA,NA,NA,NA,NA,NA,NA,NA,NA,NA,NA,NA,NA,NA,NA,NA,NA,NA,NA,NA,NA,NA,NA,NA,NA,NA,NA,NA,NA,NA,NA,NA,NA,NA,NA,NA,NA,NA,NA,NA,NA,"Winter",869637,1306065,6.20050917404269,13.5882811709801
6702,7052,"Pont-Saint-Martin","pont saint martin",2025-03-01,2025,3,"2025-03","Mont-Rose","Marzo",859,492,35,300,3541,789499,52,2,1.80172251811026,882.843916661242,7.31557328201618,70.3587176310978,NA,NA,NA,NA,NA,NA,NA,NA,NA,NA,NA,NA,NA,NA,NA,NA,NA,NA,NA,NA,NA,NA,NA,NA,NA,NA,NA,NA,NA,NA,NA,NA,NA,NA,NA,NA,NA,NA,NA,NA,NA,NA,NA,NA,NA,NA,NA,NA,NA,NA,"Spring",796737,1351048,6.20050917404269,13.5791551126778
6703,7052,"Pont-Saint-Martin","pont saint martin",2025-04-01,2025,4,"2025-04","Mont-Rose","Aprile",926,470,35,300,3541,710120,52,2,5.62135778468187,878.027859075735,10.8947986444085,72.4640553276612,NA,NA,NA,NA,NA,NA,NA,NA,NA,NA,NA,NA,NA,NA,NA,NA,NA,NA,NA,NA,NA,NA,NA,NA,NA,NA,NA,NA,NA,NA,NA,NA,NA,NA,NA,NA,NA,NA,NA,NA,NA,NA,NA,NA,NA,NA,NA,NA,NA,NA,"Spring",789499,1231972,6.15485809401642,13.4731906570324
6704,7052,"Pont-Saint-Martin","pont saint martin",2025-05-01,2025,5,"2025-05","Mont-Rose","Maggio",1271,591,35,300,3541,672386,52,2,1.39985340069787,877.801620138969,14.3258177150429,73.1178336297947,NA,NA,NA,NA,NA,NA,NA,NA,NA,NA,NA,NA,NA,NA,NA,NA,NA,NA,NA,NA,NA,NA,NA,NA,NA,NA,NA,NA,NA,NA,NA,NA,NA,NA,NA,NA,NA,NA,NA,NA,NA,NA,NA,NA,NA,NA,NA,NA,NA,NA,"Spring",710120,1251839,6.38350663488401,13.4185893465998
6705,7052,"Pont-Saint-Martin","pont saint martin",2025-06-01,2025,6,"2025-06","Mont-Rose","Giugno",1549,803,35,300,3541,747351,52,2,0.782949418001663,871.347873508347,21.2941535952492,68.1681307134212,NA,NA,NA,NA,NA,NA,NA,NA,NA,NA,NA,NA,NA,NA,NA,NA,NA,NA,NA,NA,NA,NA,NA,NA,NA,NA,NA,NA,NA,NA,NA,NA,NA,NA,NA,NA,NA,NA,NA,NA,NA,NA,NA,NA,NA,NA,NA,NA,NA,NA,"Summer",672386,1196291,6.68959926917897,13.5242915713327
6706,7052,"Pont-Saint-Martin","pont saint martin",2025-07-01,2025,7,"2025-07","Mont-Rose","Luglio",1838,940,35,300,3541,780880,52,2,0.873051256354771,878.466824204559,20.7641130524378,59.0248396074534,NA,NA,NA,NA,NA,NA,NA,NA,NA,NA,NA,NA,NA,NA,NA,NA,NA,NA,NA,NA,NA,NA,NA,NA,NA,NA,NA,NA,NA,NA,NA,NA,NA,NA,NA,NA,NA,NA,NA,NA,NA,NA,NA,NA,NA,NA,NA,NA,NA,NA,"Summer",747351,1424991,6.84694313958538,13.5681780484545
6707,7052,"Pont-Saint-Martin","pont saint martin",2025-08-01,2025,8,"2025-08","Mont-Rose","Agosto",2239,1005,35,300,3541,705180,52,2,2.39048275151745,882.008494430717,20.7797794322105,65.165189477406,NA,NA,NA,NA,NA,NA,NA,NA,NA,NA,NA,NA,NA,NA,NA,NA,NA,NA,NA,NA,NA,NA,NA,NA,NA,NA,NA,NA,NA,NA,NA,NA,NA,NA,NA,NA,NA,NA,NA,NA,NA,NA,NA,NA,NA,NA,NA,NA,NA,NA,"Summer",780880,1359826,6.91373735065968,13.4662097864316
6708,7052,"Pont-Saint-Martin","pont saint martin",2025-09-01,2025,9,"2025-09","Mont-Rose","Settembre",1516,812,35,300,3541,606621,52,2,1.00244245535513,895.098612324038,15.5250660462822,75.6081288080529,NA,NA,NA,NA,NA,NA,NA,NA,NA,NA,NA,NA,NA,NA,NA,NA,NA,NA,NA,NA,NA,NA,NA,NA,NA,NA,NA,NA,NA,NA,NA,NA,NA,NA,NA,NA,NA,NA,NA,NA,NA,NA,NA,NA,NA,NA,NA,NA,NA,NA,"Autumn",705180,1267957,6.70073110954781,13.3156611413007
6967,7055,"Rhêmes-Notre-Dame","rhemes notre dame",2015-01-01,2015,1,"2015-01","Grand-Paradis","Gennaio",3304,1103,19,676,88,123254,NA,NA,NA,NA,NA,NA,NA,NA,NA,NA,NA,NA,NA,NA,NA,NA,NA,NA,NA,NA,NA,NA,NA,NA,NA,"Nord-ovest",2,"Valle d'Aosta/Vallée d'Aoste","Valle d'Aosta/Vallée d'Aoste",0,32.7586206896552,NA,NA,NA,NA,NA,NA,NA,NA,NA,63.3879781420765,13.1147540983607,NA,1092.89617486339,1311.47540983607,NA,NA,18644.6753246753,24.6753246753247,NA,321.912568306011,0.292218894749386,NA,NA,NA,32.7586206896552,"Winter",400132,690785,7.00669522683704,11.7220106590334
6968,7055,"Rhêmes-Notre-Dame","rhemes notre dame",2015-02-01,2015,2,"2015-02","Grand-Paradis","Febbraio",5625,1834,19,676,88,85448,NA,NA,NA,NA,NA,NA,NA,NA,NA,NA,NA,NA,NA,NA,NA,NA,NA,NA,NA,NA,NA,NA,NA,NA,NA,"Nord-ovest",2,"Valle d'Aosta/Vallée d'Aoste","Valle d'Aosta/Vallée d'Aoste",0,32.7586206896552,NA,NA,NA,NA,NA,NA,NA,NA,NA,63.3879781420765,13.1147540983607,NA,1092.89617486339,1311.47540983607,NA,NA,18644.6753246753,24.6753246753247,NA,321.912568306011,0.292218894749386,NA,NA,NA,32.7586206896552,"Winter",123254,805295,7.51479976048867,11.3556749857251
6969,7055,"Rhêmes-Notre-Dame","rhemes notre dame",2015-03-01,2015,3,"2015-03","Grand-Paradis","Marzo",3992,1864,19,676,88,83401,NA,NA,NA,NA,NA,NA,NA,NA,NA,NA,NA,NA,NA,NA,NA,NA,NA,NA,NA,NA,NA,NA,NA,NA,NA,"Nord-ovest",2,"Valle d'Aosta/Vallée d'Aoste","Valle d'Aosta/Vallée d'Aoste",0,32.7586206896552,NA,NA,NA,NA,NA,NA,NA,NA,NA,63.3879781420765,13.1147540983607,NA,1092.89617486339,1311.47540983607,NA,NA,18644.6753246753,24.6753246753247,NA,321.912568306011,0.292218894749386,NA,NA,NA,32.7586206896552,"Spring",85448,934563,7.53101633207792,11.3314275688747
6970,7055,"Rhêmes-Notre-Dame","rhemes notre dame",2015-04-01,2015,4,"2015-04","Grand-Paradis","Aprile",1976,1342,19,676,88,48456,NA,NA,NA,NA,NA,NA,NA,NA,NA,NA,NA,NA,NA,NA,NA,NA,NA,NA,NA,NA,NA,NA,NA,NA,NA,"Nord-ovest",2,"Valle d'Aosta/Vallée d'Aoste","Valle d'Aosta/Vallée d'Aoste",0,32.7586206896552,NA,NA,NA,NA,NA,NA,NA,NA,NA,63.3879781420765,13.1147540983607,NA,1092.89617486339,1311.47540983607,NA,NA,18644.6753246753,24.6753246753247,NA,321.912568306011,0.292218894749386,NA,NA,NA,32.7586206896552,"Spring",83401,903170,7.20266119652324,10.788432085727
6971,7055,"Rhêmes-Notre-Dame","rhemes notre dame",2015-05-01,2015,5,"2015-05","Grand-Paradis","Maggio",361,166,19,676,88,24389,NA,NA,NA,NA,NA,NA,NA,NA,NA,NA,NA,NA,NA,NA,NA,NA,NA,NA,NA,NA,NA,NA,NA,NA,NA,"Nord-ovest",2,"Valle d'Aosta/Vallée d'Aoste","Valle d'Aosta/Vallée d'Aoste",0,32.7586206896552,NA,NA,NA,NA,NA,NA,NA,NA,NA,63.3879781420765,13.1147540983607,NA,1092.89617486339,1311.47540983607,NA,NA,18644.6753246753,24.6753246753247,NA,321.912568306011,0.292218894749386,NA,NA,NA,32.7586206896552,"Spring",48456,738072,5.11799381241676,10.10192849121
6972,7055,"Rhêmes-Notre-Dame","rhemes notre dame",2015-06-01,2015,6,"2015-06","Grand-Paradis","Giugno",2242,814,19,676,88,38812,NA,NA,NA,NA,NA,NA,NA,NA,NA,NA,NA,NA,NA,NA,NA,NA,NA,NA,NA,NA,NA,NA,NA,NA,NA,"Nord-ovest",2,"Valle d'Aosta/Vallée d'Aoste","Valle d'Aosta/Vallée d'Aoste",0,32.7586206896552,NA,NA,NA,NA,NA,NA,NA,NA,NA,63.3879781420765,13.1147540983607,NA,1092.89617486339,1311.47540983607,NA,NA,18644.6753246753,24.6753246753247,NA,321.912568306011,0.292218894749386,NA,NA,NA,32.7586206896552,"Summer",24389,704119,6.70318811324086,10.5665105210405
6973,7055,"Rhêmes-Notre-Dame","rhemes notre dame",2015-07-01,2015,7,"2015-07","Grand-Paradis","Luglio",7767,2290,19,676,88,56678,NA,NA,NA,NA,NA,NA,NA,NA,NA,NA,NA,NA,NA,NA,NA,NA,NA,NA,NA,NA,NA,NA,NA,NA,NA,"Nord-ovest",2,"Valle d'Aosta/Vallée d'Aoste","Valle d'Aosta/Vallée d'Aoste",0,32.7586206896552,NA,NA,NA,NA,NA,NA,NA,NA,NA,63.3879781420765,13.1147540983607,NA,1092.89617486339,1311.47540983607,NA,NA,18644.6753246753,24.6753246753247,NA,321.912568306011,0.292218894749386,NA,NA,NA,32.7586206896552,"Summer",38812,597631,7.7367436824535,10.9451590507414
6974,7055,"Rhêmes-Notre-Dame","rhemes notre dame",2015-08-01,2015,8,"2015-08","Grand-Paradis","Agosto",9311,2567,19,676,88,64020,NA,NA,NA,NA,NA,NA,NA,NA,NA,NA,NA,NA,NA,NA,NA,NA,NA,NA,NA,NA,NA,NA,NA,NA,NA,"Nord-ovest",2,"Valle d'Aosta/Vallée d'Aoste","Valle d'Aosta/Vallée d'Aoste",0,32.7586206896552,NA,NA,NA,NA,NA,NA,NA,NA,NA,63.3879781420765,13.1147540983607,NA,1092.89617486339,1311.47540983607,NA,NA,18644.6753246753,24.6753246753247,NA,321.912568306011,0.292218894749386,NA,NA,NA,32.7586206896552,"Summer",56678,561444,7.85088266480985,11.0669664335206
6975,7055,"Rhêmes-Notre-Dame","rhemes notre dame",2015-09-01,2015,9,"2015-09","Grand-Paradis","Settembre",2322,606,19,676,88,43989,NA,NA,NA,NA,NA,NA,NA,NA,NA,NA,NA,NA,NA,NA,NA,NA,NA,NA,NA,NA,NA,NA,NA,NA,NA,"Nord-ovest",2,"Valle d'Aosta/Vallée d'Aoste","Valle d'Aosta/Vallée d'Aoste",0,32.7586206896552,NA,NA,NA,NA,NA,NA,NA,NA,NA,63.3879781420765,13.1147540983607,NA,1092.89617486339,1311.47540983607,NA,NA,18644.6753246753,24.6753246753247,NA,321.912568306011,0.292218894749386,NA,NA,NA,32.7586206896552,"Autumn",64020,593988,6.4085287910595,10.6917176143428
6976,7055,"Rhêmes-Notre-Dame","rhemes notre dame",2015-10-01,2015,10,"2015-10","Grand-Paradis","Ottobre",135,90,19,676,88,25995,NA,NA,NA,NA,NA,NA,NA,NA,NA,NA,NA,NA,NA,NA,NA,NA,NA,NA,NA,NA,NA,NA,NA,NA,NA,"Nord-ovest",2,"Valle d'Aosta/Vallée d'Aoste","Valle d'Aosta/Vallée d'Aoste",0,32.7586206896552,NA,NA,NA,NA,NA,NA,NA,NA,NA,63.3879781420765,13.1147540983607,NA,1092.89617486339,1311.47540983607,NA,NA,18644.6753246753,24.6753246753247,NA,321.912568306011,0.292218894749386,NA,NA,NA,32.7586206896552,"Autumn",43989,632005,4.51085950651685,10.1656979590142
6977,7055,"Rhêmes-Notre-Dame","rhemes notre dame",2015-11-01,2015,11,"2015-11","Grand-Paradis","Novembre",76,41,19,676,88,97300,NA,NA,NA,NA,NA,NA,NA,NA,NA,NA,NA,NA,NA,NA,NA,NA,NA,NA,NA,NA,NA,NA,NA,NA,NA,"Nord-ovest",2,"Valle d'Aosta/Vallée d'Aoste","Valle d'Aosta/Vallée d'Aoste",0,32.7586206896552,NA,NA,NA,NA,NA,NA,NA,NA,NA,63.3879781420765,13.1147540983607,NA,1092.89617486339,1311.47540983607,NA,NA,18644.6753246753,24.6753246753247,NA,321.912568306011,0.292218894749386,NA,NA,NA,32.7586206896552,"Autumn",25995,638228,3.73766961828337,11.4855645456136
6978,7055,"Rhêmes-Notre-Dame","rhemes notre dame",2015-12-01,2015,12,"2015-12","Grand-Paradis","Dicembre",2422,923,19,676,88,93009,NA,NA,NA,NA,NA,NA,NA,NA,NA,NA,NA,NA,NA,NA,NA,NA,NA,NA,NA,NA,NA,NA,NA,NA,NA,"Nord-ovest",2,"Valle d'Aosta/Vallée d'Aoste","Valle d'Aosta/Vallée d'Aoste",0,32.7586206896552,NA,NA,NA,NA,NA,NA,NA,NA,NA,63.3879781420765,13.1147540983607,NA,1092.89617486339,1311.47540983607,NA,NA,18644.6753246753,24.6753246753247,NA,321.912568306011,0.292218894749386,NA,NA,NA,32.7586206896552,"Winter",97300,400132,6.82871207164168,11.4404622932365
6979,7055,"Rhêmes-Notre-Dame","rhemes notre dame",2016-01-01,2016,1,"2016-01","Grand-Paradis","Gennaio",4467,1352,20,585,89,105442,NA,NA,NA,NA,NA,NA,NA,NA,NA,NA,NA,NA,NA,NA,NA,NA,NA,NA,NA,NA,NA,NA,NA,NA,NA,"Nord-ovest",2,"Valle d'Aosta/Vallée d'Aoste","Valle d'Aosta/Vallée d'Aoste",0,31.25,NA,NA,NA,NA,NA,NA,NA,NA,NA,69.9453551912568,12.0218579234973,NA,NA,NA,NA,NA,20306.0135135135,22.972972972973,NA,323.136612021858,0.295781004619203,NA,NA,NA,31.25,"Winter",93009,123254,7.21007962817079,11.5659258015319
6980,7055,"Rhêmes-Notre-Dame","rhemes notre dame",2016-02-01,2016,2,"2016-02","Grand-Paradis","Febbraio",5931,1938,20,585,89,90823,NA,NA,NA,NA,NA,NA,NA,NA,NA,NA,NA,NA,NA,NA,NA,NA,NA,NA,NA,NA,NA,NA,NA,NA,NA,"Nord-ovest",2,"Valle d'Aosta/Vallée d'Aoste","Valle d'Aosta/Vallée d'Aoste",0,31.25,NA,NA,NA,NA,NA,NA,NA,NA,NA,69.9453551912568,12.0218579234973,NA,NA,NA,NA,NA,20306.0135135135,22.972972972973,NA,323.136612021858,0.295781004619203,NA,NA,NA,31.25,"Winter",105442,85448,7.56992765524265,11.4166788468444
6981,7055,"Rhêmes-Notre-Dame","rhemes notre dame",2016-03-01,2016,3,"2016-03","Grand-Paradis","Marzo",4982,2153,20,585,89,91640,NA,NA,NA,NA,NA,NA,NA,NA,NA,NA,NA,NA,NA,NA,NA,NA,NA,NA,NA,NA,NA,NA,NA,NA,NA,"Nord-ovest",2,"Valle d'Aosta/Vallée d'Aoste","Valle d'Aosta/Vallée d'Aoste",0,31.25,NA,NA,NA,NA,NA,NA,NA,NA,NA,69.9453551912568,12.0218579234973,NA,NA,NA,NA,NA,20306.0135135135,22.972972972973,NA,323.136612021858,0.295781004619203,NA,NA,NA,31.25,"Spring",90823,83401,7.67508185771633,11.4256340487733
6982,7055,"Rhêmes-Notre-Dame","rhemes notre dame",2016-04-01,2016,4,"2016-04","Grand-Paradis","Aprile",1305,603,20,585,89,45386,NA,NA,NA,NA,NA,NA,NA,NA,NA,NA,NA,NA,NA,NA,NA,NA,NA,NA,NA,NA,NA,NA,NA,NA,NA,"Nord-ovest",2,"Valle d'Aosta/Vallée d'Aoste","Valle d'Aosta/Vallée d'Aoste",0,31.25,NA,NA,NA,NA,NA,NA,NA,NA,NA,69.9453551912568,12.0218579234973,NA,NA,NA,NA,NA,20306.0135135135,22.972972972973,NA,323.136612021858,0.295781004619203,NA,NA,NA,31.25,"Spring",91640,48456,6.40357419793482,10.7229809994129
6983,7055,"Rhêmes-Notre-Dame","rhemes notre dame",2016-05-01,2016,5,"2016-05","Grand-Paradis","Maggio",223,52,20,585,89,23049,NA,NA,NA,NA,NA,NA,NA,NA,NA,NA,NA,NA,NA,NA,NA,NA,NA,NA,NA,NA,NA,NA,NA,NA,NA,"Nord-ovest",2,"Valle d'Aosta/Vallée d'Aoste","Valle d'Aosta/Vallée d'Aoste",0,31.25,NA,NA,NA,NA,NA,NA,NA,NA,NA,69.9453551912568,12.0218579234973,NA,NA,NA,NA,NA,20306.0135135135,22.972972972973,NA,323.136612021858,0.295781004619203,NA,NA,NA,31.25,"Spring",45386,24389,3.97029191355212,10.0454210484248
6984,7055,"Rhêmes-Notre-Dame","rhemes notre dame",2016-06-01,2016,6,"2016-06","Grand-Paradis","Giugno",1687,641,20,585,89,41566,NA,NA,NA,NA,NA,NA,NA,NA,NA,NA,NA,NA,NA,NA,NA,NA,NA,NA,NA,NA,NA,NA,NA,NA,NA,"Nord-ovest",2,"Valle d'Aosta/Vallée d'Aoste","Valle d'Aosta/Vallée d'Aoste",0,31.25,NA,NA,NA,NA,NA,NA,NA,NA,NA,69.9453551912568,12.0218579234973,NA,NA,NA,NA,NA,20306.0135135135,22.972972972973,NA,323.136612021858,0.295781004619203,NA,NA,NA,31.25,"Summer",23049,38812,6.46458830368996,10.6350618622141
6985,7055,"Rhêmes-Notre-Dame","rhemes notre dame",2016-07-01,2016,7,"2016-07","Grand-Paradis","Luglio",7594,2252,20,585,89,58037,NA,NA,NA,NA,NA,NA,NA,NA,NA,NA,NA,NA,NA,NA,NA,NA,NA,NA,NA,NA,NA,NA,NA,NA,NA,"Nord-ovest",2,"Valle d'Aosta/Vallée d'Aoste","Valle d'Aosta/Vallée d'Aoste",0,31.25,NA,NA,NA,NA,NA,NA,NA,NA,NA,69.9453551912568,12.0218579234973,NA,NA,NA,NA,NA,20306.0135135135,22.972972972973,NA,323.136612021858,0.295781004619203,NA,NA,NA,31.25,"Summer",41566,56678,7.72001794043224,10.9688532474106
6986,7055,"Rhêmes-Notre-Dame","rhemes notre dame",2016-08-01,2016,8,"2016-08","Grand-Paradis","Agosto",9459,2559,20,585,89,65497,NA,NA,NA,NA,NA,NA,NA,NA,NA,NA,NA,NA,NA,NA,NA,NA,NA,NA,NA,NA,NA,NA,NA,NA,NA,"Nord-ovest",2,"Valle d'Aosta/Vallée d'Aoste","Valle d'Aosta/Vallée d'Aoste",0,31.25,NA,NA,NA,NA,NA,NA,NA,NA,NA,69.9453551912568,12.0218579234973,NA,NA,NA,NA,NA,20306.0135135135,22.972972972973,NA,323.136612021858,0.295781004619203,NA,NA,NA,31.25,"Summer",58037,64020,7.84776253747361,11.089774886806
6987,7055,"Rhêmes-Notre-Dame","rhemes notre dame",2016-09-01,2016,9,"2016-09","Grand-Paradis","Settembre",2496,764,20,585,89,45037,NA,NA,NA,NA,NA,NA,NA,NA,NA,NA,NA,NA,NA,NA,NA,NA,NA,NA,NA,NA,NA,NA,NA,NA,NA,"Nord-ovest",2,"Valle d'Aosta/Vallée d'Aoste","Valle d'Aosta/Vallée d'Aoste",0,31.25,NA,NA,NA,NA,NA,NA,NA,NA,NA,69.9453551912568,12.0218579234973,NA,NA,NA,NA,NA,20306.0135135135,22.972972972973,NA,323.136612021858,0.295781004619203,NA,NA,NA,31.25,"Autumn",65497,43989,6.63987583382654,10.7152618568543
6988,7055,"Rhêmes-Notre-Dame","rhemes notre dame",2016-10-01,2016,10,"2016-10","Grand-Paradis","Ottobre",469,174,20,585,89,29471,NA,NA,NA,NA,NA,NA,NA,NA,NA,NA,NA,NA,NA,NA,NA,NA,NA,NA,NA,NA,NA,NA,NA,NA,NA,"Nord-ovest",2,"Valle d'Aosta/Vallée d'Aoste","Valle d'Aosta/Vallée d'Aoste",0,31.25,NA,NA,NA,NA,NA,NA,NA,NA,NA,69.9453551912568,12.0218579234973,NA,NA,NA,NA,NA,20306.0135135135,22.972972972973,NA,323.136612021858,0.295781004619203,NA,NA,NA,31.25,"Autumn",45037,25995,5.16478597392351,10.291195939055
6989,7055,"Rhêmes-Notre-Dame","rhemes notre dame",2016-11-01,2016,11,"2016-11","Grand-Paradis","Novembre",193,98,20,585,89,75820,NA,NA,NA,NA,NA,NA,NA,NA,NA,NA,NA,NA,NA,NA,NA,NA,NA,NA,NA,NA,NA,NA,NA,NA,NA,"Nord-ovest",2,"Valle d'Aosta/Vallée d'Aoste","Valle d'Aosta/Vallée d'Aoste",0,31.25,NA,NA,NA,NA,NA,NA,NA,NA,NA,69.9453551912568,12.0218579234973,NA,NA,NA,NA,NA,20306.0135135135,22.972972972973,NA,323.136612021858,0.295781004619203,NA,NA,NA,31.25,"Autumn",29471,97300,4.59511985013459,11.2361305781155
6990,7055,"Rhêmes-Notre-Dame","rhemes notre dame",2016-12-01,2016,12,"2016-12","Grand-Paradis","Dicembre",3781,1353,20,585,89,107881,NA,NA,NA,NA,NA,NA,NA,NA,NA,NA,NA,NA,NA,NA,NA,NA,NA,NA,NA,NA,NA,NA,NA,NA,NA,"Nord-ovest",2,"Valle d'Aosta/Vallée d'Aoste","Valle d'Aosta/Vallée d'Aoste",0,31.25,NA,NA,NA,NA,NA,NA,NA,NA,NA,69.9453551912568,12.0218579234973,NA,NA,NA,NA,NA,20306.0135135135,22.972972972973,NA,323.136612021858,0.295781004619203,NA,NA,NA,31.25,"Winter",75820,93009,7.21081845347222,11.5887933161994
6991,7055,"Rhêmes-Notre-Dame","rhemes notre dame",2017-01-01,2017,1,"2017-01","Grand-Paradis","Gennaio",4667,1443,21,696,89,102215,NA,NA,NA,NA,NA,NA,NA,NA,NA,NA,NA,NA,NA,NA,NA,NA,NA,NA,NA,NA,NA,NA,NA,NA,NA,"Nord-ovest",2,"Valle d'Aosta/Vallée d'Aoste","Valle d'Aosta/Vallée d'Aoste",0,29.0322580645161,NA,NA,NA,NA,NA,NA,NA,NA,NA,70.4545454545455,13.6363636363636,NA,1136.36363636364,6250,NA,NA,20774.875,22.0588235294118,NA,366.136363636364,0.296941582299104,NA,NA,NA,29.0322580645161,"Winter",107881,105442,7.27517231945277,11.5348435002712
6992,7055,"Rhêmes-Notre-Dame","rhemes notre dame",2017-02-01,2017,2,"2017-02","Grand-Paradis","Febbraio",6164,2279,21,696,89,89977,NA,NA,NA,NA,NA,NA,NA,NA,NA,NA,NA,NA,NA,NA,NA,NA,NA,NA,NA,NA,NA,NA,NA,NA,NA,"Nord-ovest",2,"Valle d'Aosta/Vallée d'Aoste","Valle d'Aosta/Vallée d'Aoste",0,29.0322580645161,NA,NA,NA,NA,NA,NA,NA,NA,NA,70.4545454545455,13.6363636363636,NA,1136.36363636364,6250,NA,NA,20774.875,22.0588235294118,NA,366.136363636364,0.296941582299104,NA,NA,NA,29.0322580645161,"Winter",102215,90823,7.73193072194849,11.4073204749865
6993,7055,"Rhêmes-Notre-Dame","rhemes notre dame",2017-03-01,2017,3,"2017-03","Grand-Paradis","Marzo",4859,1758,21,696,89,83174,NA,NA,NA,NA,NA,NA,NA,NA,NA,NA,NA,NA,NA,NA,NA,NA,NA,NA,NA,NA,NA,NA,NA,NA,NA,"Nord-ovest",2,"Valle d'Aosta/Vallée d'Aoste","Valle d'Aosta/Vallée d'Aoste",0,29.0322580645161,NA,NA,NA,NA,NA,NA,NA,NA,NA,70.4545454545455,13.6363636363636,NA,1136.36363636364,6250,NA,NA,20774.875,22.0588235294118,NA,366.136363636364,0.296941582299104,NA,NA,NA,29.0322580645161,"Spring",89977,91640,7.47250074473756,11.3287021008867
6994,7055,"Rhêmes-Notre-Dame","rhemes notre dame",2017-04-01,2017,4,"2017-04","Grand-Paradis","Aprile",2717,1592,21,696,89,49723,NA,NA,NA,NA,NA,NA,NA,NA,NA,NA,NA,NA,NA,NA,NA,NA,NA,NA,NA,NA,NA,NA,NA,NA,NA,"Nord-ovest",2,"Valle d'Aosta/Vallée d'Aoste","Valle d'Aosta/Vallée d'Aoste",0,29.0322580645161,NA,NA,NA,NA,NA,NA,NA,NA,NA,70.4545454545455,13.6363636363636,NA,1136.36363636364,6250,NA,NA,20774.875,22.0588235294118,NA,366.136363636364,0.296941582299104,NA,NA,NA,29.0322580645161,"Spring",83174,45386,7.37337430991005,10.8142429929116
6995,7055,"Rhêmes-Notre-Dame","rhemes notre dame",2017-05-01,2017,5,"2017-05","Grand-Paradis","Maggio",419,134,21,696,89,22510,NA,NA,NA,NA,NA,NA,NA,NA,NA,NA,NA,NA,NA,NA,NA,NA,NA,NA,NA,NA,NA,NA,NA,NA,NA,"Nord-ovest",2,"Valle d'Aosta/Vallée d'Aoste","Valle d'Aosta/Vallée d'Aoste",0,29.0322580645161,NA,NA,NA,NA,NA,NA,NA,NA,NA,70.4545454545455,13.6363636363636,NA,1136.36363636364,6250,NA,NA,20774.875,22.0588235294118,NA,366.136363636364,0.296941582299104,NA,NA,NA,29.0322580645161,"Spring",49723,23049,4.90527477843843,10.0217593576142
6996,7055,"Rhêmes-Notre-Dame","rhemes notre dame",2017-06-01,2017,6,"2017-06","Grand-Paradis","Giugno",3439,986,21,696,89,42402,NA,NA,NA,NA,NA,NA,NA,NA,NA,NA,NA,NA,NA,NA,NA,NA,NA,NA,NA,NA,NA,NA,NA,NA,NA,"Nord-ovest",2,"Valle d'Aosta/Vallée d'Aoste","Valle d'Aosta/Vallée d'Aoste",0,29.0322580645161,NA,NA,NA,NA,NA,NA,NA,NA,NA,70.4545454545455,13.6363636363636,NA,1136.36363636364,6250,NA,NA,20774.875,22.0588235294118,NA,366.136363636364,0.296941582299104,NA,NA,NA,29.0322580645161,"Summer",22510,41566,6.89467003943348,10.654974393434
6997,7055,"Rhêmes-Notre-Dame","rhemes notre dame",2017-07-01,2017,7,"2017-07","Grand-Paradis","Luglio",8178,2229,21,696,89,61751,NA,NA,NA,NA,NA,NA,NA,NA,NA,NA,NA,NA,NA,NA,NA,NA,NA,NA,NA,NA,NA,NA,NA,NA,NA,"Nord-ovest",2,"Valle d'Aosta/Vallée d'Aoste","Valle d'Aosta/Vallée d'Aoste",0,29.0322580645161,NA,NA,NA,NA,NA,NA,NA,NA,NA,70.4545454545455,13.6363636363636,NA,1136.36363636364,6250,NA,NA,20774.875,22.0588235294118,NA,366.136363636364,0.296941582299104,NA,NA,NA,29.0322580645161,"Summer",42402,58037,7.70975686445416,11.0308816426297
6998,7055,"Rhêmes-Notre-Dame","rhemes notre dame",2017-08-01,2017,8,"2017-08","Grand-Paradis","Agosto",9782,2113,21,696,89,71491,NA,NA,NA,NA,NA,NA,NA,NA,NA,NA,NA,NA,NA,NA,NA,NA,NA,NA,NA,NA,NA,NA,NA,NA,NA,"Nord-ovest",2,"Valle d'Aosta/Vallée d'Aoste","Valle d'Aosta/Vallée d'Aoste",0,29.0322580645161,NA,NA,NA,NA,NA,NA,NA,NA,NA,70.4545454545455,13.6363636363636,NA,1136.36363636364,6250,NA,NA,20774.875,22.0588235294118,NA,366.136363636364,0.296941582299104,NA,NA,NA,29.0322580645161,"Summer",61751,65497,7.65633716643018,11.1773408343103
6999,7055,"Rhêmes-Notre-Dame","rhemes notre dame",2017-09-01,2017,9,"2017-09","Grand-Paradis","Settembre",2098,742,21,696,89,45568,NA,NA,NA,NA,NA,NA,NA,NA,NA,NA,NA,NA,NA,NA,NA,NA,NA,NA,NA,NA,NA,NA,NA,NA,NA,"Nord-ovest",2,"Valle d'Aosta/Vallée d'Aoste","Valle d'Aosta/Vallée d'Aoste",0,29.0322580645161,NA,NA,NA,NA,NA,NA,NA,NA,NA,70.4545454545455,13.6363636363636,NA,1136.36363636364,6250,NA,NA,20774.875,22.0588235294118,NA,366.136363636364,0.296941582299104,NA,NA,NA,29.0322580645161,"Autumn",71491,45037,6.61069604471776,10.7269829397556
7000,7055,"Rhêmes-Notre-Dame","rhemes notre dame",2017-10-01,2017,10,"2017-10","Grand-Paradis","Ottobre",213,91,21,696,89,27382,NA,NA,NA,NA,NA,NA,NA,NA,NA,NA,NA,NA,NA,NA,NA,NA,NA,NA,NA,NA,NA,NA,NA,NA,NA,"Nord-ovest",2,"Valle d'Aosta/Vallée d'Aoste","Valle d'Aosta/Vallée d'Aoste",0,29.0322580645161,NA,NA,NA,NA,NA,NA,NA,NA,NA,70.4545454545455,13.6363636363636,NA,1136.36363636364,6250,NA,NA,20774.875,22.0588235294118,NA,366.136363636364,0.296941582299104,NA,NA,NA,29.0322580645161,"Autumn",45568,29471,4.52178857704904,10.2176776618687
7001,7055,"Rhêmes-Notre-Dame","rhemes notre dame",2017-11-01,2017,11,"2017-11","Grand-Paradis","Novembre",109,45,21,696,89,82745,NA,NA,NA,NA,NA,NA,NA,NA,NA,NA,NA,NA,NA,NA,NA,NA,NA,NA,NA,NA,NA,NA,NA,NA,NA,"Nord-ovest",2,"Valle d'Aosta/Vallée d'Aoste","Valle d'Aosta/Vallée d'Aoste",0,29.0322580645161,NA,NA,NA,NA,NA,NA,NA,NA,NA,70.4545454545455,13.6363636363636,NA,1136.36363636364,6250,NA,NA,20774.875,22.0588235294118,NA,366.136363636364,0.296941582299104,NA,NA,NA,29.0322580645161,"Autumn",27382,75820,3.8286413964891,11.3235309537024
7002,7055,"Rhêmes-Notre-Dame","rhemes notre dame",2017-12-01,2017,12,"2017-12","Grand-Paradis","Dicembre",3219,1169,21,696,89,133728,NA,NA,NA,NA,NA,NA,NA,NA,NA,NA,NA,NA,NA,NA,NA,NA,NA,NA,NA,NA,NA,NA,NA,NA,NA,"Nord-ovest",2,"Valle d'Aosta/Vallée d'Aoste","Valle d'Aosta/Vallée d'Aoste",0,29.0322580645161,NA,NA,NA,NA,NA,NA,NA,NA,NA,70.4545454545455,13.6363636363636,NA,1136.36363636364,6250,NA,NA,20774.875,22.0588235294118,NA,366.136363636364,0.296941582299104,NA,NA,NA,29.0322580645161,"Winter",82745,107881,7.0647590277918,11.8035706430852
7003,7055,"Rhêmes-Notre-Dame","rhemes notre dame",2018-01-01,2018,1,"2018-01","Grand-Paradis","Gennaio",4037,1232,21,715,82,94636,NA,NA,NA,NA,NA,NA,NA,NA,NA,NA,NA,NA,NA,NA,NA,NA,NA,NA,NA,NA,NA,NA,NA,NA,NA,"Nord-ovest",2,"Valle d'Aosta/Vallée d'Aoste","Valle d'Aosta/Vallée d'Aoste",0,25,NA,NA,47.0588235294118,5.88235294117647,NA,NA,NA,NA,NA,72.289156626506,13.2530120481928,NA,1204.81927710843,6626.50602409639,NA,NA,20607.9014084507,18.3098591549296,NA,509.602409638554,0.301188867064721,NA,NA,NA,25,"Winter",133728,102215,7.11720550316434,11.4578037990797
7004,7055,"Rhêmes-Notre-Dame","rhemes notre dame",2018-02-01,2018,2,"2018-02","Grand-Paradis","Febbraio",5969,1870,21,715,82,98078,NA,NA,NA,NA,NA,NA,NA,NA,NA,NA,NA,NA,NA,NA,NA,NA,NA,NA,NA,NA,NA,NA,NA,NA,NA,"Nord-ovest",2,"Valle d'Aosta/Vallée d'Aoste","Valle d'Aosta/Vallée d'Aoste",0,25,NA,NA,47.0588235294118,5.88235294117647,NA,NA,NA,NA,NA,72.289156626506,13.2530120481928,NA,1204.81927710843,6626.50602409639,NA,NA,20607.9014084507,18.3098591549296,NA,509.602409638554,0.301188867064721,NA,NA,NA,25,"Winter",94636,89977,7.53422832627409,11.4935285553595
7005,7055,"Rhêmes-Notre-Dame","rhemes notre dame",2018-03-01,2018,3,"2018-03","Grand-Paradis","Marzo",4896,2257,21,715,82,96057,NA,NA,NA,NA,NA,NA,NA,NA,NA,NA,NA,NA,NA,NA,NA,NA,NA,NA,NA,NA,NA,NA,NA,NA,NA,"Nord-ovest",2,"Valle d'Aosta/Vallée d'Aoste","Valle d'Aosta/Vallée d'Aoste",0,25,NA,NA,47.0588235294118,5.88235294117647,NA,NA,NA,NA,NA,72.289156626506,13.2530120481928,NA,1204.81927710843,6626.50602409639,NA,NA,20607.9014084507,18.3098591549296,NA,509.602409638554,0.301188867064721,NA,NA,NA,25,"Spring",98078,83174,7.72223474470961,11.4727074546814
7006,7055,"Rhêmes-Notre-Dame","rhemes notre dame",2018-04-01,2018,4,"2018-04","Grand-Paradis","Aprile",1144,461,21,715,82,49312,NA,NA,NA,NA,NA,NA,NA,NA,NA,NA,NA,NA,NA,NA,NA,NA,NA,NA,NA,NA,NA,NA,NA,NA,NA,"Nord-ovest",2,"Valle d'Aosta/Vallée d'Aoste","Valle d'Aosta/Vallée d'Aoste",0,25,NA,NA,47.0588235294118,5.88235294117647,NA,NA,NA,NA,NA,72.289156626506,13.2530120481928,NA,1204.81927710843,6626.50602409639,NA,NA,20607.9014084507,18.3098591549296,NA,509.602409638554,0.301188867064721,NA,NA,NA,25,"Spring",96057,49723,6.13556489108174,10.8059430169538
7007,7055,"Rhêmes-Notre-Dame","rhemes notre dame",2018-05-01,2018,5,"2018-05","Grand-Paradis","Maggio",95,46,21,715,82,24918,NA,NA,NA,NA,NA,NA,NA,NA,NA,NA,NA,NA,NA,NA,NA,NA,NA,NA,NA,NA,NA,NA,NA,NA,NA,"Nord-ovest",2,"Valle d'Aosta/Vallée d'Aoste","Valle d'Aosta/Vallée d'Aoste",0,25,NA,NA,47.0588235294118,5.88235294117647,NA,NA,NA,NA,NA,72.289156626506,13.2530120481928,NA,1204.81927710843,6626.50602409639,NA,NA,20607.9014084507,18.3098591549296,NA,509.602409638554,0.301188867064721,NA,NA,NA,25,"Spring",49312,22510,3.85014760171006,10.1233858436853
7008,7055,"Rhêmes-Notre-Dame","rhemes notre dame",2018-06-01,2018,6,"2018-06","Grand-Paradis","Giugno",1519,642,21,715,82,41015,NA,NA,NA,NA,NA,NA,NA,NA,NA,NA,NA,NA,NA,NA,NA,NA,NA,NA,NA,NA,NA,NA,NA,NA,NA,"Nord-ovest",2,"Valle d'Aosta/Vallée d'Aoste","Valle d'Aosta/Vallée d'Aoste",0,25,NA,NA,47.0588235294118,5.88235294117647,NA,NA,NA,NA,NA,72.289156626506,13.2530120481928,NA,1204.81927710843,6626.50602409639,NA,NA,20607.9014084507,18.3098591549296,NA,509.602409638554,0.301188867064721,NA,NA,NA,25,"Summer",24918,42402,6.46614472423762,10.6217175134635
7009,7055,"Rhêmes-Notre-Dame","rhemes notre dame",2018-07-01,2018,7,"2018-07","Grand-Paradis","Luglio",9798,2276,21,715,82,66643,NA,NA,NA,NA,NA,NA,NA,NA,NA,NA,NA,NA,NA,NA,NA,NA,NA,NA,NA,NA,NA,NA,NA,NA,NA,"Nord-ovest",2,"Valle d'Aosta/Vallée d'Aoste","Valle d'Aosta/Vallée d'Aoste",0,25,NA,NA,47.0588235294118,5.88235294117647,NA,NA,NA,NA,NA,72.289156626506,13.2530120481928,NA,1204.81927710843,6626.50602409639,NA,NA,20607.9014084507,18.3098591549296,NA,509.602409638554,0.301188867064721,NA,NA,NA,25,"Summer",41015,61751,7.73061406606374,11.107120299049
7010,7055,"Rhêmes-Notre-Dame","rhemes notre dame",2018-08-01,2018,8,"2018-08","Grand-Paradis","Agosto",10195,2253,21,715,82,80210,NA,NA,NA,NA,NA,NA,NA,NA,NA,NA,NA,NA,NA,NA,NA,NA,NA,NA,NA,NA,NA,NA,NA,NA,NA,"Nord-ovest",2,"Valle d'Aosta/Vallée d'Aoste","Valle d'Aosta/Vallée d'Aoste",0,25,NA,NA,47.0588235294118,5.88235294117647,NA,NA,NA,NA,NA,72.289156626506,13.2530120481928,NA,1204.81927710843,6626.50602409639,NA,NA,20607.9014084507,18.3098591549296,NA,509.602409638554,0.301188867064721,NA,NA,NA,25,"Summer",66643,71491,7.72046169459972,11.2924159415567
7011,7055,"Rhêmes-Notre-Dame","rhemes notre dame",2018-09-01,2018,9,"2018-09","Grand-Paradis","Settembre",2101,740,21,715,82,49792,NA,NA,NA,NA,NA,NA,NA,NA,NA,NA,NA,NA,NA,NA,NA,NA,NA,NA,NA,NA,NA,NA,NA,NA,NA,"Nord-ovest",2,"Valle d'Aosta/Vallée d'Aoste","Valle d'Aosta/Vallée d'Aoste",0,25,NA,NA,47.0588235294118,5.88235294117647,NA,NA,NA,NA,NA,72.289156626506,13.2530120481928,NA,1204.81927710843,6626.50602409639,NA,NA,20607.9014084507,18.3098591549296,NA,509.602409638554,0.301188867064721,NA,NA,NA,25,"Autumn",80210,45568,6.60800062529609,10.815629690884
7012,7055,"Rhêmes-Notre-Dame","rhemes notre dame",2018-10-01,2018,10,"2018-10","Grand-Paradis","Ottobre",186,74,21,715,82,27991,NA,NA,NA,NA,NA,NA,NA,NA,NA,NA,NA,NA,NA,NA,NA,NA,NA,NA,NA,NA,NA,NA,NA,NA,NA,"Nord-ovest",2,"Valle d'Aosta/Vallée d'Aoste","Valle d'Aosta/Vallée d'Aoste",0,25,NA,NA,47.0588235294118,5.88235294117647,NA,NA,NA,NA,NA,72.289156626506,13.2530120481928,NA,1204.81927710843,6626.50602409639,NA,NA,20607.9014084507,18.3098591549296,NA,509.602409638554,0.301188867064721,NA,NA,NA,25,"Autumn",49792,27382,4.31748811353631,10.2396740340475
7013,7055,"Rhêmes-Notre-Dame","rhemes notre dame",2018-11-01,2018,11,"2018-11","Grand-Paradis","Novembre",53,39,21,715,82,53818,NA,NA,NA,NA,NA,NA,NA,NA,NA,NA,NA,NA,NA,NA,NA,NA,NA,NA,NA,NA,NA,NA,NA,NA,NA,"Nord-ovest",2,"Valle d'Aosta/Vallée d'Aoste","Valle d'Aosta/Vallée d'Aoste",0,25,NA,NA,47.0588235294118,5.88235294117647,NA,NA,NA,NA,NA,72.289156626506,13.2530120481928,NA,1204.81927710843,6626.50602409639,NA,NA,20607.9014084507,18.3098591549296,NA,509.602409638554,0.301188867064721,NA,NA,NA,25,"Autumn",27991,82745,3.68887945411394,10.8933818436549
7014,7055,"Rhêmes-Notre-Dame","rhemes notre dame",2018-12-01,2018,12,"2018-12","Grand-Paradis","Dicembre",3345,1036,21,715,82,139286,NA,NA,NA,NA,NA,NA,NA,NA,NA,NA,NA,NA,NA,NA,NA,NA,NA,NA,NA,NA,NA,NA,NA,NA,NA,"Nord-ovest",2,"Valle d'Aosta/Vallée d'Aoste","Valle d'Aosta/Vallée d'Aoste",0,25,NA,NA,47.0588235294118,5.88235294117647,NA,NA,NA,NA,NA,72.289156626506,13.2530120481928,NA,1204.81927710843,6626.50602409639,NA,NA,20607.9014084507,18.3098591549296,NA,509.602409638554,0.301188867064721,NA,NA,NA,25,"Winter",53818,133728,6.94408720822953,11.8442918316513
7015,7055,"Rhêmes-Notre-Dame","rhemes notre dame",2019-01-01,2019,1,"2019-01","Grand-Paradis","Gennaio",3770,1184,20,640,79,110611,55,22,0.351378821413736,817.485841129144,-3.59988258855155,45.328991807998,81,0,1,-1,5,0,5,0,0,0,0,0,4,85,43,82,1.9,1,3,"Nord-ovest",2,"Valle d'Aosta/Vallée d'Aoste","Valle d'Aosta/Vallée d'Aoste",0,23.4375,NA,0,47.6190476190476,9.52380952380952,NA,NA,NA,NA,NA,77.1084337349398,13.2530120481928,0,1204.81927710843,6626.50602409639,NA,NA,20507.375,23.6111111111111,NA,427.542168674699,0.301188867064721,4.8780487804878,51.8072289156626,46.9879518072289,23.4375,"Winter",139286,94636,7.07749805356923,11.6137838612806
7016,7055,"Rhêmes-Notre-Dame","rhemes notre dame",2019-02-01,2019,2,"2019-02","Grand-Paradis","Febbraio",5670,2003,20,640,79,95674,55,22,0.585380229224136,817.020584086072,1.02905612591657,35.2751156952151,81,0,1,-1,5,0,5,0,0,0,0,0,4,85,43,82,1.9,1,3,"Nord-ovest",2,"Valle d'Aosta/Vallée d'Aoste","Valle d'Aosta/Vallée d'Aoste",0,23.4375,NA,0,47.6190476190476,9.52380952380952,NA,NA,NA,NA,NA,77.1084337349398,13.2530120481928,0,1204.81927710843,6626.50602409639,NA,NA,20507.375,23.6111111111111,NA,427.542168674699,0.301188867064721,4.8780487804878,51.8072289156626,46.9879518072289,23.4375,"Winter",110611,98078,7.60290046220476,11.4687123102939
7017,7055,"Rhêmes-Notre-Dame","rhemes notre dame",2019-03-01,2019,3,"2019-03","Grand-Paradis","Marzo",4786,1696,20,640,79,95322,55,22,0.356749748381524,818.764103479364,0.380597031269111,43.9655756409192,81,0,1,-1,5,0,5,0,0,0,0,0,4,85,43,82,1.9,1,3,"Nord-ovest",2,"Valle d'Aosta/Vallée d'Aoste","Valle d'Aosta/Vallée d'Aoste",0,23.4375,NA,0,47.6190476190476,9.52380952380952,NA,NA,NA,NA,NA,77.1084337349398,13.2530120481928,0,1204.81927710843,6626.50602409639,NA,NA,20507.375,23.6111111111111,NA,427.542168674699,0.301188867064721,4.8780487804878,51.8072289156626,46.9879518072289,23.4375,"Spring",95674,96057,7.43661726523423,11.4650264036507
7018,7055,"Rhêmes-Notre-Dame","rhemes notre dame",2019-04-01,2019,4,"2019-04","Grand-Paradis","Aprile",982,447,20,640,79,47095,55,22,1.43145808726416,846.117486333838,1.28798627842143,52.7946283986812,81,0,1,-1,5,0,5,0,0,0,0,0,4,85,43,82,1.9,1,3,"Nord-ovest",2,"Valle d'Aosta/Vallée d'Aoste","Valle d'Aosta/Vallée d'Aoste",0,23.4375,NA,0,47.6190476190476,9.52380952380952,NA,NA,NA,NA,NA,77.1084337349398,13.2530120481928,0,1204.81927710843,6626.50602409639,NA,NA,20507.375,23.6111111111111,NA,427.542168674699,0.301188867064721,4.8780487804878,51.8072289156626,46.9879518072289,23.4375,"Spring",95322,49312,6.10479323241498,10.7599433507081
7019,7055,"Rhêmes-Notre-Dame","rhemes notre dame",2019-05-01,2019,5,"2019-05","Grand-Paradis","Maggio",140,48,20,640,79,26588,55,22,0.723727931255017,838.814610078807,4.20784267876299,45.9043715068696,81,0,1,-1,5,0,5,0,0,0,0,0,4,85,43,82,1.9,1,3,"Nord-ovest",2,"Valle d'Aosta/Vallée d'Aoste","Valle d'Aosta/Vallée d'Aoste",0,23.4375,NA,0,47.6190476190476,9.52380952380952,NA,NA,NA,NA,NA,77.1084337349398,13.2530120481928,0,1204.81927710843,6626.50602409639,NA,NA,20507.375,23.6111111111111,NA,427.542168674699,0.301188867064721,4.8780487804878,51.8072289156626,46.9879518072289,23.4375,"Spring",47095,24918,3.89182029811063,10.1882528754065
7020,7055,"Rhêmes-Notre-Dame","rhemes notre dame",2019-06-01,2019,6,"2019-06","Grand-Paradis","Giugno",2400,941,20,640,79,48766,55,22,0.788503628129292,842.516479918914,11.8192340623955,51.3864609470088,81,0,1,-1,5,0,5,0,0,0,0,0,4,85,43,82,1.9,1,3,"Nord-ovest",2,"Valle d'Aosta/Vallée d'Aoste","Valle d'Aosta/Vallée d'Aoste",0,23.4375,NA,0,47.6190476190476,9.52380952380952,NA,NA,NA,NA,NA,77.1084337349398,13.2530120481928,0,1204.81927710843,6626.50602409639,NA,NA,20507.375,23.6111111111111,NA,427.542168674699,0.301188867064721,4.8780487804878,51.8072289156626,46.9879518072289,23.4375,"Summer",26588,41015,6.84800527457636,10.7948091335867
7021,7055,"Rhêmes-Notre-Dame","rhemes notre dame",2019-07-01,2019,7,"2019-07","Grand-Paradis","Luglio",7285,1798,20,640,79,73677,55,22,1.12223114456528,865.149110666174,13.8759475755994,57.0796085768418,81,0,1,-1,5,0,5,0,0,0,0,0,4,85,43,82,1.9,1,3,"Nord-ovest",2,"Valle d'Aosta/Vallée d'Aoste","Valle d'Aosta/Vallée d'Aoste",0,23.4375,NA,0,47.6190476190476,9.52380952380952,NA,NA,NA,NA,NA,77.1084337349398,13.2530120481928,0,1204.81927710843,6626.50602409639,NA,NA,20507.375,23.6111111111111,NA,427.542168674699,0.301188867064721,4.8780487804878,51.8072289156626,46.9879518072289,23.4375,"Summer",48766,66643,7.49498623395053,11.2074595261525
7022,7055,"Rhêmes-Notre-Dame","rhemes notre dame",2019-08-01,2019,8,"2019-08","Grand-Paradis","Agosto",11062,1899,20,640,79,84540,55,22,0.70720019585872,850.567214602624,12.0952758977905,67.9872388356502,81,0,1,-1,5,0,5,0,0,0,0,0,4,85,43,82,1.9,1,3,"Nord-ovest",2,"Valle d'Aosta/Vallée d'Aoste","Valle d'Aosta/Vallée d'Aoste",0,23.4375,NA,0,47.6190476190476,9.52380952380952,NA,NA,NA,NA,NA,77.1084337349398,13.2530120481928,0,1204.81927710843,6626.50602409639,NA,NA,20507.375,23.6111111111111,NA,427.542168674699,0.301188867064721,4.8780487804878,51.8072289156626,46.9879518072289,23.4375,"Summer",73677,80210,7.54960916515453,11.344991902771
7023,7055,"Rhêmes-Notre-Dame","rhemes notre dame",2019-09-01,2019,9,"2019-09","Grand-Paradis","Settembre",1925,584,20,640,79,49715,55,22,0.361804058231827,840.186057514086,10.5261124694461,66.103391581499,81,0,1,-1,5,0,5,0,0,0,0,0,4,85,43,82,1.9,1,3,"Nord-ovest",2,"Valle d'Aosta/Vallée d'Aoste","Valle d'Aosta/Vallée d'Aoste",0,23.4375,NA,0,47.6190476190476,9.52380952380952,NA,NA,NA,NA,NA,77.1084337349398,13.2530120481928,0,1204.81927710843,6626.50602409639,NA,NA,20507.375,23.6111111111111,NA,427.542168674699,0.301188867064721,4.8780487804878,51.8072289156626,46.9879518072289,23.4375,"Autumn",84540,49792,6.37161184723186,10.8140820918654
7024,7055,"Rhêmes-Notre-Dame","rhemes notre dame",2019-10-01,2019,10,"2019-10","Grand-Paradis","Ottobre",230,70,20,640,79,29051,55,22,1.63007638478427,816.534980259942,6.66134411918583,68.7951061622017,81,0,1,-1,5,0,5,0,0,0,0,0,4,85,43,82,1.9,1,3,"Nord-ovest",2,"Valle d'Aosta/Vallée d'Aoste","Valle d'Aosta/Vallée d'Aoste",0,23.4375,NA,0,47.6190476190476,9.52380952380952,NA,NA,NA,NA,NA,77.1084337349398,13.2530120481928,0,1204.81927710843,6626.50602409639,NA,NA,20507.375,23.6111111111111,NA,427.542168674699,0.301188867064721,4.8780487804878,51.8072289156626,46.9879518072289,23.4375,"Autumn",49715,27991,4.26267987704132,10.2768426067261
7025,7055,"Rhêmes-Notre-Dame","rhemes notre dame",2019-11-01,2019,11,"2019-11","Grand-Paradis","Novembre",138,63,20,640,79,41728,55,22,1.47664038087196,807.265655784819,-0.93115683899307,76.9635462983486,81,0,1,-1,5,0,5,0,0,0,0,0,4,85,43,82,1.9,1,3,"Nord-ovest",2,"Valle d'Aosta/Vallée d'Aoste","Valle d'Aosta/Vallée d'Aoste",0,23.4375,NA,0,47.6190476190476,9.52380952380952,NA,NA,NA,NA,NA,77.1084337349398,13.2530120481928,0,1204.81927710843,6626.50602409639,NA,NA,20507.375,23.6111111111111,NA,427.542168674699,0.301188867064721,4.8780487804878,51.8072289156626,46.9879518072289,23.4375,"Autumn",29051,53818,4.15888308335967,10.6389516097231
7026,7055,"Rhêmes-Notre-Dame","rhemes notre dame",2019-12-01,2019,12,"2019-12","Grand-Paradis","Dicembre",2480,895,20,640,79,118818,55,22,1.00951183365818,809.507426560092,-1.06243298384031,60.3632634372488,81,0,1,-1,5,0,5,0,0,0,0,0,4,85,43,82,1.9,1,3,"Nord-ovest",2,"Valle d'Aosta/Vallée d'Aoste","Valle d'Aosta/Vallée d'Aoste",0,23.4375,NA,0,47.6190476190476,9.52380952380952,NA,NA,NA,NA,NA,77.1084337349398,13.2530120481928,0,1204.81927710843,6626.50602409639,NA,NA,20507.375,23.6111111111111,NA,427.542168674699,0.301188867064721,4.8780487804878,51.8072289156626,46.9879518072289,23.4375,"Winter",41728,139286,6.79794041297493,11.6853566057828
7027,7055,"Rhêmes-Notre-Dame","rhemes notre dame",2020-01-01,2020,1,"2020-01","Grand-Paradis","Gennaio",3034,1041,20,636,81,114693,55,22,0.300502897261297,820.345258740205,-2.52183973989874,52.5870858598932,85,0,1,-1,2,3,-1,1,0,1,0,-1,-2,83,44,80,1.8,1,3,"Nord-ovest",2,"Valle d'Aosta/Vallée d'Aoste","Valle d'Aosta/Vallée d'Aoste",0,25,NA,0,66.6666666666667,4.76190476190476,NA,NA,NA,NA,NA,80.9523809523809,13.0952380952381,0,1190.47619047619,5119.04761904762,NA,NA,20600.8507462687,22.7272727272727,NA,448.892857142857,0.301189907374893,NA,NA,NA,25,"Winter",118818,110611,6.94889722231331,11.6500229913743
7028,7055,"Rhêmes-Notre-Dame","rhemes notre dame",2020-02-01,2020,2,"2020-02","Grand-Paradis","Febbraio",5834,1680,20,636,81,107091,55,22,0.529268002574951,817.733433034262,-1.9896487482957,47.9521179326319,85,0,1,-1,2,3,-1,1,0,1,0,-1,-2,83,44,80,1.8,1,3,"Nord-ovest",2,"Valle d'Aosta/Vallée d'Aoste","Valle d'Aosta/Vallée d'Aoste",0,25,NA,0,66.6666666666667,4.76190476190476,NA,NA,NA,NA,NA,80.9523809523809,13.0952380952381,0,1190.47619047619,5119.04761904762,NA,NA,20600.8507462687,22.7272727272727,NA,448.892857142857,0.301189907374893,NA,NA,NA,25,"Winter",114693,95674,7.42714413340862,11.5814435571006
7029,7055,"Rhêmes-Notre-Dame","rhemes notre dame",2020-03-01,2020,3,"2020-03","Grand-Paradis","Marzo",1051,288,20,636,81,67581,55,22,0.485075988785285,817.155207717114,-1.51776889494691,56.8698179960383,85,0,1,-1,2,3,-1,1,0,1,0,-1,-2,83,44,80,1.8,1,3,"Nord-ovest",2,"Valle d'Aosta/Vallée d'Aoste","Valle d'Aosta/Vallée d'Aoste",0,25,NA,0,66.6666666666667,4.76190476190476,NA,NA,NA,NA,NA,80.9523809523809,13.0952380952381,0,1190.47619047619,5119.04761904762,NA,NA,20600.8507462687,22.7272727272727,NA,448.892857142857,0.301189907374893,NA,NA,NA,25,"Spring",107091,95322,5.66642668811243,11.121096954385
7030,7055,"Rhêmes-Notre-Dame","rhemes notre dame",2020-04-01,2020,4,"2020-04","Grand-Paradis","Aprile",0,0,20,636,81,41524,55,22,0.427461531395426,815.051663603974,3.81267743366147,50.5064120900175,85,0,1,-1,2,3,-1,1,0,1,0,-1,-2,83,44,80,1.8,1,3,"Nord-ovest",2,"Valle d'Aosta/Vallée d'Aoste","Valle d'Aosta/Vallée d'Aoste",0,25,NA,0,66.6666666666667,4.76190476190476,NA,NA,NA,NA,NA,80.9523809523809,13.0952380952381,0,1190.47619047619,5119.04761904762,NA,NA,20600.8507462687,22.7272727272727,NA,448.892857142857,0.301189907374893,NA,NA,NA,25,"Spring",67581,47095,0,10.6340509344815
7031,7055,"Rhêmes-Notre-Dame","rhemes notre dame",2020-05-01,2020,5,"2020-05","Grand-Paradis","Maggio",0,0,20,636,81,29573,55,22,1.24284965484054,826.636293435717,6.83529739324797,64.0606736987361,85,0,1,-1,2,3,-1,1,0,1,0,-1,-2,83,44,80,1.8,1,3,"Nord-ovest",2,"Valle d'Aosta/Vallée d'Aoste","Valle d'Aosta/Vallée d'Aoste",0,25,NA,0,66.6666666666667,4.76190476190476,NA,NA,NA,NA,NA,80.9523809523809,13.0952380952381,0,1190.47619047619,5119.04761904762,NA,NA,20600.8507462687,22.7272727272727,NA,448.892857142857,0.301189907374893,NA,NA,NA,25,"Spring",41524,26588,0,10.2946508759334
7032,7055,"Rhêmes-Notre-Dame","rhemes notre dame",2020-06-01,2020,6,"2020-06","Grand-Paradis","Giugno",935,286,20,636,81,46166,55,22,1.29678429316021,823.647448471701,9.09868676823276,69.7649232527427,85,0,1,-1,2,3,-1,1,0,1,0,-1,-2,83,44,80,1.8,1,3,"Nord-ovest",2,"Valle d'Aosta/Vallée d'Aoste","Valle d'Aosta/Vallée d'Aoste",0,25,NA,0,66.6666666666667,4.76190476190476,NA,NA,NA,NA,NA,80.9523809523809,13.0952380952381,0,1190.47619047619,5119.04761904762,NA,NA,20600.8507462687,22.7272727272727,NA,448.892857142857,0.301189907374893,NA,NA,NA,25,"Summer",29573,48766,5.65948221575962,10.740020536132
7033,7055,"Rhêmes-Notre-Dame","rhemes notre dame",2020-07-01,2020,7,"2020-07","Grand-Paradis","Luglio",5751,1297,20,636,81,72077,55,22,0.474398772387047,858.193865213704,14.0988749987658,57.6164100339058,85,0,1,-1,2,3,-1,1,0,1,0,-1,-2,83,44,80,1.8,1,3,"Nord-ovest",2,"Valle d'Aosta/Vallée d'Aoste","Valle d'Aosta/Vallée d'Aoste",0,25,NA,0,66.6666666666667,4.76190476190476,NA,NA,NA,NA,NA,80.9523809523809,13.0952380952381,0,1190.47619047619,5119.04761904762,NA,NA,20600.8507462687,22.7272727272727,NA,448.892857142857,0.301189907374893,NA,NA,NA,25,"Summer",46166,73677,7.16857989726403,11.1855041449494
7034,7055,"Rhêmes-Notre-Dame","rhemes notre dame",2020-08-01,2020,8,"2020-08","Grand-Paradis","Agosto",6880,1217,20,636,81,83842,55,22,0.881656900748941,846.875792880752,13.7247472447879,62.0312263588754,85,0,1,-1,2,3,-1,1,0,1,0,-1,-2,83,44,80,1.8,1,3,"Nord-ovest",2,"Valle d'Aosta/Vallée d'Aoste","Valle d'Aosta/Vallée d'Aoste",0,25,NA,0,66.6666666666667,4.76190476190476,NA,NA,NA,NA,NA,80.9523809523809,13.0952380952381,0,1190.47619047619,5119.04761904762,NA,NA,20600.8507462687,22.7272727272727,NA,448.892857142857,0.301189907374893,NA,NA,NA,25,"Summer",72077,84540,7.10496544826984,11.3367012813574
7035,7055,"Rhêmes-Notre-Dame","rhemes notre dame",2020-09-01,2020,9,"2020-09","Grand-Paradis","Settembre",1678,526,20,636,81,51044,55,22,0.713852183749665,825.063000067157,9.95666489325819,68.7423734105483,85,0,1,-1,2,3,-1,1,0,1,0,-1,-2,83,44,80,1.8,1,3,"Nord-ovest",2,"Valle d'Aosta/Vallée d'Aoste","Valle d'Aosta/Vallée d'Aoste",0,25,NA,0,66.6666666666667,4.76190476190476,NA,NA,NA,NA,NA,80.9523809523809,13.0952380952381,0,1190.47619047619,5119.04761904762,NA,NA,20600.8507462687,22.7272727272727,NA,448.892857142857,0.301189907374893,NA,NA,NA,25,"Autumn",83842,49715,6.26720054854136,10.8404628756031
7036,7055,"Rhêmes-Notre-Dame","rhemes notre dame",2020-10-01,2020,10,"2020-10","Grand-Paradis","Ottobre",145,40,20,636,81,31453,55,22,1.06843677971948,822.973275292083,5.21179028584427,68.5556378900998,85,0,1,-1,2,3,-1,1,0,1,0,-1,-2,83,44,80,1.8,1,3,"Nord-ovest",2,"Valle d'Aosta/Vallée d'Aoste","Valle d'Aosta/Vallée d'Aoste",0,25,NA,0,66.6666666666667,4.76190476190476,NA,NA,NA,NA,NA,80.9523809523809,13.0952380952381,0,1190.47619047619,5119.04761904762,NA,NA,20600.8507462687,22.7272727272727,NA,448.892857142857,0.301189907374893,NA,NA,NA,25,"Autumn",51044,29051,3.71357206670431,10.3562814400507
7037,7055,"Rhêmes-Notre-Dame","rhemes notre dame",2020-11-01,2020,11,"2020-11","Grand-Paradis","Novembre",15,3,20,636,81,37332,55,22,0.144272676838938,831.510159571791,3.05613835077165,55.2475881406592,85,0,1,-1,2,3,-1,1,0,1,0,-1,-2,83,44,80,1.8,1,3,"Nord-ovest",2,"Valle d'Aosta/Vallée d'Aoste","Valle d'Aosta/Vallée d'Aoste",0,25,NA,0,66.6666666666667,4.76190476190476,NA,NA,NA,NA,NA,80.9523809523809,13.0952380952381,0,1190.47619047619,5119.04761904762,NA,NA,20600.8507462687,22.7272727272727,NA,448.892857142857,0.301189907374893,NA,NA,NA,25,"Autumn",31453,41728,1.38629436111989,10.5276329329978
7038,7055,"Rhêmes-Notre-Dame","rhemes notre dame",2020-12-01,2020,12,"2020-12","Grand-Paradis","Dicembre",108,10,20,636,81,98127,55,22,0.685020810212582,807.678180319927,-3.3829993227857,66.3846040494744,85,0,1,-1,2,3,-1,1,0,1,0,-1,-2,83,44,80,1.8,1,3,"Nord-ovest",2,"Valle d'Aosta/Vallée d'Aoste","Valle d'Aosta/Vallée d'Aoste",0,25,NA,0,66.6666666666667,4.76190476190476,NA,NA,NA,NA,NA,80.9523809523809,13.0952380952381,0,1190.47619047619,5119.04761904762,NA,NA,20600.8507462687,22.7272727272727,NA,448.892857142857,0.301189907374893,NA,NA,NA,25,"Winter",37332,118818,2.39789527279837,11.4940280278658
7039,7055,"Rhêmes-Notre-Dame","rhemes notre dame",2021-01-01,2021,1,"2021-01","Grand-Paradis","Gennaio",91,7,21,594,85,60950,55,22,0.699587924866354,811.820200591876,-4.92047823844886,62.0253187314469,83,1,1,0,3,6,-3,1,0,1,0,0,-2,81,44,78,1.8,1,3,"Nord-ovest",2,"Valle d'Aosta/Vallée d'Aoste","Valle d'Aosta/Vallée d'Aoste",0,23.0769230769231,NA,0,63.1578947368421,0,NA,NA,NA,NA,NA,79.2682926829268,12.1951219512195,0,1219.51219512195,2948.78048780488,NA,NA,17931.1571428571,30.4347826086957,NA,419.548780487805,0.30153426714163,17.550681574606,56.4612096461192,35.8974358974359,23.0769230769231,"Winter",98127,114693,2.07944154167984,11.0178255416657
7040,7055,"Rhêmes-Notre-Dame","rhemes notre dame",2021-02-01,2021,2,"2021-02","Grand-Paradis","Febbraio",236,46,21,594,85,50360,55,22,0.394244234392121,755.269746752584,-1.42079899052489,58.3249884480764,83,1,1,0,3,6,-3,1,0,1,0,0,-2,81,44,78,1.8,1,3,"Nord-ovest",2,"Valle d'Aosta/Vallée d'Aoste","Valle d'Aosta/Vallée d'Aoste",0,23.0769230769231,NA,0,63.1578947368421,0,NA,NA,NA,NA,NA,79.2682926829268,12.1951219512195,0,1219.51219512195,2948.78048780488,NA,NA,17931.1571428571,30.4347826086957,NA,419.548780487805,0.30153426714163,17.550681574606,56.4612096461192,35.8974358974359,23.0769230769231,"Winter",60950,107091,3.85014760171006,10.8269723449905
7041,7055,"Rhêmes-Notre-Dame","rhemes notre dame",2021-03-01,2021,3,"2021-03","Grand-Paradis","Marzo",51,27,21,594,85,44476,55,22,0.255564919344239,779.231539941704,0.00341515646256024,46.9588462094886,83,1,1,0,3,6,-3,1,0,1,0,0,-2,81,44,78,1.8,1,3,"Nord-ovest",2,"Valle d'Aosta/Vallée d'Aoste","Valle d'Aosta/Vallée d'Aoste",0,23.0769230769231,NA,0,63.1578947368421,0,NA,NA,NA,NA,NA,79.2682926829268,12.1951219512195,0,1219.51219512195,2948.78048780488,NA,NA,17931.1571428571,30.4347826086957,NA,419.548780487805,0.30153426714163,17.550681574606,56.4612096461192,35.8974358974359,23.0769230769231,"Spring",50360,67581,3.3322045101752,10.7027274806067
7042,7055,"Rhêmes-Notre-Dame","rhemes notre dame",2021-04-01,2021,4,"2021-04","Grand-Paradis","Aprile",97,36,21,594,85,28949,55,22,0.767403325049991,825.388283094962,0.0360196821028368,54.8701478636537,83,1,1,0,3,6,-3,1,0,1,0,0,-2,81,44,78,1.8,1,3,"Nord-ovest",2,"Valle d'Aosta/Vallée d'Aoste","Valle d'Aosta/Vallée d'Aoste",0,23.0769230769231,NA,0,63.1578947368421,0,NA,NA,NA,NA,NA,79.2682926829268,12.1951219512195,0,1219.51219512195,2948.78048780488,NA,NA,17931.1571428571,30.4347826086957,NA,419.548780487805,0.30153426714163,17.550681574606,56.4612096461192,35.8974358974359,23.0769230769231,"Spring",44476,41524,3.61091791264422,10.2733254830011
7043,7055,"Rhêmes-Notre-Dame","rhemes notre dame",2021-05-01,2021,5,"2021-05","Grand-Paradis","Maggio",108,65,21,594,85,29028,55,22,1.42936925101227,853.358897556817,2.69535894674883,44.3233118148023,83,1,1,0,3,6,-3,1,0,1,0,0,-2,81,44,78,1.8,1,3,"Nord-ovest",2,"Valle d'Aosta/Vallée d'Aoste","Valle d'Aosta/Vallée d'Aoste",0,23.0769230769231,NA,0,63.1578947368421,0,NA,NA,NA,NA,NA,79.2682926829268,12.1951219512195,0,1219.51219512195,2948.78048780488,NA,NA,17931.1571428571,30.4347826086957,NA,419.548780487805,0.30153426714163,17.550681574606,56.4612096461192,35.8974358974359,23.0769230769231,"Spring",28949,29573,4.18965474202643,10.2760506093017
7044,7055,"Rhêmes-Notre-Dame","rhemes notre dame",2021-06-01,2021,6,"2021-06","Grand-Paradis","Giugno",1476,541,21,594,85,49613,55,22,1.35215578980659,850.202810532047,9.81703309350496,66.6834497784553,83,1,1,0,3,6,-3,1,0,1,0,0,-2,81,44,78,1.8,1,3,"Nord-ovest",2,"Valle d'Aosta/Vallée d'Aoste","Valle d'Aosta/Vallée d'Aoste",0,23.0769230769231,NA,0,63.1578947368421,0,NA,NA,NA,NA,NA,79.2682926829268,12.1951219512195,0,1219.51219512195,2948.78048780488,NA,NA,17931.1571428571,30.4347826086957,NA,419.548780487805,0.30153426714163,17.550681574606,56.4612096461192,35.8974358974359,23.0769230769231,"Summer",29028,46166,6.29526600143965,10.8120283309502
7045,7055,"Rhêmes-Notre-Dame","rhemes notre dame",2021-07-01,2021,7,"2021-07","Grand-Paradis","Luglio",6516,1357,21,594,85,74387,55,22,1.37285537128139,841.087121916504,11.2110518542276,65.4560619942056,83,1,1,0,3,6,-3,1,0,1,0,0,-2,81,44,78,1.8,1,3,"Nord-ovest",2,"Valle d'Aosta/Vallée d'Aoste","Valle d'Aosta/Vallée d'Aoste",0,23.0769230769231,NA,0,63.1578947368421,0,NA,NA,NA,NA,NA,79.2682926829268,12.1951219512195,0,1219.51219512195,2948.78048780488,NA,NA,17931.1571428571,30.4347826086957,NA,419.548780487805,0.30153426714163,17.550681574606,56.4612096461192,35.8974358974359,23.0769230769231,"Summer",49613,72077,7.21376830811864,11.2170499174899
7046,7055,"Rhêmes-Notre-Dame","rhemes notre dame",2021-08-01,2021,8,"2021-08","Grand-Paradis","Agosto",5946,878,21,594,85,85533,55,22,0.582871749021168,847.894186043431,12.7182645762605,57.4434347697905,83,1,1,0,3,6,-3,1,0,1,0,0,-2,81,44,78,1.8,1,3,"Nord-ovest",2,"Valle d'Aosta/Vallée d'Aoste","Valle d'Aosta/Vallée d'Aoste",0,23.0769230769231,NA,0,63.1578947368421,0,NA,NA,NA,NA,NA,79.2682926829268,12.1951219512195,0,1219.51219512195,2948.78048780488,NA,NA,17931.1571428571,30.4347826086957,NA,419.548780487805,0.30153426714163,17.550681574606,56.4612096461192,35.8974358974359,23.0769230769231,"Summer",74387,83842,6.77878489768518,11.3566692366975
7047,7055,"Rhêmes-Notre-Dame","rhemes notre dame",2021-09-01,2021,9,"2021-09","Grand-Paradis","Settembre",2206,706,21,594,85,53979,55,22,0.741434280778996,841.709340756532,10.886544232283,70.7790144555537,83,1,1,0,3,6,-3,1,0,1,0,0,-2,81,44,78,1.8,1,3,"Nord-ovest",2,"Valle d'Aosta/Vallée d'Aoste","Valle d'Aosta/Vallée d'Aoste",0,23.0769230769231,NA,0,63.1578947368421,0,NA,NA,NA,NA,NA,79.2682926829268,12.1951219512195,0,1219.51219512195,2948.78048780488,NA,NA,17931.1571428571,30.4347826086957,NA,419.548780487805,0.30153426714163,17.550681574606,56.4612096461192,35.8974358974359,23.0769230769231,"Autumn",85533,51044,6.56103066589657,10.896368886572
7048,7055,"Rhêmes-Notre-Dame","rhemes notre dame",2021-10-01,2021,10,"2021-10","Grand-Paradis","Ottobre",475,162,21,594,85,709244,55,22,0.893794723233412,830.11165680027,6.10853788220316,59.7367647736973,83,1,1,0,3,6,-3,1,0,1,0,0,-2,81,44,78,1.8,1,3,"Nord-ovest",2,"Valle d'Aosta/Vallée d'Aoste","Valle d'Aosta/Vallée d'Aoste",0,23.0769230769231,NA,0,63.1578947368421,0,NA,NA,NA,NA,NA,79.2682926829268,12.1951219512195,0,1219.51219512195,2948.78048780488,NA,NA,17931.1571428571,30.4347826086957,NA,419.548780487805,0.30153426714163,17.550681574606,56.4612096461192,35.8974358974359,23.0769230769231,"Autumn",53979,31453,5.09375020080676,13.4719563029459
7049,7055,"Rhêmes-Notre-Dame","rhemes notre dame",2021-11-01,2021,11,"2021-11","Grand-Paradis","Novembre",118,50,21,594,85,724098,55,22,0.554918103491673,811.327853674496,1.2031334935021,63.3177508420746,83,1,1,0,3,6,-3,1,0,1,0,0,-2,81,44,78,1.8,1,3,"Nord-ovest",2,"Valle d'Aosta/Vallée d'Aoste","Valle d'Aosta/Vallée d'Aoste",0,23.0769230769231,NA,0,63.1578947368421,0,NA,NA,NA,NA,NA,79.2682926829268,12.1951219512195,0,1219.51219512195,2948.78048780488,NA,NA,17931.1571428571,30.4347826086957,NA,419.548780487805,0.30153426714163,17.550681574606,56.4612096461192,35.8974358974359,23.0769230769231,"Autumn",709244,37332,3.93182563272433,13.4926834023512
7050,7055,"Rhêmes-Notre-Dame","rhemes notre dame",2021-12-01,2021,12,"2021-12","Grand-Paradis","Dicembre",2335,729,21,594,85,NA,55,22,0.722211176209425,811.346703998987,0.223498261444654,53.571064994291,83,1,1,0,3,6,-3,1,0,1,0,0,-2,81,44,78,1.8,1,3,"Nord-ovest",2,"Valle d'Aosta/Vallée d'Aoste","Valle d'Aosta/Vallée d'Aoste",0,23.0769230769231,NA,0,63.1578947368421,0,NA,NA,NA,NA,NA,79.2682926829268,12.1951219512195,0,1219.51219512195,2948.78048780488,NA,NA,17931.1571428571,30.4347826086957,NA,419.548780487805,0.30153426714163,17.550681574606,56.4612096461192,35.8974358974359,23.0769230769231,"Winter",724098,98127,6.59304453414244,NA
7051,7055,"Rhêmes-Notre-Dame","rhemes notre dame",2022-01-01,2022,1,"2022-01","Grand-Paradis","Gennaio",2624,818,23,593,83,131968,55,22,0.11256705840122,825.029693991751,0.314610047588016,40.1970671118363,81,0,0,0,2,3,-1,0,1,-1,0,0,-2,79,45,79,1.8,0,0,"Nord-ovest",2,"Valle d'Aosta/Vallée d'Aoste","Valle d'Aosta/Vallée d'Aoste",0,23.6111111111111,NA,0,75,5,NA,NA,NA,NA,NA,90,12.5,0,1250,1112.5,NA,NA,21245.2835820896,14.9253731343284,NA,NA,0.3,2.58826690632726,50.0222314292466,48.6842105263158,23.6111111111111,"Winter",-1167846,60950,6.70808408385307,11.7903223255024
7052,7055,"Rhêmes-Notre-Dame","rhemes notre dame",2022-02-01,2022,2,"2022-02","Grand-Paradis","Febbraio",3192,982,23,593,83,107262,55,22,0.137893520883884,845.05182046322,-1.37360598426147,44.9125964993064,81,0,0,0,2,3,-1,0,1,-1,0,0,-2,79,45,79,1.8,0,0,"Nord-ovest",2,"Valle d'Aosta/Vallée d'Aoste","Valle d'Aosta/Vallée d'Aoste",0,23.6111111111111,NA,0,75,5,NA,NA,NA,NA,NA,90,12.5,0,1250,1112.5,NA,NA,21245.2835820896,14.9253731343284,NA,NA,0.3,2.58826690632726,50.0222314292466,48.6842105263158,23.6111111111111,"Winter",131968,50360,6.89060912014717,11.5830390415659
7053,7055,"Rhêmes-Notre-Dame","rhemes notre dame",2022-03-01,2022,3,"2022-03","Grand-Paradis","Marzo",1869,695,23,593,83,93020,55,22,0.328692458842191,830.189667525036,-1.15737166578463,50.52902332095,81,0,0,0,2,3,-1,0,1,-1,0,0,-2,79,45,79,1.8,0,0,"Nord-ovest",2,"Valle d'Aosta/Vallée d'Aoste","Valle d'Aosta/Vallée d'Aoste",0,23.6111111111111,NA,0,75,5,NA,NA,NA,NA,NA,90,12.5,0,1250,1112.5,NA,NA,21245.2835820896,14.9253731343284,NA,NA,0.3,2.58826690632726,50.0222314292466,48.6842105263158,23.6111111111111,"Spring",107262,44476,6.54534966033442,11.4405805530966
7054,7055,"Rhêmes-Notre-Dame","rhemes notre dame",2022-04-01,2022,4,"2022-04","Grand-Paradis","Aprile",726,352,23,593,83,47898,55,22,0.469351132441011,812.164258681374,2.16174051230425,48.5179708583156,81,0,0,0,2,3,-1,0,1,-1,0,0,-2,79,45,79,1.8,0,0,"Nord-ovest",2,"Valle d'Aosta/Vallée d'Aoste","Valle d'Aosta/Vallée d'Aoste",0,23.6111111111111,NA,0,75,5,NA,NA,NA,NA,NA,90,12.5,0,1250,1112.5,NA,NA,21245.2835820896,14.9253731343284,NA,NA,0.3,2.58826690632726,50.0222314292466,48.6842105263158,23.6111111111111,"Spring",93020,28949,5.8664680569333,10.7768499063544
7055,7055,"Rhêmes-Notre-Dame","rhemes notre dame",2022-05-01,2022,5,"2022-05","Grand-Paradis","Maggio",64,26,23,593,83,27011,55,22,0.699401914981394,823.67073451668,8.28898390746936,63.9602664296372,81,0,0,0,2,3,-1,0,1,-1,0,0,-2,79,45,79,1.8,0,0,"Nord-ovest",2,"Valle d'Aosta/Vallée d'Aoste","Valle d'Aosta/Vallée d'Aoste",0,23.6111111111111,NA,0,75,5,NA,NA,NA,NA,NA,90,12.5,0,1250,1112.5,NA,NA,21245.2835820896,14.9253731343284,NA,NA,0.3,2.58826690632726,50.0222314292466,48.6842105263158,23.6111111111111,"Spring",47898,29028,3.29583686600433,10.2040364906947
7056,7055,"Rhêmes-Notre-Dame","rhemes notre dame",2022-06-01,2022,6,"2022-06","Grand-Paradis","Giugno",2195,733,23,593,83,50848,55,22,1.0193906458554,827.469761198779,12.1184052521266,61.909185365455,81,0,0,0,2,3,-1,0,1,-1,0,0,-2,79,45,79,1.8,0,0,"Nord-ovest",2,"Valle d'Aosta/Vallée d'Aoste","Valle d'Aosta/Vallée d'Aoste",0,23.6111111111111,NA,0,75,5,NA,NA,NA,NA,NA,90,12.5,0,1250,1112.5,NA,NA,21245.2835820896,14.9253731343284,NA,NA,0.3,2.58826690632726,50.0222314292466,48.6842105263158,23.6111111111111,"Summer",27011,49613,6.59850902861452,10.8366157356
7057,7055,"Rhêmes-Notre-Dame","rhemes notre dame",2022-07-01,2022,7,"2022-07","Grand-Paradis","Luglio",4870,936,23,593,83,73476,55,22,0.506408623681952,838.638513410793,15.74230946322,56.5290273760043,81,0,0,0,2,3,-1,0,1,-1,0,0,-2,79,45,79,1.8,0,0,"Nord-ovest",2,"Valle d'Aosta/Vallée d'Aoste","Valle d'Aosta/Vallée d'Aoste",0,23.6111111111111,NA,0,75,5,NA,NA,NA,NA,NA,90,12.5,0,1250,1112.5,NA,NA,21245.2835820896,14.9253731343284,NA,NA,0.3,2.58826690632726,50.0222314292466,48.6842105263158,23.6111111111111,"Summer",50848,74387,6.84268328223842,11.2047277110596
7058,7055,"Rhêmes-Notre-Dame","rhemes notre dame",2022-08-01,2022,8,"2022-08","Grand-Paradis","Agosto",5708,900,23,593,83,85401,55,22,0.583103577699473,840.978087387941,13.8705327609732,62.9751180469505,81,0,0,0,2,3,-1,0,1,-1,0,0,-2,79,45,79,1.8,0,0,"Nord-ovest",2,"Valle d'Aosta/Vallée d'Aoste","Valle d'Aosta/Vallée d'Aoste",0,23.6111111111111,NA,0,75,5,NA,NA,NA,NA,NA,90,12.5,0,1250,1112.5,NA,NA,21245.2835820896,14.9253731343284,NA,NA,0.3,2.58826690632726,50.0222314292466,48.6842105263158,23.6111111111111,"Summer",73476,85533,6.80350525760834,11.3551247987062
7059,7055,"Rhêmes-Notre-Dame","rhemes notre dame",2022-09-01,2022,9,"2022-09","Grand-Paradis","Settembre",1714,454,23,593,83,49623,55,22,0.822299590554436,824.708290683016,8.60409882195392,64.5708406441582,81,0,0,0,2,3,-1,0,1,-1,0,0,-2,79,45,79,1.8,0,0,"Nord-ovest",2,"Valle d'Aosta/Vallée d'Aoste","Valle d'Aosta/Vallée d'Aoste",0,23.6111111111111,NA,0,75,5,NA,NA,NA,NA,NA,90,12.5,0,1250,1112.5,NA,NA,21245.2835820896,14.9253731343284,NA,NA,0.3,2.58826690632726,50.0222314292466,48.6842105263158,23.6111111111111,"Autumn",85401,53979,6.12029741895095,10.812229866653
7060,7055,"Rhêmes-Notre-Dame","rhemes notre dame",2022-10-01,2022,10,"2022-10","Grand-Paradis","Ottobre",182,60,23,593,83,29785,55,22,0.625991993014682,822.18631841541,8.25438434485571,64.0999301475153,81,0,0,0,2,3,-1,0,1,-1,0,0,-2,79,45,79,1.8,0,0,"Nord-ovest",2,"Valle d'Aosta/Vallée d'Aoste","Valle d'Aosta/Vallée d'Aoste",0,23.6111111111111,NA,0,75,5,NA,NA,NA,NA,NA,90,12.5,0,1250,1112.5,NA,NA,21245.2835820896,14.9253731343284,NA,NA,0.3,2.58826690632726,50.0222314292466,48.6842105263158,23.6111111111111,"Autumn",49623,709244,4.11087386417331,10.3017937634458
7061,7055,"Rhêmes-Notre-Dame","rhemes notre dame",2022-11-01,2022,11,"2022-11","Grand-Paradis","Novembre",153,73,23,593,83,61853,55,22,0.931357191518786,813.042335681209,2.19458317798236,62.0688125679822,81,0,0,0,2,3,-1,0,1,-1,0,0,-2,79,45,79,1.8,0,0,"Nord-ovest",2,"Valle d'Aosta/Vallée d'Aoste","Valle d'Aosta/Vallée d'Aoste",0,23.6111111111111,NA,0,75,5,NA,NA,NA,NA,NA,90,12.5,0,1250,1112.5,NA,NA,21245.2835820896,14.9253731343284,NA,NA,0.3,2.58826690632726,50.0222314292466,48.6842105263158,23.6111111111111,"Autumn",29785,724098,4.30406509320417,11.0325320483244
7062,7055,"Rhêmes-Notre-Dame","rhemes notre dame",2022-12-01,2022,12,"2022-12","Grand-Paradis","Dicembre",2769,897,23,593,83,184265,55,22,0.90489998035715,819.720570537807,-1.46729815779177,62.0143650633632,81,0,0,0,2,3,-1,0,1,-1,0,0,-2,79,45,79,1.8,0,0,"Nord-ovest",2,"Valle d'Aosta/Vallée d'Aoste","Valle d'Aosta/Vallée d'Aoste",0,23.6111111111111,NA,0,75,5,NA,NA,NA,NA,NA,90,12.5,0,1250,1112.5,NA,NA,21245.2835820896,14.9253731343284,NA,NA,0.3,2.58826690632726,50.0222314292466,48.6842105263158,23.6111111111111,"Winter",61853,-1167846,6.8001700683022,12.1241356448159
7063,7055,"Rhêmes-Notre-Dame","rhemes notre dame",2023-01-01,2023,1,"2023-01","Grand-Paradis","Gennaio",3922,1099,22,594,81,114143,55,22,0.521724383910645,814.872920153376,-3.33358418617096,55.2796140885603,79,0,1,-1,3,6,-3,1,0,1,0,0,-3,76,42,76,1.8,0,0,NA,NA,NA,NA,NA,NA,NA,NA,NA,NA,NA,NA,NA,NA,NA,NA,NA,NA,NA,NA,NA,NA,NA,NA,NA,NA,NA,NA,NA,NA,NA,"Winter",184265,131968,7.00306545878646,11.6452160881586
7064,7055,"Rhêmes-Notre-Dame","rhemes notre dame",2023-02-01,2023,2,"2023-02","Grand-Paradis","Febbraio",4257,1227,22,594,81,99236,55,22,0.132091286272288,822.25455959643,-0.443942739706053,47.1881283248939,79,0,1,-1,3,6,-3,1,0,1,0,0,-3,76,42,76,1.8,0,0,NA,NA,NA,NA,NA,NA,NA,NA,NA,NA,NA,NA,NA,NA,NA,NA,NA,NA,NA,NA,NA,NA,NA,NA,NA,NA,NA,NA,NA,NA,NA,"Winter",114143,107262,7.11314210870709,11.5052662076027
7065,7055,"Rhêmes-Notre-Dame","rhemes notre dame",2023-03-01,2023,3,"2023-03","Grand-Paradis","Marzo",1736,661,22,594,81,88154,55,22,1.2178341075534,820.98055270693,0.0205672580499258,50.577929149562,79,0,1,-1,3,6,-3,1,0,1,0,0,-3,76,42,76,1.8,0,0,NA,NA,NA,NA,NA,NA,NA,NA,NA,NA,NA,NA,NA,NA,NA,NA,NA,NA,NA,NA,NA,NA,NA,NA,NA,NA,NA,NA,NA,NA,NA,"Spring",99236,93020,6.49526555593701,11.3868519077149
7066,7055,"Rhêmes-Notre-Dame","rhemes notre dame",2023-04-01,2023,4,"2023-04","Grand-Paradis","Aprile",702,281,22,594,81,48163,55,22,1.12389964863971,821.644529963243,1.51655222101541,49.9470310285375,79,0,1,-1,3,6,-3,1,0,1,0,0,-3,76,42,76,1.8,0,0,NA,NA,NA,NA,NA,NA,NA,NA,NA,NA,NA,NA,NA,NA,NA,NA,NA,NA,NA,NA,NA,NA,NA,NA,NA,NA,NA,NA,NA,NA,NA,"Spring",88154,47898,5.64190707093811,10.7823671330121
7067,7055,"Rhêmes-Notre-Dame","rhemes notre dame",2023-05-01,2023,5,"2023-05","Grand-Paradis","Maggio",94,58,22,594,81,28506,55,22,1.9666847595844,840.958683697114,5.91370170426843,64.5012163088976,79,0,1,-1,3,6,-3,1,0,1,0,0,-3,76,42,76,1.8,0,0,NA,NA,NA,NA,NA,NA,NA,NA,NA,NA,NA,NA,NA,NA,NA,NA,NA,NA,NA,NA,NA,NA,NA,NA,NA,NA,NA,NA,NA,NA,NA,"Spring",48163,27011,4.07753744390572,10.2579049501336
7068,7055,"Rhêmes-Notre-Dame","rhemes notre dame",2023-06-01,2023,6,"2023-06","Grand-Paradis","Giugno",2513,725,22,594,81,50073,55,22,1.26263196853327,846.647612693209,11.0876366433454,63.1289088816814,79,0,1,-1,3,6,-3,1,0,1,0,0,-3,76,42,76,1.8,0,0,NA,NA,NA,NA,NA,NA,NA,NA,NA,NA,NA,NA,NA,NA,NA,NA,NA,NA,NA,NA,NA,NA,NA,NA,NA,NA,NA,NA,NA,NA,NA,"Summer",28506,50848,6.5875500148248,10.8212571902897
7069,7055,"Rhêmes-Notre-Dame","rhemes notre dame",2023-07-01,2023,7,"2023-07","Grand-Paradis","Luglio",6025,1301,22,594,81,73601,55,22,0.890295055371014,834.284151749334,15.2448568343785,54.7820711442895,79,0,1,-1,3,6,-3,1,0,1,0,0,-3,76,42,76,1.8,0,0,NA,NA,NA,NA,NA,NA,NA,NA,NA,NA,NA,NA,NA,NA,NA,NA,NA,NA,NA,NA,NA,NA,NA,NA,NA,NA,NA,NA,NA,NA,NA,"Summer",50073,73476,7.17165682276851,11.2064274782608
7070,7055,"Rhêmes-Notre-Dame","rhemes notre dame",2023-08-01,2023,8,"2023-08","Grand-Paradis","Agosto",6745,1173,22,594,81,86100,55,22,2.16329705791834,855.477003994322,14.5188006994027,60.1213712460284,79,0,1,-1,3,6,-3,1,0,1,0,0,-3,76,42,76,1.8,0,0,NA,NA,NA,NA,NA,NA,NA,NA,NA,NA,NA,NA,NA,NA,NA,NA,NA,NA,NA,NA,NA,NA,NA,NA,NA,NA,NA,NA,NA,NA,NA,"Summer",73601,85401,7.06817200038804,11.3632763047502
7071,7055,"Rhêmes-Notre-Dame","rhemes notre dame",2023-09-01,2023,9,"2023-09","Grand-Paradis","Settembre",2059,531,22,594,81,54838,55,22,0.586920808560543,817.727982223141,12.0402557767168,59.1788490270013,79,0,1,-1,3,6,-3,1,0,1,0,0,-3,76,42,76,1.8,0,0,NA,NA,NA,NA,NA,NA,NA,NA,NA,NA,NA,NA,NA,NA,NA,NA,NA,NA,NA,NA,NA,NA,NA,NA,NA,NA,NA,NA,NA,NA,NA,"Autumn",86100,49623,6.27664348934164,10.9121568986449
7072,7055,"Rhêmes-Notre-Dame","rhemes notre dame",2023-10-01,2023,10,"2023-10","Grand-Paradis","Ottobre",38,7,22,594,81,32175,55,22,0.995681372880885,824.241394409582,7.82735261684749,53.6142431028189,79,0,1,-1,3,6,-3,1,0,1,0,0,-3,76,42,76,1.8,0,0,NA,NA,NA,NA,NA,NA,NA,NA,NA,NA,NA,NA,NA,NA,NA,NA,NA,NA,NA,NA,NA,NA,NA,NA,NA,NA,NA,NA,NA,NA,NA,"Autumn",54838,29785,2.07944154167984,10.3789761120124
7073,7055,"Rhêmes-Notre-Dame","rhemes notre dame",2023-11-01,2023,11,"2023-11","Grand-Paradis","Novembre",124,46,22,594,81,82081,55,22,1.50136378178195,818.839427761262,0.255128120814963,46.5871646299011,79,0,1,-1,3,6,-3,1,0,1,0,0,-3,76,42,76,1.8,0,0,NA,NA,NA,NA,NA,NA,NA,NA,NA,NA,NA,NA,NA,NA,NA,NA,NA,NA,NA,NA,NA,NA,NA,NA,NA,NA,NA,NA,NA,NA,NA,"Autumn",32175,61853,3.85014760171006,11.3154740265795
7074,7055,"Rhêmes-Notre-Dame","rhemes notre dame",2023-12-01,2023,12,"2023-12","Grand-Paradis","Dicembre",2891,954,22,594,81,152027,55,22,1.21262809738531,819.653419017278,-0.55246189691892,49.8529828096408,79,0,1,-1,3,6,-3,1,0,1,0,0,-3,76,42,76,1.8,0,0,NA,NA,NA,NA,NA,NA,NA,NA,NA,NA,NA,NA,NA,NA,NA,NA,NA,NA,NA,NA,NA,NA,NA,NA,NA,NA,NA,NA,NA,NA,NA,"Winter",82081,184265,6.86171134048073,11.9318199933901
7075,7055,"Rhêmes-Notre-Dame","rhemes notre dame",2024-01-01,2024,1,"2024-01","Grand-Paradis","Gennaio",4145,1379,21,561,79,134462,55,22,0.535323488827809,813.779845491562,-0.0210199907287719,53.0041626706825,76,0,0,0,3,3,0,0,0,0,0,0,0,76,44,76,1.7,0,0,NA,NA,NA,NA,NA,NA,NA,NA,NA,NA,NA,NA,NA,NA,NA,NA,NA,NA,NA,NA,NA,NA,NA,NA,NA,NA,NA,NA,NA,NA,NA,"Winter",152027,114143,7.22983877815125,11.8090443472422
7076,7055,"Rhêmes-Notre-Dame","rhemes notre dame",2024-02-01,2024,2,"2024-02","Grand-Paradis","Febbraio",3435,850,21,561,79,113728,55,22,1.0467174312181,812.028505215809,0.977114504716321,59.1881524152853,76,0,0,0,3,3,0,0,0,0,0,0,0,76,44,76,1.7,0,0,NA,NA,NA,NA,NA,NA,NA,NA,NA,NA,NA,NA,NA,NA,NA,NA,NA,NA,NA,NA,NA,NA,NA,NA,NA,NA,NA,NA,NA,NA,NA,"Winter",134462,99236,6.74641212857337,11.6415737043851
7077,7055,"Rhêmes-Notre-Dame","rhemes notre dame",2024-03-01,2024,3,"2024-03","Grand-Paradis","Marzo",2933,1081,21,561,79,98544,55,22,2.70661689156968,813.891642146916,0.383842872946253,64.2667804943919,76,0,0,0,3,3,0,0,0,0,0,0,0,76,44,76,1.7,0,0,NA,NA,NA,NA,NA,NA,NA,NA,NA,NA,NA,NA,NA,NA,NA,NA,NA,NA,NA,NA,NA,NA,NA,NA,NA,NA,NA,NA,NA,NA,NA,"Spring",113728,88154,6.98656645940643,11.4982685756266
7078,7055,"Rhêmes-Notre-Dame","rhemes notre dame",2024-04-01,2024,4,"2024-04","Grand-Paradis","Aprile",536,250,21,561,79,49506,55,22,1.57198236997458,832.401005237091,1.90979655937758,55.9576221053419,76,0,0,0,3,3,0,0,0,0,0,0,0,76,44,76,1.7,0,0,NA,NA,NA,NA,NA,NA,NA,NA,NA,NA,NA,NA,NA,NA,NA,NA,NA,NA,NA,NA,NA,NA,NA,NA,NA,NA,NA,NA,NA,NA,NA,"Spring",98544,48163,5.52545293913178,10.8098693527002
7079,7055,"Rhêmes-Notre-Dame","rhemes notre dame",2024-05-01,2024,5,"2024-05","Grand-Paradis","Maggio",170,125,21,561,79,31233,55,22,2.68632694413306,828.551589913816,5.24816770551215,58.0733929959028,76,0,0,0,3,3,0,0,0,0,0,0,0,76,44,76,1.7,0,0,NA,NA,NA,NA,NA,NA,NA,NA,NA,NA,NA,NA,NA,NA,NA,NA,NA,NA,NA,NA,NA,NA,NA,NA,NA,NA,NA,NA,NA,NA,NA,"Spring",49506,28506,4.83628190695148,10.3492625240478
7080,7055,"Rhêmes-Notre-Dame","rhemes notre dame",2024-06-01,2024,6,"2024-06","Grand-Paradis","Giugno",2112,713,21,561,79,53454,55,22,1.54304178087914,866.116079771294,10.1187245019377,58.4522961993999,76,0,0,0,3,3,0,0,0,0,0,0,0,76,44,76,1.7,0,0,NA,NA,NA,NA,NA,NA,NA,NA,NA,NA,NA,NA,NA,NA,NA,NA,NA,NA,NA,NA,NA,NA,NA,NA,NA,NA,NA,NA,NA,NA,NA,"Summer",31233,50073,6.57088296233958,10.8865954574476
7081,7055,"Rhêmes-Notre-Dame","rhemes notre dame",2024-07-01,2024,7,"2024-07","Grand-Paradis","Luglio",7093,1413,21,561,79,80097,55,22,0.706103477908471,863.873150260227,14.2916057385431,52.7719021384901,76,0,0,0,3,3,0,0,0,0,0,0,0,76,44,76,1.7,0,0,NA,NA,NA,NA,NA,NA,NA,NA,NA,NA,NA,NA,NA,NA,NA,NA,NA,NA,NA,NA,NA,NA,NA,NA,NA,NA,NA,NA,NA,NA,NA,"Summer",53454,73601,7.25417784645652,11.2910061639557
7082,7055,"Rhêmes-Notre-Dame","rhemes notre dame",2024-08-01,2024,8,"2024-08","Grand-Paradis","Agosto",8546,1728,21,561,79,91260,55,22,0.632242646742046,846.931305913005,14.902220167124,62.6897109285423,76,0,0,0,3,3,0,0,0,0,0,0,0,76,44,76,1.7,0,0,NA,NA,NA,NA,NA,NA,NA,NA,NA,NA,NA,NA,NA,NA,NA,NA,NA,NA,NA,NA,NA,NA,NA,NA,NA,NA,NA,NA,NA,NA,NA,"Summer",80097,86100,7.45529848568329,11.4214788121246
7083,7055,"Rhêmes-Notre-Dame","rhemes notre dame",2024-09-01,2024,9,"2024-09","Grand-Paradis","Settembre",2345,657,21,561,79,56405,55,22,1.40418697650719,821.785942121926,8.7195119170474,72.6403665837392,76,0,0,0,3,3,0,0,0,0,0,0,0,76,44,76,1.7,0,0,NA,NA,NA,NA,NA,NA,NA,NA,NA,NA,NA,NA,NA,NA,NA,NA,NA,NA,NA,NA,NA,NA,NA,NA,NA,NA,NA,NA,NA,NA,NA,"Autumn",91260,54838,6.48920493132532,10.9403308148066
7084,7055,"Rhêmes-Notre-Dame","rhemes notre dame",2024-10-01,2024,10,"2024-10","Grand-Paradis","Ottobre",78,37,21,561,79,33132,55,22,2.48453643203225,826.217180029362,6.39442772348963,76.2271010915341,76,0,0,0,3,3,0,0,0,0,0,0,0,76,44,76,1.7,0,0,NA,NA,NA,NA,NA,NA,NA,NA,NA,NA,NA,NA,NA,NA,NA,NA,NA,NA,NA,NA,NA,NA,NA,NA,NA,NA,NA,NA,NA,NA,NA,"Autumn",56405,32175,3.63758615972639,10.4082850435638
7085,7055,"Rhêmes-Notre-Dame","rhemes notre dame",2024-11-01,2024,11,"2024-11","Grand-Paradis","Novembre",309,159,21,561,79,94751,55,22,0.922999948005731,828.65123949335,2.96956821468517,53.1702802611565,76,0,0,0,3,3,0,0,0,0,0,0,0,76,44,76,1.7,0,0,NA,NA,NA,NA,NA,NA,NA,NA,NA,NA,NA,NA,NA,NA,NA,NA,NA,NA,NA,NA,NA,NA,NA,NA,NA,NA,NA,NA,NA,NA,NA,"Autumn",33132,82081,5.07517381523383,11.4590182309013
7086,7055,"Rhêmes-Notre-Dame","rhemes notre dame",2024-12-01,2024,12,"2024-12","Grand-Paradis","Dicembre",3288,1129,21,561,79,154672,55,22,0.398332419887545,815.662375961155,-0.259992608954792,48.7410028267104,76,0,0,0,3,3,0,0,0,0,0,0,0,76,44,76,1.7,0,0,NA,NA,NA,NA,NA,NA,NA,NA,NA,NA,NA,NA,NA,NA,NA,NA,NA,NA,NA,NA,NA,NA,NA,NA,NA,NA,NA,NA,NA,NA,NA,"Winter",94751,152027,7.02997291170639,11.9490684899778
7087,7055,"Rhêmes-Notre-Dame","rhemes notre dame",2025-01-01,2025,1,"2025-01","Grand-Paradis","Gennaio",4916,1499,58,705,79,126358,55,22,0.937803131632502,813.155792902949,-1.0580204167198,55.0103577120311,NA,NA,NA,NA,NA,NA,NA,NA,NA,NA,NA,NA,NA,NA,NA,NA,NA,NA,NA,NA,NA,NA,NA,NA,NA,NA,NA,NA,NA,NA,NA,NA,NA,NA,NA,NA,NA,NA,NA,NA,NA,NA,NA,NA,NA,NA,NA,NA,NA,NA,"Winter",154672,134462,7.3132203870903,11.7468823409879
7088,7055,"Rhêmes-Notre-Dame","rhemes notre dame",2025-02-01,2025,2,"2025-02","Grand-Paradis","Febbraio",5428,1630,58,705,79,110565,55,22,0.350123692116268,814.690456175287,-0.145277052466495,53.8828041533248,NA,NA,NA,NA,NA,NA,NA,NA,NA,NA,NA,NA,NA,NA,NA,NA,NA,NA,NA,NA,NA,NA,NA,NA,NA,NA,NA,NA,NA,NA,NA,NA,NA,NA,NA,NA,NA,NA,NA,NA,NA,NA,NA,NA,NA,NA,NA,NA,NA,NA,"Winter",126358,113728,7.39694860262101,11.6133679067041
7089,7055,"Rhêmes-Notre-Dame","rhemes notre dame",2025-03-01,2025,3,"2025-03","Grand-Paradis","Marzo",4120,1382,59,712,79,107983,55,22,0.819376800792857,812.13177062146,0.457707212454039,61.2209232226884,NA,NA,NA,NA,NA,NA,NA,NA,NA,NA,NA,NA,NA,NA,NA,NA,NA,NA,NA,NA,NA,NA,NA,NA,NA,NA,NA,NA,NA,NA,NA,NA,NA,NA,NA,NA,NA,NA,NA,NA,NA,NA,NA,NA,NA,NA,NA,NA,NA,NA,"Spring",110565,98544,7.23201033166476,11.5897383469832
7090,7055,"Rhêmes-Notre-Dame","rhemes notre dame",2025-04-01,2025,4,"2025-04","Grand-Paradis","Aprile",714,235,57,694,79,45850,55,22,3.79812229511331,829.160811194478,4.10446561387375,59.7796932378233,NA,NA,NA,NA,NA,NA,NA,NA,NA,NA,NA,NA,NA,NA,NA,NA,NA,NA,NA,NA,NA,NA,NA,NA,NA,NA,NA,NA,NA,NA,NA,NA,NA,NA,NA,NA,NA,NA,NA,NA,NA,NA,NA,NA,NA,NA,NA,NA,NA,NA,"Spring",107983,49506,5.46383180502561,10.7331522876976
7091,7055,"Rhêmes-Notre-Dame","rhemes notre dame",2025-05-01,2025,5,"2025-05","Grand-Paradis","Maggio",543,250,59,780,79,34096,55,22,1.25585900859295,827.610684791206,7.38368540661456,60.2411794340998,NA,NA,NA,NA,NA,NA,NA,NA,NA,NA,NA,NA,NA,NA,NA,NA,NA,NA,NA,NA,NA,NA,NA,NA,NA,NA,NA,NA,NA,NA,NA,NA,NA,NA,NA,NA,NA,NA,NA,NA,NA,NA,NA,NA,NA,NA,NA,NA,NA,NA,"Spring",45850,31233,5.52545293913178,10.4369646828619
7092,7055,"Rhêmes-Notre-Dame","rhemes notre dame",2025-06-01,2025,6,"2025-06","Grand-Paradis","Giugno",2172,619,61,866,79,42975,55,22,0.763545034413374,852.239592883401,13.2495939377746,60.0684515813169,NA,NA,NA,NA,NA,NA,NA,NA,NA,NA,NA,NA,NA,NA,NA,NA,NA,NA,NA,NA,NA,NA,NA,NA,NA,NA,NA,NA,NA,NA,NA,NA,NA,NA,NA,NA,NA,NA,NA,NA,NA,NA,NA,NA,NA,NA,NA,NA,NA,NA,"Summer",34096,53454,6.42971947803914,10.668397099323
7093,7055,"Rhêmes-Notre-Dame","rhemes notre dame",2025-07-01,2025,7,"2025-07","Grand-Paradis","Luglio",6384,1097,59,744,79,82947,55,22,0.626307621833683,838.151555812646,13.2578740851087,59.2209187364534,NA,NA,NA,NA,NA,NA,NA,NA,NA,NA,NA,NA,NA,NA,NA,NA,NA,NA,NA,NA,NA,NA,NA,NA,NA,NA,NA,NA,NA,NA,NA,NA,NA,NA,NA,NA,NA,NA,NA,NA,NA,NA,NA,NA,NA,NA,NA,NA,NA,NA,"Summer",42975,80097,7.00124562206948,11.3259691844177
7094,7055,"Rhêmes-Notre-Dame","rhemes notre dame",2025-08-01,2025,8,"2025-08","Grand-Paradis","Agosto",7136,1233,59,744,79,96685,55,22,0.893633146463741,825.762324588283,14.3711302002571,60.6176289252515,NA,NA,NA,NA,NA,NA,NA,NA,NA,NA,NA,NA,NA,NA,NA,NA,NA,NA,NA,NA,NA,NA,NA,NA,NA,NA,NA,NA,NA,NA,NA,NA,NA,NA,NA,NA,NA,NA,NA,NA,NA,NA,NA,NA,NA,NA,NA,NA,NA,NA,"Summer",82947,91260,7.11801620446533,11.4792238932972
7095,7055,"Rhêmes-Notre-Dame","rhemes notre dame",2025-09-01,2025,9,"2025-09","Grand-Paradis","Settembre",2338,547,59,744,79,52530,55,22,0.945901553138366,845.640940991751,10.8453419189461,66.0765060272563,NA,NA,NA,NA,NA,NA,NA,NA,NA,NA,NA,NA,NA,NA,NA,NA,NA,NA,NA,NA,NA,NA,NA,NA,NA,NA,NA,NA,NA,NA,NA,NA,NA,NA,NA,NA,NA,NA,NA,NA,NA,NA,NA,NA,NA,NA,NA,NA,NA,NA,"Autumn",96685,56405,6.30627528694802,10.8691587505077
7483,7059,"Saint-Denis","saint denis",2015-01-01,2015,1,"2015-01","Mont-Emilius","Gennaio",16,4,1,20,388,28487,NA,NA,NA,NA,NA,NA,NA,NA,NA,NA,NA,NA,NA,NA,NA,NA,NA,NA,NA,NA,NA,NA,NA,NA,NA,"Nord-ovest",2,"Valle d'Aosta/Vallée d'Aoste","Valle d'Aosta/Vallée d'Aoste",0,43.7956204379562,NA,0,NA,NA,NA,NA,2.58732212160414,200,0,70.8926261319534,11.3842173350582,NA,258.732212160414,181.11254851229,NA,NA,19008.8036363636,25.7246376811594,7.98722044728434,99.4954721862872,4.17760299165182,NA,NA,NA,43.7956204379562,"Winter",306860,296471,1.6094379124341,10.2572382249576
7484,7059,"Saint-Denis","saint denis",2015-02-01,2015,2,"2015-02","Mont-Emilius","Febbraio",21,21,1,20,388,24868,NA,NA,NA,NA,NA,NA,NA,NA,NA,NA,NA,NA,NA,NA,NA,NA,NA,NA,NA,NA,NA,NA,NA,NA,NA,"Nord-ovest",2,"Valle d'Aosta/Vallée d'Aoste","Valle d'Aosta/Vallée d'Aoste",0,43.7956204379562,NA,0,NA,NA,NA,NA,2.58732212160414,200,0,70.8926261319534,11.3842173350582,NA,258.732212160414,181.11254851229,NA,NA,19008.8036363636,25.7246376811594,7.98722044728434,99.4954721862872,4.17760299165182,NA,NA,NA,43.7956204379562,"Winter",28487,332955,3.09104245335832,10.1213773269018
7485,7059,"Saint-Denis","saint denis",2015-03-01,2015,3,"2015-03","Mont-Emilius","Marzo",19,19,1,20,388,25974,NA,NA,NA,NA,NA,NA,NA,NA,NA,NA,NA,NA,NA,NA,NA,NA,NA,NA,NA,NA,NA,NA,NA,NA,NA,"Nord-ovest",2,"Valle d'Aosta/Vallée d'Aoste","Valle d'Aosta/Vallée d'Aoste",0,43.7956204379562,NA,0,NA,NA,NA,NA,2.58732212160414,200,0,70.8926261319534,11.3842173350582,NA,258.732212160414,181.11254851229,NA,NA,19008.8036363636,25.7246376811594,7.98722044728434,99.4954721862872,4.17760299165182,NA,NA,NA,43.7956204379562,"Spring",24868,370797,2.99573227355399,10.1648898159674
7486,7059,"Saint-Denis","saint denis",2015-04-01,2015,4,"2015-04","Mont-Emilius","Aprile",12,12,1,20,388,24338,NA,NA,NA,NA,NA,NA,NA,NA,NA,NA,NA,NA,NA,NA,NA,NA,NA,NA,NA,NA,NA,NA,NA,NA,NA,"Nord-ovest",2,"Valle d'Aosta/Vallée d'Aoste","Valle d'Aosta/Vallée d'Aoste",0,43.7956204379562,NA,0,NA,NA,NA,NA,2.58732212160414,200,0,70.8926261319534,11.3842173350582,NA,258.732212160414,181.11254851229,NA,NA,19008.8036363636,25.7246376811594,7.98722044728434,99.4954721862872,4.17760299165182,NA,NA,NA,43.7956204379562,"Spring",25974,372973,2.56494935746154,10.0998352810632
7487,7059,"Saint-Denis","saint denis",2015-05-01,2015,5,"2015-05","Mont-Emilius","Maggio",44,38,1,20,388,23432,NA,NA,NA,NA,NA,NA,NA,NA,NA,NA,NA,NA,NA,NA,NA,NA,NA,NA,NA,NA,NA,NA,NA,NA,NA,"Nord-ovest",2,"Valle d'Aosta/Vallée d'Aoste","Valle d'Aosta/Vallée d'Aoste",0,43.7956204379562,NA,0,NA,NA,NA,NA,2.58732212160414,200,0,70.8926261319534,11.3842173350582,NA,258.732212160414,181.11254851229,NA,NA,19008.8036363636,25.7246376811594,7.98722044728434,99.4954721862872,4.17760299165182,NA,NA,NA,43.7956204379562,"Spring",24338,319904,3.66356164612965,10.0619005642784
7488,7059,"Saint-Denis","saint denis",2015-06-01,2015,6,"2015-06","Mont-Emilius","Giugno",4,4,1,20,388,22993,NA,NA,NA,NA,NA,NA,NA,NA,NA,NA,NA,NA,NA,NA,NA,NA,NA,NA,NA,NA,NA,NA,NA,NA,NA,"Nord-ovest",2,"Valle d'Aosta/Vallée d'Aoste","Valle d'Aosta/Vallée d'Aoste",0,43.7956204379562,NA,0,NA,NA,NA,NA,2.58732212160414,200,0,70.8926261319534,11.3842173350582,NA,258.732212160414,181.11254851229,NA,NA,19008.8036363636,25.7246376811594,7.98722044728434,99.4954721862872,4.17760299165182,NA,NA,NA,43.7956204379562,"Summer",23432,315812,1.6094379124341,10.0429885913137
7489,7059,"Saint-Denis","saint denis",2015-07-01,2015,7,"2015-07","Mont-Emilius","Luglio",8,8,1,20,388,23519,NA,NA,NA,NA,NA,NA,NA,NA,NA,NA,NA,NA,NA,NA,NA,NA,NA,NA,NA,NA,NA,NA,NA,NA,NA,"Nord-ovest",2,"Valle d'Aosta/Vallée d'Aoste","Valle d'Aosta/Vallée d'Aoste",0,43.7956204379562,NA,0,NA,NA,NA,NA,2.58732212160414,200,0,70.8926261319534,11.3842173350582,NA,258.732212160414,181.11254851229,NA,NA,19008.8036363636,25.7246376811594,7.98722044728434,99.4954721862872,4.17760299165182,NA,NA,NA,43.7956204379562,"Summer",22993,283890,2.19722457733622,10.0656064020126
7490,7059,"Saint-Denis","saint denis",2015-08-01,2015,8,"2015-08","Mont-Emilius","Agosto",53,44,1,20,388,25691,NA,NA,NA,NA,NA,NA,NA,NA,NA,NA,NA,NA,NA,NA,NA,NA,NA,NA,NA,NA,NA,NA,NA,NA,NA,"Nord-ovest",2,"Valle d'Aosta/Vallée d'Aoste","Valle d'Aosta/Vallée d'Aoste",0,43.7956204379562,NA,0,NA,NA,NA,NA,2.58732212160414,200,0,70.8926261319534,11.3842173350582,NA,258.732212160414,181.11254851229,NA,NA,19008.8036363636,25.7246376811594,7.98722044728434,99.4954721862872,4.17760299165182,NA,NA,NA,43.7956204379562,"Summer",23519,280140,3.80666248977032,10.1539349383777
7491,7059,"Saint-Denis","saint denis",2015-09-01,2015,9,"2015-09","Mont-Emilius","Settembre",25,25,1,20,388,24163,NA,NA,NA,NA,NA,NA,NA,NA,NA,NA,NA,NA,NA,NA,NA,NA,NA,NA,NA,NA,NA,NA,NA,NA,NA,"Nord-ovest",2,"Valle d'Aosta/Vallée d'Aoste","Valle d'Aosta/Vallée d'Aoste",0,43.7956204379562,NA,0,NA,NA,NA,NA,2.58732212160414,200,0,70.8926261319534,11.3842173350582,NA,258.732212160414,181.11254851229,NA,NA,19008.8036363636,25.7246376811594,7.98722044728434,99.4954721862872,4.17760299165182,NA,NA,NA,43.7956204379562,"Autumn",25691,331005,3.25809653802148,10.0926192012586
7492,7059,"Saint-Denis","saint denis",2015-10-01,2015,10,"2015-10","Mont-Emilius","Ottobre",26,26,1,20,388,28002,NA,NA,NA,NA,NA,NA,NA,NA,NA,NA,NA,NA,NA,NA,NA,NA,NA,NA,NA,NA,NA,NA,NA,NA,NA,"Nord-ovest",2,"Valle d'Aosta/Vallée d'Aoste","Valle d'Aosta/Vallée d'Aoste",0,43.7956204379562,NA,0,NA,NA,NA,NA,2.58732212160414,200,0,70.8926261319534,11.3842173350582,NA,258.732212160414,181.11254851229,NA,NA,19008.8036363636,25.7246376811594,7.98722044728434,99.4954721862872,4.17760299165182,NA,NA,NA,43.7956204379562,"Autumn",24163,351986,3.29583686600433,10.2400669262751
7493,7059,"Saint-Denis","saint denis",2015-11-01,2015,11,"2015-11","Mont-Emilius","Novembre",10,10,1,20,388,28152,NA,NA,NA,NA,NA,NA,NA,NA,NA,NA,NA,NA,NA,NA,NA,NA,NA,NA,NA,NA,NA,NA,NA,NA,NA,"Nord-ovest",2,"Valle d'Aosta/Vallée d'Aoste","Valle d'Aosta/Vallée d'Aoste",0,43.7956204379562,NA,0,NA,NA,NA,NA,2.58732212160414,200,0,70.8926261319534,11.3842173350582,NA,258.732212160414,181.11254851229,NA,NA,19008.8036363636,25.7246376811594,7.98722044728434,99.4954721862872,4.17760299165182,NA,NA,NA,43.7956204379562,"Autumn",28002,365178,2.39789527279837,10.2454091998255
7494,7059,"Saint-Denis","saint denis",2015-12-01,2015,12,"2015-12","Mont-Emilius","Dicembre",38,22,1,20,388,36025,NA,NA,NA,NA,NA,NA,NA,NA,NA,NA,NA,NA,NA,NA,NA,NA,NA,NA,NA,NA,NA,NA,NA,NA,NA,"Nord-ovest",2,"Valle d'Aosta/Vallée d'Aoste","Valle d'Aosta/Vallée d'Aoste",0,43.7956204379562,NA,0,NA,NA,NA,NA,2.58732212160414,200,0,70.8926261319534,11.3842173350582,NA,258.732212160414,181.11254851229,NA,NA,19008.8036363636,25.7246376811594,7.98722044728434,99.4954721862872,4.17760299165182,NA,NA,NA,43.7956204379562,"Winter",28152,306860,3.13549421592915,10.4919961789835
7495,7059,"Saint-Denis","saint denis",2016-01-01,2016,1,"2016-01","Mont-Emilius","Gennaio",37,37,1,20,378,33014,NA,NA,NA,NA,NA,NA,NA,NA,NA,NA,NA,NA,NA,NA,NA,NA,NA,NA,NA,NA,NA,NA,NA,NA,NA,"Nord-ovest",2,"Valle d'Aosta/Vallée d'Aoste","Valle d'Aosta/Vallée d'Aoste",0,37.4545454545455,NA,13.3333333333333,NA,NA,NA,NA,5.25624178712221,150,0,72.2733245729303,13.1406044678055,NA,NA,NA,NA,NA,18651.9890510949,27.3381294964029,6.6577896138482,134.775295663601,4.17844414403343,NA,NA,NA,37.4545454545455,"Winter",36025,28487,3.63758615972639,10.4047172826287
7496,7059,"Saint-Denis","saint denis",2016-02-01,2016,2,"2016-02","Mont-Emilius","Febbraio",28,28,1,20,378,27069,NA,NA,NA,NA,NA,NA,NA,NA,NA,NA,NA,NA,NA,NA,NA,NA,NA,NA,NA,NA,NA,NA,NA,NA,NA,"Nord-ovest",2,"Valle d'Aosta/Vallée d'Aoste","Valle d'Aosta/Vallée d'Aoste",0,37.4545454545455,NA,13.3333333333333,NA,NA,NA,NA,5.25624178712221,150,0,72.2733245729303,13.1406044678055,NA,NA,NA,NA,NA,18651.9890510949,27.3381294964029,6.6577896138482,134.775295663601,4.17844414403343,NA,NA,NA,37.4545454545455,"Winter",33014,24868,3.36729582998647,10.2061813826083
7497,7059,"Saint-Denis","saint denis",2016-03-01,2016,3,"2016-03","Mont-Emilius","Marzo",6,5,1,20,378,27907,NA,NA,NA,NA,NA,NA,NA,NA,NA,NA,NA,NA,NA,NA,NA,NA,NA,NA,NA,NA,NA,NA,NA,NA,NA,"Nord-ovest",2,"Valle d'Aosta/Vallée d'Aoste","Valle d'Aosta/Vallée d'Aoste",0,37.4545454545455,NA,13.3333333333333,NA,NA,NA,NA,5.25624178712221,150,0,72.2733245729303,13.1406044678055,NA,NA,NA,NA,NA,18651.9890510949,27.3381294964029,6.6577896138482,134.775295663601,4.17844414403343,NA,NA,NA,37.4545454545455,"Spring",27069,25974,1.79175946922805,10.2366686650591
7498,7059,"Saint-Denis","saint denis",2016-04-01,2016,4,"2016-04","Mont-Emilius","Aprile",10,10,1,20,378,25189,NA,NA,NA,NA,NA,NA,NA,NA,NA,NA,NA,NA,NA,NA,NA,NA,NA,NA,NA,NA,NA,NA,NA,NA,NA,"Nord-ovest",2,"Valle d'Aosta/Vallée d'Aoste","Valle d'Aosta/Vallée d'Aoste",0,37.4545454545455,NA,13.3333333333333,NA,NA,NA,NA,5.25624178712221,150,0,72.2733245729303,13.1406044678055,NA,NA,NA,NA,NA,18651.9890510949,27.3381294964029,6.6577896138482,134.775295663601,4.17844414403343,NA,NA,NA,37.4545454545455,"Spring",27907,24338,2.39789527279837,10.1342023693467
7499,7059,"Saint-Denis","saint denis",2016-05-01,2016,5,"2016-05","Mont-Emilius","Maggio",26,26,1,20,378,22874,NA,NA,NA,NA,NA,NA,NA,NA,NA,NA,NA,NA,NA,NA,NA,NA,NA,NA,NA,NA,NA,NA,NA,NA,NA,"Nord-ovest",2,"Valle d'Aosta/Vallée d'Aoste","Valle d'Aosta/Vallée d'Aoste",0,37.4545454545455,NA,13.3333333333333,NA,NA,NA,NA,5.25624178712221,150,0,72.2733245729303,13.1406044678055,NA,NA,NA,NA,NA,18651.9890510949,27.3381294964029,6.6577896138482,134.775295663601,4.17844414403343,NA,NA,NA,37.4545454545455,"Spring",25189,23432,3.29583686600433,10.0377998901437
7500,7059,"Saint-Denis","saint denis",2016-06-01,2016,6,"2016-06","Mont-Emilius","Giugno",17,17,1,20,378,21044,NA,NA,NA,NA,NA,NA,NA,NA,NA,NA,NA,NA,NA,NA,NA,NA,NA,NA,NA,NA,NA,NA,NA,NA,NA,"Nord-ovest",2,"Valle d'Aosta/Vallée d'Aoste","Valle d'Aosta/Vallée d'Aoste",0,37.4545454545455,NA,13.3333333333333,NA,NA,NA,NA,5.25624178712221,150,0,72.2733245729303,13.1406044678055,NA,NA,NA,NA,NA,18651.9890510949,27.3381294964029,6.6577896138482,134.775295663601,4.17844414403343,NA,NA,NA,37.4545454545455,"Summer",22874,22993,2.89037175789616,9.95441828120467
7501,7059,"Saint-Denis","saint denis",2016-07-01,2016,7,"2016-07","Mont-Emilius","Luglio",15,15,1,20,378,22430,NA,NA,NA,NA,NA,NA,NA,NA,NA,NA,NA,NA,NA,NA,NA,NA,NA,NA,NA,NA,NA,NA,NA,NA,NA,"Nord-ovest",2,"Valle d'Aosta/Vallée d'Aoste","Valle d'Aosta/Vallée d'Aoste",0,37.4545454545455,NA,13.3333333333333,NA,NA,NA,NA,5.25624178712221,150,0,72.2733245729303,13.1406044678055,NA,NA,NA,NA,NA,18651.9890510949,27.3381294964029,6.6577896138482,134.775295663601,4.17844414403343,NA,NA,NA,37.4545454545455,"Summer",21044,23519,2.77258872223978,10.018199209668
7502,7059,"Saint-Denis","saint denis",2016-08-01,2016,8,"2016-08","Mont-Emilius","Agosto",61,50,1,20,378,22626,NA,NA,NA,NA,NA,NA,NA,NA,NA,NA,NA,NA,NA,NA,NA,NA,NA,NA,NA,NA,NA,NA,NA,NA,NA,"Nord-ovest",2,"Valle d'Aosta/Vallée d'Aoste","Valle d'Aosta/Vallée d'Aoste",0,37.4545454545455,NA,13.3333333333333,NA,NA,NA,NA,5.25624178712221,150,0,72.2733245729303,13.1406044678055,NA,NA,NA,NA,NA,18651.9890510949,27.3381294964029,6.6577896138482,134.775295663601,4.17844414403343,NA,NA,NA,37.4545454545455,"Summer",22430,25691,3.93182563272433,10.0268991624513
7503,7059,"Saint-Denis","saint denis",2016-09-01,2016,9,"2016-09","Mont-Emilius","Settembre",47,21,1,20,378,23059,NA,NA,NA,NA,NA,NA,NA,NA,NA,NA,NA,NA,NA,NA,NA,NA,NA,NA,NA,NA,NA,NA,NA,NA,NA,"Nord-ovest",2,"Valle d'Aosta/Vallée d'Aoste","Valle d'Aosta/Vallée d'Aoste",0,37.4545454545455,NA,13.3333333333333,NA,NA,NA,NA,5.25624178712221,150,0,72.2733245729303,13.1406044678055,NA,NA,NA,NA,NA,18651.9890510949,27.3381294964029,6.6577896138482,134.775295663601,4.17844414403343,NA,NA,NA,37.4545454545455,"Autumn",22626,24163,3.09104245335832,10.0458547938231
7504,7059,"Saint-Denis","saint denis",2016-10-01,2016,10,"2016-10","Mont-Emilius","Ottobre",55,55,1,20,378,26823,NA,NA,NA,NA,NA,NA,NA,NA,NA,NA,NA,NA,NA,NA,NA,NA,NA,NA,NA,NA,NA,NA,NA,NA,NA,"Nord-ovest",2,"Valle d'Aosta/Vallée d'Aoste","Valle d'Aosta/Vallée d'Aoste",0,37.4545454545455,NA,13.3333333333333,NA,NA,NA,NA,5.25624178712221,150,0,72.2733245729303,13.1406044678055,NA,NA,NA,NA,NA,18651.9890510949,27.3381294964029,6.6577896138482,134.775295663601,4.17844414403343,NA,NA,NA,37.4545454545455,"Autumn",23059,28002,4.02535169073515,10.1970522881461
7505,7059,"Saint-Denis","saint denis",2016-11-01,2016,11,"2016-11","Mont-Emilius","Novembre",21,21,1,20,378,26628,NA,NA,NA,NA,NA,NA,NA,NA,NA,NA,NA,NA,NA,NA,NA,NA,NA,NA,NA,NA,NA,NA,NA,NA,NA,"Nord-ovest",2,"Valle d'Aosta/Vallée d'Aoste","Valle d'Aosta/Vallée d'Aoste",0,37.4545454545455,NA,13.3333333333333,NA,NA,NA,NA,5.25624178712221,150,0,72.2733245729303,13.1406044678055,NA,NA,NA,NA,NA,18651.9890510949,27.3381294964029,6.6577896138482,134.775295663601,4.17844414403343,NA,NA,NA,37.4545454545455,"Autumn",26823,28152,3.09104245335832,10.1897561264694
7506,7059,"Saint-Denis","saint denis",2016-12-01,2016,12,"2016-12","Mont-Emilius","Dicembre",30,30,1,20,378,32100,NA,NA,NA,NA,NA,NA,NA,NA,NA,NA,NA,NA,NA,NA,NA,NA,NA,NA,NA,NA,NA,NA,NA,NA,NA,"Nord-ovest",2,"Valle d'Aosta/Vallée d'Aoste","Valle d'Aosta/Vallée d'Aoste",0,37.4545454545455,NA,13.3333333333333,NA,NA,NA,NA,5.25624178712221,150,0,72.2733245729303,13.1406044678055,NA,NA,NA,NA,NA,18651.9890510949,27.3381294964029,6.6577896138482,134.775295663601,4.17844414403343,NA,NA,NA,37.4545454545455,"Winter",26628,36025,3.43398720448515,10.3766424612808
7507,7059,"Saint-Denis","saint denis",2017-01-01,2017,1,"2017-01","Mont-Emilius","Gennaio",36,36,1,20,374,31871,NA,NA,NA,NA,NA,NA,NA,NA,NA,NA,NA,NA,NA,NA,NA,NA,NA,NA,NA,NA,NA,NA,NA,NA,NA,"Nord-ovest",2,"Valle d'Aosta/Vallée d'Aoste","Valle d'Aosta/Vallée d'Aoste",0,36.3295880149813,NA,26.6666666666667,NA,NA,NA,NA,2.63852242744063,400,0,70.4485488126649,13.4564643799472,NA,263.852242744063,217.150395778364,NA,NA,18833.6967509025,25.1798561151079,5.56173526140156,141.321899736148,4.16841810284433,NA,NA,NA,36.3295880149813,"Winter",32100,33014,3.61091791264422,10.3694831603843
7508,7059,"Saint-Denis","saint denis",2017-02-01,2017,2,"2017-02","Mont-Emilius","Febbraio",67,64,1,20,374,25479,NA,NA,NA,NA,NA,NA,NA,NA,NA,NA,NA,NA,NA,NA,NA,NA,NA,NA,NA,NA,NA,NA,NA,NA,NA,"Nord-ovest",2,"Valle d'Aosta/Vallée d'Aoste","Valle d'Aosta/Vallée d'Aoste",0,36.3295880149813,NA,26.6666666666667,NA,NA,NA,NA,2.63852242744063,400,0,70.4485488126649,13.4564643799472,NA,263.852242744063,217.150395778364,NA,NA,18833.6967509025,25.1798561151079,5.56173526140156,141.321899736148,4.16841810284433,NA,NA,NA,36.3295880149813,"Winter",31871,27069,4.17438726989564,10.1456491096861
7509,7059,"Saint-Denis","saint denis",2017-03-01,2017,3,"2017-03","Mont-Emilius","Marzo",44,44,1,20,374,25599,NA,NA,NA,NA,NA,NA,NA,NA,NA,NA,NA,NA,NA,NA,NA,NA,NA,NA,NA,NA,NA,NA,NA,NA,NA,"Nord-ovest",2,"Valle d'Aosta/Vallée d'Aoste","Valle d'Aosta/Vallée d'Aoste",0,36.3295880149813,NA,26.6666666666667,NA,NA,NA,NA,2.63852242744063,400,0,70.4485488126649,13.4564643799472,NA,263.852242744063,217.150395778364,NA,NA,18833.6967509025,25.1798561151079,5.56173526140156,141.321899736148,4.16841810284433,NA,NA,NA,36.3295880149813,"Spring",25479,27907,3.80666248977032,10.1503476304677
7510,7059,"Saint-Denis","saint denis",2017-04-01,2017,4,"2017-04","Mont-Emilius","Aprile",17,17,1,20,374,23315,NA,NA,NA,NA,NA,NA,NA,NA,NA,NA,NA,NA,NA,NA,NA,NA,NA,NA,NA,NA,NA,NA,NA,NA,NA,"Nord-ovest",2,"Valle d'Aosta/Vallée d'Aoste","Valle d'Aosta/Vallée d'Aoste",0,36.3295880149813,NA,26.6666666666667,NA,NA,NA,NA,2.63852242744063,400,0,70.4485488126649,13.4564643799472,NA,263.852242744063,217.150395778364,NA,NA,18833.6967509025,25.1798561151079,5.56173526140156,141.321899736148,4.16841810284433,NA,NA,NA,36.3295880149813,"Spring",25599,25189,2.89037175789616,10.0568950991654
7511,7059,"Saint-Denis","saint denis",2017-05-01,2017,5,"2017-05","Mont-Emilius","Maggio",31,22,1,20,374,24314,NA,NA,NA,NA,NA,NA,NA,NA,NA,NA,NA,NA,NA,NA,NA,NA,NA,NA,NA,NA,NA,NA,NA,NA,NA,"Nord-ovest",2,"Valle d'Aosta/Vallée d'Aoste","Valle d'Aosta/Vallée d'Aoste",0,36.3295880149813,NA,26.6666666666667,NA,NA,NA,NA,2.63852242744063,400,0,70.4485488126649,13.4564643799472,NA,263.852242744063,217.150395778364,NA,NA,18833.6967509025,25.1798561151079,5.56173526140156,141.321899736148,4.16841810284433,NA,NA,NA,36.3295880149813,"Spring",23315,22874,3.13549421592915,10.0988487228379
7512,7059,"Saint-Denis","saint denis",2017-06-01,2017,6,"2017-06","Mont-Emilius","Giugno",4,4,1,20,374,25425,NA,NA,NA,NA,NA,NA,NA,NA,NA,NA,NA,NA,NA,NA,NA,NA,NA,NA,NA,NA,NA,NA,NA,NA,NA,"Nord-ovest",2,"Valle d'Aosta/Vallée d'Aoste","Valle d'Aosta/Vallée d'Aoste",0,36.3295880149813,NA,26.6666666666667,NA,NA,NA,NA,2.63852242744063,400,0,70.4485488126649,13.4564643799472,NA,263.852242744063,217.150395778364,NA,NA,18833.6967509025,25.1798561151079,5.56173526140156,141.321899736148,4.16841810284433,NA,NA,NA,36.3295880149813,"Summer",24314,21044,1.6094379124341,10.1435275515101
7513,7059,"Saint-Denis","saint denis",2017-07-01,2017,7,"2017-07","Mont-Emilius","Luglio",36,36,1,20,374,28364,NA,NA,NA,NA,NA,NA,NA,NA,NA,NA,NA,NA,NA,NA,NA,NA,NA,NA,NA,NA,NA,NA,NA,NA,NA,"Nord-ovest",2,"Valle d'Aosta/Vallée d'Aoste","Valle d'Aosta/Vallée d'Aoste",0,36.3295880149813,NA,26.6666666666667,NA,NA,NA,NA,2.63852242744063,400,0,70.4485488126649,13.4564643799472,NA,263.852242744063,217.150395778364,NA,NA,18833.6967509025,25.1798561151079,5.56173526140156,141.321899736148,4.16841810284433,NA,NA,NA,36.3295880149813,"Summer",25425,22430,3.61091791264422,10.2529112697607
7514,7059,"Saint-Denis","saint denis",2017-08-01,2017,8,"2017-08","Mont-Emilius","Agosto",56,43,1,20,374,29999,NA,NA,NA,NA,NA,NA,NA,NA,NA,NA,NA,NA,NA,NA,NA,NA,NA,NA,NA,NA,NA,NA,NA,NA,NA,"Nord-ovest",2,"Valle d'Aosta/Vallée d'Aoste","Valle d'Aosta/Vallée d'Aoste",0,36.3295880149813,NA,26.6666666666667,NA,NA,NA,NA,2.63852242744063,400,0,70.4485488126649,13.4564643799472,NA,263.852242744063,217.150395778364,NA,NA,18833.6967509025,25.1798561151079,5.56173526140156,141.321899736148,4.16841810284433,NA,NA,NA,36.3295880149813,"Summer",28364,22626,3.78418963391826,10.3089526606443
7515,7059,"Saint-Denis","saint denis",2017-09-01,2017,9,"2017-09","Mont-Emilius","Settembre",20,18,1,20,374,26005,NA,NA,NA,NA,NA,NA,NA,NA,NA,NA,NA,NA,NA,NA,NA,NA,NA,NA,NA,NA,NA,NA,NA,NA,NA,"Nord-ovest",2,"Valle d'Aosta/Vallée d'Aoste","Valle d'Aosta/Vallée d'Aoste",0,36.3295880149813,NA,26.6666666666667,NA,NA,NA,NA,2.63852242744063,400,0,70.4485488126649,13.4564643799472,NA,263.852242744063,217.150395778364,NA,NA,18833.6967509025,25.1798561151079,5.56173526140156,141.321899736148,4.16841810284433,NA,NA,NA,36.3295880149813,"Autumn",29999,23059,2.94443897916644,10.1660825596113
7516,7059,"Saint-Denis","saint denis",2017-10-01,2017,10,"2017-10","Mont-Emilius","Ottobre",19,19,1,20,374,28188,NA,NA,NA,NA,NA,NA,NA,NA,NA,NA,NA,NA,NA,NA,NA,NA,NA,NA,NA,NA,NA,NA,NA,NA,NA,"Nord-ovest",2,"Valle d'Aosta/Vallée d'Aoste","Valle d'Aosta/Vallée d'Aoste",0,36.3295880149813,NA,26.6666666666667,NA,NA,NA,NA,2.63852242744063,400,0,70.4485488126649,13.4564643799472,NA,263.852242744063,217.150395778364,NA,NA,18833.6967509025,25.1798561151079,5.56173526140156,141.321899736148,4.16841810284433,NA,NA,NA,36.3295880149813,"Autumn",26005,26823,2.99573227355399,10.2466871099068
7517,7059,"Saint-Denis","saint denis",2017-11-01,2017,11,"2017-11","Mont-Emilius","Novembre",2,2,1,20,374,28166,NA,NA,NA,NA,NA,NA,NA,NA,NA,NA,NA,NA,NA,NA,NA,NA,NA,NA,NA,NA,NA,NA,NA,NA,NA,"Nord-ovest",2,"Valle d'Aosta/Vallée d'Aoste","Valle d'Aosta/Vallée d'Aoste",0,36.3295880149813,NA,26.6666666666667,NA,NA,NA,NA,2.63852242744063,400,0,70.4485488126649,13.4564643799472,NA,263.852242744063,217.150395778364,NA,NA,18833.6967509025,25.1798561151079,5.56173526140156,141.321899736148,4.16841810284433,NA,NA,NA,36.3295880149813,"Autumn",28188,26628,1.09861228866811,10.2459063589267
7518,7059,"Saint-Denis","saint denis",2017-12-01,2017,12,"2017-12","Mont-Emilius","Dicembre",37,37,1,20,374,34571,NA,NA,NA,NA,NA,NA,NA,NA,NA,NA,NA,NA,NA,NA,NA,NA,NA,NA,NA,NA,NA,NA,NA,NA,NA,"Nord-ovest",2,"Valle d'Aosta/Vallée d'Aoste","Valle d'Aosta/Vallée d'Aoste",0,36.3295880149813,NA,26.6666666666667,NA,NA,NA,NA,2.63852242744063,400,0,70.4485488126649,13.4564643799472,NA,263.852242744063,217.150395778364,NA,NA,18833.6967509025,25.1798561151079,5.56173526140156,141.321899736148,4.16841810284433,NA,NA,NA,36.3295880149813,"Winter",28166,32100,3.63758615972639,10.4507993848725
7519,7059,"Saint-Denis","saint denis",2018-01-01,2018,1,"2018-01","Mont-Emilius","Gennaio",25,21,1,20,369,33338,NA,NA,NA,NA,NA,NA,NA,NA,NA,NA,NA,NA,NA,NA,NA,NA,NA,NA,NA,NA,NA,NA,NA,NA,NA,"Nord-ovest",2,"Valle d'Aosta/Vallée d'Aoste","Valle d'Aosta/Vallée d'Aoste",0,33.9483394833948,NA,35.2941176470588,71.5447154471545,17.8861788617886,NA,NA,7.88436268068331,200,0,71.2220762155059,13.4034165571616,NA,262.81208935611,157.687253613666,NA,NA,19778.0860215054,25,NA,174.893561103811,3.9379202584315,NA,NA,NA,33.9483394833948,"Winter",34571,31871,3.09104245335832,10.4144831618538
7520,7059,"Saint-Denis","saint denis",2018-02-01,2018,2,"2018-02","Mont-Emilius","Febbraio",50,47,1,20,369,29495,NA,NA,NA,NA,NA,NA,NA,NA,NA,NA,NA,NA,NA,NA,NA,NA,NA,NA,NA,NA,NA,NA,NA,NA,NA,"Nord-ovest",2,"Valle d'Aosta/Vallée d'Aoste","Valle d'Aosta/Vallée d'Aoste",0,33.9483394833948,NA,35.2941176470588,71.5447154471545,17.8861788617886,NA,NA,7.88436268068331,200,0,71.2220762155059,13.4034165571616,NA,262.81208935611,157.687253613666,NA,NA,19778.0860215054,25,NA,174.893561103811,3.9379202584315,NA,NA,NA,33.9483394833948,"Winter",33338,25479,3.87120101090789,10.292009939914
7521,7059,"Saint-Denis","saint denis",2018-03-01,2018,3,"2018-03","Mont-Emilius","Marzo",7,7,1,20,369,30740,NA,NA,NA,NA,NA,NA,NA,NA,NA,NA,NA,NA,NA,NA,NA,NA,NA,NA,NA,NA,NA,NA,NA,NA,NA,"Nord-ovest",2,"Valle d'Aosta/Vallée d'Aoste","Valle d'Aosta/Vallée d'Aoste",0,33.9483394833948,NA,35.2941176470588,71.5447154471545,17.8861788617886,NA,NA,7.88436268068331,200,0,71.2220762155059,13.4034165571616,NA,262.81208935611,157.687253613666,NA,NA,19778.0860215054,25,NA,174.893561103811,3.9379202584315,NA,NA,NA,33.9483394833948,"Spring",29495,25599,2.07944154167984,10.3333525474678
7522,7059,"Saint-Denis","saint denis",2018-04-01,2018,4,"2018-04","Mont-Emilius","Aprile",10,7,1,20,369,26270,NA,NA,NA,NA,NA,NA,NA,NA,NA,NA,NA,NA,NA,NA,NA,NA,NA,NA,NA,NA,NA,NA,NA,NA,NA,"Nord-ovest",2,"Valle d'Aosta/Vallée d'Aoste","Valle d'Aosta/Vallée d'Aoste",0,33.9483394833948,NA,35.2941176470588,71.5447154471545,17.8861788617886,NA,NA,7.88436268068331,200,0,71.2220762155059,13.4034165571616,NA,262.81208935611,157.687253613666,NA,NA,19778.0860215054,25,NA,174.893561103811,3.9379202584315,NA,NA,NA,33.9483394833948,"Spring",30740,23315,2.07944154167984,10.1762209481903
7523,7059,"Saint-Denis","saint denis",2018-05-01,2018,5,"2018-05","Mont-Emilius","Maggio",0,0,1,20,369,25943,NA,NA,NA,NA,NA,NA,NA,NA,NA,NA,NA,NA,NA,NA,NA,NA,NA,NA,NA,NA,NA,NA,NA,NA,NA,"Nord-ovest",2,"Valle d'Aosta/Vallée d'Aoste","Valle d'Aosta/Vallée d'Aoste",0,33.9483394833948,NA,35.2941176470588,71.5447154471545,17.8861788617886,NA,NA,7.88436268068331,200,0,71.2220762155059,13.4034165571616,NA,262.81208935611,157.687253613666,NA,NA,19778.0860215054,25,NA,174.893561103811,3.9379202584315,NA,NA,NA,33.9483394833948,"Spring",26270,24314,0,10.1636956479872
7524,7059,"Saint-Denis","saint denis",2018-06-01,2018,6,"2018-06","Mont-Emilius","Giugno",26,26,1,20,369,25155,NA,NA,NA,NA,NA,NA,NA,NA,NA,NA,NA,NA,NA,NA,NA,NA,NA,NA,NA,NA,NA,NA,NA,NA,NA,"Nord-ovest",2,"Valle d'Aosta/Vallée d'Aoste","Valle d'Aosta/Vallée d'Aoste",0,33.9483394833948,NA,35.2941176470588,71.5447154471545,17.8861788617886,NA,NA,7.88436268068331,200,0,71.2220762155059,13.4034165571616,NA,262.81208935611,157.687253613666,NA,NA,19778.0860215054,25,NA,174.893561103811,3.9379202584315,NA,NA,NA,33.9483394833948,"Summer",25943,25425,3.29583686600433,10.1328517156634
7525,7059,"Saint-Denis","saint denis",2018-07-01,2018,7,"2018-07","Mont-Emilius","Luglio",24,24,1,20,369,27248,NA,NA,NA,NA,NA,NA,NA,NA,NA,NA,NA,NA,NA,NA,NA,NA,NA,NA,NA,NA,NA,NA,NA,NA,NA,"Nord-ovest",2,"Valle d'Aosta/Vallée d'Aoste","Valle d'Aosta/Vallée d'Aoste",0,33.9483394833948,NA,35.2941176470588,71.5447154471545,17.8861788617886,NA,NA,7.88436268068331,200,0,71.2220762155059,13.4034165571616,NA,262.81208935611,157.687253613666,NA,NA,19778.0860215054,25,NA,174.893561103811,3.9379202584315,NA,NA,NA,33.9483394833948,"Summer",25155,28364,3.2188758248682,10.2127721021703
7526,7059,"Saint-Denis","saint denis",2018-08-01,2018,8,"2018-08","Mont-Emilius","Agosto",29,27,1,20,369,30780,NA,NA,NA,NA,NA,NA,NA,NA,NA,NA,NA,NA,NA,NA,NA,NA,NA,NA,NA,NA,NA,NA,NA,NA,NA,"Nord-ovest",2,"Valle d'Aosta/Vallée d'Aoste","Valle d'Aosta/Vallée d'Aoste",0,33.9483394833948,NA,35.2941176470588,71.5447154471545,17.8861788617886,NA,NA,7.88436268068331,200,0,71.2220762155059,13.4034165571616,NA,262.81208935611,157.687253613666,NA,NA,19778.0860215054,25,NA,174.893561103811,3.9379202584315,NA,NA,NA,33.9483394833948,"Summer",27248,29999,3.3322045101752,10.3346528954941
7527,7059,"Saint-Denis","saint denis",2018-09-01,2018,9,"2018-09","Mont-Emilius","Settembre",15,15,1,20,369,27572,NA,NA,NA,NA,NA,NA,NA,NA,NA,NA,NA,NA,NA,NA,NA,NA,NA,NA,NA,NA,NA,NA,NA,NA,NA,"Nord-ovest",2,"Valle d'Aosta/Vallée d'Aoste","Valle d'Aosta/Vallée d'Aoste",0,33.9483394833948,NA,35.2941176470588,71.5447154471545,17.8861788617886,NA,NA,7.88436268068331,200,0,71.2220762155059,13.4034165571616,NA,262.81208935611,157.687253613666,NA,NA,19778.0860215054,25,NA,174.893561103811,3.9379202584315,NA,NA,NA,33.9483394833948,"Autumn",30780,26005,2.77258872223978,10.2245923120262
7528,7059,"Saint-Denis","saint denis",2018-10-01,2018,10,"2018-10","Mont-Emilius","Ottobre",0,0,1,20,369,29247,NA,NA,NA,NA,NA,NA,NA,NA,NA,NA,NA,NA,NA,NA,NA,NA,NA,NA,NA,NA,NA,NA,NA,NA,NA,"Nord-ovest",2,"Valle d'Aosta/Vallée d'Aoste","Valle d'Aosta/Vallée d'Aoste",0,33.9483394833948,NA,35.2941176470588,71.5447154471545,17.8861788617886,NA,NA,7.88436268068331,200,0,71.2220762155059,13.4034165571616,NA,262.81208935611,157.687253613666,NA,NA,19778.0860215054,25,NA,174.893561103811,3.9379202584315,NA,NA,NA,33.9483394833948,"Autumn",27572,28188,0,10.2835664742539
7529,7059,"Saint-Denis","saint denis",2018-11-01,2018,11,"2018-11","Mont-Emilius","Novembre",0,0,1,20,369,32040,NA,NA,NA,NA,NA,NA,NA,NA,NA,NA,NA,NA,NA,NA,NA,NA,NA,NA,NA,NA,NA,NA,NA,NA,NA,"Nord-ovest",2,"Valle d'Aosta/Vallée d'Aoste","Valle d'Aosta/Vallée d'Aoste",0,33.9483394833948,NA,35.2941176470588,71.5447154471545,17.8861788617886,NA,NA,7.88436268068331,200,0,71.2220762155059,13.4034165571616,NA,262.81208935611,157.687253613666,NA,NA,19778.0860215054,25,NA,174.893561103811,3.9379202584315,NA,NA,NA,33.9483394833948,"Autumn",29247,28166,0,10.3747716116815
7530,7059,"Saint-Denis","saint denis",2018-12-01,2018,12,"2018-12","Mont-Emilius","Dicembre",106,60,1,20,369,40490,NA,NA,NA,NA,NA,NA,NA,NA,NA,NA,NA,NA,NA,NA,NA,NA,NA,NA,NA,NA,NA,NA,NA,NA,NA,"Nord-ovest",2,"Valle d'Aosta/Vallée d'Aoste","Valle d'Aosta/Vallée d'Aoste",0,33.9483394833948,NA,35.2941176470588,71.5447154471545,17.8861788617886,NA,NA,7.88436268068331,200,0,71.2220762155059,13.4034165571616,NA,262.81208935611,157.687253613666,NA,NA,19778.0860215054,25,NA,174.893561103811,3.9379202584315,NA,NA,NA,33.9483394833948,"Winter",32040,34571,4.11087386417331,10.6088350061774
7531,7059,"Saint-Denis","saint denis",2019-01-01,2019,1,"2019-01","Mont-Emilius","Gennaio",17,17,1,20,375,38773,59,4,0.209963291957894,893.763370180283,1.88067196815901,45.5179737622726,382,0,4,-4,12,7,5,1,1,0,0,-1,0,382,181,382,2.1,0,0,"Nord-ovest",2,"Valle d'Aosta/Vallée d'Aoste","Valle d'Aosta/Vallée d'Aoste",0,30.8510638297872,NA,33.3333333333333,71.1711711711712,17.1171171171171,NA,NA,2.61780104712042,100,0,73.8219895287958,14.6596858638743,261.780104712042,261.780104712042,185.078534031414,NA,NA,19557.5309090909,25.531914893617,NA,183.586387434555,3.9379202584315,4.71204188481675,41.2307692307692,56,30.8510638297872,"Winter",40490,33338,2.89037175789616,10.5655051978992
7532,7059,"Saint-Denis","saint denis",2019-02-01,2019,2,"2019-02","Mont-Emilius","Febbraio",48,44,1,20,375,35260,59,4,0.299202910652633,903.24361441848,7.49074424962866,38.0956304794841,382,0,4,-4,12,7,5,1,1,0,0,-1,0,382,181,382,2.1,0,0,"Nord-ovest",2,"Valle d'Aosta/Vallée d'Aoste","Valle d'Aosta/Vallée d'Aoste",0,30.8510638297872,NA,33.3333333333333,71.1711711711712,17.1171171171171,NA,NA,2.61780104712042,100,0,73.8219895287958,14.6596858638743,261.780104712042,261.780104712042,185.078534031414,NA,NA,19557.5309090909,25.531914893617,NA,183.586387434555,3.9379202584315,4.71204188481675,41.2307692307692,56,30.8510638297872,"Winter",38773,29495,3.80666248977032,10.4705328162984
7533,7059,"Saint-Denis","saint denis",2019-03-01,2019,3,"2019-03","Mont-Emilius","Marzo",4,4,1,20,375,33346,59,4,0.266238985716455,855.376418685205,8.12852279840454,41.3526089144485,382,0,4,-4,12,7,5,1,1,0,0,-1,0,382,181,382,2.1,0,0,"Nord-ovest",2,"Valle d'Aosta/Vallée d'Aoste","Valle d'Aosta/Vallée d'Aoste",0,30.8510638297872,NA,33.3333333333333,71.1711711711712,17.1171171171171,NA,NA,2.61780104712042,100,0,73.8219895287958,14.6596858638743,261.780104712042,261.780104712042,185.078534031414,NA,NA,19557.5309090909,25.531914893617,NA,183.586387434555,3.9379202584315,4.71204188481675,41.2307692307692,56,30.8510638297872,"Spring",35260,30740,1.6094379124341,10.4147230922751
7534,7059,"Saint-Denis","saint denis",2019-04-01,2019,4,"2019-04","Mont-Emilius","Aprile",32,32,1,20,375,31417,59,4,1.40341503330044,867.915551510989,9.38008454996746,57.8233363613514,382,0,4,-4,12,7,5,1,1,0,0,-1,0,382,181,382,2.1,0,0,"Nord-ovest",2,"Valle d'Aosta/Vallée d'Aoste","Valle d'Aosta/Vallée d'Aoste",0,30.8510638297872,NA,33.3333333333333,71.1711711711712,17.1171171171171,NA,NA,2.61780104712042,100,0,73.8219895287958,14.6596858638743,261.780104712042,261.780104712042,185.078534031414,NA,NA,19557.5309090909,25.531914893617,NA,183.586387434555,3.9379202584315,4.71204188481675,41.2307692307692,56,30.8510638297872,"Spring",33346,26270,3.49650756146648,10.3551362560599
7535,7059,"Saint-Denis","saint denis",2019-05-01,2019,5,"2019-05","Mont-Emilius","Maggio",7,7,1,20,375,31217,59,4,0.677224423424444,888.424485059089,11.8783957705219,50.1789244337604,382,0,4,-4,12,7,5,1,1,0,0,-1,0,382,181,382,2.1,0,0,"Nord-ovest",2,"Valle d'Aosta/Vallée d'Aoste","Valle d'Aosta/Vallée d'Aoste",0,30.8510638297872,NA,33.3333333333333,71.1711711711712,17.1171171171171,NA,NA,2.61780104712042,100,0,73.8219895287958,14.6596858638743,261.780104712042,261.780104712042,185.078534031414,NA,NA,19557.5309090909,25.531914893617,NA,183.586387434555,3.9379202584315,4.71204188481675,41.2307692307692,56,30.8510638297872,"Spring",31417,25943,2.07944154167984,10.3487501305184
7536,7059,"Saint-Denis","saint denis",2019-06-01,2019,6,"2019-06","Mont-Emilius","Giugno",21,21,1,20,375,32090,59,4,0.845792917586056,884.267724800173,19.9699766330427,59.4017818980525,382,0,4,-4,12,7,5,1,1,0,0,-1,0,382,181,382,2.1,0,0,"Nord-ovest",2,"Valle d'Aosta/Vallée d'Aoste","Valle d'Aosta/Vallée d'Aoste",0,30.8510638297872,NA,33.3333333333333,71.1711711711712,17.1171171171171,NA,NA,2.61780104712042,100,0,73.8219895287958,14.6596858638743,261.780104712042,261.780104712042,185.078534031414,NA,NA,19557.5309090909,25.531914893617,NA,183.586387434555,3.9379202584315,4.71204188481675,41.2307692307692,56,30.8510638297872,"Summer",31217,25155,3.09104245335832,10.3763308959742
7537,7059,"Saint-Denis","saint denis",2019-07-01,2019,7,"2019-07","Mont-Emilius","Luglio",94,39,1,20,375,37895,59,4,1.3195960732837,873.012594716429,22.1206061133216,60.081989592675,382,0,4,-4,12,7,5,1,1,0,0,-1,0,382,181,382,2.1,0,0,"Nord-ovest",2,"Valle d'Aosta/Vallée d'Aoste","Valle d'Aosta/Vallée d'Aoste",0,30.8510638297872,NA,33.3333333333333,71.1711711711712,17.1171171171171,NA,NA,2.61780104712042,100,0,73.8219895287958,14.6596858638743,261.780104712042,261.780104712042,185.078534031414,NA,NA,19557.5309090909,25.531914893617,NA,183.586387434555,3.9379202584315,4.71204188481675,41.2307692307692,56,30.8510638297872,"Summer",32090,27248,3.68887945411394,10.5426008446036
7538,7059,"Saint-Denis","saint denis",2019-08-01,2019,8,"2019-08","Mont-Emilius","Agosto",58,41,1,20,375,40296,59,4,1.13801627122554,883.337099769177,21.1511477088625,68.7326990506805,382,0,4,-4,12,7,5,1,1,0,0,-1,0,382,181,382,2.1,0,0,"Nord-ovest",2,"Valle d'Aosta/Vallée d'Aoste","Valle d'Aosta/Vallée d'Aoste",0,30.8510638297872,NA,33.3333333333333,71.1711711711712,17.1171171171171,NA,NA,2.61780104712042,100,0,73.8219895287958,14.6596858638743,261.780104712042,261.780104712042,185.078534031414,NA,NA,19557.5309090909,25.531914893617,NA,183.586387434555,3.9379202584315,4.71204188481675,41.2307692307692,56,30.8510638297872,"Summer",37895,30780,3.73766961828337,10.6040323034765
7539,7059,"Saint-Denis","saint denis",2019-09-01,2019,9,"2019-09","Mont-Emilius","Settembre",18,18,1,20,375,33825,59,4,0.356838425318653,888.373187068177,15.8608437879743,63.2149383273763,382,0,4,-4,12,7,5,1,1,0,0,-1,0,382,181,382,2.1,0,0,"Nord-ovest",2,"Valle d'Aosta/Vallée d'Aoste","Valle d'Aosta/Vallée d'Aoste",0,30.8510638297872,NA,33.3333333333333,71.1711711711712,17.1171171171171,NA,NA,2.61780104712042,100,0,73.8219895287958,14.6596858638743,261.780104712042,261.780104712042,185.078534031414,NA,NA,19557.5309090909,25.531914893617,NA,183.586387434555,3.9379202584315,4.71204188481675,41.2307692307692,56,30.8510638297872,"Autumn",40296,27572,2.94443897916644,10.428985016534
7540,7059,"Saint-Denis","saint denis",2019-10-01,2019,10,"2019-10","Mont-Emilius","Ottobre",27,27,1,20,375,35098,59,4,2.02648139416092,897.839988427602,11.0890896260502,76.1880703200547,382,0,4,-4,12,7,5,1,1,0,0,-1,0,382,181,382,2.1,0,0,"Nord-ovest",2,"Valle d'Aosta/Vallée d'Aoste","Valle d'Aosta/Vallée d'Aoste",0,30.8510638297872,NA,33.3333333333333,71.1711711711712,17.1171171171171,NA,NA,2.61780104712042,100,0,73.8219895287958,14.6596858638743,261.780104712042,261.780104712042,185.078534031414,NA,NA,19557.5309090909,25.531914893617,NA,183.586387434555,3.9379202584315,4.71204188481675,41.2307692307692,56,30.8510638297872,"Autumn",33825,29247,3.3322045101752,10.4659279190196
7541,7059,"Saint-Denis","saint denis",2019-11-01,2019,11,"2019-11","Mont-Emilius","Novembre",23,23,1,20,375,52624,59,4,2.38622838245168,890.611691810815,3.71802221862828,84.7725801757705,382,0,4,-4,12,7,5,1,1,0,0,-1,0,382,181,382,2.1,0,0,"Nord-ovest",2,"Valle d'Aosta/Vallée d'Aoste","Valle d'Aosta/Vallée d'Aoste",0,30.8510638297872,NA,33.3333333333333,71.1711711711712,17.1171171171171,NA,NA,2.61780104712042,100,0,73.8219895287958,14.6596858638743,261.780104712042,261.780104712042,185.078534031414,NA,NA,19557.5309090909,25.531914893617,NA,183.586387434555,3.9379202584315,4.71204188481675,41.2307692307692,56,30.8510638297872,"Autumn",35098,32040,3.17805383034795,10.8709465709847
7542,7059,"Saint-Denis","saint denis",2019-12-01,2019,12,"2019-12","Mont-Emilius","Dicembre",34,34,1,20,375,43435,59,4,1.08615508493619,898.043765134079,3.44145805937043,69.4861359336117,382,0,4,-4,12,7,5,1,1,0,0,-1,0,382,181,382,2.1,0,0,"Nord-ovest",2,"Valle d'Aosta/Vallée d'Aoste","Valle d'Aosta/Vallée d'Aoste",0,30.8510638297872,NA,33.3333333333333,71.1711711711712,17.1171171171171,NA,NA,2.61780104712042,100,0,73.8219895287958,14.6596858638743,261.780104712042,261.780104712042,185.078534031414,NA,NA,19557.5309090909,25.531914893617,NA,183.586387434555,3.9379202584315,4.71204188481675,41.2307692307692,56,30.8510638297872,"Winter",52624,40490,3.55534806148941,10.6790438693368
7543,7059,"Saint-Denis","saint denis",2020-01-01,2020,1,"2020-01","Mont-Emilius","Gennaio",6,6,1,20,382,43162,59,4,0.210669477424922,904.557514171135,3.8651845529437,54.5904005335671,382,0,6,-6,9,10,-1,1,3,-2,0,-7,-16,366,178,366,2.1,0,0,"Nord-ovest",2,"Valle d'Aosta/Vallée d'Aoste","Valle d'Aosta/Vallée d'Aoste",0,28.1138790035587,NA,13.3333333333333,70.1923076923077,20.1923076923077,NA,NA,2.67379679144385,100,0,75.1336898395722,14.9732620320856,267.379679144385,267.379679144385,242.513368983957,NA,NA,19040.726618705,26.3345195729537,NA,166.756684491979,3.9379202584315,NA,NA,NA,28.1138790035587,"Winter",43435,38773,1.94591014905531,10.6727389257609
7544,7059,"Saint-Denis","saint denis",2020-02-01,2020,2,"2020-02","Mont-Emilius","Febbraio",74,64,1,20,382,36150,59,4,0.623527066568616,900.863047555418,6.38007785332342,50.4123109076856,382,0,6,-6,9,10,-1,1,3,-2,0,-7,-16,366,178,366,2.1,0,0,"Nord-ovest",2,"Valle d'Aosta/Vallée d'Aoste","Valle d'Aosta/Vallée d'Aoste",0,28.1138790035587,NA,13.3333333333333,70.1923076923077,20.1923076923077,NA,NA,2.67379679144385,100,0,75.1336898395722,14.9732620320856,267.379679144385,267.379679144385,242.513368983957,NA,NA,19040.726618705,26.3345195729537,NA,166.756684491979,3.9379202584315,NA,NA,NA,28.1138790035587,"Winter",43162,35260,4.17438726989564,10.4954598897216
7545,7059,"Saint-Denis","saint denis",2020-03-01,2020,3,"2020-03","Mont-Emilius","Marzo",0,0,1,20,382,36922,59,4,0.658422371149684,897.812923858288,5.53012002333905,62.4935582007526,382,0,6,-6,9,10,-1,1,3,-2,0,-7,-16,366,178,366,2.1,0,0,"Nord-ovest",2,"Valle d'Aosta/Vallée d'Aoste","Valle d'Aosta/Vallée d'Aoste",0,28.1138790035587,NA,13.3333333333333,70.1923076923077,20.1923076923077,NA,NA,2.67379679144385,100,0,75.1336898395722,14.9732620320856,267.379679144385,267.379679144385,242.513368983957,NA,NA,19040.726618705,26.3345195729537,NA,166.756684491979,3.9379202584315,NA,NA,NA,28.1138790035587,"Spring",36150,33346,0,10.516589942087
7546,7059,"Saint-Denis","saint denis",2020-04-01,2020,4,"2020-04","Mont-Emilius","Aprile",0,0,1,20,382,32604,59,4,0.806630127176688,896.69971418907,11.9768451919697,52.1503366518194,382,0,6,-6,9,10,-1,1,3,-2,0,-7,-16,366,178,366,2.1,0,0,"Nord-ovest",2,"Valle d'Aosta/Vallée d'Aoste","Valle d'Aosta/Vallée d'Aoste",0,28.1138790035587,NA,13.3333333333333,70.1923076923077,20.1923076923077,NA,NA,2.67379679144385,100,0,75.1336898395722,14.9732620320856,267.379679144385,267.379679144385,242.513368983957,NA,NA,19040.726618705,26.3345195729537,NA,166.756684491979,3.9379202584315,NA,NA,NA,28.1138790035587,"Spring",36922,31417,0,10.3922209298273
7547,7059,"Saint-Denis","saint denis",2020-05-01,2020,5,"2020-05","Mont-Emilius","Maggio",0,0,1,20,382,31080,59,4,1.92882863568504,891.615385641179,14.9579327928266,66.3013540088622,382,0,6,-6,9,10,-1,1,3,-2,0,-7,-16,366,178,366,2.1,0,0,"Nord-ovest",2,"Valle d'Aosta/Vallée d'Aoste","Valle d'Aosta/Vallée d'Aoste",0,28.1138790035587,NA,13.3333333333333,70.1923076923077,20.1923076923077,NA,NA,2.67379679144385,100,0,75.1336898395722,14.9732620320856,267.379679144385,267.379679144385,242.513368983957,NA,NA,19040.726618705,26.3345195729537,NA,166.756684491979,3.9379202584315,NA,NA,NA,28.1138790035587,"Spring",32604,31217,0,10.3443519789962
7548,7059,"Saint-Denis","saint denis",2020-06-01,2020,6,"2020-06","Mont-Emilius","Giugno",13,13,1,20,382,31285,59,4,1.96023238796913,882.294432942732,16.4320142567381,69.2163739256043,382,0,6,-6,9,10,-1,1,3,-2,0,-7,-16,366,178,366,2.1,0,0,"Nord-ovest",2,"Valle d'Aosta/Vallée d'Aoste","Valle d'Aosta/Vallée d'Aoste",0,28.1138790035587,NA,13.3333333333333,70.1923076923077,20.1923076923077,NA,NA,2.67379679144385,100,0,75.1336898395722,14.9732620320856,267.379679144385,267.379679144385,242.513368983957,NA,NA,19040.726618705,26.3345195729537,NA,166.756684491979,3.9379202584315,NA,NA,NA,28.1138790035587,"Summer",31080,32090,2.63905732961526,10.3509259921217
7549,7059,"Saint-Denis","saint denis",2020-07-01,2020,7,"2020-07","Mont-Emilius","Luglio",10,10,1,20,382,35587,59,4,0.452655122828778,869.952316392949,21.1830713393811,58.4838214569611,382,0,6,-6,9,10,-1,1,3,-2,0,-7,-16,366,178,366,2.1,0,0,"Nord-ovest",2,"Valle d'Aosta/Vallée d'Aoste","Valle d'Aosta/Vallée d'Aoste",0,28.1138790035587,NA,13.3333333333333,70.1923076923077,20.1923076923077,NA,NA,2.67379679144385,100,0,75.1336898395722,14.9732620320856,267.379679144385,267.379679144385,242.513368983957,NA,NA,19040.726618705,26.3345195729537,NA,166.756684491979,3.9379202584315,NA,NA,NA,28.1138790035587,"Summer",31285,37895,2.39789527279837,10.4797637813647
7550,7059,"Saint-Denis","saint denis",2020-08-01,2020,8,"2020-08","Mont-Emilius","Agosto",60,37,1,20,382,39899,59,4,1.23025387234789,888.240547733181,21.3728957870785,59.0134497499125,382,0,6,-6,9,10,-1,1,3,-2,0,-7,-16,366,178,366,2.1,0,0,"Nord-ovest",2,"Valle d'Aosta/Vallée d'Aoste","Valle d'Aosta/Vallée d'Aoste",0,28.1138790035587,NA,13.3333333333333,70.1923076923077,20.1923076923077,NA,NA,2.67379679144385,100,0,75.1336898395722,14.9732620320856,267.379679144385,267.379679144385,242.513368983957,NA,NA,19040.726618705,26.3345195729537,NA,166.756684491979,3.9379202584315,NA,NA,NA,28.1138790035587,"Summer",35587,40296,3.63758615972639,10.594131602878
7551,7059,"Saint-Denis","saint denis",2020-09-01,2020,9,"2020-09","Mont-Emilius","Settembre",12,11,1,20,382,32509,59,4,0.480965382630777,893.54947275096,16.8650812169824,65.7117629576829,382,0,6,-6,9,10,-1,1,3,-2,0,-7,-16,366,178,366,2.1,0,0,"Nord-ovest",2,"Valle d'Aosta/Vallée d'Aoste","Valle d'Aosta/Vallée d'Aoste",0,28.1138790035587,NA,13.3333333333333,70.1923076923077,20.1923076923077,NA,NA,2.67379679144385,100,0,75.1336898395722,14.9732620320856,267.379679144385,267.379679144385,242.513368983957,NA,NA,19040.726618705,26.3345195729537,NA,166.756684491979,3.9379202584315,NA,NA,NA,28.1138790035587,"Autumn",39899,33825,2.484906649788,10.389303013298
7552,7059,"Saint-Denis","saint denis",2020-10-01,2020,10,"2020-10","Mont-Emilius","Ottobre",2,2,1,20,382,35221,59,4,1.668658748877,896.011658599075,8.88779759949262,70.9122542655064,382,0,6,-6,9,10,-1,1,3,-2,0,-7,-16,366,178,366,2.1,0,0,"Nord-ovest",2,"Valle d'Aosta/Vallée d'Aoste","Valle d'Aosta/Vallée d'Aoste",0,28.1138790035587,NA,13.3333333333333,70.1923076923077,20.1923076923077,NA,NA,2.67379679144385,100,0,75.1336898395722,14.9732620320856,267.379679144385,267.379679144385,242.513368983957,NA,NA,19040.726618705,26.3345195729537,NA,166.756684491979,3.9379202584315,NA,NA,NA,28.1138790035587,"Autumn",32509,35098,1.09861228866811,10.469426166355
7553,7059,"Saint-Denis","saint denis",2020-11-01,2020,11,"2020-11","Mont-Emilius","Novembre",0,0,1,20,382,38701,59,4,0.0573364552246476,892.367596849255,7.29056818956848,67.2707505258531,382,0,6,-6,9,10,-1,1,3,-2,0,-7,-16,366,178,366,2.1,0,0,"Nord-ovest",2,"Valle d'Aosta/Vallée d'Aoste","Valle d'Aosta/Vallée d'Aoste",0,28.1138790035587,NA,13.3333333333333,70.1923076923077,20.1923076923077,NA,NA,2.67379679144385,100,0,75.1336898395722,14.9732620320856,267.379679144385,267.379679144385,242.513368983957,NA,NA,19040.726618705,26.3345195729537,NA,166.756684491979,3.9379202584315,NA,NA,NA,28.1138790035587,"Autumn",35221,52624,0,10.5636465572691
7554,7059,"Saint-Denis","saint denis",2020-12-01,2020,12,"2020-12","Mont-Emilius","Dicembre",0,0,1,20,382,45970,59,4,0.620815681740429,892.404119856356,1.46409973167044,75.4147014110629,382,0,6,-6,9,10,-1,1,3,-2,0,-7,-16,366,178,366,2.1,0,0,"Nord-ovest",2,"Valle d'Aosta/Vallée d'Aoste","Valle d'Aosta/Vallée d'Aoste",0,28.1138790035587,NA,13.3333333333333,70.1923076923077,20.1923076923077,NA,NA,2.67379679144385,100,0,75.1336898395722,14.9732620320856,267.379679144385,267.379679144385,242.513368983957,NA,NA,19040.726618705,26.3345195729537,NA,166.756684491979,3.9379202584315,NA,NA,NA,28.1138790035587,"Winter",38701,43435,0,10.7357660418811
7555,7059,"Saint-Denis","saint denis",2021-01-01,2021,1,"2021-01","Mont-Emilius","Gennaio",0,0,2,36,382,42706,59,4,0.831206032229452,889.737682557158,0.176399233836663,67.7084548629131,366,6,4,2,11,8,3,0,1,-1,0,1,5,371,179,371,2.1,0,0,"Nord-ovest",2,"Valle d'Aosta/Vallée d'Aoste","Valle d'Aosta/Vallée d'Aoste",0,27.2413793103448,NA,33.3333333333333,69.3069306930693,19.8019801980198,NA,NA,NA,NA,NA,78.6974219810041,16.010854816825,271.370420624152,271.370420624152,232.564450474898,NA,NA,20136.8339350181,26.3345195729537,NA,235.603799185889,3.9379202584315,3.55069104709005,45.3791959895335,52.6813880126183,27.2413793103448,"Winter",45970,43162,0,10.6621181202072
7556,7059,"Saint-Denis","saint denis",2021-02-01,2021,2,"2021-02","Mont-Emilius","Febbraio",0,0,2,36,382,36374,59,4,0.311505280009001,834.055700678785,4.34242727054547,67.544368126071,366,6,4,2,11,8,3,0,1,-1,0,1,5,371,179,371,2.1,0,0,"Nord-ovest",2,"Valle d'Aosta/Vallée d'Aoste","Valle d'Aosta/Vallée d'Aoste",0,27.2413793103448,NA,33.3333333333333,69.3069306930693,19.8019801980198,NA,NA,NA,NA,NA,78.6974219810041,16.010854816825,271.370420624152,271.370420624152,232.564450474898,NA,NA,20136.8339350181,26.3345195729537,NA,235.603799185889,3.9379202584315,3.55069104709005,45.3791959895335,52.6813880126183,27.2413793103448,"Winter",42706,36150,0,10.5016370044738
7557,7059,"Saint-Denis","saint denis",2021-03-01,2021,3,"2021-03","Mont-Emilius","Marzo",0,0,2,36,382,36580,59,4,0.178545819540467,847.851025989683,6.5057212642899,46.4764925722084,366,6,4,2,11,8,3,0,1,-1,0,1,5,371,179,371,2.1,0,0,"Nord-ovest",2,"Valle d'Aosta/Vallée d'Aoste","Valle d'Aosta/Vallée d'Aoste",0,27.2413793103448,NA,33.3333333333333,69.3069306930693,19.8019801980198,NA,NA,NA,NA,NA,78.6974219810041,16.010854816825,271.370420624152,271.370420624152,232.564450474898,NA,NA,20136.8339350181,26.3345195729537,NA,235.603799185889,3.9379202584315,3.55069104709005,45.3791959895335,52.6813880126183,27.2413793103448,"Spring",36374,36922,0,10.507284258914
7558,7059,"Saint-Denis","saint denis",2021-04-01,2021,4,"2021-04","Mont-Emilius","Aprile",0,0,2,36,382,31883,59,4,0.996199406380968,893.879925332419,8.51111298092912,52.3912366728709,366,6,4,2,11,8,3,0,1,-1,0,1,5,371,179,371,2.1,0,0,"Nord-ovest",2,"Valle d'Aosta/Vallée d'Aoste","Valle d'Aosta/Vallée d'Aoste",0,27.2413793103448,NA,33.3333333333333,69.3069306930693,19.8019801980198,NA,NA,NA,NA,NA,78.6974219810041,16.010854816825,271.370420624152,271.370420624152,232.564450474898,NA,NA,20136.8339350181,26.3345195729537,NA,235.603799185889,3.9379202584315,3.55069104709005,45.3791959895335,52.6813880126183,27.2413793103448,"Spring",36580,32604,0,10.3698595955478
7559,7059,"Saint-Denis","saint denis",2021-05-01,2021,5,"2021-05","Mont-Emilius","Maggio",0,0,2,36,382,31446,59,4,1.50393183037453,885.173620809643,11.5658618847848,43.2751973131261,366,6,4,2,11,8,3,0,1,-1,0,1,5,371,179,371,2.1,0,0,"Nord-ovest",2,"Valle d'Aosta/Vallée d'Aoste","Valle d'Aosta/Vallée d'Aoste",0,27.2413793103448,NA,33.3333333333333,69.3069306930693,19.8019801980198,NA,NA,NA,NA,NA,78.6974219810041,16.010854816825,271.370420624152,271.370420624152,232.564450474898,NA,NA,20136.8339350181,26.3345195729537,NA,235.603799185889,3.9379202584315,3.55069104709005,45.3791959895335,52.6813880126183,27.2413793103448,"Spring",31883,31080,0,10.3560588680716
7560,7059,"Saint-Denis","saint denis",2021-06-01,2021,6,"2021-06","Mont-Emilius","Giugno",0,0,2,36,382,30643,59,4,1.35067057930038,878.696834384266,19.5966584305752,65.1620090472137,366,6,4,2,11,8,3,0,1,-1,0,1,5,371,179,371,2.1,0,0,"Nord-ovest",2,"Valle d'Aosta/Vallée d'Aoste","Valle d'Aosta/Vallée d'Aoste",0,27.2413793103448,NA,33.3333333333333,69.3069306930693,19.8019801980198,NA,NA,NA,NA,NA,78.6974219810041,16.010854816825,271.370420624152,271.370420624152,232.564450474898,NA,NA,20136.8339350181,26.3345195729537,NA,235.603799185889,3.9379202584315,3.55069104709005,45.3791959895335,52.6813880126183,27.2413793103448,"Summer",31446,31285,0,10.3301921636367
7561,7059,"Saint-Denis","saint denis",2021-07-01,2021,7,"2021-07","Mont-Emilius","Luglio",0,0,2,36,382,34549,59,4,1.63484614365149,891.92129993959,20.3970130088189,59.9164556224937,366,6,4,2,11,8,3,0,1,-1,0,1,5,371,179,371,2.1,0,0,"Nord-ovest",2,"Valle d'Aosta/Vallée d'Aoste","Valle d'Aosta/Vallée d'Aoste",0,27.2413793103448,NA,33.3333333333333,69.3069306930693,19.8019801980198,NA,NA,NA,NA,NA,78.6974219810041,16.010854816825,271.370420624152,271.370420624152,232.564450474898,NA,NA,20136.8339350181,26.3345195729537,NA,235.603799185889,3.9379202584315,3.55069104709005,45.3791959895335,52.6813880126183,27.2413793103448,"Summer",30643,35587,0,10.4501628291958
7562,7059,"Saint-Denis","saint denis",2021-08-01,2021,8,"2021-08","Mont-Emilius","Agosto",0,0,2,36,382,37871,59,4,0.458712271410923,882.28452758229,20.0326075376441,41.483858408199,366,6,4,2,11,8,3,0,1,-1,0,1,5,371,179,371,2.1,0,0,"Nord-ovest",2,"Valle d'Aosta/Vallée d'Aoste","Valle d'Aosta/Vallée d'Aoste",0,27.2413793103448,NA,33.3333333333333,69.3069306930693,19.8019801980198,NA,NA,NA,NA,NA,78.6974219810041,16.010854816825,271.370420624152,271.370420624152,232.564450474898,NA,NA,20136.8339350181,26.3345195729537,NA,235.603799185889,3.9379202584315,3.55069104709005,45.3791959895335,52.6813880126183,27.2413793103448,"Summer",34549,39899,0,10.5419673317538
7563,7059,"Saint-Denis","saint denis",2021-09-01,2021,9,"2021-09","Mont-Emilius","Settembre",0,0,2,36,382,33265,59,4,1.18355931502171,887.20242656611,16.5619747968306,68.1246479115637,366,6,4,2,11,8,3,0,1,-1,0,1,5,371,179,371,2.1,0,0,"Nord-ovest",2,"Valle d'Aosta/Vallée d'Aoste","Valle d'Aosta/Vallée d'Aoste",0,27.2413793103448,NA,33.3333333333333,69.3069306930693,19.8019801980198,NA,NA,NA,NA,NA,78.6974219810041,16.010854816825,271.370420624152,271.370420624152,232.564450474898,NA,NA,20136.8339350181,26.3345195729537,NA,235.603799185889,3.9379202584315,3.55069104709005,45.3791959895335,52.6813880126183,27.2413793103448,"Autumn",37871,32509,0,10.4122911333505
7564,7059,"Saint-Denis","saint denis",2021-10-01,2021,10,"2021-10","Mont-Emilius","Ottobre",0,0,2,36,382,36914,59,4,1.15336835697498,894.330952816473,10.0114334380175,66.7862268345703,366,6,4,2,11,8,3,0,1,-1,0,1,5,371,179,371,2.1,0,0,"Nord-ovest",2,"Valle d'Aosta/Vallée d'Aoste","Valle d'Aosta/Vallée d'Aoste",0,27.2413793103448,NA,33.3333333333333,69.3069306930693,19.8019801980198,NA,NA,NA,NA,NA,78.6974219810041,16.010854816825,271.370420624152,271.370420624152,232.564450474898,NA,NA,20136.8339350181,26.3345195729537,NA,235.603799185889,3.9379202584315,3.55069104709005,45.3791959895335,52.6813880126183,27.2413793103448,"Autumn",33265,35221,0,10.5163732514933
7565,7059,"Saint-Denis","saint denis",2021-11-01,2021,11,"2021-11","Mont-Emilius","Novembre",0,0,2,36,382,39131,59,4,0.683093198478851,896.244081803989,4.95343709751779,70.8508005618616,366,6,4,2,11,8,3,0,1,-1,0,1,5,371,179,371,2.1,0,0,"Nord-ovest",2,"Valle d'Aosta/Vallée d'Aoste","Valle d'Aosta/Vallée d'Aoste",0,27.2413793103448,NA,33.3333333333333,69.3069306930693,19.8019801980198,NA,NA,NA,NA,NA,78.6974219810041,16.010854816825,271.370420624152,271.370420624152,232.564450474898,NA,NA,20136.8339350181,26.3345195729537,NA,235.603799185889,3.9379202584315,3.55069104709005,45.3791959895335,52.6813880126183,27.2413793103448,"Autumn",36914,38701,0,10.5746958255773
7566,7059,"Saint-Denis","saint denis",2021-12-01,2021,12,"2021-12","Mont-Emilius","Dicembre",0,0,2,36,382,46752,59,4,0.679577569892652,897.023968983885,2.74544164740543,59.6351624194021,366,6,4,2,11,8,3,0,1,-1,0,1,5,371,179,371,2.1,0,0,"Nord-ovest",2,"Valle d'Aosta/Vallée d'Aoste","Valle d'Aosta/Vallée d'Aoste",0,27.2413793103448,NA,33.3333333333333,69.3069306930693,19.8019801980198,NA,NA,NA,NA,NA,78.6974219810041,16.010854816825,271.370420624152,271.370420624152,232.564450474898,NA,NA,20136.8339350181,26.3345195729537,NA,235.603799185889,3.9379202584315,3.55069104709005,45.3791959895335,52.6813880126183,27.2413793103448,"Winter",39131,45970,0,10.7526337037809
7567,7059,"Saint-Denis","saint denis",2022-01-01,2022,1,"2022-01","Mont-Emilius","Gennaio",0,0,2,32,366,45235,59,4,0.200674748999723,899.635089149865,4.20515038273107,43.3202084648537,371,2,5,-3,13,18,-5,0,1,-1,0,0,-9,362,178,362,2,0,0,"Nord-ovest",2,"Valle d'Aosta/Vallée d'Aoste","Valle d'Aosta/Vallée d'Aoste",0,24.9122807017544,NA,42.8571428571429,72.1649484536082,19.5876288659794,NA,NA,10.9140518417462,100,25,77.762619372442,15.8253751705321,272.851296043656,272.851296043656,367.257844474761,NA,NA,23183.964028777,22.7436823104693,NA,NA,3.94,3.9714121142349,47.4299099632772,50.4823151125402,24.9122807017544,"Winter",46752,42706,0,10.7196485089912
7568,7059,"Saint-Denis","saint denis",2022-02-01,2022,2,"2022-02","Mont-Emilius","Febbraio",0,0,2,32,366,37850,59,4,0.103716423401008,898.926839023481,5.25881808759808,44.4526745746836,371,2,5,-3,13,18,-5,0,1,-1,0,0,-9,362,178,362,2,0,0,"Nord-ovest",2,"Valle d'Aosta/Vallée d'Aoste","Valle d'Aosta/Vallée d'Aoste",0,24.9122807017544,NA,42.8571428571429,72.1649484536082,19.5876288659794,NA,NA,10.9140518417462,100,25,77.762619372442,15.8253751705321,272.851296043656,272.851296043656,367.257844474761,NA,NA,23183.964028777,22.7436823104693,NA,NA,3.94,3.9714121142349,47.4299099632772,50.4823151125402,24.9122807017544,"Winter",45235,36374,0,10.5414126785959
7569,7059,"Saint-Denis","saint denis",2022-03-01,2022,3,"2022-03","Mont-Emilius","Marzo",0,0,2,32,366,40297,59,4,0.400543996588285,902.931906497172,6.32821304369076,55.6190352662484,371,2,5,-3,13,18,-5,0,1,-1,0,0,-9,362,178,362,2,0,0,"Nord-ovest",2,"Valle d'Aosta/Vallée d'Aoste","Valle d'Aosta/Vallée d'Aoste",0,24.9122807017544,NA,42.8571428571429,72.1649484536082,19.5876288659794,NA,NA,10.9140518417462,100,25,77.762619372442,15.8253751705321,272.851296043656,272.851296043656,367.257844474761,NA,NA,23183.964028777,22.7436823104693,NA,NA,3.94,3.9714121142349,47.4299099632772,50.4823151125402,24.9122807017544,"Spring",37850,36580,0,10.6040571189117
7570,7059,"Saint-Denis","saint denis",2022-04-01,2022,4,"2022-04","Mont-Emilius","Aprile",0,0,2,32,366,35130,59,4,0.660496351459377,894.721412051959,10.8063267974483,46.0737371483308,371,2,5,-3,13,18,-5,0,1,-1,0,0,-9,362,178,362,2,0,0,"Nord-ovest",2,"Valle d'Aosta/Vallée d'Aoste","Valle d'Aosta/Vallée d'Aoste",0,24.9122807017544,NA,42.8571428571429,72.1649484536082,19.5876288659794,NA,NA,10.9140518417462,100,25,77.762619372442,15.8253751705321,272.851296043656,272.851296043656,367.257844474761,NA,NA,23183.964028777,22.7436823104693,NA,NA,3.94,3.9714121142349,47.4299099632772,50.4823151125402,24.9122807017544,"Spring",40297,31883,0,10.4668392105536
7571,7059,"Saint-Denis","saint denis",2022-05-01,2022,5,"2022-05","Mont-Emilius","Maggio",0,0,2,32,366,33384,59,4,1.17822225101432,898.507395327072,17.1368099874153,66.3977960299826,371,2,5,-3,13,18,-5,0,1,-1,0,0,-9,362,178,362,2,0,0,"Nord-ovest",2,"Valle d'Aosta/Vallée d'Aoste","Valle d'Aosta/Vallée d'Aoste",0,24.9122807017544,NA,42.8571428571429,72.1649484536082,19.5876288659794,NA,NA,10.9140518417462,100,25,77.762619372442,15.8253751705321,272.851296043656,272.851296043656,367.257844474761,NA,NA,23183.964028777,22.7436823104693,NA,NA,3.94,3.9714121142349,47.4299099632772,50.4823151125402,24.9122807017544,"Spring",35130,31446,0,10.415861976292
7572,7059,"Saint-Denis","saint denis",2022-06-01,2022,6,"2022-06","Mont-Emilius","Giugno",0,0,2,32,366,33744,59,4,1.35525053508257,897.811969041607,21.8687839911607,56.3202042114524,371,2,5,-3,13,18,-5,0,1,-1,0,0,-9,362,178,362,2,0,0,"Nord-ovest",2,"Valle d'Aosta/Vallée d'Aoste","Valle d'Aosta/Vallée d'Aoste",0,24.9122807017544,NA,42.8571428571429,72.1649484536082,19.5876288659794,NA,NA,10.9140518417462,100,25,77.762619372442,15.8253751705321,272.851296043656,272.851296043656,367.257844474761,NA,NA,23183.964028777,22.7436823104693,NA,NA,3.94,3.9714121142349,47.4299099632772,50.4823151125402,24.9122807017544,"Summer",33384,30643,0,10.4265875371775
7573,7059,"Saint-Denis","saint denis",2022-07-01,2022,7,"2022-07","Mont-Emilius","Luglio",74,20,2,32,366,38590,59,4,0.428808398719582,891.895807051336,25.5938982671722,49.7870677565949,371,2,5,-3,13,18,-5,0,1,-1,0,0,-9,362,178,362,2,0,0,"Nord-ovest",2,"Valle d'Aosta/Vallée d'Aoste","Valle d'Aosta/Vallée d'Aoste",0,24.9122807017544,NA,42.8571428571429,72.1649484536082,19.5876288659794,NA,NA,10.9140518417462,100,25,77.762619372442,15.8253751705321,272.851296043656,272.851296043656,367.257844474761,NA,NA,23183.964028777,22.7436823104693,NA,NA,3.94,3.9714121142349,47.4299099632772,50.4823151125402,24.9122807017544,"Summer",33744,34549,3.04452243772342,10.560774367645
7574,7059,"Saint-Denis","saint denis",2022-08-01,2022,8,"2022-08","Mont-Emilius","Agosto",45,12,2,32,366,41169,59,4,0.535287626000186,886.885428134218,22.9822395500534,56.4942918607659,371,2,5,-3,13,18,-5,0,1,-1,0,0,-9,362,178,362,2,0,0,"Nord-ovest",2,"Valle d'Aosta/Vallée d'Aoste","Valle d'Aosta/Vallée d'Aoste",0,24.9122807017544,NA,42.8571428571429,72.1649484536082,19.5876288659794,NA,NA,10.9140518417462,100,25,77.762619372442,15.8253751705321,272.851296043656,272.851296043656,367.257844474761,NA,NA,23183.964028777,22.7436823104693,NA,NA,3.94,3.9714121142349,47.4299099632772,50.4823151125402,24.9122807017544,"Summer",38590,37871,2.56494935746154,10.6254651147639
7575,7059,"Saint-Denis","saint denis",2022-09-01,2022,9,"2022-09","Mont-Emilius","Settembre",2,1,2,32,366,35048,59,4,0.692190256467414,894.650041345192,16.2759080363409,58.3198761844788,371,2,5,-3,13,18,-5,0,1,-1,0,0,-9,362,178,362,2,0,0,"Nord-ovest",2,"Valle d'Aosta/Vallée d'Aoste","Valle d'Aosta/Vallée d'Aoste",0,24.9122807017544,NA,42.8571428571429,72.1649484536082,19.5876288659794,NA,NA,10.9140518417462,100,25,77.762619372442,15.8253751705321,272.851296043656,272.851296043656,367.257844474761,NA,NA,23183.964028777,22.7436823104693,NA,NA,3.94,3.9714121142349,47.4299099632772,50.4823151125402,24.9122807017544,"Autumn",41169,33265,0.693147180559945,10.4645023613853
7576,7059,"Saint-Denis","saint denis",2022-10-01,2022,10,"2022-10","Mont-Emilius","Ottobre",0,0,2,32,366,40005,59,4,0.487861340726547,903.509242036914,14.3667542819338,72.1280185802734,371,2,5,-3,13,18,-5,0,1,-1,0,0,-9,362,178,362,2,0,0,"Nord-ovest",2,"Valle d'Aosta/Vallée d'Aoste","Valle d'Aosta/Vallée d'Aoste",0,24.9122807017544,NA,42.8571428571429,72.1649484536082,19.5876288659794,NA,NA,10.9140518417462,100,25,77.762619372442,15.8253751705321,272.851296043656,272.851296043656,367.257844474761,NA,NA,23183.964028777,22.7436823104693,NA,NA,3.94,3.9714121142349,47.4299099632772,50.4823151125402,24.9122807017544,"Autumn",35048,36914,0,10.5967847218472
7577,7059,"Saint-Denis","saint denis",2022-11-01,2022,11,"2022-11","Mont-Emilius","Novembre",0,0,2,32,366,41645,59,4,0.93814056701666,898.972005762943,6.15144230855095,64.0818107441046,371,2,5,-3,13,18,-5,0,1,-1,0,0,-9,362,178,362,2,0,0,"Nord-ovest",2,"Valle d'Aosta/Vallée d'Aoste","Valle d'Aosta/Vallée d'Aoste",0,24.9122807017544,NA,42.8571428571429,72.1649484536082,19.5876288659794,NA,NA,10.9140518417462,100,25,77.762619372442,15.8253751705321,272.851296043656,272.851296043656,367.257844474761,NA,NA,23183.964028777,22.7436823104693,NA,NA,3.94,3.9714121142349,47.4299099632772,50.4823151125402,24.9122807017544,"Autumn",40005,39131,0,10.6369606045676
7578,7059,"Saint-Denis","saint denis",2022-12-01,2022,12,"2022-12","Mont-Emilius","Dicembre",0,0,2,32,366,55818,59,4,0.634902380809593,891.735721554139,1.66188349448628,73.1305242526313,371,2,5,-3,13,18,-5,0,1,-1,0,0,-9,362,178,362,2,0,0,"Nord-ovest",2,"Valle d'Aosta/Vallée d'Aoste","Valle d'Aosta/Vallée d'Aoste",0,24.9122807017544,NA,42.8571428571429,72.1649484536082,19.5876288659794,NA,NA,10.9140518417462,100,25,77.762619372442,15.8253751705321,272.851296043656,272.851296043656,367.257844474761,NA,NA,23183.964028777,22.7436823104693,NA,NA,3.94,3.9714121142349,47.4299099632772,50.4823151125402,24.9122807017544,"Winter",41645,46752,0,10.9298695922039
7579,7059,"Saint-Denis","saint denis",2023-01-01,2023,1,"2023-01","Mont-Emilius","Gennaio",9,9,2,32,371,52608,59,4,0.370973941993955,886.09064442772,2.31019886348697,58.3861128352328,362,1,3,-2,16,11,5,4,1,3,0,0,6,368,179,368,2.1,0,0,NA,NA,NA,NA,NA,NA,NA,NA,NA,NA,NA,NA,NA,NA,NA,NA,NA,NA,NA,NA,NA,NA,NA,NA,NA,NA,NA,NA,NA,NA,NA,"Winter",55818,45235,2.30258509299405,10.870642486751
7580,7059,"Saint-Denis","saint denis",2023-02-01,2023,2,"2023-02","Mont-Emilius","Febbraio",5,4,2,32,371,41256,59,4,0.0830481528195043,898.55086323935,5.95253363913316,50.8276470400859,362,1,3,-2,16,11,5,4,1,3,0,0,6,368,179,368,2.1,0,0,NA,NA,NA,NA,NA,NA,NA,NA,NA,NA,NA,NA,NA,NA,NA,NA,NA,NA,NA,NA,NA,NA,NA,NA,NA,NA,NA,NA,NA,NA,NA,"Winter",52608,37850,1.6094379124341,10.6275760743356
7581,7059,"Saint-Denis","saint denis",2023-03-01,2023,3,"2023-03","Mont-Emilius","Marzo",0,0,2,32,371,43576,59,4,1.40480988082797,892.9852213352,7.49308309027231,54.4052302786294,362,1,3,-2,16,11,5,4,1,3,0,0,6,368,179,368,2.1,0,0,NA,NA,NA,NA,NA,NA,NA,NA,NA,NA,NA,NA,NA,NA,NA,NA,NA,NA,NA,NA,NA,NA,NA,NA,NA,NA,NA,NA,NA,NA,NA,"Spring",41256,40297,0,10.6822847672122
7582,7059,"Saint-Denis","saint denis",2023-04-01,2023,4,"2023-04","Mont-Emilius","Aprile",4,4,2,32,371,39909,59,4,1.30680185086423,887.041256335046,10.4012046448485,49.2390762473606,362,1,3,-2,16,11,5,4,1,3,0,0,6,368,179,368,2.1,0,0,NA,NA,NA,NA,NA,NA,NA,NA,NA,NA,NA,NA,NA,NA,NA,NA,NA,NA,NA,NA,NA,NA,NA,NA,NA,NA,NA,NA,NA,NA,NA,"Spring",43576,35130,1.6094379124341,10.5943821980428
7583,7059,"Saint-Denis","saint denis",2023-05-01,2023,5,"2023-05","Mont-Emilius","Maggio",35,23,2,32,371,37409,59,4,2.27106306204002,881.648002001287,14.3703330043007,72.1329616773458,362,1,3,-2,16,11,5,4,1,3,0,0,6,368,179,368,2.1,0,0,NA,NA,NA,NA,NA,NA,NA,NA,NA,NA,NA,NA,NA,NA,NA,NA,NA,NA,NA,NA,NA,NA,NA,NA,NA,NA,NA,NA,NA,NA,NA,"Spring",39909,33384,3.17805383034795,10.5296933273422
7584,7059,"Saint-Denis","saint denis",2023-06-01,2023,6,"2023-06","Mont-Emilius","Giugno",8,8,2,32,371,36042,59,4,0.992025514102893,884.342879144895,19.1159773717371,65.0905123960027,362,1,3,-2,16,11,5,4,1,3,0,0,6,368,179,368,2.1,0,0,NA,NA,NA,NA,NA,NA,NA,NA,NA,NA,NA,NA,NA,NA,NA,NA,NA,NA,NA,NA,NA,NA,NA,NA,NA,NA,NA,NA,NA,NA,NA,"Summer",37409,33744,2.19722457733622,10.4924679491015
7585,7059,"Saint-Denis","saint denis",2023-07-01,2023,7,"2023-07","Mont-Emilius","Luglio",82,34,2,32,371,39710,59,4,0.93897386963634,888.923798838123,21.999070861881,53.5615766043035,362,1,3,-2,16,11,5,4,1,3,0,0,6,368,179,368,2.1,0,0,NA,NA,NA,NA,NA,NA,NA,NA,NA,NA,NA,NA,NA,NA,NA,NA,NA,NA,NA,NA,NA,NA,NA,NA,NA,NA,NA,NA,NA,NA,NA,"Summer",36042,38590,3.55534806148941,10.5893835063819
7586,7059,"Saint-Denis","saint denis",2023-08-01,2023,8,"2023-08","Mont-Emilius","Agosto",41,11,2,32,371,42758,59,4,1.83445350220485,880.261901130775,21.2039772736081,52.8636239032671,362,1,3,-2,16,11,5,4,1,3,0,0,6,368,179,368,2.1,0,0,NA,NA,NA,NA,NA,NA,NA,NA,NA,NA,NA,NA,NA,NA,NA,NA,NA,NA,NA,NA,NA,NA,NA,NA,NA,NA,NA,NA,NA,NA,NA,"Summer",39710,41169,2.484906649788,10.6633349785231
7587,7059,"Saint-Denis","saint denis",2023-09-01,2023,9,"2023-09","Mont-Emilius","Settembre",0,0,2,32,371,35882,59,4,0.957500205211141,850.752088701563,18.7059882644971,60.2314525651222,362,1,3,-2,16,11,5,4,1,3,0,0,6,368,179,368,2.1,0,0,NA,NA,NA,NA,NA,NA,NA,NA,NA,NA,NA,NA,NA,NA,NA,NA,NA,NA,NA,NA,NA,NA,NA,NA,NA,NA,NA,NA,NA,NA,NA,"Autumn",42758,35048,0,10.4880189247176
7588,7059,"Saint-Denis","saint denis",2023-10-01,2023,10,"2023-10","Mont-Emilius","Ottobre",16,16,2,32,371,39246,59,4,1.29460713275222,896.068057247393,14.4046215852932,59.3582643807015,362,1,3,-2,16,11,5,4,1,3,0,0,6,368,179,368,2.1,0,0,NA,NA,NA,NA,NA,NA,NA,NA,NA,NA,NA,NA,NA,NA,NA,NA,NA,NA,NA,NA,NA,NA,NA,NA,NA,NA,NA,NA,NA,NA,NA,"Autumn",35882,40005,2.83321334405622,10.5776302871684
7589,7059,"Saint-Denis","saint denis",2023-11-01,2023,11,"2023-11","Mont-Emilius","Novembre",0,0,2,32,371,42883,59,4,1.43672145481622,892.761731913219,5.91012312253307,50.0018317418297,362,1,3,-2,16,11,5,4,1,3,0,0,6,368,179,368,2.1,0,0,NA,NA,NA,NA,NA,NA,NA,NA,NA,NA,NA,NA,NA,NA,NA,NA,NA,NA,NA,NA,NA,NA,NA,NA,NA,NA,NA,NA,NA,NA,NA,"Autumn",39246,41645,0,10.6662540749761
7590,7059,"Saint-Denis","saint denis",2023-12-01,2023,12,"2023-12","Mont-Emilius","Dicembre",10,10,2,32,371,55211,59,4,1.24324079109639,894.8937205091,5.35874421810156,54.2974453775538,362,1,3,-2,16,11,5,4,1,3,0,0,6,368,179,368,2.1,0,0,NA,NA,NA,NA,NA,NA,NA,NA,NA,NA,NA,NA,NA,NA,NA,NA,NA,NA,NA,NA,NA,NA,NA,NA,NA,NA,NA,NA,NA,NA,NA,"Winter",42883,55818,2.39789527279837,10.9189355999435
7591,7059,"Saint-Denis","saint denis",2024-01-01,2024,1,"2024-01","Mont-Emilius","Gennaio",34,8,2,32,362,570500,59,4,0.630397669409812,898.674284295438,3.89253939735942,57.2143871546933,368,3,5,-2,12,16,-4,3,0,3,0,0,-3,365,182,365,2,0,0,NA,NA,NA,NA,NA,NA,NA,NA,NA,NA,NA,NA,NA,NA,NA,NA,NA,NA,NA,NA,NA,NA,NA,NA,NA,NA,NA,NA,NA,NA,NA,"Winter",55211,52608,2.19722457733622,13.2542702011311
7592,7059,"Saint-Denis","saint denis",2024-02-01,2024,2,"2024-02","Mont-Emilius","Febbraio",66,26,2,32,362,NA,59,4,2.56612395541992,896.788540220824,6.5160392794138,61.146500862563,368,3,5,-2,12,16,-4,3,0,3,0,0,-3,365,182,365,2,0,0,NA,NA,NA,NA,NA,NA,NA,NA,NA,NA,NA,NA,NA,NA,NA,NA,NA,NA,NA,NA,NA,NA,NA,NA,NA,NA,NA,NA,NA,NA,NA,"Winter",570500,41256,3.29583686600433,NA
7593,7059,"Saint-Denis","saint denis",2024-03-01,2024,3,"2024-03","Mont-Emilius","Marzo",12,6,2,32,362,48296,59,4,3.69927766035306,890.817002098198,6.64778574079831,69.8512956382231,368,3,5,-2,12,16,-4,3,0,3,0,0,-3,365,182,365,2,0,0,NA,NA,NA,NA,NA,NA,NA,NA,NA,NA,NA,NA,NA,NA,NA,NA,NA,NA,NA,NA,NA,NA,NA,NA,NA,NA,NA,NA,NA,NA,NA,"Spring",-470255,43576,1.94591014905531,10.7851247259104
7594,7059,"Saint-Denis","saint denis",2024-04-01,2024,4,"2024-04","Mont-Emilius","Aprile",22,7,2,32,362,40160,59,4,1.03542130374851,886.275973961102,10.5597762310777,56.3941864615263,368,3,5,-2,12,16,-4,3,0,3,0,0,-3,365,182,365,2,0,0,NA,NA,NA,NA,NA,NA,NA,NA,NA,NA,NA,NA,NA,NA,NA,NA,NA,NA,NA,NA,NA,NA,NA,NA,NA,NA,NA,NA,NA,NA,NA,"Spring",48296,39909,2.07944154167984,10.600651654454
7595,7059,"Saint-Denis","saint denis",2024-05-01,2024,5,"2024-05","Mont-Emilius","Maggio",89,52,2,32,362,42083,59,4,3.48338476275899,891.46382427261,13.1860631272477,70.7673997765781,368,3,5,-2,12,16,-4,3,0,3,0,0,-3,365,182,365,2,0,0,NA,NA,NA,NA,NA,NA,NA,NA,NA,NA,NA,NA,NA,NA,NA,NA,NA,NA,NA,NA,NA,NA,NA,NA,NA,NA,NA,NA,NA,NA,NA,"Spring",40160,37409,3.97029191355212,10.6474228999282
7596,7059,"Saint-Denis","saint denis",2024-06-01,2024,6,"2024-06","Mont-Emilius","Giugno",107,31,2,32,362,38076,59,4,1.55323437195137,872.568730626322,17.4113498460262,61.6584580793849,368,3,5,-2,12,16,-4,3,0,3,0,0,-3,365,182,365,2,0,0,NA,NA,NA,NA,NA,NA,NA,NA,NA,NA,NA,NA,NA,NA,NA,NA,NA,NA,NA,NA,NA,NA,NA,NA,NA,NA,NA,NA,NA,NA,NA,"Summer",42083,36042,3.46573590279973,10.5473657042893
7597,7059,"Saint-Denis","saint denis",2024-07-01,2024,7,"2024-07","Mont-Emilius","Luglio",411,147,2,32,362,42841,59,4,0.590042766467603,873.970104166536,22.1123088647873,55.5219391251212,368,3,5,-2,12,16,-4,3,0,3,0,0,-3,365,182,365,2,0,0,NA,NA,NA,NA,NA,NA,NA,NA,NA,NA,NA,NA,NA,NA,NA,NA,NA,NA,NA,NA,NA,NA,NA,NA,NA,NA,NA,NA,NA,NA,NA,"Summer",38076,39710,4.99721227376411,10.6652742088128
7598,7059,"Saint-Denis","saint denis",2024-08-01,2024,8,"2024-08","Mont-Emilius","Agosto",452,134,2,32,362,47251,59,4,0.47433218549853,882.640156613661,24.5208664358095,57.644929950259,368,3,5,-2,12,16,-4,3,0,3,0,0,-3,365,182,365,2,0,0,NA,NA,NA,NA,NA,NA,NA,NA,NA,NA,NA,NA,NA,NA,NA,NA,NA,NA,NA,NA,NA,NA,NA,NA,NA,NA,NA,NA,NA,NA,NA,"Summer",42841,42758,4.90527477843843,10.7632502600684
7599,7059,"Saint-Denis","saint denis",2024-09-01,2024,9,"2024-09","Mont-Emilius","Settembre",103,34,2,32,362,39613,59,4,1.47102898675613,893.301219684735,14.474710672366,68.3858048898987,368,3,5,-2,12,16,-4,3,0,3,0,0,-3,365,182,365,2,0,0,NA,NA,NA,NA,NA,NA,NA,NA,NA,NA,NA,NA,NA,NA,NA,NA,NA,NA,NA,NA,NA,NA,NA,NA,NA,NA,NA,NA,NA,NA,NA,"Autumn",47251,35882,3.55534806148941,10.5869378701172
7600,7059,"Saint-Denis","saint denis",2024-10-01,2024,10,"2024-10","Mont-Emilius","Ottobre",13,7,2,32,362,46566,59,4,3.64961974426251,893.566464833978,11.6613999366274,85.347005788048,368,3,5,-2,12,16,-4,3,0,3,0,0,-3,365,182,365,2,0,0,NA,NA,NA,NA,NA,NA,NA,NA,NA,NA,NA,NA,NA,NA,NA,NA,NA,NA,NA,NA,NA,NA,NA,NA,NA,NA,NA,NA,NA,NA,NA,"Autumn",39613,39246,2.07944154167984,10.7486474147475
7601,7059,"Saint-Denis","saint denis",2024-11-01,2024,11,"2024-11","Mont-Emilius","Novembre",36,16,2,32,362,51825,59,4,1.12346079007637,895.902531374732,6.17523565988934,63.1226177821659,368,3,5,-2,12,16,-4,3,0,3,0,0,-3,365,182,365,2,0,0,NA,NA,NA,NA,NA,NA,NA,NA,NA,NA,NA,NA,NA,NA,NA,NA,NA,NA,NA,NA,NA,NA,NA,NA,NA,NA,NA,NA,NA,NA,NA,"Autumn",46566,42883,2.83321334405622,10.8556472328245
7602,7059,"Saint-Denis","saint denis",2024-12-01,2024,12,"2024-12","Mont-Emilius","Dicembre",138,55,2,32,362,62119,59,4,0.304649938119817,901.708278980553,3.90001629916308,49.8130552914551,368,3,5,-2,12,16,-4,3,0,3,0,0,-3,365,182,365,2,0,0,NA,NA,NA,NA,NA,NA,NA,NA,NA,NA,NA,NA,NA,NA,NA,NA,NA,NA,NA,NA,NA,NA,NA,NA,NA,NA,NA,NA,NA,NA,NA,"Winter",51825,55211,4.02535169073515,11.0368232772626
7603,7059,"Saint-Denis","saint denis",2025-01-01,2025,1,"2025-01","Mont-Emilius","Gennaio",89,36,29,138,362,62709,59,4,1.47368665491509,899.775888633775,1.73302508863212,70.766426634809,NA,NA,NA,NA,NA,NA,NA,NA,NA,NA,NA,NA,NA,NA,NA,NA,NA,NA,NA,NA,NA,NA,NA,NA,NA,NA,NA,NA,NA,NA,NA,NA,NA,NA,NA,NA,NA,NA,NA,NA,NA,NA,NA,NA,NA,NA,NA,NA,NA,NA,"Winter",62119,570500,3.61091791264422,11.0462762035371
7604,7059,"Saint-Denis","saint denis",2025-02-01,2025,2,"2025-02","Mont-Emilius","Febbraio",254,71,29,138,362,47768,59,4,0.267187613570492,902.006423489953,3.09158820014735,72.9713947632318,NA,NA,NA,NA,NA,NA,NA,NA,NA,NA,NA,NA,NA,NA,NA,NA,NA,NA,NA,NA,NA,NA,NA,NA,NA,NA,NA,NA,NA,NA,NA,NA,NA,NA,NA,NA,NA,NA,NA,NA,NA,NA,NA,NA,NA,NA,NA,NA,NA,NA,"Winter",62709,-470255,4.27666611901606,10.7741321725245
7605,7059,"Saint-Denis","saint denis",2025-03-01,2025,3,"2025-03","Mont-Emilius","Marzo",90,35,28,122,362,44462,59,4,1.48103994764488,896.482055879449,7.05165233519382,62.9131138152123,NA,NA,NA,NA,NA,NA,NA,NA,NA,NA,NA,NA,NA,NA,NA,NA,NA,NA,NA,NA,NA,NA,NA,NA,NA,NA,NA,NA,NA,NA,NA,NA,NA,NA,NA,NA,NA,NA,NA,NA,NA,NA,NA,NA,NA,NA,NA,NA,NA,NA,"Spring",47768,48296,3.58351893845611,10.702412661625
7606,7059,"Saint-Denis","saint denis",2025-04-01,2025,4,"2025-04","Mont-Emilius","Aprile",76,24,28,122,362,38938,59,4,4.01363069898431,891.601185143287,11.4185375172372,59.4673811277792,NA,NA,NA,NA,NA,NA,NA,NA,NA,NA,NA,NA,NA,NA,NA,NA,NA,NA,NA,NA,NA,NA,NA,NA,NA,NA,NA,NA,NA,NA,NA,NA,NA,NA,NA,NA,NA,NA,NA,NA,NA,NA,NA,NA,NA,NA,NA,NA,NA,NA,"Spring",44462,40160,3.2188758248682,10.5697515980623
7607,7059,"Saint-Denis","saint denis",2025-05-01,2025,5,"2025-05","Mont-Emilius","Maggio",18,8,28,122,362,38685,59,4,1.37300992659308,892.235452711529,14.8602130446929,63.9767267465547,NA,NA,NA,NA,NA,NA,NA,NA,NA,NA,NA,NA,NA,NA,NA,NA,NA,NA,NA,NA,NA,NA,NA,NA,NA,NA,NA,NA,NA,NA,NA,NA,NA,NA,NA,NA,NA,NA,NA,NA,NA,NA,NA,NA,NA,NA,NA,NA,NA,NA,"Spring",38938,42083,2.19722457733622,10.563233056462
7608,7059,"Saint-Denis","saint denis",2025-06-01,2025,6,"2025-06","Mont-Emilius","Giugno",59,36,28,122,362,34596,59,4,0.770307435691108,876.222261913567,22.3387140942691,63.5545276603474,NA,NA,NA,NA,NA,NA,NA,NA,NA,NA,NA,NA,NA,NA,NA,NA,NA,NA,NA,NA,NA,NA,NA,NA,NA,NA,NA,NA,NA,NA,NA,NA,NA,NA,NA,NA,NA,NA,NA,NA,NA,NA,NA,NA,NA,NA,NA,NA,NA,NA,"Summer",38685,38076,3.61091791264422,10.4515222520844
7609,7059,"Saint-Denis","saint denis",2025-07-01,2025,7,"2025-07","Mont-Emilius","Luglio",366,101,28,127,362,38945,59,4,0.612380529381126,890.282959868334,21.0751626888388,51.5908838529817,NA,NA,NA,NA,NA,NA,NA,NA,NA,NA,NA,NA,NA,NA,NA,NA,NA,NA,NA,NA,NA,NA,NA,NA,NA,NA,NA,NA,NA,NA,NA,NA,NA,NA,NA,NA,NA,NA,NA,NA,NA,NA,NA,NA,NA,NA,NA,NA,NA,NA,"Summer",34596,42841,4.62497281328427,10.5699313502615
7610,7059,"Saint-Denis","saint denis",2025-08-01,2025,8,"2025-08","Mont-Emilius","Agosto",484,83,28,127,362,42393,59,4,2.21820953071082,895.964483018682,21.3038019482732,55.2196609983355,NA,NA,NA,NA,NA,NA,NA,NA,NA,NA,NA,NA,NA,NA,NA,NA,NA,NA,NA,NA,NA,NA,NA,NA,NA,NA,NA,NA,NA,NA,NA,NA,NA,NA,NA,NA,NA,NA,NA,NA,NA,NA,NA,NA,NA,NA,NA,NA,NA,NA,"Summer",38945,47251,4.43081679884331,10.6547621217727
7611,7059,"Saint-Denis","saint denis",2025-09-01,2025,9,"2025-09","Mont-Emilius","Settembre",68,7,28,127,362,19103,59,4,1.11249732965084,897.496784372164,14.5485918659135,71.398427483515,NA,NA,NA,NA,NA,NA,NA,NA,NA,NA,NA,NA,NA,NA,NA,NA,NA,NA,NA,NA,NA,NA,NA,NA,NA,NA,NA,NA,NA,NA,NA,NA,NA,NA,NA,NA,NA,NA,NA,NA,NA,NA,NA,NA,NA,NA,NA,NA,NA,NA,"Autumn",42393,39613,2.07944154167984,9.85765301619233
8644,7068,"Valgrisenche","valgrisenche",2015-01-01,2015,1,"2015-01","Grand-Paradis","Gennaio",677,213,15,701,198,127154,NA,NA,NA,NA,NA,NA,NA,NA,NA,NA,NA,NA,NA,NA,NA,NA,NA,NA,NA,NA,NA,NA,NA,NA,NA,"Nord-ovest",2,"Valle d'Aosta/Vallée d'Aoste","Valle d'Aosta/Vallée d'Aoste",0,25.78125,NA,40,NA,NA,NA,NA,NA,NA,NA,64.321608040201,9.04522613065327,NA,1507.53768844221,376.884422110553,NA,NA,17387.5625,28.5714285714286,NA,390.70351758794,0.425747458552829,NA,NA,NA,25.78125,"Winter",106507,157486,5.36597601502185,11.7531620937106
8645,7068,"Valgrisenche","valgrisenche",2015-02-01,2015,2,"2015-02","Grand-Paradis","Febbraio",514,196,15,701,198,103846,NA,NA,NA,NA,NA,NA,NA,NA,NA,NA,NA,NA,NA,NA,NA,NA,NA,NA,NA,NA,NA,NA,NA,NA,NA,"Nord-ovest",2,"Valle d'Aosta/Vallée d'Aoste","Valle d'Aosta/Vallée d'Aoste",0,25.78125,NA,40,NA,NA,NA,NA,NA,NA,NA,64.321608040201,9.04522613065327,NA,1507.53768844221,376.884422110553,NA,NA,17387.5625,28.5714285714286,NA,390.70351758794,0.425747458552829,NA,NA,NA,25.78125,"Winter",127154,389967,5.28320372873799,11.550673941068
8646,7068,"Valgrisenche","valgrisenche",2015-03-01,2015,3,"2015-03","Grand-Paradis","Marzo",510,248,15,701,198,96161,NA,NA,NA,NA,NA,NA,NA,NA,NA,NA,NA,NA,NA,NA,NA,NA,NA,NA,NA,NA,NA,NA,NA,NA,NA,"Nord-ovest",2,"Valle d'Aosta/Vallée d'Aoste","Valle d'Aosta/Vallée d'Aoste",0,25.78125,NA,40,NA,NA,NA,NA,NA,NA,NA,64.321608040201,9.04522613065327,NA,1507.53768844221,376.884422110553,NA,NA,17387.5625,28.5714285714286,NA,390.70351758794,0.425747458552829,NA,NA,NA,25.78125,"Spring",103846,687283,5.51745289646471,11.4737895482216
8647,7068,"Valgrisenche","valgrisenche",2015-04-01,2015,4,"2015-04","Grand-Paradis","Aprile",261,202,15,701,198,71008,NA,NA,NA,NA,NA,NA,NA,NA,NA,NA,NA,NA,NA,NA,NA,NA,NA,NA,NA,NA,NA,NA,NA,NA,NA,"Nord-ovest",2,"Valle d'Aosta/Vallée d'Aoste","Valle d'Aosta/Vallée d'Aoste",0,25.78125,NA,40,NA,NA,NA,NA,NA,NA,NA,64.321608040201,9.04522613065327,NA,1507.53768844221,376.884422110553,NA,NA,17387.5625,28.5714285714286,NA,390.70351758794,0.425747458552829,NA,NA,NA,25.78125,"Spring",96161,593325,5.31320597904179,11.1705619085534
8648,7068,"Valgrisenche","valgrisenche",2015-05-01,2015,5,"2015-05","Grand-Paradis","Maggio",20,16,15,701,198,60548,NA,NA,NA,NA,NA,NA,NA,NA,NA,NA,NA,NA,NA,NA,NA,NA,NA,NA,NA,NA,NA,NA,NA,NA,NA,"Nord-ovest",2,"Valle d'Aosta/Vallée d'Aoste","Valle d'Aosta/Vallée d'Aoste",0,25.78125,NA,40,NA,NA,NA,NA,NA,NA,NA,64.321608040201,9.04522613065327,NA,1507.53768844221,376.884422110553,NA,NA,17387.5625,28.5714285714286,NA,390.70351758794,0.425747458552829,NA,NA,NA,25.78125,"Spring",71008,444065,2.83321334405622,11.0112082335682
8649,7068,"Valgrisenche","valgrisenche",2015-06-01,2015,6,"2015-06","Grand-Paradis","Giugno",1488,617,15,701,198,49808,NA,NA,NA,NA,NA,NA,NA,NA,NA,NA,NA,NA,NA,NA,NA,NA,NA,NA,NA,NA,NA,NA,NA,NA,NA,"Nord-ovest",2,"Valle d'Aosta/Vallée d'Aoste","Valle d'Aosta/Vallée d'Aoste",0,25.78125,NA,40,NA,NA,NA,NA,NA,NA,NA,64.321608040201,9.04522613065327,NA,1507.53768844221,376.884422110553,NA,NA,17387.5625,28.5714285714286,NA,390.70351758794,0.425747458552829,NA,NA,NA,25.78125,"Summer",60548,428408,6.42648845745769,10.8159509695759
8650,7068,"Valgrisenche","valgrisenche",2015-07-01,2015,7,"2015-07","Grand-Paradis","Luglio",10900,2954,15,701,198,53454,NA,NA,NA,NA,NA,NA,NA,NA,NA,NA,NA,NA,NA,NA,NA,NA,NA,NA,NA,NA,NA,NA,NA,NA,NA,"Nord-ovest",2,"Valle d'Aosta/Vallée d'Aoste","Valle d'Aosta/Vallée d'Aoste",0,25.78125,NA,40,NA,NA,NA,NA,NA,NA,NA,64.321608040201,9.04522613065327,NA,1507.53768844221,376.884422110553,NA,NA,17387.5625,28.5714285714286,NA,390.70351758794,0.425747458552829,NA,NA,NA,25.78125,"Summer",49808,228851,7.9912539298402,10.8865954574476
8651,7068,"Valgrisenche","valgrisenche",2015-08-01,2015,8,"2015-08","Grand-Paradis","Agosto",4679,2117,15,701,198,59186,NA,NA,NA,NA,NA,NA,NA,NA,NA,NA,NA,NA,NA,NA,NA,NA,NA,NA,NA,NA,NA,NA,NA,NA,NA,"Nord-ovest",2,"Valle d'Aosta/Vallée d'Aoste","Valle d'Aosta/Vallée d'Aoste",0,25.78125,NA,40,NA,NA,NA,NA,NA,NA,NA,64.321608040201,9.04522613065327,NA,1507.53768844221,376.884422110553,NA,NA,17387.5625,28.5714285714286,NA,390.70351758794,0.425747458552829,NA,NA,NA,25.78125,"Summer",53454,139548,7.65822752616135,10.9884572021631
8652,7068,"Valgrisenche","valgrisenche",2015-09-01,2015,9,"2015-09","Grand-Paradis","Settembre",608,323,15,701,198,55785,NA,NA,NA,NA,NA,NA,NA,NA,NA,NA,NA,NA,NA,NA,NA,NA,NA,NA,NA,NA,NA,NA,NA,NA,NA,"Nord-ovest",2,"Valle d'Aosta/Vallée d'Aoste","Valle d'Aosta/Vallée d'Aoste",0,25.78125,NA,40,NA,NA,NA,NA,NA,NA,NA,64.321608040201,9.04522613065327,NA,1507.53768844221,376.884422110553,NA,NA,17387.5625,28.5714285714286,NA,390.70351758794,0.425747458552829,NA,NA,NA,25.78125,"Autumn",59186,153276,5.78074351579233,10.9292782208324
8653,7068,"Valgrisenche","valgrisenche",2015-10-01,2015,10,"2015-10","Grand-Paradis","Ottobre",42,42,15,701,198,63015,NA,NA,NA,NA,NA,NA,NA,NA,NA,NA,NA,NA,NA,NA,NA,NA,NA,NA,NA,NA,NA,NA,NA,NA,NA,"Nord-ovest",2,"Valle d'Aosta/Vallée d'Aoste","Valle d'Aosta/Vallée d'Aoste",0,25.78125,NA,40,NA,NA,NA,NA,NA,NA,NA,64.321608040201,9.04522613065327,NA,1507.53768844221,376.884422110553,NA,NA,17387.5625,28.5714285714286,NA,390.70351758794,0.425747458552829,NA,NA,NA,25.78125,"Autumn",55785,205884,3.76120011569356,11.0511439413832
8654,7068,"Valgrisenche","valgrisenche",2015-11-01,2015,11,"2015-11","Grand-Paradis","Novembre",20,14,15,701,198,82922,NA,NA,NA,NA,NA,NA,NA,NA,NA,NA,NA,NA,NA,NA,NA,NA,NA,NA,NA,NA,NA,NA,NA,NA,NA,"Nord-ovest",2,"Valle d'Aosta/Vallée d'Aoste","Valle d'Aosta/Vallée d'Aoste",0,25.78125,NA,40,NA,NA,NA,NA,NA,NA,NA,64.321608040201,9.04522613065327,NA,1507.53768844221,376.884422110553,NA,NA,17387.5625,28.5714285714286,NA,390.70351758794,0.425747458552829,NA,NA,NA,25.78125,"Autumn",63015,249934,2.70805020110221,11.3256677453453
8655,7068,"Valgrisenche","valgrisenche",2015-12-01,2015,12,"2015-12","Grand-Paradis","Dicembre",578,317,15,701,198,99030,NA,NA,NA,NA,NA,NA,NA,NA,NA,NA,NA,NA,NA,NA,NA,NA,NA,NA,NA,NA,NA,NA,NA,NA,NA,"Nord-ovest",2,"Valle d'Aosta/Vallée d'Aoste","Valle d'Aosta/Vallée d'Aoste",0,25.78125,NA,40,NA,NA,NA,NA,NA,NA,NA,64.321608040201,9.04522613065327,NA,1507.53768844221,376.884422110553,NA,NA,17387.5625,28.5714285714286,NA,390.70351758794,0.425747458552829,NA,NA,NA,25.78125,"Winter",82922,106507,5.76205138278018,11.5031882114145
8656,7068,"Valgrisenche","valgrisenche",2016-01-01,2016,1,"2016-01","Grand-Paradis","Gennaio",825,307,15,684,196,99631,NA,NA,NA,NA,NA,NA,NA,NA,NA,NA,NA,NA,NA,NA,NA,NA,NA,NA,NA,NA,NA,NA,NA,NA,NA,"Nord-ovest",2,"Valle d'Aosta/Vallée d'Aoste","Valle d'Aosta/Vallée d'Aoste",0,21.8487394957983,NA,0,NA,NA,NA,NA,NA,NA,NA,60.4060913705584,9.13705583756345,NA,NA,NA,NA,NA,17906.4904458599,25.4777070063694,NA,193.040609137056,0.412061771381046,NA,NA,NA,21.8487394957983,"Winter",99030,127154,5.73009978297357,11.5092386771122
8657,7068,"Valgrisenche","valgrisenche",2016-02-01,2016,2,"2016-02","Grand-Paradis","Febbraio",932,482,15,684,196,86468,NA,NA,NA,NA,NA,NA,NA,NA,NA,NA,NA,NA,NA,NA,NA,NA,NA,NA,NA,NA,NA,NA,NA,NA,NA,"Nord-ovest",2,"Valle d'Aosta/Vallée d'Aoste","Valle d'Aosta/Vallée d'Aoste",0,21.8487394957983,NA,0,NA,NA,NA,NA,NA,NA,NA,60.4060913705584,9.13705583756345,NA,NA,NA,NA,NA,17906.4904458599,25.4777070063694,NA,193.040609137056,0.412061771381046,NA,NA,NA,21.8487394957983,"Winter",99631,103846,6.18001665365257,11.3675412471831
8658,7068,"Valgrisenche","valgrisenche",2016-03-01,2016,3,"2016-03","Grand-Paradis","Marzo",1143,604,15,684,196,85652,NA,NA,NA,NA,NA,NA,NA,NA,NA,NA,NA,NA,NA,NA,NA,NA,NA,NA,NA,NA,NA,NA,NA,NA,NA,"Nord-ovest",2,"Valle d'Aosta/Vallée d'Aoste","Valle d'Aosta/Vallée d'Aoste",0,21.8487394957983,NA,0,NA,NA,NA,NA,NA,NA,NA,60.4060913705584,9.13705583756345,NA,NA,NA,NA,NA,17906.4904458599,25.4777070063694,NA,193.040609137056,0.412061771381046,NA,NA,NA,21.8487394957983,"Spring",86468,96161,6.40522845803084,11.3580595294086
8659,7068,"Valgrisenche","valgrisenche",2016-04-01,2016,4,"2016-04","Grand-Paradis","Aprile",680,274,15,684,196,65005,NA,NA,NA,NA,NA,NA,NA,NA,NA,NA,NA,NA,NA,NA,NA,NA,NA,NA,NA,NA,NA,NA,NA,NA,NA,"Nord-ovest",2,"Valle d'Aosta/Vallée d'Aoste","Valle d'Aosta/Vallée d'Aoste",0,21.8487394957983,NA,0,NA,NA,NA,NA,NA,NA,NA,60.4060913705584,9.13705583756345,NA,NA,NA,NA,NA,17906.4904458599,25.4777070063694,NA,193.040609137056,0.412061771381046,NA,NA,NA,21.8487394957983,"Spring",85652,71008,5.61677109766657,11.08223485231
8660,7068,"Valgrisenche","valgrisenche",2016-05-01,2016,5,"2016-05","Grand-Paradis","Maggio",18,15,15,684,196,57439,NA,NA,NA,NA,NA,NA,NA,NA,NA,NA,NA,NA,NA,NA,NA,NA,NA,NA,NA,NA,NA,NA,NA,NA,NA,"Nord-ovest",2,"Valle d'Aosta/Vallée d'Aoste","Valle d'Aosta/Vallée d'Aoste",0,21.8487394957983,NA,0,NA,NA,NA,NA,NA,NA,NA,60.4060913705584,9.13705583756345,NA,NA,NA,NA,NA,17906.4904458599,25.4777070063694,NA,193.040609137056,0.412061771381046,NA,NA,NA,21.8487394957983,"Spring",65005,60548,2.77258872223978,10.9584962037221
8661,7068,"Valgrisenche","valgrisenche",2016-06-01,2016,6,"2016-06","Grand-Paradis","Giugno",962,443,15,684,196,51377,NA,NA,NA,NA,NA,NA,NA,NA,NA,NA,NA,NA,NA,NA,NA,NA,NA,NA,NA,NA,NA,NA,NA,NA,NA,"Nord-ovest",2,"Valle d'Aosta/Vallée d'Aoste","Valle d'Aosta/Vallée d'Aoste",0,21.8487394957983,NA,0,NA,NA,NA,NA,NA,NA,NA,60.4060913705584,9.13705583756345,NA,NA,NA,NA,NA,17906.4904458599,25.4777070063694,NA,193.040609137056,0.412061771381046,NA,NA,NA,21.8487394957983,"Summer",57439,49808,6.09582456243222,10.8469653442542
8662,7068,"Valgrisenche","valgrisenche",2016-07-01,2016,7,"2016-07","Grand-Paradis","Luglio",6699,2851,15,684,196,62616,NA,NA,NA,NA,NA,NA,NA,NA,NA,NA,NA,NA,NA,NA,NA,NA,NA,NA,NA,NA,NA,NA,NA,NA,NA,"Nord-ovest",2,"Valle d'Aosta/Vallée d'Aoste","Valle d'Aosta/Vallée d'Aoste",0,21.8487394957983,NA,0,NA,NA,NA,NA,NA,NA,NA,60.4060913705584,9.13705583756345,NA,NA,NA,NA,NA,17906.4904458599,25.4777070063694,NA,193.040609137056,0.412061771381046,NA,NA,NA,21.8487394957983,"Summer",51377,53454,7.95577578153419,11.0447920857162
8663,7068,"Valgrisenche","valgrisenche",2016-08-01,2016,8,"2016-08","Grand-Paradis","Agosto",5288,2443,15,684,196,67802,NA,NA,NA,NA,NA,NA,NA,NA,NA,NA,NA,NA,NA,NA,NA,NA,NA,NA,NA,NA,NA,NA,NA,NA,NA,"Nord-ovest",2,"Valle d'Aosta/Vallée d'Aoste","Valle d'Aosta/Vallée d'Aoste",0,21.8487394957983,NA,0,NA,NA,NA,NA,NA,NA,NA,60.4060913705584,9.13705583756345,NA,NA,NA,NA,NA,17906.4904458599,25.4777070063694,NA,193.040609137056,0.412061771381046,NA,NA,NA,21.8487394957983,"Summer",62616,59186,7.80139132029149,11.1243617207372
8664,7068,"Valgrisenche","valgrisenche",2016-09-01,2016,9,"2016-09","Grand-Paradis","Settembre",857,450,15,684,196,58952,NA,NA,NA,NA,NA,NA,NA,NA,NA,NA,NA,NA,NA,NA,NA,NA,NA,NA,NA,NA,NA,NA,NA,NA,NA,"Nord-ovest",2,"Valle d'Aosta/Vallée d'Aoste","Valle d'Aosta/Vallée d'Aoste",0,21.8487394957983,NA,0,NA,NA,NA,NA,NA,NA,NA,60.4060913705584,9.13705583756345,NA,NA,NA,NA,NA,17906.4904458599,25.4777070063694,NA,193.040609137056,0.412061771381046,NA,NA,NA,21.8487394957983,"Autumn",67802,55785,6.11146733950268,10.9844957952559
8665,7068,"Valgrisenche","valgrisenche",2016-10-01,2016,10,"2016-10","Grand-Paradis","Ottobre",105,61,15,684,196,60775,NA,NA,NA,NA,NA,NA,NA,NA,NA,NA,NA,NA,NA,NA,NA,NA,NA,NA,NA,NA,NA,NA,NA,NA,NA,"Nord-ovest",2,"Valle d'Aosta/Vallée d'Aoste","Valle d'Aosta/Vallée d'Aoste",0,21.8487394957983,NA,0,NA,NA,NA,NA,NA,NA,NA,60.4060913705584,9.13705583756345,NA,NA,NA,NA,NA,17906.4904458599,25.4777070063694,NA,193.040609137056,0.412061771381046,NA,NA,NA,21.8487394957983,"Autumn",58952,63015,4.12713438504509,11.0149502531831
8666,7068,"Valgrisenche","valgrisenche",2016-11-01,2016,11,"2016-11","Grand-Paradis","Novembre",29,17,15,684,196,72260,NA,NA,NA,NA,NA,NA,NA,NA,NA,NA,NA,NA,NA,NA,NA,NA,NA,NA,NA,NA,NA,NA,NA,NA,NA,"Nord-ovest",2,"Valle d'Aosta/Vallée d'Aoste","Valle d'Aosta/Vallée d'Aoste",0,21.8487394957983,NA,0,NA,NA,NA,NA,NA,NA,NA,60.4060913705584,9.13705583756345,NA,NA,NA,NA,NA,17906.4904458599,25.4777070063694,NA,193.040609137056,0.412061771381046,NA,NA,NA,21.8487394957983,"Autumn",60775,82922,2.89037175789616,11.1880398435209
8667,7068,"Valgrisenche","valgrisenche",2016-12-01,2016,12,"2016-12","Grand-Paradis","Dicembre",866,407,15,684,196,123327,NA,NA,NA,NA,NA,NA,NA,NA,NA,NA,NA,NA,NA,NA,NA,NA,NA,NA,NA,NA,NA,NA,NA,NA,NA,"Nord-ovest",2,"Valle d'Aosta/Vallée d'Aoste","Valle d'Aosta/Vallée d'Aoste",0,21.8487394957983,NA,0,NA,NA,NA,NA,NA,NA,NA,60.4060913705584,9.13705583756345,NA,NA,NA,NA,NA,17906.4904458599,25.4777070063694,NA,193.040609137056,0.412061771381046,NA,NA,NA,21.8487394957983,"Winter",72260,99030,6.01126717440416,11.722602751774
8668,7068,"Valgrisenche","valgrisenche",2017-01-01,2017,1,"2017-01","Grand-Paradis","Gennaio",833,367,17,693,192,123466,NA,NA,NA,NA,NA,NA,NA,NA,NA,NA,NA,NA,NA,NA,NA,NA,NA,NA,NA,NA,NA,NA,NA,NA,NA,"Nord-ovest",2,"Valle d'Aosta/Vallée d'Aoste","Valle d'Aosta/Vallée d'Aoste",0,18.5840707964602,NA,28.5714285714286,NA,NA,NA,NA,NA,NA,NA,57.948717948718,7.69230769230769,NA,1025.64102564103,543.589743589744,NA,NA,17877.7820512821,26.1146496815287,NA,437.876923076923,0.412120229490256,NA,NA,NA,18.5840707964602,"Winter",123327,99631,5.90808293816893,11.7237291928664
8669,7068,"Valgrisenche","valgrisenche",2017-02-01,2017,2,"2017-02","Grand-Paradis","Febbraio",945,453,17,693,192,115205,NA,NA,NA,NA,NA,NA,NA,NA,NA,NA,NA,NA,NA,NA,NA,NA,NA,NA,NA,NA,NA,NA,NA,NA,NA,"Nord-ovest",2,"Valle d'Aosta/Vallée d'Aoste","Valle d'Aosta/Vallée d'Aoste",0,18.5840707964602,NA,28.5714285714286,NA,NA,NA,NA,NA,NA,NA,57.948717948718,7.69230769230769,NA,1025.64102564103,543.589743589744,NA,NA,17877.7820512821,26.1146496815287,NA,437.876923076923,0.412120229490256,NA,NA,NA,18.5840707964602,"Winter",123466,86468,6.11809719804135,11.654477109221
8670,7068,"Valgrisenche","valgrisenche",2017-03-01,2017,3,"2017-03","Grand-Paradis","Marzo",904,330,17,693,192,113911,NA,NA,NA,NA,NA,NA,NA,NA,NA,NA,NA,NA,NA,NA,NA,NA,NA,NA,NA,NA,NA,NA,NA,NA,NA,"Nord-ovest",2,"Valle d'Aosta/Vallée d'Aoste","Valle d'Aosta/Vallée d'Aoste",0,18.5840707964602,NA,28.5714285714286,NA,NA,NA,NA,NA,NA,NA,57.948717948718,7.69230769230769,NA,1025.64102564103,543.589743589744,NA,NA,17877.7820512821,26.1146496815287,NA,437.876923076923,0.412120229490256,NA,NA,NA,18.5840707964602,"Spring",115205,85652,5.80211837537706,11.6431814994608
8671,7068,"Valgrisenche","valgrisenche",2017-04-01,2017,4,"2017-04","Grand-Paradis","Aprile",915,678,17,693,192,87650,NA,NA,NA,NA,NA,NA,NA,NA,NA,NA,NA,NA,NA,NA,NA,NA,NA,NA,NA,NA,NA,NA,NA,NA,NA,"Nord-ovest",2,"Valle d'Aosta/Vallée d'Aoste","Valle d'Aosta/Vallée d'Aoste",0,18.5840707964602,NA,28.5714285714286,NA,NA,NA,NA,NA,NA,NA,57.948717948718,7.69230769230769,NA,1025.64102564103,543.589743589744,NA,NA,17877.7820512821,26.1146496815287,NA,437.876923076923,0.412120229490256,NA,NA,NA,18.5840707964602,"Spring",113911,65005,6.5206211275587,11.3811182992974
8672,7068,"Valgrisenche","valgrisenche",2017-05-01,2017,5,"2017-05","Grand-Paradis","Maggio",152,117,17,693,192,77059,NA,NA,NA,NA,NA,NA,NA,NA,NA,NA,NA,NA,NA,NA,NA,NA,NA,NA,NA,NA,NA,NA,NA,NA,NA,"Nord-ovest",2,"Valle d'Aosta/Vallée d'Aoste","Valle d'Aosta/Vallée d'Aoste",0,18.5840707964602,NA,28.5714285714286,NA,NA,NA,NA,NA,NA,NA,57.948717948718,7.69230769230769,NA,1025.64102564103,543.589743589744,NA,NA,17877.7820512821,26.1146496815287,NA,437.876923076923,0.412120229490256,NA,NA,NA,18.5840707964602,"Spring",87650,57439,4.77068462446567,11.2523396181801
8673,7068,"Valgrisenche","valgrisenche",2017-06-01,2017,6,"2017-06","Grand-Paradis","Giugno",1496,686,17,693,192,75110,NA,NA,NA,NA,NA,NA,NA,NA,NA,NA,NA,NA,NA,NA,NA,NA,NA,NA,NA,NA,NA,NA,NA,NA,NA,"Nord-ovest",2,"Valle d'Aosta/Vallée d'Aoste","Valle d'Aosta/Vallée d'Aoste",0,18.5840707964602,NA,28.5714285714286,NA,NA,NA,NA,NA,NA,NA,57.948717948718,7.69230769230769,NA,1025.64102564103,543.589743589744,NA,NA,17877.7820512821,26.1146496815287,NA,437.876923076923,0.412120229490256,NA,NA,NA,18.5840707964602,"Summer",77059,51377,6.53233429222235,11.2267222983978
8674,7068,"Valgrisenche","valgrisenche",2017-07-01,2017,7,"2017-07","Grand-Paradis","Luglio",10986,3598,17,693,192,89979,NA,NA,NA,NA,NA,NA,NA,NA,NA,NA,NA,NA,NA,NA,NA,NA,NA,NA,NA,NA,NA,NA,NA,NA,NA,"Nord-ovest",2,"Valle d'Aosta/Vallée d'Aoste","Valle d'Aosta/Vallée d'Aoste",0,18.5840707964602,NA,28.5714285714286,NA,NA,NA,NA,NA,NA,NA,57.948717948718,7.69230769230769,NA,1025.64102564103,543.589743589744,NA,NA,17877.7820512821,26.1146496815287,NA,437.876923076923,0.412120229490256,NA,NA,NA,18.5840707964602,"Summer",75110,62616,8.18841130807903,11.4073427023952
8675,7068,"Valgrisenche","valgrisenche",2017-08-01,2017,8,"2017-08","Grand-Paradis","Agosto",6217,2569,17,693,192,98498,NA,NA,NA,NA,NA,NA,NA,NA,NA,NA,NA,NA,NA,NA,NA,NA,NA,NA,NA,NA,NA,NA,NA,NA,NA,"Nord-ovest",2,"Valle d'Aosta/Vallée d'Aoste","Valle d'Aosta/Vallée d'Aoste",0,18.5840707964602,NA,28.5714285714286,NA,NA,NA,NA,NA,NA,NA,57.948717948718,7.69230769230769,NA,1025.64102564103,543.589743589744,NA,NA,17877.7820512821,26.1146496815287,NA,437.876923076923,0.412120229490256,NA,NA,NA,18.5840707964602,"Summer",89979,67802,7.85166117788927,11.4978016748244
8676,7068,"Valgrisenche","valgrisenche",2017-09-01,2017,9,"2017-09","Grand-Paradis","Settembre",1245,720,17,693,192,78690,NA,NA,NA,NA,NA,NA,NA,NA,NA,NA,NA,NA,NA,NA,NA,NA,NA,NA,NA,NA,NA,NA,NA,NA,NA,"Nord-ovest",2,"Valle d'Aosta/Vallée d'Aoste","Valle d'Aosta/Vallée d'Aoste",0,18.5840707964602,NA,28.5714285714286,NA,NA,NA,NA,NA,NA,NA,57.948717948718,7.69230769230769,NA,1025.64102564103,543.589743589744,NA,NA,17877.7820512821,26.1146496815287,NA,437.876923076923,0.412120229490256,NA,NA,NA,18.5840707964602,"Autumn",98498,58952,6.58063913728495,11.2732840695433
8677,7068,"Valgrisenche","valgrisenche",2017-10-01,2017,10,"2017-10","Grand-Paradis","Ottobre",193,95,17,693,192,74476,NA,NA,NA,NA,NA,NA,NA,NA,NA,NA,NA,NA,NA,NA,NA,NA,NA,NA,NA,NA,NA,NA,NA,NA,NA,"Nord-ovest",2,"Valle d'Aosta/Vallée d'Aoste","Valle d'Aosta/Vallée d'Aoste",0,18.5840707964602,NA,28.5714285714286,NA,NA,NA,NA,NA,NA,NA,57.948717948718,7.69230769230769,NA,1025.64102564103,543.589743589744,NA,NA,17877.7820512821,26.1146496815287,NA,437.876923076923,0.412120229490256,NA,NA,NA,18.5840707964602,"Autumn",78690,60775,4.56434819146784,11.2182456318701
8678,7068,"Valgrisenche","valgrisenche",2017-11-01,2017,11,"2017-11","Grand-Paradis","Novembre",104,63,17,693,192,90175,NA,NA,NA,NA,NA,NA,NA,NA,NA,NA,NA,NA,NA,NA,NA,NA,NA,NA,NA,NA,NA,NA,NA,NA,NA,"Nord-ovest",2,"Valle d'Aosta/Vallée d'Aoste","Valle d'Aosta/Vallée d'Aoste",0,18.5840707964602,NA,28.5714285714286,NA,NA,NA,NA,NA,NA,NA,57.948717948718,7.69230769230769,NA,1025.64102564103,543.589743589744,NA,NA,17877.7820512821,26.1146496815287,NA,437.876923076923,0.412120229490256,NA,NA,NA,18.5840707964602,"Autumn",74476,72260,4.15888308335967,11.4095185952584
8679,7068,"Valgrisenche","valgrisenche",2017-12-01,2017,12,"2017-12","Grand-Paradis","Dicembre",1020,430,17,693,192,138749,NA,NA,NA,NA,NA,NA,NA,NA,NA,NA,NA,NA,NA,NA,NA,NA,NA,NA,NA,NA,NA,NA,NA,NA,NA,"Nord-ovest",2,"Valle d'Aosta/Vallée d'Aoste","Valle d'Aosta/Vallée d'Aoste",0,18.5840707964602,NA,28.5714285714286,NA,NA,NA,NA,NA,NA,NA,57.948717948718,7.69230769230769,NA,1025.64102564103,543.589743589744,NA,NA,17877.7820512821,26.1146496815287,NA,437.876923076923,0.412120229490256,NA,NA,NA,18.5840707964602,"Winter",90175,123327,6.06610809010375,11.8404290316087
8680,7068,"Valgrisenche","valgrisenche",2018-01-01,2018,1,"2018-01","Grand-Paradis","Gennaio",855,297,17,726,192,117199,NA,NA,NA,NA,NA,NA,NA,NA,NA,NA,NA,NA,NA,NA,NA,NA,NA,NA,NA,NA,NA,NA,NA,NA,NA,"Nord-ovest",2,"Valle d'Aosta/Vallée d'Aoste","Valle d'Aosta/Vallée d'Aoste",0,18.3333333333333,NA,25,58.8235294117647,25.4901960784314,NA,NA,NA,NA,NA,61.8556701030928,7.7319587628866,NA,515.463917525773,25.7731958762887,NA,NA,16627.987804878,29.8780487804878,NA,317.958762886598,0.426241611506938,NA,NA,NA,18.3333333333333,"Winter",138749,123466,5.6970934865054,11.671637156125
8681,7068,"Valgrisenche","valgrisenche",2018-02-01,2018,2,"2018-02","Grand-Paradis","Febbraio",1093,356,17,726,192,113873,NA,NA,NA,NA,NA,NA,NA,NA,NA,NA,NA,NA,NA,NA,NA,NA,NA,NA,NA,NA,NA,NA,NA,NA,NA,"Nord-ovest",2,"Valle d'Aosta/Vallée d'Aoste","Valle d'Aosta/Vallée d'Aoste",0,18.3333333333333,NA,25,58.8235294117647,25.4901960784314,NA,NA,NA,NA,NA,61.8556701030928,7.7319587628866,NA,515.463917525773,25.7731958762887,NA,NA,16627.987804878,29.8780487804878,NA,317.958762886598,0.426241611506938,NA,NA,NA,18.3333333333333,"Winter",117199,115205,5.87773578177964,11.642847852965
8682,7068,"Valgrisenche","valgrisenche",2018-03-01,2018,3,"2018-03","Grand-Paradis","Marzo",1126,442,17,726,192,121396,NA,NA,NA,NA,NA,NA,NA,NA,NA,NA,NA,NA,NA,NA,NA,NA,NA,NA,NA,NA,NA,NA,NA,NA,NA,"Nord-ovest",2,"Valle d'Aosta/Vallée d'Aoste","Valle d'Aosta/Vallée d'Aoste",0,18.3333333333333,NA,25,58.8235294117647,25.4901960784314,NA,NA,NA,NA,NA,61.8556701030928,7.7319587628866,NA,515.463917525773,25.7731958762887,NA,NA,16627.987804878,29.8780487804878,NA,317.958762886598,0.426241611506938,NA,NA,NA,18.3333333333333,"Spring",113873,113911,6.09356977004514,11.7068214456053
8683,7068,"Valgrisenche","valgrisenche",2018-04-01,2018,4,"2018-04","Grand-Paradis","Aprile",423,267,17,726,192,90666,NA,NA,NA,NA,NA,NA,NA,NA,NA,NA,NA,NA,NA,NA,NA,NA,NA,NA,NA,NA,NA,NA,NA,NA,NA,"Nord-ovest",2,"Valle d'Aosta/Vallée d'Aoste","Valle d'Aosta/Vallée d'Aoste",0,18.3333333333333,NA,25,58.8235294117647,25.4901960784314,NA,NA,NA,NA,NA,61.8556701030928,7.7319587628866,NA,515.463917525773,25.7731958762887,NA,NA,16627.987804878,29.8780487804878,NA,317.958762886598,0.426241611506938,NA,NA,NA,18.3333333333333,"Spring",121396,87650,5.59098698051086,11.4149487330739
8684,7068,"Valgrisenche","valgrisenche",2018-05-01,2018,5,"2018-05","Grand-Paradis","Maggio",75,44,17,726,192,82618,NA,NA,NA,NA,NA,NA,NA,NA,NA,NA,NA,NA,NA,NA,NA,NA,NA,NA,NA,NA,NA,NA,NA,NA,NA,"Nord-ovest",2,"Valle d'Aosta/Vallée d'Aoste","Valle d'Aosta/Vallée d'Aoste",0,18.3333333333333,NA,25,58.8235294117647,25.4901960784314,NA,NA,NA,NA,NA,61.8556701030928,7.7319587628866,NA,515.463917525773,25.7731958762887,NA,NA,16627.987804878,29.8780487804878,NA,317.958762886598,0.426241611506938,NA,NA,NA,18.3333333333333,"Spring",90666,77059,3.80666248977032,11.3219949572706
8685,7068,"Valgrisenche","valgrisenche",2018-06-01,2018,6,"2018-06","Grand-Paradis","Giugno",650,274,17,726,192,84343,NA,NA,NA,NA,NA,NA,NA,NA,NA,NA,NA,NA,NA,NA,NA,NA,NA,NA,NA,NA,NA,NA,NA,NA,NA,"Nord-ovest",2,"Valle d'Aosta/Vallée d'Aoste","Valle d'Aosta/Vallée d'Aoste",0,18.3333333333333,NA,25,58.8235294117647,25.4901960784314,NA,NA,NA,NA,NA,61.8556701030928,7.7319587628866,NA,515.463917525773,25.7731958762887,NA,NA,16627.987804878,29.8780487804878,NA,317.958762886598,0.426241611506938,NA,NA,NA,18.3333333333333,"Summer",82618,75110,5.61677109766657,11.3426589532568
8686,7068,"Valgrisenche","valgrisenche",2018-07-01,2018,7,"2018-07","Grand-Paradis","Luglio",5250,2890,17,726,192,96573,NA,NA,NA,NA,NA,NA,NA,NA,NA,NA,NA,NA,NA,NA,NA,NA,NA,NA,NA,NA,NA,NA,NA,NA,NA,"Nord-ovest",2,"Valle d'Aosta/Vallée d'Aoste","Valle d'Aosta/Vallée d'Aoste",0,18.3333333333333,NA,25,58.8235294117647,25.4901960784314,NA,NA,NA,NA,NA,61.8556701030928,7.7319587628866,NA,515.463917525773,25.7731958762887,NA,NA,16627.987804878,29.8780487804878,NA,317.958762886598,0.426241611506938,NA,NA,NA,18.3333333333333,"Summer",84343,89979,7.96935774201635,11.4780648328342
8687,7068,"Valgrisenche","valgrisenche",2018-08-01,2018,8,"2018-08","Grand-Paradis","Agosto",5281,2660,17,726,192,102624,NA,NA,NA,NA,NA,NA,NA,NA,NA,NA,NA,NA,NA,NA,NA,NA,NA,NA,NA,NA,NA,NA,NA,NA,NA,"Nord-ovest",2,"Valle d'Aosta/Vallée d'Aoste","Valle d'Aosta/Vallée d'Aoste",0,18.3333333333333,NA,25,58.8235294117647,25.4901960784314,NA,NA,NA,NA,NA,61.8556701030928,7.7319587628866,NA,515.463917525773,25.7731958762887,NA,NA,16627.987804878,29.8780487804878,NA,317.958762886598,0.426241611506938,NA,NA,NA,18.3333333333333,"Summer",96573,98498,7.88645727097769,11.5388368467547
8688,7068,"Valgrisenche","valgrisenche",2018-09-01,2018,9,"2018-09","Grand-Paradis","Settembre",913,648,17,726,192,78977,NA,NA,NA,NA,NA,NA,NA,NA,NA,NA,NA,NA,NA,NA,NA,NA,NA,NA,NA,NA,NA,NA,NA,NA,NA,"Nord-ovest",2,"Valle d'Aosta/Vallée d'Aoste","Valle d'Aosta/Vallée d'Aoste",0,18.3333333333333,NA,25,58.8235294117647,25.4901960784314,NA,NA,NA,NA,NA,61.8556701030928,7.7319587628866,NA,515.463917525773,25.7731958762887,NA,NA,16627.987804878,29.8780487804878,NA,317.958762886598,0.426241611506938,NA,NA,NA,18.3333333333333,"Autumn",102624,78690,6.47543271670409,11.2769246116535
8689,7068,"Valgrisenche","valgrisenche",2018-10-01,2018,10,"2018-10","Grand-Paradis","Ottobre",149,82,17,726,192,76846,NA,NA,NA,NA,NA,NA,NA,NA,NA,NA,NA,NA,NA,NA,NA,NA,NA,NA,NA,NA,NA,NA,NA,NA,NA,"Nord-ovest",2,"Valle d'Aosta/Vallée d'Aoste","Valle d'Aosta/Vallée d'Aoste",0,18.3333333333333,NA,25,58.8235294117647,25.4901960784314,NA,NA,NA,NA,NA,61.8556701030928,7.7319587628866,NA,515.463917525773,25.7731958762887,NA,NA,16627.987804878,29.8780487804878,NA,317.958762886598,0.426241611506938,NA,NA,NA,18.3333333333333,"Autumn",78977,74476,4.4188406077966,11.2495717111195
8690,7068,"Valgrisenche","valgrisenche",2018-11-01,2018,11,"2018-11","Grand-Paradis","Novembre",146,60,17,726,192,88466,NA,NA,NA,NA,NA,NA,NA,NA,NA,NA,NA,NA,NA,NA,NA,NA,NA,NA,NA,NA,NA,NA,NA,NA,NA,"Nord-ovest",2,"Valle d'Aosta/Vallée d'Aoste","Valle d'Aosta/Vallée d'Aoste",0,18.3333333333333,NA,25,58.8235294117647,25.4901960784314,NA,NA,NA,NA,NA,61.8556701030928,7.7319587628866,NA,515.463917525773,25.7731958762887,NA,NA,16627.987804878,29.8780487804878,NA,317.958762886598,0.426241611506938,NA,NA,NA,18.3333333333333,"Autumn",76846,90175,4.11087386417331,11.3903848801026
8691,7068,"Valgrisenche","valgrisenche",2018-12-01,2018,12,"2018-12","Grand-Paradis","Dicembre",489,236,17,726,192,128632,NA,NA,NA,NA,NA,NA,NA,NA,NA,NA,NA,NA,NA,NA,NA,NA,NA,NA,NA,NA,NA,NA,NA,NA,NA,"Nord-ovest",2,"Valle d'Aosta/Vallée d'Aoste","Valle d'Aosta/Vallée d'Aoste",0,18.3333333333333,NA,25,58.8235294117647,25.4901960784314,NA,NA,NA,NA,NA,61.8556701030928,7.7319587628866,NA,515.463917525773,25.7731958762887,NA,NA,16627.987804878,29.8780487804878,NA,317.958762886598,0.426241611506938,NA,NA,NA,18.3333333333333,"Winter",88466,138749,5.46806014113513,11.7647186675093
8692,7068,"Valgrisenche","valgrisenche",2019-01-01,2019,1,"2019-01","Grand-Paradis","Gennaio",442,189,15,851,190,138010,68,26,0.458939591787946,815.785281930176,-4.0203652698005,46.8930154048881,193,0,1,-1,5,2,3,1,0,1,0,0,3,196,118,196,1.6,0,0,"Nord-ovest",2,"Valle d'Aosta/Vallée d'Aoste","Valle d'Aosta/Vallée d'Aoste",0,19.8347107438017,NA,40,68,24,NA,NA,NA,NA,NA,62.2107969151671,7.7120822622108,0,514.13881748072,41.1311053984576,NA,NA,17495.0256410256,28.0254777070064,NA,283.974293059126,0.425101143235738,6.31578947368421,46.927374301676,49.7206703910614,19.8347107438017,"Winter",128632,117199,5.24702407216049,11.8350886711076
8693,7068,"Valgrisenche","valgrisenche",2019-02-01,2019,2,"2019-02","Grand-Paradis","Febbraio",764,333,15,851,190,106772,68,26,0.649013749365514,816.279198732237,1.2208248752878,35.3166552314501,193,0,1,-1,5,2,3,1,0,1,0,0,3,196,118,196,1.6,0,0,"Nord-ovest",2,"Valle d'Aosta/Vallée d'Aoste","Valle d'Aosta/Vallée d'Aoste",0,19.8347107438017,NA,40,68,24,NA,NA,NA,NA,NA,62.2107969151671,7.7120822622108,0,514.13881748072,41.1311053984576,NA,NA,17495.0256410256,28.0254777070064,NA,283.974293059126,0.425101143235738,6.31578947368421,46.927374301676,49.7206703910614,19.8347107438017,"Winter",138010,113873,5.8111409929767,11.5784603645579
8694,7068,"Valgrisenche","valgrisenche",2019-03-01,2019,3,"2019-03","Grand-Paradis","Marzo",699,357,15,851,190,107158,68,26,0.35998009298388,819.242082721446,0.405463066766505,44.7297283618487,193,0,1,-1,5,2,3,1,0,1,0,0,3,196,118,196,1.6,0,0,"Nord-ovest",2,"Valle d'Aosta/Vallée d'Aoste","Valle d'Aosta/Vallée d'Aoste",0,19.8347107438017,NA,40,68,24,NA,NA,NA,NA,NA,62.2107969151671,7.7120822622108,0,514.13881748072,41.1311053984576,NA,NA,17495.0256410256,28.0254777070064,NA,283.974293059126,0.425101143235738,6.31578947368421,46.927374301676,49.7206703910614,19.8347107438017,"Spring",106772,121396,5.8805329864007,11.5820689917748
8695,7068,"Valgrisenche","valgrisenche",2019-04-01,2019,4,"2019-04","Grand-Paradis","Aprile",572,400,15,851,190,82723,68,26,1.40965852060452,845.967832081598,1.38337354708869,52.9977273947641,193,0,1,-1,5,2,3,1,0,1,0,0,3,196,118,196,1.6,0,0,"Nord-ovest",2,"Valle d'Aosta/Vallée d'Aoste","Valle d'Aosta/Vallée d'Aoste",0,19.8347107438017,NA,40,68,24,NA,NA,NA,NA,NA,62.2107969151671,7.7120822622108,0,514.13881748072,41.1311053984576,NA,NA,17495.0256410256,28.0254777070064,NA,283.974293059126,0.425101143235738,6.31578947368421,46.927374301676,49.7206703910614,19.8347107438017,"Spring",107158,90666,5.99396142730657,11.3232650444726
8696,7068,"Valgrisenche","valgrisenche",2019-05-01,2019,5,"2019-05","Grand-Paradis","Maggio",43,36,15,851,190,76744,68,26,0.810830337067464,836.945017170929,4.14458439855106,45.0910049480662,193,0,1,-1,5,2,3,1,0,1,0,0,3,196,118,196,1.6,0,0,"Nord-ovest",2,"Valle d'Aosta/Vallée d'Aoste","Valle d'Aosta/Vallée d'Aoste",0,19.8347107438017,NA,40,68,24,NA,NA,NA,NA,NA,62.2107969151671,7.7120822622108,0,514.13881748072,41.1311053984576,NA,NA,17495.0256410256,28.0254777070064,NA,283.974293059126,0.425101143235738,6.31578947368421,46.927374301676,49.7206703910614,19.8347107438017,"Spring",82723,82618,3.61091791264422,11.2482435167475
8697,7068,"Valgrisenche","valgrisenche",2019-06-01,2019,6,"2019-06","Grand-Paradis","Giugno",1473,836,15,851,190,81299,68,26,0.807674907354312,842.05643517555,12.0907113269527,50.8945453968912,193,0,1,-1,5,2,3,1,0,1,0,0,3,196,118,196,1.6,0,0,"Nord-ovest",2,"Valle d'Aosta/Vallée d'Aoste","Valle d'Aosta/Vallée d'Aoste",0,19.8347107438017,NA,40,68,24,NA,NA,NA,NA,NA,62.2107969151671,7.7120822622108,0,514.13881748072,41.1311053984576,NA,NA,17495.0256410256,28.0254777070064,NA,283.974293059126,0.425101143235738,6.31578947368421,46.927374301676,49.7206703910614,19.8347107438017,"Summer",76744,84343,6.72982407048948,11.3059012955359
8698,7068,"Valgrisenche","valgrisenche",2019-07-01,2019,7,"2019-07","Grand-Paradis","Luglio",10349,3573,15,851,190,91697,68,26,1.15696309965457,864.999723416198,14.235813628106,56.4015456263162,193,0,1,-1,5,2,3,1,0,1,0,0,3,196,118,196,1.6,0,0,"Nord-ovest",2,"Valle d'Aosta/Vallée d'Aoste","Valle d'Aosta/Vallée d'Aoste",0,19.8347107438017,NA,40,68,24,NA,NA,NA,NA,NA,62.2107969151671,7.7120822622108,0,514.13881748072,41.1311053984576,NA,NA,17495.0256410256,28.0254777070064,NA,283.974293059126,0.425101143235738,6.31578947368421,46.927374301676,49.7206703910614,19.8347107438017,"Summer",81299,96573,8.18144069571937,11.4262558477559
8699,7068,"Valgrisenche","valgrisenche",2019-08-01,2019,8,"2019-08","Grand-Paradis","Agosto",8328,3128,15,851,190,100067,68,26,0.778795571367214,850.067060086339,12.4785536754609,67.2598063772227,193,0,1,-1,5,2,3,1,0,1,0,0,3,196,118,196,1.6,0,0,"Nord-ovest",2,"Valle d'Aosta/Vallée d'Aoste","Valle d'Aosta/Vallée d'Aoste",0,19.8347107438017,NA,40,68,24,NA,NA,NA,NA,NA,62.2107969151671,7.7120822622108,0,514.13881748072,41.1311053984576,NA,NA,17495.0256410256,28.0254777070064,NA,283.974293059126,0.425101143235738,6.31578947368421,46.927374301676,49.7206703910614,19.8347107438017,"Summer",91697,102624,8.04846874366888,11.513605233875
8700,7068,"Valgrisenche","valgrisenche",2019-09-01,2019,9,"2019-09","Grand-Paradis","Settembre",742,586,15,851,190,80116,68,26,0.350857780256354,839.40120758457,10.4626980726133,65.5552375498122,193,0,1,-1,5,2,3,1,0,1,0,0,3,196,118,196,1.6,0,0,"Nord-ovest",2,"Valle d'Aosta/Vallée d'Aoste","Valle d'Aosta/Vallée d'Aoste",0,19.8347107438017,NA,40,68,24,NA,NA,NA,NA,NA,62.2107969151671,7.7120822622108,0,514.13881748072,41.1311053984576,NA,NA,17495.0256410256,28.0254777070064,NA,283.974293059126,0.425101143235738,6.31578947368421,46.927374301676,49.7206703910614,19.8347107438017,"Autumn",100067,78977,6.3750248198281,11.2912433452445
8701,7068,"Valgrisenche","valgrisenche",2019-10-01,2019,10,"2019-10","Grand-Paradis","Ottobre",242,82,15,851,190,85188,68,26,1.8106408917693,815.928503204044,6.6111693874626,69.3228177847948,193,0,1,-1,5,2,3,1,0,1,0,0,3,196,118,196,1.6,0,0,"Nord-ovest",2,"Valle d'Aosta/Vallée d'Aoste","Valle d'Aosta/Vallée d'Aoste",0,19.8347107438017,NA,40,68,24,NA,NA,NA,NA,NA,62.2107969151671,7.7120822622108,0,514.13881748072,41.1311053984576,NA,NA,17495.0256410256,28.0254777070064,NA,283.974293059126,0.425101143235738,6.31578947368421,46.927374301676,49.7206703910614,19.8347107438017,"Autumn",80116,76846,4.4188406077966,11.352627596501
8702,7068,"Valgrisenche","valgrisenche",2019-11-01,2019,11,"2019-11","Grand-Paradis","Novembre",256,85,15,851,190,103766,68,26,1.7137359286707,805.712315051262,-1.16261154367539,77.9289818129259,193,0,1,-1,5,2,3,1,0,1,0,0,3,196,118,196,1.6,0,0,"Nord-ovest",2,"Valle d'Aosta/Vallée d'Aoste","Valle d'Aosta/Vallée d'Aoste",0,19.8347107438017,NA,40,68,24,NA,NA,NA,NA,NA,62.2107969151671,7.7120822622108,0,514.13881748072,41.1311053984576,NA,NA,17495.0256410256,28.0254777070064,NA,283.974293059126,0.425101143235738,6.31578947368421,46.927374301676,49.7206703910614,19.8347107438017,"Autumn",85188,88466,4.45434729625351,11.5499032800918
8703,7068,"Valgrisenche","valgrisenche",2019-12-01,2019,12,"2019-12","Grand-Paradis","Dicembre",653,293,15,851,190,119360,68,26,1.22016899148482,808.599057672348,-1.0753090666031,61.5842406161093,193,0,1,-1,5,2,3,1,0,1,0,0,3,196,118,196,1.6,0,0,"Nord-ovest",2,"Valle d'Aosta/Vallée d'Aoste","Valle d'Aosta/Vallée d'Aoste",0,19.8347107438017,NA,40,68,24,NA,NA,NA,NA,NA,62.2107969151671,7.7120822622108,0,514.13881748072,41.1311053984576,NA,NA,17495.0256410256,28.0254777070064,NA,283.974293059126,0.425101143235738,6.31578947368421,46.927374301676,49.7206703910614,19.8347107438017,"Winter",103766,128632,5.68357976733868,11.6899077934186
8704,7068,"Valgrisenche","valgrisenche",2020-01-01,2020,1,"2020-01","Grand-Paradis","Gennaio",618,298,16,752,193,133240,68,26,0.309846393700383,819.428229138287,-2.49649302719136,53.1887651880424,196,2,5,-3,8,5,3,0,1,-1,0,-3,-4,192,114,192,1.7,0,0,"Nord-ovest",2,"Valle d'Aosta/Vallée d'Aoste","Valle d'Aosta/Vallée d'Aoste",0,16.260162601626,NA,40,73.469387755102,28.5714285714286,NA,NA,NA,NA,NA,63.4020618556701,7.7319587628866,0,515.463917525773,0,NA,NA,16000.6727272727,34.5454545454545,NA,379.365979381443,0.425101143235738,NA,NA,NA,16.260162601626,"Winter",119360,138010,5.70044357339069,11.7999147975331
8705,7068,"Valgrisenche","valgrisenche",2020-02-01,2020,2,"2020-02","Grand-Paradis","Febbraio",785,277,16,752,193,122183,68,26,0.614777871334805,816.472318111017,-1.76420398209339,48.6675799581583,196,2,5,-3,8,5,3,0,1,-1,0,-3,-4,192,114,192,1.7,0,0,"Nord-ovest",2,"Valle d'Aosta/Vallée d'Aoste","Valle d'Aosta/Vallée d'Aoste",0,16.260162601626,NA,40,73.469387755102,28.5714285714286,NA,NA,NA,NA,NA,63.4020618556701,7.7319587628866,0,515.463917525773,0,NA,NA,16000.6727272727,34.5454545454545,NA,379.365979381443,0.425101143235738,NA,NA,NA,16.260162601626,"Winter",133240,106772,5.62762111369064,11.7132833842503
8706,7068,"Valgrisenche","valgrisenche",2020-03-01,2020,3,"2020-03","Grand-Paradis","Marzo",133,48,16,752,193,104757,68,26,0.536876508283361,815.418143104686,-1.68439953244583,58.1326205868643,196,2,5,-3,8,5,3,0,1,-1,0,-3,-4,192,114,192,1.7,0,0,"Nord-ovest",2,"Valle d'Aosta/Vallée d'Aoste","Valle d'Aosta/Vallée d'Aoste",0,16.260162601626,NA,40,73.469387755102,28.5714285714286,NA,NA,NA,NA,NA,63.4020618556701,7.7319587628866,0,515.463917525773,0,NA,NA,16000.6727272727,34.5454545454545,NA,379.365979381443,0.425101143235738,NA,NA,NA,16.260162601626,"Spring",122183,107158,3.89182029811063,11.5594082071832
8707,7068,"Valgrisenche","valgrisenche",2020-04-01,2020,4,"2020-04","Grand-Paradis","Aprile",0,0,16,752,193,78561,68,26,0.459523739034002,815.1492525151,3.98512017453454,49.9701183123074,196,2,5,-3,8,5,3,0,1,-1,0,-3,-4,192,114,192,1.7,0,0,"Nord-ovest",2,"Valle d'Aosta/Vallée d'Aoste","Valle d'Aosta/Vallée d'Aoste",0,16.260162601626,NA,40,73.469387755102,28.5714285714286,NA,NA,NA,NA,NA,63.4020618556701,7.7319587628866,0,515.463917525773,0,NA,NA,16000.6727272727,34.5454545454545,NA,379.365979381443,0.425101143235738,NA,NA,NA,16.260162601626,"Spring",104757,82723,0,11.2716434009528
8708,7068,"Valgrisenche","valgrisenche",2020-05-01,2020,5,"2020-05","Grand-Paradis","Maggio",0,0,16,752,193,72169,68,26,1.36844614272661,826.592522086237,7.03987916170465,64.0768567856382,196,2,5,-3,8,5,3,0,1,-1,0,-3,-4,192,114,192,1.7,0,0,"Nord-ovest",2,"Valle d'Aosta/Vallée d'Aoste","Valle d'Aosta/Vallée d'Aoste",0,16.260162601626,NA,40,73.469387755102,28.5714285714286,NA,NA,NA,NA,NA,63.4020618556701,7.7319587628866,0,515.463917525773,0,NA,NA,16000.6727272727,34.5454545454545,NA,379.365979381443,0.425101143235738,NA,NA,NA,16.260162601626,"Spring",78561,76744,0,11.1867797260663
8709,7068,"Valgrisenche","valgrisenche",2020-06-01,2020,6,"2020-06","Grand-Paradis","Giugno",164,55,16,752,193,74999,68,26,1.3181067028433,823.616631228994,9.02856680292494,70.042753202764,196,2,5,-3,8,5,3,0,1,-1,0,-3,-4,192,114,192,1.7,0,0,"Nord-ovest",2,"Valle d'Aosta/Vallée d'Aoste","Valle d'Aosta/Vallée d'Aoste",0,16.260162601626,NA,40,73.469387755102,28.5714285714286,NA,NA,NA,NA,NA,63.4020618556701,7.7319587628866,0,515.463917525773,0,NA,NA,16000.6727272727,34.5454545454545,NA,379.365979381443,0.425101143235738,NA,NA,NA,16.260162601626,"Summer",72169,81299,4.02535169073515,11.2252433925184
8710,7068,"Valgrisenche","valgrisenche",2020-07-01,2020,7,"2020-07","Grand-Paradis","Luglio",2284,1070,16,752,193,88390,68,26,0.464695037969004,858.070794425152,14.2554801047622,56.792943675633,196,2,5,-3,8,5,3,0,1,-1,0,-3,-4,192,114,192,1.7,0,0,"Nord-ovest",2,"Valle d'Aosta/Vallée d'Aoste","Valle d'Aosta/Vallée d'Aoste",0,16.260162601626,NA,40,73.469387755102,28.5714285714286,NA,NA,NA,NA,NA,63.4020618556701,7.7319587628866,0,515.463917525773,0,NA,NA,16000.6727272727,34.5454545454545,NA,379.365979381443,0.425101143235738,NA,NA,NA,16.260162601626,"Summer",74999,91697,6.97634807044775,11.389525433488
8711,7068,"Valgrisenche","valgrisenche",2020-08-01,2020,8,"2020-08","Grand-Paradis","Agosto",3552,1479,16,752,193,99850,68,26,0.985042756490448,845.711304812777,13.9554479977757,61.3992898389587,196,2,5,-3,8,5,3,0,1,-1,0,-3,-4,192,114,192,1.7,0,0,"Nord-ovest",2,"Valle d'Aosta/Vallée d'Aoste","Valle d'Aosta/Vallée d'Aoste",0,16.260162601626,NA,40,73.469387755102,28.5714285714286,NA,NA,NA,NA,NA,63.4020618556701,7.7319587628866,0,515.463917525773,0,NA,NA,16000.6727272727,34.5454545454545,NA,379.365979381443,0.425101143235738,NA,NA,NA,16.260162601626,"Summer",88390,100067,7.29979736675816,11.5114343538163
8712,7068,"Valgrisenche","valgrisenche",2020-09-01,2020,9,"2020-09","Grand-Paradis","Settembre",849,373,16,752,193,77045,68,26,0.821676319231301,824.845569956145,10.081401335571,68.8335661868291,196,2,5,-3,8,5,3,0,1,-1,0,-3,-4,192,114,192,1.7,0,0,"Nord-ovest",2,"Valle d'Aosta/Vallée d'Aoste","Valle d'Aosta/Vallée d'Aoste",0,16.260162601626,NA,40,73.469387755102,28.5714285714286,NA,NA,NA,NA,NA,63.4020618556701,7.7319587628866,0,515.463917525773,0,NA,NA,16000.6727272727,34.5454545454545,NA,379.365979381443,0.425101143235738,NA,NA,NA,16.260162601626,"Autumn",99850,80116,5.92425579741453,11.2521579250593
8713,7068,"Valgrisenche","valgrisenche",2020-10-01,2020,10,"2020-10","Grand-Paradis","Ottobre",144,81,16,752,193,77107,68,26,1.1872091643151,822.037029016454,4.97430852718766,68.6622135820299,196,2,5,-3,8,5,3,0,1,-1,0,-3,-4,192,114,192,1.7,0,0,"Nord-ovest",2,"Valle d'Aosta/Vallée d'Aoste","Valle d'Aosta/Vallée d'Aoste",0,16.260162601626,NA,40,73.469387755102,28.5714285714286,NA,NA,NA,NA,NA,63.4020618556701,7.7319587628866,0,515.463917525773,0,NA,NA,16000.6727272727,34.5454545454545,NA,379.365979381443,0.425101143235738,NA,NA,NA,16.260162601626,"Autumn",77045,85188,4.40671924726425,11.2529623155175
8714,7068,"Valgrisenche","valgrisenche",2020-11-01,2020,11,"2020-11","Grand-Paradis","Novembre",0,0,16,752,193,81110,68,26,0.146765137236028,831.63736092667,3.19720921281564,55.8004462406218,196,2,5,-3,8,5,3,0,1,-1,0,-3,-4,192,114,192,1.7,0,0,"Nord-ovest",2,"Valle d'Aosta/Vallée d'Aoste","Valle d'Aosta/Vallée d'Aoste",0,16.260162601626,NA,40,73.469387755102,28.5714285714286,NA,NA,NA,NA,NA,63.4020618556701,7.7319587628866,0,515.463917525773,0,NA,NA,16000.6727272727,34.5454545454545,NA,379.365979381443,0.425101143235738,NA,NA,NA,16.260162601626,"Autumn",77107,103766,0,11.3035738659244
8715,7068,"Valgrisenche","valgrisenche",2020-12-01,2020,12,"2020-12","Grand-Paradis","Dicembre",0,0,16,752,193,138601,68,26,0.781515111080375,806.861161061669,-3.41410556360662,67.8920562146794,196,2,5,-3,8,5,3,0,1,-1,0,-3,-4,192,114,192,1.7,0,0,"Nord-ovest",2,"Valle d'Aosta/Vallée d'Aoste","Valle d'Aosta/Vallée d'Aoste",0,16.260162601626,NA,40,73.469387755102,28.5714285714286,NA,NA,NA,NA,NA,63.4020618556701,7.7319587628866,0,515.463917525773,0,NA,NA,16000.6727272727,34.5454545454545,NA,379.365979381443,0.425101143235738,NA,NA,NA,16.260162601626,"Winter",81110,119360,0,11.8393617956483
8716,7068,"Valgrisenche","valgrisenche",2021-01-01,2021,1,"2021-01","Grand-Paradis","Gennaio",0,0,17,944,196,124646,68,26,0.77855258862896,811.373368045555,-5.02539342335817,62.7175287614777,192,0,3,-3,6,2,4,0,0,0,0,-1,0,192,111,192,1.7,0,0,"Nord-ovest",2,"Valle d'Aosta/Vallée d'Aoste","Valle d'Aosta/Vallée d'Aoste",0,14.1732283464567,NA,40,83.3333333333333,27.0833333333333,NA,NA,NA,NA,NA,66.1458333333333,8.85416666666667,0,520.833333333333,7.8125,NA,NA,17647.3950617284,26.4150943396226,NA,451.744791666667,0.425101143235738,4.52756215419631,48.2239908216706,49.4318181818182,14.1732283464567,"Winter",138601,133240,0,11.7332410212734
8717,7068,"Valgrisenche","valgrisenche",2021-02-01,2021,2,"2021-02","Grand-Paradis","Febbraio",12,4,17,944,196,101879,68,26,0.470451918657403,755.656915454929,-1.37299480082442,59.1522396271263,192,0,3,-3,6,2,4,0,0,0,0,-1,0,192,111,192,1.7,0,0,"Nord-ovest",2,"Valle d'Aosta/Vallée d'Aoste","Valle d'Aosta/Vallée d'Aoste",0,14.1732283464567,NA,40,83.3333333333333,27.0833333333333,NA,NA,NA,NA,NA,66.1458333333333,8.85416666666667,0,520.833333333333,7.8125,NA,NA,17647.3950617284,26.4150943396226,NA,451.744791666667,0.425101143235738,4.52756215419631,48.2239908216706,49.4318181818182,14.1732283464567,"Winter",124646,122183,1.6094379124341,11.5315509290934
8718,7068,"Valgrisenche","valgrisenche",2021-03-01,2021,3,"2021-03","Grand-Paradis","Marzo",4,2,17,944,196,98054,68,26,0.257877459891894,780.380147482606,-0.120835739436254,47.2926706702125,192,0,3,-3,6,2,4,0,0,0,0,-1,0,192,111,192,1.7,0,0,"Nord-ovest",2,"Valle d'Aosta/Vallée d'Aoste","Valle d'Aosta/Vallée d'Aoste",0,14.1732283464567,NA,40,83.3333333333333,27.0833333333333,NA,NA,NA,NA,NA,66.1458333333333,8.85416666666667,0,520.833333333333,7.8125,NA,NA,17647.3950617284,26.4150943396226,NA,451.744791666667,0.425101143235738,4.52756215419631,48.2239908216706,49.4318181818182,14.1732283464567,"Spring",101879,104757,1.09861228866811,11.4932838247149
8719,7068,"Valgrisenche","valgrisenche",2021-04-01,2021,4,"2021-04","Grand-Paradis","Aprile",17,1,17,944,196,78236,68,26,0.95288741684627,824.867510547372,0.00178979311586039,55.5991882630511,192,0,3,-3,6,2,4,0,0,0,0,-1,0,192,111,192,1.7,0,0,"Nord-ovest",2,"Valle d'Aosta/Vallée d'Aoste","Valle d'Aosta/Vallée d'Aoste",0,14.1732283464567,NA,40,83.3333333333333,27.0833333333333,NA,NA,NA,NA,NA,66.1458333333333,8.85416666666667,0,520.833333333333,7.8125,NA,NA,17647.3950617284,26.4150943396226,NA,451.744791666667,0.425101143235738,4.52756215419631,48.2239908216706,49.4318181818182,14.1732283464567,"Spring",98054,78561,0.693147180559945,11.2674979604153
8720,7068,"Valgrisenche","valgrisenche",2021-05-01,2021,5,"2021-05","Grand-Paradis","Maggio",42,16,17,944,196,75098,68,26,1.68861975061035,852.270001818275,2.63872947948306,42.7522925060625,192,0,3,-3,6,2,4,0,0,0,0,-1,0,192,111,192,1.7,0,0,"Nord-ovest",2,"Valle d'Aosta/Vallée d'Aoste","Valle d'Aosta/Vallée d'Aoste",0,14.1732283464567,NA,40,83.3333333333333,27.0833333333333,NA,NA,NA,NA,NA,66.1458333333333,8.85416666666667,0,520.833333333333,7.8125,NA,NA,17647.3950617284,26.4150943396226,NA,451.744791666667,0.425101143235738,4.52756215419631,48.2239908216706,49.4318181818182,14.1732283464567,"Spring",78236,72169,2.83321334405622,11.2265625220843
8721,7068,"Valgrisenche","valgrisenche",2021-06-01,2021,6,"2021-06","Grand-Paradis","Giugno",490,189,17,944,196,73794,68,26,1.30485968471287,849.774902741772,10.150287093718,66.6346160555537,192,0,3,-3,6,2,4,0,0,0,0,-1,0,192,111,192,1.7,0,0,"Nord-ovest",2,"Valle d'Aosta/Vallée d'Aoste","Valle d'Aosta/Vallée d'Aoste",0,14.1732283464567,NA,40,83.3333333333333,27.0833333333333,NA,NA,NA,NA,NA,66.1458333333333,8.85416666666667,0,520.833333333333,7.8125,NA,NA,17647.3950617284,26.4150943396226,NA,451.744791666667,0.425101143235738,4.52756215419631,48.2239908216706,49.4318181818182,14.1732283464567,"Summer",75098,74999,5.24702407216049,11.2090462576159
8722,7068,"Valgrisenche","valgrisenche",2021-07-01,2021,7,"2021-07","Grand-Paradis","Luglio",4207,1625,17,944,196,89348,68,26,1.44665118989339,839.214554928417,11.4495357061092,64.8081842307131,192,0,3,-3,6,2,4,0,0,0,0,-1,0,192,111,192,1.7,0,0,"Nord-ovest",2,"Valle d'Aosta/Vallée d'Aoste","Valle d'Aosta/Vallée d'Aoste",0,14.1732283464567,NA,40,83.3333333333333,27.0833333333333,NA,NA,NA,NA,NA,66.1458333333333,8.85416666666667,0,520.833333333333,7.8125,NA,NA,17647.3950617284,26.4150943396226,NA,451.744791666667,0.425101143235738,4.52756215419631,48.2239908216706,49.4318181818182,14.1732283464567,"Summer",73794,88390,7.39387829010776,11.4003053285831
8723,7068,"Valgrisenche","valgrisenche",2021-08-01,2021,8,"2021-08","Grand-Paradis","Agosto",4185,1971,17,944,196,99360,68,26,0.588092922098104,847.529068765872,12.7642772112101,55.274129435768,192,0,3,-3,6,2,4,0,0,0,0,-1,0,192,111,192,1.7,0,0,"Nord-ovest",2,"Valle d'Aosta/Vallée d'Aoste","Valle d'Aosta/Vallée d'Aoste",0,14.1732283464567,NA,40,83.3333333333333,27.0833333333333,NA,NA,NA,NA,NA,66.1458333333333,8.85416666666667,0,520.833333333333,7.8125,NA,NA,17647.3950617284,26.4150943396226,NA,451.744791666667,0.425101143235738,4.52756215419631,48.2239908216706,49.4318181818182,14.1732283464567,"Summer",89348,99850,7.58680353516258,11.5065149615289
8724,7068,"Valgrisenche","valgrisenche",2021-09-01,2021,9,"2021-09","Grand-Paradis","Settembre",1029,453,17,944,196,72111,68,26,0.81668646148381,841.620029225308,10.8397704475972,71.1003738608343,192,0,3,-3,6,2,4,0,0,0,0,-1,0,192,111,192,1.7,0,0,"Nord-ovest",2,"Valle d'Aosta/Vallée d'Aoste","Valle d'Aosta/Vallée d'Aoste",0,14.1732283464567,NA,40,83.3333333333333,27.0833333333333,NA,NA,NA,NA,NA,66.1458333333333,8.85416666666667,0,520.833333333333,7.8125,NA,NA,17647.3950617284,26.4150943396226,NA,451.744791666667,0.425101143235738,4.52756215419631,48.2239908216706,49.4318181818182,14.1732283464567,"Autumn",99360,77045,6.11809719804135,11.1859757449304
8725,7068,"Valgrisenche","valgrisenche",2021-10-01,2021,10,"2021-10","Grand-Paradis","Ottobre",354,114,17,944,196,69017,68,26,0.940166099245314,829.958642969797,5.99321161215452,60.4940614970382,192,0,3,-3,6,2,4,0,0,0,0,-1,0,192,111,192,1.7,0,0,"Nord-ovest",2,"Valle d'Aosta/Vallée d'Aoste","Valle d'Aosta/Vallée d'Aoste",0,14.1732283464567,NA,40,83.3333333333333,27.0833333333333,NA,NA,NA,NA,NA,66.1458333333333,8.85416666666667,0,520.833333333333,7.8125,NA,NA,17647.3950617284,26.4150943396226,NA,451.744791666667,0.425101143235738,4.52756215419631,48.2239908216706,49.4318181818182,14.1732283464567,"Autumn",72111,77107,4.74493212836325,11.1421226191241
8726,7068,"Valgrisenche","valgrisenche",2021-11-01,2021,11,"2021-11","Grand-Paradis","Novembre",199,59,17,944,196,86225,68,26,0.516459017056825,810.920644697049,1.04895034832984,63.991679930317,192,0,3,-3,6,2,4,0,0,0,0,-1,0,192,111,192,1.7,0,0,"Nord-ovest",2,"Valle d'Aosta/Vallée d'Aoste","Valle d'Aosta/Vallée d'Aoste",0,14.1732283464567,NA,40,83.3333333333333,27.0833333333333,NA,NA,NA,NA,NA,66.1458333333333,8.85416666666667,0,520.833333333333,7.8125,NA,NA,17647.3950617284,26.4150943396226,NA,451.744791666667,0.425101143235738,4.52756215419631,48.2239908216706,49.4318181818182,14.1732283464567,"Autumn",69017,81110,4.0943445622221,11.3647270353023
8727,7068,"Valgrisenche","valgrisenche",2021-12-01,2021,12,"2021-12","Grand-Paradis","Dicembre",465,169,17,944,196,136367,68,26,0.836609997183656,810.767885583838,0.0662926400780267,54.5747635975199,192,0,3,-3,6,2,4,0,0,0,0,-1,0,192,111,192,1.7,0,0,"Nord-ovest",2,"Valle d'Aosta/Vallée d'Aoste","Valle d'Aosta/Vallée d'Aoste",0,14.1732283464567,NA,40,83.3333333333333,27.0833333333333,NA,NA,NA,NA,NA,66.1458333333333,8.85416666666667,0,520.833333333333,7.8125,NA,NA,17647.3950617284,26.4150943396226,NA,451.744791666667,0.425101143235738,4.52756215419631,48.2239908216706,49.4318181818182,14.1732283464567,"Winter",86225,138601,5.13579843705026,11.8231123927621
8728,7068,"Valgrisenche","valgrisenche",2022-01-01,2022,1,"2022-01","Grand-Paradis","Gennaio",439,181,18,988,192,134887,68,26,0.126565048491212,824.439199397731,0.106380957288168,40.3594925180853,192,1,3,-2,6,4,2,0,0,0,0,-1,-1,191,111,191,1.7,0,0,"Nord-ovest",2,"Valle d'Aosta/Vallée d'Aoste","Valle d'Aosta/Vallée d'Aoste",0,16.6666666666667,NA,40,81.6326530612245,26.530612244898,NA,NA,NA,NA,NA,68.9295039164491,9.39947780678851,0,522.193211488251,26.1096605744125,NA,NA,19467.2795031056,23.5668789808917,NA,NA,0.43,4.53912098242436,44.9288241293594,52.5714285714286,16.6666666666667,"Winter",136367,124646,5.2040066870768,11.8122000834578
8729,7068,"Valgrisenche","valgrisenche",2022-02-01,2022,2,"2022-02","Grand-Paradis","Febbraio",470,190,18,988,192,105198,68,26,0.176895465674651,842.921867035349,-1.42995795660501,46.426865062555,192,1,3,-2,6,4,2,0,0,0,0,-1,-1,191,111,191,1.7,0,0,"Nord-ovest",2,"Valle d'Aosta/Vallée d'Aoste","Valle d'Aosta/Vallée d'Aoste",0,16.6666666666667,NA,40,81.6326530612245,26.530612244898,NA,NA,NA,NA,NA,68.9295039164491,9.39947780678851,0,522.193211488251,26.1096605744125,NA,NA,19467.2795031056,23.5668789808917,NA,NA,0.43,4.53912098242436,44.9288241293594,52.5714285714286,16.6666666666667,"Winter",134887,101879,5.25227342804663,11.5636090735371
8730,7068,"Valgrisenche","valgrisenche",2022-03-01,2022,3,"2022-03","Grand-Paradis","Marzo",429,165,18,988,192,104033,68,26,0.353472444301517,829.768010368906,-1.02346114437012,51.5645256382585,192,1,3,-2,6,4,2,0,0,0,0,-1,-1,191,111,191,1.7,0,0,"Nord-ovest",2,"Valle d'Aosta/Vallée d'Aoste","Valle d'Aosta/Vallée d'Aoste",0,16.6666666666667,NA,40,81.6326530612245,26.530612244898,NA,NA,NA,NA,NA,68.9295039164491,9.39947780678851,0,522.193211488251,26.1096605744125,NA,NA,19467.2795031056,23.5668789808917,NA,NA,0.43,4.53912098242436,44.9288241293594,52.5714285714286,16.6666666666667,"Spring",105198,98054,5.11198778835654,11.5524730477727
8731,7068,"Valgrisenche","valgrisenche",2022-04-01,2022,4,"2022-04","Grand-Paradis","Aprile",569,252,18,988,192,77550,68,26,0.492300272960581,811.332639369126,2.33407208766066,47.6175435178553,192,1,3,-2,6,4,2,0,0,0,0,-1,-1,191,111,191,1.7,0,0,"Nord-ovest",2,"Valle d'Aosta/Vallée d'Aoste","Valle d'Aosta/Vallée d'Aoste",0,16.6666666666667,NA,40,81.6326530612245,26.530612244898,NA,NA,NA,NA,NA,68.9295039164491,9.39947780678851,0,522.193211488251,26.1096605744125,NA,NA,19467.2795031056,23.5668789808917,NA,NA,0.43,4.53912098242436,44.9288241293594,52.5714285714286,16.6666666666667,"Spring",104033,78236,5.53338948872752,11.2586910634281
8732,7068,"Valgrisenche","valgrisenche",2022-05-01,2022,5,"2022-05","Grand-Paradis","Maggio",84,44,18,988,192,66128,68,26,0.701701208020277,822.396165206525,8.57626407833127,63.7338589534958,192,1,3,-2,6,4,2,0,0,0,0,-1,-1,191,111,191,1.7,0,0,"Nord-ovest",2,"Valle d'Aosta/Vallée d'Aoste","Valle d'Aosta/Vallée d'Aoste",0,16.6666666666667,NA,40,81.6326530612245,26.530612244898,NA,NA,NA,NA,NA,68.9295039164491,9.39947780678851,0,522.193211488251,26.1096605744125,NA,NA,19467.2795031056,23.5668789808917,NA,NA,0.43,4.53912098242436,44.9288241293594,52.5714285714286,16.6666666666667,"Spring",77550,75098,3.80666248977032,11.0993626588244
8733,7068,"Valgrisenche","valgrisenche",2022-06-01,2022,6,"2022-06","Grand-Paradis","Giugno",747,403,18,988,192,68665,68,26,1.12255126606929,826.143674630531,12.3719919521136,62.9920470982349,192,1,3,-2,6,4,2,0,0,0,0,-1,-1,191,111,191,1.7,0,0,"Nord-ovest",2,"Valle d'Aosta/Vallée d'Aoste","Valle d'Aosta/Vallée d'Aoste",0,16.6666666666667,NA,40,81.6326530612245,26.530612244898,NA,NA,NA,NA,NA,68.9295039164491,9.39947780678851,0,522.193211488251,26.1096605744125,NA,NA,19467.2795031056,23.5668789808917,NA,NA,0.43,4.53912098242436,44.9288241293594,52.5714285714286,16.6666666666667,"Summer",66128,73794,6.00141487796115,11.1370094503186
8734,7068,"Valgrisenche","valgrisenche",2022-07-01,2022,7,"2022-07","Grand-Paradis","Luglio",3784,2046,18,988,192,80814,68,26,0.516276039196191,838.298371607332,16.2805159461813,55.9013780652621,192,1,3,-2,6,4,2,0,0,0,0,-1,-1,191,111,191,1.7,0,0,"Nord-ovest",2,"Valle d'Aosta/Vallée d'Aoste","Valle d'Aosta/Vallée d'Aoste",0,16.6666666666667,NA,40,81.6326530612245,26.530612244898,NA,NA,NA,NA,NA,68.9295039164491,9.39947780678851,0,522.193211488251,26.1096605744125,NA,NA,19467.2795031056,23.5668789808917,NA,NA,0.43,4.53912098242436,44.9288241293594,52.5714285714286,16.6666666666667,"Summer",68665,89348,7.62413058566129,11.2999178708439
8735,7068,"Valgrisenche","valgrisenche",2022-08-01,2022,8,"2022-08","Grand-Paradis","Agosto",3291,2105,18,988,192,86526,68,26,0.569892072503841,840.684034695065,14.3379338006878,62.7047225487638,192,1,3,-2,6,4,2,0,0,0,0,-1,-1,191,111,191,1.7,0,0,"Nord-ovest",2,"Valle d'Aosta/Vallée d'Aoste","Valle d'Aosta/Vallée d'Aoste",0,16.6666666666667,NA,40,81.6326530612245,26.530612244898,NA,NA,NA,NA,NA,68.9295039164491,9.39947780678851,0,522.193211488251,26.1096605744125,NA,NA,19467.2795031056,23.5668789808917,NA,NA,0.43,4.53912098242436,44.9288241293594,52.5714285714286,16.6666666666667,"Summer",80814,99360,7.65254569269392,11.3682117829431
8736,7068,"Valgrisenche","valgrisenche",2022-09-01,2022,9,"2022-09","Grand-Paradis","Settembre",597,381,18,988,192,71403,68,26,0.920473531447167,823.391633816516,8.58594254412538,64.7359239780544,192,1,3,-2,6,4,2,0,0,0,0,-1,-1,191,111,191,1.7,0,0,"Nord-ovest",2,"Valle d'Aosta/Vallée d'Aoste","Valle d'Aosta/Vallée d'Aoste",0,16.6666666666667,NA,40,81.6326530612245,26.530612244898,NA,NA,NA,NA,NA,68.9295039164491,9.39947780678851,0,522.193211488251,26.1096605744125,NA,NA,19467.2795031056,23.5668789808917,NA,NA,0.43,4.53912098242436,44.9288241293594,52.5714285714286,16.6666666666667,"Autumn",86526,72111,5.94542060860658,11.1761091691674
8737,7068,"Valgrisenche","valgrisenche",2022-10-01,2022,10,"2022-10","Grand-Paradis","Ottobre",207,84,18,988,192,68520,68,26,0.641752657004001,821.810034184212,8.40698707992873,64.7486641310802,192,1,3,-2,6,4,2,0,0,0,0,-1,-1,191,111,191,1.7,0,0,"Nord-ovest",2,"Valle d'Aosta/Vallée d'Aoste","Valle d'Aosta/Vallée d'Aoste",0,16.6666666666667,NA,40,81.6326530612245,26.530612244898,NA,NA,NA,NA,NA,68.9295039164491,9.39947780678851,0,522.193211488251,26.1096605744125,NA,NA,19467.2795031056,23.5668789808917,NA,NA,0.43,4.53912098242436,44.9288241293594,52.5714285714286,16.6666666666667,"Autumn",71403,69017,4.44265125649032,11.1348955466106
8738,7068,"Valgrisenche","valgrisenche",2022-11-01,2022,11,"2022-11","Grand-Paradis","Novembre",55,37,18,988,192,76596,68,26,1.10008689194557,812.610044522333,1.95256145255323,62.8297950447433,192,1,3,-2,6,4,2,0,0,0,0,-1,-1,191,111,191,1.7,0,0,"Nord-ovest",2,"Valle d'Aosta/Vallée d'Aoste","Valle d'Aosta/Vallée d'Aoste",0,16.6666666666667,NA,40,81.6326530612245,26.530612244898,NA,NA,NA,NA,NA,68.9295039164491,9.39947780678851,0,522.193211488251,26.1096605744125,NA,NA,19467.2795031056,23.5668789808917,NA,NA,0.43,4.53912098242436,44.9288241293594,52.5714285714286,16.6666666666667,"Autumn",68520,86225,3.63758615972639,11.2463131904709
8739,7068,"Valgrisenche","valgrisenche",2022-12-01,2022,12,"2022-12","Grand-Paradis","Dicembre",506,241,18,988,192,131047,68,26,1.0530708332337,819.350357417405,-1.52978961493349,62.7773223543389,192,1,3,-2,6,4,2,0,0,0,0,-1,-1,191,111,191,1.7,0,0,"Nord-ovest",2,"Valle d'Aosta/Vallée d'Aoste","Valle d'Aosta/Vallée d'Aoste",0,16.6666666666667,NA,40,81.6326530612245,26.530612244898,NA,NA,NA,NA,NA,68.9295039164491,9.39947780678851,0,522.193211488251,26.1096605744125,NA,NA,19467.2795031056,23.5668789808917,NA,NA,0.43,4.53912098242436,44.9288241293594,52.5714285714286,16.6666666666667,"Winter",76596,136367,5.48893772615669,11.7833189472845
8740,7068,"Valgrisenche","valgrisenche",2023-01-01,2023,1,"2023-01","Grand-Paradis","Gennaio",993,492,15,816,192,145184,68,26,0.586168369451206,816.368296281977,-3.4599373835396,56.3711564341565,191,1,3,-2,4,6,-2,1,0,1,0,-2,-5,186,111,186,1.7,0,0,NA,NA,NA,NA,NA,NA,NA,NA,NA,NA,NA,NA,NA,NA,NA,NA,NA,NA,NA,NA,NA,NA,NA,NA,NA,NA,NA,NA,NA,NA,NA,"Winter",131047,134887,6.20050917404269,11.8857640702513
8741,7068,"Valgrisenche","valgrisenche",2023-02-01,2023,2,"2023-02","Grand-Paradis","Febbraio",975,433,15,816,192,109862,68,26,0.114781562906287,822.343442065815,-0.5161883801876,48.0201065647214,191,1,3,-2,4,6,-2,1,0,1,0,-2,-5,186,111,186,1.7,0,0,NA,NA,NA,NA,NA,NA,NA,NA,NA,NA,NA,NA,NA,NA,NA,NA,NA,NA,NA,NA,NA,NA,NA,NA,NA,NA,NA,NA,NA,NA,NA,"Winter",145184,105198,6.07304453410041,11.606989414006
8742,7068,"Valgrisenche","valgrisenche",2023-03-01,2023,3,"2023-03","Grand-Paradis","Marzo",668,334,15,816,192,103770,68,26,1.32440669912013,819.93900223036,0.14251376865613,50.7361821663479,191,1,3,-2,4,6,-2,1,0,1,0,-2,-5,186,111,186,1.7,0,0,NA,NA,NA,NA,NA,NA,NA,NA,NA,NA,NA,NA,NA,NA,NA,NA,NA,NA,NA,NA,NA,NA,NA,NA,NA,NA,NA,NA,NA,NA,NA,"Spring",109862,104033,5.81413053182507,11.5499418272494
8743,7068,"Valgrisenche","valgrisenche",2023-04-01,2023,4,"2023-04","Grand-Paradis","Aprile",694,412,15,816,192,81773,68,26,1.25661347140085,821.542756618821,1.60695733507336,50.4360073454374,191,1,3,-2,4,6,-2,1,0,1,0,-2,-5,186,111,186,1.7,0,0,NA,NA,NA,NA,NA,NA,NA,NA,NA,NA,NA,NA,NA,NA,NA,NA,NA,NA,NA,NA,NA,NA,NA,NA,NA,NA,NA,NA,NA,NA,NA,"Spring",103770,77550,6.02344759296103,11.3117146236556
8744,7068,"Valgrisenche","valgrisenche",2023-05-01,2023,5,"2023-05","Grand-Paradis","Maggio",162,61,15,816,192,69419,68,26,1.89439634074086,841.008596104843,6.10317873470631,65.0740004486475,191,1,3,-2,4,6,-2,1,0,1,0,-2,-5,186,111,186,1.7,0,0,NA,NA,NA,NA,NA,NA,NA,NA,NA,NA,NA,NA,NA,NA,NA,NA,NA,NA,NA,NA,NA,NA,NA,NA,NA,NA,NA,NA,NA,NA,NA,"Spring",81773,66128,4.12713438504509,11.1479302894158
8745,7068,"Valgrisenche","valgrisenche",2023-06-01,2023,6,"2023-06","Grand-Paradis","Giugno",754,376,15,816,192,76818,68,26,1.25584379204818,846.500502357047,11.1821059457749,63.5213161657959,191,1,3,-2,4,6,-2,1,0,1,0,-2,-5,186,111,186,1.7,0,0,NA,NA,NA,NA,NA,NA,NA,NA,NA,NA,NA,NA,NA,NA,NA,NA,NA,NA,NA,NA,NA,NA,NA,NA,NA,NA,NA,NA,NA,NA,NA,"Summer",69419,68665,5.93224518744801,11.2492072843718
8746,7068,"Valgrisenche","valgrisenche",2023-07-01,2023,7,"2023-07","Grand-Paradis","Luglio",4119,2629,15,816,192,81935,68,26,0.923537562194704,834.27715585878,15.3071447150422,53.9218078524332,191,1,3,-2,4,6,-2,1,0,1,0,-2,-5,186,111,186,1.7,0,0,NA,NA,NA,NA,NA,NA,NA,NA,NA,NA,NA,NA,NA,NA,NA,NA,NA,NA,NA,NA,NA,NA,NA,NA,NA,NA,NA,NA,NA,NA,NA,"Summer",76818,80814,7.87473912517181,11.3136937337023
8747,7068,"Valgrisenche","valgrisenche",2023-08-01,2023,8,"2023-08","Grand-Paradis","Agosto",5037,2695,15,816,192,87157,68,26,2.09487981393066,855.459743956843,14.5823076059397,59.0905011266725,191,1,3,-2,4,6,-2,1,0,1,0,-2,-5,186,111,186,1.7,0,0,NA,NA,NA,NA,NA,NA,NA,NA,NA,NA,NA,NA,NA,NA,NA,NA,NA,NA,NA,NA,NA,NA,NA,NA,NA,NA,NA,NA,NA,NA,NA,"Summer",81935,86526,7.8995244720322,11.3754778424896
8748,7068,"Valgrisenche","valgrisenche",2023-09-01,2023,9,"2023-09","Grand-Paradis","Settembre",1430,806,15,816,192,73660,68,26,0.645526781211755,818.770564153769,12.1965600851853,58.2665466333038,191,1,3,-2,4,6,-2,1,0,1,0,-2,-5,186,111,186,1.7,0,0,NA,NA,NA,NA,NA,NA,NA,NA,NA,NA,NA,NA,NA,NA,NA,NA,NA,NA,NA,NA,NA,NA,NA,NA,NA,NA,NA,NA,NA,NA,NA,"Autumn",87157,71403,6.69332366826995,11.2072287657961
8749,7068,"Valgrisenche","valgrisenche",2023-10-01,2023,10,"2023-10","Grand-Paradis","Ottobre",205,109,15,816,192,67871,68,26,1.13819443864423,823.047987219197,8.06621223551573,52.4622070513686,191,1,3,-2,4,6,-2,1,0,1,0,-2,-5,186,111,186,1.7,0,0,NA,NA,NA,NA,NA,NA,NA,NA,NA,NA,NA,NA,NA,NA,NA,NA,NA,NA,NA,NA,NA,NA,NA,NA,NA,NA,NA,NA,NA,NA,NA,"Autumn",73660,68520,4.70048036579242,11.1253788573644
8750,7068,"Valgrisenche","valgrisenche",2023-11-01,2023,11,"2023-11","Grand-Paradis","Novembre",103,43,15,816,192,93480,68,26,1.73593650509642,817.277664694812,0.213320810545341,46.0191391048744,191,1,3,-2,4,6,-2,1,0,1,0,-2,-5,186,111,186,1.7,0,0,NA,NA,NA,NA,NA,NA,NA,NA,NA,NA,NA,NA,NA,NA,NA,NA,NA,NA,NA,NA,NA,NA,NA,NA,NA,NA,NA,NA,NA,NA,NA,"Autumn",67871,76596,3.78418963391826,11.445513486071
8751,7068,"Valgrisenche","valgrisenche",2023-12-01,2023,12,"2023-12","Grand-Paradis","Dicembre",722,319,15,816,192,129685,68,26,1.47396784790745,819.272721511578,-0.53948279678208,50.0437699313569,191,1,3,-2,4,6,-2,1,0,1,0,-2,-5,186,111,186,1.7,0,0,NA,NA,NA,NA,NA,NA,NA,NA,NA,NA,NA,NA,NA,NA,NA,NA,NA,NA,NA,NA,NA,NA,NA,NA,NA,NA,NA,NA,NA,NA,NA,"Winter",93480,131047,5.76832099579377,11.7728714230752
8752,7068,"Valgrisenche","valgrisenche",2024-01-01,2024,1,"2024-01","Grand-Paradis","Gennaio",1034,469,14,440,191,131796,68,26,0.619071246969989,813.688043685687,-0.167648703312143,53.5555005144921,186,2,4,-2,5,5,0,5,0,5,0,-1,2,188,107,188,1.8,0,0,NA,NA,NA,NA,NA,NA,NA,NA,NA,NA,NA,NA,NA,NA,NA,NA,NA,NA,NA,NA,NA,NA,NA,NA,NA,NA,NA,NA,NA,NA,NA,"Winter",129685,145184,6.1527326947041,11.7890181390312
8753,7068,"Valgrisenche","valgrisenche",2024-02-01,2024,2,"2024-02","Grand-Paradis","Febbraio",1044,469,14,440,191,105361,68,26,1.10444581247902,811.689850332548,0.871154102031942,59.8164172070345,186,2,4,-2,5,5,0,5,0,5,0,-1,2,188,107,188,1.8,0,0,NA,NA,NA,NA,NA,NA,NA,NA,NA,NA,NA,NA,NA,NA,NA,NA,NA,NA,NA,NA,NA,NA,NA,NA,NA,NA,NA,NA,NA,NA,NA,"Winter",131796,109862,6.1527326947041,11.5651573187731
8754,7068,"Valgrisenche","valgrisenche",2024-03-01,2024,3,"2024-03","Grand-Paradis","Marzo",899,468,14,440,191,107205,68,26,2.95884281893579,813.356008946976,0.270584299632024,65.5688233578871,186,2,4,-2,5,5,0,5,0,5,0,-1,2,188,107,188,1.8,0,0,NA,NA,NA,NA,NA,NA,NA,NA,NA,NA,NA,NA,NA,NA,NA,NA,NA,NA,NA,NA,NA,NA,NA,NA,NA,NA,NA,NA,NA,NA,NA,"Spring",105361,103770,6.15060276844628,11.5825074962018
8755,7068,"Valgrisenche","valgrisenche",2024-04-01,2024,4,"2024-04","Grand-Paradis","Aprile",416,209,14,440,191,79276,68,26,1.60419373440061,832.144863742244,1.98465370312144,56.4002275927632,186,2,4,-2,5,5,0,5,0,5,0,-1,2,188,107,188,1.8,0,0,NA,NA,NA,NA,NA,NA,NA,NA,NA,NA,NA,NA,NA,NA,NA,NA,NA,NA,NA,NA,NA,NA,NA,NA,NA,NA,NA,NA,NA,NA,NA,"Spring",107205,81773,5.34710753071747,11.2807033277228
8756,7068,"Valgrisenche","valgrisenche",2024-05-01,2024,5,"2024-05","Grand-Paradis","Maggio",278,142,14,440,191,69625,68,26,2.82794666298891,827.320879932778,5.40148055905872,57.7558707888594,186,2,4,-2,5,5,0,5,0,5,0,-1,2,188,107,188,1.8,0,0,NA,NA,NA,NA,NA,NA,NA,NA,NA,NA,NA,NA,NA,NA,NA,NA,NA,NA,NA,NA,NA,NA,NA,NA,NA,NA,NA,NA,NA,NA,NA,"Spring",79276,69419,4.96284463025991,11.1508933397835
8757,7068,"Valgrisenche","valgrisenche",2024-06-01,2024,6,"2024-06","Grand-Paradis","Giugno",1022,507,14,440,191,66355,68,26,1.60574742591178,865.765816950842,10.1998148571923,57.3318827011302,186,2,4,-2,5,5,0,5,0,5,0,-1,2,188,107,188,1.8,0,0,NA,NA,NA,NA,NA,NA,NA,NA,NA,NA,NA,NA,NA,NA,NA,NA,NA,NA,NA,NA,NA,NA,NA,NA,NA,NA,NA,NA,NA,NA,NA,"Summer",69625,76818,6.23048144757848,11.1027894652122
8758,7068,"Valgrisenche","valgrisenche",2024-07-01,2024,7,"2024-07","Grand-Paradis","Luglio",5575,3549,14,440,191,79465,68,26,0.72754689239957,863.719507288149,14.5375813658019,51.0440657402528,186,2,4,-2,5,5,0,5,0,5,0,-1,2,188,107,188,1.8,0,0,NA,NA,NA,NA,NA,NA,NA,NA,NA,NA,NA,NA,NA,NA,NA,NA,NA,NA,NA,NA,NA,NA,NA,NA,NA,NA,NA,NA,NA,NA,NA,"Summer",66355,81935,8.17470288246946,11.2830845362083
8759,7068,"Valgrisenche","valgrisenche",2024-08-01,2024,8,"2024-08","Grand-Paradis","Agosto",7481,3884,14,440,191,94750,68,26,0.619646129271993,846.480395422384,15.4514009982264,62.2759007474961,186,2,4,-2,5,5,0,5,0,5,0,-1,2,188,107,188,1.8,0,0,NA,NA,NA,NA,NA,NA,NA,NA,NA,NA,NA,NA,NA,NA,NA,NA,NA,NA,NA,NA,NA,NA,NA,NA,NA,NA,NA,NA,NA,NA,NA,"Summer",79465,87157,8.26487826280175,11.4590076769787
8760,7068,"Valgrisenche","valgrisenche",2024-09-01,2024,9,"2024-09","Grand-Paradis","Settembre",1409,719,14,440,191,72695,68,26,1.5551992736242,821.280865737402,8.58137498674484,73.2347837069137,186,2,4,-2,5,5,0,5,0,5,0,-1,2,188,107,188,1.8,0,0,NA,NA,NA,NA,NA,NA,NA,NA,NA,NA,NA,NA,NA,NA,NA,NA,NA,NA,NA,NA,NA,NA,NA,NA,NA,NA,NA,NA,NA,NA,NA,"Autumn",94750,73660,6.5792512120101,11.1940416413752
8761,7068,"Valgrisenche","valgrisenche",2024-10-01,2024,10,"2024-10","Grand-Paradis","Ottobre",293,106,14,440,191,70980,68,26,2.68346547313682,825.411740135868,6.42758104076211,77.2250115296261,186,2,4,-2,5,5,0,5,0,5,0,-1,2,188,107,188,1.8,0,0,NA,NA,NA,NA,NA,NA,NA,NA,NA,NA,NA,NA,NA,NA,NA,NA,NA,NA,NA,NA,NA,NA,NA,NA,NA,NA,NA,NA,NA,NA,NA,"Autumn",72695,67871,4.67282883446191,11.1701675145769
8762,7068,"Valgrisenche","valgrisenche",2024-11-01,2024,11,"2024-11","Grand-Paradis","Novembre",201,107,14,440,191,86221,68,26,1.10107672650134,828.248599178485,2.9424581542743,53.3045459031503,186,2,4,-2,5,5,0,5,0,5,0,-1,2,188,107,188,1.8,0,0,NA,NA,NA,NA,NA,NA,NA,NA,NA,NA,NA,NA,NA,NA,NA,NA,NA,NA,NA,NA,NA,NA,NA,NA,NA,NA,NA,NA,NA,NA,NA,"Autumn",70980,93480,4.68213122712422,11.3646806445062
8763,7068,"Valgrisenche","valgrisenche",2024-12-01,2024,12,"2024-12","Grand-Paradis","Dicembre",768,329,14,440,191,136796,68,26,0.444750565286373,815.516300167554,-0.318813064341518,48.9276915750844,186,2,4,-2,5,5,0,5,0,5,0,-1,2,188,107,188,1.8,0,0,NA,NA,NA,NA,NA,NA,NA,NA,NA,NA,NA,NA,NA,NA,NA,NA,NA,NA,NA,NA,NA,NA,NA,NA,NA,NA,NA,NA,NA,NA,NA,"Winter",86221,129685,5.79909265446053,11.8262533541056
8764,7068,"Valgrisenche","valgrisenche",2025-01-01,2025,1,"2025-01","Grand-Paradis","Gennaio",1008,521,38,508,191,101599,68,26,1.17154772758817,812.446589593748,-1.10068714791061,55.4997277195688,NA,NA,NA,NA,NA,NA,NA,NA,NA,NA,NA,NA,NA,NA,NA,NA,NA,NA,NA,NA,NA,NA,NA,NA,NA,NA,NA,NA,NA,NA,NA,NA,NA,NA,NA,NA,NA,NA,NA,NA,NA,NA,NA,NA,NA,NA,NA,NA,NA,NA,"Winter",136796,131796,6.25766758788264,11.5287988141265
8765,7068,"Valgrisenche","valgrisenche",2025-02-01,2025,2,"2025-02","Grand-Paradis","Febbraio",1303,627,38,508,191,73055,68,26,0.393018022651112,814.499535404398,-0.223552190581327,54.6900126450641,NA,NA,NA,NA,NA,NA,NA,NA,NA,NA,NA,NA,NA,NA,NA,NA,NA,NA,NA,NA,NA,NA,NA,NA,NA,NA,NA,NA,NA,NA,NA,NA,NA,NA,NA,NA,NA,NA,NA,NA,NA,NA,NA,NA,NA,NA,NA,NA,NA,NA,"Winter",101599,105361,6.4425401664682,11.1989815493295
8766,7068,"Valgrisenche","valgrisenche",2025-03-01,2025,3,"2025-03","Grand-Paradis","Marzo",1324,644,38,508,191,70553,68,26,0.807461900803222,811.458025767396,0.375736115850673,61.801101446414,NA,NA,NA,NA,NA,NA,NA,NA,NA,NA,NA,NA,NA,NA,NA,NA,NA,NA,NA,NA,NA,NA,NA,NA,NA,NA,NA,NA,NA,NA,NA,NA,NA,NA,NA,NA,NA,NA,NA,NA,NA,NA,NA,NA,NA,NA,NA,NA,NA,NA,"Spring",73055,107205,6.46925031679577,11.1641336530515
8767,7068,"Valgrisenche","valgrisenche",2025-04-01,2025,4,"2025-04","Grand-Paradis","Aprile",308,198,38,508,191,41393,68,26,4.52408802246976,828.764603811712,4.17476077997281,60.3079341964672,NA,NA,NA,NA,NA,NA,NA,NA,NA,NA,NA,NA,NA,NA,NA,NA,NA,NA,NA,NA,NA,NA,NA,NA,NA,NA,NA,NA,NA,NA,NA,NA,NA,NA,NA,NA,NA,NA,NA,NA,NA,NA,NA,NA,NA,NA,NA,NA,NA,NA,"Spring",70553,79276,5.29330482472449,10.6308912217742
8768,7068,"Valgrisenche","valgrisenche",2025-05-01,2025,5,"2025-05","Grand-Paradis","Maggio",233,106,38,508,191,37499,68,26,1.27982298096534,826.988130442882,7.42395169074563,60.8701875464304,NA,NA,NA,NA,NA,NA,NA,NA,NA,NA,NA,NA,NA,NA,NA,NA,NA,NA,NA,NA,NA,NA,NA,NA,NA,NA,NA,NA,NA,NA,NA,NA,NA,NA,NA,NA,NA,NA,NA,NA,NA,NA,NA,NA,NA,NA,NA,NA,NA,NA,"Spring",41393,69625,4.67282883446191,10.5320962119585
8769,7068,"Valgrisenche","valgrisenche",2025-06-01,2025,6,"2025-06","Grand-Paradis","Giugno",1024,541,40,588,191,47046,68,26,0.792538158224057,851.893648914838,13.6894502524915,60.3197251677279,NA,NA,NA,NA,NA,NA,NA,NA,NA,NA,NA,NA,NA,NA,NA,NA,NA,NA,NA,NA,NA,NA,NA,NA,NA,NA,NA,NA,NA,NA,NA,NA,NA,NA,NA,NA,NA,NA,NA,NA,NA,NA,NA,NA,NA,NA,NA,NA,NA,NA,"Summer",37499,66355,6.29526600143965,10.7589023810253
8770,7068,"Valgrisenche","valgrisenche",2025-07-01,2025,7,"2025-07","Grand-Paradis","Luglio",5119,3300,38,521,191,58975,68,26,0.647752525130529,837.598779805913,13.2846948203888,58.5839769986207,NA,NA,NA,NA,NA,NA,NA,NA,NA,NA,NA,NA,NA,NA,NA,NA,NA,NA,NA,NA,NA,NA,NA,NA,NA,NA,NA,NA,NA,NA,NA,NA,NA,NA,NA,NA,NA,NA,NA,NA,NA,NA,NA,NA,NA,NA,NA,NA,NA,NA,"Summer",47046,79465,8.10198073185319,10.9848858604696
8771,7068,"Valgrisenche","valgrisenche",2025-08-01,2025,8,"2025-08","Grand-Paradis","Agosto",5978,3494,38,521,191,65422,68,26,0.973425559044894,825.351286190005,14.5719205402761,59.100031700715,NA,NA,NA,NA,NA,NA,NA,NA,NA,NA,NA,NA,NA,NA,NA,NA,NA,NA,NA,NA,NA,NA,NA,NA,NA,NA,NA,NA,NA,NA,NA,NA,NA,NA,NA,NA,NA,NA,NA,NA,NA,NA,NA,NA,NA,NA,NA,NA,NA,NA,"Summer",58975,94750,8.15908865466791,11.0886291575769
8772,7068,"Valgrisenche","valgrisenche",2025-09-01,2025,9,"2025-09","Grand-Paradis","Settembre",1253,761,38,521,191,35849,68,26,1.05142155238487,842.406702485574,10.595705517989,65.8960509916052,NA,NA,NA,NA,NA,NA,NA,NA,NA,NA,NA,NA,NA,NA,NA,NA,NA,NA,NA,NA,NA,NA,NA,NA,NA,NA,NA,NA,NA,NA,NA,NA,NA,NA,NA,NA,NA,NA,NA,NA,NA,NA,NA,NA,NA,NA,NA,NA,NA,NA,"Autumn",65422,72695,6.63594655568665,10.4870988460278
8773,7069,"Valpelline","valpelline",2015-01-01,2015,1,"2015-01","Grand-Combin","Gennaio",525,237,6,537,659,186905,NA,NA,NA,NA,NA,NA,NA,NA,NA,NA,NA,NA,NA,NA,NA,NA,NA,NA,NA,NA,NA,NA,NA,NA,NA,"Nord-ovest",2,"Valle d'Aosta/Vallée d'Aoste","Valle d'Aosta/Vallée d'Aoste",0,38.3177570093458,NA,11.1111111111111,NA,NA,NA,NA,NA,NA,NA,64.9468892261001,11.9878603945372,NA,606.980273141123,310.318664643399,NA,NA,20424.5524193548,23.1854838709677,0.863036161215155,427.098634294385,1.45492467839678,NA,NA,NA,38.3177570093458,"Winter",35849,70980,5.47227067367148,12.1383610956571
8774,7069,"Valpelline","valpelline",2015-02-01,2015,2,"2015-02","Grand-Combin","Febbraio",636,354,6,537,659,129785,NA,NA,NA,NA,NA,NA,NA,NA,NA,NA,NA,NA,NA,NA,NA,NA,NA,NA,NA,NA,NA,NA,NA,NA,NA,"Nord-ovest",2,"Valle d'Aosta/Vallée d'Aoste","Valle d'Aosta/Vallée d'Aoste",0,38.3177570093458,NA,11.1111111111111,NA,NA,NA,NA,NA,NA,NA,64.9468892261001,11.9878603945372,NA,606.980273141123,310.318664643399,NA,NA,20424.5524193548,23.1854838709677,0.863036161215155,427.098634294385,1.45492467839678,NA,NA,NA,38.3177570093458,"Winter",186905,86221,5.87211778947542,11.7736422191916
8775,7069,"Valpelline","valpelline",2015-03-01,2015,3,"2015-03","Grand-Combin","Marzo",293,194,6,537,659,135540,NA,NA,NA,NA,NA,NA,NA,NA,NA,NA,NA,NA,NA,NA,NA,NA,NA,NA,NA,NA,NA,NA,NA,NA,NA,"Nord-ovest",2,"Valle d'Aosta/Vallée d'Aoste","Valle d'Aosta/Vallée d'Aoste",0,38.3177570093458,NA,11.1111111111111,NA,NA,NA,NA,NA,NA,NA,64.9468892261001,11.9878603945372,NA,606.980273141123,310.318664643399,NA,NA,20424.5524193548,23.1854838709677,0.863036161215155,427.098634294385,1.45492467839678,NA,NA,NA,38.3177570093458,"Spring",129785,136796,5.27299955856375,11.8170294565587
8776,7069,"Valpelline","valpelline",2015-04-01,2015,4,"2015-04","Grand-Combin","Aprile",431,264,6,537,659,64609,NA,NA,NA,NA,NA,NA,NA,NA,NA,NA,NA,NA,NA,NA,NA,NA,NA,NA,NA,NA,NA,NA,NA,NA,NA,"Nord-ovest",2,"Valle d'Aosta/Vallée d'Aoste","Valle d'Aosta/Vallée d'Aoste",0,38.3177570093458,NA,11.1111111111111,NA,NA,NA,NA,NA,NA,NA,64.9468892261001,11.9878603945372,NA,606.980273141123,310.318664643399,NA,NA,20424.5524193548,23.1854838709677,0.863036161215155,427.098634294385,1.45492467839678,NA,NA,NA,38.3177570093458,"Spring",135540,101599,5.57972982598622,11.0761244765522
8777,7069,"Valpelline","valpelline",2015-05-01,2015,5,"2015-05","Grand-Combin","Maggio",503,303,6,537,659,61843,NA,NA,NA,NA,NA,NA,NA,NA,NA,NA,NA,NA,NA,NA,NA,NA,NA,NA,NA,NA,NA,NA,NA,NA,NA,"Nord-ovest",2,"Valle d'Aosta/Vallée d'Aoste","Valle d'Aosta/Vallée d'Aoste",0,38.3177570093458,NA,11.1111111111111,NA,NA,NA,NA,NA,NA,NA,64.9468892261001,11.9878603945372,NA,606.980273141123,310.318664643399,NA,NA,20424.5524193548,23.1854838709677,0.863036161215155,427.098634294385,1.45492467839678,NA,NA,NA,38.3177570093458,"Spring",64609,73055,5.71702770140622,11.0323703642225
8778,7069,"Valpelline","valpelline",2015-06-01,2015,6,"2015-06","Grand-Combin","Giugno",1737,328,6,537,659,55477,NA,NA,NA,NA,NA,NA,NA,NA,NA,NA,NA,NA,NA,NA,NA,NA,NA,NA,NA,NA,NA,NA,NA,NA,NA,"Nord-ovest",2,"Valle d'Aosta/Vallée d'Aoste","Valle d'Aosta/Vallée d'Aoste",0,38.3177570093458,NA,11.1111111111111,NA,NA,NA,NA,NA,NA,NA,64.9468892261001,11.9878603945372,NA,606.980273141123,310.318664643399,NA,NA,20424.5524193548,23.1854838709677,0.863036161215155,427.098634294385,1.45492467839678,NA,NA,NA,38.3177570093458,"Summer",61843,70553,5.79605775076537,10.9237418247523
8779,7069,"Valpelline","valpelline",2015-07-01,2015,7,"2015-07","Grand-Combin","Luglio",7336,1574,6,537,659,59447,NA,NA,NA,NA,NA,NA,NA,NA,NA,NA,NA,NA,NA,NA,NA,NA,NA,NA,NA,NA,NA,NA,NA,NA,NA,"Nord-ovest",2,"Valle d'Aosta/Vallée d'Aoste","Valle d'Aosta/Vallée d'Aoste",0,38.3177570093458,NA,11.1111111111111,NA,NA,NA,NA,NA,NA,NA,64.9468892261001,11.9878603945372,NA,606.980273141123,310.318664643399,NA,NA,20424.5524193548,23.1854838709677,0.863036161215155,427.098634294385,1.45492467839678,NA,NA,NA,38.3177570093458,"Summer",55477,41393,7.36201055125973,10.9928572598373
8780,7069,"Valpelline","valpelline",2015-08-01,2015,8,"2015-08","Grand-Combin","Agosto",5443,1158,6,537,659,67878,NA,NA,NA,NA,NA,NA,NA,NA,NA,NA,NA,NA,NA,NA,NA,NA,NA,NA,NA,NA,NA,NA,NA,NA,NA,"Nord-ovest",2,"Valle d'Aosta/Vallée d'Aoste","Valle d'Aosta/Vallée d'Aoste",0,38.3177570093458,NA,11.1111111111111,NA,NA,NA,NA,NA,NA,NA,64.9468892261001,11.9878603945372,NA,606.980273141123,310.318664643399,NA,NA,20424.5524193548,23.1854838709677,0.863036161215155,427.098634294385,1.45492467839678,NA,NA,NA,38.3177570093458,"Summer",59447,37499,7.05531284333975,11.1254819873599
8781,7069,"Valpelline","valpelline",2015-09-01,2015,9,"2015-09","Grand-Combin","Settembre",2523,463,6,537,659,53142,NA,NA,NA,NA,NA,NA,NA,NA,NA,NA,NA,NA,NA,NA,NA,NA,NA,NA,NA,NA,NA,NA,NA,NA,NA,"Nord-ovest",2,"Valle d'Aosta/Vallée d'Aoste","Valle d'Aosta/Vallée d'Aoste",0,38.3177570093458,NA,11.1111111111111,NA,NA,NA,NA,NA,NA,NA,64.9468892261001,11.9878603945372,NA,606.980273141123,310.318664643399,NA,NA,20424.5524193548,23.1854838709677,0.863036161215155,427.098634294385,1.45492467839678,NA,NA,NA,38.3177570093458,"Autumn",67878,47046,6.13988455222626,10.8807416723684
8782,7069,"Valpelline","valpelline",2015-10-01,2015,10,"2015-10","Grand-Combin","Ottobre",324,215,6,537,659,74249,NA,NA,NA,NA,NA,NA,NA,NA,NA,NA,NA,NA,NA,NA,NA,NA,NA,NA,NA,NA,NA,NA,NA,NA,NA,"Nord-ovest",2,"Valle d'Aosta/Vallée d'Aoste","Valle d'Aosta/Vallée d'Aoste",0,38.3177570093458,NA,11.1111111111111,NA,NA,NA,NA,NA,NA,NA,64.9468892261001,11.9878603945372,NA,606.980273141123,310.318664643399,NA,NA,20424.5524193548,23.1854838709677,0.863036161215155,427.098634294385,1.45492467839678,NA,NA,NA,38.3177570093458,"Autumn",53142,58975,5.37527840768417,11.2151930566649
8783,7069,"Valpelline","valpelline",2015-11-01,2015,11,"2015-11","Grand-Combin","Novembre",95,70,6,537,659,101081,NA,NA,NA,NA,NA,NA,NA,NA,NA,NA,NA,NA,NA,NA,NA,NA,NA,NA,NA,NA,NA,NA,NA,NA,NA,"Nord-ovest",2,"Valle d'Aosta/Vallée d'Aoste","Valle d'Aosta/Vallée d'Aoste",0,38.3177570093458,NA,11.1111111111111,NA,NA,NA,NA,NA,NA,NA,64.9468892261001,11.9878603945372,NA,606.980273141123,310.318664643399,NA,NA,20424.5524193548,23.1854838709677,0.863036161215155,427.098634294385,1.45492467839678,NA,NA,NA,38.3177570093458,"Autumn",74249,65422,4.26267987704132,11.5236873476143
8784,7069,"Valpelline","valpelline",2015-12-01,2015,12,"2015-12","Grand-Combin","Dicembre",906,399,6,537,659,159228,NA,NA,NA,NA,NA,NA,NA,NA,NA,NA,NA,NA,NA,NA,NA,NA,NA,NA,NA,NA,NA,NA,NA,NA,NA,"Nord-ovest",2,"Valle d'Aosta/Vallée d'Aoste","Valle d'Aosta/Vallée d'Aoste",0,38.3177570093458,NA,11.1111111111111,NA,NA,NA,NA,NA,NA,NA,64.9468892261001,11.9878603945372,NA,606.980273141123,310.318664643399,NA,NA,20424.5524193548,23.1854838709677,0.863036161215155,427.098634294385,1.45492467839678,NA,NA,NA,38.3177570093458,"Winter",101081,35849,5.99146454710798,11.9780986966072
8785,7069,"Valpelline","valpelline",2016-01-01,2016,1,"2016-01","Grand-Combin","Gennaio",590,209,7,539,657,179506,NA,NA,NA,NA,NA,NA,NA,NA,NA,NA,NA,NA,NA,NA,NA,NA,NA,NA,NA,NA,NA,NA,NA,NA,NA,"Nord-ovest",2,"Valle d'Aosta/Vallée d'Aoste","Valle d'Aosta/Vallée d'Aoste",0,36.9515011547344,NA,10.5263157894737,NA,NA,NA,NA,3.07929176289453,100,0,66.6666666666667,12.1632024634334,NA,NA,NA,NA,NA,20850.0320512821,21.7948717948718,0.925497454881999,447.538106235566,1.47998397955486,NA,NA,NA,36.9515011547344,"Winter",159228,186905,5.34710753071747,12.0979694833646
8786,7069,"Valpelline","valpelline",2016-02-01,2016,2,"2016-02","Grand-Combin","Febbraio",793,394,7,539,657,123091,NA,NA,NA,NA,NA,NA,NA,NA,NA,NA,NA,NA,NA,NA,NA,NA,NA,NA,NA,NA,NA,NA,NA,NA,NA,"Nord-ovest",2,"Valle d'Aosta/Vallée d'Aoste","Valle d'Aosta/Vallée d'Aoste",0,36.9515011547344,NA,10.5263157894737,NA,NA,NA,NA,3.07929176289453,100,0,66.6666666666667,12.1632024634334,NA,NA,NA,NA,NA,20850.0320512821,21.7948717948718,0.925497454881999,447.538106235566,1.47998397955486,NA,NA,NA,36.9515011547344,"Winter",179506,129785,5.97888576490112,11.720687322246
8787,7069,"Valpelline","valpelline",2016-03-01,2016,3,"2016-03","Grand-Combin","Marzo",939,337,7,539,657,114446,NA,NA,NA,NA,NA,NA,NA,NA,NA,NA,NA,NA,NA,NA,NA,NA,NA,NA,NA,NA,NA,NA,NA,NA,NA,"Nord-ovest",2,"Valle d'Aosta/Vallée d'Aoste","Valle d'Aosta/Vallée d'Aoste",0,36.9515011547344,NA,10.5263157894737,NA,NA,NA,NA,3.07929176289453,100,0,66.6666666666667,12.1632024634334,NA,NA,NA,NA,NA,20850.0320512821,21.7948717948718,0.925497454881999,447.538106235566,1.47998397955486,NA,NA,NA,36.9515011547344,"Spring",123091,135540,5.82304589548302,11.6478671127174
8788,7069,"Valpelline","valpelline",2016-04-01,2016,4,"2016-04","Grand-Combin","Aprile",401,250,7,539,657,76263,NA,NA,NA,NA,NA,NA,NA,NA,NA,NA,NA,NA,NA,NA,NA,NA,NA,NA,NA,NA,NA,NA,NA,NA,NA,"Nord-ovest",2,"Valle d'Aosta/Vallée d'Aoste","Valle d'Aosta/Vallée d'Aoste",0,36.9515011547344,NA,10.5263157894737,NA,NA,NA,NA,3.07929176289453,100,0,66.6666666666667,12.1632024634334,NA,NA,NA,NA,NA,20850.0320512821,21.7948717948718,0.925497454881999,447.538106235566,1.47998397955486,NA,NA,NA,36.9515011547344,"Spring",114446,64609,5.52545293913178,11.2419562841734
8789,7069,"Valpelline","valpelline",2016-05-01,2016,5,"2016-05","Grand-Combin","Maggio",337,214,7,539,657,74453,NA,NA,NA,NA,NA,NA,NA,NA,NA,NA,NA,NA,NA,NA,NA,NA,NA,NA,NA,NA,NA,NA,NA,NA,NA,"Nord-ovest",2,"Valle d'Aosta/Vallée d'Aoste","Valle d'Aosta/Vallée d'Aoste",0,36.9515011547344,NA,10.5263157894737,NA,NA,NA,NA,3.07929176289453,100,0,66.6666666666667,12.1632024634334,NA,NA,NA,NA,NA,20850.0320512821,21.7948717948718,0.925497454881999,447.538106235566,1.47998397955486,NA,NA,NA,36.9515011547344,"Spring",76263,61843,5.37063802812766,11.2179367640027
8790,7069,"Valpelline","valpelline",2016-06-01,2016,6,"2016-06","Grand-Combin","Giugno",1324,468,7,539,657,64247,NA,NA,NA,NA,NA,NA,NA,NA,NA,NA,NA,NA,NA,NA,NA,NA,NA,NA,NA,NA,NA,NA,NA,NA,NA,"Nord-ovest",2,"Valle d'Aosta/Vallée d'Aoste","Valle d'Aosta/Vallée d'Aoste",0,36.9515011547344,NA,10.5263157894737,NA,NA,NA,NA,3.07929176289453,100,0,66.6666666666667,12.1632024634334,NA,NA,NA,NA,NA,20850.0320512821,21.7948717948718,0.925497454881999,447.538106235566,1.47998397955486,NA,NA,NA,36.9515011547344,"Summer",74453,55477,6.15060276844628,11.0705058738683
8791,7069,"Valpelline","valpelline",2016-07-01,2016,7,"2016-07","Grand-Combin","Luglio",6901,1460,7,539,657,76090,NA,NA,NA,NA,NA,NA,NA,NA,NA,NA,NA,NA,NA,NA,NA,NA,NA,NA,NA,NA,NA,NA,NA,NA,NA,"Nord-ovest",2,"Valle d'Aosta/Vallée d'Aoste","Valle d'Aosta/Vallée d'Aoste",0,36.9515011547344,NA,10.5263157894737,NA,NA,NA,NA,3.07929176289453,100,0,66.6666666666667,12.1632024634334,NA,NA,NA,NA,NA,20850.0320512821,21.7948717948718,0.925497454881999,447.538106235566,1.47998397955486,NA,NA,NA,36.9515011547344,"Summer",64247,59447,7.2868764117507,11.2396852714157
8792,7069,"Valpelline","valpelline",2016-08-01,2016,8,"2016-08","Grand-Combin","Agosto",9437,1460,7,539,657,71821,NA,NA,NA,NA,NA,NA,NA,NA,NA,NA,NA,NA,NA,NA,NA,NA,NA,NA,NA,NA,NA,NA,NA,NA,NA,"Nord-ovest",2,"Valle d'Aosta/Vallée d'Aoste","Valle d'Aosta/Vallée d'Aoste",0,36.9515011547344,NA,10.5263157894737,NA,NA,NA,NA,3.07929176289453,100,0,66.6666666666667,12.1632024634334,NA,NA,NA,NA,NA,20850.0320512821,21.7948717948718,0.925497454881999,447.538106235566,1.47998397955486,NA,NA,NA,36.9515011547344,"Summer",76090,67878,7.2868764117507,11.1819461147886
8793,7069,"Valpelline","valpelline",2016-09-01,2016,9,"2016-09","Grand-Combin","Settembre",1193,430,7,539,657,66999,NA,NA,NA,NA,NA,NA,NA,NA,NA,NA,NA,NA,NA,NA,NA,NA,NA,NA,NA,NA,NA,NA,NA,NA,NA,"Nord-ovest",2,"Valle d'Aosta/Vallée d'Aoste","Valle d'Aosta/Vallée d'Aoste",0,36.9515011547344,NA,10.5263157894737,NA,NA,NA,NA,3.07929176289453,100,0,66.6666666666667,12.1632024634334,NA,NA,NA,NA,NA,20850.0320512821,21.7948717948718,0.925497454881999,447.538106235566,1.47998397955486,NA,NA,NA,36.9515011547344,"Autumn",71821,53142,6.06610809010375,11.1124478983731
8794,7069,"Valpelline","valpelline",2016-10-01,2016,10,"2016-10","Grand-Combin","Ottobre",524,335,7,539,657,113581,NA,NA,NA,NA,NA,NA,NA,NA,NA,NA,NA,NA,NA,NA,NA,NA,NA,NA,NA,NA,NA,NA,NA,NA,NA,"Nord-ovest",2,"Valle d'Aosta/Vallée d'Aoste","Valle d'Aosta/Vallée d'Aoste",0,36.9515011547344,NA,10.5263157894737,NA,NA,NA,NA,3.07929176289453,100,0,66.6666666666667,12.1632024634334,NA,NA,NA,NA,NA,20850.0320512821,21.7948717948718,0.925497454881999,447.538106235566,1.47998397955486,NA,NA,NA,36.9515011547344,"Autumn",66999,74249,5.8171111599632,11.6402803220103
8795,7069,"Valpelline","valpelline",2016-11-01,2016,11,"2016-11","Grand-Combin","Novembre",185,136,7,539,657,141408,NA,NA,NA,NA,NA,NA,NA,NA,NA,NA,NA,NA,NA,NA,NA,NA,NA,NA,NA,NA,NA,NA,NA,NA,NA,"Nord-ovest",2,"Valle d'Aosta/Vallée d'Aoste","Valle d'Aosta/Vallée d'Aoste",0,36.9515011547344,NA,10.5263157894737,NA,NA,NA,NA,3.07929176289453,100,0,66.6666666666667,12.1632024634334,NA,NA,NA,NA,NA,20850.0320512821,21.7948717948718,0.925497454881999,447.538106235566,1.47998397955486,NA,NA,NA,36.9515011547344,"Autumn",113581,101081,4.91998092582813,11.8594116796411
8796,7069,"Valpelline","valpelline",2016-12-01,2016,12,"2016-12","Grand-Combin","Dicembre",659,349,7,539,657,157247,NA,NA,NA,NA,NA,NA,NA,NA,NA,NA,NA,NA,NA,NA,NA,NA,NA,NA,NA,NA,NA,NA,NA,NA,NA,"Nord-ovest",2,"Valle d'Aosta/Vallée d'Aoste","Valle d'Aosta/Vallée d'Aoste",0,36.9515011547344,NA,10.5263157894737,NA,NA,NA,NA,3.07929176289453,100,0,66.6666666666667,12.1632024634334,NA,NA,NA,NA,NA,20850.0320512821,21.7948717948718,0.925497454881999,447.538106235566,1.47998397955486,NA,NA,NA,36.9515011547344,"Winter",141408,159228,5.85793315448346,11.9655794558809
8797,7069,"Valpelline","valpelline",2017-01-01,2017,1,"2017-01","Grand-Combin","Gennaio",800,256,7,539,635,166468,NA,NA,NA,NA,NA,NA,NA,NA,NA,NA,NA,NA,NA,NA,NA,NA,NA,NA,NA,NA,NA,NA,NA,NA,NA,"Nord-ovest",2,"Valle d'Aosta/Vallée d'Aoste","Valle d'Aosta/Vallée d'Aoste",0,32.8767123287671,NA,18.1818181818182,NA,NA,NA,NA,NA,NA,NA,68.8679245283019,12.5786163522013,NA,628.930817610063,487.421383647799,NA,NA,20471.5582417582,23.5294117647059,0.883002207505519,453.562893081761,1.48032277140841,NA,NA,NA,32.8767123287671,"Winter",157247,179506,5.54907608489522,12.0225643848816
8798,7069,"Valpelline","valpelline",2017-02-01,2017,2,"2017-02","Grand-Combin","Febbraio",556,335,7,539,635,134401,NA,NA,NA,NA,NA,NA,NA,NA,NA,NA,NA,NA,NA,NA,NA,NA,NA,NA,NA,NA,NA,NA,NA,NA,NA,"Nord-ovest",2,"Valle d'Aosta/Vallée d'Aoste","Valle d'Aosta/Vallée d'Aoste",0,32.8767123287671,NA,18.1818181818182,NA,NA,NA,NA,NA,NA,NA,68.8679245283019,12.5786163522013,NA,628.930817610063,487.421383647799,NA,NA,20471.5582417582,23.5294117647059,0.883002207505519,453.562893081761,1.48032277140841,NA,NA,NA,32.8767123287671,"Winter",166468,123091,5.8171111599632,11.8085905879128
8799,7069,"Valpelline","valpelline",2017-03-01,2017,3,"2017-03","Grand-Combin","Marzo",358,241,7,539,635,107872,NA,NA,NA,NA,NA,NA,NA,NA,NA,NA,NA,NA,NA,NA,NA,NA,NA,NA,NA,NA,NA,NA,NA,NA,NA,"Nord-ovest",2,"Valle d'Aosta/Vallée d'Aoste","Valle d'Aosta/Vallée d'Aoste",0,32.8767123287671,NA,18.1818181818182,NA,NA,NA,NA,NA,NA,NA,68.8679245283019,12.5786163522013,NA,628.930817610063,487.421383647799,NA,NA,20471.5582417582,23.5294117647059,0.883002207505519,453.562893081761,1.48032277140841,NA,NA,NA,32.8767123287671,"Spring",134401,114446,5.48893772615669,11.588709888237
8800,7069,"Valpelline","valpelline",2017-04-01,2017,4,"2017-04","Grand-Combin","Aprile",619,319,7,539,635,77271,NA,NA,NA,NA,NA,NA,NA,NA,NA,NA,NA,NA,NA,NA,NA,NA,NA,NA,NA,NA,NA,NA,NA,NA,NA,"Nord-ovest",2,"Valle d'Aosta/Vallée d'Aoste","Valle d'Aosta/Vallée d'Aoste",0,32.8767123287671,NA,18.1818181818182,NA,NA,NA,NA,NA,NA,NA,68.8679245283019,12.5786163522013,NA,628.930817610063,487.421383647799,NA,NA,20471.5582417582,23.5294117647059,0.883002207505519,453.562893081761,1.48032277140841,NA,NA,NA,32.8767123287671,"Spring",107872,76263,5.76832099579377,11.2550869438591
8801,7069,"Valpelline","valpelline",2017-05-01,2017,5,"2017-05","Grand-Combin","Maggio",274,180,7,539,635,73003,NA,NA,NA,NA,NA,NA,NA,NA,NA,NA,NA,NA,NA,NA,NA,NA,NA,NA,NA,NA,NA,NA,NA,NA,NA,"Nord-ovest",2,"Valle d'Aosta/Vallée d'Aoste","Valle d'Aosta/Vallée d'Aoste",0,32.8767123287671,NA,18.1818181818182,NA,NA,NA,NA,NA,NA,NA,68.8679245283019,12.5786163522013,NA,628.930817610063,487.421383647799,NA,NA,20471.5582417582,23.5294117647059,0.883002207505519,453.562893081761,1.48032277140841,NA,NA,NA,32.8767123287671,"Spring",77271,74453,5.19849703126583,11.1982695131499
8802,7069,"Valpelline","valpelline",2017-06-01,2017,6,"2017-06","Grand-Combin","Giugno",1497,523,7,539,635,49161,NA,NA,NA,NA,NA,NA,NA,NA,NA,NA,NA,NA,NA,NA,NA,NA,NA,NA,NA,NA,NA,NA,NA,NA,NA,"Nord-ovest",2,"Valle d'Aosta/Vallée d'Aoste","Valle d'Aosta/Vallée d'Aoste",0,32.8767123287671,NA,18.1818181818182,NA,NA,NA,NA,NA,NA,NA,68.8679245283019,12.5786163522013,NA,628.930817610063,487.421383647799,NA,NA,20471.5582417582,23.5294117647059,0.883002207505519,453.562893081761,1.48032277140841,NA,NA,NA,32.8767123287671,"Summer",73003,64247,6.26149168432104,10.8028762463349
8803,7069,"Valpelline","valpelline",2017-07-01,2017,7,"2017-07","Grand-Combin","Luglio",6865,1515,7,539,635,54398,NA,NA,NA,NA,NA,NA,NA,NA,NA,NA,NA,NA,NA,NA,NA,NA,NA,NA,NA,NA,NA,NA,NA,NA,NA,"Nord-ovest",2,"Valle d'Aosta/Vallée d'Aoste","Valle d'Aosta/Vallée d'Aoste",0,32.8767123287671,NA,18.1818181818182,NA,NA,NA,NA,NA,NA,NA,68.8679245283019,12.5786163522013,NA,628.930817610063,487.421383647799,NA,NA,20471.5582417582,23.5294117647059,0.883002207505519,453.562893081761,1.48032277140841,NA,NA,NA,32.8767123287671,"Summer",49161,76090,7.32383056620232,10.9041010503221
8804,7069,"Valpelline","valpelline",2017-08-01,2017,8,"2017-08","Grand-Combin","Agosto",6826,1321,7,539,635,63700,NA,NA,NA,NA,NA,NA,NA,NA,NA,NA,NA,NA,NA,NA,NA,NA,NA,NA,NA,NA,NA,NA,NA,NA,NA,"Nord-ovest",2,"Valle d'Aosta/Vallée d'Aoste","Valle d'Aosta/Vallée d'Aoste",0,32.8767123287671,NA,18.1818181818182,NA,NA,NA,NA,NA,NA,NA,68.8679245283019,12.5786163522013,NA,628.930817610063,487.421383647799,NA,NA,20471.5582417582,23.5294117647059,0.883002207505519,453.562893081761,1.48032277140841,NA,NA,NA,32.8767123287671,"Summer",54398,71821,7.18690102041163,11.0619555400242
8805,7069,"Valpelline","valpelline",2017-09-01,2017,9,"2017-09","Grand-Combin","Settembre",970,496,7,539,635,66113,NA,NA,NA,NA,NA,NA,NA,NA,NA,NA,NA,NA,NA,NA,NA,NA,NA,NA,NA,NA,NA,NA,NA,NA,NA,"Nord-ovest",2,"Valle d'Aosta/Vallée d'Aoste","Valle d'Aosta/Vallée d'Aoste",0,32.8767123287671,NA,18.1818181818182,NA,NA,NA,NA,NA,NA,NA,68.8679245283019,12.5786163522013,NA,628.930817610063,487.421383647799,NA,NA,20471.5582417582,23.5294117647059,0.883002207505519,453.562893081761,1.48032277140841,NA,NA,NA,32.8767123287671,"Autumn",63700,66999,6.20859002609663,11.0991358037158
8806,7069,"Valpelline","valpelline",2017-10-01,2017,10,"2017-10","Grand-Combin","Ottobre",374,268,7,539,635,82766,NA,NA,NA,NA,NA,NA,NA,NA,NA,NA,NA,NA,NA,NA,NA,NA,NA,NA,NA,NA,NA,NA,NA,NA,NA,"Nord-ovest",2,"Valle d'Aosta/Vallée d'Aoste","Valle d'Aosta/Vallée d'Aoste",0,32.8767123287671,NA,18.1818181818182,NA,NA,NA,NA,NA,NA,NA,68.8679245283019,12.5786163522013,NA,628.930817610063,487.421383647799,NA,NA,20471.5582417582,23.5294117647059,0.883002207505519,453.562893081761,1.48032277140841,NA,NA,NA,32.8767123287671,"Autumn",66113,113581,5.59471137960184,11.3237847102063
8807,7069,"Valpelline","valpelline",2017-11-01,2017,11,"2017-11","Grand-Combin","Novembre",248,177,7,539,635,139609,NA,NA,NA,NA,NA,NA,NA,NA,NA,NA,NA,NA,NA,NA,NA,NA,NA,NA,NA,NA,NA,NA,NA,NA,NA,"Nord-ovest",2,"Valle d'Aosta/Vallée d'Aoste","Valle d'Aosta/Vallée d'Aoste",0,32.8767123287671,NA,18.1818181818182,NA,NA,NA,NA,NA,NA,NA,68.8679245283019,12.5786163522013,NA,628.930817610063,487.421383647799,NA,NA,20471.5582417582,23.5294117647059,0.883002207505519,453.562893081761,1.48032277140841,NA,NA,NA,32.8767123287671,"Autumn",82766,141408,5.18178355029209,11.8466080999827
8808,7069,"Valpelline","valpelline",2017-12-01,2017,12,"2017-12","Grand-Combin","Dicembre",546,291,7,539,635,182308,NA,NA,NA,NA,NA,NA,NA,NA,NA,NA,NA,NA,NA,NA,NA,NA,NA,NA,NA,NA,NA,NA,NA,NA,NA,"Nord-ovest",2,"Valle d'Aosta/Vallée d'Aoste","Valle d'Aosta/Vallée d'Aoste",0,32.8767123287671,NA,18.1818181818182,NA,NA,NA,NA,NA,NA,NA,68.8679245283019,12.5786163522013,NA,628.930817610063,487.421383647799,NA,NA,20471.5582417582,23.5294117647059,0.883002207505519,453.562893081761,1.48032277140841,NA,NA,NA,32.8767123287671,"Winter",139609,157247,5.67675380226828,12.1134583286198
8809,7069,"Valpelline","valpelline",2018-01-01,2018,1,"2018-01","Grand-Combin","Gennaio",470,218,7,542,625,175357,NA,NA,NA,NA,NA,NA,NA,NA,NA,NA,NA,NA,NA,NA,NA,NA,NA,NA,NA,NA,NA,NA,NA,NA,NA,"Nord-ovest",2,"Valle d'Aosta/Vallée d'Aoste","Valle d'Aosta/Vallée d'Aoste",0,29.6296296296296,NA,26.0869565217391,61.1428571428571,17.1428571428571,NA,NA,NA,NA,NA,69.8464025869038,13.5812449474535,NA,485.044462409054,247.857720291027,NA,NA,21144.0262582057,20.6971677559913,0.94170825878143,510.179466451091,1.50292287983928,NA,NA,NA,29.6296296296296,"Winter",182308,166468,5.3890717298165,12.0745848775673
8810,7069,"Valpelline","valpelline",2018-02-01,2018,2,"2018-02","Grand-Combin","Febbraio",687,389,7,542,625,155350,NA,NA,NA,NA,NA,NA,NA,NA,NA,NA,NA,NA,NA,NA,NA,NA,NA,NA,NA,NA,NA,NA,NA,NA,NA,"Nord-ovest",2,"Valle d'Aosta/Vallée d'Aoste","Valle d'Aosta/Vallée d'Aoste",0,29.6296296296296,NA,26.0869565217391,61.1428571428571,17.1428571428571,NA,NA,NA,NA,NA,69.8464025869038,13.5812449474535,NA,485.044462409054,247.857720291027,NA,NA,21144.0262582057,20.6971677559913,0.94170825878143,510.179466451091,1.50292287983928,NA,NA,NA,29.6296296296296,"Winter",175357,134401,5.96614673912369,11.953442351878
8811,7069,"Valpelline","valpelline",2018-03-01,2018,3,"2018-03","Grand-Combin","Marzo",510,316,7,542,625,160562,NA,NA,NA,NA,NA,NA,NA,NA,NA,NA,NA,NA,NA,NA,NA,NA,NA,NA,NA,NA,NA,NA,NA,NA,NA,"Nord-ovest",2,"Valle d'Aosta/Vallée d'Aoste","Valle d'Aosta/Vallée d'Aoste",0,29.6296296296296,NA,26.0869565217391,61.1428571428571,17.1428571428571,NA,NA,NA,NA,NA,69.8464025869038,13.5812449474535,NA,485.044462409054,247.857720291027,NA,NA,21144.0262582057,20.6971677559913,0.94170825878143,510.179466451091,1.50292287983928,NA,NA,NA,29.6296296296296,"Spring",155350,107872,5.75890177387728,11.9864416678996
8812,7069,"Valpelline","valpelline",2018-04-01,2018,4,"2018-04","Grand-Combin","Aprile",368,171,7,542,625,102962,NA,NA,NA,NA,NA,NA,NA,NA,NA,NA,NA,NA,NA,NA,NA,NA,NA,NA,NA,NA,NA,NA,NA,NA,NA,"Nord-ovest",2,"Valle d'Aosta/Vallée d'Aoste","Valle d'Aosta/Vallée d'Aoste",0,29.6296296296296,NA,26.0869565217391,61.1428571428571,17.1428571428571,NA,NA,NA,NA,NA,69.8464025869038,13.5812449474535,NA,485.044462409054,247.857720291027,NA,NA,21144.0262582057,20.6971677559913,0.94170825878143,510.179466451091,1.50292287983928,NA,NA,NA,29.6296296296296,"Spring",160562,77271,5.14749447681345,11.5421249793747
8813,7069,"Valpelline","valpelline",2018-05-01,2018,5,"2018-05","Grand-Combin","Maggio",285,208,7,542,625,67344,NA,NA,NA,NA,NA,NA,NA,NA,NA,NA,NA,NA,NA,NA,NA,NA,NA,NA,NA,NA,NA,NA,NA,NA,NA,"Nord-ovest",2,"Valle d'Aosta/Vallée d'Aoste","Valle d'Aosta/Vallée d'Aoste",0,29.6296296296296,NA,26.0869565217391,61.1428571428571,17.1428571428571,NA,NA,NA,NA,NA,69.8464025869038,13.5812449474535,NA,485.044462409054,247.857720291027,NA,NA,21144.0262582057,20.6971677559913,0.94170825878143,510.179466451091,1.50292287983928,NA,NA,NA,29.6296296296296,"Spring",102962,73003,5.34233425196481,11.1175839400329
8814,7069,"Valpelline","valpelline",2018-06-01,2018,6,"2018-06","Grand-Combin","Giugno",1041,498,7,542,625,56146,NA,NA,NA,NA,NA,NA,NA,NA,NA,NA,NA,NA,NA,NA,NA,NA,NA,NA,NA,NA,NA,NA,NA,NA,NA,"Nord-ovest",2,"Valle d'Aosta/Vallée d'Aoste","Valle d'Aosta/Vallée d'Aoste",0,29.6296296296296,NA,26.0869565217391,61.1428571428571,17.1428571428571,NA,NA,NA,NA,NA,69.8464025869038,13.5812449474535,NA,485.044462409054,247.857720291027,NA,NA,21144.0262582057,20.6971677559913,0.94170825878143,510.179466451091,1.50292287983928,NA,NA,NA,29.6296296296296,"Summer",67344,49161,6.21260609575152,10.9357285304222
8815,7069,"Valpelline","valpelline",2018-07-01,2018,7,"2018-07","Grand-Combin","Luglio",7162,1301,7,542,625,48982,NA,NA,NA,NA,NA,NA,NA,NA,NA,NA,NA,NA,NA,NA,NA,NA,NA,NA,NA,NA,NA,NA,NA,NA,NA,"Nord-ovest",2,"Valle d'Aosta/Vallée d'Aoste","Valle d'Aosta/Vallée d'Aoste",0,29.6296296296296,NA,26.0869565217391,61.1428571428571,17.1428571428571,NA,NA,NA,NA,NA,69.8464025869038,13.5812449474535,NA,485.044462409054,247.857720291027,NA,NA,21144.0262582057,20.6971677559913,0.94170825878143,510.179466451091,1.50292287983928,NA,NA,NA,29.6296296296296,"Summer",56146,54398,7.17165682276851,10.7992285781201
8816,7069,"Valpelline","valpelline",2018-08-01,2018,8,"2018-08","Grand-Combin","Agosto",8885,1323,7,542,625,48243,NA,NA,NA,NA,NA,NA,NA,NA,NA,NA,NA,NA,NA,NA,NA,NA,NA,NA,NA,NA,NA,NA,NA,NA,NA,"Nord-ovest",2,"Valle d'Aosta/Vallée d'Aoste","Valle d'Aosta/Vallée d'Aoste",0,29.6296296296296,NA,26.0869565217391,61.1428571428571,17.1428571428571,NA,NA,NA,NA,NA,69.8464025869038,13.5812449474535,NA,485.044462409054,247.857720291027,NA,NA,21144.0262582057,20.6971677559913,0.94170825878143,510.179466451091,1.50292287983928,NA,NA,NA,29.6296296296296,"Summer",48982,63700,7.18841273649695,10.7840267467031
8817,7069,"Valpelline","valpelline",2018-09-01,2018,9,"2018-09","Grand-Combin","Settembre",852,496,7,542,625,45080,NA,NA,NA,NA,NA,NA,NA,NA,NA,NA,NA,NA,NA,NA,NA,NA,NA,NA,NA,NA,NA,NA,NA,NA,NA,"Nord-ovest",2,"Valle d'Aosta/Vallée d'Aoste","Valle d'Aosta/Vallée d'Aoste",0,29.6296296296296,NA,26.0869565217391,61.1428571428571,17.1428571428571,NA,NA,NA,NA,NA,69.8464025869038,13.5812449474535,NA,485.044462409054,247.857720291027,NA,NA,21144.0262582057,20.6971677559913,0.94170825878143,510.179466451091,1.50292287983928,NA,NA,NA,29.6296296296296,"Autumn",48243,66113,6.20859002609663,10.7162161506938
8818,7069,"Valpelline","valpelline",2018-10-01,2018,10,"2018-10","Grand-Combin","Ottobre",301,218,7,542,625,84668,NA,NA,NA,NA,NA,NA,NA,NA,NA,NA,NA,NA,NA,NA,NA,NA,NA,NA,NA,NA,NA,NA,NA,NA,NA,"Nord-ovest",2,"Valle d'Aosta/Vallée d'Aoste","Valle d'Aosta/Vallée d'Aoste",0,29.6296296296296,NA,26.0869565217391,61.1428571428571,17.1428571428571,NA,NA,NA,NA,NA,69.8464025869038,13.5812449474535,NA,485.044462409054,247.857720291027,NA,NA,21144.0262582057,20.6971677559913,0.94170825878143,510.179466451091,1.50292287983928,NA,NA,NA,29.6296296296296,"Autumn",45080,82766,5.3890717298165,11.3465048160079
8819,7069,"Valpelline","valpelline",2018-11-01,2018,11,"2018-11","Grand-Combin","Novembre",367,248,7,542,625,134323,NA,NA,NA,NA,NA,NA,NA,NA,NA,NA,NA,NA,NA,NA,NA,NA,NA,NA,NA,NA,NA,NA,NA,NA,NA,"Nord-ovest",2,"Valle d'Aosta/Vallée d'Aoste","Valle d'Aosta/Vallée d'Aoste",0,29.6296296296296,NA,26.0869565217391,61.1428571428571,17.1428571428571,NA,NA,NA,NA,NA,69.8464025869038,13.5812449474535,NA,485.044462409054,247.857720291027,NA,NA,21144.0262582057,20.6971677559913,0.94170825878143,510.179466451091,1.50292287983928,NA,NA,NA,29.6296296296296,"Autumn",84668,139609,5.51745289646471,11.8080100709388
8820,7069,"Valpelline","valpelline",2018-12-01,2018,12,"2018-12","Grand-Combin","Dicembre",671,323,7,542,625,169105,NA,NA,NA,NA,NA,NA,NA,NA,NA,NA,NA,NA,NA,NA,NA,NA,NA,NA,NA,NA,NA,NA,NA,NA,NA,"Nord-ovest",2,"Valle d'Aosta/Vallée d'Aoste","Valle d'Aosta/Vallée d'Aoste",0,29.6296296296296,NA,26.0869565217391,61.1428571428571,17.1428571428571,NA,NA,NA,NA,NA,69.8464025869038,13.5812449474535,NA,485.044462409054,247.857720291027,NA,NA,21144.0262582057,20.6971677559913,0.94170825878143,510.179466451091,1.50292287983928,NA,NA,NA,29.6296296296296,"Winter",134323,182308,5.78074351579233,12.0382810162205
8821,7069,"Valpelline","valpelline",2019-01-01,2019,1,"2019-01","Grand-Combin","Gennaio",427,167,6,485,598,182502,69,8,0.321890932795449,840.327585800588,-3.10963016740992,41.5416532590852,605,5,6,-1,37,26,11,7,0,7,0,-4,13,618,305,617,2,1,1,"Nord-ovest",2,"Valle d'Aosta/Vallée d'Aoste","Valle d'Aosta/Vallée d'Aoste",0,28.2110091743119,NA,24,68.4210526315789,18.7134502923977,NA,NA,NA,NA,NA,71.3000817661488,13.0825838103025,163.532297628782,490.596892886345,987.735077677841,NA,NA,21217.9017857143,20.7505518763797,1.12372176649062,512.695012264922,1.50746415836167,4.22077922077922,42.7509293680297,54.8327137546468,28.2110091743119,"Winter",169105,175357,5.12396397940326,12.1145218902257
8822,7069,"Valpelline","valpelline",2019-02-01,2019,2,"2019-02","Grand-Combin","Febbraio",388,273,6,485,598,153290,69,8,0.30258252752897,846.676181483318,0.462896806282592,36.1619596489347,605,5,6,-1,37,26,11,7,0,7,0,-4,13,618,305,617,2,1,1,"Nord-ovest",2,"Valle d'Aosta/Vallée d'Aoste","Valle d'Aosta/Vallée d'Aoste",0,28.2110091743119,NA,24,68.4210526315789,18.7134502923977,NA,NA,NA,NA,NA,71.3000817661488,13.0825838103025,163.532297628782,490.596892886345,987.735077677841,NA,NA,21217.9017857143,20.7505518763797,1.12372176649062,512.695012264922,1.50746415836167,4.22077922077922,42.7509293680297,54.8327137546468,28.2110091743119,"Winter",182502,155350,5.61312810638807,11.9400933547216
8823,7069,"Valpelline","valpelline",2019-03-01,2019,3,"2019-03","Grand-Combin","Marzo",410,251,6,485,598,129502,69,8,0.3056324758908,840.124769867255,1.03848135739548,41.6723077974759,605,5,6,-1,37,26,11,7,0,7,0,-4,13,618,305,617,2,1,1,"Nord-ovest",2,"Valle d'Aosta/Vallée d'Aoste","Valle d'Aosta/Vallée d'Aoste",0,28.2110091743119,NA,24,68.4210526315789,18.7134502923977,NA,NA,NA,NA,NA,71.3000817661488,13.0825838103025,163.532297628782,490.596892886345,987.735077677841,NA,NA,21217.9017857143,20.7505518763797,1.12372176649062,512.695012264922,1.50746415836167,4.22077922077922,42.7509293680297,54.8327137546468,28.2110091743119,"Spring",153290,160562,5.52942908751142,11.7714593258766
8824,7069,"Valpelline","valpelline",2019-04-01,2019,4,"2019-04","Grand-Combin","Aprile",339,213,6,485,598,97758,69,8,0.950033545884972,856.083116623188,2.4853251412708,50.5603172612771,605,5,6,-1,37,26,11,7,0,7,0,-4,13,618,305,617,2,1,1,"Nord-ovest",2,"Valle d'Aosta/Vallée d'Aoste","Valle d'Aosta/Vallée d'Aoste",0,28.2110091743119,NA,24,68.4210526315789,18.7134502923977,NA,NA,NA,NA,NA,71.3000817661488,13.0825838103025,163.532297628782,490.596892886345,987.735077677841,NA,NA,21217.9017857143,20.7505518763797,1.12372176649062,512.695012264922,1.50746415836167,4.22077922077922,42.7509293680297,54.8327137546468,28.2110091743119,"Spring",129502,102962,5.36597601502185,11.4902605452205
8825,7069,"Valpelline","valpelline",2019-05-01,2019,5,"2019-05","Grand-Combin","Maggio",271,173,6,485,598,75862,69,8,0.879676628676393,852.05701972892,5.39188721215445,36.0214163556754,605,5,6,-1,37,26,11,7,0,7,0,-4,13,618,305,617,2,1,1,"Nord-ovest",2,"Valle d'Aosta/Vallée d'Aoste","Valle d'Aosta/Vallée d'Aoste",0,28.2110091743119,NA,24,68.4210526315789,18.7134502923977,NA,NA,NA,NA,NA,71.3000817661488,13.0825838103025,163.532297628782,490.596892886345,987.735077677841,NA,NA,21217.9017857143,20.7505518763797,1.12372176649062,512.695012264922,1.50746415836167,4.22077922077922,42.7509293680297,54.8327137546468,28.2110091743119,"Spring",97758,67344,5.15905529921453,11.236684360994
8826,7069,"Valpelline","valpelline",2019-06-01,2019,6,"2019-06","Grand-Combin","Giugno",1449,650,6,485,598,53668,69,8,0.856736705592703,857.981917351188,13.0432955873705,49.5000611596944,605,5,6,-1,37,26,11,7,0,7,0,-4,13,618,305,617,2,1,1,"Nord-ovest",2,"Valle d'Aosta/Vallée d'Aoste","Valle d'Aosta/Vallée d'Aoste",0,28.2110091743119,NA,24,68.4210526315789,18.7134502923977,NA,NA,NA,NA,NA,71.3000817661488,13.0825838103025,163.532297628782,490.596892886345,987.735077677841,NA,NA,21217.9017857143,20.7505518763797,1.12372176649062,512.695012264922,1.50746415836167,4.22077922077922,42.7509293680297,54.8327137546468,28.2110091743119,"Summer",75862,56146,6.47850964220857,10.8905908326142
8827,7069,"Valpelline","valpelline",2019-07-01,2019,7,"2019-07","Grand-Combin","Luglio",7394,1569,6,485,598,47220,69,8,1.23140909773887,868.241798130716,15.0639108703014,56.4763817075776,605,5,6,-1,37,26,11,7,0,7,0,-4,13,618,305,617,2,1,1,"Nord-ovest",2,"Valle d'Aosta/Vallée d'Aoste","Valle d'Aosta/Vallée d'Aoste",0,28.2110091743119,NA,24,68.4210526315789,18.7134502923977,NA,NA,NA,NA,NA,71.3000817661488,13.0825838103025,163.532297628782,490.596892886345,987.735077677841,NA,NA,21217.9017857143,20.7505518763797,1.12372176649062,512.695012264922,1.50746415836167,4.22077922077922,42.7509293680297,54.8327137546468,28.2110091743119,"Summer",53668,48982,7.35883089834235,10.7625939878824
8828,7069,"Valpelline","valpelline",2019-08-01,2019,8,"2019-08","Grand-Combin","Agosto",8616,1536,6,485,598,46268,69,8,1.23672843275388,862.860025119612,12.8217736242855,72.0121392695814,605,5,6,-1,37,26,11,7,0,7,0,-4,13,618,305,617,2,1,1,"Nord-ovest",2,"Valle d'Aosta/Vallée d'Aoste","Valle d'Aosta/Vallée d'Aoste",0,28.2110091743119,NA,24,68.4210526315789,18.7134502923977,NA,NA,NA,NA,NA,71.3000817661488,13.0825838103025,163.532297628782,490.596892886345,987.735077677841,NA,NA,21217.9017857143,20.7505518763797,1.12372176649062,512.695012264922,1.50746415836167,4.22077922077922,42.7509293680297,54.8327137546468,28.2110091743119,"Summer",47220,48243,7.3375877435386,10.7422274693917
8829,7069,"Valpelline","valpelline",2019-09-01,2019,9,"2019-09","Grand-Combin","Settembre",842,484,6,485,598,45156,69,8,0.354928134073867,857.350217696003,10.4595679138628,64.9217806545918,605,5,6,-1,37,26,11,7,0,7,0,-4,13,618,305,617,2,1,1,"Nord-ovest",2,"Valle d'Aosta/Vallée d'Aoste","Valle d'Aosta/Vallée d'Aoste",0,28.2110091743119,NA,24,68.4210526315789,18.7134502923977,NA,NA,NA,NA,NA,71.3000817661488,13.0825838103025,163.532297628782,490.596892886345,987.735077677841,NA,NA,21217.9017857143,20.7505518763797,1.12372176649062,512.695012264922,1.50746415836167,4.22077922077922,42.7509293680297,54.8327137546468,28.2110091743119,"Autumn",46268,45080,6.18414889093748,10.7179005855876
8830,7069,"Valpelline","valpelline",2019-10-01,2019,10,"2019-10","Grand-Combin","Ottobre",210,164,6,485,598,72126,69,8,1.84133741419918,844.758525789314,6.77930964567098,75.1778456595907,605,5,6,-1,37,26,11,7,0,7,0,-4,13,618,305,617,2,1,1,"Nord-ovest",2,"Valle d'Aosta/Vallée d'Aoste","Valle d'Aosta/Vallée d'Aoste",0,28.2110091743119,NA,24,68.4210526315789,18.7134502923977,NA,NA,NA,NA,NA,71.3000817661488,13.0825838103025,163.532297628782,490.596892886345,987.735077677841,NA,NA,21217.9017857143,20.7505518763797,1.12372176649062,512.695012264922,1.50746415836167,4.22077922077922,42.7509293680297,54.8327137546468,28.2110091743119,"Autumn",45156,84668,5.10594547390058,11.186183733062
8831,7069,"Valpelline","valpelline",2019-11-01,2019,11,"2019-11","Grand-Combin","Novembre",364,260,6,485,598,122700,69,8,2.00125378590648,833.678207780837,-0.751030703323336,81.7862709064694,605,5,6,-1,37,26,11,7,0,7,0,-4,13,618,305,617,2,1,1,"Nord-ovest",2,"Valle d'Aosta/Vallée d'Aoste","Valle d'Aosta/Vallée d'Aoste",0,28.2110091743119,NA,24,68.4210526315789,18.7134502923977,NA,NA,NA,NA,NA,71.3000817661488,13.0825838103025,163.532297628782,490.596892886345,987.735077677841,NA,NA,21217.9017857143,20.7505518763797,1.12372176649062,512.695012264922,1.50746415836167,4.22077922077922,42.7509293680297,54.8327137546468,28.2110091743119,"Autumn",72126,134323,5.56452040732269,11.717505780625
8832,7069,"Valpelline","valpelline",2019-12-01,2019,12,"2019-12","Grand-Combin","Dicembre",622,264,6,485,598,135517,69,8,1.17612511493744,839.033542613141,-0.7633936013646,64.5803424410132,605,5,6,-1,37,26,11,7,0,7,0,-4,13,618,305,617,2,1,1,"Nord-ovest",2,"Valle d'Aosta/Vallée d'Aoste","Valle d'Aosta/Vallée d'Aoste",0,28.2110091743119,NA,24,68.4210526315789,18.7134502923977,NA,NA,NA,NA,NA,71.3000817661488,13.0825838103025,163.532297628782,490.596892886345,987.735077677841,NA,NA,21217.9017857143,20.7505518763797,1.12372176649062,512.695012264922,1.50746415836167,4.22077922077922,42.7509293680297,54.8327137546468,28.2110091743119,"Winter",122700,169105,5.57972982598622,11.8168597518077
8833,7069,"Valpelline","valpelline",2020-01-01,2020,1,"2020-01","Grand-Combin","Gennaio",753,303,6,485,605,149373,69,8,0.308826059069365,847.280438749414,-2.24675164104142,51.51906071722,618,2,4,-2,14,26,-12,4,3,1,0,-11,-24,594,304,592,2,1,2,"Nord-ovest",2,"Valle d'Aosta/Vallée d'Aoste","Valle d'Aosta/Vallée d'Aoste",0,25.1748251748252,NA,17.3913043478261,64.7798742138365,17.6100628930818,NA,NA,NA,NA,NA,70.7920792079208,13.5313531353135,165.016501650165,330.03300330033,330.03300330033,NA,NA,21680.3923766816,22.075055187638,1.24347177319075,692.163366336634,1.57915816375184,NA,NA,NA,25.1748251748252,"Winter",135517,182502,5.71702770140622,11.9142085070848
8834,7069,"Valpelline","valpelline",2020-02-01,2020,2,"2020-02","Grand-Combin","Febbraio",623,326,6,485,605,140597,69,8,0.803628247004216,843.862182146956,-0.298988528386362,47.8915751017532,618,2,4,-2,14,26,-12,4,3,1,0,-11,-24,594,304,592,2,1,2,"Nord-ovest",2,"Valle d'Aosta/Vallée d'Aoste","Valle d'Aosta/Vallée d'Aoste",0,25.1748251748252,NA,17.3913043478261,64.7798742138365,17.6100628930818,NA,NA,NA,NA,NA,70.7920792079208,13.5313531353135,165.016501650165,330.03300330033,330.03300330033,NA,NA,21680.3923766816,22.075055187638,1.24347177319075,692.163366336634,1.57915816375184,NA,NA,NA,25.1748251748252,"Winter",149373,153290,5.78996017089725,11.8536600335065
8835,7069,"Valpelline","valpelline",2020-03-01,2020,3,"2020-03","Grand-Combin","Marzo",24,18,6,485,605,141908,69,8,0.668622676552312,841.273726910719,-0.508666741849047,55.7987898197848,618,2,4,-2,14,26,-12,4,3,1,0,-11,-24,594,304,592,2,1,2,"Nord-ovest",2,"Valle d'Aosta/Vallée d'Aoste","Valle d'Aosta/Vallée d'Aoste",0,25.1748251748252,NA,17.3913043478261,64.7798742138365,17.6100628930818,NA,NA,NA,NA,NA,70.7920792079208,13.5313531353135,165.016501650165,330.03300330033,330.03300330033,NA,NA,21680.3923766816,22.075055187638,1.24347177319075,692.163366336634,1.57915816375184,NA,NA,NA,25.1748251748252,"Spring",140597,129502,2.94443897916644,11.862941286084
8836,7069,"Valpelline","valpelline",2020-04-01,2020,4,"2020-04","Grand-Combin","Aprile",0,0,6,485,605,83215,69,8,0.848662926145116,844.217246876324,4.72133549405505,49.157329138376,618,2,4,-2,14,26,-12,4,3,1,0,-11,-24,594,304,592,2,1,2,"Nord-ovest",2,"Valle d'Aosta/Vallée d'Aoste","Valle d'Aosta/Vallée d'Aoste",0,25.1748251748252,NA,17.3913043478261,64.7798742138365,17.6100628930818,NA,NA,NA,NA,NA,70.7920792079208,13.5313531353135,165.016501650165,330.03300330033,330.03300330033,NA,NA,21680.3923766816,22.075055187638,1.24347177319075,692.163366336634,1.57915816375184,NA,NA,NA,25.1748251748252,"Spring",141908,97758,0,11.3291949160129
8837,7069,"Valpelline","valpelline",2020-05-01,2020,5,"2020-05","Grand-Combin","Maggio",0,0,6,485,605,56763,69,8,2.01570638934069,850.002438439476,8.49145182984606,63.2484517253991,618,2,4,-2,14,26,-12,4,3,1,0,-11,-24,594,304,592,2,1,2,"Nord-ovest",2,"Valle d'Aosta/Vallée d'Aoste","Valle d'Aosta/Vallée d'Aoste",0,25.1748251748252,NA,17.3913043478261,64.7798742138365,17.6100628930818,NA,NA,NA,NA,NA,70.7920792079208,13.5313531353135,165.016501650165,330.03300330033,330.03300330033,NA,NA,21680.3923766816,22.075055187638,1.24347177319075,692.163366336634,1.57915816375184,NA,NA,NA,25.1748251748252,"Spring",83215,75862,0,10.9466576009544
8838,7069,"Valpelline","valpelline",2020-06-01,2020,6,"2020-06","Grand-Combin","Giugno",122,81,6,485,605,48362,69,8,1.74892720081559,846.667538714928,10.2264830011118,68.4004232174338,618,2,4,-2,14,26,-12,4,3,1,0,-11,-24,594,304,592,2,1,2,"Nord-ovest",2,"Valle d'Aosta/Vallée d'Aoste","Valle d'Aosta/Vallée d'Aoste",0,25.1748251748252,NA,17.3913043478261,64.7798742138365,17.6100628930818,NA,NA,NA,NA,NA,70.7920792079208,13.5313531353135,165.016501650165,330.03300330033,330.03300330033,NA,NA,21680.3923766816,22.075055187638,1.24347177319075,692.163366336634,1.57915816375184,NA,NA,NA,25.1748251748252,"Summer",56763,53668,4.40671924726425,10.7864903375441
8839,7069,"Valpelline","valpelline",2020-07-01,2020,7,"2020-07","Grand-Combin","Luglio",1185,430,6,485,605,51890,69,8,0.453368428911519,862.971793085675,13.9989884219028,59.5748424509754,618,2,4,-2,14,26,-12,4,3,1,0,-11,-24,594,304,592,2,1,2,"Nord-ovest",2,"Valle d'Aosta/Vallée d'Aoste","Valle d'Aosta/Vallée d'Aoste",0,25.1748251748252,NA,17.3913043478261,64.7798742138365,17.6100628930818,NA,NA,NA,NA,NA,70.7920792079208,13.5313531353135,165.016501650165,330.03300330033,330.03300330033,NA,NA,21680.3923766816,22.075055187638,1.24347177319075,692.163366336634,1.57915816375184,NA,NA,NA,25.1748251748252,"Summer",48362,47220,6.06610809010375,10.856900643712
8840,7069,"Valpelline","valpelline",2020-08-01,2020,8,"2020-08","Grand-Combin","Agosto",1919,420,6,485,605,52231,69,8,1.3896349150808,858.733344024211,13.7914631712644,61.6537984898551,618,2,4,-2,14,26,-12,4,3,1,0,-11,-24,594,304,592,2,1,2,"Nord-ovest",2,"Valle d'Aosta/Vallée d'Aoste","Valle d'Aosta/Vallée d'Aoste",0,25.1748251748252,NA,17.3913043478261,64.7798742138365,17.6100628930818,NA,NA,NA,NA,NA,70.7920792079208,13.5313531353135,165.016501650165,330.03300330033,330.03300330033,NA,NA,21680.3923766816,22.075055187638,1.24347177319075,692.163366336634,1.57915816375184,NA,NA,NA,25.1748251748252,"Summer",51890,46268,6.04263283368238,10.8634506128665
8841,7069,"Valpelline","valpelline",2020-09-01,2020,9,"2020-09","Grand-Combin","Settembre",626,312,6,485,605,34847,69,8,0.77500020874078,848.533702323014,9.93817028859661,70.1713711712976,618,2,4,-2,14,26,-12,4,3,1,0,-11,-24,594,304,592,2,1,2,"Nord-ovest",2,"Valle d'Aosta/Vallée d'Aoste","Valle d'Aosta/Vallée d'Aoste",0,25.1748251748252,NA,17.3913043478261,64.7798742138365,17.6100628930818,NA,NA,NA,NA,NA,70.7920792079208,13.5313531353135,165.016501650165,330.03300330033,330.03300330033,NA,NA,21680.3923766816,22.075055187638,1.24347177319075,692.163366336634,1.57915816375184,NA,NA,NA,25.1748251748252,"Autumn",52231,45156,5.74620319054015,10.4587510257327
8842,7069,"Valpelline","valpelline",2020-10-01,2020,10,"2020-10","Grand-Combin","Ottobre",71,45,6,485,605,108143,69,8,1.51098004643572,844.200615072447,4.75663291405868,68.0630775060796,618,2,4,-2,14,26,-12,4,3,1,0,-11,-24,594,304,592,2,1,2,"Nord-ovest",2,"Valle d'Aosta/Vallée d'Aoste","Valle d'Aosta/Vallée d'Aoste",0,25.1748251748252,NA,17.3913043478261,64.7798742138365,17.6100628930818,NA,NA,NA,NA,NA,70.7920792079208,13.5313531353135,165.016501650165,330.03300330033,330.03300330033,NA,NA,21680.3923766816,22.075055187638,1.24347177319075,692.163366336634,1.57915816375184,NA,NA,NA,25.1748251748252,"Autumn",34847,72126,3.8286413964891,11.5912189513401
8843,7069,"Valpelline","valpelline",2020-11-01,2020,11,"2020-11","Grand-Combin","Novembre",0,0,6,485,605,118345,69,8,0.103443172272836,852.101447902553,2.71858012756969,62.5775531583377,618,2,4,-2,14,26,-12,4,3,1,0,-11,-24,594,304,592,2,1,2,"Nord-ovest",2,"Valle d'Aosta/Vallée d'Aoste","Valle d'Aosta/Vallée d'Aoste",0,25.1748251748252,NA,17.3913043478261,64.7798742138365,17.6100628930818,NA,NA,NA,NA,NA,70.7920792079208,13.5313531353135,165.016501650165,330.03300330033,330.03300330033,NA,NA,21680.3923766816,22.075055187638,1.24347177319075,692.163366336634,1.57915816375184,NA,NA,NA,25.1748251748252,"Autumn",108143,122700,0,11.6813678163144
8844,7069,"Valpelline","valpelline",2020-12-01,2020,12,"2020-12","Grand-Combin","Dicembre",0,0,6,485,605,140354,69,8,0.564451286414067,833.54298834905,-3.26888304182212,71.0440644703086,618,2,4,-2,14,26,-12,4,3,1,0,-11,-24,594,304,592,2,1,2,"Nord-ovest",2,"Valle d'Aosta/Vallée d'Aoste","Valle d'Aosta/Vallée d'Aoste",0,25.1748251748252,NA,17.3913043478261,64.7798742138365,17.6100628930818,NA,NA,NA,NA,NA,70.7920792079208,13.5313531353135,165.016501650165,330.03300330033,330.03300330033,NA,NA,21680.3923766816,22.075055187638,1.24347177319075,692.163366336634,1.57915816375184,NA,NA,NA,25.1748251748252,"Winter",118345,135517,0,11.8519302063781
8845,7069,"Valpelline","valpelline",2021-01-01,2021,1,"2021-01","Grand-Combin","Gennaio",0,0,6,485,618,155230,69,8,0.947211233749923,835.91611014783,-4.59110890040736,62.898407542671,594,4,7,-3,18,19,-1,4,3,1,0,0,-3,591,302,590,2,1,1,"Nord-ovest",2,"Valle d'Aosta/Vallée d'Aoste","Valle d'Aosta/Vallée d'Aoste",0,24.1379310344828,NA,18.1818181818182,69.0789473684211,23.0263157894737,NA,NA,NA,NA,NA,73.4177215189873,13.8396624472574,168.776371308017,168.776371308017,843.881856540084,NA,NA,21801.2253829322,19.5698924731183,1.17137167623287,612.578902953587,1.57915816375184,5.93285627943984,43.1146367199179,53.5104364326376,24.1379310344828,"Winter",140354,149373,0,11.9526696090535
8846,7069,"Valpelline","valpelline",2021-02-01,2021,2,"2021-02","Grand-Combin","Febbraio",0,0,6,485,618,131002,69,8,0.381387161082195,793.181188216163,-0.908089625942259,62.8979211497578,594,4,7,-3,18,19,-1,4,3,1,0,0,-3,591,302,590,2,1,1,"Nord-ovest",2,"Valle d'Aosta/Vallée d'Aoste","Valle d'Aosta/Vallée d'Aoste",0,24.1379310344828,NA,18.1818181818182,69.0789473684211,23.0263157894737,NA,NA,NA,NA,NA,73.4177215189873,13.8396624472574,168.776371308017,168.776371308017,843.881856540084,NA,NA,21801.2253829322,19.5698924731183,1.17137167623287,612.578902953587,1.57915816375184,5.93285627943984,43.1146367199179,53.5104364326376,24.1379310344828,"Winter",155230,140597,0,11.7829755026844
8847,7069,"Valpelline","valpelline",2021-03-01,2021,3,"2021-03","Grand-Combin","Marzo",0,0,6,485,618,77980,69,8,0.210619611585759,815.468276970923,0.11924396894851,44.4917826183284,594,4,7,-3,18,19,-1,4,3,1,0,0,-3,591,302,590,2,1,1,"Nord-ovest",2,"Valle d'Aosta/Vallée d'Aoste","Valle d'Aosta/Vallée d'Aoste",0,24.1379310344828,NA,18.1818181818182,69.0789473684211,23.0263157894737,NA,NA,NA,NA,NA,73.4177215189873,13.8396624472574,168.776371308017,168.776371308017,843.881856540084,NA,NA,21801.2253829322,19.5698924731183,1.17137167623287,612.578902953587,1.57915816375184,5.93285627943984,43.1146367199179,53.5104364326376,24.1379310344828,"Spring",131002,141908,0,11.2642204862553
8848,7069,"Valpelline","valpelline",2021-04-01,2021,4,"2021-04","Grand-Combin","Aprile",0,0,6,485,618,62897,69,8,1.06378372160866,845.308191817194,1.04210527151142,50.0285251457731,594,4,7,-3,18,19,-1,4,3,1,0,0,-3,591,302,590,2,1,1,"Nord-ovest",2,"Valle d'Aosta/Vallée d'Aoste","Valle d'Aosta/Vallée d'Aoste",0,24.1379310344828,NA,18.1818181818182,69.0789473684211,23.0263157894737,NA,NA,NA,NA,NA,73.4177215189873,13.8396624472574,168.776371308017,168.776371308017,843.881856540084,NA,NA,21801.2253829322,19.5698924731183,1.17137167623287,612.578902953587,1.57915816375184,5.93285627943984,43.1146367199179,53.5104364326376,24.1379310344828,"Spring",77980,83215,0,11.0492696456806
8849,7069,"Valpelline","valpelline",2021-05-01,2021,5,"2021-05","Grand-Combin","Maggio",0,0,6,485,618,48761,69,8,1.77629622679925,860.300174628429,4.58952301600473,31.62535224487,594,4,7,-3,18,19,-1,4,3,1,0,0,-3,591,302,590,2,1,1,"Nord-ovest",2,"Valle d'Aosta/Vallée d'Aoste","Valle d'Aosta/Vallée d'Aoste",0,24.1379310344828,NA,18.1818181818182,69.0789473684211,23.0263157894737,NA,NA,NA,NA,NA,73.4177215189873,13.8396624472574,168.776371308017,168.776371308017,843.881856540084,NA,NA,21801.2253829322,19.5698924731183,1.17137167623287,612.578902953587,1.57915816375184,5.93285627943984,43.1146367199179,53.5104364326376,24.1379310344828,"Spring",62897,56763,0,10.7947065999813
8850,7069,"Valpelline","valpelline",2021-06-01,2021,6,"2021-06","Grand-Combin","Giugno",413,183,6,485,618,35295,69,8,1.51782945054185,859.889366627437,11.6718323810819,65.5607515076363,594,4,7,-3,18,19,-1,4,3,1,0,0,-3,591,302,590,2,1,1,"Nord-ovest",2,"Valle d'Aosta/Vallée d'Aoste","Valle d'Aosta/Vallée d'Aoste",0,24.1379310344828,NA,18.1818181818182,69.0789473684211,23.0263157894737,NA,NA,NA,NA,NA,73.4177215189873,13.8396624472574,168.776371308017,168.776371308017,843.881856540084,NA,NA,21801.2253829322,19.5698924731183,1.17137167623287,612.578902953587,1.57915816375184,5.93285627943984,43.1146367199179,53.5104364326376,24.1379310344828,"Summer",48761,48362,5.21493575760899,10.4715249220532
8851,7069,"Valpelline","valpelline",2021-07-01,2021,7,"2021-07","Grand-Combin","Luglio",6258,1298,6,485,618,34971,69,8,1.72590902843325,855.003701069741,12.2131476251791,62.0444825082518,594,4,7,-3,18,19,-1,4,3,1,0,0,-3,591,302,590,2,1,1,"Nord-ovest",2,"Valle d'Aosta/Vallée d'Aoste","Valle d'Aosta/Vallée d'Aoste",0,24.1379310344828,NA,18.1818181818182,69.0789473684211,23.0263157894737,NA,NA,NA,NA,NA,73.4177215189873,13.8396624472574,168.776371308017,168.776371308017,843.881856540084,NA,NA,21801.2253829322,19.5698924731183,1.17137167623287,612.578902953587,1.57915816375184,5.93285627943984,43.1146367199179,53.5104364326376,24.1379310344828,"Summer",35295,51890,7.1693500166706,10.4623030203008
8852,7069,"Valpelline","valpelline",2021-08-01,2021,8,"2021-08","Grand-Combin","Agosto",4215,378,6,485,618,35152,69,8,0.540071180970925,859.57558514589,12.6889267323543,43.9664538887219,594,4,7,-3,18,19,-1,4,3,1,0,0,-3,591,302,590,2,1,1,"Nord-ovest",2,"Valle d'Aosta/Vallée d'Aoste","Valle d'Aosta/Vallée d'Aoste",0,24.1379310344828,NA,18.1818181818182,69.0789473684211,23.0263157894737,NA,NA,NA,NA,NA,73.4177215189873,13.8396624472574,168.776371308017,168.776371308017,843.881856540084,NA,NA,21801.2253829322,19.5698924731183,1.17137167623287,612.578902953587,1.57915816375184,5.93285627943984,43.1146367199179,53.5104364326376,24.1379310344828,"Summer",34971,52231,5.93753620508243,10.4674652421032
8853,7069,"Valpelline","valpelline",2021-09-01,2021,9,"2021-09","Grand-Combin","Settembre",637,323,6,485,618,35515,69,8,1.24217004571112,858.030077845555,10.7109883368092,73.9301734358455,594,4,7,-3,18,19,-1,4,3,1,0,0,-3,591,302,590,2,1,1,"Nord-ovest",2,"Valle d'Aosta/Vallée d'Aoste","Valle d'Aosta/Vallée d'Aoste",0,24.1379310344828,NA,18.1818181818182,69.0789473684211,23.0263157894737,NA,NA,NA,NA,NA,73.4177215189873,13.8396624472574,168.776371308017,168.776371308017,843.881856540084,NA,NA,21801.2253829322,19.5698924731183,1.17137167623287,612.578902953587,1.57915816375184,5.93285627943984,43.1146367199179,53.5104364326376,24.1379310344828,"Autumn",35152,34847,5.78074351579233,10.4777385781522
8854,7069,"Valpelline","valpelline",2021-10-01,2021,10,"2021-10","Grand-Combin","Ottobre",351,259,6,485,618,80328,69,8,1.06379005818484,851.570134521695,5.43331771681253,63.5509886745261,594,4,7,-3,18,19,-1,4,3,1,0,0,-3,591,302,590,2,1,1,"Nord-ovest",2,"Valle d'Aosta/Vallée d'Aoste","Valle d'Aosta/Vallée d'Aoste",0,24.1379310344828,NA,18.1818181818182,69.0789473684211,23.0263157894737,NA,NA,NA,NA,NA,73.4177215189873,13.8396624472574,168.776371308017,168.776371308017,843.881856540084,NA,NA,21801.2253829322,19.5698924731183,1.17137167623287,612.578902953587,1.57915816375184,5.93285627943984,43.1146367199179,53.5104364326376,24.1379310344828,"Autumn",35515,108143,5.56068163101553,11.2938859804411
8855,7069,"Valpelline","valpelline",2021-11-01,2021,11,"2021-11","Grand-Combin","Novembre",286,237,6,485,618,131693,69,8,0.500140559499928,838.60361822807,1.03018632012044,65.2985683063443,594,4,7,-3,18,19,-1,4,3,1,0,0,-3,591,302,590,2,1,1,"Nord-ovest",2,"Valle d'Aosta/Vallée d'Aoste","Valle d'Aosta/Vallée d'Aoste",0,24.1379310344828,NA,18.1818181818182,69.0789473684211,23.0263157894737,NA,NA,NA,NA,NA,73.4177215189873,13.8396624472574,168.776371308017,168.776371308017,843.881856540084,NA,NA,21801.2253829322,19.5698924731183,1.17137167623287,612.578902953587,1.57915816375184,5.93285627943984,43.1146367199179,53.5104364326376,24.1379310344828,"Autumn",80328,118345,5.47227067367148,11.788236328607
8856,7069,"Valpelline","valpelline",2021-12-01,2021,12,"2021-12","Grand-Combin","Dicembre",486,281,6,485,618,146258,69,8,0.907259622787946,838.049778209201,-0.526366527649529,54.2599502623035,594,4,7,-3,18,19,-1,4,3,1,0,0,-3,591,302,590,2,1,1,"Nord-ovest",2,"Valle d'Aosta/Vallée d'Aoste","Valle d'Aosta/Vallée d'Aoste",0,24.1379310344828,NA,18.1818181818182,69.0789473684211,23.0263157894737,NA,NA,NA,NA,NA,73.4177215189873,13.8396624472574,168.776371308017,168.776371308017,843.881856540084,NA,NA,21801.2253829322,19.5698924731183,1.17137167623287,612.578902953587,1.57915816375184,5.93285627943984,43.1146367199179,53.5104364326376,24.1379310344828,"Winter",131693,140354,5.64190707093811,11.8931343016622
8857,7069,"Valpelline","valpelline",2022-01-01,2022,1,"2022-01","Grand-Combin","Gennaio",538,192,6,485,594,147521,69,8,0.209407656926659,847.917447061724,0.0350742920980304,38.6459895130209,591,5,5,0,25,27,-2,7,0,7,0,-1,4,595,302,593,2,1,2,"Nord-ovest",2,"Valle d'Aosta/Vallée d'Aoste","Valle d'Aosta/Vallée d'Aoste",0,20.7943925233645,NA,26.0869565217391,70.5128205128205,26.9230769230769,NA,NA,NA,NA,NA,72.1753794266442,14.3338954468803,168.634064080944,168.634064080944,674.536256323777,NA,NA,23107.0107296137,19.017094017094,NA,NA,1.58,4.84521374429719,46.1578354589917,51.2333965844402,20.7943925233645,"Winter",146258,155230,5.26269018890489,11.9017325961822
8858,7069,"Valpelline","valpelline",2022-02-01,2022,2,"2022-02","Grand-Combin","Febbraio",325,248,6,485,594,133314,69,8,0.164807017131809,855.442336809705,-0.13218550324545,43.3754744102344,591,5,5,0,25,27,-2,7,0,7,0,-1,4,595,302,593,2,1,2,"Nord-ovest",2,"Valle d'Aosta/Vallée d'Aoste","Valle d'Aosta/Vallée d'Aoste",0,20.7943925233645,NA,26.0869565217391,70.5128205128205,26.9230769230769,NA,NA,NA,NA,NA,72.1753794266442,14.3338954468803,168.634064080944,168.634064080944,674.536256323777,NA,NA,23107.0107296137,19.017094017094,NA,NA,1.58,4.84521374429719,46.1578354589917,51.2333965844402,20.7943925233645,"Winter",147521,131002,5.51745289646471,11.800470027968
8859,7069,"Valpelline","valpelline",2022-03-01,2022,3,"2022-03","Grand-Combin","Marzo",250,168,6,485,594,123810,69,8,0.474342273850689,852.851813263089,-0.622418942199226,53.2121711694585,591,5,5,0,25,27,-2,7,0,7,0,-1,4,595,302,593,2,1,2,"Nord-ovest",2,"Valle d'Aosta/Vallée d'Aoste","Valle d'Aosta/Vallée d'Aoste",0,20.7943925233645,NA,26.0869565217391,70.5128205128205,26.9230769230769,NA,NA,NA,NA,NA,72.1753794266442,14.3338954468803,168.634064080944,168.634064080944,674.536256323777,NA,NA,23107.0107296137,19.017094017094,NA,NA,1.58,4.84521374429719,46.1578354589917,51.2333965844402,20.7943925233645,"Spring",133314,77980,5.12989871492307,11.7265114882741
8860,7069,"Valpelline","valpelline",2022-04-01,2022,4,"2022-04","Grand-Combin","Aprile",325,227,6,485,594,76611,69,8,0.761906717588836,839.34955665398,3.18916288158408,43.0124518127713,591,5,5,0,25,27,-2,7,0,7,0,-1,4,595,302,593,2,1,2,"Nord-ovest",2,"Valle d'Aosta/Vallée d'Aoste","Valle d'Aosta/Vallée d'Aoste",0,20.7943925233645,NA,26.0869565217391,70.5128205128205,26.9230769230769,NA,NA,NA,NA,NA,72.1753794266442,14.3338954468803,168.634064080944,168.634064080944,674.536256323777,NA,NA,23107.0107296137,19.017094017094,NA,NA,1.58,4.84521374429719,46.1578354589917,51.2333965844402,20.7943925233645,"Spring",123810,62897,5.42934562895444,11.2465090014226
8861,7069,"Valpelline","valpelline",2022-05-01,2022,5,"2022-05","Grand-Combin","Maggio",239,165,6,485,594,45415,69,8,1.14316685720559,848.263345797555,9.59626543783215,65.9561972631119,591,5,5,0,25,27,-2,7,0,7,0,-1,4,595,302,593,2,1,2,"Nord-ovest",2,"Valle d'Aosta/Vallée d'Aoste","Valle d'Aosta/Vallée d'Aoste",0,20.7943925233645,NA,26.0869565217391,70.5128205128205,26.9230769230769,NA,NA,NA,NA,NA,72.1753794266442,14.3338954468803,168.634064080944,168.634064080944,674.536256323777,NA,NA,23107.0107296137,19.017094017094,NA,NA,1.58,4.84521374429719,46.1578354589917,51.2333965844402,20.7943925233645,"Spring",76611,48761,5.11198778835654,10.7236197448506
8862,7069,"Valpelline","valpelline",2022-06-01,2022,6,"2022-06","Grand-Combin","Giugno",960,455,6,485,594,37423,69,8,1.41411862578736,850.50878129237,13.0693545759774,61.3736854391624,591,5,5,0,25,27,-2,7,0,7,0,-1,4,595,302,593,2,1,2,"Nord-ovest",2,"Valle d'Aosta/Vallée d'Aoste","Valle d'Aosta/Vallée d'Aoste",0,20.7943925233645,NA,26.0869565217391,70.5128205128205,26.9230769230769,NA,NA,NA,NA,NA,72.1753794266442,14.3338954468803,168.634064080944,168.634064080944,674.536256323777,NA,NA,23107.0107296137,19.017094017094,NA,NA,1.58,4.84521374429719,46.1578354589917,51.2333965844402,20.7943925233645,"Summer",45415,35295,6.12249280951439,10.530067488824
8863,7069,"Valpelline","valpelline",2022-07-01,2022,7,"2022-07","Grand-Combin","Luglio",8367,1829,6,485,594,37211,69,8,0.509428840201154,857.178673942889,16.3531109840499,53.0261955430299,591,5,5,0,25,27,-2,7,0,7,0,-1,4,595,302,593,2,1,2,"Nord-ovest",2,"Valle d'Aosta/Vallée d'Aoste","Valle d'Aosta/Vallée d'Aoste",0,20.7943925233645,NA,26.0869565217391,70.5128205128205,26.9230769230769,NA,NA,NA,NA,NA,72.1753794266442,14.3338954468803,168.634064080944,168.634064080944,674.536256323777,NA,NA,23107.0107296137,19.017094017094,NA,NA,1.58,4.84521374429719,46.1578354589917,51.2333965844402,20.7943925233645,"Summer",37423,34971,7.51207124583547,10.5243865688884
8864,7069,"Valpelline","valpelline",2022-08-01,2022,8,"2022-08","Grand-Combin","Agosto",9913,1783,6,485,594,32508,69,8,0.681609688748014,857.161421960387,14.4432438918325,61.8772906095992,591,5,5,0,25,27,-2,7,0,7,0,-1,4,595,302,593,2,1,2,"Nord-ovest",2,"Valle d'Aosta/Vallée d'Aoste","Valle d'Aosta/Vallée d'Aoste",0,20.7943925233645,NA,26.0869565217391,70.5128205128205,26.9230769230769,NA,NA,NA,NA,NA,72.1753794266442,14.3338954468803,168.634064080944,168.634064080944,674.536256323777,NA,NA,23107.0107296137,19.017094017094,NA,NA,1.58,4.84521374429719,46.1578354589917,51.2333965844402,20.7943925233645,"Summer",37211,35152,7.48661331313996,10.3892722530586
8865,7069,"Valpelline","valpelline",2022-09-01,2022,9,"2022-09","Grand-Combin","Settembre",1019,515,6,485,594,36651,69,8,0.88993275273149,845.247396866686,8.91478336998675,62.1831269943682,591,5,5,0,25,27,-2,7,0,7,0,-1,4,595,302,593,2,1,2,"Nord-ovest",2,"Valle d'Aosta/Vallée d'Aoste","Valle d'Aosta/Vallée d'Aoste",0,20.7943925233645,NA,26.0869565217391,70.5128205128205,26.9230769230769,NA,NA,NA,NA,NA,72.1753794266442,14.3338954468803,168.634064080944,168.634064080944,674.536256323777,NA,NA,23107.0107296137,19.017094017094,NA,NA,1.58,4.84521374429719,46.1578354589917,51.2333965844402,20.7943925233645,"Autumn",32508,35515,6.24610676548156,10.5092232760851
8866,7069,"Valpelline","valpelline",2022-10-01,2022,10,"2022-10","Grand-Combin","Ottobre",333,231,6,485,594,69801,69,8,0.59659804001402,848.931888271445,8.49484840704377,72.1905320880698,591,5,5,0,25,27,-2,7,0,7,0,-1,4,595,302,593,2,1,2,"Nord-ovest",2,"Valle d'Aosta/Vallée d'Aoste","Valle d'Aosta/Vallée d'Aoste",0,20.7943925233645,NA,26.0869565217391,70.5128205128205,26.9230769230769,NA,NA,NA,NA,NA,72.1753794266442,14.3338954468803,168.634064080944,168.634064080944,674.536256323777,NA,NA,23107.0107296137,19.017094017094,NA,NA,1.58,4.84521374429719,46.1578354589917,51.2333965844402,20.7943925233645,"Autumn",36651,80328,5.44673737166631,11.1534179416351
8867,7069,"Valpelline","valpelline",2022-11-01,2022,11,"2022-11","Grand-Combin","Novembre",276,228,6,485,594,140622,69,8,1.33538535312163,841.19398934495,1.72245405724822,62.6220671239118,591,5,5,0,25,27,-2,7,0,7,0,-1,4,595,302,593,2,1,2,"Nord-ovest",2,"Valle d'Aosta/Vallée d'Aoste","Valle d'Aosta/Vallée d'Aoste",0,20.7943925233645,NA,26.0869565217391,70.5128205128205,26.9230769230769,NA,NA,NA,NA,NA,72.1753794266442,14.3338954468803,168.634064080944,168.634064080944,674.536256323777,NA,NA,23107.0107296137,19.017094017094,NA,NA,1.58,4.84521374429719,46.1578354589917,51.2333965844402,20.7943925233645,"Autumn",69801,131693,5.43372200355424,11.8538378296175
8868,7069,"Valpelline","valpelline",2022-12-01,2022,12,"2022-12","Grand-Combin","Dicembre",663,309,6,485,594,155585,69,8,1.03297078255159,843.38620994053,-2.01930998403664,70.3517333169704,591,5,5,0,25,27,-2,7,0,7,0,-1,4,595,302,593,2,1,2,"Nord-ovest",2,"Valle d'Aosta/Vallée d'Aoste","Valle d'Aosta/Vallée d'Aoste",0,20.7943925233645,NA,26.0869565217391,70.5128205128205,26.9230769230769,NA,NA,NA,NA,NA,72.1753794266442,14.3338954468803,168.634064080944,168.634064080944,674.536256323777,NA,NA,23107.0107296137,19.017094017094,NA,NA,1.58,4.84521374429719,46.1578354589917,51.2333965844402,20.7943925233645,"Winter",140622,146258,5.73657229747919,11.9549539123854
8869,7069,"Valpelline","valpelline",2023-01-01,2023,1,"2023-01","Grand-Combin","Gennaio",469,216,6,485,591,158513,69,8,0.485158503521526,842.38917344571,-2.95931685550331,55.4203223603919,595,3,10,-7,39,32,7,2,6,-4,0,-3,-7,588,302,586,1.9,1,2,NA,NA,NA,NA,NA,NA,NA,NA,NA,NA,NA,NA,NA,NA,NA,NA,NA,NA,NA,NA,NA,NA,NA,NA,NA,NA,NA,NA,NA,NA,NA,"Winter",155585,147521,5.37989735354046,11.9735981964745
8870,7069,"Valpelline","valpelline",2023-02-01,2023,2,"2023-02","Grand-Combin","Febbraio",465,284,6,485,591,144411,69,8,0.105700612676346,848.173202564261,-0.053691303595988,47.8275697402756,595,3,10,-7,39,32,7,2,6,-4,0,-3,-7,588,302,586,1.9,1,2,NA,NA,NA,NA,NA,NA,NA,NA,NA,NA,NA,NA,NA,NA,NA,NA,NA,NA,NA,NA,NA,NA,NA,NA,NA,NA,NA,NA,NA,NA,NA,"Winter",158513,133314,5.65248918026865,11.8804256044811
8871,7069,"Valpelline","valpelline",2023-03-01,2023,3,"2023-03","Grand-Combin","Marzo",232,184,6,485,591,152158,69,8,1.62204049849661,842.52678939895,0.83939244723732,50.5946041959621,595,3,10,-7,39,32,7,2,6,-4,0,-3,-7,588,302,586,1.9,1,2,NA,NA,NA,NA,NA,NA,NA,NA,NA,NA,NA,NA,NA,NA,NA,NA,NA,NA,NA,NA,NA,NA,NA,NA,NA,NA,NA,NA,NA,NA,NA,"Spring",144411,123810,5.22035582507832,11.9326813057282
8872,7069,"Valpelline","valpelline",2023-04-01,2023,4,"2023-04","Grand-Combin","Aprile",425,295,6,485,591,122697,69,8,1.46152190894175,842.976810615318,2.83408987085196,45.3063063658171,595,3,10,-7,39,32,7,2,6,-4,0,-3,-7,588,302,586,1.9,1,2,NA,NA,NA,NA,NA,NA,NA,NA,NA,NA,NA,NA,NA,NA,NA,NA,NA,NA,NA,NA,NA,NA,NA,NA,NA,NA,NA,NA,NA,NA,NA,"Spring",152158,76611,5.69035945432406,11.7174813306477
8873,7069,"Valpelline","valpelline",2023-05-01,2023,5,"2023-05","Grand-Combin","Maggio",286,185,6,485,591,45849,69,8,2.11452841315561,855.398778624864,7.46235089881778,63.7387564424497,595,3,10,-7,39,32,7,2,6,-4,0,-3,-7,588,302,586,1.9,1,2,NA,NA,NA,NA,NA,NA,NA,NA,NA,NA,NA,NA,NA,NA,NA,NA,NA,NA,NA,NA,NA,NA,NA,NA,NA,NA,NA,NA,NA,NA,NA,"Spring",122697,45415,5.2257466737132,10.7331304776846
8874,7069,"Valpelline","valpelline",2023-06-01,2023,6,"2023-06","Grand-Combin","Giugno",1213,555,6,485,591,39636,69,8,1.21525686120614,859.541819993756,12.2485636780882,58.6714876213403,595,3,10,-7,39,32,7,2,6,-4,0,-3,-7,588,302,586,1.9,1,2,NA,NA,NA,NA,NA,NA,NA,NA,NA,NA,NA,NA,NA,NA,NA,NA,NA,NA,NA,NA,NA,NA,NA,NA,NA,NA,NA,NA,NA,NA,NA,"Summer",45849,37423,6.32076829425058,10.5875183044498
8875,7069,"Valpelline","valpelline",2023-07-01,2023,7,"2023-07","Grand-Combin","Luglio",8308,1895,6,485,591,36167,69,8,0.985552993603451,853.854139288872,15.1216149223927,54.9320314704411,595,3,10,-7,39,32,7,2,6,-4,0,-3,-7,588,302,586,1.9,1,2,NA,NA,NA,NA,NA,NA,NA,NA,NA,NA,NA,NA,NA,NA,NA,NA,NA,NA,NA,NA,NA,NA,NA,NA,NA,NA,NA,NA,NA,NA,NA,"Summer",39636,37211,7.54750168281497,10.4959300289744
8876,7069,"Valpelline","valpelline",2023-08-01,2023,8,"2023-08","Grand-Combin","Agosto",9953,1570,6,485,591,36358,69,8,1.77234993434871,864.207853173486,14.5225386172612,56.5637534636554,595,3,10,-7,39,32,7,2,6,-4,0,-3,-7,588,302,586,1.9,1,2,NA,NA,NA,NA,NA,NA,NA,NA,NA,NA,NA,NA,NA,NA,NA,NA,NA,NA,NA,NA,NA,NA,NA,NA,NA,NA,NA,NA,NA,NA,NA,"Summer",36167,32508,7.35946763825562,10.5011970451629
8877,7069,"Valpelline","valpelline",2023-09-01,2023,9,"2023-09","Grand-Combin","Settembre",886,315,6,485,591,32473,69,8,1.17064686568949,838.248349347785,11.624771500256,60.6531360052941,595,3,10,-7,39,32,7,2,6,-4,0,-3,-7,588,302,586,1.9,1,2,NA,NA,NA,NA,NA,NA,NA,NA,NA,NA,NA,NA,NA,NA,NA,NA,NA,NA,NA,NA,NA,NA,NA,NA,NA,NA,NA,NA,NA,NA,NA,"Autumn",36358,36651,5.75574221358691,10.3881950481471
8878,7069,"Valpelline","valpelline",2023-10-01,2023,10,"2023-10","Grand-Combin","Ottobre",257,199,6,485,591,77581,69,8,1.65847850588717,843.8839682897,7.82480219928818,56.9893842027567,595,3,10,-7,39,32,7,2,6,-4,0,-3,-7,588,302,586,1.9,1,2,NA,NA,NA,NA,NA,NA,NA,NA,NA,NA,NA,NA,NA,NA,NA,NA,NA,NA,NA,NA,NA,NA,NA,NA,NA,NA,NA,NA,NA,NA,NA,"Autumn",32473,69801,5.29831736654804,11.2590907205018
8879,7069,"Valpelline","valpelline",2023-11-01,2023,11,"2023-11","Grand-Combin","Novembre",146,112,6,485,591,133521,69,8,1.87468425896855,838.694445801873,0.600686566855308,44.5949266244791,595,3,10,-7,39,32,7,2,6,-4,0,-3,-7,588,302,586,1.9,1,2,NA,NA,NA,NA,NA,NA,NA,NA,NA,NA,NA,NA,NA,NA,NA,NA,NA,NA,NA,NA,NA,NA,NA,NA,NA,NA,NA,NA,NA,NA,NA,"Autumn",77581,140622,4.72738781871234,11.8020215372529
8880,7069,"Valpelline","valpelline",2023-12-01,2023,12,"2023-12","Grand-Combin","Dicembre",667,292,6,485,591,146169,69,8,1.79605334216675,843.692386792708,-0.173041819563675,48.6230167118505,595,3,10,-7,39,32,7,2,6,-4,0,-3,-7,588,302,586,1.9,1,2,NA,NA,NA,NA,NA,NA,NA,NA,NA,NA,NA,NA,NA,NA,NA,NA,NA,NA,NA,NA,NA,NA,NA,NA,NA,NA,NA,NA,NA,NA,NA,"Winter",133521,155585,5.68017260901707,11.8925256068833
8881,7069,"Valpelline","valpelline",2024-01-01,2024,1,"2024-01","Grand-Combin","Gennaio",400,147,5,483,595,154875,69,8,0.774503430240459,841.94225030917,-0.401113146637638,54.405613744362,588,4,9,-5,30,19,11,3,1,2,0,-4,4,592,306,589,1.9,1,3,NA,NA,NA,NA,NA,NA,NA,NA,NA,NA,NA,NA,NA,NA,NA,NA,NA,NA,NA,NA,NA,NA,NA,NA,NA,NA,NA,NA,NA,NA,NA,"Winter",146169,158513,4.99721227376411,11.9503800757306
8882,7069,"Valpelline","valpelline",2024-02-01,2024,2,"2024-02","Grand-Combin","Febbraio",500,264,5,483,595,139976,69,8,1.25401053516103,839.972476951684,1.62137605940431,58.4817520749073,588,4,9,-5,30,19,11,3,1,2,0,-4,4,592,306,589,1.9,1,3,NA,NA,NA,NA,NA,NA,NA,NA,NA,NA,NA,NA,NA,NA,NA,NA,NA,NA,NA,NA,NA,NA,NA,NA,NA,NA,NA,NA,NA,NA,NA,"Winter",154875,144411,5.57972982598622,11.8492334023808
8883,7069,"Valpelline","valpelline",2024-03-01,2024,3,"2024-03","Grand-Combin","Marzo",376,213,5,483,595,136978,69,8,2.29085033404299,838.307381185084,0.899832731442509,67.1455451319982,588,4,9,-5,30,19,11,3,1,2,0,-4,4,592,306,589,1.9,1,3,NA,NA,NA,NA,NA,NA,NA,NA,NA,NA,NA,NA,NA,NA,NA,NA,NA,NA,NA,NA,NA,NA,NA,NA,NA,NA,NA,NA,NA,NA,NA,"Spring",139976,152158,5.36597601502185,11.8275829083894
8884,7069,"Valpelline","valpelline",2024-04-01,2024,4,"2024-04","Grand-Combin","Aprile",160,97,5,483,595,106812,69,8,1.10893791781681,849.85191120962,3.1353862356704,51.7799243687607,588,4,9,-5,30,19,11,3,1,2,0,-4,4,592,306,589,1.9,1,3,NA,NA,NA,NA,NA,NA,NA,NA,NA,NA,NA,NA,NA,NA,NA,NA,NA,NA,NA,NA,NA,NA,NA,NA,NA,NA,NA,NA,NA,NA,NA,"Spring",136978,122697,4.58496747867057,11.578834920947
8885,7069,"Valpelline","valpelline",2024-05-01,2024,5,"2024-05","Grand-Combin","Maggio",344,194,5,483,595,62007,69,8,3.41026556260613,846.943549627964,6.68970406488587,55.4309738745094,588,4,9,-5,30,19,11,3,1,2,0,-4,4,592,306,589,1.9,1,3,NA,NA,NA,NA,NA,NA,NA,NA,NA,NA,NA,NA,NA,NA,NA,NA,NA,NA,NA,NA,NA,NA,NA,NA,NA,NA,NA,NA,NA,NA,NA,"Spring",106812,45849,5.27299955856375,11.0350186879613
8886,7069,"Valpelline","valpelline",2024-06-01,2024,6,"2024-06","Grand-Combin","Giugno",869,286,5,483,595,32778,69,8,1.74020438071851,867.180333655352,11.148326155941,53.7900831172214,588,4,9,-5,30,19,11,3,1,2,0,-4,4,592,306,589,1.9,1,3,NA,NA,NA,NA,NA,NA,NA,NA,NA,NA,NA,NA,NA,NA,NA,NA,NA,NA,NA,NA,NA,NA,NA,NA,NA,NA,NA,NA,NA,NA,NA,"Summer",62007,39636,5.65948221575962,10.3975433454261
8887,7069,"Valpelline","valpelline",2024-07-01,2024,7,"2024-07","Grand-Combin","Luglio",2521,555,5,483,595,32080,69,8,0.692090564975363,866.797393570368,15.0971184583504,48.7175321724738,588,4,9,-5,30,19,11,3,1,2,0,-4,4,592,306,589,1.9,1,3,NA,NA,NA,NA,NA,NA,NA,NA,NA,NA,NA,NA,NA,NA,NA,NA,NA,NA,NA,NA,NA,NA,NA,NA,NA,NA,NA,NA,NA,NA,NA,"Summer",32778,36167,6.32076829425058,10.3760192335644
8888,7069,"Valpelline","valpelline",2024-08-01,2024,8,"2024-08","Grand-Combin","Agosto",8326,1877,5,483,595,35881,69,8,0.583781010953824,857.591589909578,15.4591422006713,62.9214704157023,588,4,9,-5,30,19,11,3,1,2,0,-4,4,592,306,589,1.9,1,3,NA,NA,NA,NA,NA,NA,NA,NA,NA,NA,NA,NA,NA,NA,NA,NA,NA,NA,NA,NA,NA,NA,NA,NA,NA,NA,NA,NA,NA,NA,NA,"Summer",32080,36358,7.53796265976821,10.4879910559793
8889,7069,"Valpelline","valpelline",2024-09-01,2024,9,"2024-09","Grand-Combin","Settembre",807,313,5,483,595,34237,69,8,1.71002733861431,845.249469854712,8.76920542722366,68.9668996998469,588,4,9,-5,30,19,11,3,1,2,0,-4,4,592,306,589,1.9,1,3,NA,NA,NA,NA,NA,NA,NA,NA,NA,NA,NA,NA,NA,NA,NA,NA,NA,NA,NA,NA,NA,NA,NA,NA,NA,NA,NA,NA,NA,NA,NA,"Autumn",35881,32473,5.74939298590825,10.4410914173347
8890,7069,"Valpelline","valpelline",2024-10-01,2024,10,"2024-10","Grand-Combin","Ottobre",138,104,5,483,595,53006,69,8,3.35213167189443,848.165858832685,6.76962444901321,84.2110081159442,588,4,9,-5,30,19,11,3,1,2,0,-4,4,592,306,589,1.9,1,3,NA,NA,NA,NA,NA,NA,NA,NA,NA,NA,NA,NA,NA,NA,NA,NA,NA,NA,NA,NA,NA,NA,NA,NA,NA,NA,NA,NA,NA,NA,NA,"Autumn",34237,77581,4.65396035015752,10.8781792592848
8891,7069,"Valpelline","valpelline",2024-11-01,2024,11,"2024-11","Grand-Combin","Novembre",403,260,5,483,595,130811,69,8,1.32496352675924,850.602212978364,2.00371830346484,58.9853703279096,588,4,9,-5,30,19,11,3,1,2,0,-4,4,592,306,589,1.9,1,3,NA,NA,NA,NA,NA,NA,NA,NA,NA,NA,NA,NA,NA,NA,NA,NA,NA,NA,NA,NA,NA,NA,NA,NA,NA,NA,NA,NA,NA,NA,NA,"Autumn",53006,133521,5.56452040732269,11.7815164569164
8892,7069,"Valpelline","valpelline",2024-12-01,2024,12,"2024-12","Grand-Combin","Dicembre",638,274,5,483,595,181750,69,8,0.46002496809337,843.964303108244,-0.391568724456133,45.1876326219243,588,4,9,-5,30,19,11,3,1,2,0,-4,4,592,306,589,1.9,1,3,NA,NA,NA,NA,NA,NA,NA,NA,NA,NA,NA,NA,NA,NA,NA,NA,NA,NA,NA,NA,NA,NA,NA,NA,NA,NA,NA,NA,NA,NA,NA,"Winter",130811,146169,5.61677109766657,12.1103928974439
8893,7069,"Valpelline","valpelline",2025-01-01,2025,1,"2025-01","Grand-Combin","Gennaio",513,142,29,582,595,31554,69,8,1.64990516582647,840.341285327342,-1.82065982083453,62.8512694228637,NA,NA,NA,NA,NA,NA,NA,NA,NA,NA,NA,NA,NA,NA,NA,NA,NA,NA,NA,NA,NA,NA,NA,NA,NA,NA,NA,NA,NA,NA,NA,NA,NA,NA,NA,NA,NA,NA,NA,NA,NA,NA,NA,NA,NA,NA,NA,NA,NA,NA,"Winter",181750,154875,4.96284463025991,10.3594873340183
8894,7069,"Valpelline","valpelline",2025-02-01,2025,2,"2025-02","Grand-Combin","Febbraio",648,321,29,582,595,24788,69,8,0.280403410355215,843.063930263032,-1.16844510556429,67.494342956087,NA,NA,NA,NA,NA,NA,NA,NA,NA,NA,NA,NA,NA,NA,NA,NA,NA,NA,NA,NA,NA,NA,NA,NA,NA,NA,NA,NA,NA,NA,NA,NA,NA,NA,NA,NA,NA,NA,NA,NA,NA,NA,NA,NA,NA,NA,NA,NA,NA,NA,"Winter",31554,139976,5.77455154554441,10.1181552853693
8895,7069,"Valpelline","valpelline",2025-03-01,2025,3,"2025-03","Grand-Combin","Marzo",281,127,29,582,595,21795,69,8,1.01621415250597,839.46581978514,0.333527252062296,62.4216797948782,NA,NA,NA,NA,NA,NA,NA,NA,NA,NA,NA,NA,NA,NA,NA,NA,NA,NA,NA,NA,NA,NA,NA,NA,NA,NA,NA,NA,NA,NA,NA,NA,NA,NA,NA,NA,NA,NA,NA,NA,NA,NA,NA,NA,NA,NA,NA,NA,NA,NA,"Spring",24788,136978,4.85203026391962,9.98948174570299
8896,7069,"Valpelline","valpelline",2025-04-01,2025,4,"2025-04","Grand-Combin","Aprile",206,103,29,582,595,19482,69,8,3.83414151134887,848.903741002972,4.53890435932782,56.9465572839587,NA,NA,NA,NA,NA,NA,NA,NA,NA,NA,NA,NA,NA,NA,NA,NA,NA,NA,NA,NA,NA,NA,NA,NA,NA,NA,NA,NA,NA,NA,NA,NA,NA,NA,NA,NA,NA,NA,NA,NA,NA,NA,NA,NA,NA,NA,NA,NA,NA,NA,"Spring",21795,106812,4.64439089914137,9.87729756944589
8897,7069,"Valpelline","valpelline",2025-05-01,2025,5,"2025-05","Grand-Combin","Maggio",447,246,29,582,595,19730,69,8,1.47231806227592,849.219344340978,8.1013679688177,58.4542674924164,NA,NA,NA,NA,NA,NA,NA,NA,NA,NA,NA,NA,NA,NA,NA,NA,NA,NA,NA,NA,NA,NA,NA,NA,NA,NA,NA,NA,NA,NA,NA,NA,NA,NA,NA,NA,NA,NA,NA,NA,NA,NA,NA,NA,NA,NA,NA,NA,NA,NA,"Spring",19482,62007,5.50938833662798,9.88994628196946
8898,7069,"Valpelline","valpelline",2025-06-01,2025,6,"2025-06","Grand-Combin","Giugno",1045,436,29,582,595,18886,69,8,0.766283774294163,860.514389119982,14.5922120620543,63.214578692385,NA,NA,NA,NA,NA,NA,NA,NA,NA,NA,NA,NA,NA,NA,NA,NA,NA,NA,NA,NA,NA,NA,NA,NA,NA,NA,NA,NA,NA,NA,NA,NA,NA,NA,NA,NA,NA,NA,NA,NA,NA,NA,NA,NA,NA,NA,NA,NA,NA,NA,"Summer",19730,32778,6.07993319509559,9.84622913369585
8899,7069,"Valpelline","valpelline",2025-07-01,2025,7,"2025-07","Grand-Combin","Luglio",7660,1571,29,582,595,20985,69,8,0.745165397464964,855.12374383187,13.1684087868236,58.7416892587989,NA,NA,NA,NA,NA,NA,NA,NA,NA,NA,NA,NA,NA,NA,NA,NA,NA,NA,NA,NA,NA,NA,NA,NA,NA,NA,NA,NA,NA,NA,NA,NA,NA,NA,NA,NA,NA,NA,NA,NA,NA,NA,NA,NA,NA,NA,NA,NA,NA,NA,"Summer",18886,32080,7.36010397298915,9.95161082771786
8900,7069,"Valpelline","valpelline",2025-08-01,2025,8,"2025-08","Grand-Combin","Agosto",8676,1609,29,582,595,22442,69,8,1.13320745034303,849.343709417329,14.41327196315,68.602840450524,NA,NA,NA,NA,NA,NA,NA,NA,NA,NA,NA,NA,NA,NA,NA,NA,NA,NA,NA,NA,NA,NA,NA,NA,NA,NA,NA,NA,NA,NA,NA,NA,NA,NA,NA,NA,NA,NA,NA,NA,NA,NA,NA,NA,NA,NA,NA,NA,NA,NA,"Summer",20985,35881,7.38398945797851,10.0187340405405
8901,7069,"Valpelline","valpelline",2025-09-01,2025,9,"2025-09","Grand-Combin","Settembre",716,345,29,582,595,18233,69,8,1.10401883563242,856.845900101053,10.0421734972239,72.035201014684,NA,NA,NA,NA,NA,NA,NA,NA,NA,NA,NA,NA,NA,NA,NA,NA,NA,NA,NA,NA,NA,NA,NA,NA,NA,NA,NA,NA,NA,NA,NA,NA,NA,NA,NA,NA,NA,NA,NA,NA,NA,NA,NA,NA,NA,NA,NA,NA,NA,NA,"Autumn",22442,34237,5.84643877505772,9.81104326214485
