"obs_id","comune_key","energy_residual","tourism_shock","u_energy","u_tourism","energy_upper_90","tourism_upper_90","joint_upper_90","energy_upper_95","tourism_upper_95","joint_upper_95"
1,"allein",-0.149363120792284,-0.734688152072802,0.0890887493636518,0.211606991345664,FALSE,FALSE,FALSE,FALSE,FALSE,FALSE
2,"allein",-0.271832252175736,-0.876332477582495,0.0334294926183608,0.174444255896827,FALSE,FALSE,FALSE,FALSE,FALSE,FALSE
3,"allein",-0.164098561585453,-1.10710586340921,0.0789071780078059,0.128796877651451,FALSE,FALSE,FALSE,FALSE,FALSE,FALSE
4,"allein",-0.210444917830266,-0.79460759750092,0.0534532496181911,0.196164941455965,FALSE,FALSE,FALSE,FALSE,FALSE,FALSE
5,"allein",-0.103338675390904,-0.584847627467322,0.15085694892245,0.252333276769048,FALSE,FALSE,FALSE,FALSE,FALSE,FALSE
6,"allein",-0.104022503615999,-0.180260982947036,0.14848124893942,0.409468861360937,FALSE,FALSE,FALSE,FALSE,FALSE,FALSE
7,"allein",-0.170628118467094,-1.37355709949038,0.0761920923129136,0.0895978279314441,FALSE,FALSE,FALSE,FALSE,FALSE,FALSE
8,"allein",-0.190723399109732,-0.527262338154593,0.0626166638384524,0.273035805192601,FALSE,FALSE,FALSE,FALSE,FALSE,FALSE
9,"allein",0.0612568656478043,-0.280540878098176,0.725267266248091,0.363482097403699,FALSE,FALSE,FALSE,FALSE,FALSE,FALSE
10,"allein",0.243267210123116,-1.19150324642257,0.971491600203631,0.113524520617682,TRUE,FALSE,FALSE,TRUE,FALSE,FALSE
11,"allein",-0.266397697253977,-1.20014568340046,0.0349567283217377,0.112506363482097,FALSE,FALSE,FALSE,FALSE,FALSE,FALSE
12,"allein",-0.165112392403968,-0.667838504675008,0.0782284065840828,0.229424741218395,FALSE,FALSE,FALSE,FALSE,FALSE,FALSE
13,"allein",-0.0828181619989756,-0.26782962607841,0.19294077719328,0.369081961649415,FALSE,FALSE,FALSE,FALSE,FALSE,FALSE
14,"allein",-0.0707935460374767,0.0895060684501337,0.22620057695571,0.526047853385373,FALSE,FALSE,FALSE,FALSE,FALSE,FALSE
15,"allein",0.0629920895421261,-1.30911241226299,0.732224673341252,0.096894620736467,FALSE,FALSE,FALSE,FALSE,FALSE,FALSE
16,"allein",-0.000277246503204154,-0.671836834307741,0.486000339385712,0.227558119803156,FALSE,FALSE,FALSE,FALSE,FALSE,FALSE
17,"allein",0.0991514701472296,-0.867434281624069,0.836246394026811,0.177159341591719,FALSE,FALSE,FALSE,FALSE,FALSE,FALSE
18,"allein",-0.205344021480958,-1.83400657071753,0.0571864924486679,0.0459867639572374,FALSE,FALSE,FALSE,FALSE,FALSE,FALSE
19,"allein",-0.186354203510617,-0.402932262948452,0.0660105209570677,0.317495333446462,FALSE,FALSE,FALSE,FALSE,FALSE,FALSE
20,"allein",-0.0222003653486524,-0.38101106530046,0.394366197183099,0.324792126251485,FALSE,FALSE,FALSE,FALSE,FALSE,FALSE
21,"allein",0.138482672120315,-0.320138535951412,0.906499236382148,0.347530968946207,TRUE,FALSE,FALSE,FALSE,FALSE,FALSE
22,"allein",0.140491202090274,-0.634282842941584,0.908874936365179,0.238927541150518,TRUE,FALSE,FALSE,FALSE,FALSE,FALSE
23,"allein",-0.221125188890523,-0.937406138381312,0.0485321567961989,0.157814356015612,FALSE,FALSE,FALSE,FALSE,FALSE,FALSE
24,"allein",-0.121158388299873,-1.3430819657933,0.119294077719328,0.0926522993381979,FALSE,FALSE,FALSE,FALSE,FALSE,FALSE
25,"allein",-0.224088813735347,-1.92026548175922,0.0464958425250297,0.0405565925674529,FALSE,FALSE,FALSE,FALSE,FALSE,FALSE
26,"allein",0.17092388416664,-1.20813689314297,0.940777193280163,0.111318513490582,TRUE,FALSE,FALSE,FALSE,FALSE,FALSE
27,"allein",0.0641634300864631,-1.38898037059548,0.737315459019175,0.0877312065162057,FALSE,FALSE,FALSE,FALSE,FALSE,FALSE
28,"allein",-0.0314556894735247,-1.10683009484301,0.358561004581707,0.128966570507382,FALSE,FALSE,FALSE,FALSE,FALSE,FALSE
29,"allein",-0.511547306436177,-1.44183758655834,0.00610894281350755,0.0828101136942135,FALSE,FALSE,FALSE,FALSE,FALSE,FALSE
30,"allein",-0.128743741407236,-1.7055086372594,0.108773120651621,0.0561683353130833,FALSE,FALSE,FALSE,FALSE,FALSE,FALSE
31,"allein",-0.31686714683071,-0.450463502207685,0.0240963855421687,0.300695740709316,FALSE,FALSE,FALSE,FALSE,FALSE,FALSE
32,"allein",-0.222309711613617,-0.266123787187681,0.0476836925165451,0.370609197352791,FALSE,FALSE,FALSE,FALSE,FALSE,FALSE
33,"allein",-0.126459009516603,-1.52706340730775,0.112676056338028,0.0731376209061599,FALSE,FALSE,FALSE,FALSE,FALSE,FALSE
34,"allein",0.578538828528973,-1.52965742576104,0.996606142881385,0.0729679280502291,TRUE,FALSE,FALSE,TRUE,FALSE,FALSE
35,"allein",0.152294863132637,-1.19183079649466,0.92245036483964,0.113354827761751,TRUE,FALSE,FALSE,FALSE,FALSE,FALSE
36,"allein",0.00180020078510168,-0.660984590969368,0.494994060750042,0.230782284065841,FALSE,FALSE,FALSE,FALSE,FALSE,FALSE
37,"allein",0.218573102721113,-1.27690479771397,0.965212964534193,0.101306634990667,TRUE,FALSE,FALSE,TRUE,FALSE,FALSE
38,"allein",0.0373845052731667,-1.38630065264691,0.639232988291193,0.0879008993721364,FALSE,FALSE,FALSE,FALSE,FALSE,FALSE
39,"allein",0.191088798251338,-2.29029124943115,0.956219243169863,0.0210419141354149,TRUE,FALSE,FALSE,TRUE,FALSE,FALSE
40,"allein",0.127370224044773,-0.672999643561729,0.890548107924656,0.227049041235364,FALSE,FALSE,FALSE,FALSE,FALSE,FALSE
41,"allein",0.156241944164577,-0.393585010831847,0.926522993381979,0.321228576276939,TRUE,FALSE,FALSE,FALSE,FALSE,FALSE
42,"allein",-0.451167827971873,-0.912550099742216,0.0103512642117767,0.164432377396912,FALSE,FALSE,FALSE,FALSE,FALSE,FALSE
43,"allein",-0.120107600452173,-0.757783198284829,0.121160699134566,0.206007127099949,FALSE,FALSE,FALSE,FALSE,FALSE,FALSE
44,"allein",-0.121089199434095,-1.32456007243481,0.11963346343119,0.0951976921771593,FALSE,FALSE,FALSE,FALSE,FALSE,FALSE
45,"allein",0.0689068341270493,-2.92081131669463,0.752587816052944,0.00407262854233837,FALSE,FALSE,FALSE,FALSE,FALSE,FALSE
46,"allein",0.026381910897034,-1.89084782169715,0.594094688613609,0.041914135414899,FALSE,FALSE,FALSE,FALSE,FALSE,FALSE
47,"allein",-0.280885548053584,-2.13613601436622,0.0322416426268454,0.0276599355167147,FALSE,FALSE,FALSE,FALSE,FALSE,FALSE
48,"allein",0.0990730262185409,-0.84027177030796,0.835567622603088,0.183098591549296,FALSE,FALSE,FALSE,FALSE,FALSE,FALSE
49,"allein",-0.00420693188064725,-1.67344006375554,0.470218903784151,0.0590531138639063,FALSE,FALSE,FALSE,FALSE,FALSE,FALSE
50,"allein",0.030189781015471,-1.8103097846036,0.611233667062617,0.0468352282368912,FALSE,FALSE,FALSE,FALSE,FALSE,FALSE
51,"allein",-0.0332480446335115,-1.44447329730587,0.351094518920753,0.0823010351264212,FALSE,FALSE,FALSE,FALSE,FALSE,FALSE
52,"allein",-0.187193506053006,-0.528048743218255,0.0651620566774139,0.272526726624809,FALSE,FALSE,FALSE,FALSE,FALSE,FALSE
53,"allein",0.104115057408496,-1.77673738365864,0.848633972509757,0.0497200067877142,FALSE,FALSE,FALSE,FALSE,FALSE,FALSE
54,"allein",-0.0366238404664152,-1.56500659651039,0.3370100118785,0.0700831494994061,FALSE,FALSE,FALSE,FALSE,FALSE,FALSE
55,"allein",-0.0689265020231851,-1.11819570368661,0.230951976921772,0.126251484812489,FALSE,FALSE,FALSE,FALSE,FALSE,FALSE
56,"allein",-0.00695780425255244,-1.06436324918261,0.457831325301205,0.136602749024266,FALSE,FALSE,FALSE,FALSE,FALSE,FALSE
57,"allein",0.129458967923395,-2.60754031695866,0.89360257933141,0.00984218564398439,FALSE,FALSE,FALSE,FALSE,FALSE,FALSE
58,"allein",0.0513465809715488,-2.11418309658215,0.687934837943323,0.0286780926522993,FALSE,FALSE,FALSE,FALSE,FALSE,FALSE
59,"allein",0.192091708545744,-2.26389961535547,0.957067707449516,0.0222297641269303,TRUE,FALSE,FALSE,TRUE,FALSE,FALSE
60,"allein",0.114890592656657,-0.782941480522572,0.872390972340064,0.199049720006788,FALSE,FALSE,FALSE,FALSE,FALSE,FALSE
61,"allein",5.50829423090381,-0.802960221639071,0.999830307144069,0.193619548617003,TRUE,FALSE,FALSE,TRUE,FALSE,FALSE
62,"allein",0.291529649330108,-0.40021119112712,0.978618700152724,0.318513490582046,TRUE,FALSE,FALSE,TRUE,FALSE,FALSE
63,"allein",-0.0976217321596557,-1.51201171643797,0.161717291702019,0.0756830137451213,FALSE,FALSE,FALSE,FALSE,FALSE,FALSE
64,"allein",-0.193419732152167,-0.753673332505262,0.0617681995587986,0.206685898523672,FALSE,FALSE,FALSE,FALSE,FALSE,FALSE
65,"allein",-0.355895236225204,-0.759326030040542,0.0179874427286611,0.205498048532157,FALSE,FALSE,FALSE,FALSE,FALSE,FALSE
66,"allein",-0.0208375478810332,-0.555915997699334,0.400135754284745,0.261326998133379,FALSE,FALSE,FALSE,FALSE,FALSE,FALSE
67,"allein",0.142764377397676,-1.37348247330885,0.912268793483794,0.0897675207873748,TRUE,FALSE,FALSE,FALSE,FALSE,FALSE
68,"allein",0.493239760329121,-1.15795547275794,0.994400135754285,0.120142541998982,TRUE,FALSE,FALSE,TRUE,FALSE,FALSE
69,"allein",-0.215682311748219,-0.988129494229144,0.0510775496351604,0.147293398947904,FALSE,FALSE,FALSE,FALSE,FALSE,FALSE
70,"allein",0.0365148293645046,-1.24347008085569,0.635330052604785,0.106227727812659,FALSE,FALSE,FALSE,FALSE,FALSE,FALSE
71,"allein",-2.89232951603748,-1.28299224631354,0.000169692855930765,0.100118784999152,FALSE,FALSE,FALSE,FALSE,FALSE,FALSE
72,"allein",-0.0763847456262843,-1.79499610423768,0.210758527066011,0.0480230782284066,FALSE,FALSE,FALSE,FALSE,FALSE,FALSE
73,"allein",-0.345631204971657,-0.769479817606849,0.0198540641438995,0.203461734260988,FALSE,FALSE,FALSE,FALSE,FALSE,FALSE
74,"allein",-0.145190075724314,-0.79915337739189,0.0938401493297132,0.194807398608519,FALSE,FALSE,FALSE,FALSE,FALSE,FALSE
75,"allein",-0.0757146113619624,-2.50288494320129,0.211776684201595,0.0127269641948074,FALSE,FALSE,FALSE,FALSE,FALSE,FALSE
76,"allein",-0.0523678792590365,-1.53839066152828,0.282029526556932,0.0724588494824368,FALSE,FALSE,FALSE,FALSE,FALSE,FALSE
77,"allein",-0.0390061002253361,-0.75343829463421,0.329543526217546,0.207025284235534,FALSE,FALSE,FALSE,FALSE,FALSE,FALSE
78,"allein",0.0669746387842958,-1.37525683108771,0.745969794671644,0.0892584422195826,FALSE,FALSE,FALSE,FALSE,FALSE,FALSE
79,"antey saint andre",0.0207412381108885,1.15977069527238,0.573052774478194,0.87799083658578,FALSE,FALSE,FALSE,FALSE,FALSE,FALSE
80,"antey saint andre",-0.0514117006110268,1.6948228633719,0.285423383675547,0.962158493127439,FALSE,TRUE,FALSE,FALSE,TRUE,FALSE
81,"antey saint andre",0.0377219519281109,2.06153762047641,0.640251145426778,0.987612421517054,FALSE,TRUE,FALSE,FALSE,TRUE,FALSE
82,"antey saint andre",0.0262602309767868,2.11288251892129,0.593415917189886,0.989479042932292,FALSE,TRUE,FALSE,FALSE,TRUE,FALSE
83,"antey saint andre",0.00127340448526603,1.09111854185485,0.492618360767012,0.86254878669608,FALSE,FALSE,FALSE,FALSE,FALSE,FALSE
84,"antey saint andre",-0.0362034211892297,1.48765109872348,0.338537247581877,0.935856100458171,FALSE,TRUE,FALSE,FALSE,FALSE,FALSE
85,"antey saint andre",0.0105210730044387,1.08076857217186,0.531138639063295,0.859664008145257,FALSE,FALSE,FALSE,FALSE,FALSE,FALSE
86,"antey saint andre",0.0612354404481543,1.25691993172636,0.724927880536229,0.896317665026302,FALSE,FALSE,FALSE,FALSE,FALSE,FALSE
87,"antey saint andre",-0.096428357996178,0.961023244087003,0.163923298829119,0.831155608348888,FALSE,FALSE,FALSE,FALSE,FALSE,FALSE
88,"antey saint andre",0.0735169023523028,1.29331475967415,0.766332937383336,0.902935686407602,FALSE,TRUE,FALSE,FALSE,FALSE,FALSE
89,"antey saint andre",-0.0994019143251297,1.06838848782166,0.159171898863058,0.855421686746988,FALSE,FALSE,FALSE,FALSE,FALSE,FALSE
90,"antey saint andre",0.00391656121737327,1.91348751289451,0.503987782114373,0.978618700152724,FALSE,TRUE,FALSE,FALSE,TRUE,FALSE
91,"antey saint andre",0.0113113934037443,2.53535850037469,0.534702189037842,0.997284914305108,FALSE,TRUE,FALSE,FALSE,TRUE,FALSE
92,"antey saint andre",-0.0197044789414171,2.65092303323612,0.403868997115221,0.999151535720346,FALSE,TRUE,FALSE,FALSE,TRUE,FALSE
93,"antey saint andre",-0.0778211064988383,1.93128008713702,0.205837434244018,0.980824707279824,FALSE,TRUE,FALSE,FALSE,TRUE,FALSE
94,"antey saint andre",-0.0575306454808242,-0.788176110456349,0.266248090955371,0.197861870015272,FALSE,FALSE,FALSE,FALSE,FALSE,FALSE
95,"antey saint andre",0.0852126893595386,-0.0814891008075116,0.801289665705074,0.453249618191074,FALSE,FALSE,FALSE,FALSE,FALSE,FALSE
96,"antey saint andre",0.0160859939242588,1.72074651542536,0.552859324622433,0.96453419311047,FALSE,TRUE,FALSE,FALSE,TRUE,FALSE
97,"antey saint andre",0.0542718188113156,1.98495297546259,0.698625487866961,0.984218564398439,FALSE,TRUE,FALSE,FALSE,TRUE,FALSE
98,"antey saint andre",0.0793818025445585,2.02254775217315,0.784659765823859,0.985406414389954,FALSE,TRUE,FALSE,FALSE,TRUE,FALSE
99,"antey saint andre",-0.0161651860063241,1.91627426340319,0.417614118445613,0.978958085864585,FALSE,TRUE,FALSE,FALSE,TRUE,FALSE
100,"antey saint andre",0.143243507722888,1.65008735712924,0.912947564907517,0.956558628881724,TRUE,TRUE,TRUE,FALSE,TRUE,FALSE
101,"antey saint andre",-0.13774763909236,-0.445999900560835,0.0999490921432208,0.302732054980485,FALSE,FALSE,FALSE,FALSE,FALSE,FALSE
102,"antey saint andre",-0.104902450368925,0.445856812924843,0.146784320380112,0.6784320380112,FALSE,FALSE,FALSE,FALSE,FALSE,FALSE
103,"antey saint andre",0.000878124292770011,0.176819614382219,0.489903275072119,0.564228745969795,FALSE,FALSE,FALSE,FALSE,FALSE,FALSE
104,"antey saint andre",-0.0552099016962089,0.977850490507462,0.273884269472255,0.83590700831495,FALSE,FALSE,FALSE,FALSE,FALSE,FALSE
105,"antey saint andre",0.0505175338391464,0.617113851147237,0.684031902256915,0.737315459019175,FALSE,FALSE,FALSE,FALSE,FALSE,FALSE
106,"antey saint andre",0.0110252188372488,0.66577312456329,0.533684031902257,0.753436280332598,FALSE,FALSE,FALSE,FALSE,FALSE,FALSE
107,"antey saint andre",0.0775776692592753,1.43407779714975,0.779568980145936,0.927710843373494,FALSE,TRUE,FALSE,FALSE,FALSE,FALSE
108,"antey saint andre",-0.0363089252974902,1.95779943208639,0.338028169014085,0.982691328695062,FALSE,TRUE,FALSE,FALSE,TRUE,FALSE
109,"antey saint andre",-0.0188614639157745,1.63298774383338,0.407262854233837,0.955201086034278,FALSE,TRUE,FALSE,FALSE,TRUE,FALSE
110,"antey saint andre",0.0162833815390453,1.73487596208256,0.55421686746988,0.965043271678262,FALSE,TRUE,FALSE,FALSE,TRUE,FALSE
111,"antey saint andre",-0.180689057557151,1.77513620135259,0.0692346852197522,0.96894620736467,FALSE,TRUE,FALSE,FALSE,TRUE,FALSE
112,"antey saint andre",-0.0206493322616499,1.99819518412111,0.401153911420329,0.984897335822162,FALSE,TRUE,FALSE,FALSE,TRUE,FALSE
113,"antey saint andre",-0.176841000992324,1.91966585790279,0.0717800780587137,0.979127778720516,FALSE,TRUE,FALSE,FALSE,TRUE,FALSE
114,"antey saint andre",0.0379121946058074,2.52543055214375,0.641269302562362,0.997115221449177,FALSE,TRUE,FALSE,FALSE,TRUE,FALSE
115,"antey saint andre",-0.032306166885899,1.30080974318085,0.35482776175123,0.903953843543187,FALSE,TRUE,FALSE,FALSE,FALSE,FALSE
116,"antey saint andre",-0.0494940991682444,1.36465885146591,0.291871712200916,0.916341422026133,FALSE,TRUE,FALSE,FALSE,FALSE,FALSE
117,"antey saint andre",0.0793979692246491,1.55059054320141,0.78482945867979,0.945358900390294,FALSE,TRUE,FALSE,FALSE,FALSE,FALSE
118,"antey saint andre",0.0082042930677364,1.95580522043374,0.522144917698965,0.9823519429832,FALSE,TRUE,FALSE,FALSE,TRUE,FALSE
119,"antey saint andre",0.0399261801055761,1.62971235841151,0.647038859664008,0.954352621754624,FALSE,TRUE,FALSE,FALSE,TRUE,FALSE
120,"antey saint andre",-0.0721158586550619,1.51890038225866,0.222467334125233,0.941625657559817,FALSE,TRUE,FALSE,FALSE,FALSE,FALSE
121,"antey saint andre",0.0254923423506792,1.42703099427977,0.590700831494994,0.926522993381979,FALSE,TRUE,FALSE,FALSE,FALSE,FALSE
122,"antey saint andre",0.0241633197789302,1.31725813525251,0.584082810113694,0.907178007805871,FALSE,TRUE,FALSE,FALSE,FALSE,FALSE
123,"antey saint andre",-0.111652589601794,0.873832151006346,0.134057356185305,0.808416765654166,FALSE,FALSE,FALSE,FALSE,FALSE,FALSE
124,"antey saint andre",0.129681920539795,1.65072018823569,0.894111657899202,0.956728321737655,FALSE,TRUE,FALSE,FALSE,TRUE,FALSE
125,"antey saint andre",-0.155637253854806,0.786455787421419,0.0848464279653827,0.788223315798405,FALSE,FALSE,FALSE,FALSE,FALSE,FALSE
126,"antey saint andre",-0.0738928589289625,1.81655877943921,0.21720685559138,0.970812828779908,FALSE,TRUE,FALSE,FALSE,TRUE,FALSE
127,"antey saint andre",-0.00207020738913499,1.50693157947012,0.478703546580689,0.938571186153063,FALSE,TRUE,FALSE,FALSE,FALSE,FALSE
128,"antey saint andre",-0.0366240305726713,1.68522869749762,0.336840319022569,0.960970643135924,FALSE,TRUE,FALSE,FALSE,TRUE,FALSE
129,"antey saint andre",0.0293542311421948,1.75510679594807,0.608009502799932,0.967418971661293,FALSE,TRUE,FALSE,FALSE,TRUE,FALSE
130,"antey saint andre",-0.0130827277127725,2.16964548448151,0.430341082640421,0.990497200067877,FALSE,TRUE,FALSE,FALSE,TRUE,FALSE
131,"antey saint andre",-0.0104271569384977,1.23345248860515,0.440692346852198,0.891226879348379,FALSE,FALSE,FALSE,FALSE,FALSE,FALSE
132,"antey saint andre",-0.0203114233768282,1.49211098796407,0.402172068555914,0.936704564737824,FALSE,TRUE,FALSE,FALSE,FALSE,FALSE
133,"antey saint andre",-0.00521631888040908,1.14205644421832,0.465297810962158,0.873748515187511,FALSE,FALSE,FALSE,FALSE,FALSE,FALSE
134,"antey saint andre",0.0261507619207091,1.02538701606196,0.592737145766163,0.844900729679281,FALSE,FALSE,FALSE,FALSE,FALSE,FALSE
135,"antey saint andre",-0.120290072508043,1.31843486938055,0.120991006278636,0.907517393517733,FALSE,TRUE,FALSE,FALSE,FALSE,FALSE
136,"antey saint andre",-0.0261681419002837,1.3896116174426,0.379433225861191,0.921092821992194,FALSE,TRUE,FALSE,FALSE,FALSE,FALSE
137,"antey saint andre",-0.186855450376228,0.7603632534221,0.0655014423892754,0.780926522993382,FALSE,FALSE,FALSE,FALSE,FALSE,FALSE
138,"antey saint andre",-0.0131792368120411,2.03725659628204,0.429662311216698,0.986254878669608,FALSE,TRUE,FALSE,FALSE,TRUE,FALSE
139,"antey saint andre",-0.0139515960841727,1.47807988944541,0.426268454098082,0.934668250466655,FALSE,TRUE,FALSE,FALSE,FALSE,FALSE
140,"antey saint andre",-0.061341629230208,1.55507440461226,0.255387748175802,0.946207364669947,FALSE,TRUE,FALSE,FALSE,FALSE,FALSE
141,"antey saint andre",0.00637348148480221,1.7725902621993,0.513660274902427,0.968437128796878,FALSE,TRUE,FALSE,FALSE,TRUE,FALSE
142,"antey saint andre",-0.0829715515855565,1.89936660430298,0.192771084337349,0.976921771593416,FALSE,TRUE,FALSE,FALSE,TRUE,FALSE
143,"antey saint andre",0.0171776294681365,1.02497473543202,0.557271338876633,0.84473103682335,FALSE,FALSE,FALSE,FALSE,FALSE,FALSE
144,"antey saint andre",-0.0943629663500243,0.977768841198043,0.16850500593925,0.835737315459019,FALSE,FALSE,FALSE,FALSE,FALSE,FALSE
145,"antey saint andre",-0.00450572111692082,0.973235569781441,0.468691668080774,0.834379772611573,FALSE,FALSE,FALSE,FALSE,FALSE,FALSE
146,"antey saint andre",0.0244572932847724,1.46739833371242,0.585779738673002,0.932971321907348,FALSE,TRUE,FALSE,FALSE,FALSE,FALSE
147,"antey saint andre",-0.133680681080557,0.617664220665972,0.102833870694044,0.737654844731037,FALSE,FALSE,FALSE,FALSE,FALSE,FALSE
148,"antey saint andre",0.0244129995404219,1.02229713979497,0.58527066010521,0.844221958255557,FALSE,FALSE,FALSE,FALSE,FALSE,FALSE
149,"antey saint andre",-0.136908429704224,1.17045486448253,0.100627863566944,0.881215000848464,FALSE,FALSE,FALSE,FALSE,FALSE,FALSE
150,"antey saint andre",-0.0348710902575142,1.6662596209437,0.344137111827592,0.958594943152893,FALSE,TRUE,FALSE,FALSE,TRUE,FALSE
151,"antey saint andre",0.105455488401349,1.14522223812946,0.85151875106058,0.874596979467164,FALSE,FALSE,FALSE,FALSE,FALSE,FALSE
152,"antey saint andre",-0.022057274500332,1.39462654159121,0.394535890039029,0.922620057695571,FALSE,TRUE,FALSE,FALSE,FALSE,FALSE
153,"antey saint andre",0.0655546028860812,1.63050564649111,0.74053962328186,0.954861700322416,FALSE,TRUE,FALSE,FALSE,TRUE,FALSE
154,"antey saint andre",-0.0194106868663848,1.88152849825564,0.405226539962668,0.975394535890039,FALSE,TRUE,FALSE,FALSE,TRUE,FALSE
155,"antey saint andre",0.02106255440588,1.44037170142497,0.574919395893433,0.928729000509079,FALSE,TRUE,FALSE,FALSE,FALSE,FALSE
156,"antey saint andre",0.0498764438138561,1.72636816737282,0.680298659426438,0.964703885966401,FALSE,TRUE,FALSE,FALSE,TRUE,FALSE
157,"antey saint andre",0.102952761855386,0.796100452104048,0.846427965382657,0.790089937213643,FALSE,FALSE,FALSE,FALSE,FALSE,FALSE
158,"antey saint andre",0.095863858801188,0.811146940639638,0.826913286950619,0.79382318004412,FALSE,FALSE,FALSE,FALSE,FALSE,FALSE
159,"antey saint andre",-0.430239377595157,0.62434132691532,0.0120481927710843,0.739860851858137,FALSE,FALSE,FALSE,FALSE,FALSE,FALSE
160,"aosta",-0.00524543448255876,-0.287571720734707,0.465128118106228,0.360088240285084,FALSE,FALSE,FALSE,FALSE,FALSE,FALSE
161,"aosta",-0.050226502241042,-0.192035033292266,0.288817240794163,0.405396232818598,FALSE,FALSE,FALSE,FALSE,FALSE,FALSE
162,"aosta",0.0308478422892993,0.316410146315164,0.614627524181232,0.623451552689632,FALSE,FALSE,FALSE,FALSE,FALSE,FALSE
163,"aosta",0.02057168722604,0.69120119987868,0.572543695910402,0.761242151705413,FALSE,FALSE,FALSE,FALSE,FALSE,FALSE
164,"aosta",0.0897047767015735,0.484579893218815,0.812319701340574,0.690140845070423,FALSE,FALSE,FALSE,FALSE,FALSE,FALSE
165,"aosta",7.60005740225722e-05,0.167240100119139,0.487527575089089,0.558628881724079,FALSE,FALSE,FALSE,FALSE,FALSE,FALSE
166,"aosta",-0.0502683366032581,-0.536373072147843,0.288647547938232,0.269641948073986,FALSE,FALSE,FALSE,FALSE,FALSE,FALSE
167,"aosta",-0.0394024043710655,-0.513743893590184,0.327337519090446,0.277278126590871,FALSE,FALSE,FALSE,FALSE,FALSE,FALSE
168,"aosta",0.0676583985949222,-0.0681196719548433,0.748006108942813,0.458001018157136,FALSE,FALSE,FALSE,FALSE,FALSE,FALSE
169,"aosta",0.0848411709564232,0.268022624533352,0.798404887154251,0.60308840997794,FALSE,FALSE,FALSE,FALSE,FALSE,FALSE
170,"aosta",-0.175319524140388,0.184600137774134,0.0727982351942983,0.566943831664687,FALSE,FALSE,FALSE,FALSE,FALSE,FALSE
171,"aosta",-0.126290275786925,0.332981869290675,0.112845749193959,0.63193619548617,FALSE,FALSE,FALSE,FALSE,FALSE,FALSE
172,"aosta",-0.0125183080515594,0.899997366565467,0.431868318343798,0.815034787035466,FALSE,FALSE,FALSE,FALSE,FALSE,FALSE
173,"aosta",-0.0179056563375113,0.862011316419895,0.411505175632106,0.805871372815204,FALSE,FALSE,FALSE,FALSE,FALSE,FALSE
174,"aosta",0.0271363388042456,0.0482460215827995,0.598337010011878,0.508230103512642,FALSE,FALSE,FALSE,FALSE,FALSE,FALSE
175,"aosta",-0.00625728715424501,-0.834077944873258,0.461564568131682,0.184795520108603,FALSE,FALSE,FALSE,FALSE,FALSE,FALSE
176,"aosta",0.100291726604539,-0.355096629301492,0.839470558289496,0.334464619039538,FALSE,FALSE,FALSE,FALSE,FALSE,FALSE
177,"aosta",-0.0209218658988046,0.0666988015577981,0.399626675716952,0.515866282029527,FALSE,FALSE,FALSE,FALSE,FALSE,FALSE
178,"aosta",-0.0172019084897848,0.299822071914019,0.413541489903275,0.616833531308332,FALSE,FALSE,FALSE,FALSE,FALSE,FALSE
179,"aosta",0.00122343517824497,0.421221884345974,0.491769896487358,0.666892923807908,FALSE,FALSE,FALSE,FALSE,FALSE,FALSE
180,"aosta",0.0637150248874168,0.756067791012668,0.734260987612422,0.779399287290005,FALSE,FALSE,FALSE,FALSE,FALSE,FALSE
181,"aosta",-0.0151049001386365,0.683979516269537,0.422874596979467,0.758527066010521,FALSE,FALSE,FALSE,FALSE,FALSE,FALSE
182,"aosta",0.11073277502507,0.192118790094654,0.862379093840149,0.568980145935856,FALSE,FALSE,FALSE,FALSE,FALSE,FALSE
183,"aosta",0.0659662352468739,-0.207029754758141,0.742236551841167,0.398947904293229,FALSE,FALSE,FALSE,FALSE,FALSE,FALSE
184,"aosta",0.144080915055691,-0.684798468165161,0.914305107754964,0.223315798404887,TRUE,FALSE,FALSE,FALSE,FALSE,FALSE
185,"aosta",0.100213173877229,-0.09040122398608,0.839131172577634,0.450534532496182,FALSE,FALSE,FALSE,FALSE,FALSE,FALSE
186,"aosta",0.234871170260709,0.140554171866205,0.96894620736467,0.548107924656372,TRUE,FALSE,FALSE,TRUE,FALSE,FALSE
187,"aosta",0.112454534021163,0.213462576761324,0.867809265229934,0.576955710164602,FALSE,FALSE,FALSE,FALSE,FALSE,FALSE
188,"aosta",0.210486821829075,0.30730698667433,0.963516035974885,0.619888002715086,TRUE,FALSE,FALSE,TRUE,FALSE,FALSE
189,"aosta",0.104003598824004,0.431271448336492,0.848464279653827,0.671474630918038,FALSE,FALSE,FALSE,FALSE,FALSE,FALSE
190,"aosta",0.000681094370962754,0.00307108557861679,0.489394196504327,0.488885117936535,FALSE,FALSE,FALSE,FALSE,FALSE,FALSE
191,"aosta",0.0648343522142643,0.216997781001115,0.738842694722552,0.578822331579841,FALSE,FALSE,FALSE,FALSE,FALSE,FALSE
192,"aosta",0.145268678099837,0.619237081203628,0.91566265060241,0.738503309010691,TRUE,FALSE,FALSE,FALSE,FALSE,FALSE
193,"aosta",0.189173160592015,1.00311403169938,0.954182928898693,0.840828101136942,TRUE,FALSE,FALSE,TRUE,FALSE,FALSE
194,"aosta",-0.0864809830226587,1.15631421747956,0.185474291532327,0.877481758017987,FALSE,FALSE,FALSE,FALSE,FALSE,FALSE
195,"aosta",-0.0615861672691747,1.06851959308314,0.254030205328356,0.855591379602919,FALSE,FALSE,FALSE,FALSE,FALSE,FALSE
196,"aosta",-0.00107692115346936,-0.205627675618008,0.481927710843373,0.399796368572883,FALSE,FALSE,FALSE,FALSE,FALSE,FALSE
197,"aosta",-0.0100971424580081,-0.142010124360332,0.443068046835228,0.427625996945529,FALSE,FALSE,FALSE,FALSE,FALSE,FALSE
198,"aosta",0.0760747887922584,0.0964215812528393,0.773290344476498,0.530968946207365,FALSE,FALSE,FALSE,FALSE,FALSE,FALSE
199,"aosta",-0.028017982357369,0.880760259969767,0.372984897335822,0.809774308501612,FALSE,FALSE,FALSE,FALSE,FALSE,FALSE
200,"aosta",0.139335102548173,1.06861034058026,0.907347700661802,0.855761072458849,TRUE,FALSE,FALSE,FALSE,FALSE,FALSE
201,"aosta",-0.0164136775434294,0.236229385517264,0.416595961310029,0.587816052944171,FALSE,FALSE,FALSE,FALSE,FALSE,FALSE
202,"aosta",-0.0224382647367687,-0.154195906785582,0.393517732903445,0.42117766842016,FALSE,FALSE,FALSE,FALSE,FALSE,FALSE
203,"aosta",0.00466023700718132,-0.262825992493165,0.507042253521127,0.371797047344307,FALSE,FALSE,FALSE,FALSE,FALSE,FALSE
204,"aosta",0.0496712860365562,-0.117473157520679,0.679450195146784,0.437977261157305,FALSE,FALSE,FALSE,FALSE,FALSE,FALSE
205,"aosta",-0.0090247554725984,0.766789256628684,0.448667911080944,0.783132530120482,FALSE,FALSE,FALSE,FALSE,FALSE,FALSE
206,"aosta",-0.149359320963825,0.295592271068351,0.0892584422195826,0.615815374172747,FALSE,FALSE,FALSE,FALSE,FALSE,FALSE
207,"aosta",-0.0756090214301732,0.335665127105062,0.212116069913457,0.632954352621755,FALSE,FALSE,FALSE,FALSE,FALSE,FALSE
208,"aosta",0.00582479311609241,0.0279092275208816,0.510605803495673,0.499406075004242,FALSE,FALSE,FALSE,FALSE,FALSE,FALSE
209,"aosta",-0.0211305468823486,0.141682670119453,0.398269132869506,0.548786696080095,FALSE,FALSE,FALSE,FALSE,FALSE,FALSE
210,"aosta",0.0800524299376821,0.300246156890952,0.786356694383166,0.617172917020194,FALSE,FALSE,FALSE,FALSE,FALSE,FALSE
211,"aosta",0.0126914109495591,0.906775677541288,0.539792974715764,0.816392329882912,FALSE,FALSE,FALSE,FALSE,FALSE,FALSE
212,"aosta",0.0790150354067389,0.91160126258987,0.783811301544205,0.817071101306635,FALSE,FALSE,FALSE,FALSE,FALSE,FALSE
213,"aosta",-0.0245544347389099,0.338049849387987,0.385372475818768,0.633293738333616,FALSE,FALSE,FALSE,FALSE,FALSE,FALSE
214,"aosta",-0.0471057872553349,-0.269150198362937,0.302392669268624,0.367894111657899,FALSE,FALSE,FALSE,FALSE,FALSE,FALSE
215,"aosta",-0.0196568475926107,-0.386518620117806,0.404038689971152,0.323095197692177,FALSE,FALSE,FALSE,FALSE,FALSE,FALSE
216,"aosta",0.0462581111159963,0.229289958092716,0.669947395214662,0.584761581537417,FALSE,FALSE,FALSE,FALSE,FALSE,FALSE
217,"aosta",0.0914213687272571,0.513744076407905,0.816731715594773,0.699983030714407,FALSE,FALSE,FALSE,FALSE,FALSE,FALSE
218,"aosta",-0.313194106503525,0.168887008441983,0.0249448498218225,0.559647038859664,FALSE,FALSE,FALSE,FALSE,FALSE,FALSE
219,"aosta",-0.0645345324277571,0.549446670632511,0.245036483964025,0.710843373493976,FALSE,FALSE,FALSE,FALSE,FALSE,FALSE
220,"aosta",-0.0197949996283775,0.0922824413330694,0.403699304259291,0.527914474800611,FALSE,FALSE,FALSE,FALSE,FALSE,FALSE
221,"aosta",-0.0439365621131511,0.116528635082408,0.312065162056677,0.53656881045308,FALSE,FALSE,FALSE,FALSE,FALSE,FALSE
222,"aosta",0.00329356178506579,0.321300486447886,0.500254539283896,0.625657559816732,FALSE,FALSE,FALSE,FALSE,FALSE,FALSE
223,"aosta",-0.0101233513155314,0.923551967579482,0.442558968267436,0.820804344137112,FALSE,FALSE,FALSE,FALSE,FALSE,FALSE
224,"aosta",-0.00473673384751194,0.774940114853847,0.467334125233328,0.784659765823859,FALSE,FALSE,FALSE,FALSE,FALSE,FALSE
225,"aosta",-0.0842134637727945,0.00431434515361136,0.191074155778042,0.489394196504327,FALSE,FALSE,FALSE,FALSE,FALSE,FALSE
226,"aosta",-0.0744675732005806,-0.283087112003156,0.214831155608349,0.362973018835907,FALSE,FALSE,FALSE,FALSE,FALSE,FALSE
227,"aosta",-0.0330313974113086,-0.090506005549777,0.351773290344477,0.45002545392839,FALSE,FALSE,FALSE,FALSE,FALSE,FALSE
228,"aosta",-0.00687734248165661,-0.222276889183394,0.458510096724928,0.391990497200068,FALSE,FALSE,FALSE,FALSE,FALSE,FALSE
229,"aosta",-0.0189701864436671,0.3918696968947,0.406923468521975,0.655014423892754,FALSE,FALSE,FALSE,FALSE,FALSE,FALSE
230,"aosta",-0.107950061410493,0.306200827096439,0.141354148990327,0.619378924147293,FALSE,FALSE,FALSE,FALSE,FALSE,FALSE
231,"aosta",-0.0711130785522407,0.484141100818178,0.224503648396403,0.689971152214492,FALSE,FALSE,FALSE,FALSE,FALSE,FALSE
232,"aosta",0.0611346429450101,-0.0931181720540927,0.724418801968437,0.449176989648736,FALSE,FALSE,FALSE,FALSE,FALSE,FALSE
233,"aosta",0.0347668939851502,0.0343037591164751,0.629390802647209,0.501951467843204,FALSE,FALSE,FALSE,FALSE,FALSE,FALSE
234,"aosta",0.116008224378488,0.343007150751106,0.873918208043441,0.634820974036993,FALSE,FALSE,FALSE,FALSE,FALSE,FALSE
235,"aosta",0.0442168498457374,0.78253428874131,0.662650602409639,0.78703546580689,FALSE,FALSE,FALSE,FALSE,FALSE,FALSE
236,"aosta",0.183455364580158,0.855858039038709,0.949940607500424,0.804683522823689,TRUE,FALSE,FALSE,FALSE,FALSE,FALSE
237,"aosta",0.0953471427724981,0.435107576482897,0.826234515526896,0.673680638045138,FALSE,FALSE,FALSE,FALSE,FALSE,FALSE
238,"aosta",0.0234379770660738,-0.44244874398515,0.582046495842525,0.304259290683862,FALSE,FALSE,FALSE,FALSE,FALSE,FALSE
239,"aosta",0.0158399207355533,-0.36143646860938,0.55201086034278,0.332258611912438,FALSE,FALSE,FALSE,FALSE,FALSE,FALSE
240,"aosta",-0.0666899889350638,-0.171104164808847,0.238079076870864,0.413711182759206,FALSE,FALSE,FALSE,FALSE,FALSE,FALSE
241,"arnad",0.00724935162481444,-0.619155290202461,0.518411674868488,0.243339555404717,FALSE,FALSE,FALSE,FALSE,FALSE,FALSE
242,"arnad",0.028491430044534,-0.223319900298854,0.603767181401663,0.391651111488206,FALSE,FALSE,FALSE,FALSE,FALSE,FALSE
243,"arnad",0.0503449918204613,0.248474411224846,0.682334973697607,0.594094688613609,FALSE,FALSE,FALSE,FALSE,FALSE,FALSE
244,"arnad",-0.000792437880775765,0.635857656733945,0.483794332258612,0.74495163753606,FALSE,FALSE,FALSE,FALSE,FALSE,FALSE
245,"arnad",0.130490347177918,0.293538026732549,0.895638893602579,0.614457831325301,FALSE,FALSE,FALSE,FALSE,FALSE,FALSE
246,"arnad",-0.00232350969330319,-0.0237382937785688,0.477855082301035,0.477176310877312,FALSE,FALSE,FALSE,FALSE,FALSE,FALSE
247,"arnad",0.014166740566715,-0.539205104663178,0.544714067537757,0.267945019514678,FALSE,FALSE,FALSE,FALSE,FALSE,FALSE
248,"arnad",0.00828604371075059,-0.0931701432465979,0.522484303410826,0.449007296792805,FALSE,FALSE,FALSE,FALSE,FALSE,FALSE
249,"arnad",-0.0263648470636486,-0.312292569092134,0.378584761581537,0.350755133208892,FALSE,FALSE,FALSE,FALSE,FALSE,FALSE
250,"arnad",0.016553472435076,0.366508877931962,0.554725946037672,0.646020702528424,FALSE,FALSE,FALSE,FALSE,FALSE,FALSE
251,"arnad",-0.159128439029546,0.297751621433871,0.0817919565586289,0.61649414559647,FALSE,FALSE,FALSE,FALSE,FALSE,FALSE
252,"arnad",-0.0530968160016254,0.247153587771803,0.27931444086204,0.593076531478025,FALSE,FALSE,FALSE,FALSE,FALSE,FALSE
253,"arnad",-0.345417415983496,0.906077941609935,0.0200237569998303,0.815713558459189,FALSE,FALSE,FALSE,FALSE,FALSE,FALSE
254,"arnad",-0.119948139375287,0.91213809854443,0.121330391990497,0.817410487018497,FALSE,FALSE,FALSE,FALSE,FALSE,FALSE
255,"arnad",-0.107388738001148,0.116240371782538,0.143051077549635,0.536399117597149,FALSE,FALSE,FALSE,FALSE,FALSE,FALSE
256,"arnad",-0.133587069418541,-1.22820177755944,0.103003563549975,0.108264042083828,FALSE,FALSE,FALSE,FALSE,FALSE,FALSE
257,"arnad",-0.0203522776771017,0.235147603073365,0.401832682844052,0.586967588664517,FALSE,FALSE,FALSE,FALSE,FALSE,FALSE
258,"arnad",-0.187351185157331,-0.39872642078252,0.0644832852536908,0.319022569149839,FALSE,FALSE,FALSE,FALSE,FALSE,FALSE
259,"arnad",-0.187837493581705,0.120829722284906,0.06431359239776,0.538944510436111,FALSE,FALSE,FALSE,FALSE,FALSE,FALSE
260,"arnad",-0.214960985305426,0.28637231673292,0.0512472424910911,0.610554895638894,FALSE,FALSE,FALSE,FALSE,FALSE,FALSE
261,"arnad",-0.0892837948116973,0.253158279689721,0.179874427286611,0.596300695740709,FALSE,FALSE,FALSE,FALSE,FALSE,FALSE
262,"arnad",-0.0565741205422299,0.647301543016459,0.268793483794332,0.748515187510606,FALSE,FALSE,FALSE,FALSE,FALSE,FALSE
263,"arnad",-0.337393754414736,-0.258678194630179,0.0208722212794841,0.37468182589513,FALSE,FALSE,FALSE,FALSE,FALSE,FALSE
264,"arnad",-0.187210209705617,-0.221901402836271,0.0649923638214831,0.392160190055999,FALSE,FALSE,FALSE,FALSE,FALSE,FALSE
265,"arnad",-0.0287107326851892,-0.984196267175795,0.37026981164093,0.148141863227558,FALSE,FALSE,FALSE,FALSE,FALSE,FALSE
266,"arnad",-0.074804859039439,-0.224525217260936,0.213812998472764,0.390632954352622,FALSE,FALSE,FALSE,FALSE,FALSE,FALSE
267,"arnad",0.0750248566778957,-0.67270426391296,0.770405565925675,0.227218734091295,FALSE,FALSE,FALSE,FALSE,FALSE,FALSE
268,"arnad",0.0192468126792793,-0.237371741157422,0.56762260308841,0.384354318683183,FALSE,FALSE,FALSE,FALSE,FALSE,FALSE
269,"arnad",-0.0891226294157406,0.356229897072273,0.180213812998473,0.641608688274224,FALSE,FALSE,FALSE,FALSE,FALSE,FALSE
270,"arnad",-0.0901052965997913,0.302776128834911,0.178856270151027,0.618360767011709,FALSE,FALSE,FALSE,FALSE,FALSE,FALSE
271,"arnad",-0.206710138284391,0.315595053444303,0.0563380281690141,0.62311216697777,FALSE,FALSE,FALSE,FALSE,FALSE,FALSE
272,"arnad",-0.133050647927487,0.536212048443221,0.10419141354149,0.70727982351943,FALSE,FALSE,FALSE,FALSE,FALSE,FALSE
273,"arnad",-0.0398849666123287,0.597349017632158,0.325470897675208,0.72950958764636,FALSE,FALSE,FALSE,FALSE,FALSE,FALSE
274,"arnad",-0.0683873016622361,1.11961745502711,0.233327676904802,0.870524350924826,FALSE,FALSE,FALSE,FALSE,FALSE,FALSE
275,"arnad",-0.169759521592892,1.07740013707699,0.0768708637366367,0.858476158153742,FALSE,FALSE,FALSE,FALSE,FALSE,FALSE
276,"arnad",-0.122648648635852,0.84428718697224,0.118106227727813,0.802816901408451,FALSE,FALSE,FALSE,FALSE,FALSE,FALSE
277,"arnad",-0.0931607926633209,-0.293237407714823,0.172407941625658,0.357712540302053,FALSE,FALSE,FALSE,FALSE,FALSE,FALSE
278,"arnad",-0.0658562013203206,-0.379565304897769,0.240115391142033,0.325301204819277,FALSE,FALSE,FALSE,FALSE,FALSE,FALSE
279,"arnad",0.0397731427388486,-0.080770226125178,0.646869166808077,0.453758696758866,FALSE,FALSE,FALSE,FALSE,FALSE,FALSE
280,"arnad",-0.0482633849868073,0.927158706503908,0.297301883590701,0.821992194128627,FALSE,FALSE,FALSE,FALSE,FALSE,FALSE
281,"arnad",0.0512417237309357,1.07007594495775,0.68742575937553,0.856609536738503,FALSE,FALSE,FALSE,FALSE,FALSE,FALSE
282,"arnad",-0.0986953777055479,0.285148469537745,0.160529441710504,0.60970643135924,FALSE,FALSE,FALSE,FALSE,FALSE,FALSE
283,"arnad",0.417808161771344,-0.0541864963473043,0.990327507211946,0.464279653826574,TRUE,FALSE,FALSE,TRUE,FALSE,FALSE
284,"arnad",-0.0304977567329026,-0.0633125404557756,0.362124554556253,0.460037332428305,FALSE,FALSE,FALSE,FALSE,FALSE,FALSE
285,"arnad",0.38714647360875,-0.434132191830267,0.987442728661123,0.308331919226201,TRUE,FALSE,FALSE,TRUE,FALSE,FALSE
286,"arnad",0.160067046363352,0.651554464861138,0.930595621924317,0.749872730358052,TRUE,FALSE,FALSE,FALSE,FALSE,FALSE
287,"arnad",0.0925810251121018,0.0167494147468844,0.819786187001527,0.494145596470389,FALSE,FALSE,FALSE,FALSE,FALSE,FALSE
288,"arnad",0.280463491066341,0.0970859050738789,0.976921771593416,0.531138639063295,TRUE,FALSE,FALSE,TRUE,FALSE,FALSE
289,"arnad",0.283858043141976,-0.347865104586959,0.977261157305277,0.337858476158154,TRUE,FALSE,FALSE,TRUE,FALSE,FALSE
290,"arnad",0.312145807945138,0.00324981913731965,0.981164092991685,0.489054810792466,TRUE,FALSE,FALSE,TRUE,FALSE,FALSE
291,"arnad",0.386309946264369,0.323300052027939,0.987103342949262,0.626845409808247,TRUE,FALSE,FALSE,TRUE,FALSE,FALSE
292,"arnad",0.223163640345177,0.920230051976821,0.966570507381639,0.819786187001527,TRUE,FALSE,FALSE,TRUE,FALSE,FALSE
293,"arnad",0.406889608332566,0.754615599573675,0.989988121500085,0.77838113015442,TRUE,FALSE,FALSE,TRUE,FALSE,FALSE
294,"arnad",0.304114850510778,0.232909716525744,0.980655014423893,0.586458510096725,TRUE,FALSE,FALSE,TRUE,FALSE,FALSE
295,"arnad",0.121595628221277,-0.225637806831803,0.883421007975564,0.389614797217037,FALSE,FALSE,FALSE,FALSE,FALSE,FALSE
296,"arnad",0.060213947731528,-0.30272201406039,0.719837094858306,0.353809604615646,FALSE,FALSE,FALSE,FALSE,FALSE,FALSE
297,"arnad",0.257554393989787,0.0203148511153412,0.973697607330731,0.496012217885627,TRUE,FALSE,FALSE,TRUE,FALSE,FALSE
298,"arnad",0.177344529599759,0.646037636654837,0.945528593246224,0.748175801798744,TRUE,FALSE,FALSE,FALSE,FALSE,FALSE
299,"arnad",-0.0020343616788594,-0.00298843694606256,0.47887323943662,0.486170032241643,FALSE,FALSE,FALSE,FALSE,FALSE,FALSE
300,"arnad",-0.153363661587761,0.215344323824893,0.0863736636687596,0.577634481588325,FALSE,FALSE,FALSE,FALSE,FALSE,FALSE
301,"arnad",0.0213875743375542,-0.293347653251492,0.576276938740879,0.357542847446123,FALSE,FALSE,FALSE,FALSE,FALSE,FALSE
302,"arnad",0.0325316414431445,-0.537203206222946,0.620227388426947,0.269132869506194,FALSE,FALSE,FALSE,FALSE,FALSE,FALSE
303,"arnad",0.0170202424252093,-0.387250587453628,0.556253181741049,0.322755811980316,FALSE,FALSE,FALSE,FALSE,FALSE,FALSE
304,"arnad",-0.0252386276343604,0.101541256873863,0.382148311556083,0.532326489054811,FALSE,FALSE,FALSE,FALSE,FALSE,FALSE
305,"arnad",0.0290902898814487,0.499765000100366,0.606821652808417,0.695571016460207,FALSE,FALSE,FALSE,FALSE,FALSE,FALSE
306,"arnad",-0.117696522679285,-0.0103387148023856,0.125912099100628,0.482776175123027,FALSE,FALSE,FALSE,FALSE,FALSE,FALSE
307,"arnad",-0.0724007573779577,-0.35893735298757,0.221279484133718,0.333107076192092,FALSE,FALSE,FALSE,FALSE,FALSE,FALSE
308,"arnad",-0.147823070226014,-0.176851656080909,0.0904462922110979,0.410826404208383,FALSE,FALSE,FALSE,FALSE,FALSE,FALSE
309,"arnad",0.0657950444270199,-0.499459349636479,0.741218394705583,0.282877990836586,FALSE,FALSE,FALSE,FALSE,FALSE,FALSE
310,"arnad",0.0213963969442137,0.0592278644986889,0.57644663159681,0.511963346343119,FALSE,FALSE,FALSE,FALSE,FALSE,FALSE
311,"arnad",-0.188213650050015,-0.313260169531361,0.0638045138299678,0.35041574749703,FALSE,FALSE,FALSE,FALSE,FALSE,FALSE
312,"arnad",-0.143483006194819,0.123270732831858,0.0951976921771593,0.539792974715764,FALSE,FALSE,FALSE,FALSE,FALSE,FALSE
313,"arnad",0.0935911446368003,-0.494337123381704,0.822331579840489,0.284744612251824,FALSE,FALSE,FALSE,FALSE,FALSE,FALSE
314,"arnad",0.0783589267345093,-0.256774350671305,0.781774987273036,0.375530290174784,FALSE,FALSE,FALSE,FALSE,FALSE,FALSE
315,"arnad",0.0906940294690983,-0.111513948866984,0.814865094179535,0.44120142541999,FALSE,FALSE,FALSE,FALSE,FALSE,FALSE
316,"arnad",0.00103608992597515,0.416818023348042,0.490751739351773,0.6651959952486,FALSE,FALSE,FALSE,FALSE,FALSE,FALSE
317,"arnad",0.100846508887644,0.863963407150146,0.841846258272527,0.806041065671135,FALSE,FALSE,FALSE,FALSE,FALSE,FALSE
318,"arnad",0.0729437939744404,0.383506953480552,0.763957237400305,0.651620566774139,FALSE,FALSE,FALSE,FALSE,FALSE,FALSE
319,"arnad",0.0519678059970268,-0.630774107224392,0.690649923638215,0.240115391142033,FALSE,FALSE,FALSE,FALSE,FALSE,FALSE
320,"arnad",-0.0742194226458253,-0.552887394834538,0.215679619888003,0.263023926692686,FALSE,FALSE,FALSE,FALSE,FALSE,FALSE
321,"arnad",0.0913202642724311,-0.397204627886492,0.816562022738843,0.320040726285423,FALSE,FALSE,FALSE,FALSE,FALSE,FALSE
322,"arvier",-0.118258773219667,-0.137761136818974,0.124893941965043,0.429662311216698,FALSE,FALSE,FALSE,FALSE,FALSE,FALSE
323,"arvier",-0.13345965353154,0.254880015256054,0.103512642117767,0.597318852876294,FALSE,FALSE,FALSE,FALSE,FALSE,FALSE
324,"arvier",-0.0154116345764859,0.651718274266684,0.42134736127609,0.750042423213983,FALSE,FALSE,FALSE,FALSE,FALSE,FALSE
325,"arvier",0.0143123674793006,0.707927334779543,0.54556253181741,0.765654165959613,FALSE,FALSE,FALSE,FALSE,FALSE,FALSE
326,"arvier",0.0797172468148251,0.235626755477214,0.785338537247582,0.587306974376379,FALSE,FALSE,FALSE,FALSE,FALSE,FALSE
327,"arvier",-0.00885709842810201,0.391500098234723,0.449686068216528,0.654844731036823,FALSE,FALSE,FALSE,FALSE,FALSE,FALSE
328,"arvier",0.0583215276367088,0.159790698570357,0.712200916341422,0.555913796029187,FALSE,FALSE,FALSE,FALSE,FALSE,FALSE
329,"arvier",0.00894653358652242,0.20901335126317,0.524690310537926,0.575258781605294,FALSE,FALSE,FALSE,FALSE,FALSE,FALSE
330,"arvier",0.0382342391105794,0.105711321198824,0.642626845409808,0.534023417614118,FALSE,FALSE,FALSE,FALSE,FALSE,FALSE
331,"arvier",0.0712721588195748,-0.420340227734088,0.759036144578313,0.311725776344816,FALSE,FALSE,FALSE,FALSE,FALSE,FALSE
332,"arvier",-0.0853872697500311,0.301254758496435,0.18835907008315,0.617681995587986,FALSE,FALSE,FALSE,FALSE,FALSE,FALSE
333,"arvier",-0.0863393516026694,0.444184024780591,0.185983370100119,0.677413880875615,FALSE,FALSE,FALSE,FALSE,FALSE,FALSE
334,"arvier",0.009004831998638,1.27504556300768,0.525029696249788,0.900050907856779,FALSE,TRUE,FALSE,FALSE,FALSE,FALSE
335,"arvier",-0.00588276675671828,1.06973261358037,0.462752418123197,0.856100458170711,FALSE,FALSE,FALSE,FALSE,FALSE,FALSE
336,"arvier",0.0566450422887019,0.586016040374993,0.706091973527915,0.725267266248091,FALSE,FALSE,FALSE,FALSE,FALSE,FALSE
337,"arvier",0.0447458084356231,-1.41694566801747,0.664856609536739,0.0862039708128288,FALSE,FALSE,FALSE,FALSE,FALSE,FALSE
338,"arvier",0.0942515490569882,-0.633599548648541,0.824028508399796,0.239097234006448,FALSE,FALSE,FALSE,FALSE,FALSE,FALSE
339,"arvier",-0.0480520396596607,-0.0311344237333853,0.298320040726285,0.473443068046835,FALSE,FALSE,FALSE,FALSE,FALSE,FALSE
340,"arvier",-0.0615493922664498,0.83204139709134,0.254708976752079,0.799932122857628,FALSE,FALSE,FALSE,FALSE,FALSE,FALSE
341,"arvier",0.0342920323314591,0.931719842595447,0.626845409808247,0.823519429832004,FALSE,FALSE,FALSE,FALSE,FALSE,FALSE
342,"arvier",0.0610214612136488,0.386929110843759,0.723570337688783,0.652978109621585,FALSE,FALSE,FALSE,FALSE,FALSE,FALSE
343,"arvier",0.0831775019475902,0.305498787292653,0.794501951467843,0.619209231291363,FALSE,FALSE,FALSE,FALSE,FALSE,FALSE
344,"arvier",-0.0643675773252479,-1.06222802699285,0.246394026811471,0.137111827592058,FALSE,FALSE,FALSE,FALSE,FALSE,FALSE
345,"arvier",0.0123918321367231,-2.1459695017298,0.538265739012388,0.0273205498048532,FALSE,FALSE,FALSE,FALSE,FALSE,FALSE
346,"arvier",0.09399886311963,-2.69120540694947,0.823010351264212,0.00763617851688444,FALSE,FALSE,FALSE,FALSE,FALSE,FALSE
347,"arvier",-0.00207263444896633,-2.34754062952961,0.478533853724758,0.0188359070083149,FALSE,FALSE,FALSE,FALSE,FALSE,FALSE
348,"arvier",0.113638944127684,-1.50076403112903,0.869845579501103,0.0761920923129136,FALSE,FALSE,FALSE,FALSE,FALSE,FALSE
349,"arvier",0.111158534187339,-1.86783672982595,0.863736636687595,0.0434413711182759,FALSE,FALSE,FALSE,FALSE,FALSE,FALSE
350,"arvier",0.0826290751900522,-0.931615519961417,0.792974715764466,0.15968097743085,FALSE,FALSE,FALSE,FALSE,FALSE,FALSE
351,"arvier",-0.0801251609441778,0.612059102274086,0.200746648566095,0.734939759036145,FALSE,FALSE,FALSE,FALSE,FALSE,FALSE
352,"arvier",0.00151598991340229,0.650185814878294,0.493466825046666,0.74936365179026,FALSE,FALSE,FALSE,FALSE,FALSE,FALSE
353,"arvier",0.0306705448018239,1.00702611700712,0.613948752757509,0.841167486848804,FALSE,FALSE,FALSE,FALSE,FALSE,FALSE
354,"arvier",-0.00389322507078127,0.729154820866903,0.471406753775666,0.772102494484982,FALSE,FALSE,FALSE,FALSE,FALSE,FALSE
355,"arvier",0.0532070799000834,0.743668468522542,0.695061937892415,0.775835737315459,FALSE,FALSE,FALSE,FALSE,FALSE,FALSE
356,"arvier",-0.0618139747932371,1.18759082538536,0.25267266248091,0.883251315119634,FALSE,FALSE,FALSE,FALSE,FALSE,FALSE
357,"arvier",-0.0343075041045964,1.2660106197155,0.347021890378415,0.898523672153402,FALSE,FALSE,FALSE,FALSE,FALSE,FALSE
358,"arvier",-0.0342456895143286,0.0412830995970961,0.347191583234346,0.504836246394027,FALSE,FALSE,FALSE,FALSE,FALSE,FALSE
359,"arvier",-0.0513514578352101,0.172859564954684,0.285762769387409,0.562362124554556,FALSE,FALSE,FALSE,FALSE,FALSE,FALSE
360,"arvier",0.13060071251015,0.360792445397328,0.895978279314441,0.643305616833531,FALSE,FALSE,FALSE,FALSE,FALSE,FALSE
361,"arvier",0.0206517822113508,0.69490617580091,0.572883081622264,0.762090615985067,FALSE,FALSE,FALSE,FALSE,FALSE,FALSE
362,"arvier",-0.0357524387974948,0.483123568608516,0.340912947564908,0.689292380790769,FALSE,FALSE,FALSE,FALSE,FALSE,FALSE
363,"arvier",-0.0507057727798959,0.461542979611864,0.287629390802647,0.683353130833192,FALSE,FALSE,FALSE,FALSE,FALSE,FALSE
364,"arvier",0.00093912334166113,0.40100945674406,0.490412353639912,0.658747666723231,FALSE,FALSE,FALSE,FALSE,FALSE,FALSE
365,"arvier",0.022895997661541,0.320094420126586,0.580179874427287,0.625148481248939,FALSE,FALSE,FALSE,FALSE,FALSE,FALSE
366,"arvier",-0.00290199868249097,-0.161255663351532,0.476497539453589,0.41897166129306,FALSE,FALSE,FALSE,FALSE,FALSE,FALSE
367,"arvier",-0.0793139297264229,0.38726764883246,0.203122348549126,0.653147802477516,FALSE,FALSE,FALSE,FALSE,FALSE,FALSE
368,"arvier",-0.103611639185926,-0.165073032647089,0.150517563210589,0.418123197013406,FALSE,FALSE,FALSE,FALSE,FALSE,FALSE
369,"arvier",-0.07289493955059,0.44123346068266,0.220431019854064,0.675886645172238,FALSE,FALSE,FALSE,FALSE,FALSE,FALSE
370,"arvier",0.0036839025772597,-0.0857573005341456,0.501951467843204,0.45240115391142,FALSE,FALSE,FALSE,FALSE,FALSE,FALSE
371,"arvier",-0.00567085245269539,0.385075889422571,0.463770575258782,0.652299338197862,FALSE,FALSE,FALSE,FALSE,FALSE,FALSE
372,"arvier",-0.00590218281775634,0.211529846369696,0.462582725267266,0.576107245884948,FALSE,FALSE,FALSE,FALSE,FALSE,FALSE
373,"arvier",-0.0101183479245037,0.816106917400044,0.442728661123367,0.795350415747497,FALSE,FALSE,FALSE,FALSE,FALSE,FALSE
374,"arvier",0.0659228056867693,0.371229018564595,0.741897166129306,0.647717631087731,FALSE,FALSE,FALSE,FALSE,FALSE,FALSE
375,"arvier",-0.0282692088059768,0.300234183109609,0.371457661632445,0.617003224164263,FALSE,FALSE,FALSE,FALSE,FALSE,FALSE
376,"arvier",-0.000839210798812218,0.286507241917918,0.483624639402681,0.610724588494824,FALSE,FALSE,FALSE,FALSE,FALSE,FALSE
377,"arvier",-0.0475643099785561,0.216249734922777,0.300695740709316,0.577973867300187,FALSE,FALSE,FALSE,FALSE,FALSE,FALSE
378,"arvier",-0.0286327935755324,0.273945676676716,0.370948583064653,0.605464109960971,FALSE,FALSE,FALSE,FALSE,FALSE,FALSE
379,"arvier",0.11026169552777,-0.364038191915727,0.861191243848634,0.330901069064992,FALSE,FALSE,FALSE,FALSE,FALSE,FALSE
380,"arvier",-0.0827404855054681,-0.75752495672553,0.193449855761072,0.20617681995588,FALSE,FALSE,FALSE,FALSE,FALSE,FALSE
381,"arvier",-0.0798954570970061,0.688654212825154,0.201425419989818,0.760054301713898,FALSE,FALSE,FALSE,FALSE,FALSE,FALSE
382,"arvier",0.0434836790497162,0.377911989532364,0.658917359579162,0.6497539453589,FALSE,FALSE,FALSE,FALSE,FALSE,FALSE
383,"arvier",-0.0832755797810076,0.414772507864384,0.192262005769557,0.664177838113015,FALSE,FALSE,FALSE,FALSE,FALSE,FALSE
384,"arvier",0.0830052614141596,0.385499113199686,0.794162565755982,0.652469031053793,FALSE,FALSE,FALSE,FALSE,FALSE,FALSE
385,"arvier",-0.0420989571509818,0.46257543856211,0.317834719158323,0.683692516545053,FALSE,FALSE,FALSE,FALSE,FALSE,FALSE
386,"arvier",0.00848340316190033,0.0735202176890945,0.523163074834549,0.517902596300696,FALSE,FALSE,FALSE,FALSE,FALSE,FALSE
387,"arvier",-0.0672920248366982,-0.0181544884100682,0.236382148311556,0.480570167995927,FALSE,FALSE,FALSE,FALSE,FALSE,FALSE
388,"arvier",-0.016403842414995,0.203173447967875,0.41676565416596,0.572883081622264,FALSE,FALSE,FALSE,FALSE,FALSE,FALSE
389,"arvier",0.0638676618087413,0.342497698730362,0.734939759036145,0.634651281181062,FALSE,FALSE,FALSE,FALSE,FALSE,FALSE
390,"arvier",0.012684166303071,-0.320398422954133,0.539623281859834,0.347191583234346,FALSE,FALSE,FALSE,FALSE,FALSE,FALSE
391,"arvier",0.0335613207150338,-0.414445380479601,0.624130324113355,0.313762090615985,FALSE,FALSE,FALSE,FALSE,FALSE,FALSE
392,"arvier",-0.00746466096865817,0.243042274033369,0.456134396741897,0.590870524350925,FALSE,FALSE,FALSE,FALSE,FALSE,FALSE
393,"arvier",-0.0132670146718645,0.543865942949671,0.429322925504836,0.709146444934668,FALSE,FALSE,FALSE,FALSE,FALSE,FALSE
394,"arvier",0.0767358428493452,0.0813613648824607,0.775666044459528,0.52095706770745,FALSE,FALSE,FALSE,FALSE,FALSE,FALSE
395,"arvier",0.0418555816560531,0.268328252818474,0.6541659596131,0.603427795689801,FALSE,FALSE,FALSE,FALSE,FALSE,FALSE
396,"arvier",0.0883204309287606,0.289241042282309,0.808586458510097,0.612082131342271,FALSE,FALSE,FALSE,FALSE,FALSE,FALSE
397,"arvier",0.0313632160787343,0.336866058091547,0.616833531308332,0.633124045477685,FALSE,FALSE,FALSE,FALSE,FALSE,FALSE
398,"arvier",0.0836567499708014,0.478261710056901,0.795859494315289,0.688613609367046,FALSE,FALSE,FALSE,FALSE,FALSE,FALSE
399,"arvier",0.0341083991990789,0.353350838487717,0.626336331240455,0.639402681147124,FALSE,FALSE,FALSE,FALSE,FALSE,FALSE
400,"arvier",0.0556108958853478,0.00439570698631996,0.702358730697438,0.489733582216189,FALSE,FALSE,FALSE,FALSE,FALSE,FALSE
401,"arvier",0.0610025735648527,0.00379985732924947,0.723400644832852,0.489224503648396,FALSE,FALSE,FALSE,FALSE,FALSE,FALSE
402,"arvier",-0.338190354792305,-0.394292699430887,0.0205328355676226,0.321058883421008,FALSE,FALSE,FALSE,FALSE,FALSE,FALSE
403,"avise",0.134088090593504,-2.33847775333777,0.901238757848295,0.019514678432038,TRUE,FALSE,FALSE,FALSE,FALSE,FALSE
404,"avise",0.0426814838006528,-2.94368986813227,0.656881045307993,0.00356354997454607,FALSE,FALSE,FALSE,FALSE,FALSE,FALSE
405,"avise",0.0601593633791033,-2.55799260526838,0.719497709146445,0.0117088070592228,FALSE,FALSE,FALSE,FALSE,FALSE,FALSE
406,"avise",0.138267465393959,-2.25299748521125,0.905990157814356,0.0227388426947226,TRUE,FALSE,FALSE,FALSE,FALSE,FALSE
407,"avise",0.225317220207971,-1.94258776639705,0.966909893093501,0.038350585440353,TRUE,FALSE,FALSE,TRUE,FALSE,FALSE
408,"avise",-0.247080299655403,-1.01822564415741,0.0391990497200068,0.143560156117427,FALSE,FALSE,FALSE,FALSE,FALSE,FALSE
409,"avise",-0.0441779202008181,-0.85122427902442,0.311216697777024,0.180383505854404,FALSE,FALSE,FALSE,FALSE,FALSE,FALSE
410,"avise",0.189528015333675,-0.9614241866848,0.954692007466486,0.152214491769896,TRUE,FALSE,FALSE,TRUE,FALSE,FALSE
411,"avise",0.230116824072864,-1.4434119127043,0.967758357373155,0.0826404208382827,TRUE,FALSE,FALSE,TRUE,FALSE,FALSE
412,"avise",0.205168841528344,-1.14943748911194,0.962497878839301,0.120821313422705,TRUE,FALSE,FALSE,TRUE,FALSE,FALSE
413,"avise",0.0305571022691868,-2.51901398517125,0.612591209910063,0.0123875784829459,FALSE,FALSE,FALSE,FALSE,FALSE,FALSE
414,"avise",-0.040371034726558,-1.10612132555798,0.324113354827762,0.129475649075174,FALSE,FALSE,FALSE,FALSE,FALSE,FALSE
415,"avise",0.0965895846739713,-0.853884873535329,0.828779908365858,0.179874427286611,FALSE,FALSE,FALSE,FALSE,FALSE,FALSE
416,"avise",0.042968729598817,-2.05337543577247,0.657729509587646,0.0313931783471916,FALSE,FALSE,FALSE,FALSE,FALSE,FALSE
417,"avise",0.0109447927944597,-1.69350930639541,0.533344646190395,0.0568471067368064,FALSE,FALSE,FALSE,FALSE,FALSE,FALSE
418,"avise",-0.108392269259166,-1.03685874565178,0.140845070422535,0.140675377566604,FALSE,FALSE,FALSE,FALSE,FALSE,FALSE
419,"avise",-0.181796518052433,-1.23097248928929,0.0685559137960292,0.107924656371967,FALSE,FALSE,FALSE,FALSE,FALSE,FALSE
420,"avise",-0.0880552974486992,-0.837328978760814,0.18191074155778,0.183437977261157,FALSE,FALSE,FALSE,FALSE,FALSE,FALSE
421,"avise",-0.119407552383551,-0.1715723075459,0.122348549126082,0.413541489903275,FALSE,FALSE,FALSE,FALSE,FALSE,FALSE
422,"avise",0.124865916905115,-0.0231124626419324,0.887493636517903,0.477685389445104,FALSE,FALSE,FALSE,FALSE,FALSE,FALSE
423,"avise",0.268041296527704,-0.622760754729134,0.975224843034108,0.242151705413202,TRUE,FALSE,FALSE,TRUE,FALSE,FALSE
424,"avise",0.166822561401633,-0.992273636329217,0.938571186153063,0.146784320380112,TRUE,FALSE,FALSE,FALSE,FALSE,FALSE
425,"avise",-0.0123924165310783,-1.18392912777068,0.432547089767521,0.11539114203292,FALSE,FALSE,FALSE,FALSE,FALSE,FALSE
426,"avise",0.16640587084934,-1.03672645768542,0.938062107585271,0.140845070422535,TRUE,FALSE,FALSE,FALSE,FALSE,FALSE
427,"avise",0.0549348745795069,-2.24214094634641,0.701510266417784,0.0230782284065841,FALSE,FALSE,FALSE,FALSE,FALSE,FALSE
428,"avise",0.0780905679774939,-1.92335955013638,0.78058713728152,0.0402172068555914,FALSE,FALSE,FALSE,FALSE,FALSE,FALSE
429,"avise",0.10580930645259,-1.70963781676652,0.852027829628373,0.055659256745291,FALSE,FALSE,FALSE,FALSE,FALSE,FALSE
430,"avise",0.124156891046178,-1.52093374892025,0.88681486509418,0.0741557780417444,FALSE,FALSE,FALSE,FALSE,FALSE,FALSE
431,"avise",0.19124348265556,-1.9609413970721,0.956558628881724,0.0373324283047684,TRUE,FALSE,FALSE,TRUE,FALSE,FALSE
432,"avise",-0.162129178893879,-0.690411665621754,0.0799253351433905,0.221958255557441,FALSE,FALSE,FALSE,FALSE,FALSE,FALSE
433,"avise",0.100729413537653,-0.597501712912738,0.841337179704734,0.249448498218225,FALSE,FALSE,FALSE,FALSE,FALSE,FALSE
434,"avise",-0.0419896890765301,-0.0360832135625015,0.318174104870185,0.470558289496012,FALSE,FALSE,FALSE,FALSE,FALSE,FALSE
435,"avise",0.335988738271459,-0.319470132366702,0.983879178686577,0.348040047514,TRUE,FALSE,FALSE,TRUE,FALSE,FALSE
436,"avise",0.0606923210465489,0.29433833178216,0.722212794841337,0.614966909893094,FALSE,FALSE,FALSE,FALSE,FALSE,FALSE
437,"avise",-0.0892208171927393,0.406662842251487,0.180044120142542,0.6607839809944,FALSE,FALSE,FALSE,FALSE,FALSE,FALSE
438,"avise",-0.133446316662656,0.540460961253982,0.103682334973698,0.707958594943153,FALSE,FALSE,FALSE,FALSE,FALSE,FALSE
439,"avise",-0.0399077990209999,-0.55347705161313,0.325131511963346,0.262345155268963,FALSE,FALSE,FALSE,FALSE,FALSE,FALSE
440,"avise",-0.0765233404584862,-0.951270265406583,0.210079755642287,0.154420498896996,FALSE,FALSE,FALSE,FALSE,FALSE,FALSE
441,"avise",0.0478912340075937,-0.794748332569555,0.675377566604446,0.195995248600034,FALSE,FALSE,FALSE,FALSE,FALSE,FALSE
442,"avise",-0.0175870599452157,-0.803744842780709,0.413032411335483,0.193449855761072,FALSE,FALSE,FALSE,FALSE,FALSE,FALSE
443,"avise",-0.100389415455316,-0.198480665006626,0.156287120312235,0.40352961140336,FALSE,FALSE,FALSE,FALSE,FALSE,FALSE
444,"avise",-0.00694325792887085,-0.468346875335431,0.458001018157136,0.29492618360767,FALSE,FALSE,FALSE,FALSE,FALSE,FALSE
445,"avise",0.021346173795207,-0.524075893284767,0.576107245884948,0.273714576616324,FALSE,FALSE,FALSE,FALSE,FALSE,FALSE
446,"avise",0.107880080614706,-0.543504304802834,0.857118615306296,0.266587476667232,FALSE,FALSE,FALSE,FALSE,FALSE,FALSE
447,"avise",-0.0414073623448061,-1.37648996422377,0.320549804853216,0.0890887493636518,FALSE,FALSE,FALSE,FALSE,FALSE,FALSE
448,"avise",0.0309937983271844,-0.288222748528863,0.615475988460886,0.359918547429153,FALSE,FALSE,FALSE,FALSE,FALSE,FALSE
449,"avise",-0.0906498710329799,-0.466960713033895,0.178007805871373,0.295435262175462,FALSE,FALSE,FALSE,FALSE,FALSE,FALSE
450,"avise",-0.0373286836161206,-0.138773082146448,0.333955540471746,0.429322925504836,FALSE,FALSE,FALSE,FALSE,FALSE,FALSE
451,"avise",0.0413330205539815,-0.702799575124378,0.65179025963007,0.219073477006618,FALSE,FALSE,FALSE,FALSE,FALSE,FALSE
452,"avise",-0.0108446352932692,-0.546413130881534,0.439334804004751,0.265229933819786,FALSE,FALSE,FALSE,FALSE,FALSE,FALSE
453,"avise",-0.0044844150420893,-0.450963832199434,0.469031053792635,0.300526047853385,FALSE,FALSE,FALSE,FALSE,FALSE,FALSE
454,"avise",-0.0459310091626062,-0.772682631421603,0.306125912099101,0.202273884269472,FALSE,FALSE,FALSE,FALSE,FALSE,FALSE
455,"avise",0.107870387335449,-0.985546244881104,0.856948922450365,0.147632784659766,FALSE,FALSE,FALSE,FALSE,FALSE,FALSE
456,"avise",-0.0950467101860681,-0.588896217332694,0.167147463091804,0.250975733921602,FALSE,FALSE,FALSE,FALSE,FALSE,FALSE
457,"avise",-0.0734438160661863,-0.654432157985673,0.218394705582895,0.233327676904802,FALSE,FALSE,FALSE,FALSE,FALSE,FALSE
458,"avise",-0.00702796550115714,-0.773384819579436,0.457491939589343,0.202104191413541,FALSE,FALSE,FALSE,FALSE,FALSE,FALSE
459,"avise",0.194428898359913,-0.561077162784376,0.958085864585101,0.259120991006279,TRUE,FALSE,FALSE,TRUE,FALSE,FALSE
460,"avise",0.112129488334967,-2.47428187393813,0.866451722382488,0.0139148141863228,FALSE,FALSE,FALSE,FALSE,FALSE,FALSE
461,"avise",0.0264782028427568,-0.726708182790884,0.594434074325471,0.213643305616834,FALSE,FALSE,FALSE,FALSE,FALSE,FALSE
462,"avise",-0.0209458669166747,-0.199097326071736,0.39911759714916,0.402850839979637,FALSE,FALSE,FALSE,FALSE,FALSE,FALSE
463,"avise",0.0128207765828101,-0.50612019536464,0.540811131851349,0.280332597997624,FALSE,FALSE,FALSE,FALSE,FALSE,FALSE
464,"avise",-0.000320079583936206,-0.207791177459662,0.48566095367385,0.398608518581368,FALSE,FALSE,FALSE,FALSE,FALSE,FALSE
465,"avise",0.11236417973916,-0.300126022270589,0.867300186662141,0.35482776175123,FALSE,FALSE,FALSE,FALSE,FALSE,FALSE
466,"avise",0.0300603000563413,-0.499119805041045,0.610894281350755,0.283387069404378,FALSE,FALSE,FALSE,FALSE,FALSE,FALSE
467,"avise",-0.01568979988755,-0.731353872164639,0.419989818428644,0.212285762769387,FALSE,FALSE,FALSE,FALSE,FALSE,FALSE
468,"avise",-0.246681315973463,-0.673703293581773,0.0393687425759376,0.226879348379433,FALSE,FALSE,FALSE,FALSE,FALSE,FALSE
469,"avise",-0.145292661218194,-0.824610795828176,0.0936704564737825,0.187510605803496,FALSE,FALSE,FALSE,FALSE,FALSE,FALSE
470,"avise",-0.0496703117903721,-0.556209650641888,0.29051416935347,0.261157305277448,FALSE,FALSE,FALSE,FALSE,FALSE,FALSE
471,"avise",0.0149652982802877,-0.782070802758899,0.54776853894451,0.19955879857458,FALSE,FALSE,FALSE,FALSE,FALSE,FALSE
472,"avise",0.162552914282699,-0.775521090223251,0.932971321907348,0.201255727133888,TRUE,FALSE,FALSE,FALSE,FALSE,FALSE
473,"avise",0.00737336785797815,-0.169691616964033,0.51875106058035,0.414389954182929,FALSE,FALSE,FALSE,FALSE,FALSE,FALSE
474,"avise",0.0305758948008066,-0.0319997201412224,0.613269981333786,0.472933989479043,FALSE,FALSE,FALSE,FALSE,FALSE,FALSE
475,"avise",-0.493896408868229,-0.560957160008936,0.00695740709316138,0.259290683862209,FALSE,FALSE,FALSE,FALSE,FALSE,FALSE
476,"avise",-0.171441852598011,-0.416530163147126,0.0756830137451213,0.3127439334804,FALSE,FALSE,FALSE,FALSE,FALSE,FALSE
477,"avise",-0.151165908776283,-0.216331767407928,0.0877312065162057,0.395044968606822,FALSE,FALSE,FALSE,FALSE,FALSE,FALSE
478,"avise",-0.187280266904292,-0.481053300419853,0.0646529781096216,0.29051416935347,FALSE,FALSE,FALSE,FALSE,FALSE,FALSE
479,"avise",-0.0342159893172855,-0.286980457447133,0.347361276090277,0.360936704564738,FALSE,FALSE,FALSE,FALSE,FALSE,FALSE
480,"avise",-0.0783196905542898,-0.317706297259367,0.204988969964364,0.348888511793653,FALSE,FALSE,FALSE,FALSE,FALSE,FALSE
481,"avise",-0.0268089673585106,-1.02424367843232,0.377057525878161,0.142881384693704,FALSE,FALSE,FALSE,FALSE,FALSE,FALSE
482,"avise",0.13186709486987,-0.892176229031879,0.898184286441541,0.169692855930765,FALSE,FALSE,FALSE,FALSE,FALSE,FALSE
483,"avise",-0.443093448501008,-0.682769891406624,0.0111997284914305,0.223824876972679,FALSE,FALSE,FALSE,FALSE,FALSE,FALSE
484,"ayas",0.299935191404566,0.893795819145335,0.9801459358561,0.812998472764297,TRUE,FALSE,FALSE,TRUE,FALSE,FALSE
485,"ayas",-0.224569855314455,0.947799195034162,0.0459867639572374,0.828101136942135,FALSE,FALSE,FALSE,FALSE,FALSE,FALSE
486,"ayas",0.0413829898788105,1.38237233135702,0.652129645341931,0.919395893432887,FALSE,TRUE,FALSE,FALSE,FALSE,FALSE
487,"ayas",-0.156922805620272,1.09571343194903,0.083149499406075,0.864415408111319,FALSE,FALSE,FALSE,FALSE,FALSE,FALSE
488,"ayas",-0.206957642990082,-0.580761650127654,0.0558289496012218,0.253690819616494,FALSE,FALSE,FALSE,FALSE,FALSE,FALSE
489,"ayas",0.131739802527305,0.632804874765582,0.897844900729679,0.743594094688614,FALSE,FALSE,FALSE,FALSE,FALSE,FALSE
490,"ayas",0.160951589318389,0.478172308979229,0.931783471915832,0.688443916511115,TRUE,FALSE,FALSE,FALSE,FALSE,FALSE
491,"ayas",0.163511579557317,0.580261542235717,0.935007636178517,0.723570337688783,TRUE,FALSE,FALSE,FALSE,FALSE,FALSE
492,"ayas",-0.139540785036143,0.617678255344907,0.0984218564398439,0.737824537586968,FALSE,FALSE,FALSE,FALSE,FALSE,FALSE
493,"ayas",0.0944992530114828,0.542236253780788,0.82487697267945,0.708297980655014,FALSE,FALSE,FALSE,FALSE,FALSE,FALSE
494,"ayas",0.509850646328266,0.678891609577232,0.995078907178008,0.757169523163075,TRUE,FALSE,FALSE,TRUE,FALSE,FALSE
495,"ayas",0.0173122049522103,1.57028941334648,0.557780417444426,0.947904293229255,FALSE,TRUE,FALSE,FALSE,FALSE,FALSE
496,"ayas",-0.0141358011781296,2.11716051390447,0.425589682674359,0.989648735788223,FALSE,TRUE,FALSE,FALSE,TRUE,FALSE
497,"ayas",-0.0779167958486759,2.02852156685331,0.205498048532157,0.985915492957746,FALSE,TRUE,FALSE,FALSE,TRUE,FALSE
498,"ayas",-0.404824453151569,1.52388351436918,0.0140845070422535,0.942474121839471,FALSE,TRUE,FALSE,FALSE,FALSE,FALSE
499,"ayas",-0.410032317529334,-2.25885192312711,0.013745121330392,0.0225691498387918,FALSE,FALSE,FALSE,FALSE,FALSE,FALSE
500,"ayas",0.0599805325140501,-0.681883185095767,0.718818937722722,0.224333955540472,FALSE,FALSE,FALSE,FALSE,FALSE,FALSE
501,"ayas",0.0565185806801782,1.08972914964256,0.705582894960122,0.862039708128288,FALSE,FALSE,FALSE,FALSE,FALSE,FALSE
502,"ayas",0.149751956814823,1.41071918631228,0.919395893432887,0.924995757678602,TRUE,TRUE,TRUE,FALSE,FALSE,FALSE
503,"ayas",0.130368489029756,1.40787211612914,0.895129815034787,0.924147293398948,FALSE,TRUE,FALSE,FALSE,FALSE,FALSE
504,"ayas",-0.163467243257511,1.4930848805178,0.0792465637196674,0.936874257593755,FALSE,TRUE,FALSE,FALSE,FALSE,FALSE
505,"ayas",0.189429003729181,1.30286439559803,0.954522314610555,0.904293229255048,TRUE,TRUE,TRUE,TRUE,FALSE,FALSE
506,"ayas",0.0641479082794927,0.444202176042374,0.737145766163245,0.677583573731546,FALSE,FALSE,FALSE,FALSE,FALSE,FALSE
507,"ayas",0.220357048180285,-0.0277064427256326,0.966061428813847,0.475139996606143,TRUE,FALSE,FALSE,TRUE,FALSE,FALSE
508,"ayas",-0.609643529209118,-0.614022458125367,0.00288477855082301,0.244697098252164,FALSE,FALSE,FALSE,FALSE,FALSE,FALSE
509,"ayas",-0.217733735047291,0.467448575216995,0.0502290853555065,0.685559137960292,FALSE,FALSE,FALSE,FALSE,FALSE,FALSE
510,"ayas",-0.0481738908608289,0.517200494109105,0.297810962158493,0.701849652129645,FALSE,FALSE,FALSE,FALSE,FALSE,FALSE
511,"ayas",-0.0741220465584611,0.20288466711354,0.216188698455795,0.572713388766333,FALSE,FALSE,FALSE,FALSE,FALSE,FALSE
512,"ayas",0.0393494164989541,0.0478154342398179,0.645681316816562,0.508060410656711,FALSE,FALSE,FALSE,FALSE,FALSE,FALSE
513,"ayas",0.0680426997463215,1.38000978968265,0.74953334464619,0.919056507721025,FALSE,TRUE,FALSE,FALSE,FALSE,FALSE
514,"ayas",0.147180453604317,1.08358650966278,0.917359579161717,0.86034277956898,TRUE,FALSE,FALSE,FALSE,FALSE,FALSE
515,"ayas",0.0726651648446399,1.26646426498389,0.76276938740879,0.898863057865264,FALSE,FALSE,FALSE,FALSE,FALSE,FALSE
516,"ayas",-0.195030707535942,1.62635285483977,0.0612591209910063,0.953673850330901,FALSE,TRUE,FALSE,FALSE,TRUE,FALSE
517,"ayas",-0.0111219808595049,1.56432615617134,0.438486339725098,0.947395214661463,FALSE,TRUE,FALSE,FALSE,FALSE,FALSE
518,"ayas",0.521066331098726,1.68092978845515,0.995248600033939,0.959952486000339,TRUE,TRUE,TRUE,TRUE,TRUE,TRUE
519,"ayas",0.312743016198194,2.48049924970073,0.981333785847616,0.996436450025454,TRUE,TRUE,TRUE,TRUE,TRUE,TRUE
520,"ayas",0.182186317484391,1.33089151828955,0.94909214322077,0.91125063634821,TRUE,TRUE,TRUE,FALSE,FALSE,FALSE
521,"ayas",0.0634433807676729,1.08619753827747,0.733412523332768,0.861360936704565,FALSE,FALSE,FALSE,FALSE,FALSE,FALSE
522,"ayas",0.186648064076984,1.14815172322059,0.952486000339386,0.875275750890887,TRUE,FALSE,FALSE,TRUE,FALSE,FALSE
523,"ayas",-0.0298380073762186,1.09194896044809,0.365518411674868,0.863057865263872,FALSE,FALSE,FALSE,FALSE,FALSE,FALSE
524,"ayas",-0.392828142797198,0.585913829830671,0.0152723570337689,0.72509757339216,FALSE,FALSE,FALSE,FALSE,FALSE,FALSE
525,"ayas",0.0648956917349874,0.786382697247075,0.739012387578483,0.788053622942474,FALSE,FALSE,FALSE,FALSE,FALSE,FALSE
526,"ayas",0.150914874318042,0.673710260937949,0.920923129136263,0.755811980315629,TRUE,FALSE,FALSE,FALSE,FALSE,FALSE
527,"ayas",0.0502104511818278,0.560475285266666,0.681825895129815,0.71627354488376,FALSE,FALSE,FALSE,FALSE,FALSE,FALSE
528,"ayas",-0.183911587677647,0.456062589435949,0.0666892923807908,0.682165280841677,FALSE,FALSE,FALSE,FALSE,FALSE,FALSE
529,"ayas",-0.186591357496551,0.946333011732086,0.0658408281011369,0.827252672662481,FALSE,FALSE,FALSE,FALSE,FALSE,FALSE
530,"ayas",0.471376353411925,0.495561320351475,0.993721364330562,0.693874087900899,TRUE,FALSE,FALSE,TRUE,FALSE,FALSE
531,"ayas",0.120092960587703,1.65743322277567,0.880705922280672,0.957576786017309,FALSE,TRUE,FALSE,FALSE,TRUE,FALSE
532,"ayas",0.00386306618870336,1.29314708950424,0.503478703546581,0.902765993551671,FALSE,TRUE,FALSE,FALSE,FALSE,FALSE
533,"ayas",-0.143862157533139,1.26095855904676,0.094688613609367,0.897505515017818,FALSE,FALSE,FALSE,FALSE,FALSE,FALSE
534,"ayas",0.0118667607432474,1.1926925310372,0.536229424741218,0.883760393687426,FALSE,FALSE,FALSE,FALSE,FALSE,FALSE
535,"ayas",-0.241451942924776,1.03217809316643,0.0407262854233837,0.846427965382657,FALSE,FALSE,FALSE,FALSE,FALSE,FALSE
536,"ayas",-0.324008216275907,0.154783173133256,0.0230782284065841,0.553538096046156,FALSE,FALSE,FALSE,FALSE,FALSE,FALSE
537,"ayas",0.175203543045493,0.63504747031689,0.944001357542847,0.744272866112337,TRUE,FALSE,FALSE,FALSE,FALSE,FALSE
538,"ayas",0.141968009391579,0.657594070986143,0.91125063634821,0.750890887493637,TRUE,FALSE,FALSE,FALSE,FALSE,FALSE
539,"ayas",0.0520983871686962,0.495437532071794,0.691159002206007,0.693704395044969,FALSE,FALSE,FALSE,FALSE,FALSE,FALSE
540,"ayas",-0.166195646540464,0.688921875432286,0.0775496351603597,0.760223994569829,FALSE,FALSE,FALSE,FALSE,FALSE,FALSE
541,"ayas",-0.021791188594019,0.573423361244642,0.395893432886475,0.720855251993891,FALSE,FALSE,FALSE,FALSE,FALSE,FALSE
542,"ayas",0.493303523167359,0.0461321291925335,0.994569828610215,0.507042253521127,TRUE,FALSE,FALSE,TRUE,FALSE,FALSE
543,"ayas",0.0588142195126871,1.44401662383571,0.714406923468522,0.929577464788732,FALSE,TRUE,FALSE,FALSE,FALSE,FALSE
544,"ayas",-0.0117118764581807,1.32055981409404,0.435431868318344,0.908705243509248,FALSE,TRUE,FALSE,FALSE,FALSE,FALSE
545,"ayas",-0.0768467942771807,1.24503027490887,0.208891905650772,0.893941965043272,FALSE,FALSE,FALSE,FALSE,FALSE,FALSE
546,"ayas",-0.00631750679185927,1.34136774441288,0.46122518241982,0.91362633633124,FALSE,TRUE,FALSE,FALSE,FALSE,FALSE
547,"ayas",-0.380060274183894,0.635107238317518,0.0167995927371458,0.744612251824198,FALSE,FALSE,FALSE,FALSE,FALSE,FALSE
548,"ayas",-0.199017023756149,-0.319482270516093,0.0602409638554217,0.347870354658069,FALSE,FALSE,FALSE,FALSE,FALSE,FALSE
549,"ayas",0.0543462720113812,0.315077838718608,0.699134566434753,0.622772781265909,FALSE,FALSE,FALSE,FALSE,FALSE,FALSE
550,"ayas",0.128746016304103,0.292013478857791,0.892584422195826,0.61411844561344,FALSE,FALSE,FALSE,FALSE,FALSE,FALSE
551,"ayas",0.0900222320616439,0.569267579214998,0.812998472764297,0.719328016290514,FALSE,FALSE,FALSE,FALSE,FALSE,FALSE
552,"ayas",-0.182019367540285,0.316727294507525,0.0682165280841677,0.623790938401493,FALSE,FALSE,FALSE,FALSE,FALSE,FALSE
553,"ayas",0.0349735057843095,0.452587843648086,0.630918038350585,0.680977430850161,FALSE,FALSE,FALSE,FALSE,FALSE,FALSE
554,"ayas",0.267171924804865,0.59006482569578,0.975055150178177,0.726455116239606,TRUE,FALSE,FALSE,TRUE,FALSE,FALSE
555,"ayas",0.238319116507283,1.34383550967953,0.969964364500255,0.913965722043102,TRUE,TRUE,TRUE,TRUE,FALSE,FALSE
556,"ayas",0.0477514325699229,1.09631590842539,0.674529102324792,0.864585100967249,FALSE,FALSE,FALSE,FALSE,FALSE,FALSE
557,"ayas",-0.0688595388340829,1.25139433526184,0.231121669777702,0.894960122178856,FALSE,FALSE,FALSE,FALSE,FALSE,FALSE
558,"ayas",0.112510610096075,1.35637418245942,0.867978958085865,0.915323264890548,FALSE,TRUE,FALSE,FALSE,FALSE,FALSE
559,"ayas",-0.129437557455637,0.75799482711929,0.108094349227897,0.779738673001867,FALSE,FALSE,FALSE,FALSE,FALSE,FALSE
560,"ayas",-0.104594676233972,0.746879959212598,0.147632784659766,0.777023587306974,FALSE,FALSE,FALSE,FALSE,FALSE,FALSE
561,"ayas",0.187491477185276,0.97306237525389,0.952995078907178,0.834210079755642,TRUE,FALSE,FALSE,TRUE,FALSE,FALSE
562,"ayas",0.251037965003105,0.275896119704395,0.972849143051078,0.606482267096555,TRUE,FALSE,FALSE,TRUE,FALSE,FALSE
563,"ayas",0.154969045730702,0.43724829749135,0.925165450534532,0.674698795180723,TRUE,FALSE,FALSE,FALSE,FALSE,FALSE
564,"ayas",-0.217705923113931,0.460146852827879,0.0503987782114373,0.683183437977261,FALSE,FALSE,FALSE,FALSE,FALSE,FALSE
565,"aymavilles",0.00626327411920968,-0.899732179051972,0.513151196334634,0.167317155947735,FALSE,FALSE,FALSE,FALSE,FALSE,FALSE
566,"aymavilles",0.029777241473985,-0.535170976169536,0.609027659935517,0.270151026641778,FALSE,FALSE,FALSE,FALSE,FALSE,FALSE
567,"aymavilles",0.057185040691186,-0.512069561517191,0.708467673510945,0.277956898014594,FALSE,FALSE,FALSE,FALSE,FALSE,FALSE
568,"aymavilles",0.0851219629933713,-0.48998580796557,0.800271508569489,0.287120312234855,FALSE,FALSE,FALSE,FALSE,FALSE,FALSE
569,"aymavilles",0.120397779367641,-0.533854720154345,0.881724079416257,0.27049041235364,FALSE,FALSE,FALSE,FALSE,FALSE,FALSE
570,"aymavilles",-0.00738898920502251,-0.44832434491669,0.456473782453759,0.301713897844901,FALSE,FALSE,FALSE,FALSE,FALSE,FALSE
571,"aymavilles",-0.0299078236451642,-0.924897244227372,0.364839640251145,0.160868827422366,FALSE,FALSE,FALSE,FALSE,FALSE,FALSE
572,"aymavilles",0.0441905389296178,-0.768477631744652,0.662480909553708,0.20397081282878,FALSE,FALSE,FALSE,FALSE,FALSE,FALSE
573,"aymavilles",0.0801186279150805,-1.23576855061954,0.786696080095028,0.106906499236382,FALSE,FALSE,FALSE,FALSE,FALSE,FALSE
574,"aymavilles",0.104733642677594,-1.40416927269928,0.850500593924996,0.0868827422365518,FALSE,FALSE,FALSE,FALSE,FALSE,FALSE
575,"aymavilles",-0.120606668641352,-0.887521089665613,0.120481927710843,0.17071101306635,FALSE,FALSE,FALSE,FALSE,FALSE,FALSE
576,"aymavilles",-0.111165535381012,-0.0852029984025575,0.135075513320889,0.452570846767351,FALSE,FALSE,FALSE,FALSE,FALSE,FALSE
577,"aymavilles",0.0365572120017248,0.268491685164242,0.635669438316647,0.603597488545732,FALSE,FALSE,FALSE,FALSE,FALSE,FALSE
578,"aymavilles",-0.0154747112179052,0.375485711436034,0.421007975564229,0.64958425250297,FALSE,FALSE,FALSE,FALSE,FALSE,FALSE
579,"aymavilles",0.0517495019184668,-0.369270220643457,0.68963176650263,0.329034447649754,FALSE,FALSE,FALSE,FALSE,FALSE,FALSE
580,"aymavilles",0.0192168419314509,-1.93283552255487,0.567283217376548,0.0391990497200068,FALSE,FALSE,FALSE,FALSE,FALSE,FALSE
581,"aymavilles",0.0904150732921014,-2.14669870922011,0.813507551332089,0.0269811640929917,FALSE,FALSE,FALSE,FALSE,FALSE,FALSE
582,"aymavilles",-0.0135495288091807,-0.455480574816505,0.428304768369252,0.299507890717801,FALSE,FALSE,FALSE,FALSE,FALSE,FALSE
583,"aymavilles",-0.00908001532353886,-0.0722380461854278,0.448158832513151,0.455795011030036,FALSE,FALSE,FALSE,FALSE,FALSE,FALSE
584,"aymavilles",0.0223450611414435,0.170761991776288,0.579161717291702,0.561513660274902,FALSE,FALSE,FALSE,FALSE,FALSE,FALSE
585,"aymavilles",0.0683660811862179,-0.0708047881847427,0.750721194637706,0.456643475309689,FALSE,FALSE,FALSE,FALSE,FALSE,FALSE
586,"aymavilles",0.108470518538104,-0.36320152046661,0.858645851009673,0.331240454776854,FALSE,FALSE,FALSE,FALSE,FALSE,FALSE
587,"aymavilles",-0.0348340984573952,-0.954955216119014,0.344306804683523,0.153572034617343,FALSE,FALSE,FALSE,FALSE,FALSE,FALSE
588,"aymavilles",-0.0653960775993454,-1.42058965396241,0.242151705413202,0.0856948922450365,FALSE,FALSE,FALSE,FALSE,FALSE,FALSE
589,"aymavilles",0.026361272543749,-1.95574053955557,0.593924995757679,0.0380111997284914,FALSE,FALSE,FALSE,FALSE,FALSE,FALSE
590,"aymavilles",-0.0512194244831132,-1.40426917979115,0.286271847955201,0.0867130493806211,FALSE,FALSE,FALSE,FALSE,FALSE,FALSE
591,"aymavilles",0.10156185312384,-1.23118404078163,0.843203801119973,0.107754963516036,FALSE,FALSE,FALSE,FALSE,FALSE,FALSE
592,"aymavilles",-0.00906610142985365,-0.144911881678653,0.448328525369082,0.426777532665875,FALSE,FALSE,FALSE,FALSE,FALSE,FALSE
593,"aymavilles",0.0895570920018951,-0.665240165915987,0.81147123706092,0.230103512642118,FALSE,FALSE,FALSE,FALSE,FALSE,FALSE
594,"aymavilles",-0.0383629285951876,-0.507774920292027,0.3303919904972,0.279823519429832,FALSE,FALSE,FALSE,FALSE,FALSE,FALSE
595,"aymavilles",-0.0521414259797481,-0.279744938570917,0.283047683692517,0.364669947395215,FALSE,FALSE,FALSE,FALSE,FALSE,FALSE
596,"aymavilles",-0.0126707973885534,0.0724014581585143,0.431019854064144,0.517732903444765,FALSE,FALSE,FALSE,FALSE,FALSE,FALSE
597,"aymavilles",-0.0124532160610897,0.0377021869176397,0.432038011199729,0.502799932122858,FALSE,FALSE,FALSE,FALSE,FALSE,FALSE
598,"aymavilles",0.0734558272401351,-0.114762713655445,0.765993551671475,0.439165111148821,FALSE,FALSE,FALSE,FALSE,FALSE,FALSE
599,"aymavilles",-0.0717841117662559,-0.243640535683242,0.223146105548956,0.380451382996776,FALSE,FALSE,FALSE,FALSE,FALSE,FALSE
600,"aymavilles",-0.0562290019658551,0.761266857626251,0.270660105209571,0.781605294417105,FALSE,FALSE,FALSE,FALSE,FALSE,FALSE
601,"aymavilles",-0.034943395977896,-0.553941589732912,0.343797726115731,0.262005769557102,FALSE,FALSE,FALSE,FALSE,FALSE,FALSE
602,"aymavilles",-0.0304097257203022,-0.816352278372655,0.362463940268115,0.191243848633973,FALSE,FALSE,FALSE,FALSE,FALSE,FALSE
603,"aymavilles",0.0929149230359787,-0.693737630291314,0.820804344137112,0.221109791277787,FALSE,FALSE,FALSE,FALSE,FALSE,FALSE
604,"aymavilles",0.00535091254959319,0.0132120172307204,0.508908874936365,0.493127439334804,FALSE,FALSE,FALSE,FALSE,FALSE,FALSE
605,"aymavilles",0.0638254408272605,-0.152839010176141,0.734770066180214,0.422195825555744,FALSE,FALSE,FALSE,FALSE,FALSE,FALSE
606,"aymavilles",-0.037618930050078,-0.555648716690998,0.332767690480231,0.26166638384524,FALSE,FALSE,FALSE,FALSE,FALSE,FALSE
607,"aymavilles",-0.00275838962949493,-0.552744143590417,0.477176310877312,0.263363312404548,FALSE,FALSE,FALSE,FALSE,FALSE,FALSE
608,"aymavilles",0.0186542459074115,-0.547250728476504,0.565246903105379,0.264720855251994,FALSE,FALSE,FALSE,FALSE,FALSE,FALSE
609,"aymavilles",0.0524148502584367,-0.727167923847336,0.692686237909384,0.213473612760903,FALSE,FALSE,FALSE,FALSE,FALSE,FALSE
610,"aymavilles",0.0275401040836343,-0.202237204612582,0.60088240285084,0.401493297132191,FALSE,FALSE,FALSE,FALSE,FALSE,FALSE
611,"aymavilles",-0.00897926134861926,-1.08698662505832,0.449516375360597,0.131172577634482,FALSE,FALSE,FALSE,FALSE,FALSE,FALSE
612,"aymavilles",-0.0464455320670183,-0.0314223835147295,0.304089597827931,0.473273375190904,FALSE,FALSE,FALSE,FALSE,FALSE,FALSE
613,"aymavilles",0.0289856549074194,-0.500201496694262,0.606482267096555,0.282368912268793,FALSE,FALSE,FALSE,FALSE,FALSE,FALSE
614,"aymavilles",-0.00607511020093909,-0.324576079480096,0.461903953843543,0.345664347530969,FALSE,FALSE,FALSE,FALSE,FALSE,FALSE
615,"aymavilles",0.0751927943401203,-0.622018536858949,0.770914644493467,0.242660783980994,FALSE,FALSE,FALSE,FALSE,FALSE,FALSE
616,"aymavilles",0.0351589796727705,0.129710822237067,0.632105888342101,0.542847446122518,FALSE,FALSE,FALSE,FALSE,FALSE,FALSE
617,"aymavilles",0.0483842392527869,-0.146244053312283,0.676565416595961,0.425589682674359,FALSE,FALSE,FALSE,FALSE,FALSE,FALSE
618,"aymavilles",-0.0568422069912611,-0.628593898993531,0.267945019514678,0.240624469709825,FALSE,FALSE,FALSE,FALSE,FALSE,FALSE
619,"aymavilles",-0.0252095055292791,-0.662474933139788,0.382318004412014,0.23061259120991,FALSE,FALSE,FALSE,FALSE,FALSE,FALSE
620,"aymavilles",-0.0063636631435493,-0.74700936986301,0.460546410996097,0.208891905650772,FALSE,FALSE,FALSE,FALSE,FALSE,FALSE
621,"aymavilles",0.0306645804176675,-0.660982350903239,0.613779059901578,0.230951976921772,FALSE,FALSE,FALSE,FALSE,FALSE,FALSE
622,"aymavilles",0.100704380962991,-0.530550353126118,0.840997793992873,0.271847955201086,FALSE,FALSE,FALSE,FALSE,FALSE,FALSE
623,"aymavilles",-0.0319341999820839,-2.04016895750412,0.356185304598676,0.0330901069064992,FALSE,FALSE,FALSE,FALSE,FALSE,FALSE
624,"aymavilles",-0.0645090904394579,0.020050468468676,0.245206176819956,0.495842525029696,FALSE,FALSE,FALSE,FALSE,FALSE,FALSE
625,"aymavilles",-0.0353762736480814,-0.329610943755251,0.342100797556423,0.343967418971661,FALSE,FALSE,FALSE,FALSE,FALSE,FALSE
626,"aymavilles",-0.0361091487821863,-0.320540862569381,0.3392160190056,0.347021890378415,FALSE,FALSE,FALSE,FALSE,FALSE,FALSE
627,"aymavilles",0.0353396266938635,-0.3764840575547,0.632784659765824,0.326658747666723,FALSE,FALSE,FALSE,FALSE,FALSE,FALSE
628,"aymavilles",-0.0319223146571463,-0.0917553375424664,0.356354997454607,0.449686068216528,FALSE,FALSE,FALSE,FALSE,FALSE,FALSE
629,"aymavilles",0.0507408138243726,-0.509633114256957,0.684710673680638,0.278975055150178,FALSE,FALSE,FALSE,FALSE,FALSE,FALSE
630,"aymavilles",-0.00574959399006225,-0.674415003914851,0.463261496690989,0.22620057695571,FALSE,FALSE,FALSE,FALSE,FALSE,FALSE
631,"aymavilles",0.0324253766950804,-0.732469663724783,0.619718309859155,0.211776684201595,FALSE,FALSE,FALSE,FALSE,FALSE,FALSE
632,"aymavilles",-0.0818724016334667,-0.506209891366235,0.196164941455965,0.280162905141694,FALSE,FALSE,FALSE,FALSE,FALSE,FALSE
633,"aymavilles",0.0628765248665211,-0.941271816740064,0.731545901917529,0.156626506024096,FALSE,FALSE,FALSE,FALSE,FALSE,FALSE
634,"aymavilles",0.0942476558779841,-0.475127688546535,0.823858815543866,0.292041405056847,FALSE,FALSE,FALSE,FALSE,FALSE,FALSE
635,"aymavilles",-0.11675617672363,-0.921381184666437,0.126590870524351,0.16188698455795,FALSE,FALSE,FALSE,FALSE,FALSE,FALSE
636,"aymavilles",-0.0481656596113194,0.0183120952579953,0.297980655014424,0.494994060750042,FALSE,FALSE,FALSE,FALSE,FALSE,FALSE
637,"aymavilles",0.0944410799294566,-0.482839579114085,0.824537586967589,0.289326319361955,FALSE,FALSE,FALSE,FALSE,FALSE,FALSE
638,"aymavilles",0.0283479385141359,-0.437822121223773,0.603258102833871,0.306974376378754,FALSE,FALSE,FALSE,FALSE,FALSE,FALSE
639,"aymavilles",0.0934470871573083,-0.208034163629707,0.821822501272696,0.398438825725437,FALSE,FALSE,FALSE,FALSE,FALSE,FALSE
640,"aymavilles",0.0119480934726397,-0.141069797955069,0.53656881045308,0.42796538265739,FALSE,FALSE,FALSE,FALSE,FALSE,FALSE
641,"aymavilles",0.0754639024565176,0.0344451934618273,0.771763108773121,0.502121160699135,FALSE,FALSE,FALSE,FALSE,FALSE,FALSE
642,"aymavilles",-0.0119033594515692,-0.357283364348776,0.434413711182759,0.333785847615815,FALSE,FALSE,FALSE,FALSE,FALSE,FALSE
643,"aymavilles",-0.00473751958474544,-0.921549175231102,0.467164432377397,0.161547598846089,FALSE,FALSE,FALSE,FALSE,FALSE,FALSE
644,"aymavilles",0.0693400985002786,-0.65923329017242,0.753605973188529,0.231461055489564,FALSE,FALSE,FALSE,FALSE,FALSE,FALSE
645,"aymavilles",-0.307019116183866,-0.972201638749595,0.0259630069574071,0.151026641778381,FALSE,FALSE,FALSE,FALSE,FALSE,FALSE
646,"bard",-0.0689744125010723,1.31279078448625,0.23061259120991,0.906159850670287,FALSE,TRUE,FALSE,FALSE,FALSE,FALSE
647,"bard",-0.0933378282524764,1.50707531191811,0.171898863057865,0.938740879008994,FALSE,TRUE,FALSE,FALSE,FALSE,FALSE
648,"bard",-0.0216689505013079,2.04044198200531,0.396741897166129,0.986424571525539,FALSE,TRUE,FALSE,FALSE,TRUE,FALSE
649,"bard",-0.00449535229951792,2.36057359075336,0.468861360936705,0.994400135754285,FALSE,TRUE,FALSE,FALSE,TRUE,FALSE
650,"bard",0.0610622843821549,2.24765097529678,0.723740030544714,0.992533514339046,FALSE,TRUE,FALSE,FALSE,TRUE,FALSE
651,"bard",-0.0630771133077008,1.733243149062,0.250296962497879,0.964873578822332,FALSE,TRUE,FALSE,FALSE,TRUE,FALSE
652,"bard",-0.0119609494599278,1.11440361823781,0.434074325470898,0.868827422365518,FALSE,FALSE,FALSE,FALSE,FALSE,FALSE
653,"bard",-0.045717817806592,1.28356848338773,0.306634990666893,0.900899372136433,FALSE,TRUE,FALSE,FALSE,FALSE,FALSE
654,"bard",-0.113936707832508,1.42351626093949,0.13083319192262,0.926013914814186,FALSE,TRUE,FALSE,FALSE,FALSE,FALSE
655,"bard",0.0105958221783169,1.90373228503564,0.531647717631088,0.977600543017139,FALSE,TRUE,FALSE,FALSE,TRUE,FALSE
656,"bard",-0.188912242602123,1.47735461416239,0.0634651281181062,0.934498557610725,FALSE,TRUE,FALSE,FALSE,FALSE,FALSE
657,"bard",0.103950938624589,1.93307653162938,0.848294586797896,0.981333785847616,FALSE,TRUE,FALSE,FALSE,TRUE,FALSE
658,"bard",-0.181684727491248,2.38078379534645,0.0688952995078907,0.995078907178008,FALSE,TRUE,FALSE,FALSE,TRUE,FALSE
659,"bard",0.0504678761068469,2.62039995002798,0.683522823689123,0.998303071440692,FALSE,TRUE,FALSE,FALSE,TRUE,FALSE
660,"bard",-0.143777600039662,1.77509276598938,0.0948583064652978,0.968776514508739,FALSE,TRUE,FALSE,FALSE,TRUE,FALSE
661,"bard",-0.261331915851304,0.271149953028256,0.036144578313253,0.604785338537248,FALSE,FALSE,FALSE,FALSE,FALSE,FALSE
662,"bard",0.0532759283878228,0.837680433843307,0.695740709316138,0.801459358561005,FALSE,FALSE,FALSE,FALSE,FALSE,FALSE
663,"bard",0.144103940866414,0.667538585779714,0.914474800610894,0.75394535890039,TRUE,FALSE,FALSE,FALSE,FALSE,FALSE
664,"bard",0.0666261982288816,1.86458221658953,0.744103173256406,0.974036993042593,FALSE,TRUE,FALSE,FALSE,TRUE,FALSE
665,"bard",0.0245097422074814,2.2893571000654,0.585949431528933,0.993042592906839,FALSE,TRUE,FALSE,FALSE,TRUE,FALSE
666,"bard",-0.0326906914241274,2.4363840213959,0.352961140335992,0.9955879857458,FALSE,TRUE,FALSE,FALSE,TRUE,FALSE
667,"bard",-0.0365626339399601,2.47371099144396,0.337349397590361,0.996266757169523,FALSE,TRUE,FALSE,FALSE,TRUE,FALSE
668,"bard",-0.165181398810342,0.531273712366331,0.078058713728152,0.706601052095707,FALSE,FALSE,FALSE,FALSE,FALSE,FALSE
669,"bard",-0.202399733748482,-0.512307341413621,0.0582046495842525,0.277787205158663,FALSE,FALSE,FALSE,FALSE,FALSE,FALSE
670,"bard",0.0439133781823209,-1.06270821932705,0.661462752418123,0.136942134736128,FALSE,FALSE,FALSE,FALSE,FALSE,FALSE
671,"bard",0.0861272555809975,1.0729960106615,0.804174444255897,0.857288308162226,FALSE,FALSE,FALSE,FALSE,FALSE,FALSE
672,"bard",0.101768788138958,1.84715239822953,0.843712879687765,0.973527914474801,FALSE,TRUE,FALSE,FALSE,TRUE,FALSE
673,"bard",0.0335686253985497,1.92003860880757,0.624300016969286,0.979297471576447,FALSE,TRUE,FALSE,FALSE,TRUE,FALSE
674,"bard",0.235574243673307,2.07071390477072,0.969115900220601,0.987951807228916,TRUE,TRUE,TRUE,TRUE,TRUE,TRUE
675,"bard",0.148073072864449,2.2816470881203,0.917698964873579,0.992872900050908,TRUE,TRUE,TRUE,FALSE,TRUE,FALSE
676,"bard",-0.111541594366733,1.83850799630524,0.134396741897166,0.973018835907008,FALSE,TRUE,FALSE,FALSE,TRUE,FALSE
677,"bard",-0.0350974305074736,2.22881436276392,0.342949261836077,0.991685050059392,FALSE,TRUE,FALSE,FALSE,TRUE,FALSE
678,"bard",-0.0917852994563084,2.35846645217448,0.175801798744273,0.994230442898354,FALSE,TRUE,FALSE,FALSE,TRUE,FALSE
679,"bard",0.0409674379852518,2.4106624675542,0.650263023926693,0.995418292889869,FALSE,TRUE,FALSE,FALSE,TRUE,FALSE
680,"bard",-0.0960275569338567,2.69989003976684,0.165450534532496,0.999660614288138,FALSE,TRUE,FALSE,FALSE,TRUE,FALSE
681,"bard",0.0686476540883056,2.66572137296914,0.751909044629221,0.999321228576277,FALSE,TRUE,FALSE,FALSE,TRUE,FALSE
682,"bard",0.078045134318069,1.35881164586391,0.780247751569659,0.916002036314271,FALSE,TRUE,FALSE,FALSE,FALSE,FALSE
683,"bard",-0.0958565943047578,1.39230416842295,0.165789920244358,0.921941286271848,FALSE,TRUE,FALSE,FALSE,FALSE,FALSE
684,"bard",0.0444596347279749,1.67099802343608,0.663499066689292,0.959104021720686,FALSE,TRUE,FALSE,FALSE,TRUE,FALSE
685,"bard",0.066062431771968,2.15313592613441,0.742406244697098,0.990327507211946,FALSE,TRUE,FALSE,FALSE,TRUE,FALSE
686,"bard",-0.0542849423598142,2.52079276777215,0.275750890887494,0.996945528593246,FALSE,TRUE,FALSE,FALSE,TRUE,FALSE
687,"bard",-0.0960336270069533,1.82196453802316,0.165111148820635,0.971321907347701,FALSE,TRUE,FALSE,FALSE,TRUE,FALSE
688,"bard",-0.055592590313772,1.51703769908478,0.272017648057017,0.940607500424232,FALSE,TRUE,FALSE,FALSE,FALSE,FALSE
689,"bard",-0.0744963684083135,1.60793811045976,0.214661462752418,0.951807228915663,FALSE,TRUE,FALSE,FALSE,TRUE,FALSE
690,"bard",-0.127507326258229,1.54003010254637,0.110470049210928,0.943661971830986,FALSE,TRUE,FALSE,FALSE,FALSE,FALSE
691,"bard",-0.0719107232564813,2.29922095713744,0.222806719837095,0.993212285762769,FALSE,TRUE,FALSE,FALSE,TRUE,FALSE
692,"bard",-0.0978582907669026,1.45343071222915,0.161547598846089,0.931104700492109,FALSE,TRUE,FALSE,FALSE,FALSE,FALSE
693,"bard",0.00832646911971224,1.92550442872452,0.522653996266757,0.980315628712031,FALSE,TRUE,FALSE,FALSE,TRUE,FALSE
694,"bard",-0.023056467175202,1.66826572209691,0.390463261496691,0.958764636008824,FALSE,TRUE,FALSE,FALSE,TRUE,FALSE
695,"bard",0.020776888513133,1.67138241774821,0.573222467334125,0.959443407432547,FALSE,TRUE,FALSE,FALSE,TRUE,FALSE
696,"bard",0.112376733094148,2.05677900029285,0.867469879518072,0.987273035805193,FALSE,TRUE,FALSE,FALSE,TRUE,FALSE
697,"bard",0.00172782188200671,2.51877922464848,0.49448498218225,0.996775835737315,FALSE,TRUE,FALSE,FALSE,TRUE,FALSE
698,"bard",-0.0710316462802272,2.54224288449445,0.225012726964195,0.997454607161039,FALSE,TRUE,FALSE,FALSE,TRUE,FALSE
699,"bard",-0.148360249643249,1.4437850250524,0.0899372136433056,0.929407771932802,FALSE,TRUE,FALSE,FALSE,FALSE,FALSE
700,"bard",-0.046662410693008,1.44881934941176,0.303410826404208,0.930256236212455,FALSE,TRUE,FALSE,FALSE,FALSE,FALSE
701,"bard",-0.0484341725005635,1.39803998076282,0.296453419311047,0.922789750551502,FALSE,TRUE,FALSE,FALSE,FALSE,FALSE
702,"bard",-0.130114538085433,1.87833358110366,0.107585270660105,0.975224843034108,FALSE,TRUE,FALSE,FALSE,TRUE,FALSE
703,"bard",0.0637128742018565,1.90135497090907,0.734091294756491,0.977261157305277,FALSE,TRUE,FALSE,FALSE,TRUE,FALSE
704,"bard",-0.0900523749925419,1.52734803484553,0.179025963006957,0.942813507551332,FALSE,TRUE,FALSE,FALSE,FALSE,FALSE
705,"bard",-0.0961840509828402,2.24259558129058,0.164941455964704,0.992363821483116,FALSE,TRUE,FALSE,FALSE,TRUE,FALSE
706,"bard",-0.0650484792935639,1.66293550383367,0.243339555404717,0.958255557441032,FALSE,TRUE,FALSE,FALSE,TRUE,FALSE
707,"bard",-0.105231821262716,1.55767831452996,0.14644493466825,0.946546750381809,FALSE,TRUE,FALSE,FALSE,FALSE,FALSE
708,"bard",0.405874352161463,1.1166341407835,0.989648735788223,0.869675886645172,TRUE,FALSE,FALSE,TRUE,FALSE,FALSE
709,"bard",0.0743297821980828,2.04985497892988,0.768538944510436,0.987103342949262,FALSE,TRUE,FALSE,FALSE,TRUE,FALSE
710,"bard",0.103164165739658,2.25039867462964,0.84693704395045,0.992703207194977,FALSE,TRUE,FALSE,FALSE,TRUE,FALSE
711,"bard",-0.140740588814587,1.46514872605083,0.0975733921601901,0.932631936195486,FALSE,TRUE,FALSE,FALSE,FALSE,FALSE
712,"bard",0.132413699240642,1.46756536706129,0.898863057865264,0.933141014763278,FALSE,TRUE,FALSE,FALSE,FALSE,FALSE
713,"bard",0.14104470402906,1.74008909442205,0.909893093500764,0.965891735957916,TRUE,TRUE,TRUE,FALSE,TRUE,FALSE
714,"bard",-0.0320045297881162,1.43279227113772,0.355676226030884,0.927541150517563,FALSE,TRUE,FALSE,FALSE,FALSE,FALSE
715,"bard",0.287112780491453,1.97376518762979,0.977939928729,0.983539792974716,TRUE,TRUE,TRUE,TRUE,TRUE,TRUE
716,"bard",0.212513574936345,2.08199585093724,0.964025114542678,0.988291192940777,TRUE,TRUE,TRUE,TRUE,TRUE,TRUE
717,"bard",0.242740498201528,2.04429791293684,0.97115221449177,0.986933650093331,TRUE,TRUE,TRUE,TRUE,TRUE,TRUE
718,"bard",0.331733097253323,1.50845379409977,0.983200407262854,0.939080264720855,TRUE,TRUE,TRUE,TRUE,FALSE,FALSE
719,"bard",0.294356046704603,1.68920951303696,0.978958085864585,0.961649414559647,TRUE,TRUE,TRUE,TRUE,TRUE,TRUE
720,"bard",0.0426100117803028,1.87659517478501,0.656711352452062,0.975055150178177,FALSE,TRUE,FALSE,FALSE,TRUE,FALSE
721,"bard",-0.0583010000298465,2.37565320776657,0.263533005260479,0.994739521466146,FALSE,TRUE,FALSE,FALSE,TRUE,FALSE
722,"bard",-0.130485734626392,2.61635981560224,0.107076192092313,0.997963685728831,FALSE,TRUE,FALSE,FALSE,TRUE,FALSE
723,"bard",0.12305320429553,2.12499777831806,0.885457322246733,0.989818428644154,FALSE,TRUE,FALSE,FALSE,TRUE,FALSE
724,"bard",0.065197863263057,1.2731910498597,0.739860851858137,0.899711522144918,FALSE,FALSE,FALSE,FALSE,FALSE,FALSE
725,"bard",0.106150471654455,1.33462866567961,0.852876293908026,0.912099100627864,FALSE,TRUE,FALSE,FALSE,FALSE,FALSE
726,"bard",-0.134147016447264,1.37283673917041,0.102494484982182,0.91786865772951,FALSE,TRUE,FALSE,FALSE,FALSE,FALSE
727,"bionaz",0.050816590426157,-0.307254688288005,0.685559137960292,0.352282368912269,FALSE,FALSE,FALSE,FALSE,FALSE,FALSE
728,"bionaz",0.0183397281860227,-0.455822398502909,0.563380281690141,0.29933819786187,FALSE,FALSE,FALSE,FALSE,FALSE,FALSE
729,"bionaz",0.0592538615177745,0.846082060901504,0.715764466315968,0.802986594264381,FALSE,FALSE,FALSE,FALSE,FALSE,FALSE
730,"bionaz",0.0220823641522401,1.1012351014477,0.578313253012048,0.865942643814695,FALSE,FALSE,FALSE,FALSE,FALSE,FALSE
731,"bionaz",0.0738468337764147,-0.252321444490326,0.76718140166299,0.376378754454437,FALSE,FALSE,FALSE,FALSE,FALSE,FALSE
732,"bionaz",-0.0218148034204102,0.0438839877786539,0.395723740030545,0.505854403529611,FALSE,FALSE,FALSE,FALSE,FALSE,FALSE
733,"bionaz",0.0150881104306766,0.325651713230448,0.548786696080095,0.628033259799762,FALSE,FALSE,FALSE,FALSE,FALSE,FALSE
734,"bionaz",0.051490146060738,0.330366118492286,0.688443916511115,0.631087731206516,FALSE,FALSE,FALSE,FALSE,FALSE,FALSE
735,"bionaz",-0.0536212300878045,0.436095806150746,0.278296283726455,0.674359409468861,FALSE,FALSE,FALSE,FALSE,FALSE,FALSE
736,"bionaz",-0.0104061265046784,0.0051252662978902,0.440862039708128,0.489903275072119,FALSE,FALSE,FALSE,FALSE,FALSE,FALSE
737,"bionaz",-0.0310612330196793,-2.44033731427981,0.360936704564738,0.0149329713219073,FALSE,FALSE,FALSE,FALSE,FALSE,FALSE
738,"bionaz",-0.0489480142316143,0.458916050978688,0.294247412183947,0.6828440522654,FALSE,FALSE,FALSE,FALSE,FALSE,FALSE
739,"bionaz",0.054169445442847,0.891549480879657,0.698116409299169,0.812489394196504,FALSE,FALSE,FALSE,FALSE,FALSE,FALSE
740,"bionaz",0.0618434124407727,0.171022377848328,0.728321737654845,0.561853045986764,FALSE,FALSE,FALSE,FALSE,FALSE,FALSE
741,"bionaz",0.0127281194421478,-0.260457884949174,0.540132360427626,0.373493975903614,FALSE,FALSE,FALSE,FALSE,FALSE,FALSE
742,"bionaz",0.034630754206507,-1.43958539233254,0.628712031223486,0.083149499406075,FALSE,FALSE,FALSE,FALSE,FALSE,FALSE
743,"bionaz",0.157677133255698,-1.48753843548874,0.928219921941286,0.0777193280162905,TRUE,FALSE,FALSE,FALSE,FALSE,FALSE
744,"bionaz",0.0219107656084283,0.669625107890463,0.577804174444256,0.754963516035975,FALSE,FALSE,FALSE,FALSE,FALSE,FALSE
745,"bionaz",0.00806413017718377,1.13370912812026,0.521296453419311,0.872900050907857,FALSE,FALSE,FALSE,FALSE,FALSE,FALSE
746,"bionaz",0.0382608372586848,1.27624098767425,0.642796538265739,0.900390293568641,FALSE,TRUE,FALSE,FALSE,FALSE,FALSE
747,"bionaz",-0.0138200836665821,1.05541291573898,0.427286611233667,0.852027829628373,FALSE,FALSE,FALSE,FALSE,FALSE,FALSE
748,"bionaz",0.00157267121018378,0.745215519856357,0.493806210758527,0.776175123027321,FALSE,FALSE,FALSE,FALSE,FALSE,FALSE
749,"bionaz",-0.117904117404233,-1.17534309638934,0.125063634820974,0.117257763448159,FALSE,FALSE,FALSE,FALSE,FALSE,FALSE
750,"bionaz",0.23328063702002,-1.65770194948214,0.968267435940947,0.060750042423214,TRUE,FALSE,FALSE,TRUE,FALSE,FALSE
751,"bionaz",-0.012321400218557,0.0859298916400916,0.432716782623452,0.524520617681996,FALSE,FALSE,FALSE,FALSE,FALSE,FALSE
752,"bionaz",-0.0369361248340283,0.000850763366075101,0.335313083319192,0.488376039368743,FALSE,FALSE,FALSE,FALSE,FALSE,FALSE
753,"bionaz",0.0888086097740075,0.0856681435884205,0.809944001357543,0.523841846258273,FALSE,FALSE,FALSE,FALSE,FALSE,FALSE
754,"bionaz",0.0380855874683839,-0.323770839416228,0.641608688274224,0.346343118954692,FALSE,FALSE,FALSE,FALSE,FALSE,FALSE
755,"bionaz",0.147161321055552,-1.72892992922655,0.917020193449856,0.0543017138978449,TRUE,FALSE,FALSE,FALSE,FALSE,FALSE
756,"bionaz",0.0243040137596289,0.530660475318744,0.584761581537417,0.706261666383845,FALSE,FALSE,FALSE,FALSE,FALSE,FALSE
757,"bionaz",-0.021919706926429,0.601420492067801,0.395044968606822,0.731885287629391,FALSE,FALSE,FALSE,FALSE,FALSE,FALSE
758,"bionaz",0.0334155210622917,0.914024458749659,0.622772781265909,0.817749872730358,FALSE,FALSE,FALSE,FALSE,FALSE,FALSE
759,"bionaz",-0.0731348610258689,1.11672365076424,0.219752248430341,0.869845579501103,FALSE,FALSE,FALSE,FALSE,FALSE,FALSE
760,"bionaz",0.0235563561249013,0.825829833697056,0.582216188698456,0.797386730018666,FALSE,FALSE,FALSE,FALSE,FALSE,FALSE
761,"bionaz",-0.033680343627335,-0.153598105926551,0.350076361785169,0.421856439843883,FALSE,FALSE,FALSE,FALSE,FALSE,FALSE
762,"bionaz",0.0633979939619067,0.99049564567915,0.733073137620906,0.838791786865773,FALSE,FALSE,FALSE,FALSE,FALSE,FALSE
763,"bionaz",0.0143381268278837,-0.262996720285981,0.545732224673341,0.371457661632445,FALSE,FALSE,FALSE,FALSE,FALSE,FALSE
764,"bionaz",0.00688410510861281,-0.996442971907302,0.51671474630918,0.14627524181232,FALSE,FALSE,FALSE,FALSE,FALSE,FALSE
765,"bionaz",0.110931538184822,-1.13733643714855,0.862718479552011,0.123197013405736,FALSE,FALSE,FALSE,FALSE,FALSE,FALSE
766,"bionaz",0.0601974765681419,0.328850464026439,0.719667402002376,0.630069574070932,FALSE,FALSE,FALSE,FALSE,FALSE,FALSE
767,"bionaz",0.0666751104126426,0.503463448793206,0.744612251824198,0.697607330731376,FALSE,FALSE,FALSE,FALSE,FALSE,FALSE
768,"bionaz",-0.0338726224026278,0.0832451966029706,0.349058204649584,0.521975224843034,FALSE,FALSE,FALSE,FALSE,FALSE,FALSE
769,"bionaz",0.0111772931877141,0.248646521251273,0.53436280332598,0.59426438146954,FALSE,FALSE,FALSE,FALSE,FALSE,FALSE
770,"bionaz",-0.0366355948269685,0.313910363549917,0.336670626166638,0.622603088409978,FALSE,FALSE,FALSE,FALSE,FALSE,FALSE
771,"bionaz",-0.047722599824283,-0.115557359895487,0.300016969285593,0.438656032581028,FALSE,FALSE,FALSE,FALSE,FALSE,FALSE
772,"bionaz",0.0271764443167424,-0.268295051735305,0.599185474291532,0.368403190225692,FALSE,FALSE,FALSE,FALSE,FALSE,FALSE
773,"bionaz",-0.212818919597774,-1.04504698837574,0.0526047853385372,0.138978449007297,FALSE,FALSE,FALSE,FALSE,FALSE,FALSE
774,"bionaz",0.137020289746246,0.105048481273611,0.904123536399118,0.533853724758188,TRUE,FALSE,FALSE,FALSE,FALSE,FALSE
775,"bionaz",0.00904955224711124,-0.291215302239468,0.525369081961649,0.358221618869846,FALSE,FALSE,FALSE,FALSE,FALSE,FALSE
776,"bionaz",-0.0600221272273753,-0.214261841827229,0.258611912438486,0.396063125742406,FALSE,FALSE,FALSE,FALSE,FALSE,FALSE
777,"bionaz",-0.0288121579187823,0.278972047679093,0.369591040217207,0.607330731376209,FALSE,FALSE,FALSE,FALSE,FALSE,FALSE
778,"bionaz",0.0170525337101957,0.944586767441165,0.55659256745291,0.826404208382827,FALSE,FALSE,FALSE,FALSE,FALSE,FALSE
779,"bionaz",0.0109728526056507,0.00639955816925758,0.533514339046326,0.490751739351773,FALSE,FALSE,FALSE,FALSE,FALSE,FALSE
780,"bionaz",-0.0715135329335723,0.204531001717001,0.223824876972679,0.573901238757848,FALSE,FALSE,FALSE,FALSE,FALSE,FALSE
781,"bionaz",-0.0086223832287402,0.684309951468722,0.450364839640251,0.758696758866452,FALSE,FALSE,FALSE,FALSE,FALSE,FALSE
782,"bionaz",-0.0159722918255571,0.56670832846976,0.418292889869336,0.71847955201086,FALSE,FALSE,FALSE,FALSE,FALSE,FALSE
783,"bionaz",-0.0823225277084774,0.285762062097474,0.194468012896657,0.610045817071101,FALSE,FALSE,FALSE,FALSE,FALSE,FALSE
784,"bionaz",-0.0139585147064079,-0.1039753106927,0.426098761242152,0.444255896826744,FALSE,FALSE,FALSE,FALSE,FALSE,FALSE
785,"bionaz",-0.0519596153116737,-1.78086894880107,0.284235533684032,0.0492109282199219,FALSE,FALSE,FALSE,FALSE,FALSE,FALSE
786,"bionaz",0.00397364549504076,0.236259649683371,0.504327167826235,0.587985745800102,FALSE,FALSE,FALSE,FALSE,FALSE,FALSE
787,"bionaz",-0.0651515600497827,-0.127766312835558,0.243000169692856,0.434922789750551,FALSE,FALSE,FALSE,FALSE,FALSE,FALSE
788,"bionaz",-0.0196016445803497,-0.473536553662879,0.404208382827083,0.293229255048362,FALSE,FALSE,FALSE,FALSE,FALSE,FALSE
789,"bionaz",0.0993351936970406,0.524099880580638,0.836755472594604,0.704225352112676,FALSE,FALSE,FALSE,FALSE,FALSE,FALSE
790,"bionaz",-0.125481180070347,0.886513524676327,0.114033599185474,0.810622772781266,FALSE,FALSE,FALSE,FALSE,FALSE,FALSE
791,"bionaz",0.0639415359920683,-0.117884924284593,0.735957916171729,0.437637875445444,FALSE,FALSE,FALSE,FALSE,FALSE,FALSE
792,"bionaz",-0.115268972820934,-0.0577203028250221,0.129475649075174,0.462243339555405,FALSE,FALSE,FALSE,FALSE,FALSE,FALSE
793,"bionaz",-0.0153113947407491,0.190987212815084,0.421856439843883,0.568301374512133,FALSE,FALSE,FALSE,FALSE,FALSE,FALSE
794,"bionaz",0.0162989049077833,0.530369071442074,0.55438656032581,0.705922280671984,FALSE,FALSE,FALSE,FALSE,FALSE,FALSE
795,"bionaz",-0.0825333355326361,-0.0539792485338919,0.194128627184796,0.464619039538435,FALSE,FALSE,FALSE,FALSE,FALSE,FALSE
796,"bionaz",0.0221837614784093,0.414426386055398,0.578482945867979,0.663838452401154,FALSE,FALSE,FALSE,FALSE,FALSE,FALSE
797,"bionaz",0.0640709635642587,0.0262906544727104,0.736297301883591,0.498387917868658,FALSE,FALSE,FALSE,FALSE,FALSE,FALSE
798,"bionaz",-0.0278235950924657,0.347669282329996,0.373663668759545,0.636687595452231,FALSE,FALSE,FALSE,FALSE,FALSE,FALSE
799,"bionaz",-0.222246449057618,-0.324082313297467,0.0478533853724758,0.3458340403869,FALSE,FALSE,FALSE,FALSE,FALSE,FALSE
800,"bionaz",-0.095100933627192,-0.139781689712806,0.166977770235873,0.428813846937044,FALSE,FALSE,FALSE,FALSE,FALSE,FALSE
801,"bionaz",-0.153360379907763,0.550353772985375,0.0865433565246903,0.711522144917699,FALSE,FALSE,FALSE,FALSE,FALSE,FALSE
802,"bionaz",-0.174342730208918,0.978724097479253,0.0731376209061599,0.836246394026811,FALSE,FALSE,FALSE,FALSE,FALSE,FALSE
803,"bionaz",-0.000241914399353504,0.526285022016286,0.486339725097573,0.704904123536399,FALSE,FALSE,FALSE,FALSE,FALSE,FALSE
804,"bionaz",-0.00787941266443681,0.63506080075135,0.454098082470728,0.744442558968267,FALSE,FALSE,FALSE,FALSE,FALSE,FALSE
805,"bionaz",-0.0101401269046111,0.286693215825515,0.442219582555574,0.611063974206686,FALSE,FALSE,FALSE,FALSE,FALSE,FALSE
806,"bionaz",0.0162634755417965,0.570991468877371,0.553877481758018,0.719837094858306,FALSE,FALSE,FALSE,FALSE,FALSE,FALSE
807,"bionaz",-0.495326075987641,0.354573058203351,0.00678771423723061,0.640420838282708,FALSE,FALSE,FALSE,FALSE,FALSE,FALSE
808,"brissogne",0.0149204901415647,-1.0482806891795,0.54759884608858,0.138808756151366,FALSE,FALSE,FALSE,FALSE,FALSE,FALSE
809,"brissogne",0.0453800729790057,-1.48078639821017,0.666892923807908,0.0789071780078059,FALSE,FALSE,FALSE,FALSE,FALSE,FALSE
810,"brissogne",0.0817258479001843,-1.05251370712201,0.790768708637366,0.138299677583574,FALSE,FALSE,FALSE,FALSE,FALSE,FALSE
811,"brissogne",0.0650613282273742,-0.562471563315993,0.739351773290345,0.258611912438486,FALSE,FALSE,FALSE,FALSE,FALSE,FALSE
812,"brissogne",0.192954000992479,-3.03187218226527,0.957237400305447,0.00288477855082301,TRUE,FALSE,FALSE,TRUE,FALSE,FALSE
813,"brissogne",0.0522117362257752,-1.11029409350148,0.69183777362973,0.128287799083659,FALSE,FALSE,FALSE,FALSE,FALSE,FALSE
814,"brissogne",-0.0119339086332406,-1.58377508624632,0.434244018326828,0.0675377566604446,FALSE,FALSE,FALSE,FALSE,FALSE,FALSE
815,"brissogne",0.0272632896699108,-1.58725494549707,0.599694552859325,0.0670286780926523,FALSE,FALSE,FALSE,FALSE,FALSE,FALSE
816,"brissogne",0.10073012828194,-1.2824238195471,0.841506872560665,0.100288477855082,FALSE,FALSE,FALSE,FALSE,FALSE,FALSE
817,"brissogne",0.0906340997010915,-1.13060588063866,0.814525708467673,0.124045477685389,FALSE,FALSE,FALSE,FALSE,FALSE,FALSE
818,"brissogne",-0.0345161187660565,-1.65184528171377,0.345494654675038,0.0615985067028678,FALSE,FALSE,FALSE,FALSE,FALSE,FALSE
819,"brissogne",-0.0423141993813889,-0.762818451633259,0.3171559477346,0.205158662820295,FALSE,FALSE,FALSE,FALSE,FALSE,FALSE
820,"brissogne",0.0928708208482831,-0.330177008068034,0.820634651281181,0.343797726115731,FALSE,FALSE,FALSE,FALSE,FALSE,FALSE
821,"brissogne",0.0309849702031251,-0.567190603454095,0.615306295604955,0.257593755302902,FALSE,FALSE,FALSE,FALSE,FALSE,FALSE
822,"brissogne",0.153014525207787,-0.927371864587944,0.923638214831156,0.160359748854573,TRUE,FALSE,FALSE,FALSE,FALSE,FALSE
823,"brissogne",0.0706061744494857,-1.54845605927173,0.757508908874936,0.071610385202783,FALSE,FALSE,FALSE,FALSE,FALSE,FALSE
824,"brissogne",0.167590467580423,-1.73664719558725,0.939249957576786,0.0532835567622603,TRUE,FALSE,FALSE,FALSE,FALSE,FALSE
825,"brissogne",0.067857112045159,-1.11429359520517,0.748684880366537,0.127099949092143,FALSE,FALSE,FALSE,FALSE,FALSE,FALSE
826,"brissogne",-0.00466780072714279,-0.95232325203674,0.46784320380112,0.154250806041066,FALSE,FALSE,FALSE,FALSE,FALSE,FALSE
827,"brissogne",0.0348313842094878,-1.08434317235793,0.629899881215001,0.132190734770066,FALSE,FALSE,FALSE,FALSE,FALSE,FALSE
828,"brissogne",0.122663302039614,-0.900019462910623,0.885117936534872,0.166977770235873,FALSE,FALSE,FALSE,FALSE,FALSE,FALSE
829,"brissogne",0.0437031188873895,-0.509246579521037,0.660105209570677,0.279144748006109,FALSE,FALSE,FALSE,FALSE,FALSE,FALSE
830,"brissogne",-0.0918969437560531,-1.73139777518889,0.175292720176481,0.0537926353300526,FALSE,FALSE,FALSE,FALSE,FALSE,FALSE
831,"brissogne",-0.107334191968247,-2.18614958121295,0.143220770405566,0.024605464109961,FALSE,FALSE,FALSE,FALSE,FALSE,FALSE
832,"brissogne",0.0555955021178622,-2.15780693302187,0.702019344985576,0.0263023926692686,FALSE,FALSE,FALSE,FALSE,FALSE,FALSE
833,"brissogne",-0.0206704129823301,-1.36036069704353,0.400984218564398,0.0907856779229594,FALSE,FALSE,FALSE,FALSE,FALSE,FALSE
834,"brissogne",0.104439331951484,-0.44770023063597,0.849821822501273,0.301883590700831,FALSE,FALSE,FALSE,FALSE,FALSE,FALSE
835,"brissogne",0.060665473472179,-0.492794297909128,0.721703716273545,0.285593076531478,FALSE,FALSE,FALSE,FALSE,FALSE,FALSE
836,"brissogne",0.124872178124496,-0.894223764534705,0.887663329373833,0.168844391651111,FALSE,FALSE,FALSE,FALSE,FALSE,FALSE
837,"brissogne",-0.00383883684900965,-0.675620213138123,0.472085525199389,0.225521805531987,FALSE,FALSE,FALSE,FALSE,FALSE,FALSE
838,"brissogne",-0.0942272234449462,-1.08633876930105,0.169183777362973,0.131511963346343,FALSE,FALSE,FALSE,FALSE,FALSE,FALSE
839,"brissogne",-0.0593990263980739,-0.800829034221378,0.260478533853725,0.194298320040726,FALSE,FALSE,FALSE,FALSE,FALSE,FALSE
840,"brissogne",0.0641896380332554,-0.772276164952835,0.737654844731037,0.202782962837265,FALSE,FALSE,FALSE,FALSE,FALSE,FALSE
841,"brissogne",-0.00924466036408589,-0.582229511278043,0.446970982521636,0.253181741048702,FALSE,FALSE,FALSE,FALSE,FALSE,FALSE
842,"brissogne",-0.123011655098718,0.0198418311613952,0.117088070592228,0.495333446461904,FALSE,FALSE,FALSE,FALSE,FALSE,FALSE
843,"brissogne",0.0875310991345035,-0.035400785153712,0.806550144238928,0.471067368063805,FALSE,FALSE,FALSE,FALSE,FALSE,FALSE
844,"brissogne",0.0980241656041354,-1.29262896939314,0.83149499406075,0.0985915492957746,FALSE,FALSE,FALSE,FALSE,FALSE,FALSE
845,"brissogne",0.0708318322545303,-1.34722923261791,0.758017987442729,0.0921432207704056,FALSE,FALSE,FALSE,FALSE,FALSE,FALSE
846,"brissogne",0.177559482866107,-1.06720856219293,0.945867978958086,0.135584591888681,TRUE,FALSE,FALSE,FALSE,FALSE,FALSE
847,"brissogne",0.106916087984766,-0.690025144828634,0.855082301035126,0.222127948413372,FALSE,FALSE,FALSE,FALSE,FALSE,FALSE
848,"brissogne",0.158268454810647,-0.502141594999266,0.92906838622094,0.282029526556932,TRUE,FALSE,FALSE,FALSE,FALSE,FALSE
849,"brissogne",-0.113720627593562,-1.05014034647613,0.131342270490412,0.138469370439504,FALSE,FALSE,FALSE,FALSE,FALSE,FALSE
850,"brissogne",0.0175742882821712,-2.92574246959829,0.559816731715595,0.0039029356864076,FALSE,FALSE,FALSE,FALSE,FALSE,FALSE
851,"brissogne",0.0216833491891961,-1.80834149416427,0.577464788732394,0.0471746139487528,FALSE,FALSE,FALSE,FALSE,FALSE,FALSE
852,"brissogne",0.0743617625016118,-1.79343526767587,0.768878330222298,0.0481927710843374,FALSE,FALSE,FALSE,FALSE,FALSE,FALSE
853,"brissogne",0.0261008023909763,-0.667618972703663,0.592567452910232,0.229594434074325,FALSE,FALSE,FALSE,FALSE,FALSE,FALSE
854,"brissogne",-0.141454060381083,-0.955942847696475,0.096894620736467,0.153232648905481,FALSE,FALSE,FALSE,FALSE,FALSE,FALSE
855,"brissogne",-0.0998299896999644,-0.909574344661664,0.157644663159681,0.164771763108773,FALSE,FALSE,FALSE,FALSE,FALSE,FALSE
856,"brissogne",-0.00724264820015463,-1.1955107387852,0.456982861021551,0.11301544204989,FALSE,FALSE,FALSE,FALSE,FALSE,FALSE
857,"brissogne",-0.0564150240989445,-1.43272799733753,0.269472255218055,0.0838282708297981,FALSE,FALSE,FALSE,FALSE,FALSE,FALSE
858,"brissogne",0.060224188597001,-1.2302545244998,0.720006787714237,0.108094349227897,FALSE,FALSE,FALSE,FALSE,FALSE,FALSE
859,"brissogne",-0.0564589056882969,-0.42327505950334,0.269132869506194,0.310707619209231,FALSE,FALSE,FALSE,FALSE,FALSE,FALSE
860,"brissogne",0.057653327244477,-0.652424085488684,0.710503987782114,0.234006448328525,FALSE,FALSE,FALSE,FALSE,FALSE,FALSE
861,"brissogne",0.00767380349722124,-1.22471264565725,0.519599524860003,0.10860342779569,FALSE,FALSE,FALSE,FALSE,FALSE,FALSE
862,"brissogne",0.0154778837413705,-1.59547058122696,0.550653317495333,0.0666892923807908,FALSE,FALSE,FALSE,FALSE,FALSE,FALSE
863,"brissogne",0.0593992675070663,-1.92268899531218,0.716443237739691,0.0403868997115221,FALSE,FALSE,FALSE,FALSE,FALSE,FALSE
864,"brissogne",0.0849973791642906,-1.35340914955752,0.799253351433905,0.0916341422026133,FALSE,FALSE,FALSE,FALSE,FALSE,FALSE
865,"brissogne",0.0299498710680393,-1.32998788832192,0.610385202782963,0.094688613609367,FALSE,FALSE,FALSE,FALSE,FALSE,FALSE
866,"brissogne",-0.100019224544381,-1.61891572523542,0.156965891735958,0.0644832852536908,FALSE,FALSE,FALSE,FALSE,FALSE,FALSE
867,"brissogne",-0.0592397863855414,-0.7684908890653,0.261326998133379,0.203801119972849,FALSE,FALSE,FALSE,FALSE,FALSE,FALSE
868,"brissogne",0.0334163162663597,-1.12747283407942,0.622942474121839,0.124554556253182,FALSE,FALSE,FALSE,FALSE,FALSE,FALSE
869,"brissogne",-0.0179142607267089,-1.22290084883988,0.411335482776175,0.108942813507551,FALSE,FALSE,FALSE,FALSE,FALSE,FALSE
870,"brissogne",0.0465571567734493,-1.27597901423583,0.670795859494315,0.101476327846598,FALSE,FALSE,FALSE,FALSE,FALSE,FALSE
871,"brissogne",0.0317744759344993,-0.64541331908174,0.617851688443916,0.234854912608179,FALSE,FALSE,FALSE,FALSE,FALSE,FALSE
872,"brissogne",0.0972090395667706,-1.18445662730054,0.829967758357373,0.115051756321059,FALSE,FALSE,FALSE,FALSE,FALSE,FALSE
873,"brissogne",0.0150033181577278,-1.47871529296959,0.547938231800441,0.0792465637196674,FALSE,FALSE,FALSE,FALSE,FALSE,FALSE
874,"brissogne",-0.0751591440629475,-1.76604077773207,0.213134227049041,0.0509078567792296,FALSE,FALSE,FALSE,FALSE,FALSE,FALSE
875,"brissogne",0.0177066862681023,-1.39874827461461,0.560834888851179,0.0872221279484134,FALSE,FALSE,FALSE,FALSE,FALSE,FALSE
876,"brissogne",0.0265368694912045,-1.82810690270206,0.595112845749194,0.0463261496690989,FALSE,FALSE,FALSE,FALSE,FALSE,FALSE
877,"brissogne",0.0170491828298562,-1.43233107543673,0.556422874596979,0.0839979636857288,FALSE,FALSE,FALSE,FALSE,FALSE,FALSE
878,"brissogne",-0.0857609048738706,-0.730324041307699,0.187340912947565,0.212625148481249,FALSE,FALSE,FALSE,FALSE,FALSE,FALSE
879,"brissogne",-0.0556937255458312,-0.819280856819972,0.271847955201086,0.189546920074665,FALSE,FALSE,FALSE,FALSE,FALSE,FALSE
880,"brissogne",0.131340106416275,-1.51773436733706,0.897335822161887,0.074495163753606,FALSE,FALSE,FALSE,FALSE,FALSE,FALSE
881,"brissogne",0.118746708114241,-1.44488299259489,0.878330222297641,0.0821313422704904,FALSE,FALSE,FALSE,FALSE,FALSE,FALSE
882,"brissogne",0.180155289636689,-1.30720012492789,0.948073986085186,0.0974036993042593,TRUE,FALSE,FALSE,FALSE,FALSE,FALSE
883,"brissogne",0.0876756014495665,-1.11299006709469,0.80705922280672,0.127439334804005,FALSE,FALSE,FALSE,FALSE,FALSE,FALSE
884,"brissogne",0.202816456745119,-1.13529129562059,0.961310028847785,0.123366706261666,TRUE,FALSE,FALSE,TRUE,FALSE,FALSE
885,"brissogne",0.16329617533024,-1.28972130630222,0.934328864754794,0.099100627863567,TRUE,FALSE,FALSE,FALSE,FALSE,FALSE
886,"brissogne",0.0702897848327577,-2.03098143750494,0.756830137451213,0.0335991854742915,FALSE,FALSE,FALSE,FALSE,FALSE,FALSE
887,"brissogne",0.0948090254640341,-2.02866756507246,0.825725436959104,0.0341082640420838,FALSE,FALSE,FALSE,FALSE,FALSE,FALSE
888,"brissogne",0.0537009638947605,-1.77818021676016,0.696928559307653,0.0493806210758527,FALSE,FALSE,FALSE,FALSE,FALSE,FALSE
889,"brusson",0.0685278336647723,0.501023079217844,0.751230273205498,0.696419480739861,FALSE,FALSE,FALSE,FALSE,FALSE,FALSE
890,"brusson",-0.192802444516254,0.958136550028355,0.0622772781265909,0.830307144069235,FALSE,FALSE,FALSE,FALSE,FALSE,FALSE
891,"brusson",-0.069572218408549,1.28734547830903,0.229085355506533,0.901578143560156,FALSE,TRUE,FALSE,FALSE,FALSE,FALSE
892,"brusson",-0.162248084513553,1.10165568713387,0.0795859494315289,0.866112336670626,FALSE,FALSE,FALSE,FALSE,FALSE,FALSE
893,"brusson",-0.0179281657308543,0.19507608502208,0.411165789920244,0.569998303071441,FALSE,FALSE,FALSE,FALSE,FALSE,FALSE
894,"brusson",-0.0217568273022533,0.836104427401247,0.396063125742406,0.801119972849143,FALSE,FALSE,FALSE,FALSE,FALSE,FALSE
895,"brusson",0.0656013150000732,0.43533590649681,0.740879008993721,0.673850330901069,FALSE,FALSE,FALSE,FALSE,FALSE,FALSE
896,"brusson",0.152239456479775,0.57766548762672,0.922280671983709,0.72289156626506,TRUE,FALSE,FALSE,FALSE,FALSE,FALSE
897,"brusson",-0.106618673792681,0.372562274783903,0.144238927541151,0.648566095367385,FALSE,FALSE,FALSE,FALSE,FALSE,FALSE
898,"brusson",0.0525253562694363,0.36894290856144,0.693195316477176,0.647208552519939,FALSE,FALSE,FALSE,FALSE,FALSE,FALSE
899,"brusson",0.0190905172932201,0.307007527635713,0.566774138808756,0.619718309859155,FALSE,FALSE,FALSE,FALSE,FALSE,FALSE
900,"brusson",0.031340691834,1.05265729698944,0.616663838452401,0.85151875106058,FALSE,FALSE,FALSE,FALSE,FALSE,FALSE
901,"brusson",0.0566120001103094,1.8728107564308,0.705922280671984,0.974715764466316,FALSE,TRUE,FALSE,FALSE,TRUE,FALSE
902,"brusson",-0.0226516743211995,1.95097029349406,0.392329882911929,0.982012557271339,FALSE,TRUE,FALSE,FALSE,TRUE,FALSE
903,"brusson",-0.190151765819854,1.1309558356143,0.0631257424062447,0.872390972340064,FALSE,FALSE,FALSE,FALSE,FALSE,FALSE
904,"brusson",-0.0520157269388317,-1.57213061757038,0.28372645511624,0.0692346852197522,FALSE,FALSE,FALSE,FALSE,FALSE,FALSE
905,"brusson",0.104410578063623,-1.08606682801241,0.849652129645342,0.131681656202274,FALSE,FALSE,FALSE,FALSE,FALSE,FALSE
906,"brusson",0.121630014966369,1.11833395647314,0.883590700831495,0.870015272357034,FALSE,FALSE,FALSE,FALSE,FALSE,FALSE
907,"brusson",0.0947423444813129,1.24333233916772,0.825555744103173,0.893263193619549,FALSE,FALSE,FALSE,FALSE,FALSE,FALSE
908,"brusson",0.10662611993528,1.25368516483476,0.854742915323265,0.895638893602579,FALSE,FALSE,FALSE,FALSE,FALSE,FALSE
909,"brusson",-0.133089114293261,1.27480670917174,0.104021720685559,0.899881215000849,FALSE,FALSE,FALSE,FALSE,FALSE,FALSE
910,"brusson",-0.0944161793223817,1.18997072454916,0.168335313083319,0.883421007975564,FALSE,FALSE,FALSE,FALSE,FALSE,FALSE
911,"brusson",-0.2348709631651,0.198357615257543,0.0436110639742067,0.570846767351095,FALSE,FALSE,FALSE,FALSE,FALSE,FALSE
912,"brusson",0.0583162100298829,-0.33047646181654,0.712031223485491,0.3436280332598,FALSE,FALSE,FALSE,FALSE,FALSE,FALSE
913,"brusson",-0.107655568631992,-0.307624249837828,0.142541998981843,0.351773290344477,FALSE,FALSE,FALSE,FALSE,FALSE,FALSE
914,"brusson",-0.164093261222593,0.615409836414102,0.0790768708637366,0.736297301883591,FALSE,FALSE,FALSE,FALSE,FALSE,FALSE
915,"brusson",0.0127252273907743,-0.0639618757927384,0.539962667571695,0.459528253860512,FALSE,FALSE,FALSE,FALSE,FALSE,FALSE
916,"brusson",-0.196674281047885,-0.223900283441818,0.0609197352791447,0.391311725776345,FALSE,FALSE,FALSE,FALSE,FALSE,FALSE
917,"brusson",0.06049876603036,0.967049925010338,0.720855251993891,0.832513151196335,FALSE,FALSE,FALSE,FALSE,FALSE,FALSE
918,"brusson",-0.0561775993812308,1.46605792924573,0.270829798065501,0.932801629051417,FALSE,TRUE,FALSE,FALSE,FALSE,FALSE
919,"brusson",0.0260594768746358,1.07775186025941,0.592228067198371,0.858815543865603,FALSE,FALSE,FALSE,FALSE,FALSE,FALSE
920,"brusson",0.105781977396381,1.11178120726028,0.851858136772442,0.867809265229934,FALSE,FALSE,FALSE,FALSE,FALSE,FALSE
921,"brusson",-0.300872807365698,1.23985703334456,0.0278296283726455,0.892584422195826,FALSE,FALSE,FALSE,FALSE,FALSE,FALSE
922,"brusson",-0.0251590258746397,1.33788824403752,0.382827082979807,0.912947564907517,FALSE,TRUE,FALSE,FALSE,FALSE,FALSE
923,"brusson",0.156839828280969,1.22730221711964,0.92686237909384,0.890208722212795,TRUE,FALSE,FALSE,FALSE,FALSE,FALSE
924,"brusson",0.335191198891016,1.94403413077806,0.983709485830647,0.981842864415408,TRUE,TRUE,TRUE,TRUE,TRUE,TRUE
925,"brusson",0.141339978185146,0.809919496586142,0.910571864924487,0.793314101476328,TRUE,FALSE,FALSE,FALSE,FALSE,FALSE
926,"brusson",-0.126861629415282,0.766906500373152,0.112166977770236,0.783302222976413,FALSE,FALSE,FALSE,FALSE,FALSE,FALSE
927,"brusson",0.0422611370658359,0.709756048037899,0.655523502460546,0.766332937383336,FALSE,FALSE,FALSE,FALSE,FALSE,FALSE
928,"brusson",-0.108730776478035,1.12600401364854,0.139826913286951,0.871542508060411,FALSE,FALSE,FALSE,FALSE,FALSE,FALSE
929,"brusson",-0.0640239440685466,1.15430764181637,0.247581876802987,0.876972679450195,FALSE,FALSE,FALSE,FALSE,FALSE,FALSE
930,"brusson",0.0674033489006067,0.97498286487056,0.74715764466316,0.835058544035296,FALSE,FALSE,FALSE,FALSE,FALSE,FALSE
931,"brusson",0.118841959581529,0.663148426211657,0.878669608009503,0.752587816052944,FALSE,FALSE,FALSE,FALSE,FALSE,FALSE
932,"brusson",0.0985931118412733,0.408693096023605,0.83370100118785,0.661632445274054,FALSE,FALSE,FALSE,FALSE,FALSE,FALSE
933,"brusson",-0.218794931195614,0.268243483234491,0.0493806210758527,0.603258102833871,FALSE,FALSE,FALSE,FALSE,FALSE,FALSE
934,"brusson",-0.0195351778490913,1.06613969129197,0.404547768538945,0.854573222467334,FALSE,FALSE,FALSE,FALSE,FALSE,FALSE
935,"brusson",0.0230715240945418,0.349663047885062,0.580688952995079,0.637196674020024,FALSE,FALSE,FALSE,FALSE,FALSE,FALSE
936,"brusson",0.135693891346222,1.22818387004781,0.902935686407602,0.890548107924656,TRUE,FALSE,FALSE,FALSE,FALSE,FALSE
937,"brusson",-0.131526622102314,0.906517234920131,0.106567113524521,0.816222637026981,FALSE,FALSE,FALSE,FALSE,FALSE,FALSE
938,"brusson",-0.116124570473625,1.12428460794643,0.127099949092143,0.87137281520448,FALSE,FALSE,FALSE,FALSE,FALSE,FALSE
939,"brusson",-0.0436546310053867,0.887033365077244,0.313422704904124,0.810962158493127,FALSE,FALSE,FALSE,FALSE,FALSE,FALSE
940,"brusson",-0.123373864825378,1.15968612889239,0.116578992024436,0.877821143729849,FALSE,FALSE,FALSE,FALSE,FALSE,FALSE
941,"brusson",-0.0279444868550307,0.485929528677678,0.373154590191753,0.690480230782284,FALSE,FALSE,FALSE,FALSE,FALSE,FALSE
942,"brusson",0.0597274298290884,0.759469505257233,0.717461394875276,0.78041744442559,FALSE,FALSE,FALSE,FALSE,FALSE,FALSE
943,"brusson",0.0826525014638158,0.471054848237643,0.793314101476328,0.686068216528084,FALSE,FALSE,FALSE,FALSE,FALSE,FALSE
944,"brusson",0.108399810491495,0.361722880532467,0.858306465297811,0.643645002545393,FALSE,FALSE,FALSE,FALSE,FALSE,FALSE
945,"brusson",-0.199797508017703,0.674701662213053,0.0600712709994909,0.75615136602749,FALSE,FALSE,FALSE,FALSE,FALSE,FALSE
946,"brusson",-0.0274137899800362,0.583685572816053,0.375190904462922,0.724418801968437,FALSE,FALSE,FALSE,FALSE,FALSE,FALSE
947,"brusson",-0.0746552829008955,0.157938434353247,0.214322077040557,0.554556253181741,FALSE,FALSE,FALSE,FALSE,FALSE,FALSE
948,"brusson",0.157788882787349,1.29695858383092,0.928559307653148,0.903784150687256,TRUE,TRUE,TRUE,FALSE,FALSE,FALSE
949,"brusson",0.0263355523845465,0.901204420217371,0.593755302901748,0.815204479891397,FALSE,FALSE,FALSE,FALSE,FALSE,FALSE
950,"brusson",-0.094316001946348,0.959476075527323,0.168674698795181,0.830985915492958,FALSE,FALSE,FALSE,FALSE,FALSE,FALSE
951,"brusson",-0.104743823218714,0.914449897151124,0.147293398947904,0.81808925844222,FALSE,FALSE,FALSE,FALSE,FALSE,FALSE
952,"brusson",-0.206574238095653,0.825528870905757,0.0565077210249448,0.797217037162735,FALSE,FALSE,FALSE,FALSE,FALSE,FALSE
953,"brusson",-0.0101271445272086,0.223072128344686,0.442389275411505,0.58102833870694,FALSE,FALSE,FALSE,FALSE,FALSE,FALSE
954,"brusson",0.0227915614632757,0.454361965528891,0.579840488715425,0.681825895129815,FALSE,FALSE,FALSE,FALSE,FALSE,FALSE
955,"brusson",0.10246483403388,0.438898588435109,0.845409808247073,0.675207873748515,FALSE,FALSE,FALSE,FALSE,FALSE,FALSE
956,"brusson",0.126303159313496,0.716123527181474,0.889869336500933,0.767690480230782,FALSE,FALSE,FALSE,FALSE,FALSE,FALSE
957,"brusson",-0.210361833260182,0.221580812124126,0.0537926353300526,0.580688952995079,FALSE,FALSE,FALSE,FALSE,FALSE,FALSE
958,"brusson",-0.0544991277029645,0.454684004304076,0.275581198031563,0.681995587985746,FALSE,FALSE,FALSE,FALSE,FALSE,FALSE
959,"brusson",-0.0136897957448472,0.475058462531162,0.427625996945529,0.687595452231461,FALSE,FALSE,FALSE,FALSE,FALSE,FALSE
960,"brusson",0.157270507976163,1.01529204776477,0.927541150517563,0.842185643984388,TRUE,FALSE,FALSE,FALSE,FALSE,FALSE
961,"brusson",0.0255429862389551,0.662692988383994,0.591209910062786,0.752078737485152,FALSE,FALSE,FALSE,FALSE,FALSE,FALSE
962,"brusson",-0.0343287757971229,0.996832002681583,0.346512811810623,0.839809944001358,FALSE,FALSE,FALSE,FALSE,FALSE,FALSE
963,"brusson",0.0351070570261083,0.967137310105871,0.631596809774309,0.832682844052265,FALSE,FALSE,FALSE,FALSE,FALSE,FALSE
964,"brusson",-0.0752327804289905,0.758536163684806,0.21296453419311,0.779908365857797,FALSE,FALSE,FALSE,FALSE,FALSE,FALSE
965,"brusson",0.124530566086435,0.973386548748073,0.887154250806041,0.834549465467504,FALSE,FALSE,FALSE,FALSE,FALSE,FALSE
966,"brusson",0.142153685104503,1.13619548121784,0.911590022060071,0.873069743763788,TRUE,FALSE,FALSE,FALSE,FALSE,FALSE
967,"brusson",0.187905356855094,0.290039992731228,0.95350415747497,0.612930595621924,TRUE,FALSE,FALSE,TRUE,FALSE,FALSE
968,"brusson",0.166808078239189,0.264772263150804,0.938401493297132,0.601730867130494,TRUE,FALSE,FALSE,FALSE,FALSE,FALSE
969,"brusson",-0.489785215858651,0.252665541074533,0.00746648566095367,0.596131002884779,FALSE,FALSE,FALSE,FALSE,FALSE,FALSE
970,"challand saint anselme",-0.0198245052110977,-0.0202363765625999,0.403359918547429,0.47904293229255,FALSE,FALSE,FALSE,FALSE,FALSE,FALSE
971,"challand saint anselme",0.0118901393234268,0.348506583271454,0.536399117597149,0.636857288308162,FALSE,FALSE,FALSE,FALSE,FALSE,FALSE
972,"challand saint anselme",-0.023988681086454,0.663847124900186,0.386899711522145,0.752757508908875,FALSE,FALSE,FALSE,FALSE,FALSE,FALSE
973,"challand saint anselme",0.0432002254750898,0.6339048688806,0.658068895299508,0.743763787544544,FALSE,FALSE,FALSE,FALSE,FALSE,FALSE
974,"challand saint anselme",0.0184692332293199,0.0156984465107539,0.564398438825725,0.493806210758527,FALSE,FALSE,FALSE,FALSE,FALSE,FALSE
975,"challand saint anselme",-0.0278341021754791,0.391388492524766,0.373493975903614,0.654675038180893,FALSE,FALSE,FALSE,FALSE,FALSE,FALSE
976,"challand saint anselme",0.0134905448378433,-0.203756153238197,0.542168674698795,0.400984218564398,FALSE,FALSE,FALSE,FALSE,FALSE,FALSE
977,"challand saint anselme",0.107424386148192,-0.0114085546963128,0.855761072458849,0.482436789411166,FALSE,FALSE,FALSE,FALSE,FALSE,FALSE
978,"challand saint anselme",-0.0972787635597996,-0.0293636638694303,0.162735448837604,0.473952146614628,FALSE,FALSE,FALSE,FALSE,FALSE,FALSE
979,"challand saint anselme",-0.0159665793950321,0.0110898938812734,0.418462582725267,0.491939589343289,FALSE,FALSE,FALSE,FALSE,FALSE,FALSE
980,"challand saint anselme",-0.048892574565544,-0.772638541679558,0.294586797895809,0.202443577125403,FALSE,FALSE,FALSE,FALSE,FALSE,FALSE
981,"challand saint anselme",-0.0388680751677573,0.64733368133817,0.329882911929408,0.748684880366537,FALSE,FALSE,FALSE,FALSE,FALSE,FALSE
982,"challand saint anselme",0.0153243477719016,1.41458175594796,0.54980485321568,0.925674529102325,FALSE,TRUE,FALSE,FALSE,FALSE,FALSE
983,"challand saint anselme",0.0104076968855811,1.4524126170142,0.530799253351434,0.930765314780248,FALSE,TRUE,FALSE,FALSE,FALSE,FALSE
984,"challand saint anselme",-0.0294804633313142,0.723457550684483,0.367215340234176,0.770235873069744,FALSE,FALSE,FALSE,FALSE,FALSE,FALSE
985,"challand saint anselme",-0.068689919504715,-1.2465229941738,0.232309519769218,0.105888342100798,FALSE,FALSE,FALSE,FALSE,FALSE,FALSE
986,"challand saint anselme",0.0866646105209945,-1.42157048548989,0.805192601391481,0.085355506533175,FALSE,FALSE,FALSE,FALSE,FALSE,FALSE
987,"challand saint anselme",0.0120871102634101,0.6313053818673,0.537247581876803,0.742915323264891,FALSE,FALSE,FALSE,FALSE,FALSE,FALSE
988,"challand saint anselme",0.0329854375541103,0.82146882906323,0.621754624130324,0.796198880027151,FALSE,FALSE,FALSE,FALSE,FALSE,FALSE
989,"challand saint anselme",0.0891104529095958,0.790875727507907,0.810622772781266,0.789580858645851,FALSE,FALSE,FALSE,FALSE,FALSE,FALSE
990,"challand saint anselme",-0.0964121675127512,0.926638580088604,0.16409299168505,0.821652808416766,FALSE,FALSE,FALSE,FALSE,FALSE,FALSE
991,"challand saint anselme",0.0488970362552372,0.435875198381116,0.677753266587477,0.674189716612931,FALSE,FALSE,FALSE,FALSE,FALSE,FALSE
992,"challand saint anselme",-0.155912399806709,-0.832522400673584,0.0845070422535211,0.185474291532327,FALSE,FALSE,FALSE,FALSE,FALSE,FALSE
993,"challand saint anselme",-0.0146362298941103,-1.20981480180083,0.424741218394706,0.111148820634651,FALSE,FALSE,FALSE,FALSE,FALSE,FALSE
994,"challand saint anselme",0.00853014207063474,-1.56196219899091,0.52333276769048,0.0705922280671984,FALSE,FALSE,FALSE,FALSE,FALSE,FALSE
995,"challand saint anselme",-0.0619157376016322,-1.5235418209341,0.252163583913117,0.0736466994739522,FALSE,FALSE,FALSE,FALSE,FALSE,FALSE
996,"challand saint anselme",0.0469580194340118,-1.93267564394014,0.671983709485831,0.0393687425759376,FALSE,FALSE,FALSE,FALSE,FALSE,FALSE
997,"challand saint anselme",0.0622316147587494,-1.67204927444545,0.72950958764636,0.0593924995757679,FALSE,FALSE,FALSE,FALSE,FALSE,FALSE
998,"challand saint anselme",0.0728544292453641,-0.0452405515269051,0.763617851688444,0.467673510945189,FALSE,FALSE,FALSE,FALSE,FALSE,FALSE
999,"challand saint anselme",-0.0831487596844109,0.840276011517911,0.192431698625488,0.802138129984728,FALSE,FALSE,FALSE,FALSE,FALSE,FALSE
1000,"challand saint anselme",-0.0655094967692733,0.364351901655749,0.241812319701341,0.644663159680977,FALSE,FALSE,FALSE,FALSE,FALSE,FALSE
1001,"challand saint anselme",0.0508506515869005,0.595511416187755,0.685728830816223,0.728491430510775,FALSE,FALSE,FALSE,FALSE,FALSE,FALSE
1002,"challand saint anselme",-0.200445886284452,0.549127402877471,0.0595621924316986,0.710503987782114,FALSE,FALSE,FALSE,FALSE,FALSE,FALSE
1003,"challand saint anselme",-0.00379656517245763,0.509232019648584,0.47225521805532,0.698795180722892,FALSE,FALSE,FALSE,FALSE,FALSE,FALSE
1004,"challand saint anselme",-0.025184146239484,-0.624767173211246,0.382657390123876,0.241472933989479,FALSE,FALSE,FALSE,FALSE,FALSE,FALSE
1005,"challand saint anselme",-0.0411281240978489,1.19854258638878,0.321228576276939,0.885117936534872,FALSE,FALSE,FALSE,FALSE,FALSE,FALSE
1006,"challand saint anselme",-0.0134905792802762,0.0120307366706251,0.428474461225182,0.492109282199219,FALSE,FALSE,FALSE,FALSE,FALSE,FALSE
1007,"challand saint anselme",-0.0903077498783542,0.0850645463498273,0.178347191583234,0.523502460546411,FALSE,FALSE,FALSE,FALSE,FALSE,FALSE
1008,"challand saint anselme",0.0566932780301421,0.220643841709904,0.706601052095707,0.580010181571356,FALSE,FALSE,FALSE,FALSE,FALSE,FALSE
1009,"challand saint anselme",-0.0358971908651053,0.709728792882616,0.340403868997115,0.766163244527405,FALSE,FALSE,FALSE,FALSE,FALSE,FALSE
1010,"challand saint anselme",0.00395647050168968,0.675348252209211,0.504157474970304,0.756660444595283,FALSE,FALSE,FALSE,FALSE,FALSE,FALSE
1011,"challand saint anselme",-0.0671357278765274,0.417620101173873,0.236721534023418,0.665535380960462,FALSE,FALSE,FALSE,FALSE,FALSE,FALSE
1012,"challand saint anselme",-0.00793838158642224,0.138009729432718,0.453928389614797,0.546580688952995,FALSE,FALSE,FALSE,FALSE,FALSE,FALSE
1013,"challand saint anselme",0.0457656906965109,0.0260183038296253,0.669098930935008,0.498218225012727,FALSE,FALSE,FALSE,FALSE,FALSE,FALSE
1014,"challand saint anselme",-0.102834369218337,-0.191218752646506,0.151705413202104,0.40573561853046,FALSE,FALSE,FALSE,FALSE,FALSE,FALSE
1015,"challand saint anselme",0.0853447706730126,0.59583535562613,0.801629051416935,0.728830816222637,FALSE,FALSE,FALSE,FALSE,FALSE,FALSE
1016,"challand saint anselme",-0.0923326491218095,-0.656348578809943,0.174104870184965,0.232479212625148,FALSE,FALSE,FALSE,FALSE,FALSE,FALSE
1017,"challand saint anselme",0.00336927881696347,0.567733857805245,0.500593924995758,0.719158323434583,FALSE,FALSE,FALSE,FALSE,FALSE,FALSE
1018,"challand saint anselme",0.0108096493049921,0.236121131495901,0.532496181910742,0.58764636008824,FALSE,FALSE,FALSE,FALSE,FALSE,FALSE
1019,"challand saint anselme",-0.0393697546705152,0.368371366095706,0.327676904802308,0.646699473952147,FALSE,FALSE,FALSE,FALSE,FALSE,FALSE
1020,"challand saint anselme",0.0243199885386751,0.324269186668118,0.584931274393348,0.627354488376039,FALSE,FALSE,FALSE,FALSE,FALSE,FALSE
1021,"challand saint anselme",0.0556756577946178,0.826105614085,0.702528423553368,0.797556422874597,FALSE,FALSE,FALSE,FALSE,FALSE,FALSE
1022,"challand saint anselme",0.0559070574687279,0.352354983479048,0.703207194977091,0.63855421686747,FALSE,FALSE,FALSE,FALSE,FALSE,FALSE
1023,"challand saint anselme",0.0183857494802684,0.41426513215544,0.563719667402002,0.663499066689292,FALSE,FALSE,FALSE,FALSE,FALSE,FALSE
1024,"challand saint anselme",0.0566564691317044,-0.0187729349475277,0.706261666383845,0.479891396572204,FALSE,FALSE,FALSE,FALSE,FALSE,FALSE
1025,"challand saint anselme",0.102341858478242,-0.222459473433954,0.844900729679281,0.391820804344137,FALSE,FALSE,FALSE,FALSE,FALSE,FALSE
1026,"challand saint anselme",-0.0548010876116063,0.264588127355345,0.274563040895978,0.601391481418632,FALSE,FALSE,FALSE,FALSE,FALSE,FALSE
1027,"challand saint anselme",0.0238796552260627,0.362982138230003,0.582894960122179,0.643984388257254,FALSE,FALSE,FALSE,FALSE,FALSE,FALSE
1028,"challand saint anselme",-0.0737531500583533,-1.31050449351632,0.217546241303241,0.0967249278805362,FALSE,FALSE,FALSE,FALSE,FALSE,FALSE
1029,"challand saint anselme",-0.0176948654259412,0.774503900337449,0.412014254199898,0.784490072967928,FALSE,FALSE,FALSE,FALSE,FALSE,FALSE
1030,"challand saint anselme",-0.00832679778596379,0.243763563586445,0.451382996775836,0.591209910062786,FALSE,FALSE,FALSE,FALSE,FALSE,FALSE
1031,"challand saint anselme",-0.0853812694052536,0.14151964611834,0.18852876293908,0.548447310368233,FALSE,FALSE,FALSE,FALSE,FALSE,FALSE
1032,"challand saint anselme",0.0181502659543806,0.150703838966965,0.562701510266418,0.55201086034278,FALSE,FALSE,FALSE,FALSE,FALSE,FALSE
1033,"challand saint anselme",-0.0553024255143324,0.54945031720245,0.273375190904463,0.711013066349907,FALSE,FALSE,FALSE,FALSE,FALSE,FALSE
1034,"challand saint anselme",0.0205317774016471,0.172031863107672,0.572374003054471,0.562022738842695,FALSE,FALSE,FALSE,FALSE,FALSE,FALSE
1035,"challand saint anselme",-0.108294409994924,0.0220996679847929,0.141014763278466,0.496351603597489,FALSE,FALSE,FALSE,FALSE,FALSE,FALSE
1036,"challand saint anselme",-0.0421996109590008,-0.112831375223371,0.317665026302393,0.440352961140336,FALSE,FALSE,FALSE,FALSE,FALSE,FALSE
1037,"challand saint anselme",0.0504265452139343,0.180803583168798,0.683353130833192,0.564907517393518,FALSE,FALSE,FALSE,FALSE,FALSE,FALSE
1038,"challand saint anselme",-0.0948360489845594,-0.248259152744744,0.167656541659596,0.378415068725607,FALSE,FALSE,FALSE,FALSE,FALSE,FALSE
1039,"challand saint anselme",0.0157148004600547,-0.232204990293337,0.551332088919056,0.386051247242491,FALSE,FALSE,FALSE,FALSE,FALSE,FALSE
1040,"challand saint anselme",-0.136634513728335,-0.174696809135957,0.101136942134736,0.411335482776175,FALSE,FALSE,FALSE,FALSE,FALSE,FALSE
1041,"challand saint anselme",-0.0260203122042757,0.472228698715725,0.379602918717122,0.686407602239946,FALSE,FALSE,FALSE,FALSE,FALSE,FALSE
1042,"challand saint anselme",0.0676008946849453,0.0859102885147115,0.747666723230952,0.524350924826065,FALSE,FALSE,FALSE,FALSE,FALSE,FALSE
1043,"challand saint anselme",0.0349201818820202,0.163369751797436,0.630748345494655,0.556762260308841,FALSE,FALSE,FALSE,FALSE,FALSE,FALSE
1044,"challand saint anselme",0.0687135896828455,0.24738314101864,0.752078737485152,0.593246224333956,FALSE,FALSE,FALSE,FALSE,FALSE,FALSE
1045,"challand saint anselme",-0.00809777651447341,0.452655925879091,0.453079925335143,0.681147123706092,FALSE,FALSE,FALSE,FALSE,FALSE,FALSE
1046,"challand saint anselme",0.0887111889057639,0.746084675601044,0.80926522993382,0.776344815883251,FALSE,FALSE,FALSE,FALSE,FALSE,FALSE
1047,"challand saint anselme",-0.0289590611871535,0.68823582552959,0.368742575937553,0.759714916002036,FALSE,FALSE,FALSE,FALSE,FALSE,FALSE
1048,"challand saint anselme",0.111727670983239,-0.331369715359298,0.865263872390972,0.343118954692007,FALSE,FALSE,FALSE,FALSE,FALSE,FALSE
1049,"challand saint anselme",0.158903051115683,-0.439214048005591,0.929577464788732,0.306465297810962,TRUE,FALSE,FALSE,FALSE,FALSE,FALSE
1050,"challand saint anselme",-0.404457654177728,-0.221212305380437,0.0142541998981843,0.39249957576786,FALSE,FALSE,FALSE,FALSE,FALSE,FALSE
1051,"challand saint victor",0.0241563126497883,-0.637513885207729,0.583913117257763,0.236891226879348,FALSE,FALSE,FALSE,FALSE,FALSE,FALSE
1052,"challand saint victor",-0.0861142343681358,-0.184616082287102,0.186662141523842,0.408281011369421,FALSE,FALSE,FALSE,FALSE,FALSE,FALSE
1053,"challand saint victor",-0.0147666787236815,0.30352757124036,0.424571525538775,0.61870015272357,FALSE,FALSE,FALSE,FALSE,FALSE,FALSE
1054,"challand saint victor",0.0727992004926197,0.410962346287183,0.763448158832513,0.662480909553708,FALSE,FALSE,FALSE,FALSE,FALSE,FALSE
1055,"challand saint victor",0.0140119461956143,0.0963082216294177,0.544035296114034,0.530799253351434,FALSE,FALSE,FALSE,FALSE,FALSE,FALSE
1056,"challand saint victor",-0.0191279938662952,0.0542330741524693,0.406244697098252,0.50992703207195,FALSE,FALSE,FALSE,FALSE,FALSE,FALSE
1057,"challand saint victor",-0.0218470770470827,-0.700456457991872,0.395384354318683,0.21941286271848,FALSE,FALSE,FALSE,FALSE,FALSE,FALSE
1058,"challand saint victor",0.0826425057879394,-0.532531226745564,0.793144408620397,0.270999490921432,FALSE,FALSE,FALSE,FALSE,FALSE,FALSE
1059,"challand saint victor",0.0466900955285414,-0.346062836510432,0.671474630918038,0.338706940437808,FALSE,FALSE,FALSE,FALSE,FALSE,FALSE
1060,"challand saint victor",0.0409427250643049,-0.210743103212668,0.650093331070762,0.397420668589852,FALSE,FALSE,FALSE,FALSE,FALSE,FALSE
1061,"challand saint victor",-0.0550064634808791,-0.240868476643719,0.274393348040048,0.382148311556083,FALSE,FALSE,FALSE,FALSE,FALSE,FALSE
1062,"challand saint victor",-0.107559204823231,0.0842654732315168,0.142711691837774,0.522823689122688,FALSE,FALSE,FALSE,FALSE,FALSE,FALSE
1063,"challand saint victor",-0.0397104465835731,0.848072979492206,0.325979976243,0.803325979976243,FALSE,FALSE,FALSE,FALSE,FALSE,FALSE
1064,"challand saint victor",-0.0434688188002745,0.827663367120997,0.313931783471916,0.798404887154251,FALSE,FALSE,FALSE,FALSE,FALSE,FALSE
1065,"challand saint victor",0.164460570456715,-0.0386382862991677,0.936025793314102,0.469709825216358,TRUE,FALSE,FALSE,FALSE,FALSE,FALSE
1066,"challand saint victor",-0.0341459374040554,-0.6284167732727,0.347700661802138,0.240963855421687,FALSE,FALSE,FALSE,FALSE,FALSE,FALSE
1067,"challand saint victor",0.0676763686936255,-1.21083202580651,0.748175801798744,0.110639742066859,FALSE,FALSE,FALSE,FALSE,FALSE,FALSE
1068,"challand saint victor",0.0278424463215767,-1.0686024107203,0.602070252842355,0.13524520617682,FALSE,FALSE,FALSE,FALSE,FALSE,FALSE
1069,"challand saint victor",-0.00422599862912065,-0.796531228688957,0.47004921092822,0.195655862888172,FALSE,FALSE,FALSE,FALSE,FALSE,FALSE
1070,"challand saint victor",0.0613223096793067,-0.366489431832888,0.725606651959952,0.329882911929408,FALSE,FALSE,FALSE,FALSE,FALSE,FALSE
1071,"challand saint victor",0.0680391780484104,-1.16156400688755,0.74936365179026,0.11963346343119,FALSE,FALSE,FALSE,FALSE,FALSE,FALSE
1072,"challand saint victor",0.194004191198133,-1.56892243131298,0.957746478873239,0.0695740709316138,TRUE,FALSE,FALSE,TRUE,FALSE,FALSE
1073,"challand saint victor",-0.0729703022756034,-0.87778817562037,0.220261326998133,0.173595791617173,FALSE,FALSE,FALSE,FALSE,FALSE,FALSE
1074,"challand saint victor",0.0228774598452954,-1.79862177516275,0.580010181571356,0.0476836925165451,FALSE,FALSE,FALSE,FALSE,FALSE,FALSE
1075,"challand saint victor",-0.0265648811702892,-1.7703882851736,0.377566604445953,0.0505684710673681,FALSE,FALSE,FALSE,FALSE,FALSE,FALSE
1076,"challand saint victor",0.106369358294353,-1.17572866789315,0.854064143899542,0.116918377736297,FALSE,FALSE,FALSE,FALSE,FALSE,FALSE
1077,"challand saint victor",0.0474563622515216,-1.73307898309033,0.673171559477346,0.0536229424741218,FALSE,FALSE,FALSE,FALSE,FALSE,FALSE
1078,"challand saint victor",0.0680688088257426,-1.0576724090676,0.749872730358052,0.137620906159851,FALSE,FALSE,FALSE,FALSE,FALSE,FALSE
1079,"challand saint victor",-0.0245553826037472,-1.1973223885653,0.385202782962837,0.112845749193959,FALSE,FALSE,FALSE,FALSE,FALSE,FALSE
1080,"challand saint victor",-0.0742721928791248,-0.523970642990245,0.215509927032072,0.273884269472255,FALSE,FALSE,FALSE,FALSE,FALSE,FALSE
1081,"challand saint victor",-0.0810622184883609,-0.674335418218673,0.198540641438995,0.226370269811641,FALSE,FALSE,FALSE,FALSE,FALSE,FALSE
1082,"challand saint victor",0.00790963194763883,-0.525734676594213,0.520447989139657,0.273375190904463,FALSE,FALSE,FALSE,FALSE,FALSE,FALSE
1083,"challand saint victor",-0.0111682618747402,-1.67335002498682,0.438316646869167,0.0592228067198371,FALSE,FALSE,FALSE,FALSE,FALSE,FALSE
1084,"challand saint victor",0.0209748285410214,-0.0625979919128503,0.574410317325641,0.460207025284236,FALSE,FALSE,FALSE,FALSE,FALSE,FALSE
1085,"challand saint victor",-0.176132225844864,-1.68558091285204,0.0726285423383676,0.0573561853045987,FALSE,FALSE,FALSE,FALSE,FALSE,FALSE
1086,"challand saint victor",-0.0960293287379272,0.416715210183372,0.165280841676565,0.665026302392669,FALSE,FALSE,FALSE,FALSE,FALSE,FALSE
1087,"challand saint victor",-0.0380365550973902,-1.30242489921866,0.331240454776854,0.0975733921601901,FALSE,FALSE,FALSE,FALSE,FALSE,FALSE
1088,"challand saint victor",-0.118971805805408,-1.78654294724131,0.123197013405736,0.0487018496521296,FALSE,FALSE,FALSE,FALSE,FALSE,FALSE
1089,"challand saint victor",0.195748767587366,-1.28081540869781,0.959273714576616,0.100627863566944,TRUE,FALSE,FALSE,TRUE,FALSE,FALSE
1090,"challand saint victor",-0.0311372166683039,-0.296691653111967,0.360257933141015,0.356015611742746,FALSE,FALSE,FALSE,FALSE,FALSE,FALSE
1091,"challand saint victor",-0.0357669220528578,-0.830248013608445,0.340743254708977,0.18615306295605,FALSE,FALSE,FALSE,FALSE,FALSE,FALSE
1092,"challand saint victor",-0.103711189383622,-1.09667363983636,0.150008484642797,0.130324113354828,FALSE,FALSE,FALSE,FALSE,FALSE,FALSE
1093,"challand saint victor",-0.0590261871120994,-1.3002539709379,0.262175462413032,0.0977430850161208,FALSE,FALSE,FALSE,FALSE,FALSE,FALSE
1094,"challand saint victor",0.00984558584831241,-1.25583035823914,0.528932631936195,0.103852027829628,FALSE,FALSE,FALSE,FALSE,FALSE,FALSE
1095,"challand saint victor",-0.00163810283427068,-1.45494996745485,0.479891396572204,0.0816222637026981,FALSE,FALSE,FALSE,FALSE,FALSE,FALSE
1096,"challand saint victor",0.0986932735715662,-0.934786755246294,0.834379772611573,0.158832513151196,FALSE,FALSE,FALSE,FALSE,FALSE,FALSE
1097,"challand saint victor",-0.0114745150281443,-2.51240874761922,0.436619718309859,0.0125572713388766,FALSE,FALSE,FALSE,FALSE,FALSE,FALSE
1098,"challand saint victor",0.196629435946534,-0.88656529093812,0.959443407432547,0.170880705922281,TRUE,FALSE,FALSE,TRUE,FALSE,FALSE
1099,"challand saint victor",0.120439932768905,-0.836629053571979,0.882233157984049,0.183607670117088,FALSE,FALSE,FALSE,FALSE,FALSE,FALSE
1100,"challand saint victor",0.0194171210804353,-1.03277180479282,0.568301374512133,0.141693534702189,FALSE,FALSE,FALSE,FALSE,FALSE,FALSE
1101,"challand saint victor",0.0413613384565252,-0.796651585008619,0.651959952486,0.195486170032242,FALSE,FALSE,FALSE,FALSE,FALSE,FALSE
1102,"challand saint victor",0.061875546473857,-0.253200680428406,0.728661123366706,0.376039368742576,FALSE,FALSE,FALSE,FALSE,FALSE,FALSE
1103,"challand saint victor",-0.00220328288893157,-0.62759687759371,0.478194468012897,0.241133548277618,FALSE,FALSE,FALSE,FALSE,FALSE,FALSE
1104,"challand saint victor",-0.0091169837046845,-0.986907941736837,0.447649753945359,0.147463091803835,FALSE,FALSE,FALSE,FALSE,FALSE,FALSE
1105,"challand saint victor",0.00668598277121646,-1.20989065631436,0.515526896317665,0.110979127778721,FALSE,FALSE,FALSE,FALSE,FALSE,FALSE
1106,"challand saint victor",0.080570834028082,-1.52536034297519,0.788393008654336,0.0734770066180214,FALSE,FALSE,FALSE,FALSE,FALSE,FALSE
1107,"challand saint victor",0.0615957207871851,-1.5210255644602,0.727133887663329,0.0739860851858137,FALSE,FALSE,FALSE,FALSE,FALSE,FALSE
1108,"challand saint victor",0.0998230954734467,-0.233253763662345,0.837434244018327,0.385542168674699,FALSE,FALSE,FALSE,FALSE,FALSE,FALSE
1109,"challand saint victor",-0.0730958711524909,-0.770320339807064,0.219921941286272,0.203122348549126,FALSE,FALSE,FALSE,FALSE,FALSE,FALSE
1110,"challand saint victor",-0.0739576938341546,-0.0293050635695199,0.216697777023587,0.474121839470558,FALSE,FALSE,FALSE,FALSE,FALSE,FALSE
1111,"challand saint victor",0.0556103181721337,-0.527550469670071,0.702189037841507,0.272866112336671,FALSE,FALSE,FALSE,FALSE,FALSE,FALSE
1112,"challand saint victor",-0.107331195556041,-0.708735729052695,0.143390463261497,0.216867469879518,FALSE,FALSE,FALSE,FALSE,FALSE,FALSE
1113,"challand saint victor",0.0810516568416109,-0.663193677449883,0.78941116578992,0.230442898353979,FALSE,FALSE,FALSE,FALSE,FALSE,FALSE
1114,"challand saint victor",-0.0467408738256676,0.178501801196975,0.302901747836416,0.564737824537587,FALSE,FALSE,FALSE,FALSE,FALSE,FALSE
1115,"challand saint victor",0.0298592854577002,-0.135245354634923,0.60970643135924,0.430850161208213,FALSE,FALSE,FALSE,FALSE,FALSE,FALSE
1116,"challand saint victor",-0.109243351920947,-0.832843485480422,0.138129984727643,0.185304598676396,FALSE,FALSE,FALSE,FALSE,FALSE,FALSE
1117,"challand saint victor",0.00905306842956577,-1.26647401585219,0.52553877481758,0.102833870694044,FALSE,FALSE,FALSE,FALSE,FALSE,FALSE
1118,"challand saint victor",0.0732031512691371,-0.95305310128416,0.764805701679959,0.154081113185135,FALSE,FALSE,FALSE,FALSE,FALSE,FALSE
1119,"challand saint victor",0.00685439820835398,-1.54707839134046,0.51654505345325,0.0719497709146445,FALSE,FALSE,FALSE,FALSE,FALSE,FALSE
1120,"challand saint victor",0.0847486390774144,-0.398165806257123,0.797895808586458,0.3193619548617,FALSE,FALSE,FALSE,FALSE,FALSE,FALSE
1121,"challand saint victor",-0.0967322182565589,-0.517968358258414,0.163583913117258,0.275920583743424,FALSE,FALSE,FALSE,FALSE,FALSE,FALSE
1122,"challand saint victor",-0.0226435258384772,-0.251033685494088,0.392669268623791,0.377396911590022,FALSE,FALSE,FALSE,FALSE,FALSE,FALSE
1123,"challand saint victor",0.0804601598320094,-1.26734779886538,0.787714237230613,0.102494484982182,FALSE,FALSE,FALSE,FALSE,FALSE,FALSE
1124,"challand saint victor",-0.00668847994733213,-0.775346659317734,0.459358561004582,0.201425419989818,FALSE,FALSE,FALSE,FALSE,FALSE,FALSE
1125,"challand saint victor",0.0522579320059258,-0.640871893428061,0.692177159341592,0.235873069743764,FALSE,FALSE,FALSE,FALSE,FALSE,FALSE
1126,"challand saint victor",0.00914010422355993,-0.916772277125688,0.525878160529442,0.162735448837604,FALSE,FALSE,FALSE,FALSE,FALSE,FALSE
1127,"challand saint victor",0.0897197772162066,-0.546218268440931,0.812489394196504,0.265399626675717,FALSE,FALSE,FALSE,FALSE,FALSE,FALSE
1128,"challand saint victor",0.00018785174063396,-0.936953470189921,0.487697267945019,0.157984048871543,FALSE,FALSE,FALSE,FALSE,FALSE,FALSE
1129,"challand saint victor",0.0512364601913564,-1.61332635119332,0.687256066519599,0.0653317495333446,FALSE,FALSE,FALSE,FALSE,FALSE,FALSE
1130,"challand saint victor",0.105072574304858,-1.67961436492261,0.85134905820465,0.058544035296114,FALSE,FALSE,FALSE,FALSE,FALSE,FALSE
1131,"challand saint victor",-0.51176320718276,-2.4733930345995,0.00593924995757679,0.0140845070422535,FALSE,FALSE,FALSE,FALSE,FALSE,FALSE
1132,"chambave",0.0564077801243954,-1.08334148761889,0.70507381639233,0.132360427625997,FALSE,FALSE,FALSE,FALSE,FALSE,FALSE
1133,"chambave",-0.0495605071473797,-0.828006230647338,0.291532326489055,0.186831834379773,FALSE,FALSE,FALSE,FALSE,FALSE,FALSE
1134,"chambave",0.0775440775486942,-0.505054886997851,0.779229594434074,0.280841676565417,FALSE,FALSE,FALSE,FALSE,FALSE,FALSE
1135,"chambave",0.0666286119387305,-0.0646426782901442,0.744272866112337,0.459188868148651,FALSE,FALSE,FALSE,FALSE,FALSE,FALSE
1136,"chambave",0.106270158857944,-0.533247989114417,0.853894451043611,0.270829798065501,FALSE,FALSE,FALSE,FALSE,FALSE,FALSE
1137,"chambave",-0.0303432793238514,-0.75111961824494,0.362633633124045,0.207873748515188,FALSE,FALSE,FALSE,FALSE,FALSE,FALSE
1138,"chambave",0.0205808440526685,-1.22445388348008,0.572713388766333,0.108773120651621,FALSE,FALSE,FALSE,FALSE,FALSE,FALSE
1139,"chambave",0.0062814932028985,-1.07890205541903,0.513320889190565,0.133208891905651,FALSE,FALSE,FALSE,FALSE,FALSE,FALSE
1140,"chambave",0.14991298190081,-0.820275370504764,0.919565586288817,0.188868148650942,TRUE,FALSE,FALSE,FALSE,FALSE,FALSE
1141,"chambave",0.0378029360806771,-0.654789693364065,0.640420838282708,0.232988291192941,FALSE,FALSE,FALSE,FALSE,FALSE,FALSE
1142,"chambave",-0.152403539036257,-0.494208627876917,0.0872221279484134,0.284914305107755,FALSE,FALSE,FALSE,FALSE,FALSE,FALSE
1143,"chambave",-0.104771158391294,-0.301602512681528,0.147123706091974,0.353979297471576,FALSE,FALSE,FALSE,FALSE,FALSE,FALSE
1144,"chambave",-0.00296014120982946,0.280501273349509,0.476158153741727,0.607839809944001,FALSE,FALSE,FALSE,FALSE,FALSE,FALSE
1145,"chambave",-0.0336257572270409,0.108401892880651,0.3502460546411,0.534193110470049,FALSE,FALSE,FALSE,FALSE,FALSE,FALSE
1146,"chambave",0.0141722863993028,-0.37674982495549,0.544883760393687,0.326319361954862,FALSE,FALSE,FALSE,FALSE,FALSE,FALSE
1147,"chambave",-0.0336805018472308,-1.27817792492666,0.349906668929238,0.101136942134736,FALSE,FALSE,FALSE,FALSE,FALSE,FALSE
1148,"chambave",0.133116581723154,-1.46183173221834,0.899541829288987,0.0806041065671135,FALSE,FALSE,FALSE,FALSE,FALSE,FALSE
1149,"chambave",-0.0379219104403941,-0.471371490833813,0.332258611912438,0.293738333616155,FALSE,FALSE,FALSE,FALSE,FALSE,FALSE
1150,"chambave",-0.0317048914557034,-0.426466157762512,0.357712540302053,0.310028847785508,FALSE,FALSE,FALSE,FALSE,FALSE,FALSE
1151,"chambave",0.00604235193576841,-0.25216287511418,0.511963346343119,0.376548447310368,FALSE,FALSE,FALSE,FALSE,FALSE,FALSE
1152,"chambave",0.150164698331336,0.092863250821384,0.919904972000679,0.528253860512472,TRUE,FALSE,FALSE,FALSE,FALSE,FALSE
1153,"chambave",0.0055157980941658,-0.230570042211275,0.509757339216019,0.386899711522145,FALSE,FALSE,FALSE,FALSE,FALSE,FALSE
1154,"chambave",-0.0941314314428432,-1.57634357950947,0.169692855930765,0.0683862209400984,FALSE,FALSE,FALSE,FALSE,FALSE,FALSE
1155,"chambave",0.0268182632635163,-2.04411843457732,0.596640081452571,0.0327507211946377,FALSE,FALSE,FALSE,FALSE,FALSE,FALSE
1156,"chambave",0.0176019925087143,-1.45752339094953,0.559986424571526,0.0814525708467674,FALSE,FALSE,FALSE,FALSE,FALSE,FALSE
1157,"chambave",-0.0651607634558555,-0.410304085479083,0.242660783980994,0.315119633463431,FALSE,FALSE,FALSE,FALSE,FALSE,FALSE
1158,"chambave",0.133886667398796,-2.00911562537157,0.900559986424572,0.0358051926013915,TRUE,FALSE,FALSE,FALSE,FALSE,FALSE
1159,"chambave",0.0895600835511825,-1.72758171155545,0.811640929916851,0.0544714067537757,FALSE,FALSE,FALSE,FALSE,FALSE,FALSE
1160,"chambave",0.0730623904336056,-0.173767391545241,0.764636008824028,0.412693025623621,FALSE,FALSE,FALSE,FALSE,FALSE,FALSE
1161,"chambave",-0.0400055158780113,-0.0174034626794086,0.324792126251485,0.480909553707789,FALSE,FALSE,FALSE,FALSE,FALSE,FALSE
1162,"chambave",-0.081946002739091,-0.468924049085693,0.195995248600034,0.294417105039878,FALSE,FALSE,FALSE,FALSE,FALSE,FALSE
1163,"chambave",-0.0422586858782452,-0.503697271168338,0.317325640590531,0.28169014084507,FALSE,FALSE,FALSE,FALSE,FALSE,FALSE
1164,"chambave",0.0910844752019653,-0.0969782633581684,0.81588325131512,0.446970982521636,FALSE,FALSE,FALSE,FALSE,FALSE,FALSE
1165,"chambave",0.04512751857391,0.223863503253867,0.666044459528254,0.581537417274733,FALSE,FALSE,FALSE,FALSE,FALSE,FALSE
1166,"chambave",-0.107708937598982,0.567202233144223,0.142372306125912,0.718818937722722,FALSE,FALSE,FALSE,FALSE,FALSE,FALSE
1167,"chambave",-0.0733684990726449,0.519999343269802,0.219073477006618,0.70286780926523,FALSE,FALSE,FALSE,FALSE,FALSE,FALSE
1168,"chambave",-0.0192148397561667,-0.788937706979691,0.406075004242321,0.197692177159342,FALSE,FALSE,FALSE,FALSE,FALSE,FALSE
1169,"chambave",0.0157963737949949,-0.673847945405882,0.551841167486849,0.226709655523502,FALSE,FALSE,FALSE,FALSE,FALSE,FALSE
1170,"chambave",0.0832021330981512,-0.448758748332442,0.794671644323774,0.30154420498897,FALSE,FALSE,FALSE,FALSE,FALSE,FALSE
1171,"chambave",0.000284363462025539,-0.0443032504374522,0.488206346512812,0.46784320380112,FALSE,FALSE,FALSE,FALSE,FALSE,FALSE
1172,"chambave",0.12956984651921,0.355406275979352,0.893772272187341,0.64076022399457,FALSE,FALSE,FALSE,FALSE,FALSE,FALSE
1173,"chambave",-0.0159256285250109,-0.552662537443363,0.418801968437129,0.263533005260479,FALSE,FALSE,FALSE,FALSE,FALSE,FALSE
1174,"chambave",-0.029644555931192,-0.800564594430357,0.366366875954522,0.194637705752588,FALSE,FALSE,FALSE,FALSE,FALSE,FALSE
1175,"chambave",0.019337562515144,-0.901470968336702,0.567961988800271,0.166638384524012,FALSE,FALSE,FALSE,FALSE,FALSE,FALSE
1176,"chambave",0.131883778747378,-0.934418801894768,0.898353979297472,0.159171898863058,FALSE,FALSE,FALSE,FALSE,FALSE,FALSE
1177,"chambave",-0.012112957338676,0.027049048985011,0.433225861191244,0.499236382148312,FALSE,FALSE,FALSE,FALSE,FALSE,FALSE
1178,"chambave",-0.125041563269324,-0.555783401352246,0.114542677753267,0.261496690989309,FALSE,FALSE,FALSE,FALSE,FALSE,FALSE
1179,"chambave",-0.00500913142841775,-0.487561845641374,0.465806889529951,0.287968776514509,FALSE,FALSE,FALSE,FALSE,FALSE,FALSE
1180,"chambave",-0.00330493147941979,-0.737118368633493,0.474121839470558,0.210758527066011,FALSE,FALSE,FALSE,FALSE,FALSE,FALSE
1181,"chambave",-0.0209452297235018,-0.587291060848642,0.399287290005091,0.251484812489394,FALSE,FALSE,FALSE,FALSE,FALSE,FALSE
1182,"chambave",0.00233116168340786,-0.517071653406527,0.49669098930935,0.276259969455286,FALSE,FALSE,FALSE,FALSE,FALSE,FALSE
1183,"chambave",-0.0337910056879558,0.102708878350689,0.349397590361446,0.533174953334465,FALSE,FALSE,FALSE,FALSE,FALSE,FALSE
1184,"chambave",0.0587502687082448,0.0654026167295469,0.714237230612591,0.515187510605803,FALSE,FALSE,FALSE,FALSE,FALSE,FALSE
1185,"chambave",-0.0656243732850577,-0.448933333194128,0.241133548277618,0.301374512133039,FALSE,FALSE,FALSE,FALSE,FALSE,FALSE
1186,"chambave",-0.0473769983899306,-1.24040649827216,0.301204819277108,0.106567113524521,FALSE,FALSE,FALSE,FALSE,FALSE,FALSE
1187,"chambave",-0.0463602272207861,-1.19121384656053,0.304598676395724,0.113694213473613,FALSE,FALSE,FALSE,FALSE,FALSE,FALSE
1188,"chambave",0.109668058184131,-0.637690046596044,0.860173086713049,0.236721534023418,FALSE,FALSE,FALSE,FALSE,FALSE,FALSE
1189,"chambave",0.0606386563985737,-0.442513932474205,0.721534023417614,0.304089597827931,FALSE,FALSE,FALSE,FALSE,FALSE,FALSE
1190,"chambave",-0.0804396559059484,-0.841625084865794,0.199898184286442,0.182589512981503,FALSE,FALSE,FALSE,FALSE,FALSE,FALSE
1191,"chambave",-0.132575607774386,-0.0773173823400646,0.105039877821144,0.454776853894451,FALSE,FALSE,FALSE,FALSE,FALSE,FALSE
1192,"chambave",-0.0287380820968899,-0.826614359549275,0.369760733073138,0.187171220091634,FALSE,FALSE,FALSE,FALSE,FALSE,FALSE
1193,"chambave",-0.0544993759084118,-0.898529152256208,0.275411505175632,0.167826234515527,FALSE,FALSE,FALSE,FALSE,FALSE,FALSE
1194,"chambave",0.0830506038458747,-0.484925897651687,0.794332258611912,0.288647547938232,FALSE,FALSE,FALSE,FALSE,FALSE,FALSE
1195,"chambave",-0.000615485102017033,-0.02206278680146,0.484473103682335,0.478533853724758,FALSE,FALSE,FALSE,FALSE,FALSE,FALSE
1196,"chambave",0.0564634437440041,-0.245523320395232,0.705243509248261,0.379433225861191,FALSE,FALSE,FALSE,FALSE,FALSE,FALSE
1197,"chambave",-0.0309041807757495,-0.980965180161994,0.36144578313253,0.148820634651281,FALSE,FALSE,FALSE,FALSE,FALSE,FALSE
1198,"chambave",-0.047321725797886,-1.25035777162839,0.301883590700831,0.104870184965213,FALSE,FALSE,FALSE,FALSE,FALSE,FALSE
1199,"chambave",0.0204011294955162,-0.872529498517378,0.571525538774818,0.175632105888342,FALSE,FALSE,FALSE,FALSE,FALSE,FALSE
1200,"chambave",0.118600265369796,-1.16934496268807,0.878160529441711,0.118106227727813,FALSE,FALSE,FALSE,FALSE,FALSE,FALSE
1201,"chambave",0.0480582768714246,-0.833880406803879,0.675547259460377,0.184965212964534,FALSE,FALSE,FALSE,FALSE,FALSE,FALSE
1202,"chambave",-0.137695183653969,-0.322669197502455,0.100118784999152,0.346512811810623,FALSE,FALSE,FALSE,FALSE,FALSE,FALSE
1203,"chambave",-0.0719411923411961,-0.280330251822927,0.222637026981164,0.363821483115561,FALSE,FALSE,FALSE,FALSE,FALSE,FALSE
1204,"chambave",0.093661065810327,-0.845049813179807,0.82267096555235,0.18174104870185,FALSE,FALSE,FALSE,FALSE,FALSE,FALSE
1205,"chambave",0.0270793787904218,-0.670961468206764,0.597658238588155,0.227897505515018,FALSE,FALSE,FALSE,FALSE,FALSE,FALSE
1206,"chambave",0.0608640917918866,-0.289052847015,0.72272187340913,0.359579161717292,FALSE,FALSE,FALSE,FALSE,FALSE,FALSE
1207,"chambave",-0.00125494678812643,-0.077037596531002,0.481588325131512,0.455116239606313,FALSE,FALSE,FALSE,FALSE,FALSE,FALSE
1208,"chambave",0.0786667973483457,0.0868046809701683,0.78262345155269,0.525199389105719,FALSE,FALSE,FALSE,FALSE,FALSE,FALSE
1209,"chambave",-0.013843868304166,-0.370439539629502,0.426777532665875,0.328695061937892,FALSE,FALSE,FALSE,FALSE,FALSE,FALSE
1210,"chambave",0.00103461992960874,-1.17899992675308,0.490582046495843,0.116069913456643,FALSE,FALSE,FALSE,FALSE,FALSE,FALSE
1211,"chambave",0.0330180860622615,-1.16176986980429,0.621924316986255,0.119463770575259,FALSE,FALSE,FALSE,FALSE,FALSE,FALSE
1212,"chambave",-0.0634109882410119,-1.16681946863376,0.248769726794502,0.118615306295605,FALSE,FALSE,FALSE,FALSE,FALSE,FALSE
1213,"chamois",0.265451674328348,0.797789312020704,0.974885457322247,0.790429322925505,TRUE,FALSE,FALSE,TRUE,FALSE,FALSE
1214,"chamois",-0.354371474466209,1.0241034858221,0.0183268284405227,0.844561343967419,FALSE,FALSE,FALSE,FALSE,FALSE,FALSE
1215,"chamois",0.087485888009704,1.36605751707803,0.806380451382997,0.916511114882063,FALSE,TRUE,FALSE,FALSE,FALSE,FALSE
1216,"chamois",-0.318060629766006,-0.208391973063331,0.0239266926862379,0.398269132869506,FALSE,FALSE,FALSE,FALSE,FALSE,FALSE
1217,"chamois",-0.0657792791779563,-0.0548559400148377,0.240454776853894,0.463770575258782,FALSE,FALSE,FALSE,FALSE,FALSE,FALSE
1218,"chamois",-0.128032781844629,0.560121696820449,0.109621584931274,0.715934159171899,FALSE,FALSE,FALSE,FALSE,FALSE,FALSE
1219,"chamois",0.0340378996718567,0.261073795191867,0.625996945528593,0.599015781435602,FALSE,FALSE,FALSE,FALSE,FALSE,FALSE
1220,"chamois",0.00657993342931285,0.452813918538095,0.51433904632615,0.681486509417954,FALSE,FALSE,FALSE,FALSE,FALSE,FALSE
1221,"chamois",-0.0573248325689484,0.42132834849429,0.266587476667232,0.667062616663838,FALSE,FALSE,FALSE,FALSE,FALSE,FALSE
1222,"chamois",0.284521801133989,-0.492764622305194,0.977600543017139,0.28593246224334,TRUE,FALSE,FALSE,TRUE,FALSE,FALSE
1223,"chamois",0.650443016578361,0.164740091853491,0.997454607161039,0.557780417444426,TRUE,FALSE,FALSE,TRUE,FALSE,FALSE
1224,"chamois",0.127389366588787,1.54258733173044,0.890717800780587,0.943831664686917,FALSE,TRUE,FALSE,FALSE,FALSE,FALSE
1225,"chamois",-0.103846489567834,2.03434965726634,0.149499406075004,0.986085185813677,FALSE,TRUE,FALSE,FALSE,TRUE,FALSE
1226,"chamois",-0.101414187790647,2.0770725769441,0.153741727473273,0.988121500084846,FALSE,TRUE,FALSE,FALSE,TRUE,FALSE
1227,"chamois",-0.305166414310134,1.66028698803003,0.0271508569489225,0.957746478873239,FALSE,TRUE,FALSE,FALSE,TRUE,FALSE
1228,"chamois",-0.286173616674599,-0.885091867859177,0.0307144069234685,0.171389784490073,FALSE,FALSE,FALSE,FALSE,FALSE,FALSE
1229,"chamois",0.0923573701545699,-0.950400539998397,0.819277108433735,0.154590191752927,FALSE,FALSE,FALSE,FALSE,FALSE,FALSE
1230,"chamois",0.134144231514348,0.924008257993041,0.901408450704225,0.821143729848973,TRUE,FALSE,FALSE,FALSE,FALSE,FALSE
1231,"chamois",0.0344629185846266,1.2363914201425,0.627863566943832,0.891566265060241,FALSE,FALSE,FALSE,FALSE,FALSE,FALSE
1232,"chamois",0.200112544305108,1.35782961393829,0.960970643135924,0.91566265060241,TRUE,TRUE,TRUE,TRUE,FALSE,FALSE
1233,"chamois",-0.100986429654169,1.29349708782007,0.154250806041066,0.903105379263533,FALSE,TRUE,FALSE,FALSE,FALSE,FALSE
1234,"chamois",0.333373737476043,0.309068382462221,0.983539792974716,0.620736466994739,TRUE,FALSE,FALSE,TRUE,FALSE,FALSE
1235,"chamois",-0.0382986130382044,-0.775023937646513,0.330731376209062,0.20176480570168,FALSE,FALSE,FALSE,FALSE,FALSE,FALSE
1236,"chamois",0.674150506253934,-1.30886418210972,0.9977939928729,0.0970643135923978,TRUE,FALSE,FALSE,TRUE,FALSE,FALSE
1237,"chamois",-0.42038578588665,-1.93740519736062,0.0130663499066689,0.0388596640081453,FALSE,FALSE,FALSE,FALSE,FALSE,FALSE
1238,"chamois",-0.192889864719982,-1.55125108576613,0.0621075852706601,0.0714406923468522,FALSE,FALSE,FALSE,FALSE,FALSE,FALSE
1239,"chamois",0.116053009095928,-1.43991675109335,0.874257593755303,0.0829798065501442,FALSE,FALSE,FALSE,FALSE,FALSE,FALSE
1240,"chamois",0.103456126437276,-1.31075343082745,0.847446122518242,0.0965552350246055,FALSE,FALSE,FALSE,FALSE,FALSE,FALSE
1241,"chamois",0.270953070257761,-1.04054401000945,0.975733921601901,0.139826913286951,TRUE,FALSE,FALSE,TRUE,FALSE,FALSE
1242,"chamois",-0.26767248537811,1.11979803094062,0.0342779568980146,0.870694043780757,FALSE,FALSE,FALSE,FALSE,FALSE,FALSE
1243,"chamois",0.0629849048973448,0.865928506074775,0.732054980485322,0.806550144238928,FALSE,FALSE,FALSE,FALSE,FALSE,FALSE
1244,"chamois",0.128990298243025,1.17715388151156,0.893263193619549,0.881893772272187,FALSE,FALSE,FALSE,FALSE,FALSE,FALSE
1245,"chamois",-0.334219949487283,1.14931179966322,0.0213812998472764,0.875615136602749,FALSE,FALSE,FALSE,FALSE,FALSE,FALSE
1246,"chamois",0.189282905945761,0.295856348298712,0.954352621754624,0.615985067028678,TRUE,FALSE,FALSE,TRUE,FALSE,FALSE
1247,"chamois",0.835151701300997,-0.492066345659498,0.998642457152554,0.286611233667063,TRUE,FALSE,FALSE,TRUE,FALSE,FALSE
1248,"chamois",0.252362314335674,2.21564600135994,0.97335822161887,0.991345664347531,TRUE,TRUE,TRUE,TRUE,TRUE,TRUE
1249,"chamois",-0.000609004034924254,1.09460172284063,0.484642796538266,0.863906329543526,FALSE,FALSE,FALSE,FALSE,FALSE,FALSE
1250,"chamois",-0.0375715470170519,1.10825250358414,0.333107076192092,0.867300186662141,FALSE,FALSE,FALSE,FALSE,FALSE,FALSE
1251,"chamois",0.137850550641362,0.906260121082937,0.905311386390633,0.81588325131512,TRUE,FALSE,FALSE,FALSE,FALSE,FALSE
1252,"chamois",-0.284306567212782,0.0308480253379535,0.0315628712031224,0.500933310707619,FALSE,FALSE,FALSE,FALSE,FALSE,FALSE
1253,"chamois",-0.32209534030766,-0.0524006453060878,0.0235873069743764,0.465297810962158,FALSE,FALSE,FALSE,FALSE,FALSE,FALSE
1254,"chamois",-0.0940810180988052,0.431387320208588,0.169862548786696,0.671644323773969,FALSE,FALSE,FALSE,FALSE,FALSE,FALSE
1255,"chamois",0.173735866128178,0.627897678299092,0.942643814695401,0.741557780417444,TRUE,FALSE,FALSE,FALSE,FALSE,FALSE
1256,"chamois",0.0930930323644628,0.690119960273358,0.821483115560835,0.760733073137621,FALSE,FALSE,FALSE,FALSE,FALSE,FALSE
1257,"chamois",-0.156534452403452,0.173829422173713,0.0839979636857288,0.563040895978279,FALSE,FALSE,FALSE,FALSE,FALSE,FALSE
1258,"chamois",0.142633651369708,-1.76923090073617,0.912099100627864,0.0507381639232988,TRUE,FALSE,FALSE,FALSE,FALSE,FALSE
1259,"chamois",0.234483641890327,-0.836619047602783,0.968606821652808,0.183777362973019,TRUE,FALSE,FALSE,TRUE,FALSE,FALSE
1260,"chamois",0.195236057418008,1.43078850037588,0.958594943152893,0.927032071949771,TRUE,TRUE,TRUE,TRUE,FALSE,FALSE
1261,"chamois",-0.00870369040178254,1.15069166845268,0.45019514678432,0.875954522314611,FALSE,FALSE,FALSE,FALSE,FALSE,FALSE
1262,"chamois",-0.201957233704661,1.27683884527179,0.0587137281520448,0.900559986424572,FALSE,TRUE,FALSE,FALSE,FALSE,FALSE
1263,"chamois",-0.0987011459021332,1.20907994844209,0.160359748854573,0.887493636517903,FALSE,FALSE,FALSE,FALSE,FALSE,FALSE
1264,"chamois",-0.00398319150377979,0.606076816142495,0.470897675207874,0.733582216188698,FALSE,FALSE,FALSE,FALSE,FALSE,FALSE
1265,"chamois",-0.116483018114403,-0.756029456614391,0.126930256236212,0.206516205667741,FALSE,FALSE,FALSE,FALSE,FALSE,FALSE
1266,"chamois",-0.0789475498782277,0.266927210227973,0.20397081282878,0.602579331410148,FALSE,FALSE,FALSE,FALSE,FALSE,FALSE
1267,"chamois",0.0488003056514827,0.346319799910465,0.677583573731546,0.635839131172578,FALSE,FALSE,FALSE,FALSE,FALSE,FALSE
1268,"chamois",0.0328081390158044,0.387591354343968,0.62090615985067,0.653317495333446,FALSE,FALSE,FALSE,FALSE,FALSE,FALSE
1269,"chamois",-0.267133255111876,0.406302249379252,0.0344476497539454,0.660614288138469,FALSE,FALSE,FALSE,FALSE,FALSE,FALSE
1270,"chamois",-0.198091479003445,-2.14949926742652,0.0605803495672832,0.0268114712370609,FALSE,FALSE,FALSE,FALSE,FALSE,FALSE
1271,"chamois",0.296277219240924,-2.35510195833687,0.979127778720516,0.0181571355845919,TRUE,FALSE,FALSE,TRUE,FALSE,FALSE
1272,"chamois",0.29136259342585,1.16990466485953,0.978449007296793,0.881045307992534,TRUE,FALSE,FALSE,TRUE,FALSE,FALSE
1273,"chamois",0.117718403587904,1.11591005082216,0.876802986594264,0.869506193789241,FALSE,FALSE,FALSE,FALSE,FALSE,FALSE
1274,"chamois",-0.284227029640405,1.11399024905279,0.0317325640590531,0.868657729509588,FALSE,FALSE,FALSE,FALSE,FALSE,FALSE
1275,"chamois",-0.00403695307911001,1.09437166917295,0.470727982351943,0.863736636687595,FALSE,FALSE,FALSE,FALSE,FALSE,FALSE
1276,"chamois",-0.31557657578537,-1.16043432045333,0.0242660783980994,0.119972849143051,FALSE,FALSE,FALSE,FALSE,FALSE,FALSE
1277,"chamois",-0.0437985858409924,-1.08655486351942,0.312404547768539,0.131342270490412,FALSE,FALSE,FALSE,FALSE,FALSE,FALSE
1278,"chamois",-0.17666019968118,-0.340717765945958,0.0721194637705753,0.340064483285254,FALSE,FALSE,FALSE,FALSE,FALSE,FALSE
1279,"chamois",0.0814356358269084,0.0236491458741689,0.790089937213643,0.497030375021212,FALSE,FALSE,FALSE,FALSE,FALSE,FALSE
1280,"chamois",0.0835468524542087,0.421214894207745,0.795689801459359,0.666723230951977,FALSE,FALSE,FALSE,FALSE,FALSE,FALSE
1281,"chamois",-0.183666011422549,-0.0481489440990691,0.0670286780926523,0.467164432377397,FALSE,FALSE,FALSE,FALSE,FALSE,FALSE
1282,"chamois",0.336416134148944,-1.06476755333064,0.984048871542508,0.136433056168335,TRUE,FALSE,FALSE,TRUE,FALSE,FALSE
1283,"chamois",0.432141177964626,-0.543362099982671,0.9911759714916,0.266757169523163,TRUE,FALSE,FALSE,TRUE,FALSE,FALSE
1284,"chamois",0.445620799758899,0.988546780040146,0.992194128627185,0.83811301544205,TRUE,FALSE,FALSE,TRUE,FALSE,FALSE
1285,"chamois",0.00105583472288728,0.776793310287926,0.490921432207704,0.78499915153572,FALSE,FALSE,FALSE,FALSE,FALSE,FALSE
1286,"chamois",-0.214204409311597,1.12629677368963,0.0517563210588834,0.871712200916341,FALSE,FALSE,FALSE,FALSE,FALSE,FALSE
1287,"chamois",0.0916278539137085,1.06754214739265,0.817580179874427,0.855251993891057,FALSE,FALSE,FALSE,FALSE,FALSE,FALSE
1288,"chamois",-0.158556262439337,-1.2473877336893,0.0821313422704904,0.105548956388936,FALSE,FALSE,FALSE,FALSE,FALSE,FALSE
1289,"chamois",0.114733373992845,-0.942002647466572,0.871881893772272,0.156456813168166,FALSE,FALSE,FALSE,FALSE,FALSE,FALSE
1290,"chamois",-0.0152278074905965,0.324050738530825,0.422365518411675,0.627015102664178,FALSE,FALSE,FALSE,FALSE,FALSE,FALSE
1291,"chamois",0.111224947531895,-0.0275404788764655,0.864076022399457,0.475309689462074,FALSE,FALSE,FALSE,FALSE,FALSE,FALSE
1292,"chamois",0.125680224373266,0.188682517375103,0.888681486509418,0.568131681656202,FALSE,FALSE,FALSE,FALSE,FALSE,FALSE
1293,"chamois",-0.277336493873511,-0.118198660238893,0.0329204140505685,0.437468182589513,FALSE,FALSE,FALSE,FALSE,FALSE,FALSE
1294,"champdepraz",0.0174919973390608,-0.481254957281687,0.559477346003733,0.290344476497539,FALSE,FALSE,FALSE,FALSE,FALSE,FALSE
1295,"champdepraz",-0.0258206510734915,-0.325645190150804,0.380281690140845,0.344985576107246,FALSE,FALSE,FALSE,FALSE,FALSE,FALSE
1296,"champdepraz",-0.0485392792964774,-0.279884192959109,0.295774647887324,0.364500254539284,FALSE,FALSE,FALSE,FALSE,FALSE,FALSE
1297,"champdepraz",0.0268211154975084,0.091299100009609,0.596809774308502,0.527405396232819,FALSE,FALSE,FALSE,FALSE,FALSE,FALSE
1298,"champdepraz",0.138697002763655,0.0459943587438209,0.906668929238079,0.506702867809265,TRUE,FALSE,FALSE,FALSE,FALSE,FALSE
1299,"champdepraz",-0.0554433068990452,-0.0306333669785456,0.272357033768878,0.473782453758697,FALSE,FALSE,FALSE,FALSE,FALSE,FALSE
1300,"champdepraz",-0.0834555372194963,-0.354057900441786,0.191922620057696,0.334973697607331,FALSE,FALSE,FALSE,FALSE,FALSE,FALSE
1301,"champdepraz",-0.00063786540822619,-0.195604681672854,0.484303410826404,0.404208382827083,FALSE,FALSE,FALSE,FALSE,FALSE,FALSE
1302,"champdepraz",0.0851427485701457,0.0599179458760669,0.800610894281351,0.512472424910911,FALSE,FALSE,FALSE,FALSE,FALSE,FALSE
1303,"champdepraz",-0.0263129354638192,-2.15514907737962,0.378754454437468,0.0266417783811302,FALSE,FALSE,FALSE,FALSE,FALSE,FALSE
1304,"champdepraz",0.00817928289393066,-2.91477256735684,0.521805531987103,0.00424232139826913,FALSE,FALSE,FALSE,FALSE,FALSE,FALSE
1305,"champdepraz",-0.020858143006647,0.138105302955761,0.399966061428814,0.546750381808926,FALSE,FALSE,FALSE,FALSE,FALSE,FALSE
1306,"champdepraz",0.0160599411005595,0.689727790561033,0.552689631766503,0.760393687425759,FALSE,FALSE,FALSE,FALSE,FALSE,FALSE
1307,"champdepraz",-0.0461193661436141,0.445760509171139,0.305447140675378,0.678262345155269,FALSE,FALSE,FALSE,FALSE,FALSE,FALSE
1308,"champdepraz",0.0816701446404462,-0.369700949222056,0.790599015781436,0.328864754793823,FALSE,FALSE,FALSE,FALSE,FALSE,FALSE
1309,"champdepraz",0.013530667979218,-1.39269989810642,0.542338367554726,0.0873918208043441,FALSE,FALSE,FALSE,FALSE,FALSE,FALSE
1310,"champdepraz",0.082626920762138,-1.58001113568258,0.792805022908536,0.0678771423723061,FALSE,FALSE,FALSE,FALSE,FALSE,FALSE
1311,"champdepraz",0.040517901803458,0.354450161540317,0.648735788223316,0.640251145426778,FALSE,FALSE,FALSE,FALSE,FALSE,FALSE
1312,"champdepraz",-0.0150796011098802,0.519155167959474,0.423213982691329,0.702698116409299,FALSE,FALSE,FALSE,FALSE,FALSE,FALSE
1313,"champdepraz",-0.224298117254484,0.472247591134534,0.0461564568131682,0.686577295095877,FALSE,FALSE,FALSE,FALSE,FALSE,FALSE
1314,"champdepraz",0.0150642261464053,0.47803981257949,0.548277617512303,0.688274223655184,FALSE,FALSE,FALSE,FALSE,FALSE,FALSE
1315,"champdepraz",0.262909371978667,-2.23152400209015,0.974546071610385,0.0235873069743764,TRUE,FALSE,FALSE,TRUE,FALSE,FALSE
1316,"champdepraz",-0.0591365289181827,-1.60531786023824,0.26166638384524,0.0658408281011369,FALSE,FALSE,FALSE,FALSE,FALSE,FALSE
1317,"champdepraz",0.0162547094937082,-2.12024067566637,0.553707788902087,0.028169014084507,FALSE,FALSE,FALSE,FALSE,FALSE,FALSE
1318,"champdepraz",0.0485591657124296,-2.70504098729009,0.677074495163754,0.00746648566095367,FALSE,FALSE,FALSE,FALSE,FALSE,FALSE
1319,"champdepraz",-0.012220398125832,-2.30616949975618,0.432886475479382,0.0201934498557611,FALSE,FALSE,FALSE,FALSE,FALSE,FALSE
1320,"champdepraz",0.114875976706278,-2.10963992171678,0.872051586628203,0.0291871712200916,FALSE,FALSE,FALSE,FALSE,FALSE,FALSE
1321,"champdepraz",0.0676777220444844,-1.84606020504367,0.748345494654675,0.0456473782453759,FALSE,FALSE,FALSE,FALSE,FALSE,FALSE
1322,"champdepraz",0.116388523143693,-2.28485469961593,0.874427286611234,0.0213812998472764,FALSE,FALSE,FALSE,FALSE,FALSE,FALSE
1323,"champdepraz",-0.13946828345671,0.203883620837831,0.0985915492957746,0.573561853045987,FALSE,FALSE,FALSE,FALSE,FALSE,FALSE
1324,"champdepraz",-0.172410429092922,0.169833373971691,0.0746648566095367,0.560834888851179,FALSE,FALSE,FALSE,FALSE,FALSE,FALSE
1325,"champdepraz",-0.0531742624927105,0.256271007170359,0.279144748006109,0.597827931444086,FALSE,FALSE,FALSE,FALSE,FALSE,FALSE
1326,"champdepraz",0.0725354679596233,0.367347670585787,0.762430001696929,0.646190395384354,FALSE,FALSE,FALSE,FALSE,FALSE,FALSE
1327,"champdepraz",0.120369102795012,0.662612326438178,0.881384693704395,0.751909044629221,FALSE,FALSE,FALSE,FALSE,FALSE,FALSE
1328,"champdepraz",-0.076610205048981,-1.95822247133134,0.209910062786357,0.0376718140166299,FALSE,FALSE,FALSE,FALSE,FALSE,FALSE
1329,"champdepraz",-0.0953182626113822,0.433678081245878,0.166808077379942,0.672492788053623,FALSE,FALSE,FALSE,FALSE,FALSE,FALSE
1330,"champdepraz",-0.0595474558785067,-0.184418008882507,0.259799762430002,0.408450704225352,FALSE,FALSE,FALSE,FALSE,FALSE,FALSE
1331,"champdepraz",-0.0523675648528723,-0.401474104089746,0.282199219412863,0.318343797726116,FALSE,FALSE,FALSE,FALSE,FALSE,FALSE
1332,"champdepraz",0.0925664080424351,-0.273846499891398,0.819616494145596,0.366875954522315,FALSE,FALSE,FALSE,FALSE,FALSE,FALSE
1333,"champdepraz",-0.0216797531550714,0.0783143419860235,0.396572204310199,0.519599524860003,FALSE,FALSE,FALSE,FALSE,FALSE,FALSE
1334,"champdepraz",0.0597171617330634,-1.68551992439859,0.717291702019345,0.0575258781605294,FALSE,FALSE,FALSE,FALSE,FALSE,FALSE
1335,"champdepraz",-0.016707952757816,-0.71819945760677,0.415747497030375,0.21500084846428,FALSE,FALSE,FALSE,FALSE,FALSE,FALSE
1336,"champdepraz",-0.0613177670948559,-0.660947919663644,0.255557441031733,0.231121669777702,FALSE,FALSE,FALSE,FALSE,FALSE,FALSE
1337,"champdepraz",-0.00944217866242347,-0.865704147186029,0.44578313253012,0.178007805871373,FALSE,FALSE,FALSE,FALSE,FALSE,FALSE
1338,"champdepraz",0.0856762087914511,-0.793787474686734,0.802986594264381,0.196334634311895,FALSE,FALSE,FALSE,FALSE,FALSE,FALSE
1339,"champdepraz",0.00714043395334052,-0.234990720579422,0.517732903444765,0.385033090106907,FALSE,FALSE,FALSE,FALSE,FALSE,FALSE
1340,"champdepraz",-0.0484820294772934,-2.80628033464922,0.296114033599185,0.00509078567792296,FALSE,FALSE,FALSE,FALSE,FALSE,FALSE
1341,"champdepraz",0.0106432896361603,-0.492596465339131,0.531817410487018,0.286271847955201,FALSE,FALSE,FALSE,FALSE,FALSE,FALSE
1342,"champdepraz",0.0247146419352333,-0.196106357097055,0.586967588664517,0.404038689971152,FALSE,FALSE,FALSE,FALSE,FALSE,FALSE
1343,"champdepraz",0.011774780814461,-0.245269259960363,0.535720346173426,0.379602918717122,FALSE,FALSE,FALSE,FALSE,FALSE,FALSE
1344,"champdepraz",0.0121754564677659,-0.0939543846792491,0.537586967588665,0.448158832513151,FALSE,FALSE,FALSE,FALSE,FALSE,FALSE
1345,"champdepraz",-0.0202861680450379,0.316854588663902,0.402341761411845,0.624130324113355,FALSE,FALSE,FALSE,FALSE,FALSE,FALSE
1346,"champdepraz",0.0863296141171119,-2.0173201816635,0.80485321567962,0.0351264211776684,FALSE,FALSE,FALSE,FALSE,FALSE,FALSE
1347,"champdepraz",-0.0760724636836265,-0.513584481759067,0.211097912777872,0.277447819446801,FALSE,FALSE,FALSE,FALSE,FALSE,FALSE
1348,"champdepraz",-0.0500337400878124,-0.819747193284071,0.289326319361955,0.189207534362803,FALSE,FALSE,FALSE,FALSE,FALSE,FALSE
1349,"champdepraz",-0.00818854827736004,-1.07659528691082,0.452061768199559,0.133887663329374,FALSE,FALSE,FALSE,FALSE,FALSE,FALSE
1350,"champdepraz",0.0505174348537079,-0.304238678537586,0.683862209400984,0.352961140335992,FALSE,FALSE,FALSE,FALSE,FALSE,FALSE
1351,"champdepraz",0.0851270743680246,0.142719681619206,0.80044120142542,0.549126081791957,FALSE,FALSE,FALSE,FALSE,FALSE,FALSE
1352,"champdepraz",0.0117981902390962,-3.06997521295994,0.536059731885288,0.00169692855930765,FALSE,FALSE,FALSE,FALSE,FALSE,FALSE
1353,"champdepraz",-0.0794208034846307,0.058835159377391,0.202613269981334,0.511454267775327,FALSE,FALSE,FALSE,FALSE,FALSE,FALSE
1354,"champdepraz",-0.0118062352728643,-0.150017333661426,0.434753096894621,0.423723061259121,FALSE,FALSE,FALSE,FALSE,FALSE,FALSE
1355,"champdepraz",-0.0810448233740182,-0.177711063138476,0.198710334294926,0.410656711352452,FALSE,FALSE,FALSE,FALSE,FALSE,FALSE
1356,"champdepraz",0.0241369860492817,-0.459408250382857,0.583743424401833,0.297301883590701,FALSE,FALSE,FALSE,FALSE,FALSE,FALSE
1357,"champdepraz",-0.0667451147235951,0.323227647841633,0.237909384014933,0.626675716952316,FALSE,FALSE,FALSE,FALSE,FALSE,FALSE
1358,"champdepraz",0.0422677858949889,-0.572733013012042,0.655693195316477,0.255727133887663,FALSE,FALSE,FALSE,FALSE,FALSE,FALSE
1359,"champdepraz",-0.0997990403066602,-0.647060991181853,0.157984048871543,0.234685219752248,FALSE,FALSE,FALSE,FALSE,FALSE,FALSE
1360,"champdepraz",-0.109683864638608,-0.946106021185195,0.137960291871712,0.155099270320719,FALSE,FALSE,FALSE,FALSE,FALSE,FALSE
1361,"champdepraz",-0.0035581031949885,-0.573272285603695,0.473103682334974,0.255218055319871,FALSE,FALSE,FALSE,FALSE,FALSE,FALSE
1362,"champdepraz",0.0982479128109652,-0.687957807828582,0.832682844052265,0.222637026981164,FALSE,FALSE,FALSE,FALSE,FALSE,FALSE
1363,"champdepraz",0.068502848913619,-0.504549039085426,0.751060580349567,0.281011369421347,FALSE,FALSE,FALSE,FALSE,FALSE,FALSE
1364,"champdepraz",-0.0540550480104205,-0.710836328725177,0.276599355167147,0.216188698455795,FALSE,FALSE,FALSE,FALSE,FALSE,FALSE
1365,"champdepraz",-0.0630307125418259,-0.087231060161209,0.25046665535381,0.452061768199559,FALSE,FALSE,FALSE,FALSE,FALSE,FALSE
1366,"champdepraz",0.11364028850347,-0.442594027829028,0.870015272357034,0.303919904972001,FALSE,FALSE,FALSE,FALSE,FALSE,FALSE
1367,"champdepraz",0.0493093900020707,-0.214118131445816,0.67860173086713,0.396232818598337,FALSE,FALSE,FALSE,FALSE,FALSE,FALSE
1368,"champdepraz",0.0811691526625111,0.0865988884106997,0.789580858645851,0.525029696249788,FALSE,FALSE,FALSE,FALSE,FALSE,FALSE
1369,"champdepraz",-0.0171796134569782,0.367368787426419,0.413880875615137,0.646360088240285,FALSE,FALSE,FALSE,FALSE,FALSE,FALSE
1370,"champdepraz",0.0711733745931546,-0.239667944961501,0.758866451722383,0.382996775835737,FALSE,FALSE,FALSE,FALSE,FALSE,FALSE
1371,"champdepraz",0.0140133639215758,0.125415493044347,0.544204988969964,0.540641438995418,FALSE,FALSE,FALSE,FALSE,FALSE,FALSE
1372,"champdepraz",-0.00640509646999554,-0.921082906441924,0.460376718140166,0.162056677413881,FALSE,FALSE,FALSE,FALSE,FALSE,FALSE
1373,"champdepraz",0.0186518358443983,-0.816828067062307,0.565077210249448,0.190904462922111,FALSE,FALSE,FALSE,FALSE,FALSE,FALSE
1374,"champdepraz",-0.385662972823203,-0.350613581287755,0.0161208213134227,0.336670626166638,FALSE,FALSE,FALSE,FALSE,FALSE,FALSE
1375,"champorcher",0.167390518059788,0.344389544124237,0.938910571864924,0.635330052604785,TRUE,FALSE,FALSE,FALSE,FALSE,FALSE
1376,"champorcher",-0.0578916178433584,0.794845443743194,0.264720855251994,0.789750551501782,FALSE,FALSE,FALSE,FALSE,FALSE,FALSE
1377,"champorcher",-0.0540349338841306,0.813784898749593,0.276938740879009,0.794671644323774,FALSE,FALSE,FALSE,FALSE,FALSE,FALSE
1378,"champorcher",-0.381780134346149,-0.741163611814741,0.0164602070252842,0.209910062786357,FALSE,FALSE,FALSE,FALSE,FALSE,FALSE
1379,"champorcher",0.0689035905559017,-1.1896863618743,0.752418123197013,0.113863906329544,FALSE,FALSE,FALSE,FALSE,FALSE,FALSE
1380,"champorcher",0.0639014909949154,0.577097864439442,0.735448837603937,0.722212794841337,FALSE,FALSE,FALSE,FALSE,FALSE,FALSE
1381,"champorcher",0.138298157773537,0.289988474796572,0.906159850670287,0.612760902765994,TRUE,FALSE,FALSE,FALSE,FALSE,FALSE
1382,"champorcher",0.159849314511646,0.363703965655567,0.930425929068386,0.644493466825047,TRUE,FALSE,FALSE,FALSE,FALSE,FALSE
1383,"champorcher",-0.139272612701134,0.242553892156715,0.0987612421517054,0.590361445783133,FALSE,FALSE,FALSE,FALSE,FALSE,FALSE
1384,"champorcher",0.0894988889882722,-0.902624703960452,0.811301544204989,0.166468691668081,FALSE,FALSE,FALSE,FALSE,FALSE,FALSE
1385,"champorcher",-0.101905090536556,-0.84748060370694,0.152723570337689,0.181062277278127,FALSE,FALSE,FALSE,FALSE,FALSE,FALSE
1386,"champorcher",0.170000878051164,0.696657455731565,0.940437807568301,0.762599694552859,TRUE,FALSE,FALSE,FALSE,FALSE,FALSE
1387,"champorcher",0.152629394555436,1.60188880220592,0.923298829119294,0.95112845749194,TRUE,TRUE,TRUE,FALSE,TRUE,FALSE
1388,"champorcher",-0.0233842614499018,1.69427501463145,0.389105718649245,0.961988800271509,FALSE,TRUE,FALSE,FALSE,TRUE,FALSE
1389,"champorcher",-0.352949892754514,1.08639593583447,0.0184965212964534,0.861530629560496,FALSE,FALSE,FALSE,FALSE,FALSE,FALSE
1390,"champorcher",-0.161207982518263,-1.12139131950611,0.0804344137111828,0.125403020532836,FALSE,FALSE,FALSE,FALSE,FALSE,FALSE
1391,"champorcher",0.219552839004061,-1.31731909804246,0.965552350246055,0.0960461564568132,TRUE,FALSE,FALSE,TRUE,FALSE,FALSE
1392,"champorcher",0.0606040062578561,0.0992284707001232,0.721364330561683,0.531987103342949,FALSE,FALSE,FALSE,FALSE,FALSE,FALSE
1393,"champorcher",0.100698350176762,0.432379312766692,0.840828101136942,0.671983709485831,FALSE,FALSE,FALSE,FALSE,FALSE,FALSE
1394,"champorcher",0.14595628407913,1.15564739803175,0.916511114882063,0.877312065162057,TRUE,FALSE,FALSE,FALSE,FALSE,FALSE
1395,"champorcher",-0.224045269420571,0.674999175065808,0.0468352282368912,0.756321058883421,FALSE,FALSE,FALSE,FALSE,FALSE,FALSE
1396,"champorcher",0.162929228874525,-0.249458777475531,0.933819786187002,0.377905990157814,TRUE,FALSE,FALSE,FALSE,FALSE,FALSE
1397,"champorcher",-0.0994542488836405,-0.559816515791415,0.158832513151196,0.259799762430002,FALSE,FALSE,FALSE,FALSE,FALSE,FALSE
1398,"champorcher",0.177322564155547,-1.84852725957081,0.945358900390294,0.0453079925335143,TRUE,FALSE,FALSE,FALSE,FALSE,FALSE
1399,"champorcher",-0.222202522395756,-1.81160163084348,0.0480230782284066,0.0466655353809605,FALSE,FALSE,FALSE,FALSE,FALSE,FALSE
1400,"champorcher",-0.335988636719742,-1.13835398535419,0.0210419141354149,0.122857627693874,FALSE,FALSE,FALSE,FALSE,FALSE,FALSE
1401,"champorcher",0.00891563509008186,-1.05760975360167,0.524520617681996,0.137790599015781,FALSE,FALSE,FALSE,FALSE,FALSE,FALSE
1402,"champorcher",0.0544214479694762,-1.57225822141659,0.699473952146615,0.0690649923638215,FALSE,FALSE,FALSE,FALSE,FALSE,FALSE
1403,"champorcher",0.133529951429784,-1.00166543098606,0.90022060071271,0.145426777532666,TRUE,FALSE,FALSE,FALSE,FALSE,FALSE
1404,"champorcher",0.0422056042238719,-0.251676575049786,0.655353809604616,0.376718140166299,FALSE,FALSE,FALSE,FALSE,FALSE,FALSE
1405,"champorcher",0.0361987951381035,0.244884523710755,0.634311895469201,0.59205837434244,FALSE,FALSE,FALSE,FALSE,FALSE,FALSE
1406,"champorcher",0.174310499551536,0.419564113991597,0.943322586119124,0.666214152384185,TRUE,FALSE,FALSE,FALSE,FALSE,FALSE
1407,"champorcher",-0.255695462887434,0.143598316305246,0.0375021211606991,0.549635160359749,FALSE,FALSE,FALSE,FALSE,FALSE,FALSE
1408,"champorcher",-0.030221956710351,-0.0224080585011527,0.363312404547769,0.478194468012897,FALSE,FALSE,FALSE,FALSE,FALSE,FALSE
1409,"champorcher",0.168391244209184,-0.316701384231114,0.939589343288648,0.349227897505515,TRUE,FALSE,FALSE,FALSE,FALSE,FALSE
1410,"champorcher",0.262395879084719,1.32347221015404,0.974376378754454,0.909384014932971,TRUE,TRUE,TRUE,TRUE,FALSE,FALSE
1411,"champorcher",0.264440388523933,-0.15389974555596,0.974715764466316,0.42134736127609,TRUE,FALSE,FALSE,TRUE,FALSE,FALSE
1412,"champorcher",0.177247481924189,-0.00428674272558734,0.945189207534363,0.48549126081792,TRUE,FALSE,FALSE,FALSE,FALSE,FALSE
1413,"champorcher",0.114020883548349,-0.0813910276179221,0.870524350924826,0.453419311047005,FALSE,FALSE,FALSE,FALSE,FALSE,FALSE
1414,"champorcher",-0.333039359127232,-0.174308920716881,0.0215509927032072,0.411844561343967,FALSE,FALSE,FALSE,FALSE,FALSE,FALSE
1415,"champorcher",-0.0298040738713006,0.491203004936481,0.365688104530799,0.69183777362973,FALSE,FALSE,FALSE,FALSE,FALSE,FALSE
1416,"champorcher",-0.0486240194900276,-0.203179861360486,0.295435262175462,0.40132360427626,FALSE,FALSE,FALSE,FALSE,FALSE,FALSE
1417,"champorcher",-0.0451749316790835,0.194315831609596,0.30816222637027,0.56982861021551,FALSE,FALSE,FALSE,FALSE,FALSE,FALSE
1418,"champorcher",-0.0618061720792813,-0.16685812035513,0.25284235533684,0.415917189886306,FALSE,FALSE,FALSE,FALSE,FALSE,FALSE
1419,"champorcher",-0.115500792226136,-0.549384590866266,0.12862718479552,0.264381469540132,FALSE,FALSE,FALSE,FALSE,FALSE,FALSE
1420,"champorcher",-0.00818967561080086,0.432537305668987,0.451892075343628,0.672153402341761,FALSE,FALSE,FALSE,FALSE,FALSE,FALSE
1421,"champorcher",0.04056780276815,-0.608810027494955,0.649244866791108,0.246563719667402,FALSE,FALSE,FALSE,FALSE,FALSE,FALSE
1422,"champorcher",0.148135528852968,0.738211696786064,0.91803835058544,0.772950958764636,TRUE,FALSE,FALSE,FALSE,FALSE,FALSE
1423,"champorcher",0.0568854276018875,0.558027476792206,0.707449516375361,0.715085694892245,FALSE,FALSE,FALSE,FALSE,FALSE,FALSE
1424,"champorcher",-0.164557352077138,0.750803031969724,0.0785677922959443,0.77821143729849,FALSE,FALSE,FALSE,FALSE,FALSE,FALSE
1425,"champorcher",-0.095478428104034,0.0736275626607859,0.166468691668081,0.518072289156627,FALSE,FALSE,FALSE,FALSE,FALSE,FALSE
1426,"champorcher",-0.267685705412037,0.442246474703155,0.0341082640420838,0.676395723740031,FALSE,FALSE,FALSE,FALSE,FALSE,FALSE
1427,"champorcher",0.0440744306977656,-0.111997597433374,0.661802138129985,0.440692346852198,FALSE,FALSE,FALSE,FALSE,FALSE,FALSE
1428,"champorcher",0.0607458287258549,-0.165080181488518,0.722552180553199,0.417953504157475,FALSE,FALSE,FALSE,FALSE,FALSE,FALSE
1429,"champorcher",0.166129047786884,0.353565201319795,0.937722721873409,0.639572374003054,TRUE,FALSE,FALSE,FALSE,FALSE,FALSE
1430,"champorcher",0.213274223718836,0.125707623580023,0.96453419311047,0.541320210419141,TRUE,FALSE,FALSE,TRUE,FALSE,FALSE
1431,"champorcher",-0.0860080994236139,-0.0289453059939504,0.187171220091634,0.474291532326489,FALSE,FALSE,FALSE,FALSE,FALSE,FALSE
1432,"champorcher",0.0610663197157439,0.0564460254014282,0.723909723400645,0.510436110639742,FALSE,FALSE,FALSE,FALSE,FALSE,FALSE
1433,"champorcher",-0.0226473480939404,-1.1453368125166,0.39249957576786,0.121500084846428,FALSE,FALSE,FALSE,FALSE,FALSE,FALSE
1434,"champorcher",0.0961463162334333,0.908781385347831,0.828101136942135,0.816562022738843,FALSE,FALSE,FALSE,FALSE,FALSE,FALSE
1435,"champorcher",0.130045953803387,0.574770499264917,0.894790429322926,0.721873409129476,FALSE,FALSE,FALSE,FALSE,FALSE,FALSE
1436,"champorcher",-0.148046317136204,0.524815530536918,0.0901069064992364,0.704395044968607,FALSE,FALSE,FALSE,FALSE,FALSE,FALSE
1437,"champorcher",0.161043627446931,0.0341639538045001,0.931953164771763,0.501612082131342,TRUE,FALSE,FALSE,FALSE,FALSE,FALSE
1438,"champorcher",-0.306190673623744,0.00568379778575847,0.0263023926692686,0.490412353639912,FALSE,FALSE,FALSE,FALSE,FALSE,FALSE
1439,"champorcher",0.0348432230586635,-0.474439142745028,0.630069574070932,0.293059562192432,FALSE,FALSE,FALSE,FALSE,FALSE,FALSE
1440,"champorcher",0.0178784810126729,-0.201859288349324,0.561513660274902,0.401832682844052,FALSE,FALSE,FALSE,FALSE,FALSE,FALSE
1441,"champorcher",0.0605348500472154,0.213370092083628,0.721194637705753,0.576616324452741,FALSE,FALSE,FALSE,FALSE,FALSE,FALSE
1442,"champorcher",0.182644485958335,0.386735318217743,0.949601221788563,0.652808416765654,TRUE,FALSE,FALSE,FALSE,FALSE,FALSE
1443,"champorcher",-0.11862386969463,-0.189515608308865,0.124045477685389,0.406244697098252,FALSE,FALSE,FALSE,FALSE,FALSE,FALSE
1444,"champorcher",0.0452964087812227,-0.132371232555739,0.666214152384185,0.432716782623452,FALSE,FALSE,FALSE,FALSE,FALSE,FALSE
1445,"champorcher",-0.176839761771513,0.347576525152592,0.0719497709146445,0.636517902596301,FALSE,FALSE,FALSE,FALSE,FALSE,FALSE
1446,"champorcher",0.235859901031953,0.724788204987913,0.969285593076532,0.770744951637536,TRUE,FALSE,FALSE,TRUE,FALSE,FALSE
1447,"champorcher",0.190424523229124,0.0266470901635384,0.95571016460207,0.498727303580519,TRUE,FALSE,FALSE,TRUE,FALSE,FALSE
1448,"champorcher",0.0747008168852918,0.160933150229866,0.769217715934159,0.556253181741049,FALSE,FALSE,FALSE,FALSE,FALSE,FALSE
1449,"champorcher",0.226443035307474,0.340548089657623,0.967249278805362,0.633972509757339,TRUE,FALSE,FALSE,TRUE,FALSE,FALSE
1450,"champorcher",-0.309170162881644,-0.140408496290031,0.025284235533684,0.428304768369252,FALSE,FALSE,FALSE,FALSE,FALSE,FALSE
1451,"champorcher",0.110106746044341,0.0835349945601236,0.860851858136772,0.522144917698965,FALSE,FALSE,FALSE,FALSE,FALSE,FALSE
1452,"champorcher",0.112956146959462,0.515353264965555,0.86916680807738,0.701001187849992,FALSE,FALSE,FALSE,FALSE,FALSE,FALSE
1453,"champorcher",0.155173638434313,0.0209582179044083,0.925335143390463,0.496181910741558,TRUE,FALSE,FALSE,FALSE,FALSE,FALSE
1454,"champorcher",0.234750828198544,-0.0550338430088082,0.968776514508739,0.463600882402851,TRUE,FALSE,FALSE,TRUE,FALSE,FALSE
1455,"champorcher",-0.286097967411704,-0.2325474250596,0.0308840997793993,0.38571186153063,FALSE,FALSE,FALSE,FALSE,FALSE,FALSE
1456,"charvensod",0.0230889706769748,-0.674043171413079,0.58085864585101,0.226539962667572,FALSE,FALSE,FALSE,FALSE,FALSE,FALSE
1457,"charvensod",-0.0180032745567118,-0.294248047960206,0.410656711352452,0.357373154590192,FALSE,FALSE,FALSE,FALSE,FALSE,FALSE
1458,"charvensod",0.0248112955406903,-0.00991933297950145,0.587985745800102,0.482945867978958,FALSE,FALSE,FALSE,FALSE,FALSE,FALSE
1459,"charvensod",0.0168607316063643,0.225796810345328,0.555404717461395,0.582555574410317,FALSE,FALSE,FALSE,FALSE,FALSE,FALSE
1460,"charvensod",0.0773499155847013,-0.032865344619525,0.778720515866282,0.47225521805532,FALSE,FALSE,FALSE,FALSE,FALSE,FALSE
1461,"charvensod",-0.0169997594754498,-0.287513875600353,0.41455964703886,0.360257933141015,FALSE,FALSE,FALSE,FALSE,FALSE,FALSE
1462,"charvensod",-0.00829428800876109,-0.632846173413248,0.451552689631766,0.23943661971831,FALSE,FALSE,FALSE,FALSE,FALSE,FALSE
1463,"charvensod",-0.00498026550796205,-0.605433278703995,0.466146275241812,0.247242491091125,FALSE,FALSE,FALSE,FALSE,FALSE,FALSE
1464,"charvensod",0.0938449940362887,0.0934209035568274,0.822840658408281,0.528932631936195,FALSE,FALSE,FALSE,FALSE,FALSE,FALSE
1465,"charvensod",0.0971639682888661,0.253593247783853,0.829628372645512,0.596640081452571,FALSE,FALSE,FALSE,FALSE,FALSE,FALSE
1466,"charvensod",-0.0716983118308789,0.076966859980386,0.223315798404887,0.519090446292211,FALSE,FALSE,FALSE,FALSE,FALSE,FALSE
1467,"charvensod",-0.0919072552292963,0.332712401557072,0.17512302732055,0.631766502630239,FALSE,FALSE,FALSE,FALSE,FALSE,FALSE
1468,"charvensod",0.021584687824145,0.849751208994596,0.576955710164602,0.803495672832174,FALSE,FALSE,FALSE,FALSE,FALSE,FALSE
1469,"charvensod",-0.0491505329013062,0.920212841108051,0.293059562192432,0.819616494145596,FALSE,FALSE,FALSE,FALSE,FALSE,FALSE
1470,"charvensod",0.0381006640709494,0.364461299930705,0.641778381130154,0.644832852536908,FALSE,FALSE,FALSE,FALSE,FALSE,FALSE
1471,"charvensod",-0.0161652338104759,-1.95634131441888,0.417444425589683,0.0378415068725607,FALSE,FALSE,FALSE,FALSE,FALSE,FALSE
1472,"charvensod",0.137363547594576,-0.505316129547641,0.90463261496691,0.280671983709486,TRUE,FALSE,FALSE,FALSE,FALSE,FALSE
1473,"charvensod",-0.0140502839576815,-0.161592308832923,0.425929068386221,0.418801968437129,FALSE,FALSE,FALSE,FALSE,FALSE,FALSE
1474,"charvensod",-0.0250941009819847,0.444317436256521,0.38350585440353,0.677753266587477,FALSE,FALSE,FALSE,FALSE,FALSE,FALSE
1475,"charvensod",-0.00565962747065818,0.58803483643126,0.463940268114712,0.725946037671814,FALSE,FALSE,FALSE,FALSE,FALSE,FALSE
1476,"charvensod",0.105010370216752,0.939726657789516,0.851179365348719,0.82487697267945,FALSE,FALSE,FALSE,FALSE,FALSE,FALSE
1477,"charvensod",0.119184641978494,0.958346016551294,0.879178686577295,0.830476836925165,FALSE,FALSE,FALSE,FALSE,FALSE,FALSE
1478,"charvensod",-0.0999870128047995,-0.315187069814833,0.157135584591889,0.349567283217377,FALSE,FALSE,FALSE,FALSE,FALSE,FALSE
1479,"charvensod",0.00378563658629538,-1.26162256918956,0.502969624978788,0.103342949261836,FALSE,FALSE,FALSE,FALSE,FALSE,FALSE
1480,"charvensod",-0.00595005374567137,-1.7449100603267,0.462413032411335,0.0522653996266757,FALSE,FALSE,FALSE,FALSE,FALSE,FALSE
1481,"charvensod",-0.0371726871938272,-0.861316806624958,0.334464619039538,0.178516884439165,FALSE,FALSE,FALSE,FALSE,FALSE,FALSE
1482,"charvensod",0.0638947865990733,-0.442428809882831,0.735279144748006,0.304428983539793,FALSE,FALSE,FALSE,FALSE,FALSE,FALSE
1483,"charvensod",0.039118922195188,-0.242103060095593,0.645002545392839,0.380790768708637,FALSE,FALSE,FALSE,FALSE,FALSE,FALSE
1484,"charvensod",0.0668468568969391,-0.223974352847156,0.745291023247921,0.391142032920414,FALSE,FALSE,FALSE,FALSE,FALSE,FALSE
1485,"charvensod",-0.0686238267476789,-0.0611743743535306,0.232479212625148,0.460885796707959,FALSE,FALSE,FALSE,FALSE,FALSE,FALSE
1486,"charvensod",-0.131039665693205,0.213405122017705,0.106736806380451,0.576786017308671,FALSE,FALSE,FALSE,FALSE,FALSE,FALSE
1487,"charvensod",-0.0747364436181854,0.27439315251618,0.214152384184626,0.605803495672832,FALSE,FALSE,FALSE,FALSE,FALSE,FALSE
1488,"charvensod",0.0363837770299522,0.476208724437974,0.634651281181062,0.688104530799253,FALSE,FALSE,FALSE,FALSE,FALSE,FALSE
1489,"charvensod",0.030620971009272,0.772506841087078,0.613439674189717,0.784150687256067,FALSE,FALSE,FALSE,FALSE,FALSE,FALSE
1490,"charvensod",-0.0651538864039374,1.01440255501894,0.242830476836925,0.841846258272527,FALSE,FALSE,FALSE,FALSE,FALSE,FALSE
1491,"charvensod",-0.072846249457923,0.921357053270931,0.220600712709995,0.82029526556932,FALSE,FALSE,FALSE,FALSE,FALSE,FALSE
1492,"charvensod",-0.0281828390969796,-0.0366249284924163,0.371797047344307,0.470218903784151,FALSE,FALSE,FALSE,FALSE,FALSE,FALSE
1493,"charvensod",-0.0248570152136995,-0.00798239881586987,0.384014932971322,0.483794332258612,FALSE,FALSE,FALSE,FALSE,FALSE,FALSE
1494,"charvensod",0.0863222215654496,0.176833910413244,0.804513829967758,0.564398438825725,FALSE,FALSE,FALSE,FALSE,FALSE,FALSE
1495,"charvensod",-0.0608393178603759,1.02341584229572,0.256405905311386,0.844391651111488,FALSE,FALSE,FALSE,FALSE,FALSE,FALSE
1496,"charvensod",0.0898556169875935,1.20831293463833,0.812659087052435,0.887323943661972,FALSE,FALSE,FALSE,FALSE,FALSE,FALSE
1497,"charvensod",-0.0326412888710355,0.285478128265848,0.353130833191923,0.609876124215171,FALSE,FALSE,FALSE,FALSE,FALSE,FALSE
1498,"charvensod",-0.0417002955559411,-0.107825307865791,0.319531647717631,0.442728661123367,FALSE,FALSE,FALSE,FALSE,FALSE,FALSE
1499,"charvensod",-0.00604011785324055,-0.279409001506855,0.462243339555405,0.364839640251145,FALSE,FALSE,FALSE,FALSE,FALSE,FALSE
1500,"charvensod",0.0911397475929867,-0.164745835620838,0.81605294417105,0.418292889869336,FALSE,FALSE,FALSE,FALSE,FALSE,FALSE
1501,"charvensod",0.0195773500940373,0.84151949065728,0.569319531647718,0.802307822840658,FALSE,FALSE,FALSE,FALSE,FALSE,FALSE
1502,"charvensod",-0.0942436728197809,0.148443988481678,0.169014084507042,0.551332088919056,FALSE,FALSE,FALSE,FALSE,FALSE,FALSE
1503,"charvensod",-0.0640175915939984,0.60830774599568,0.247921262514848,0.734260987612422,FALSE,FALSE,FALSE,FALSE,FALSE,FALSE
1504,"charvensod",-0.0661455849230492,-0.130846469439031,0.238927541150518,0.433225861191244,FALSE,FALSE,FALSE,FALSE,FALSE,FALSE
1505,"charvensod",-0.0337385481792047,0.0223085176939726,0.349567283217377,0.496521296453419,FALSE,FALSE,FALSE,FALSE,FALSE,FALSE
1506,"charvensod",0.0569856448318742,0.172477548580257,0.707958594943153,0.562192431698626,FALSE,FALSE,FALSE,FALSE,FALSE,FALSE
1507,"charvensod",-0.0807822434679917,0.76627734902001,0.199219412862718,0.78279314440862,FALSE,FALSE,FALSE,FALSE,FALSE,FALSE
1508,"charvensod",0.0285056944416819,0.833960567337951,0.603936874257594,0.80044120142542,FALSE,FALSE,FALSE,FALSE,FALSE,FALSE
1509,"charvensod",-0.0704916554775128,0.251186595287064,0.226879348379433,0.595112845749194,FALSE,FALSE,FALSE,FALSE,FALSE,FALSE
1510,"charvensod",-0.0701628829113439,-0.168833981344025,0.228067198370949,0.41472933989479,FALSE,FALSE,FALSE,FALSE,FALSE,FALSE
1511,"charvensod",-0.0572687278691095,-0.32385956274663,0.266926862379094,0.34600373324283,FALSE,FALSE,FALSE,FALSE,FALSE,FALSE
1512,"charvensod",0.0767615523866017,0.333374348224162,0.77600543017139,0.632275581198032,FALSE,FALSE,FALSE,FALSE,FALSE,FALSE
1513,"charvensod",0.0574187512764208,0.715960416618685,0.709316137790599,0.767520787374852,FALSE,FALSE,FALSE,FALSE,FALSE,FALSE
1514,"charvensod",-0.0765205589540106,0.286510014580249,0.210249448498218,0.610894281350755,FALSE,FALSE,FALSE,FALSE,FALSE,FALSE
1515,"charvensod",-0.128184633341737,0.665059753605666,0.109451892075344,0.753266587476667,FALSE,FALSE,FALSE,FALSE,FALSE,FALSE
1516,"charvensod",-0.0205929577978203,0.282758814886615,0.40132360427626,0.608688274223655,FALSE,FALSE,FALSE,FALSE,FALSE,FALSE
1517,"charvensod",-0.0211181828544724,0.270165434604036,0.398778211437298,0.604615645681317,FALSE,FALSE,FALSE,FALSE,FALSE,FALSE
1518,"charvensod",-0.0124116163913595,0.473851627464246,0.43237739691159,0.687256066519599,FALSE,FALSE,FALSE,FALSE,FALSE,FALSE
1519,"charvensod",-0.017050898043049,0.896518033131264,0.414389954182929,0.81367724418802,FALSE,FALSE,FALSE,FALSE,FALSE,FALSE
1520,"charvensod",0.0770273293032595,0.808590883697904,0.777702358730697,0.792974715764466,FALSE,FALSE,FALSE,FALSE,FALSE,FALSE
1521,"charvensod",-0.0822519873998093,0.079671433460061,0.195316477176311,0.520108603427796,FALSE,FALSE,FALSE,FALSE,FALSE,FALSE
1522,"charvensod",-0.0541910886864034,-0.186412421605314,0.276259969455286,0.407093161377906,FALSE,FALSE,FALSE,FALSE,FALSE,FALSE
1523,"charvensod",-0.0390372874277585,0.0385577771087007,0.329204140505685,0.503139317834719,FALSE,FALSE,FALSE,FALSE,FALSE,FALSE
1524,"charvensod",0.0780705605412617,-0.0650015608565609,0.78041744442559,0.45901917529272,FALSE,FALSE,FALSE,FALSE,FALSE,FALSE
1525,"charvensod",0.0537529647353381,0.464233469059554,0.697267945019515,0.684371287968777,FALSE,FALSE,FALSE,FALSE,FALSE,FALSE
1526,"charvensod",-0.119360126413193,0.497350620633168,0.122518241982013,0.694552859324622,FALSE,FALSE,FALSE,FALSE,FALSE,FALSE
1527,"charvensod",-0.100313489505865,0.707443356472906,0.156626506024096,0.765484473103682,FALSE,FALSE,FALSE,FALSE,FALSE,FALSE
1528,"charvensod",0.0769987411721988,0.147884068216283,0.777532665874767,0.551162396063126,FALSE,FALSE,FALSE,FALSE,FALSE,FALSE
1529,"charvensod",0.0500956950345106,0.226900121501552,0.681147123706092,0.582894960122179,FALSE,FALSE,FALSE,FALSE,FALSE,FALSE
1530,"charvensod",0.0634006304616612,0.466082575904573,0.733242830476837,0.68521975224843,FALSE,FALSE,FALSE,FALSE,FALSE,FALSE
1531,"charvensod",-0.013927066938507,0.789786362799282,0.426438146954013,0.789071780078059,FALSE,FALSE,FALSE,FALSE,FALSE,FALSE
1532,"charvensod",0.0450430659003729,0.954897049089296,0.665535380960462,0.829628372645512,FALSE,FALSE,FALSE,FALSE,FALSE,FALSE
1533,"charvensod",0.0277239312433206,0.421591826617556,0.601561174274563,0.667232309519769,FALSE,FALSE,FALSE,FALSE,FALSE,FALSE
1534,"charvensod",-0.0081391442844172,-0.400076616131301,0.45240115391142,0.318683183437977,FALSE,FALSE,FALSE,FALSE,FALSE,FALSE
1535,"charvensod",-0.0159557601593878,-0.197147613161044,0.418632275581198,0.403868997115221,FALSE,FALSE,FALSE,FALSE,FALSE,FALSE
1536,"charvensod",-0.313708998391052,0.0745128580022869,0.0247751569658917,0.518241982012557,FALSE,FALSE,FALSE,FALSE,FALSE,FALSE
1537,"chatillon",-0.00939192072717887,0.0402298172616212,0.446461903953844,0.504496860682165,FALSE,FALSE,FALSE,FALSE,FALSE,FALSE
1538,"chatillon",-0.058692352636438,0.263724826175058,0.262514848124894,0.601052095706771,FALSE,FALSE,FALSE,FALSE,FALSE,FALSE
1539,"chatillon",0.00971625388441666,0.747490959490844,0.527575089088749,0.777193280162905,FALSE,FALSE,FALSE,FALSE,FALSE,FALSE
1540,"chatillon",-0.0287242546896014,1.12771041051895,0.369930425929068,0.871881893772272,FALSE,FALSE,FALSE,FALSE,FALSE,FALSE
1541,"chatillon",0.0252664554945561,0.740992061949374,0.58985236721534,0.774308501612082,FALSE,FALSE,FALSE,FALSE,FALSE,FALSE
1542,"chatillon",-0.111609411781807,0.443827320231354,0.134227049041235,0.677074495163754,FALSE,FALSE,FALSE,FALSE,FALSE,FALSE
1543,"chatillon",-0.0925391066973003,-0.111610175495568,0.173426098761242,0.441031732564059,FALSE,FALSE,FALSE,FALSE,FALSE,FALSE
1544,"chatillon",-0.0856365754804678,0.0675297326197699,0.187680298659426,0.516375360597319,FALSE,FALSE,FALSE,FALSE,FALSE,FALSE
1545,"chatillon",0.0481312962302436,0.291107744162717,0.676056338028169,0.613779059901578,FALSE,FALSE,FALSE,FALSE,FALSE,FALSE
1546,"chatillon",0.0223463583400907,0.566529809855632,0.579331410147633,0.718140166298999,FALSE,FALSE,FALSE,FALSE,FALSE,FALSE
1547,"chatillon",-0.110674093922281,0.434394911255172,0.136263363312405,0.672832173765484,FALSE,FALSE,FALSE,FALSE,FALSE,FALSE
1548,"chatillon",-0.108979502231946,0.70337564634386,0.138978449007297,0.764126930256236,FALSE,FALSE,FALSE,FALSE,FALSE,FALSE
1549,"chatillon",0.0246769079530385,1.30850757333546,0.586628202952656,0.905481079246564,FALSE,TRUE,FALSE,FALSE,FALSE,FALSE
1550,"chatillon",-0.0361263954102657,1.25951656764232,0.339046326149669,0.896657050738164,FALSE,FALSE,FALSE,FALSE,FALSE,FALSE
1551,"chatillon",-0.0303236159938027,0.599267902457698,0.362803325979976,0.730358051926014,FALSE,FALSE,FALSE,FALSE,FALSE,FALSE
1552,"chatillon",-0.0571187756231097,-2.15734624589951,0.267605633802817,0.0264720855251994,FALSE,FALSE,FALSE,FALSE,FALSE,FALSE
1553,"chatillon",0.0694958833902231,-1.31524518461697,0.75394535890039,0.0963855421686747,FALSE,FALSE,FALSE,FALSE,FALSE,FALSE
1554,"chatillon",-0.0582904788637144,0.321477018029136,0.263702698116409,0.625996945528593,FALSE,FALSE,FALSE,FALSE,FALSE,FALSE
1555,"chatillon",-0.0393931208072953,0.611747920898884,0.327507211946377,0.734770066180214,FALSE,FALSE,FALSE,FALSE,FALSE,FALSE
1556,"chatillon",-0.0862576438405203,0.741065133393456,0.18632275581198,0.774478194468013,FALSE,FALSE,FALSE,FALSE,FALSE,FALSE
1557,"chatillon",0.129309295079764,1.07975014576787,0.893432886475479,0.859494315289326,FALSE,FALSE,FALSE,FALSE,FALSE,FALSE
1558,"chatillon",0.0721402171113024,1.01660995528885,0.761072458849482,0.843034108264042,FALSE,FALSE,FALSE,FALSE,FALSE,FALSE
1559,"chatillon",-0.141249220090437,0.327840293112546,0.0972340064483285,0.629390802647209,FALSE,FALSE,FALSE,FALSE,FALSE,FALSE
1560,"chatillon",0.00386605281416408,-0.377700577917459,0.503648396402511,0.326149669098931,FALSE,FALSE,FALSE,FALSE,FALSE,FALSE
1561,"chatillon",0.564567991028614,-0.894384743676212,0.996266757169523,0.168674698795181,TRUE,FALSE,FALSE,TRUE,FALSE,FALSE
1562,"chatillon",0.200042260404858,-0.0215188329777395,0.960800950279993,0.478703546580689,TRUE,FALSE,FALSE,TRUE,FALSE,FALSE
1563,"chatillon",0.091509128406738,0.220726064168261,0.817071101306635,0.580179874427287,FALSE,FALSE,FALSE,FALSE,FALSE,FALSE
1564,"chatillon",-0.0540441304940309,0.834880105868768,0.276769048023078,0.800780587137282,FALSE,FALSE,FALSE,FALSE,FALSE,FALSE
1565,"chatillon",-0.0877036535935609,0.423448188711619,0.182589512981503,0.668250466655354,FALSE,FALSE,FALSE,FALSE,FALSE,FALSE
1566,"chatillon",-0.0686133563471767,0.335458742203795,0.232648905481079,0.632784659765824,FALSE,FALSE,FALSE,FALSE,FALSE,FALSE
1567,"chatillon",0.0995483564963298,0.823080956092044,0.836925165450535,0.796538265739012,FALSE,FALSE,FALSE,FALSE,FALSE,FALSE
1568,"chatillon",0.0435360711630786,1.19316873476434,0.659256745291023,0.883930086543356,FALSE,FALSE,FALSE,FALSE,FALSE,FALSE
1569,"chatillon",-0.0916230061899803,0.923363494620551,0.176310877312065,0.820634651281181,FALSE,FALSE,FALSE,FALSE,FALSE,FALSE
1570,"chatillon",-0.0775659548794252,1.40334729115092,0.206855591379603,0.923298829119294,FALSE,TRUE,FALSE,FALSE,FALSE,FALSE
1571,"chatillon",-0.202484441207638,0.188527556401305,0.0580349567283217,0.567961988800271,FALSE,FALSE,FALSE,FALSE,FALSE,FALSE
1572,"chatillon",-0.235820275204167,0.143701016914913,0.0429322925504836,0.54980485321568,FALSE,FALSE,FALSE,FALSE,FALSE,FALSE
1573,"chatillon",-0.0529568774977722,0.966145731844653,0.279993212285763,0.832343458340404,FALSE,FALSE,FALSE,FALSE,FALSE,FALSE
1574,"chatillon",0.0348941812086334,1.33173362283284,0.630408959782793,0.911590022060071,FALSE,TRUE,FALSE,FALSE,FALSE,FALSE
1575,"chatillon",-0.0721333018714372,0.485469575749342,0.222297641269303,0.690310537926353,FALSE,FALSE,FALSE,FALSE,FALSE,FALSE
1576,"chatillon",-0.073822947720215,0.165448296377993,0.21737654844731,0.558119803156287,FALSE,FALSE,FALSE,FALSE,FALSE,FALSE
1577,"chatillon",-0.0581616132592924,0.0171347677187347,0.264381469540132,0.494654675038181,FALSE,FALSE,FALSE,FALSE,FALSE,FALSE
1578,"chatillon",0.0857132038154536,0.0606790425287801,0.803156287120312,0.513320889190565,FALSE,FALSE,FALSE,FALSE,FALSE,FALSE
1579,"chatillon",-0.00220120582442007,0.980239462684366,0.478364160868827,0.836755472594604,FALSE,FALSE,FALSE,FALSE,FALSE,FALSE
1580,"chatillon",-0.112357443308584,0.210247332643533,0.132869506193789,0.575598167317156,FALSE,FALSE,FALSE,FALSE,FALSE,FALSE
1581,"chatillon",-0.0741912556812885,0.642234358114805,0.215849312743933,0.747666723230952,FALSE,FALSE,FALSE,FALSE,FALSE,FALSE
1582,"chatillon",0.000887309338974518,0.313244224605949,0.49007296792805,0.622094009842186,FALSE,FALSE,FALSE,FALSE,FALSE,FALSE
1583,"chatillon",-0.0252617874496242,0.429634348499064,0.381639232988291,0.670965552350246,FALSE,FALSE,FALSE,FALSE,FALSE,FALSE
1584,"chatillon",0.0585653148075806,0.483667218338866,0.713049380621076,0.68963176650263,FALSE,FALSE,FALSE,FALSE,FALSE,FALSE
1585,"chatillon",-0.0519626035804421,1.10250305602777,0.284065840828101,0.866282029526557,FALSE,FALSE,FALSE,FALSE,FALSE,FALSE
1586,"chatillon",0.0434620411491231,0.923565711169854,0.658747666723231,0.820974036993043,FALSE,FALSE,FALSE,FALSE,FALSE,FALSE
1587,"chatillon",0.151852848817876,0.423954498546588,0.921941286271848,0.668929238079077,TRUE,FALSE,FALSE,FALSE,FALSE,FALSE
1588,"chatillon",0.399522056301235,-0.136012938690582,0.989309350076362,0.430680468352282,TRUE,FALSE,FALSE,TRUE,FALSE,FALSE
1589,"chatillon",0.204540039355843,-0.320124469476724,0.961988800271509,0.347700661802138,TRUE,FALSE,FALSE,TRUE,FALSE,FALSE
1590,"chatillon",-0.0864288542268845,0.0672940783053979,0.185643984388257,0.516205667741388,FALSE,FALSE,FALSE,FALSE,FALSE,FALSE
1591,"chatillon",-0.105953826238348,0.600991872987338,0.145087391820804,0.731376209061599,FALSE,FALSE,FALSE,FALSE,FALSE,FALSE
1592,"chatillon",0.436759402519185,0.276058657518046,0.991345664347531,0.606651959952486,TRUE,FALSE,FALSE,TRUE,FALSE,FALSE
1593,"chatillon",-1.2244442112887,0.22143129532509,0.00101815713558459,0.580519260139148,FALSE,FALSE,FALSE,FALSE,FALSE,FALSE
1594,"chatillon",0.557550774375235,0.359090430033623,0.996097064313592,0.642796538265739,TRUE,FALSE,FALSE,TRUE,FALSE,FALSE
1595,"chatillon",-0.0372871664766361,1.0441291025469,0.334125233327677,0.849821822501273,FALSE,FALSE,FALSE,FALSE,FALSE,FALSE
1596,"chatillon",0.0378281443666371,0.63600089414992,0.640590531138639,0.74512133039199,FALSE,FALSE,FALSE,FALSE,FALSE,FALSE
1597,"chatillon",-0.172569211615786,0.00631738486046655,0.074495163753606,0.490582046495843,FALSE,FALSE,FALSE,FALSE,FALSE,FALSE
1598,"chatillon",-0.267014033049072,-0.307303476804018,0.0346173426098761,0.351942983200407,FALSE,FALSE,FALSE,FALSE,FALSE,FALSE
1599,"chatillon",-0.288339812933764,0.12481643514778,0.0302053283556762,0.540471746139488,FALSE,FALSE,FALSE,FALSE,FALSE,FALSE
1600,"chatillon",0.0611870477746272,0.383853079324344,0.724588494824368,0.65179025963007,FALSE,FALSE,FALSE,FALSE,FALSE,FALSE
1601,"chatillon",-0.0998139590509499,0.352945308314239,0.157814356015612,0.639232988291193,FALSE,FALSE,FALSE,FALSE,FALSE,FALSE
1602,"chatillon",-0.071578936035392,0.463316339686176,0.223485491260818,0.683862209400984,FALSE,FALSE,FALSE,FALSE,FALSE,FALSE
1603,"chatillon",-0.0353746954675387,0.0366921970220348,0.342270490412354,0.502630239266927,FALSE,FALSE,FALSE,FALSE,FALSE,FALSE
1604,"chatillon",0.436941037513067,0.244584363325089,0.991515357203462,0.591549295774648,TRUE,FALSE,FALSE,TRUE,FALSE,FALSE
1605,"chatillon",0.0943026688305526,0.427022729849568,0.824198201255727,0.669947395214662,FALSE,FALSE,FALSE,FALSE,FALSE,FALSE
1606,"chatillon",0.0208998546875137,0.761176825816391,0.573901238757848,0.781435601561174,FALSE,FALSE,FALSE,FALSE,FALSE,FALSE
1607,"chatillon",0.114230626307174,0.973952358587206,0.870863736636688,0.834888851179365,FALSE,FALSE,FALSE,FALSE,FALSE,FALSE
1608,"chatillon",0.0344444452237607,0.556566090128274,0.627693874087901,0.714746309180384,FALSE,FALSE,FALSE,FALSE,FALSE,FALSE
1609,"chatillon",0.0347367082365633,-0.427721277450607,0.629221109791278,0.309689462073647,FALSE,FALSE,FALSE,FALSE,FALSE,FALSE
1610,"chatillon",-0.00680873952012107,-0.444564886751011,0.45901917529272,0.303241133548278,FALSE,FALSE,FALSE,FALSE,FALSE,FALSE
1611,"chatillon",-0.0364156628506507,-0.224256777257781,0.337858476158154,0.390802647208553,FALSE,FALSE,FALSE,FALSE,FALSE,FALSE
1612,"cogne",0.0516715040864852,0.951767365690163,0.689292380790769,0.82928898693365,FALSE,FALSE,FALSE,FALSE,FALSE,FALSE
1613,"cogne",-0.0770417482458186,1.17313583254342,0.208213134227049,0.881384693704395,FALSE,FALSE,FALSE,FALSE,FALSE,FALSE
1614,"cogne",0.0348916424534806,1.37539714029855,0.630239266926862,0.918377736297302,FALSE,TRUE,FALSE,FALSE,FALSE,FALSE
1615,"cogne",-0.186323026511497,1.07445807795284,0.0661802138129985,0.857458001018157,FALSE,FALSE,FALSE,FALSE,FALSE,FALSE
1616,"cogne",0.0316837711552935,0.885287730921214,0.617512302732055,0.810453079925335,FALSE,FALSE,FALSE,FALSE,FALSE,FALSE
1617,"cogne",0.133073230768048,1.20399318445256,0.899372136433056,0.885796707958595,FALSE,FALSE,FALSE,FALSE,FALSE,FALSE
1618,"cogne",0.0832990366595538,0.83197649978403,0.794841337179705,0.799762430001697,FALSE,FALSE,FALSE,FALSE,FALSE,FALSE
1619,"cogne",0.0594381557487864,0.992275589581438,0.716612930595622,0.838961479721704,FALSE,FALSE,FALSE,FALSE,FALSE,FALSE
1620,"cogne",-0.0648310799558924,1.26685540906767,0.244018326828441,0.899032750721195,FALSE,FALSE,FALSE,FALSE,FALSE,FALSE
1621,"cogne",-0.124670696160781,1.15117288992479,0.115051756321059,0.876124215170541,FALSE,FALSE,FALSE,FALSE,FALSE,FALSE
1622,"cogne",-0.178871392773635,0.602334015014724,0.0699134566434753,0.732224673341252,FALSE,FALSE,FALSE,FALSE,FALSE,FALSE
1623,"cogne",0.164565466689165,1.62603835341274,0.936195486170032,0.95350415747497,TRUE,TRUE,TRUE,FALSE,TRUE,FALSE
1624,"cogne",0.0495839740884545,2.23660577608376,0.679280502290854,0.991854742915323,FALSE,TRUE,FALSE,FALSE,TRUE,FALSE
1625,"cogne",0.00369730635848597,2.10317158022128,0.502121160699135,0.9889699643645,FALSE,TRUE,FALSE,FALSE,TRUE,FALSE
1626,"cogne",-0.290804684996028,1.48802612050532,0.0295265569319532,0.936195486170032,FALSE,TRUE,FALSE,FALSE,FALSE,FALSE
1627,"cogne",-0.210412629036208,0.653698800391621,0.0536229424741218,0.750551501781775,FALSE,FALSE,FALSE,FALSE,FALSE,FALSE
1628,"cogne",0.0905788558364513,-2.09643033188783,0.814356015611743,0.0296962497878839,FALSE,FALSE,FALSE,FALSE,FALSE,FALSE
1629,"cogne",0.111739637903401,1.31998000850098,0.865433565246903,0.908196164941456,FALSE,TRUE,FALSE,FALSE,FALSE,FALSE
1630,"cogne",0.18431772784561,1.46326268157508,0.950279993212286,0.932292550483625,TRUE,TRUE,TRUE,TRUE,FALSE,FALSE
1631,"cogne",0.0716554451829587,1.54281801055128,0.759884608857967,0.944001357542847,FALSE,TRUE,FALSE,FALSE,FALSE,FALSE
1632,"cogne",-0.097347007578124,1.90613399575438,0.162396063125742,0.977939928729,FALSE,TRUE,FALSE,FALSE,TRUE,FALSE
1633,"cogne",-0.103956846843724,1.83216835637748,0.149160020363143,0.972170371627355,FALSE,TRUE,FALSE,FALSE,TRUE,FALSE
1634,"cogne",-0.200590843673051,-0.119197561594658,0.0592228067198371,0.436959104021721,FALSE,FALSE,FALSE,FALSE,FALSE,FALSE
1635,"cogne",0.158158412191693,-0.285877200928688,0.928898693365009,0.361615475988461,TRUE,FALSE,FALSE,FALSE,FALSE,FALSE
1636,"cogne",-0.220204913848738,-0.0387758501741473,0.0487018496521296,0.469370439504497,FALSE,FALSE,FALSE,FALSE,FALSE,FALSE
1637,"cogne",-0.261499429193126,0.971256521561177,0.0359748854573222,0.833531308331919,FALSE,FALSE,FALSE,FALSE,FALSE,FALSE
1638,"cogne",-0.0659633001607034,0.755393545261344,0.239606312574241,0.779059901578144,FALSE,FALSE,FALSE,FALSE,FALSE,FALSE
1639,"cogne",-0.0631640047741069,-0.461428082466977,0.249448498218225,0.296283726455116,FALSE,FALSE,FALSE,FALSE,FALSE,FALSE
1640,"cogne",0.161195869597316,0.613246241890303,0.932292550483625,0.735448837603937,TRUE,FALSE,FALSE,FALSE,FALSE,FALSE
1641,"cogne",0.204824239245346,1.51820833611352,0.962158493127439,0.941116578992024,TRUE,TRUE,TRUE,TRUE,FALSE,FALSE
1642,"cogne",0.0806548925248105,1.14328296817676,0.788732394366197,0.874257593755303,FALSE,FALSE,FALSE,FALSE,FALSE,FALSE
1643,"cogne",0.0457904199207153,1.34028323328571,0.669268623790938,0.913286950619379,FALSE,TRUE,FALSE,FALSE,FALSE,FALSE
1644,"cogne",-0.113978985996756,1.8682409385828,0.130663499066689,0.974376378754454,FALSE,TRUE,FALSE,FALSE,TRUE,FALSE
1645,"cogne",-0.0615562225976536,2.06396150596374,0.254539283896148,0.987782114372985,FALSE,TRUE,FALSE,FALSE,TRUE,FALSE
1646,"cogne",-0.142880371263889,0.77248584084719,0.0957067707449516,0.783980994400136,FALSE,FALSE,FALSE,FALSE,FALSE,FALSE
1647,"cogne",0.425410663907234,2.3294123300904,0.990666892923808,0.9933819786187,TRUE,TRUE,TRUE,TRUE,TRUE,TRUE
1648,"cogne",0.0410278836122764,1.16464482714392,0.650432716782623,0.879518072289157,FALSE,FALSE,FALSE,FALSE,FALSE,FALSE
1649,"cogne",0.0572689554374826,0.944908051843935,0.708807059222807,0.826743594094689,FALSE,FALSE,FALSE,FALSE,FALSE,FALSE
1650,"cogne",0.177530697374049,0.951152765782692,0.945698286102155,0.828949601221789,TRUE,FALSE,FALSE,FALSE,FALSE,FALSE
1651,"cogne",-0.0590131768824129,1.03730122311085,0.262345155268963,0.847276429662311,FALSE,FALSE,FALSE,FALSE,FALSE,FALSE
1652,"cogne",0.159296585045677,1.58821934592361,0.929916850500594,0.949770914644493,TRUE,TRUE,TRUE,FALSE,FALSE,FALSE
1653,"cogne",0.117051047711929,1.15347171013496,0.875445443746818,0.876633293738334,FALSE,FALSE,FALSE,FALSE,FALSE,FALSE
1654,"cogne",0.044134828754915,0.896243061273146,0.662311216697777,0.813337858476158,FALSE,FALSE,FALSE,FALSE,FALSE,FALSE
1655,"cogne",0.034303315349808,0.71127449894463,0.627015102664178,0.766502630239267,FALSE,FALSE,FALSE,FALSE,FALSE,FALSE
1656,"cogne",-0.113856776140793,0.85189425349187,0.131002884778551,0.804004751399966,FALSE,FALSE,FALSE,FALSE,FALSE,FALSE
1657,"cogne",-0.13054457355941,1.51886928446418,0.106906499236382,0.941455964703886,FALSE,TRUE,FALSE,FALSE,FALSE,FALSE
1658,"cogne",-0.0721753585390523,-0.373752424389707,0.22178856270151,0.327337519090446,FALSE,FALSE,FALSE,FALSE,FALSE,FALSE
1659,"cogne",0.241765955037341,1.44317635189419,0.970812828779908,0.929238079076871,TRUE,TRUE,TRUE,TRUE,FALSE,FALSE
1660,"cogne",-0.0916822502080894,1.16834885419866,0.176141184456134,0.880705922280672,FALSE,FALSE,FALSE,FALSE,FALSE,FALSE
1661,"cogne",-0.0350013928280983,1.25774480117597,0.3436280332598,0.896487357882233,FALSE,FALSE,FALSE,FALSE,FALSE,FALSE
1662,"cogne",-0.0356596346675033,0.997779330462234,0.341082640420838,0.839979636857288,FALSE,FALSE,FALSE,FALSE,FALSE,FALSE
1663,"cogne",-0.137889986977305,1.16558530025556,0.09977939928729,0.879687765145087,FALSE,FALSE,FALSE,FALSE,FALSE,FALSE
1664,"cogne",0.0188048768701865,1.13360166972888,0.56541659596131,0.872730358051926,FALSE,FALSE,FALSE,FALSE,FALSE,FALSE
1665,"cogne",0.128773103875117,1.06302771472322,0.892754115051756,0.853894451043611,FALSE,FALSE,FALSE,FALSE,FALSE,FALSE
1666,"cogne",0.0647871859099958,0.780457379721961,0.738673001866621,0.786187001527236,FALSE,FALSE,FALSE,FALSE,FALSE,FALSE
1667,"cogne",0.0512197476585232,0.585366166278647,0.687086373663669,0.724758187680299,FALSE,FALSE,FALSE,FALSE,FALSE,FALSE
1668,"cogne",-0.0816744197163342,1.21544794973025,0.196843712879688,0.888681486509418,FALSE,FALSE,FALSE,FALSE,FALSE,FALSE
1669,"cogne",-0.108542493656737,1.34284369899379,0.140335991854743,0.913796029187171,FALSE,TRUE,FALSE,FALSE,FALSE,FALSE
1670,"cogne",-0.200771328089255,-0.335498547640429,0.0590531138639063,0.341761411844561,FALSE,FALSE,FALSE,FALSE,FALSE,FALSE
1671,"cogne",0.290375095751708,1.392435871521,0.978279314440862,0.922110979127779,TRUE,TRUE,TRUE,TRUE,FALSE,FALSE
1672,"cogne",-0.00845001695797087,1.27610904632544,0.450873918208043,0.90022060071271,FALSE,TRUE,FALSE,FALSE,FALSE,FALSE
1673,"cogne",-0.0536565905704496,1.20432742948487,0.277956898014594,0.886305786526387,FALSE,FALSE,FALSE,FALSE,FALSE,FALSE
1674,"cogne",-0.0186351467277426,1.11589361925124,0.408790089937214,0.869336500933311,FALSE,FALSE,FALSE,FALSE,FALSE,FALSE
1675,"cogne",-0.277379221727129,0.693036781248276,0.0327507211946377,0.761751230273205,FALSE,FALSE,FALSE,FALSE,FALSE,FALSE
1676,"cogne",0.153904746456652,0.929618510452519,0.924316986254879,0.823010351264212,TRUE,FALSE,FALSE,FALSE,FALSE,FALSE
1677,"cogne",0.0490069064069463,0.663977792717554,0.678092652299338,0.752927201764806,FALSE,FALSE,FALSE,FALSE,FALSE,FALSE
1678,"cogne",-0.416364213803506,-0.356409188624918,0.0132360427625997,0.333955540471746,FALSE,FALSE,FALSE,FALSE,FALSE,FALSE
1679,"cogne",0.356300844273258,0.789202139241275,0.985067028678093,0.788902087222128,TRUE,FALSE,FALSE,TRUE,FALSE,FALSE
1680,"cogne",-0.0577546943060945,0.714172294473776,0.265399626675717,0.76718140166299,FALSE,FALSE,FALSE,FALSE,FALSE,FALSE
1681,"cogne",-0.101747939652215,1.07681261847344,0.153402341761412,0.858306465297811,FALSE,FALSE,FALSE,FALSE,FALSE,FALSE
1682,"cogne",-0.212870060085294,0.502913032761155,0.0524350924826065,0.697098252163584,FALSE,FALSE,FALSE,FALSE,FALSE,FALSE
1683,"cogne",0.297484036718155,1.26126736096016,0.979636857288308,0.897844900729679,TRUE,FALSE,FALSE,TRUE,FALSE,FALSE
1684,"cogne",0.14365087290575,1.07001526236508,0.91345664347531,0.856439843882573,TRUE,FALSE,FALSE,FALSE,FALSE,FALSE
1685,"cogne",-0.0200448264876538,1.10975870426862,0.402850839979637,0.867639572374003,FALSE,FALSE,FALSE,FALSE,FALSE,FALSE
1686,"cogne",0.120483257101631,1.2035793418371,0.88240285083998,0.885627015102664,FALSE,FALSE,FALSE,FALSE,FALSE,FALSE
1687,"cogne",-0.199887794150063,0.802407732202659,0.0599015781435602,0.791786865772951,FALSE,FALSE,FALSE,FALSE,FALSE,FALSE
1688,"cogne",0.184441836479779,1.32917779618359,0.950449686068217,0.910571864924487,TRUE,TRUE,TRUE,TRUE,FALSE,FALSE
1689,"cogne",0.187613388279386,1.21088877733425,0.953164771763109,0.888172407941626,TRUE,FALSE,FALSE,TRUE,FALSE,FALSE
1690,"cogne",0.3011677337226,0.472709369735013,0.980315628712031,0.686916680807738,TRUE,FALSE,FALSE,TRUE,FALSE,FALSE
1691,"cogne",0.147173017336948,0.626633510006724,0.917189886305787,0.741388087561514,TRUE,FALSE,FALSE,FALSE,FALSE,FALSE
1692,"cogne",-0.225102780259361,0.778269199813388,0.0456473782453759,0.785677922959443,FALSE,FALSE,FALSE,FALSE,FALSE,FALSE
1693,"courmayeur",0.179621450731286,1.12008062377187,0.947734600373324,0.870863736636688,TRUE,FALSE,FALSE,FALSE,FALSE,FALSE
1694,"courmayeur",-0.118799849936519,1.33416964775775,0.123536399117597,0.911929407771933,FALSE,TRUE,FALSE,FALSE,FALSE,FALSE
1695,"courmayeur",0.0838178085894459,1.64777550189091,0.796198880027151,0.956219243169863,FALSE,TRUE,FALSE,FALSE,TRUE,FALSE
1696,"courmayeur",-0.00778539210917906,1.38617239167834,0.454776853894451,0.920074664856609,FALSE,TRUE,FALSE,FALSE,FALSE,FALSE
1697,"courmayeur",-0.115374027798067,0.599909287844197,0.128966570507382,0.730867130493806,FALSE,FALSE,FALSE,FALSE,FALSE,FALSE
1698,"courmayeur",-0.00468935394380487,1.32984039287776,0.467503818089258,0.910911250636348,FALSE,TRUE,FALSE,FALSE,FALSE,FALSE
1699,"courmayeur",0.0533274045485506,1.10867130906563,0.696080095027999,0.867469879518072,FALSE,FALSE,FALSE,FALSE,FALSE,FALSE
1700,"courmayeur",0.067969271946124,1.00705958582386,0.749193958934329,0.841337179704734,FALSE,FALSE,FALSE,FALSE,FALSE,FALSE
1701,"courmayeur",0.0440704465013528,1.42491003882288,0.661632445274054,0.926353300526048,FALSE,TRUE,FALSE,FALSE,FALSE,FALSE
1702,"courmayeur",0.0551316333285712,1.12192910242398,0.701679959273715,0.871203122348549,FALSE,FALSE,FALSE,FALSE,FALSE,FALSE
1703,"courmayeur",0.116974837986481,0.942791579370134,0.874766672323095,0.825895129815035,FALSE,FALSE,FALSE,FALSE,FALSE,FALSE
1704,"courmayeur",-0.00289176949460135,1.75174609677271,0.47666723230952,0.96674020023757,FALSE,TRUE,FALSE,FALSE,TRUE,FALSE
1705,"courmayeur",0.00285410867945046,2.32972211430152,0.498048532156796,0.993551671474631,FALSE,TRUE,FALSE,FALSE,TRUE,FALSE
1706,"courmayeur",0.0581500929997123,2.13700582223865,0.71186153062956,0.989988121500085,FALSE,TRUE,FALSE,FALSE,TRUE,FALSE
1707,"courmayeur",-0.240599116561626,1.42448369409475,0.0414050568471067,0.926183607670117,FALSE,TRUE,FALSE,FALSE,FALSE,FALSE
1708,"courmayeur",-0.241560178743407,-0.278826426700514,0.0405565925674529,0.365518411674868,FALSE,FALSE,FALSE,FALSE,FALSE,FALSE
1709,"courmayeur",0.0546498427908961,0.153102128925465,0.700322416426268,0.552859324622433,FALSE,FALSE,FALSE,FALSE,FALSE,FALSE
1710,"courmayeur",0.0599247873205897,1.24530624292325,0.71847955201086,0.894111657899202,FALSE,FALSE,FALSE,FALSE,FALSE,FALSE
1711,"courmayeur",0.0751004145022556,1.80886077080963,0.770744951637536,0.970303750212116,FALSE,TRUE,FALSE,FALSE,TRUE,FALSE
1712,"courmayeur",0.0297580995069318,1.88923383429938,0.608857967079586,0.976243000169693,FALSE,TRUE,FALSE,FALSE,TRUE,FALSE
1713,"courmayeur",-0.0251939715371599,1.92843912358479,0.382487697267945,0.980485321567962,FALSE,TRUE,FALSE,FALSE,TRUE,FALSE
1714,"courmayeur",0.0628967549851449,1.65632761158168,0.73171559477346,0.957407093161378,FALSE,TRUE,FALSE,FALSE,TRUE,FALSE
1715,"courmayeur",-0.139102428212876,1.05523632769112,0.099100627863567,0.851688443916511,FALSE,FALSE,FALSE,FALSE,FALSE,FALSE
1716,"courmayeur",0.213135354066159,0.902462630711051,0.964194807398609,0.815374172747327,TRUE,FALSE,FALSE,TRUE,FALSE,FALSE
1717,"courmayeur",-0.219160302911565,0.26331917463934,0.0492109282199219,0.600203631427117,FALSE,FALSE,FALSE,FALSE,FALSE,FALSE
1718,"courmayeur",-0.175281802048049,1.18221469691901,0.0729679280502291,0.88240285083998,FALSE,FALSE,FALSE,FALSE,FALSE,FALSE
1719,"courmayeur",0.0602562279851693,1.03105561645775,0.72051586628203,0.845918886814865,FALSE,FALSE,FALSE,FALSE,FALSE,FALSE
1720,"courmayeur",0.164736734081112,0.425050228385937,0.936534871881894,0.669268623790938,TRUE,FALSE,FALSE,FALSE,FALSE,FALSE
1721,"courmayeur",0.0469842758036272,0.578024176061915,0.672323095197692,0.723230951976922,FALSE,FALSE,FALSE,FALSE,FALSE,FALSE
1722,"courmayeur",-0.0518998977895979,1.63407815367758,0.284405226539963,0.955370778890209,FALSE,TRUE,FALSE,FALSE,TRUE,FALSE
1723,"courmayeur",-0.022700784642268,1.36638292003397,0.391651111488206,0.916850500593925,FALSE,TRUE,FALSE,FALSE,FALSE,FALSE
1724,"courmayeur",0.0105186066428384,1.64886128039952,0.530968946207365,0.956388936025793,FALSE,TRUE,FALSE,FALSE,TRUE,FALSE
1725,"courmayeur",0.0401053914793028,2.11184935651372,0.648057016799593,0.989309350076362,FALSE,TRUE,FALSE,FALSE,TRUE,FALSE
1726,"courmayeur",0.0501689532102123,2.02284135280231,0.681316816562023,0.985576107245885,FALSE,TRUE,FALSE,FALSE,TRUE,FALSE
1727,"courmayeur",0.141576827515459,1.82417558657808,0.910741557780417,0.971661293059562,TRUE,TRUE,TRUE,FALSE,TRUE,FALSE
1728,"courmayeur",0.193349165820461,2.62086092634921,0.957576786017309,0.998472764296623,TRUE,TRUE,TRUE,TRUE,TRUE,TRUE
1729,"courmayeur",0.0819674399352976,1.46969102986872,0.791277787205159,0.93348040047514,FALSE,TRUE,FALSE,FALSE,FALSE,FALSE
1730,"courmayeur",0.106012380873448,1.29072024468207,0.852536908196165,0.902256914983879,FALSE,TRUE,FALSE,FALSE,FALSE,FALSE
1731,"courmayeur",0.212298399243609,1.43039087648929,0.963855421686747,0.92686237909384,TRUE,TRUE,TRUE,TRUE,FALSE,FALSE
1732,"courmayeur",-0.0496445072718608,1.37848443019967,0.290853555065332,0.918886814865094,FALSE,TRUE,FALSE,FALSE,FALSE,FALSE
1733,"courmayeur",-0.1017963933479,1.03818684751731,0.15306295604955,0.847615815374173,FALSE,FALSE,FALSE,FALSE,FALSE,FALSE
1734,"courmayeur",0.1140767086202,1.38890309488158,0.870694043780757,0.920583743424402,FALSE,TRUE,FALSE,FALSE,FALSE,FALSE
1735,"courmayeur",0.0959809364781687,1.28414354820189,0.827761751230273,0.901069064992364,FALSE,TRUE,FALSE,FALSE,FALSE,FALSE
1736,"courmayeur",0.0497940779797368,1.18407917866859,0.680128966570507,0.882911929407772,FALSE,FALSE,FALSE,FALSE,FALSE,FALSE
1737,"courmayeur",-0.0324055855271084,1.05580342728044,0.354488376039369,0.852197522484303,FALSE,FALSE,FALSE,FALSE,FALSE,FALSE
1738,"courmayeur",0.0921105344745641,1.32393992290183,0.818937722721873,0.909553707788902,FALSE,TRUE,FALSE,FALSE,FALSE,FALSE
1739,"courmayeur",0.205374399501322,0.739570688205677,0.962667571695232,0.773460037332428,TRUE,FALSE,FALSE,TRUE,FALSE,FALSE
1740,"courmayeur",0.0457646119592479,1.77406554761102,0.668929238079077,0.968606821652808,FALSE,TRUE,FALSE,FALSE,TRUE,FALSE
1741,"courmayeur",-0.059490922236952,1.43228615122552,0.260139148141863,0.927201764805702,FALSE,TRUE,FALSE,FALSE,FALSE,FALSE
1742,"courmayeur",0.0198514860730015,1.44988159082199,0.570337688783302,0.930425929068386,FALSE,TRUE,FALSE,FALSE,FALSE,FALSE
1743,"courmayeur",0.0236084084185126,1.45409743634006,0.582385881554387,0.93127439334804,FALSE,TRUE,FALSE,FALSE,FALSE,FALSE
1744,"courmayeur",-0.114192904251471,1.2246159680801,0.130324113354828,0.889869336500933,FALSE,FALSE,FALSE,FALSE,FALSE,FALSE
1745,"courmayeur",-0.0566234985814056,0.726168062077622,0.268623790938401,0.770914644493467,FALSE,FALSE,FALSE,FALSE,FALSE,FALSE
1746,"courmayeur",0.00345767378867556,1.4070104300497,0.500933310707619,0.923807907687086,FALSE,TRUE,FALSE,FALSE,FALSE,FALSE
1747,"courmayeur",-0.32338229679231,1.24941016886084,0.0232479212625148,0.894790429322926,FALSE,FALSE,FALSE,FALSE,FALSE,FALSE
1748,"courmayeur",-0.100416027906229,1.14777771060078,0.155947734600373,0.875106058034957,FALSE,FALSE,FALSE,FALSE,FALSE,FALSE
1749,"courmayeur",-0.250945981326458,1.36817152243149,0.0381808925844222,0.917529272017648,FALSE,TRUE,FALSE,FALSE,FALSE,FALSE
1750,"courmayeur",-0.284536522067311,0.868293628831839,0.0313931783471916,0.80705922280672,FALSE,FALSE,FALSE,FALSE,FALSE,FALSE
1751,"courmayeur",0.278052940675668,0.311818102693159,0.976412693025624,0.621245545562532,TRUE,FALSE,FALSE,TRUE,FALSE,FALSE
1752,"courmayeur",-0.0601677406502112,1.58677622747848,0.258272526726625,0.949431528932632,FALSE,TRUE,FALSE,FALSE,FALSE,FALSE
1753,"courmayeur",0.0574101441179895,1.49974220254711,0.709146444934668,0.937722721873409,FALSE,TRUE,FALSE,FALSE,FALSE,FALSE
1754,"courmayeur",-0.426945128347132,1.52275803579456,0.0122178856270151,0.94230442898354,FALSE,TRUE,FALSE,FALSE,FALSE,FALSE
1755,"courmayeur",0.0665788344617511,1.55342017176149,0.743933480400475,0.945698286102155,FALSE,TRUE,FALSE,FALSE,FALSE,FALSE
1756,"courmayeur",-0.393279401127591,1.09812519178465,0.0151026641778381,0.865094179535042,FALSE,FALSE,FALSE,FALSE,FALSE,FALSE
1757,"courmayeur",-0.328006470721194,0.313590915226122,0.022399456982861,0.622263702698116,FALSE,FALSE,FALSE,FALSE,FALSE,FALSE
1758,"courmayeur",0.0126599041555497,1.06742497237337,0.539453589003903,0.855082301035126,FALSE,FALSE,FALSE,FALSE,FALSE,FALSE
1759,"courmayeur",0.0437397563978887,0.931930382326154,0.6607839809944,0.823689122687935,FALSE,FALSE,FALSE,FALSE,FALSE,FALSE
1760,"courmayeur",0.0436606240182478,1.24113456442754,0.659935516714746,0.892923807907687,FALSE,FALSE,FALSE,FALSE,FALSE,FALSE
1761,"courmayeur",-0.0263043191306114,1.04179822719771,0.378924147293399,0.848803665365688,FALSE,FALSE,FALSE,FALSE,FALSE,FALSE
1762,"courmayeur",-0.0372653332428357,1.04345563093764,0.334294926183608,0.84914305107755,FALSE,FALSE,FALSE,FALSE,FALSE,FALSE
1763,"courmayeur",0.0872728031957841,0.759687981896915,0.806210758527066,0.780756830137451,FALSE,FALSE,FALSE,FALSE,FALSE,FALSE
1764,"courmayeur",0.35640306107061,1.66337617385472,0.985236721534023,0.958425250296962,TRUE,TRUE,TRUE,TRUE,TRUE,TRUE
1765,"courmayeur",-0.0971918986958862,1.24599557460489,0.162905141693535,0.894451043611064,FALSE,FALSE,FALSE,FALSE,FALSE,FALSE
1766,"courmayeur",0.141158004875102,1.35615524238268,0.910232479212625,0.915153572034617,TRUE,TRUE,TRUE,FALSE,FALSE,FALSE
1767,"courmayeur",0.155476201699765,1.53618468805356,0.925844221958256,0.943322586119124,TRUE,TRUE,TRUE,FALSE,FALSE,FALSE
1768,"courmayeur",-0.205526442813447,1.07809647948794,0.0570167995927371,0.858985236721534,FALSE,FALSE,FALSE,FALSE,FALSE,FALSE
1769,"courmayeur",-0.034314907237416,0.970911405940896,0.346852197522484,0.833361615475988,FALSE,FALSE,FALSE,FALSE,FALSE,FALSE
1770,"courmayeur",0.195492042092633,1.5803235147824,0.958934328864755,0.94892245036484,TRUE,TRUE,TRUE,TRUE,FALSE,FALSE
1771,"courmayeur",0.186419473944763,0.926051110670691,0.952316307483455,0.821313422704904,TRUE,FALSE,FALSE,TRUE,FALSE,FALSE
1772,"courmayeur",0.123689387335807,1.14161147451837,0.886475479382318,0.87357882233158,FALSE,FALSE,FALSE,FALSE,FALSE,FALSE
1773,"courmayeur",-0.100366298514006,1.23164048953275,0.156456813168166,0.890887493636518,FALSE,FALSE,FALSE,FALSE,FALSE,FALSE
1774,"donnas",-0.00408820313833402,-0.971504687316243,0.470558289496012,0.151366027490243,FALSE,FALSE,FALSE,FALSE,FALSE,FALSE
1775,"donnas",-0.0703998495220848,-0.732439488921063,0.227049041235364,0.211946377057526,FALSE,FALSE,FALSE,FALSE,FALSE,FALSE
1776,"donnas",0.027939166488455,-0.218749392489213,0.602409638554217,0.394026811471237,FALSE,FALSE,FALSE,FALSE,FALSE,FALSE
1777,"donnas",0.0405292203621066,-0.0679982068126945,0.648905481079247,0.458170711013066,FALSE,FALSE,FALSE,FALSE,FALSE,FALSE
1778,"donnas",0.0766824799478272,0.00184006047213621,0.775496351603598,0.488715425080604,FALSE,FALSE,FALSE,FALSE,FALSE,FALSE
1779,"donnas",0.0529219240079577,-0.456242353542535,0.694213473612761,0.299168505005939,FALSE,FALSE,FALSE,FALSE,FALSE,FALSE
1780,"donnas",0.00717157636454857,-1.02809570517921,0.518072289156627,0.142372306125912,FALSE,FALSE,FALSE,FALSE,FALSE,FALSE
1781,"donnas",-0.0270858201726867,-0.775054454455363,0.376039368742576,0.201595112845749,FALSE,FALSE,FALSE,FALSE,FALSE,FALSE
1782,"donnas",0.0367161152857083,-0.572988173181033,0.636178516884439,0.255387748175802,FALSE,FALSE,FALSE,FALSE,FALSE,FALSE
1783,"donnas",0.0287979854837683,-0.317964934042128,0.605973188528763,0.348718818937723,FALSE,FALSE,FALSE,FALSE,FALSE,FALSE
1784,"donnas",-0.107851070435629,-0.446988555501983,0.141693534702189,0.302222976412693,FALSE,FALSE,FALSE,FALSE,FALSE,FALSE
1785,"donnas",-0.0796501703998995,-0.269486488503342,0.201934498557611,0.367724418801968,FALSE,FALSE,FALSE,FALSE,FALSE,FALSE
1786,"donnas",0.0154359374069664,0.408539783719732,0.550313931783472,0.661462752418123,FALSE,FALSE,FALSE,FALSE,FALSE,FALSE
1787,"donnas",-0.077005143541383,0.369239644941751,0.208552519938911,0.6475479382318,FALSE,FALSE,FALSE,FALSE,FALSE,FALSE
1788,"donnas",0.0999455903965654,-0.577164301687528,0.837603936874258,0.254199898184286,FALSE,FALSE,FALSE,FALSE,FALSE,FALSE
1789,"donnas",0.0194765337301757,-1.68225066535325,0.568471067368064,0.0582046495842525,FALSE,FALSE,FALSE,FALSE,FALSE,FALSE
1790,"donnas",0.130819912324544,-1.90389302198976,0.896487357882233,0.041235363991176,FALSE,FALSE,FALSE,FALSE,FALSE,FALSE
1791,"donnas",-0.064571842993983,-0.62238654103509,0.244697098252164,0.242321398269133,FALSE,FALSE,FALSE,FALSE,FALSE,FALSE
1792,"donnas",-0.0629874470483394,-0.283259645553326,0.25063634820974,0.362803325979976,FALSE,FALSE,FALSE,FALSE,FALSE,FALSE
1793,"donnas",0.00588917409765877,-0.117615072441712,0.511284574919396,0.437807568301375,FALSE,FALSE,FALSE,FALSE,FALSE,FALSE
1794,"donnas",0.0513061655432647,0.132280260622035,0.687595452231461,0.544544374681826,FALSE,FALSE,FALSE,FALSE,FALSE,FALSE
1795,"donnas",0.0424537082547776,0.0657626666903629,0.656541659596131,0.515526896317665,FALSE,FALSE,FALSE,FALSE,FALSE,FALSE
1796,"donnas",-0.108623785051618,-1.99418626329053,0.140166298998812,0.0364839640251145,FALSE,FALSE,FALSE,FALSE,FALSE,FALSE
1797,"donnas",0.0222838297277637,-2.48174218869311,0.578992024435771,0.0132360427625997,FALSE,FALSE,FALSE,FALSE,FALSE,FALSE
1798,"donnas",0.0664253691668133,-3.03201776331924,0.743594094688614,0.00271508569489225,FALSE,FALSE,FALSE,FALSE,FALSE,FALSE
1799,"donnas",0.00978147292262221,-1.70464003521703,0.528253860512472,0.0563380281690141,FALSE,FALSE,FALSE,FALSE,FALSE,FALSE
1800,"donnas",0.108124023544935,-2.3363490683047,0.857288308162226,0.0196843712879688,FALSE,FALSE,FALSE,FALSE,FALSE,FALSE
1801,"donnas",0.0894607510865804,-2.01474249172021,0.811131851349058,0.0352961140335992,FALSE,FALSE,FALSE,FALSE,FALSE,FALSE
1802,"donnas",0.031211281616331,-0.434603197643447,0.615985067028678,0.307992533514339,FALSE,FALSE,FALSE,FALSE,FALSE,FALSE
1803,"donnas",0.00107200587820344,-0.0540529219396022,0.491091125063635,0.464449346682505,FALSE,FALSE,FALSE,FALSE,FALSE,FALSE
1804,"donnas",-0.0817297465024573,-0.472149919564429,0.196504327167826,0.293568640760224,FALSE,FALSE,FALSE,FALSE,FALSE,FALSE
1805,"donnas",-0.0259900395461816,-0.0716661704528774,0.379772611573053,0.455964703885966,FALSE,FALSE,FALSE,FALSE,FALSE,FALSE
1806,"donnas",0.0506611763545859,0.00434814653046565,0.684371287968777,0.489563889360258,FALSE,FALSE,FALSE,FALSE,FALSE,FALSE
1807,"donnas",0.0105244635611506,0.368447337430022,0.531308331919226,0.646869166808077,FALSE,FALSE,FALSE,FALSE,FALSE,FALSE
1808,"donnas",-0.0660427120261229,-0.1131648368529,0.239266926862379,0.440183268284405,FALSE,FALSE,FALSE,FALSE,FALSE,FALSE
1809,"donnas",-0.0721333790065799,0.344510381105747,0.222127948413372,0.635499745460716,FALSE,FALSE,FALSE,FALSE,FALSE,FALSE
1810,"donnas",-0.0285686685735982,-0.97783209859872,0.371118275920584,0.149838791786866,FALSE,FALSE,FALSE,FALSE,FALSE,FALSE
1811,"donnas",-0.00385663006576564,-1.06557632452286,0.471746139487528,0.135923977600543,FALSE,FALSE,FALSE,FALSE,FALSE,FALSE
1812,"donnas",0.129753867981538,-1.4598316040508,0.894281350755133,0.0809434922789751,FALSE,FALSE,FALSE,FALSE,FALSE,FALSE
1813,"donnas",0.0210486997959016,0.000367178189755418,0.574749703037502,0.48786696080095,FALSE,FALSE,FALSE,FALSE,FALSE,FALSE
1814,"donnas",0.137023760165173,0.210720239523443,0.904293229255048,0.575767860173087,TRUE,FALSE,FALSE,FALSE,FALSE,FALSE
1815,"donnas",-0.00605447546855942,-0.423000453224881,0.462073646699474,0.310877312065162,FALSE,FALSE,FALSE,FALSE,FALSE,FALSE
1816,"donnas",0.0173904435421672,-0.71198250271635,0.558289496012218,0.216019005599864,FALSE,FALSE,FALSE,FALSE,FALSE,FALSE
1817,"donnas",-0.0118332636347063,-0.753612325032076,0.43458340403869,0.206855591379603,FALSE,FALSE,FALSE,FALSE,FALSE,FALSE
1818,"donnas",0.0143562619352178,-1.11270019876205,0.546241303241134,0.127609027659936,FALSE,FALSE,FALSE,FALSE,FALSE,FALSE
1819,"donnas",-0.016834761549152,0.11866907233506,0.415068725606652,0.537586967588665,FALSE,FALSE,FALSE,FALSE,FALSE,FALSE
1820,"donnas",-0.132425144902788,-0.831659039896333,0.105379263533005,0.185643984388257,FALSE,FALSE,FALSE,FALSE,FALSE,FALSE
1821,"donnas",-0.0324389751576533,-0.585571239489169,0.354148990327507,0.252163583913117,FALSE,FALSE,FALSE,FALSE,FALSE,FALSE
1822,"donnas",0.0596542494828487,-0.908611581568534,0.716782623451553,0.164941455964704,FALSE,FALSE,FALSE,FALSE,FALSE,FALSE
1823,"donnas",-0.00320353784493221,-0.912919676637401,0.474800610894281,0.164262684540981,FALSE,FALSE,FALSE,FALSE,FALSE,FALSE
1824,"donnas",0.0444622487510191,-0.984883739331639,0.663838452401154,0.147972170371627,FALSE,FALSE,FALSE,FALSE,FALSE,FALSE
1825,"donnas",-0.015222202935119,0.353565926055457,0.422535211267606,0.639742066858985,FALSE,FALSE,FALSE,FALSE,FALSE,FALSE
1826,"donnas",0.10229659273223,-0.0520776565880546,0.84473103682335,0.465976582385882,FALSE,FALSE,FALSE,FALSE,FALSE,FALSE
1827,"donnas",0.0320159333127528,-0.574587307463378,0.61870015272357,0.254878669608009,FALSE,FALSE,FALSE,FALSE,FALSE,FALSE
1828,"donnas",-0.0365648314793194,-0.937879048836391,0.337179704734431,0.157305277447819,FALSE,FALSE,FALSE,FALSE,FALSE,FALSE
1829,"donnas",0.0224645550193596,-1.05381775514779,0.579670795859494,0.138129984727643,FALSE,FALSE,FALSE,FALSE,FALSE,FALSE
1830,"donnas",0.140363851836362,-0.942788009856908,0.908705243509248,0.156117427456304,TRUE,FALSE,FALSE,FALSE,FALSE,FALSE
1831,"donnas",0.137732064014696,-0.299669273268768,0.905141693534702,0.355336840319023,TRUE,FALSE,FALSE,FALSE,FALSE,FALSE
1832,"donnas",-0.0149051678394745,-1.17344348590604,0.424401832682844,0.11759714916002,FALSE,FALSE,FALSE,FALSE,FALSE,FALSE
1833,"donnas",-0.0553388369414378,-0.531061305208358,0.273035805192601,0.271678262345155,FALSE,FALSE,FALSE,FALSE,FALSE,FALSE
1834,"donnas",0.0300431570034601,-1.03520314314594,0.610724588494824,0.141354148990327,FALSE,FALSE,FALSE,FALSE,FALSE,FALSE
1835,"donnas",0.107617597848112,-1.05859543774203,0.856270151026642,0.13745121330392,FALSE,FALSE,FALSE,FALSE,FALSE,FALSE
1836,"donnas",0.00639389241639066,-1.03661518603109,0.513999660614288,0.141014763278466,FALSE,FALSE,FALSE,FALSE,FALSE,FALSE
1837,"donnas",-0.0090531014492985,-0.193686215157557,0.448498218225013,0.405056847106737,FALSE,FALSE,FALSE,FALSE,FALSE,FALSE
1838,"donnas",0.0520826941562529,-0.210634067367322,0.690989309350076,0.397590361445783,FALSE,FALSE,FALSE,FALSE,FALSE,FALSE
1839,"donnas",-0.0715290302056566,-0.793300560001905,0.223655184116749,0.196504327167826,FALSE,FALSE,FALSE,FALSE,FALSE,FALSE
1840,"donnas",-0.00688252994945948,-0.893663445455027,0.458340403868997,0.169183777362973,FALSE,FALSE,FALSE,FALSE,FALSE,FALSE
1841,"donnas",-0.016101123202299,-0.840283170587608,0.417953504157475,0.182928898693365,FALSE,FALSE,FALSE,FALSE,FALSE,FALSE
1842,"donnas",0.0299000488906955,-1.20622354870552,0.610215509927032,0.111827592058374,FALSE,FALSE,FALSE,FALSE,FALSE,FALSE
1843,"donnas",0.0436383106681433,-0.791607755709444,0.659765823858816,0.197183098591549,FALSE,FALSE,FALSE,FALSE,FALSE,FALSE
1844,"donnas",-0.172265015822243,-0.65429829353863,0.0748345494654675,0.233497369760733,FALSE,FALSE,FALSE,FALSE,FALSE,FALSE
1845,"donnas",-0.034090721952202,-0.544909854068535,0.347870354658069,0.265908705243509,FALSE,FALSE,FALSE,FALSE,FALSE,FALSE
1846,"donnas",0.132742306773313,-1.0419282770795,0.899202443577125,0.139487527575089,FALSE,FALSE,FALSE,FALSE,FALSE,FALSE
1847,"donnas",0.0334502272515316,-0.856334209058618,0.62311216697777,0.17953504157475,FALSE,FALSE,FALSE,FALSE,FALSE,FALSE
1848,"donnas",0.117028695697575,-0.628715787239775,0.875275750890887,0.240454776853894,FALSE,FALSE,FALSE,FALSE,FALSE,FALSE
1849,"donnas",0.0125282896748526,-0.304526046912902,0.538944510436111,0.352791447480061,FALSE,FALSE,FALSE,FALSE,FALSE,FALSE
1850,"donnas",0.0766675407388284,0.0573494770317944,0.775156965891736,0.510945189207534,FALSE,FALSE,FALSE,FALSE,FALSE,FALSE
1851,"donnas",0.14427340156122,-0.403832889352382,0.914814186322756,0.31698625487867,TRUE,FALSE,FALSE,FALSE,FALSE,FALSE
1852,"donnas",-0.0200680170027443,-1.21039318154906,0.402681147123706,0.11080943492279,FALSE,FALSE,FALSE,FALSE,FALSE,FALSE
1853,"donnas",0.0435916960802878,-1.11471326934052,0.659426438146954,0.126930256236212,FALSE,FALSE,FALSE,FALSE,FALSE,FALSE
1854,"donnas",-0.187055859177651,-1.25365092855738,0.0653317495333446,0.10419141354149,FALSE,FALSE,FALSE,FALSE,FALSE,FALSE
1855,"doues",-0.0861864690969369,-0.446888127879444,0.186492448667911,0.302562362124555,FALSE,FALSE,FALSE,FALSE,FALSE,FALSE
1856,"doues",-0.100882160663021,-0.441671168647099,0.154759884608858,0.304768369251655,FALSE,FALSE,FALSE,FALSE,FALSE,FALSE
1857,"doues",0.0260701276525417,-0.111381142966651,0.592397760054302,0.441371118275921,FALSE,FALSE,FALSE,FALSE,FALSE,FALSE
1858,"doues",-0.0209215691658251,0.25157279999564,0.399796368572883,0.595452231461056,FALSE,FALSE,FALSE,FALSE,FALSE,FALSE
1859,"doues",0.0148172653625718,-0.0972140972501412,0.546920074664857,0.446801289665705,FALSE,FALSE,FALSE,FALSE,FALSE,FALSE
1860,"doues",-0.112662520438496,0.125546606638593,0.132360427625997,0.54098082470728,FALSE,FALSE,FALSE,FALSE,FALSE,FALSE
1861,"doues",-0.183787627523476,-0.146234348877631,0.0668589852367215,0.42575937553029,FALSE,FALSE,FALSE,FALSE,FALSE,FALSE
1862,"doues",-0.0797350565084631,-0.0976316853162873,0.201595112845749,0.446461903953844,FALSE,FALSE,FALSE,FALSE,FALSE,FALSE
1863,"doues",0.0021258097707868,-0.0588778404721215,0.495842525029696,0.461903953843543,FALSE,FALSE,FALSE,FALSE,FALSE,FALSE
1864,"doues",-0.0419738616318952,-0.054356094118463,0.318343797726116,0.463940268114712,FALSE,FALSE,FALSE,FALSE,FALSE,FALSE
1865,"doues",-0.222570387462836,-0.259247830845336,0.0473443068046835,0.374342440183268,FALSE,FALSE,FALSE,FALSE,FALSE,FALSE
1866,"doues",-0.1719532687917,0.128721957152796,0.075173935177329,0.542338367554726,FALSE,FALSE,FALSE,FALSE,FALSE,FALSE
1867,"doues",-0.213330602571014,0.586878849030053,0.0522653996266757,0.725436959104022,FALSE,FALSE,FALSE,FALSE,FALSE,FALSE
1868,"doues",-0.109211725920714,0.529365105210441,0.138299677583574,0.705752587816053,FALSE,FALSE,FALSE,FALSE,FALSE,FALSE
1869,"doues",0.00327079737727409,-0.316388297431904,0.500084846427965,0.349397590361446,FALSE,FALSE,FALSE,FALSE,FALSE,FALSE
1870,"doues",0.145485910449747,-1.2560868641305,0.91583234345834,0.103682334973698,TRUE,FALSE,FALSE,FALSE,FALSE,FALSE
1871,"doues",0.17138934252508,-1.42498044870152,0.941116578992024,0.0848464279653827,TRUE,FALSE,FALSE,FALSE,FALSE,FALSE
1872,"doues",0.190141514323789,-0.371119606856469,0.955370778890209,0.328355676226031,TRUE,FALSE,FALSE,TRUE,FALSE,FALSE
1873,"doues",0.0456367338912269,0.227152331619768,0.668420159511285,0.58306465297811,FALSE,FALSE,FALSE,FALSE,FALSE,FALSE
1874,"doues",0.152593764886552,0.109086160725698,0.923129136263363,0.53436280332598,TRUE,FALSE,FALSE,FALSE,FALSE,FALSE
1875,"doues",0.198481550441256,0.367557761874448,0.960291871712201,0.646529781096216,TRUE,FALSE,FALSE,TRUE,FALSE,FALSE
1876,"doues",0.127310601619129,0.746527545526799,0.890378415068726,0.776684201595113,FALSE,FALSE,FALSE,FALSE,FALSE,FALSE
1877,"doues",-0.0981932393309055,-0.800707817976092,0.161208213134227,0.194468012896657,FALSE,FALSE,FALSE,FALSE,FALSE,FALSE
1878,"doues",-0.0593169723134803,-0.544167141033558,0.260648226709656,0.266248090955371,FALSE,FALSE,FALSE,FALSE,FALSE,FALSE
1879,"doues",0.0663851570035074,-0.776444398845068,0.743424401832683,0.200576955710165,FALSE,FALSE,FALSE,FALSE,FALSE,FALSE
1880,"doues",0.0247826947148333,-0.764278670576611,0.58764636008824,0.204310198540641,FALSE,FALSE,FALSE,FALSE,FALSE,FALSE
1881,"doues",0.157040412112822,-0.182247290513551,0.927201764805702,0.409129475649075,TRUE,FALSE,FALSE,FALSE,FALSE,FALSE
1882,"doues",0.182416908918121,-0.682600909128944,0.949261836076701,0.22399456982861,TRUE,FALSE,FALSE,FALSE,FALSE,FALSE
1883,"doues",0.112190955639131,0.0263996008711049,0.866621415238419,0.498557610724588,FALSE,FALSE,FALSE,FALSE,FALSE,FALSE
1884,"doues",-0.0473294506044013,0.423418891025664,0.30154420498897,0.668080773799423,FALSE,FALSE,FALSE,FALSE,FALSE,FALSE
1885,"doues",-0.135417454208278,-0.182974057977402,0.101646020702528,0.408790089937214,FALSE,FALSE,FALSE,FALSE,FALSE,FALSE
1886,"doues",-0.206364674114621,0.0588474391144344,0.0566774138808756,0.511623960631257,FALSE,FALSE,FALSE,FALSE,FALSE,FALSE
1887,"doues",-0.120870673813501,0.402695398444942,0.120312234854913,0.659765823858816,FALSE,FALSE,FALSE,FALSE,FALSE,FALSE
1888,"doues",-0.105100901198298,0.777857471757716,0.146614627524181,0.785168844391651,FALSE,FALSE,FALSE,FALSE,FALSE,FALSE
1889,"doues",-0.569354008016839,1.01465223478826,0.0044120142541999,0.842015951128458,FALSE,FALSE,FALSE,FALSE,FALSE,FALSE
1890,"doues",-0.472217669721477,1.03295562904804,0.0083149499406075,0.846597658238588,FALSE,FALSE,FALSE,FALSE,FALSE,FALSE
1891,"doues",-0.32951621920374,-0.193104569849566,0.0220600712709995,0.405226539962668,FALSE,FALSE,FALSE,FALSE,FALSE,FALSE
1892,"doues",-0.218161550026879,-0.441603187660331,0.049889699643645,0.304938062107585,FALSE,FALSE,FALSE,FALSE,FALSE,FALSE
1893,"doues",-0.146858702792327,-0.394655279019196,0.0919735279144748,0.320719497709146,FALSE,FALSE,FALSE,FALSE,FALSE,FALSE
1894,"doues",-0.331082541059429,0.354753102393812,0.021720685559138,0.640590531138639,FALSE,FALSE,FALSE,FALSE,FALSE,FALSE
1895,"doues",-0.170067002505036,0.520302993072263,0.0765314780247752,0.703207194977091,FALSE,FALSE,FALSE,FALSE,FALSE,FALSE
1896,"doues",-0.455787385627984,-0.122709474268565,0.00967249278805362,0.436110639742067,FALSE,FALSE,FALSE,FALSE,FALSE,FALSE
1897,"doues",-0.460177783805101,-0.455248986693337,0.00933310707619209,0.299677583573732,FALSE,FALSE,FALSE,FALSE,FALSE,FALSE
1898,"doues",-0.302198220076441,-0.583131665231885,0.027490242660784,0.25284235533684,FALSE,FALSE,FALSE,FALSE,FALSE,FALSE
1899,"doues",-0.278888180845325,-0.591270754568565,0.0324113354827762,0.250806041065671,FALSE,FALSE,FALSE,FALSE,FALSE,FALSE
1900,"doues",-0.266856177429908,-0.443996901136176,0.0347870354658069,0.303580519260139,FALSE,FALSE,FALSE,FALSE,FALSE,FALSE
1901,"doues",-0.203339721430979,-2.62353974154358,0.0575258781605294,0.00916341422026133,FALSE,FALSE,FALSE,FALSE,FALSE,FALSE
1902,"doues",-0.0873692494073772,-0.801148997930969,0.183607670117088,0.194128627184796,FALSE,FALSE,FALSE,FALSE,FALSE,FALSE
1903,"doues",0.011063271171265,-0.939218753315122,0.533853724758188,0.157135584591889,FALSE,FALSE,FALSE,FALSE,FALSE,FALSE
1904,"doues",-0.119537743262605,-0.423657563116397,0.12200916341422,0.31036823349737,FALSE,FALSE,FALSE,FALSE,FALSE,FALSE
1905,"doues",0.0749849212832157,-2.80133704374079,0.770235873069744,0.00543017138978449,FALSE,FALSE,FALSE,FALSE,FALSE,FALSE
1906,"doues",0.209943948909427,-0.494699348773374,0.963346343118955,0.284405226539963,TRUE,FALSE,FALSE,TRUE,FALSE,FALSE
1907,"doues",0.332463651402147,-2.38080887084103,0.983370100118785,0.0173086713049381,TRUE,FALSE,FALSE,TRUE,FALSE,FALSE
1908,"doues",-0.0419628610480078,-0.695064922433775,0.318513490582046,0.220770405565926,FALSE,FALSE,FALSE,FALSE,FALSE,FALSE
1909,"doues",0.0609667161729348,-0.185551398773055,0.723230951976922,0.40794162565756,FALSE,FALSE,FALSE,FALSE,FALSE,FALSE
1910,"doues",0.174512178128087,-0.229288126593804,0.943492278975055,0.38791786865773,TRUE,FALSE,FALSE,FALSE,FALSE,FALSE
1911,"doues",0.182416933990957,-0.0934977164367091,0.949431528932632,0.448328525369082,TRUE,FALSE,FALSE,FALSE,FALSE,FALSE
1912,"doues",0.251782673885543,0.263711700690041,0.973018835907008,0.60088240285084,TRUE,FALSE,FALSE,TRUE,FALSE,FALSE
1913,"doues",0.135916907925125,-0.892961659177287,0.903275072119464,0.169353470218904,TRUE,FALSE,FALSE,FALSE,FALSE,FALSE
1914,"doues",0.164647556981416,0.115567569640386,0.936365179025963,0.536229424741218,TRUE,FALSE,FALSE,FALSE,FALSE,FALSE
1915,"doues",0.226822316288873,-0.229805988653021,0.967418971661293,0.387239097234006,TRUE,FALSE,FALSE,TRUE,FALSE,FALSE
1916,"doues",0.225024284676616,-0.263061705384041,0.96674020023757,0.371287968776514,TRUE,FALSE,FALSE,TRUE,FALSE,FALSE
1917,"doues",0.359933999826659,-0.0380965399215478,0.985745800101816,0.469879518072289,TRUE,FALSE,FALSE,TRUE,FALSE,FALSE
1918,"doues",0.108176541031176,0.216944504215908,0.857458001018157,0.57865263872391,FALSE,FALSE,FALSE,FALSE,FALSE,FALSE
1919,"doues",0.0265780106188167,-0.181337493527861,0.595452231461056,0.409299168505006,FALSE,FALSE,FALSE,FALSE,FALSE,FALSE
1920,"doues",-0.146008157768177,-0.351853978357984,0.0926522993381979,0.336161547598846,FALSE,FALSE,FALSE,FALSE,FALSE,FALSE
1921,"doues",0.154099514154414,-0.445312145433287,0.924486679110809,0.302901747836416,TRUE,FALSE,FALSE,FALSE,FALSE,FALSE
1922,"doues",0.164887254868756,-0.352740130235312,0.936704564737824,0.335482776175123,TRUE,FALSE,FALSE,FALSE,FALSE,FALSE
1923,"doues",0.029236478642888,-0.37963737826608,0.606991345664348,0.325131511963346,FALSE,FALSE,FALSE,FALSE,FALSE,FALSE
1924,"doues",0.1576274231762,-0.0499824466901748,0.928050229085356,0.466485660953674,TRUE,FALSE,FALSE,FALSE,FALSE,FALSE
1925,"doues",-0.103923623137174,-0.39596515868139,0.149329713219073,0.320210419141354,FALSE,FALSE,FALSE,FALSE,FALSE,FALSE
1926,"doues",0.0446742776902891,0.0396818702789572,0.664686916680808,0.504327167826235,FALSE,FALSE,FALSE,FALSE,FALSE,FALSE
1927,"doues",0.241047201045575,-0.467650398590289,0.970643135923978,0.295265569319532,TRUE,FALSE,FALSE,TRUE,FALSE,FALSE
1928,"doues",0.0702129134286746,-0.559794590913485,0.756660444595283,0.259969455285932,FALSE,FALSE,FALSE,FALSE,FALSE,FALSE
1929,"doues",0.100830936385444,-0.474659750593223,0.841676565416596,0.29272017648057,FALSE,FALSE,FALSE,FALSE,FALSE,FALSE
1930,"doues",-0.0529469273982777,-0.116889966325459,0.280162905141694,0.438146954013236,FALSE,FALSE,FALSE,FALSE,FALSE,FALSE
1931,"doues",0.131373479366054,-0.00784224260216424,0.897505515017818,0.483964025114543,FALSE,FALSE,FALSE,FALSE,FALSE,FALSE
1932,"doues",0.0233292985668641,-0.111811438923189,0.581198031562871,0.440862039708128,FALSE,FALSE,FALSE,FALSE,FALSE,FALSE
1933,"doues",-0.0165602068264477,-0.715878980279383,0.415917189886306,0.215509927032072,FALSE,FALSE,FALSE,FALSE,FALSE,FALSE
1934,"doues",-0.0240255708256853,-0.221733567713054,0.386730018666214,0.392329882911929,FALSE,FALSE,FALSE,FALSE,FALSE,FALSE
1935,"doues",-0.0333331445872513,-0.173678245656405,0.350924826064823,0.412862718479552,FALSE,FALSE,FALSE,FALSE,FALSE,FALSE
1936,"emarese",0.0573734015299525,-0.925417017081952,0.708976752078737,0.160529441710504,FALSE,FALSE,FALSE,FALSE,FALSE,FALSE
1937,"emarese",-0.0395396246009554,-0.365119717150698,0.326658747666723,0.330731376209062,FALSE,FALSE,FALSE,FALSE,FALSE,FALSE
1938,"emarese",0.111370573731126,-0.394751336646704,0.864415408111319,0.320549804853216,FALSE,FALSE,FALSE,FALSE,FALSE,FALSE
1939,"emarese",0.187020305665362,0.204720968057821,0.952655693195317,0.57424062446971,TRUE,FALSE,FALSE,TRUE,FALSE,FALSE
1940,"emarese",0.0173016882048653,-0.892376977290814,0.557610724588495,0.169523163074835,FALSE,FALSE,FALSE,FALSE,FALSE,FALSE
1941,"emarese",-0.000713051464908077,-1.08552254615436,0.484133717970473,0.131851349058205,FALSE,FALSE,FALSE,FALSE,FALSE,FALSE
1942,"emarese",0.0775442637992008,-1.13438112528925,0.779399287290005,0.123706091973528,FALSE,FALSE,FALSE,FALSE,FALSE,FALSE
1943,"emarese",0.122505036838886,-0.437726556917194,0.884948243678941,0.307144069234685,FALSE,FALSE,FALSE,FALSE,FALSE,FALSE
1944,"emarese",0.0863293425206848,-0.995473221566655,0.804683522823689,0.146614627524181,FALSE,FALSE,FALSE,FALSE,FALSE,FALSE
1945,"emarese",0.107012938932538,-0.220752180726771,0.855251993891057,0.393008654335652,FALSE,FALSE,FALSE,FALSE,FALSE,FALSE
1946,"emarese",0.00352713008112815,-1.23270745738592,0.501442389275412,0.107076192092313,FALSE,FALSE,FALSE,FALSE,FALSE,FALSE
1947,"emarese",-0.0348047667912024,0.0586618966715289,0.344476497539454,0.511114882063465,FALSE,FALSE,FALSE,FALSE,FALSE,FALSE
1948,"emarese",-0.0153856771242395,0.424881488985548,0.421686746987952,0.669098930935008,FALSE,FALSE,FALSE,FALSE,FALSE,FALSE
1949,"emarese",-0.0273375637262188,0.547267290036287,0.375699983030714,0.710164602070253,FALSE,FALSE,FALSE,FALSE,FALSE,FALSE
1950,"emarese",0.148073089690186,-1.18096523981641,0.91786865772951,0.115560834888851,TRUE,FALSE,FALSE,FALSE,FALSE,FALSE
1951,"emarese",-0.0645586429463982,-0.517939420039999,0.244866791108094,0.276090276599355,FALSE,FALSE,FALSE,FALSE,FALSE,FALSE
1952,"emarese",0.0528036625741937,-0.707654582565267,0.693874087900899,0.217715934159172,FALSE,FALSE,FALSE,FALSE,FALSE,FALSE
1953,"emarese",-0.00484810282993209,-0.727923928117323,0.466825046665535,0.213303919904972,FALSE,FALSE,FALSE,FALSE,FALSE,FALSE
1954,"emarese",-0.0479814484291783,0.113489882348456,0.298489733582216,0.535380960461565,FALSE,FALSE,FALSE,FALSE,FALSE,FALSE
1955,"emarese",0.0824967190222505,0.390920449050794,0.792465637196674,0.654505345324962,FALSE,FALSE,FALSE,FALSE,FALSE,FALSE
1956,"emarese",-0.0113832830214946,-0.136405860484421,0.437298489733582,0.430510775496352,FALSE,FALSE,FALSE,FALSE,FALSE,FALSE
1957,"emarese",0.0589150204510673,0.573735802524526,0.714746309180384,0.721194637705753,FALSE,FALSE,FALSE,FALSE,FALSE,FALSE
1958,"emarese",-0.0929116256472966,-0.763777301834158,0.17291702019345,0.204479891396572,FALSE,FALSE,FALSE,FALSE,FALSE,FALSE
1959,"emarese",-0.0234459645785154,-1.29154916283402,0.388426947225522,0.0987612421517054,FALSE,FALSE,FALSE,FALSE,FALSE,FALSE
1960,"emarese",0.0369429678062794,-1.85425277788318,0.637196674020024,0.0446292211097913,FALSE,FALSE,FALSE,FALSE,FALSE,FALSE
1961,"emarese",0.0100144421576367,-1.42677842605401,0.529781096215849,0.0846767351094519,FALSE,FALSE,FALSE,FALSE,FALSE,FALSE
1962,"emarese",0.0788743284202464,-1.20520857777387,0.783132530120482,0.111997284914305,FALSE,FALSE,FALSE,FALSE,FALSE,FALSE
1963,"emarese",0.0478754834818957,-0.925267939348306,0.675207873748515,0.160699134566435,FALSE,FALSE,FALSE,FALSE,FALSE,FALSE
1964,"emarese",0.0391476866744398,0.614739607532436,0.64517223824877,0.735788223315798,FALSE,FALSE,FALSE,FALSE,FALSE,FALSE
1965,"emarese",-0.122874413164411,0.594362821425312,0.117766842015951,0.727812659087052,FALSE,FALSE,FALSE,FALSE,FALSE,FALSE
1966,"emarese",-0.014928763683054,-0.140522236516485,0.424232139826913,0.428135075513321,FALSE,FALSE,FALSE,FALSE,FALSE,FALSE
1967,"emarese",0.0789713073949887,0.275316497347786,0.783641608688274,0.606142881384694,FALSE,FALSE,FALSE,FALSE,FALSE,FALSE
1968,"emarese",-0.0436596914137777,0.43449407123259,0.313253012048193,0.673001866621415,FALSE,FALSE,FALSE,FALSE,FALSE,FALSE
1969,"emarese",0.0437324903307665,0.832068417322768,0.660614288138469,0.800101815713558,FALSE,FALSE,FALSE,FALSE,FALSE,FALSE
1970,"emarese",-0.133517277920019,0.743255685455877,0.103342949261836,0.775496351603598,FALSE,FALSE,FALSE,FALSE,FALSE,FALSE
1971,"emarese",-0.0302678948177082,0.318131290749034,0.362973018835907,0.624469709825216,FALSE,FALSE,FALSE,FALSE,FALSE,FALSE
1972,"emarese",-0.0451945832224823,-0.736484773088675,0.307822840658408,0.211097912777872,FALSE,FALSE,FALSE,FALSE,FALSE,FALSE
1973,"emarese",-0.0691657371182473,-1.03981100018516,0.230103512642118,0.139996606142881,FALSE,FALSE,FALSE,FALSE,FALSE,FALSE
1974,"emarese",0.0520499948887139,-0.584255566067614,0.690819616494146,0.25267266248091,FALSE,FALSE,FALSE,FALSE,FALSE,FALSE
1975,"emarese",0.0417524846118127,0.440746779240667,0.653656881045308,0.675547259460377,FALSE,FALSE,FALSE,FALSE,FALSE,FALSE
1976,"emarese",0.0266683082530008,0.828173372376457,0.595961310028848,0.798744272866112,FALSE,FALSE,FALSE,FALSE,FALSE,FALSE
1977,"emarese",-0.0297611001139,-0.0562437606454383,0.366027490242661,0.463261496690989,FALSE,FALSE,FALSE,FALSE,FALSE,FALSE
1978,"emarese",0.0124625000654408,-0.234407891807058,0.538605124724249,0.385202782962837,FALSE,FALSE,FALSE,FALSE,FALSE,FALSE
1979,"emarese",0.0850472306443173,-0.308664876515487,0.799762430001697,0.351603597488546,FALSE,FALSE,FALSE,FALSE,FALSE,FALSE
1980,"emarese",-0.0255049865346919,-0.732005359410485,0.380621075852707,0.212116069913457,FALSE,FALSE,FALSE,FALSE,FALSE,FALSE
1981,"emarese",0.0182465383875279,0.564290268836675,0.56321058883421,0.717461394875276,FALSE,FALSE,FALSE,FALSE,FALSE,FALSE
1982,"emarese",-0.0926554093446477,-0.132700235289896,0.173086713049381,0.43237739691159,FALSE,FALSE,FALSE,FALSE,FALSE,FALSE
1983,"emarese",-0.0249651760496068,-0.280388062775955,0.38367554725946,0.36365179025963,FALSE,FALSE,FALSE,FALSE,FALSE,FALSE
1984,"emarese",-0.0479596450683974,-0.372069250455404,0.298659426438147,0.328016290514169,FALSE,FALSE,FALSE,FALSE,FALSE,FALSE
1985,"emarese",-0.0339738718901348,-0.474738291024407,0.348379433225861,0.292550483624639,FALSE,FALSE,FALSE,FALSE,FALSE,FALSE
1986,"emarese",0.0360505742631929,-0.0308209100978792,0.63414220261327,0.473612760902766,FALSE,FALSE,FALSE,FALSE,FALSE,FALSE
1987,"emarese",-0.00416169203290728,-0.631177680501608,0.470388596640081,0.239776005430171,FALSE,FALSE,FALSE,FALSE,FALSE,FALSE
1988,"emarese",-0.0225054128441116,0.222992368524835,0.393348040047514,0.58085864585101,FALSE,FALSE,FALSE,FALSE,FALSE,FALSE
1989,"emarese",0.00783345139583425,-0.660525269280757,0.520108603427796,0.231291362633633,FALSE,FALSE,FALSE,FALSE,FALSE,FALSE
1990,"emarese",-0.0688076141974854,-0.498428535094893,0.231630748345495,0.283556762260309,FALSE,FALSE,FALSE,FALSE,FALSE,FALSE
1991,"emarese",0.0395014463510552,-0.74422292523429,0.646190395384354,0.209231291362634,FALSE,FALSE,FALSE,FALSE,FALSE,FALSE
1992,"emarese",-0.0248889732766759,-0.678119378303539,0.383845240115391,0.225012726964195,FALSE,FALSE,FALSE,FALSE,FALSE,FALSE
1993,"emarese",-0.0138253082311994,0.155350619331702,0.426947225521806,0.554047174613949,FALSE,FALSE,FALSE,FALSE,FALSE,FALSE
1994,"emarese",-0.128342071085093,-0.613931629686607,0.109282199219413,0.245036483964025,FALSE,FALSE,FALSE,FALSE,FALSE,FALSE
1995,"emarese",-0.0380810645189005,-0.253603845465687,0.331070761920923,0.375869675886645,FALSE,FALSE,FALSE,FALSE,FALSE,FALSE
1996,"emarese",-0.06546892184112,-0.58036947802996,0.241982012557271,0.253860512472425,FALSE,FALSE,FALSE,FALSE,FALSE,FALSE
1997,"emarese",-0.0749361975285936,-0.665921829982175,0.213303919904972,0.229933819786187,FALSE,FALSE,FALSE,FALSE,FALSE,FALSE
1998,"emarese",0.0137003373822324,-0.593450228311999,0.54318683183438,0.25046665535381,FALSE,FALSE,FALSE,FALSE,FALSE,FALSE
1999,"emarese",-0.015749008345642,-0.520470712421263,0.419480739860852,0.275411505175632,FALSE,FALSE,FALSE,FALSE,FALSE,FALSE
2000,"emarese",0.0761730663148796,-0.248668518497072,0.773629730188359,0.378245375869676,FALSE,FALSE,FALSE,FALSE,FALSE,FALSE
2001,"emarese",-0.0900335872269178,-1.22471443357122,0.179195655862888,0.108433734939759,FALSE,FALSE,FALSE,FALSE,FALSE,FALSE
2002,"emarese",-0.0360775641258293,-0.943490881049735,0.339725097573392,0.155778041744443,FALSE,FALSE,FALSE,FALSE,FALSE,FALSE
2003,"emarese",0.106263328303086,-0.240661069278119,0.853385372475819,0.382487697267945,FALSE,FALSE,FALSE,FALSE,FALSE,FALSE
2004,"emarese",0.00323930720661991,-1.38266154765518,0.499915153572035,0.0887493636517903,FALSE,FALSE,FALSE,FALSE,FALSE,FALSE
2005,"emarese",0.0012731747496062,0.050986251091072,0.492448667911081,0.509248260648227,FALSE,FALSE,FALSE,FALSE,FALSE,FALSE
2006,"emarese",-0.324091588708319,-0.139707546883366,0.0229085355506533,0.428983539792975,FALSE,FALSE,FALSE,FALSE,FALSE,FALSE
2007,"emarese",-0.0950160555741224,0.227786597692309,0.167317155947735,0.583913117257763,FALSE,FALSE,FALSE,FALSE,FALSE,FALSE
2008,"emarese",0.0171645725287757,-0.601466475550824,0.557101646020703,0.24826064822671,FALSE,FALSE,FALSE,FALSE,FALSE,FALSE
2009,"emarese",-0.0500078958347174,-0.251084832940933,0.289665705073816,0.377227218734091,FALSE,FALSE,FALSE,FALSE,FALSE,FALSE
2010,"emarese",0.120419830489931,-0.510766758512039,0.882063465128118,0.278465976582386,FALSE,FALSE,FALSE,FALSE,FALSE,FALSE
2011,"emarese",0.0770377568342155,-0.0516560446632993,0.777872051586628,0.466146275241812,FALSE,FALSE,FALSE,FALSE,FALSE,FALSE
2012,"emarese",0.0308064560427681,0.512173484310808,0.61428813846937,0.699473952146615,FALSE,FALSE,FALSE,FALSE,FALSE,FALSE
2013,"emarese",0.0497769463378788,-0.765570128380838,0.679959273714577,0.204140505684711,FALSE,FALSE,FALSE,FALSE,FALSE,FALSE
2014,"emarese",0.112535664106863,-1.11849507600051,0.868318343797726,0.126081791956559,FALSE,FALSE,FALSE,FALSE,FALSE,FALSE
2015,"emarese",0.120130634697142,-0.802945430883155,0.880875615136603,0.193789241472934,FALSE,FALSE,FALSE,FALSE,FALSE,FALSE
2016,"emarese",-0.633840064298719,-2.34676286260106,0.00271508569489225,0.0190055998642457,FALSE,FALSE,FALSE,FALSE,FALSE,FALSE
2017,"etroubles",0.0507474185401797,-0.564981453446273,0.684880366536569,0.258102833870694,FALSE,FALSE,FALSE,FALSE,FALSE,FALSE
2018,"etroubles",0.0112947151181153,0.264857290009187,0.534532496181911,0.601900559986425,FALSE,FALSE,FALSE,FALSE,FALSE,FALSE
2019,"etroubles",0.0788067060637196,0.409462494991458,0.78279314440862,0.662311216697777,FALSE,FALSE,FALSE,FALSE,FALSE,FALSE
2020,"etroubles",0.128145590089483,0.919385958950499,0.891905650772102,0.819446801289666,FALSE,FALSE,FALSE,FALSE,FALSE,FALSE
2021,"etroubles",0.0357361116123798,0.133567002308374,0.633124045477685,0.545053453249618,FALSE,FALSE,FALSE,FALSE,FALSE,FALSE
2022,"etroubles",0.043440751371346,0.703995459557794,0.658408281011369,0.764466315968098,FALSE,FALSE,FALSE,FALSE,FALSE,FALSE
2023,"etroubles",-0.0186895989480327,0.238933368826415,0.408281011369421,0.588834210079756,FALSE,FALSE,FALSE,FALSE,FALSE,FALSE
2024,"etroubles",0.0437315002836005,0.282944612728638,0.660444595282539,0.608857967079586,FALSE,FALSE,FALSE,FALSE,FALSE,FALSE
2025,"etroubles",-0.0701365624560442,0.722440022522939,0.22840658408281,0.770066180213813,FALSE,FALSE,FALSE,FALSE,FALSE,FALSE
2026,"etroubles",-0.0277744102603688,0.491594976459383,0.373833361615476,0.692177159341592,FALSE,FALSE,FALSE,FALSE,FALSE,FALSE
2027,"etroubles",-0.239876915681904,-0.557330854988338,0.0417444425589683,0.260478533853725,FALSE,FALSE,FALSE,FALSE,FALSE,FALSE
2028,"etroubles",0.0798773599007276,0.621292774976782,0.785847615815374,0.739182080434414,FALSE,FALSE,FALSE,FALSE,FALSE,FALSE
2029,"etroubles",-0.0225534541198265,0.69767699649029,0.393178347191583,0.76276938740879,FALSE,FALSE,FALSE,FALSE,FALSE,FALSE
2030,"etroubles",0.0115611121601393,1.03631874725463,0.535211267605634,0.84693704395045,FALSE,FALSE,FALSE,FALSE,FALSE,FALSE
2031,"etroubles",-0.119947037998186,0.257653213285845,0.121500084846428,0.598337010011878,FALSE,FALSE,FALSE,FALSE,FALSE,FALSE
2032,"etroubles",-0.144219916656866,-0.775544963294398,0.0945189207534363,0.201086034277957,FALSE,FALSE,FALSE,FALSE,FALSE,FALSE
2033,"etroubles",0.0100945938067589,-1.68023331975169,0.530459867639572,0.0583743424401833,FALSE,FALSE,FALSE,FALSE,FALSE,FALSE
2034,"etroubles",0.009920241014445,0.625959788191228,0.529102324792126,0.740709316137791,FALSE,FALSE,FALSE,FALSE,FALSE,FALSE
2035,"etroubles",0.0534828919346939,0.86462056451437,0.696419480739861,0.806380451382997,FALSE,FALSE,FALSE,FALSE,FALSE,FALSE
2036,"etroubles",0.0531705998015948,1.04390994168528,0.694892245036484,0.849482436789411,FALSE,FALSE,FALSE,FALSE,FALSE,FALSE
2037,"etroubles",-0.0646503131822289,1.32034321248258,0.244357712540302,0.908535550653317,FALSE,TRUE,FALSE,FALSE,FALSE,FALSE
2038,"etroubles",0.014240602894203,0.878457079523287,0.54539283896148,0.80926522993382,FALSE,FALSE,FALSE,FALSE,FALSE,FALSE
2039,"etroubles",-0.147129144075699,-1.5175405350671,0.0914644493466825,0.0746648566095367,FALSE,FALSE,FALSE,FALSE,FALSE,FALSE
2040,"etroubles",-0.0710234526597731,-1.57740749547492,0.225182419820126,0.0682165280841677,FALSE,FALSE,FALSE,FALSE,FALSE,FALSE
2041,"etroubles",-0.0152694313393784,-2.61894173556367,0.422195825555744,0.00950279993212286,FALSE,FALSE,FALSE,FALSE,FALSE,FALSE
2042,"etroubles",-0.0444188670956507,-0.837873467734767,0.310707619209231,0.183268284405227,FALSE,FALSE,FALSE,FALSE,FALSE,FALSE
2043,"etroubles",0.0516928980776896,-0.153653304369118,0.689462073646699,0.421686746987952,FALSE,FALSE,FALSE,FALSE,FALSE,FALSE
2044,"etroubles",-0.00776025761424748,-1.01879328059758,0.454946546750382,0.143390463261497,FALSE,FALSE,FALSE,FALSE,FALSE,FALSE
2045,"etroubles",0.0993132612572936,0.0894257288628365,0.836585779738673,0.52553877481758,FALSE,FALSE,FALSE,FALSE,FALSE,FALSE
2046,"etroubles",-0.0018119937694987,0.810561529338535,0.479382318004412,0.793483794332259,FALSE,FALSE,FALSE,FALSE,FALSE,FALSE
2047,"etroubles",0.0339389051071812,0.625709753136748,0.625487866960801,0.74053962328186,FALSE,FALSE,FALSE,FALSE,FALSE,FALSE
2048,"etroubles",0.0474670040686522,0.942243135300753,0.673341252333277,0.825725436959104,FALSE,FALSE,FALSE,FALSE,FALSE,FALSE
2049,"etroubles",-0.112618611210271,1.44788616807158,0.132530120481928,0.929916850500594,FALSE,TRUE,FALSE,FALSE,FALSE,FALSE
2050,"etroubles",-0.0547518948649532,1.46160047095194,0.274732733751909,0.931953164771763,FALSE,TRUE,FALSE,FALSE,FALSE,FALSE
2051,"etroubles",-0.210779073108887,-0.888857780481713,0.0531138639063295,0.170201934498558,FALSE,FALSE,FALSE,FALSE,FALSE,FALSE
2052,"etroubles",0.11240641849076,1.49005666105155,0.867639572374003,0.936534871881894,FALSE,TRUE,FALSE,FALSE,FALSE,FALSE
2053,"etroubles",0.0586983368549294,0.397559129370908,0.71406753775666,0.657729509587646,FALSE,FALSE,FALSE,FALSE,FALSE,FALSE
2054,"etroubles",-0.0246687364872216,0.327122306319418,0.384693704395045,0.629051416935347,FALSE,FALSE,FALSE,FALSE,FALSE,FALSE
2055,"etroubles",0.122493486322421,0.0282764199822166,0.88477855082301,0.499915153572035,FALSE,FALSE,FALSE,FALSE,FALSE,FALSE
2056,"etroubles",0.090655188333816,0.740057852810369,0.814695401323604,0.77379942304429,FALSE,FALSE,FALSE,FALSE,FALSE,FALSE
2057,"etroubles",0.00530251047800334,1.0774261612952,0.508739182080434,0.858645851009673,FALSE,FALSE,FALSE,FALSE,FALSE,FALSE
2058,"etroubles",0.103883240669363,0.755291027701561,0.848124893941965,0.778890208722213,FALSE,FALSE,FALSE,FALSE,FALSE,FALSE
2059,"etroubles",0.0334520170523778,0.493718952211904,0.623451552689632,0.692686237909384,FALSE,FALSE,FALSE,FALSE,FALSE,FALSE
2060,"etroubles",0.0470416298351797,0.496255069189224,0.672492788053623,0.694213473612761,FALSE,FALSE,FALSE,FALSE,FALSE,FALSE
2061,"etroubles",-0.0855560468893373,0.513183202664851,0.187849991515357,0.699813337858476,FALSE,FALSE,FALSE,FALSE,FALSE,FALSE
2062,"etroubles",-0.0448483217022471,0.868760932670584,0.309350076361785,0.807398608518581,FALSE,FALSE,FALSE,FALSE,FALSE,FALSE
2063,"etroubles",-0.173524422023714,-0.337030650493946,0.0738163923298829,0.340743254708977,FALSE,FALSE,FALSE,FALSE,FALSE,FALSE
2064,"etroubles",0.100848229924898,0.411065229117413,0.842015951128458,0.662820295265569,FALSE,FALSE,FALSE,FALSE,FALSE,FALSE
2065,"etroubles",0.0469390107214736,-0.0652807061759966,0.6718140166299,0.458849482436789,FALSE,FALSE,FALSE,FALSE,FALSE,FALSE
2066,"etroubles",-0.0105488549973849,0.329344814028074,0.440013575428474,0.630408959782793,FALSE,FALSE,FALSE,FALSE,FALSE,FALSE
2067,"etroubles",0.0589033377982915,-0.0127516654153224,0.714576616324453,0.481927710843373,FALSE,FALSE,FALSE,FALSE,FALSE,FALSE
2068,"etroubles",0.0384766943420285,0.54571163539448,0.643475309689462,0.709825216358391,FALSE,FALSE,FALSE,FALSE,FALSE,FALSE
2069,"etroubles",0.0616274642206474,0.591342728684777,0.727642966231122,0.726794501951468,FALSE,FALSE,FALSE,FALSE,FALSE,FALSE
2070,"etroubles",0.0471864210301316,0.689967828804515,0.672662480909554,0.76056338028169,FALSE,FALSE,FALSE,FALSE,FALSE,FALSE
2071,"etroubles",0.0762443153623629,0.566298182522156,0.77379942304429,0.717970473443068,FALSE,FALSE,FALSE,FALSE,FALSE,FALSE
2072,"etroubles",0.0266982014114294,0.465973098642317,0.596300695740709,0.6850500593925,FALSE,FALSE,FALSE,FALSE,FALSE,FALSE
2073,"etroubles",-0.00351378490507415,0.79797078900092,0.473273375190904,0.790599015781436,FALSE,FALSE,FALSE,FALSE,FALSE,FALSE
2074,"etroubles",-0.0100181048691326,0.592352702528853,0.443237739691159,0.72730358051926,FALSE,FALSE,FALSE,FALSE,FALSE,FALSE
2075,"etroubles",-0.0802462282261533,-0.846394344441618,0.200407262854234,0.181231970134057,FALSE,FALSE,FALSE,FALSE,FALSE,FALSE
2076,"etroubles",0.0171491975335343,0.652405845025271,0.556931953164772,0.750212116069913,FALSE,FALSE,FALSE,FALSE,FALSE,FALSE
2077,"etroubles",-0.00645215530125753,0.536909027255141,0.460037332428305,0.707449516375361,FALSE,FALSE,FALSE,FALSE,FALSE,FALSE
2078,"etroubles",-0.052164737739723,0.612153329294437,0.282877990836586,0.735109451892075,FALSE,FALSE,FALSE,FALSE,FALSE,FALSE
2079,"etroubles",0.0645410030959592,0.503884026814449,0.73833361615476,0.697777023587307,FALSE,FALSE,FALSE,FALSE,FALSE,FALSE
2080,"etroubles",-0.117026660068763,0.341874823892586,0.12642117766842,0.634311895469201,FALSE,FALSE,FALSE,FALSE,FALSE,FALSE
2081,"etroubles",0.114516148776115,0.518353836460682,0.871542508060411,0.702189037841507,FALSE,FALSE,FALSE,FALSE,FALSE,FALSE
2082,"etroubles",-0.049649145729262,0.333639214369903,0.290683862209401,0.632445274053962,FALSE,FALSE,FALSE,FALSE,FALSE,FALSE
2083,"etroubles",-0.0865108438021753,0.215312113809399,0.185304598676396,0.577464788732394,FALSE,FALSE,FALSE,FALSE,FALSE,FALSE
2084,"etroubles",0.0364035923155974,0.475345716303163,0.634820974036993,0.687765145087392,FALSE,FALSE,FALSE,FALSE,FALSE,FALSE
2085,"etroubles",-0.0671872913604794,0.387735075257138,0.236551841167487,0.653487188189377,FALSE,FALSE,FALSE,FALSE,FALSE,FALSE
2086,"etroubles",-0.0235269575953048,0.58248368143858,0.38808756151366,0.724079416256576,FALSE,FALSE,FALSE,FALSE,FALSE,FALSE
2087,"etroubles",-0.102056886550224,0.10158009592951,0.152553877481758,0.532496181910742,FALSE,FALSE,FALSE,FALSE,FALSE,FALSE
2088,"etroubles",-0.00810265263897847,0.631676287179669,0.452910232479213,0.743254708976752,FALSE,FALSE,FALSE,FALSE,FALSE,FALSE
2089,"etroubles",0.0684365597390411,0.25508081783511,0.750890887493637,0.597488545732225,FALSE,FALSE,FALSE,FALSE,FALSE,FALSE
2090,"etroubles",0.0503498969286387,0.406130378621956,0.682504666553538,0.660444595282539,FALSE,FALSE,FALSE,FALSE,FALSE,FALSE
2091,"etroubles",0.076822209983419,0.498822123840257,0.776344815883251,0.695061937892415,FALSE,FALSE,FALSE,FALSE,FALSE,FALSE
2092,"etroubles",0.0919786129721292,0.721117670723645,0.818598337010012,0.769726794501951,FALSE,FALSE,FALSE,FALSE,FALSE,FALSE
2093,"etroubles",0.0809398800992618,0.722362115822364,0.789071780078059,0.769896487357882,FALSE,FALSE,FALSE,FALSE,FALSE,FALSE
2094,"etroubles",0.0710149701653684,0.917297708928192,0.758527066010521,0.818937722721873,FALSE,FALSE,FALSE,FALSE,FALSE,FALSE
2095,"etroubles",0.0418017302357452,0.154788630307017,0.653826573901239,0.553707788902087,FALSE,FALSE,FALSE,FALSE,FALSE,FALSE
2096,"etroubles",0.112051324348412,0.423822926761047,0.866112336670626,0.668759545223146,FALSE,FALSE,FALSE,FALSE,FALSE,FALSE
2097,"etroubles",-0.268103666266917,0.571485899412464,0.0339385711861531,0.720176480570168,FALSE,FALSE,FALSE,FALSE,FALSE,FALSE
2098,"fenis",0.0393328986372534,-1.66102623257763,0.645511623960631,0.0602409638554217,FALSE,FALSE,FALSE,FALSE,FALSE,FALSE
2099,"fenis",-0.0449879707648968,-1.17994644466431,0.308501612082131,0.115900220600713,FALSE,FALSE,FALSE,FALSE,FALSE,FALSE
2100,"fenis",0.0196680349687739,0.125421859973095,0.569658917359579,0.540811131851349,FALSE,FALSE,FALSE,FALSE,FALSE,FALSE
2101,"fenis",0.0499098546119487,0.347118115359691,0.680468352282369,0.63634820974037,FALSE,FALSE,FALSE,FALSE,FALSE,FALSE
2102,"fenis",0.0733713064338346,0.176750274715186,0.765145087391821,0.564059053113864,FALSE,FALSE,FALSE,FALSE,FALSE,FALSE
2103,"fenis",-0.0379500032794429,-0.237597141821683,0.331749533344646,0.384184625827253,FALSE,FALSE,FALSE,FALSE,FALSE,FALSE
2104,"fenis",-0.0355685664111771,-0.787657811861746,0.341252333276769,0.198031562871203,FALSE,FALSE,FALSE,FALSE,FALSE,FALSE
2105,"fenis",0.0342500501455234,-0.637164922041082,0.626675716952316,0.23723061259121,FALSE,FALSE,FALSE,FALSE,FALSE,FALSE
2106,"fenis",0.0626857073231264,-0.538427866444997,0.731376209061599,0.268454098082471,FALSE,FALSE,FALSE,FALSE,FALSE,FALSE
2107,"fenis",0.0421478554100325,-0.033241554176884,0.655014423892754,0.471576446631597,FALSE,FALSE,FALSE,FALSE,FALSE,FALSE
2108,"fenis",-0.0946061304211536,-0.273379887289581,0.167995927371458,0.367045647378245,FALSE,FALSE,FALSE,FALSE,FALSE,FALSE
2109,"fenis",-0.0287185401626555,-0.24013548823948,0.370100118784999,0.382827082979807,FALSE,FALSE,FALSE,FALSE,FALSE,FALSE
2110,"fenis",0.0298556019560579,0.0565697269885538,0.609536738503309,0.510605803495673,FALSE,FALSE,FALSE,FALSE,FALSE,FALSE
2111,"fenis",-0.0239655513763264,0.663007778961561,0.387239097234006,0.752418123197013,FALSE,FALSE,FALSE,FALSE,FALSE,FALSE
2112,"fenis",0.0750907422660987,-0.644077314920029,0.770575258781605,0.235194298320041,FALSE,FALSE,FALSE,FALSE,FALSE,FALSE
2113,"fenis",0.02042532578694,-1.91541103187789,0.571864924486679,0.0408959782793144,FALSE,FALSE,FALSE,FALSE,FALSE,FALSE
2114,"fenis",0.127765271733223,-2.09990329626509,0.891735957916172,0.0293568640760224,FALSE,FALSE,FALSE,FALSE,FALSE,FALSE
2115,"fenis",0.0198337418997649,-0.663798073370329,0.570167995927371,0.230273205498049,FALSE,FALSE,FALSE,FALSE,FALSE,FALSE
2116,"fenis",-0.0572681143157379,-0.0691035148432349,0.267096555235025,0.457491939589343,FALSE,FALSE,FALSE,FALSE,FALSE,FALSE
2117,"fenis",-0.00467999848945055,0.227229658229721,0.467673510945189,0.58323434583404,FALSE,FALSE,FALSE,FALSE,FALSE,FALSE
2118,"fenis",0.0491860090317857,0.254034943587312,0.678262345155269,0.596979467164432,FALSE,FALSE,FALSE,FALSE,FALSE,FALSE
2119,"fenis",0.073436238232965,0.584160191685503,0.765654165959613,0.724588494824368,FALSE,FALSE,FALSE,FALSE,FALSE,FALSE
2120,"fenis",-0.0893597961427606,-2.11409935228416,0.17953504157475,0.0288477855082301,FALSE,FALSE,FALSE,FALSE,FALSE,FALSE
2121,"fenis",0.00273469882351307,-2.60391058077723,0.497878839300865,0.0103512642117767,FALSE,FALSE,FALSE,FALSE,FALSE,FALSE
2122,"fenis",0.0190604865179829,-2.40415652968063,0.566604445952825,0.0164602070252842,FALSE,FALSE,FALSE,FALSE,FALSE,FALSE
2123,"fenis",-0.0290674754627993,-2.04130629183039,0.368572883081622,0.0329204140505685,FALSE,FALSE,FALSE,FALSE,FALSE,FALSE
2124,"fenis",0.0792055781432026,-1.60848711545493,0.784320380111997,0.0655014423892754,FALSE,FALSE,FALSE,FALSE,FALSE,FALSE
2125,"fenis",0.0380355334450773,-1.46888841689066,0.641438995418293,0.080264720855252,FALSE,FALSE,FALSE,FALSE,FALSE,FALSE
2126,"fenis",0.0613956770293846,-1.25033631650166,0.725776344815883,0.105039877821144,FALSE,FALSE,FALSE,FALSE,FALSE,FALSE
2127,"fenis",-0.0322037331365497,-0.165173353209631,0.355167147463092,0.417614118445613,FALSE,FALSE,FALSE,FALSE,FALSE,FALSE
2128,"fenis",-0.0860730045966367,-0.300072410111225,0.186831834379773,0.354997454607161,FALSE,FALSE,FALSE,FALSE,FALSE,FALSE
2129,"fenis",-0.0666304289264019,-0.133092548818246,0.238248769726795,0.432207704055659,FALSE,FALSE,FALSE,FALSE,FALSE,FALSE
2130,"fenis",0.0487673520678591,-0.257219042984643,0.677413880875615,0.375021211606991,FALSE,FALSE,FALSE,FALSE,FALSE,FALSE
2131,"fenis",0.0031980338556945,0.81113515298645,0.499745460716104,0.793653487188189,FALSE,FALSE,FALSE,FALSE,FALSE,FALSE
2132,"fenis",-0.109820873752897,0.320356709787791,0.137620906159851,0.62531817410487,FALSE,FALSE,FALSE,FALSE,FALSE,FALSE
2133,"fenis",-0.066283659861659,0.938136550287364,0.238588155438656,0.824367894111658,FALSE,FALSE,FALSE,FALSE,FALSE,FALSE
2134,"fenis",-0.0207059085124879,-0.240803077749626,0.400644832852537,0.382318004412014,FALSE,FALSE,FALSE,FALSE,FALSE,FALSE
2135,"fenis",-0.0886156569959677,-0.454610739176362,0.180892584422196,0.299847276429662,FALSE,FALSE,FALSE,FALSE,FALSE,FALSE
2136,"fenis",0.0579876001908133,-0.336480005970716,0.711352452061768,0.341252333276769,FALSE,FALSE,FALSE,FALSE,FALSE,FALSE
2137,"fenis",-0.0142541115216464,0.605971756724377,0.425419989818429,0.733412523332768,FALSE,FALSE,FALSE,FALSE,FALSE,FALSE
2138,"fenis",0.059715631952729,0.688272221654565,0.717122009163414,0.759884608857967,FALSE,FALSE,FALSE,FALSE,FALSE,FALSE
2139,"fenis",-0.0563998727379378,-0.104983977356442,0.269811640929917,0.443916511114882,FALSE,FALSE,FALSE,FALSE,FALSE,FALSE
2140,"fenis",-0.0558462915101892,-0.274865338432387,0.271508569489225,0.366536568810453,FALSE,FALSE,FALSE,FALSE,FALSE,FALSE
2141,"fenis",-0.0132777007389215,-0.407799444967993,0.429153232648905,0.315289326319362,FALSE,FALSE,FALSE,FALSE,FALSE,FALSE
2142,"fenis",0.038265627873022,-0.416063236065406,0.64296623112167,0.313253012048193,FALSE,FALSE,FALSE,FALSE,FALSE,FALSE
2143,"fenis",0.00259845835519634,0.511857104612172,0.497369760733073,0.699304259290684,FALSE,FALSE,FALSE,FALSE,FALSE,FALSE
2144,"fenis",-0.157905895781163,-0.214332495670653,0.0826404208382827,0.395893432886475,FALSE,FALSE,FALSE,FALSE,FALSE,FALSE
2145,"fenis",-0.0247409692090148,0.291844228309639,0.384524011539114,0.613948752757509,FALSE,FALSE,FALSE,FALSE,FALSE,FALSE
2146,"fenis",-0.0241845539103576,-0.289150862339072,0.386220940098422,0.359409468861361,FALSE,FALSE,FALSE,FALSE,FALSE,FALSE
2147,"fenis",-0.046366799838351,-0.336543253608688,0.304428983539793,0.341082640420838,FALSE,FALSE,FALSE,FALSE,FALSE,FALSE
2148,"fenis",0.0373142884537092,-0.171102222138788,0.638723909723401,0.413880875615137,FALSE,FALSE,FALSE,FALSE,FALSE,FALSE
2149,"fenis",0.00459610854458425,0.50115674085171,0.506533174953334,0.696589173595792,FALSE,FALSE,FALSE,FALSE,FALSE,FALSE
2150,"fenis",0.051771130034334,0.465402345808775,0.689971152214492,0.684880366536569,FALSE,FALSE,FALSE,FALSE,FALSE,FALSE
2151,"fenis",-0.0489511372533453,-0.110105146438049,0.294077719328016,0.441710503987782,FALSE,FALSE,FALSE,FALSE,FALSE,FALSE
2152,"fenis",-0.0193301527211265,-0.551527070623193,0.40573561853046,0.263702698116409,FALSE,FALSE,FALSE,FALSE,FALSE,FALSE
2153,"fenis",0.0327769854715658,-0.695187658998082,0.620736466994739,0.220600712709995,FALSE,FALSE,FALSE,FALSE,FALSE,FALSE
2154,"fenis",0.0242774807125326,-0.10331426958805,0.584591888681486,0.444764975394536,FALSE,FALSE,FALSE,FALSE,FALSE,FALSE
2155,"fenis",0.0437889117917685,-0.00349765200977417,0.660953673850331,0.48566095367385,FALSE,FALSE,FALSE,FALSE,FALSE,FALSE
2156,"fenis",-0.0755014349962906,-0.44981649668144,0.212285762769387,0.300865433565247,FALSE,FALSE,FALSE,FALSE,FALSE,FALSE
2157,"fenis",-0.0766643533217035,0.181910960252361,0.209740369930426,0.565077210249448,FALSE,FALSE,FALSE,FALSE,FALSE,FALSE
2158,"fenis",-0.0233842654868646,-0.241536272770575,0.388936025793314,0.38146954013236,FALSE,FALSE,FALSE,FALSE,FALSE,FALSE
2159,"fenis",-0.0419450039929234,-0.179076358398916,0.318683183437977,0.409808247072798,FALSE,FALSE,FALSE,FALSE,FALSE,FALSE
2160,"fenis",0.0343264670122423,-0.166658381760056,0.627184795520109,0.416426268454098,FALSE,FALSE,FALSE,FALSE,FALSE,FALSE
2161,"fenis",-0.0335769800115031,0.277973900498341,0.350585440352961,0.606991345664348,FALSE,FALSE,FALSE,FALSE,FALSE,FALSE
2162,"fenis",0.0155017611759245,0.0849944156225493,0.550992703207195,0.523163074834549,FALSE,FALSE,FALSE,FALSE,FALSE,FALSE
2163,"fenis",-0.104305977381307,-0.510737974188823,0.148141863227558,0.278635669438317,FALSE,FALSE,FALSE,FALSE,FALSE,FALSE
2164,"fenis",-0.0101094402078115,-0.68241132656712,0.442898353979297,0.224164262684541,FALSE,FALSE,FALSE,FALSE,FALSE,FALSE
2165,"fenis",0.0351740952840753,-0.361625561194842,0.632275581198032,0.331919226200577,FALSE,FALSE,FALSE,FALSE,FALSE,FALSE
2166,"fenis",0.0157862098663344,-0.709529956096099,0.551671474630918,0.216697777023587,FALSE,FALSE,FALSE,FALSE,FALSE,FALSE
2167,"fenis",0.0561503764052578,-0.260276861162955,0.704225352112676,0.373663668759545,FALSE,FALSE,FALSE,FALSE,FALSE,FALSE
2168,"fenis",-0.0714125471537042,-0.0121654557317844,0.22399456982861,0.482097403699304,FALSE,FALSE,FALSE,FALSE,FALSE,FALSE
2169,"fenis",0.00136197896700807,0.145484243573243,0.492957746478873,0.550653317495333,FALSE,FALSE,FALSE,FALSE,FALSE,FALSE
2170,"fenis",0.0896429407469785,-0.302843143703151,0.811980315628712,0.353470218903784,FALSE,FALSE,FALSE,FALSE,FALSE,FALSE
2171,"fenis",0.0454464451916419,-0.359391386866292,0.6674020023757,0.332937383336162,FALSE,FALSE,FALSE,FALSE,FALSE,FALSE
2172,"fenis",0.111035623505652,-0.402873466400164,0.863227558119803,0.317834719158323,FALSE,FALSE,FALSE,FALSE,FALSE,FALSE
2173,"fenis",0.0368512936456611,0.365854176716238,0.636687595452231,0.645511623960631,FALSE,FALSE,FALSE,FALSE,FALSE,FALSE
2174,"fenis",0.119382976469909,0.354048910807574,0.879687765145087,0.640081452570847,FALSE,FALSE,FALSE,FALSE,FALSE,FALSE
2175,"fenis",0.07990730437837,0.0496831636024634,0.786017308671305,0.508908874936365,FALSE,FALSE,FALSE,FALSE,FALSE,FALSE
2176,"fenis",0.0241117397310422,-0.860337958234394,0.583404038689971,0.178856270151027,FALSE,FALSE,FALSE,FALSE,FALSE,FALSE
2177,"fenis",0.0500276994909878,-0.688247819775545,0.68080773799423,0.222467334125233,FALSE,FALSE,FALSE,FALSE,FALSE,FALSE
2178,"fenis",-0.30024514177309,-0.57029706826946,0.028169014084507,0.256236212455456,FALSE,FALSE,FALSE,FALSE,FALSE,FALSE
2179,"fontainemore",0.0165925407705174,-1.06485345443712,0.554895638893603,0.136263363312405,FALSE,FALSE,FALSE,FALSE,FALSE,FALSE
2180,"fontainemore",0.0152200195046994,-0.600445402794437,0.549465467503818,0.248600033938571,FALSE,FALSE,FALSE,FALSE,FALSE,FALSE
2181,"fontainemore",0.0745768287016002,-0.148870044554286,0.769048023078228,0.424401832682844,FALSE,FALSE,FALSE,FALSE,FALSE,FALSE
2182,"fontainemore",0.020887016359854,-0.0696418607565535,0.573731545901918,0.457322246733413,FALSE,FALSE,FALSE,FALSE,FALSE,FALSE
2183,"fontainemore",0.119882977654415,-0.670022724319227,0.88036653656881,0.22840658408281,FALSE,FALSE,FALSE,FALSE,FALSE,FALSE
2184,"fontainemore",-0.0376033143866987,0.133291948961297,0.332937383336162,0.544883760393687,FALSE,FALSE,FALSE,FALSE,FALSE,FALSE
2185,"fontainemore",-0.036506008142613,-0.203911116856175,0.337519090446292,0.400814525708468,FALSE,FALSE,FALSE,FALSE,FALSE,FALSE
2186,"fontainemore",0.02157597229,0.102217542499329,0.576786017308671,0.533005260478534,FALSE,FALSE,FALSE,FALSE,FALSE,FALSE
2187,"fontainemore",-0.00034209721771461,-0.104233862559289,0.48549126081792,0.444086203970813,FALSE,FALSE,FALSE,FALSE,FALSE,FALSE
2188,"fontainemore",0.0612266476696526,-0.245762732667344,0.724758187680299,0.378924147293399,FALSE,FALSE,FALSE,FALSE,FALSE,FALSE
2189,"fontainemore",-0.0679290142203275,-0.634819920899343,0.234515526896318,0.238248769726795,FALSE,FALSE,FALSE,FALSE,FALSE,FALSE
2190,"fontainemore",0.010089106762841,-0.260893720361845,0.530290174783642,0.373324283047684,FALSE,FALSE,FALSE,FALSE,FALSE,FALSE
2191,"fontainemore",0.0424435016278615,0.442883144888692,0.6563719667402,0.676565416595961,FALSE,FALSE,FALSE,FALSE,FALSE,FALSE
2192,"fontainemore",0.0256091567000993,0.495110944142167,0.591549295774648,0.693534702189038,FALSE,FALSE,FALSE,FALSE,FALSE,FALSE
2193,"fontainemore",0.296338995753148,-0.511374327506732,0.979297471576447,0.278126590870524,TRUE,FALSE,FALSE,TRUE,FALSE,FALSE
2194,"fontainemore",0.115448075070816,-0.999609675373058,0.872900050907857,0.145766163244527,FALSE,FALSE,FALSE,FALSE,FALSE,FALSE
2195,"fontainemore",0.240987558417572,-1.18516293285329,0.970473443068047,0.114882063465128,TRUE,FALSE,FALSE,TRUE,FALSE,FALSE
2196,"fontainemore",-0.0562479198231856,0.0654611406441813,0.27049041235364,0.515357203461734,FALSE,FALSE,FALSE,FALSE,FALSE,FALSE
2197,"fontainemore",-0.0119879773379559,0.262326598854825,0.433734939759036,0.599694552859325,FALSE,FALSE,FALSE,FALSE,FALSE,FALSE
2198,"fontainemore",0.0753122751102335,0.763717870035244,0.771423723061259,0.782114372984897,FALSE,FALSE,FALSE,FALSE,FALSE,FALSE
2199,"fontainemore",0.0829090034766971,0.790233948973735,0.79382318004412,0.78941116578992,FALSE,FALSE,FALSE,FALSE,FALSE,FALSE
2200,"fontainemore",0.0808083056085902,0.247149850895199,0.788902087222128,0.592906838622094,FALSE,FALSE,FALSE,FALSE,FALSE,FALSE
2201,"fontainemore",0.038678046496555,-1.24265151312001,0.644154081113185,0.10639742066859,FALSE,FALSE,FALSE,FALSE,FALSE,FALSE
2202,"fontainemore",0.0143532051638964,-1.01782050203762,0.545901917529272,0.143729848973358,FALSE,FALSE,FALSE,FALSE,FALSE,FALSE
2203,"fontainemore",0.0287317368596867,-2.35718495917938,0.605464109960971,0.0179874427286611,FALSE,FALSE,FALSE,FALSE,FALSE,FALSE
2204,"fontainemore",-0.000887271065357353,-1.89775367581978,0.48345494654675,0.0414050568471067,FALSE,FALSE,FALSE,FALSE,FALSE,FALSE
2205,"fontainemore",0.0571060684814437,-1.68393650793435,0.708297980655014,0.0576955710164602,FALSE,FALSE,FALSE,FALSE,FALSE,FALSE
2206,"fontainemore",-0.0195286713889544,-1.38511056984378,0.404717461394875,0.0884099779399287,FALSE,FALSE,FALSE,FALSE,FALSE,FALSE
2207,"fontainemore",0.0152327233114473,-1.74162959270219,0.549635160359749,0.052774478194468,FALSE,FALSE,FALSE,FALSE,FALSE,FALSE
2208,"fontainemore",-0.149652347462029,0.742421764591246,0.0885796707958595,0.775156965891736,FALSE,FALSE,FALSE,FALSE,FALSE,FALSE
2209,"fontainemore",-0.134389491230847,0.615657498903716,0.102155099270321,0.736636687595452,FALSE,FALSE,FALSE,FALSE,FALSE,FALSE
2210,"fontainemore",-0.0187156064993808,0.832591348402215,0.408111318513491,0.800271508569489,FALSE,FALSE,FALSE,FALSE,FALSE,FALSE
2211,"fontainemore",-0.0483279598582733,-0.182571183265599,0.296962497878839,0.408959782793144,FALSE,FALSE,FALSE,FALSE,FALSE,FALSE
2212,"fontainemore",0.0345286256402506,0.127732389146611,0.628033259799762,0.541998981842864,FALSE,FALSE,FALSE,FALSE,FALSE,FALSE
2213,"fontainemore",-0.07394241339661,-0.217806802102104,0.216867469879518,0.39470558289496,FALSE,FALSE,FALSE,FALSE,FALSE,FALSE
2214,"fontainemore",-0.0430440002076633,0.318735496915056,0.31478024775157,0.624978788393009,FALSE,FALSE,FALSE,FALSE,FALSE,FALSE
2215,"fontainemore",-0.0299831300716065,-0.883422058506506,0.364500254539284,0.171898863057865,FALSE,FALSE,FALSE,FALSE,FALSE,FALSE
2216,"fontainemore",-0.0311415773509989,-1.15128035227091,0.360088240285084,0.120481927710843,FALSE,FALSE,FALSE,FALSE,FALSE,FALSE
2217,"fontainemore",0.093453622191781,-1.16535899335816,0.821992194128627,0.118784999151536,FALSE,FALSE,FALSE,FALSE,FALSE,FALSE
2218,"fontainemore",-0.0485039089046335,-0.979919653244481,0.295944340743255,0.148990327507212,FALSE,FALSE,FALSE,FALSE,FALSE,FALSE
2219,"fontainemore",0.00421406047590622,0.215952495148464,0.505175632105888,0.577804174444256,FALSE,FALSE,FALSE,FALSE,FALSE,FALSE
2220,"fontainemore",-0.110912819662904,0.402163281052881,0.135754284744612,0.659426438146954,FALSE,FALSE,FALSE,FALSE,FALSE,FALSE
2221,"fontainemore",-0.0921025239798237,-0.518090597744677,0.174613948752758,0.275581198031563,FALSE,FALSE,FALSE,FALSE,FALSE,FALSE
2222,"fontainemore",0.00605412400811645,0.0293066489842055,0.51213303919905,0.500254539283896,FALSE,FALSE,FALSE,FALSE,FALSE,FALSE
2223,"fontainemore",-0.100514793203461,-0.129141621180334,0.155438656032581,0.434413711182759,FALSE,FALSE,FALSE,FALSE,FALSE,FALSE
2224,"fontainemore",-0.0822785347406256,0.254419255402897,0.194637705752588,0.597149160020363,FALSE,FALSE,FALSE,FALSE,FALSE,FALSE
2225,"fontainemore",-0.179135255921365,-0.829995145801779,0.0695740709316138,0.18632275581198,FALSE,FALSE,FALSE,FALSE,FALSE,FALSE
2226,"fontainemore",-0.0726192589956369,-0.199051494757713,0.220770405565926,0.403190225691498,FALSE,FALSE,FALSE,FALSE,FALSE,FALSE
2227,"fontainemore",-0.0307938802123608,-0.792302556563368,0.361615475988461,0.196843712879688,FALSE,FALSE,FALSE,FALSE,FALSE,FALSE
2228,"fontainemore",-0.190424686667628,-0.704304008836212,0.0629560495503139,0.218734091294756,FALSE,FALSE,FALSE,FALSE,FALSE,FALSE
2229,"fontainemore",-0.0397453851939016,-0.73898437247142,0.325810283387069,0.210249448498218,FALSE,FALSE,FALSE,FALSE,FALSE,FALSE
2230,"fontainemore",-0.0913917188713089,0.0754360801852003,0.176650263023927,0.518581367724419,FALSE,FALSE,FALSE,FALSE,FALSE,FALSE
2231,"fontainemore",-0.0776485136125533,-0.97188178261191,0.206516205667741,0.151196334634312,FALSE,FALSE,FALSE,FALSE,FALSE,FALSE
2232,"fontainemore",-0.156711537724739,-0.0553984776529633,0.0836585779738673,0.46343118954692,FALSE,FALSE,FALSE,FALSE,FALSE,FALSE
2233,"fontainemore",-0.0814175656407805,0.0248061280636373,0.197861870015272,0.497539453589004,FALSE,FALSE,FALSE,FALSE,FALSE,FALSE
2234,"fontainemore",-0.0432489076128721,-0.0163226589403958,0.314610554895639,0.481758017987443,FALSE,FALSE,FALSE,FALSE,FALSE,FALSE
2235,"fontainemore",-0.0886335154830959,0.206742648879808,0.180722891566265,0.574749703037502,FALSE,FALSE,FALSE,FALSE,FALSE,FALSE
2236,"fontainemore",0.0334725458657879,0.0910980729177751,0.623960631257424,0.527066010520957,FALSE,FALSE,FALSE,FALSE,FALSE,FALSE
2237,"fontainemore",-0.064503932735402,-0.998692831750983,0.245375869675887,0.146105548956389,FALSE,FALSE,FALSE,FALSE,FALSE,FALSE
2238,"fontainemore",-0.0571260741469395,0.2374663546043,0.267435940946886,0.588325131511963,FALSE,FALSE,FALSE,FALSE,FALSE,FALSE
2239,"fontainemore",-0.00801265003288165,-0.586340007172721,0.453249618191074,0.251993891057187,FALSE,FALSE,FALSE,FALSE,FALSE,FALSE
2240,"fontainemore",-0.0198012049459724,-0.64074522341256,0.40352961140336,0.236042762599695,FALSE,FALSE,FALSE,FALSE,FALSE,FALSE
2241,"fontainemore",0.0545729567726063,-0.898762116665267,0.699813337858476,0.167656541659596,FALSE,FALSE,FALSE,FALSE,FALSE,FALSE
2242,"fontainemore",-0.0347193205225533,-0.301310993401656,0.344815883251315,0.354318683183438,FALSE,FALSE,FALSE,FALSE,FALSE,FALSE
2243,"fontainemore",0.0769360189746475,-0.501243540357317,0.777023587306974,0.282199219412863,FALSE,FALSE,FALSE,FALSE,FALSE,FALSE
2244,"fontainemore",-0.088389114740961,-0.481296749395691,0.181401662989988,0.290174783641609,FALSE,FALSE,FALSE,FALSE,FALSE,FALSE
2245,"fontainemore",0.039976951047576,-0.16679609566342,0.647208552519939,0.416256575598167,FALSE,FALSE,FALSE,FALSE,FALSE,FALSE
2246,"fontainemore",0.0879595941576845,0.183499645792988,0.807737994230443,0.566265060240964,FALSE,FALSE,FALSE,FALSE,FALSE,FALSE
2247,"fontainemore",-0.0608605551634263,-0.508445599316053,0.256236212455456,0.27948413371797,FALSE,FALSE,FALSE,FALSE,FALSE,FALSE
2248,"fontainemore",0.029796094315083,-0.4847641845323,0.609367045647378,0.288817240794163,FALSE,FALSE,FALSE,FALSE,FALSE,FALSE
2249,"fontainemore",-0.0697588626065873,-1.11366484107058,0.228745969794672,0.127269641948074,FALSE,FALSE,FALSE,FALSE,FALSE,FALSE
2250,"fontainemore",0.00547311710778864,0.0279342837701036,0.509417953504158,0.499575767860173,FALSE,FALSE,FALSE,FALSE,FALSE,FALSE
2251,"fontainemore",0.0861779441748016,-0.865898972190138,0.804344137111828,0.177668420159511,FALSE,FALSE,FALSE,FALSE,FALSE,FALSE
2252,"fontainemore",0.0304468716719839,-0.616115018826288,0.612082131342271,0.244018326828441,FALSE,FALSE,FALSE,FALSE,FALSE,FALSE
2253,"fontainemore",0.134363219000022,-0.844265399089075,0.901747836416087,0.182250127269642,TRUE,FALSE,FALSE,FALSE,FALSE,FALSE
2254,"fontainemore",-0.0336871388165623,-1.07693675559914,0.349736976073307,0.133548277617512,FALSE,FALSE,FALSE,FALSE,FALSE,FALSE
2255,"fontainemore",0.137397468221296,-0.332772195875403,0.904802307822841,0.342609876124215,TRUE,FALSE,FALSE,FALSE,FALSE,FALSE
2256,"fontainemore",0.0605249691576368,0.391942718162299,0.721024944849822,0.655184116748685,FALSE,FALSE,FALSE,FALSE,FALSE,FALSE
2257,"fontainemore",0.0490049614924644,-0.388972923857951,0.677922959443407,0.322416426268454,FALSE,FALSE,FALSE,FALSE,FALSE,FALSE
2258,"fontainemore",0.0636171935779277,-0.431714194744969,0.733751909044629,0.308840997793993,FALSE,FALSE,FALSE,FALSE,FALSE,FALSE
2259,"fontainemore",-0.352507254123731,-0.439838772529004,0.0188359070083149,0.305786526387239,FALSE,FALSE,FALSE,FALSE,FALSE,FALSE
2260,"gaby",-0.0107632328093494,-0.0889293011763791,0.439504496860682,0.450873918208043,FALSE,FALSE,FALSE,FALSE,FALSE,FALSE
2261,"gaby",-0.0825530085369763,0.301707410173059,0.193958934328865,0.618021381299847,FALSE,FALSE,FALSE,FALSE,FALSE,FALSE
2262,"gaby",-0.0296215286805221,0.7199738934025,0.366706261666384,0.76938740879009,FALSE,FALSE,FALSE,FALSE,FALSE,FALSE
2263,"gaby",0.0442424320935437,0.668785205780975,0.662820295265569,0.754454437468183,FALSE,FALSE,FALSE,FALSE,FALSE,FALSE
2264,"gaby",0.0065944210731832,-2.3402676564003,0.514678432038011,0.0193449855761072,FALSE,FALSE,FALSE,FALSE,FALSE,FALSE
2265,"gaby",-0.100912665819463,0.249362545577487,0.154590191752927,0.594603767181402,FALSE,FALSE,FALSE,FALSE,FALSE,FALSE
2266,"gaby",0.0715570357820603,0.0459264949260304,0.759714916002036,0.506533174953334,FALSE,FALSE,FALSE,FALSE,FALSE,FALSE
2267,"gaby",0.0904612636523616,0.110975248708166,0.813846937043951,0.535041574749703,FALSE,FALSE,FALSE,FALSE,FALSE,FALSE
2268,"gaby",-0.00941924641795211,-0.398003249694034,0.446122518241982,0.319531647717631,FALSE,FALSE,FALSE,FALSE,FALSE,FALSE
2269,"gaby",0.0729265868566511,-0.582612959475001,0.763787544544375,0.253012048192771,FALSE,FALSE,FALSE,FALSE,FALSE,FALSE
2270,"gaby",0.127470631358966,-2.66253488533736,0.891226879348379,0.0083149499406075,FALSE,FALSE,FALSE,FALSE,FALSE,FALSE
2271,"gaby",0.00121113004648521,0.682748012399703,0.491600203631427,0.758017987442729,FALSE,FALSE,FALSE,FALSE,FALSE,FALSE
2272,"gaby",0.0150816432795224,1.32957437097605,0.548617003224164,0.910741557780417,FALSE,TRUE,FALSE,FALSE,FALSE,FALSE
2273,"gaby",-0.0353857151197996,1.5068759780273,0.341931104700492,0.938401493297132,FALSE,TRUE,FALSE,FALSE,FALSE,FALSE
2274,"gaby",-0.0483890941123306,0.199939357063959,0.296792805022909,0.571525538774818,FALSE,FALSE,FALSE,FALSE,FALSE,FALSE
2275,"gaby",-0.262407626884771,-1.14841669673517,0.0358051926013915,0.121160699134566,FALSE,FALSE,FALSE,FALSE,FALSE,FALSE
2276,"gaby",0.00895931989967025,-1.28865424523434,0.524860003393857,0.0994400135754285,FALSE,FALSE,FALSE,FALSE,FALSE,FALSE
2277,"gaby",0.0591619911343493,-0.133937422965131,0.715594773460037,0.431359239776005,FALSE,FALSE,FALSE,FALSE,FALSE,FALSE
2278,"gaby",0.0637208934028042,0.661709889406318,0.734430680468352,0.751399966061429,FALSE,FALSE,FALSE,FALSE,FALSE,FALSE
2279,"gaby",0.0839701122937679,0.892390997122054,0.796368572883082,0.812828779908366,FALSE,FALSE,FALSE,FALSE,FALSE,FALSE
2280,"gaby",-0.0614737964498087,0.559625307718444,0.25504836246394,0.715425080604107,FALSE,FALSE,FALSE,FALSE,FALSE,FALSE
2281,"gaby",-0.00128635152831436,-1.35582357516212,0.48124893941965,0.0912947564907517,FALSE,FALSE,FALSE,FALSE,FALSE,FALSE
2282,"gaby",0.0271394309769466,-1.28241281741876,0.598506702867809,0.100458170711013,FALSE,FALSE,FALSE,FALSE,FALSE,FALSE
2283,"gaby",0.10013371798771,-1.8507791462018,0.838791786865773,0.0449686068216528,FALSE,FALSE,FALSE,FALSE,FALSE,FALSE
2284,"gaby",0.0846232693881532,-2.45861403305931,0.797556422874597,0.0142541998981843,FALSE,FALSE,FALSE,FALSE,FALSE,FALSE
2285,"gaby",-0.0200131213837267,-1.11235649612359,0.403020532835568,0.127948413371797,FALSE,FALSE,FALSE,FALSE,FALSE,FALSE
2286,"gaby",-0.0655353407529784,0.602361716796703,0.24164262684541,0.732394366197183,FALSE,FALSE,FALSE,FALSE,FALSE,FALSE
2287,"gaby",0.0250650329060189,-0.360066904829253,0.589512981503479,0.332767690480231,FALSE,FALSE,FALSE,FALSE,FALSE,FALSE
2288,"gaby",-0.0465870989581312,-0.257482771214072,0.303580519260139,0.374851518751061,FALSE,FALSE,FALSE,FALSE,FALSE,FALSE
2289,"gaby",-0.145782504683636,0.540013943221104,0.0929916850500594,0.707788902087222,FALSE,FALSE,FALSE,FALSE,FALSE,FALSE
2290,"gaby",-0.0577852682828013,0.675428193618512,0.265060240963855,0.756830137451213,FALSE,FALSE,FALSE,FALSE,FALSE,FALSE
2291,"gaby",0.00431411876107113,0.883750636368669,0.505684710673681,0.810283387069404,FALSE,FALSE,FALSE,FALSE,FALSE,FALSE
2292,"gaby",-0.0657515664516151,0.673803303991437,0.240624469709825,0.75598167317156,FALSE,FALSE,FALSE,FALSE,FALSE,FALSE
2293,"gaby",0.117722461999239,0.236992930853024,0.876972679450195,0.588155438656033,FALSE,FALSE,FALSE,FALSE,FALSE,FALSE
2294,"gaby",-0.105234317795892,0.70512966899415,0.14627524181232,0.764805701679959,FALSE,FALSE,FALSE,FALSE,FALSE,FALSE
2295,"gaby",0.0337515808761495,1.51738002038512,0.624809095537078,0.940946886136094,FALSE,TRUE,FALSE,FALSE,FALSE,FALSE
2296,"gaby",-0.0335784641556316,0.423537308850876,0.35041574749703,0.668420159511285,FALSE,FALSE,FALSE,FALSE,FALSE,FALSE
2297,"gaby",-0.108484557238391,0.269175713078372,0.140505684710674,0.603767181401663,FALSE,FALSE,FALSE,FALSE,FALSE,FALSE
2298,"gaby",0.0846054374552772,0.449118767191434,0.797386730018666,0.679280502290854,FALSE,FALSE,FALSE,FALSE,FALSE,FALSE
2299,"gaby",-0.0286889054403101,0.49318736737506,0.370778890208722,0.692516545053453,FALSE,FALSE,FALSE,FALSE,FALSE,FALSE
2300,"gaby",-0.149050436259486,0.596684725727473,0.0894281350755133,0.729339894790429,FALSE,FALSE,FALSE,FALSE,FALSE,FALSE
2301,"gaby",0.0181794830171853,0.368468652317799,0.562871203122349,0.647038859664008,FALSE,FALSE,FALSE,FALSE,FALSE,FALSE
2302,"gaby",0.0928682918414214,0.387736372439702,0.82046495842525,0.653656881045308,FALSE,FALSE,FALSE,FALSE,FALSE,FALSE
2303,"gaby",0.0849072072374426,0.176589235762999,0.798913965722043,0.563889360257933,FALSE,FALSE,FALSE,FALSE,FALSE,FALSE
2304,"gaby",-0.106091837507719,-0.108755255713994,0.144917698964874,0.442219582555574,FALSE,FALSE,FALSE,FALSE,FALSE,FALSE
2305,"gaby",-0.00333267826602501,0.607464631010414,0.473952146614628,0.73392160190056,FALSE,FALSE,FALSE,FALSE,FALSE,FALSE
2306,"gaby",-0.0631190700515987,-0.148632347032004,0.249787883930087,0.424571525538775,FALSE,FALSE,FALSE,FALSE,FALSE,FALSE
2307,"gaby",0.0271665173193263,1.01782750827498,0.599015781435602,0.843203801119973,FALSE,FALSE,FALSE,FALSE,FALSE,FALSE
2308,"gaby",0.03220583493394,0.615408537169472,0.619039538435432,0.73612760902766,FALSE,FALSE,FALSE,FALSE,FALSE,FALSE
2309,"gaby",-0.0821774584383057,0.727710914442185,0.195825555744103,0.771423723061259,FALSE,FALSE,FALSE,FALSE,FALSE,FALSE
2310,"gaby",-0.0539428874988541,0.5265822198972,0.277447819446801,0.705243509248261,FALSE,FALSE,FALSE,FALSE,FALSE,FALSE
2311,"gaby",0.024795674212502,0.919271958586236,0.587816052944171,0.819107415577804,FALSE,FALSE,FALSE,FALSE,FALSE,FALSE
2312,"gaby",-0.155056159084827,0.201928656021931,0.0850161208213134,0.572204310198541,FALSE,FALSE,FALSE,FALSE,FALSE,FALSE
2313,"gaby",-0.0287081177872146,0.244868852139263,0.370439504496861,0.591888681486509,FALSE,FALSE,FALSE,FALSE,FALSE,FALSE
2314,"gaby",0.0607193285466483,0.204210540821861,0.722382487697268,0.573731545901918,FALSE,FALSE,FALSE,FALSE,FALSE,FALSE
2315,"gaby",0.0387409897353503,-0.040439814834349,0.644323773969116,0.468861360936705,FALSE,FALSE,FALSE,FALSE,FALSE,FALSE
2316,"gaby",-0.160065060133027,0.173332904241827,0.0811131851349058,0.562531817410487,FALSE,FALSE,FALSE,FALSE,FALSE,FALSE
2317,"gaby",0.15767809461622,0.115392630609308,0.928389614797217,0.536059731885288,TRUE,FALSE,FALSE,FALSE,FALSE,FALSE
2318,"gaby",-0.114549734696242,-0.354649239396066,0.129984727642966,0.3348040047514,FALSE,FALSE,FALSE,FALSE,FALSE,FALSE
2319,"gaby",0.061666769508312,0.915308263141755,0.728152044798914,0.81825895129815,FALSE,FALSE,FALSE,FALSE,FALSE,FALSE
2320,"gaby",2.5633192468867,0.530835941369922,0.999490921432208,0.706431359239776,TRUE,FALSE,FALSE,TRUE,FALSE,FALSE
2321,"gaby",-0.238894691130074,0.500626717930465,0.041914135414899,0.695910402172069,FALSE,FALSE,FALSE,FALSE,FALSE,FALSE
2322,"gaby",-0.0730185525205336,-0.279047813641505,0.220091634142203,0.365348718818938,FALSE,FALSE,FALSE,FALSE,FALSE,FALSE
2323,"gaby",-0.022253071902103,0.04238938293206,0.394026811471237,0.505175632105888,FALSE,FALSE,FALSE,FALSE,FALSE,FALSE
2324,"gaby",0.0477656054625939,0.0593340907420179,0.674698795180723,0.51213303919905,FALSE,FALSE,FALSE,FALSE,FALSE,FALSE
2325,"gaby",0.0624881634885224,0.321927265481819,0.730358051926014,0.626336331240455,FALSE,FALSE,FALSE,FALSE,FALSE,FALSE
2326,"gaby",-0.119715062997765,-0.23254338291362,0.121839470558289,0.38588155438656,FALSE,FALSE,FALSE,FALSE,FALSE,FALSE
2327,"gaby",-0.0206709843250845,-0.00524647800450442,0.400814525708468,0.485321567961989,FALSE,FALSE,FALSE,FALSE,FALSE,FALSE
2328,"gaby",-0.251231856785253,-0.0525355013809536,0.0380111997284914,0.465128118106228,FALSE,FALSE,FALSE,FALSE,FALSE,FALSE
2329,"gaby",0.152212617594497,0.620846477129066,0.922110979127779,0.739012387578483,TRUE,FALSE,FALSE,FALSE,FALSE,FALSE
2330,"gaby",-1.12163441636269,0.275477143566843,0.00118784999151536,0.606312574240624,FALSE,FALSE,FALSE,FALSE,FALSE,FALSE
2331,"gaby",0.0255997138596289,0.503207874106389,0.591379602918717,0.697267945019515,FALSE,FALSE,FALSE,FALSE,FALSE,FALSE
2332,"gaby",-0.0169946867029651,0.283069734631955,0.41472933989479,0.609027659935517,FALSE,FALSE,FALSE,FALSE,FALSE,FALSE
2333,"gaby",0.0701759217716198,0.142720628559145,0.75598167317156,0.549295774647887,FALSE,FALSE,FALSE,FALSE,FALSE,FALSE
2334,"gaby",0.109067593490494,0.601212337404935,0.858985236721534,0.73171559477346,FALSE,FALSE,FALSE,FALSE,FALSE,FALSE
2335,"gaby",0.150351656770313,-0.0711163657252432,0.920074664856609,0.456304089597828,TRUE,FALSE,FALSE,FALSE,FALSE,FALSE
2336,"gaby",0.121765196255444,-0.201677475382469,0.883930086543356,0.402172068555914,FALSE,FALSE,FALSE,FALSE,FALSE,FALSE
2337,"gaby",-0.392576073105131,-0.257011788812138,0.0154420498896996,0.375190904462922,FALSE,FALSE,FALSE,FALSE,FALSE,FALSE
2338,"gignod",0.135296572074211,-0.504365552043689,0.902765993551671,0.281181062277278,TRUE,FALSE,FALSE,FALSE,FALSE,FALSE
2339,"gignod",0.184873677970749,-0.508124956796448,0.95112845749194,0.279653826573901,TRUE,FALSE,FALSE,TRUE,FALSE,FALSE
2340,"gignod",-0.0105228881917796,-0.21554965786379,0.440352961140336,0.395554047174614,FALSE,FALSE,FALSE,FALSE,FALSE,FALSE
2341,"gignod",-0.0120679528985619,0.137621804904189,0.433395554047175,0.546241303241134,FALSE,FALSE,FALSE,FALSE,FALSE,FALSE
2342,"gignod",0.00877239664749041,-0.314452802706505,0.523841846258273,0.349906668929238,FALSE,FALSE,FALSE,FALSE,FALSE,FALSE
2343,"gignod",-0.105473042313374,-0.283673187129476,0.145596470388597,0.362463940268115,FALSE,FALSE,FALSE,FALSE,FALSE,FALSE
2344,"gignod",-0.147881861881757,-0.540631322652313,0.0902765993551671,0.267605633802817,FALSE,FALSE,FALSE,FALSE,FALSE,FALSE
2345,"gignod",-0.529582462008189,-0.426471743103447,0.00475139996606143,0.309859154929577,FALSE,FALSE,FALSE,FALSE,FALSE,FALSE
2346,"gignod",0.587493543545985,-0.413109870426051,0.997115221449177,0.314440862039708,TRUE,FALSE,FALSE,TRUE,FALSE,FALSE
2347,"gignod",-0.0317634781723957,-0.603822458098363,0.357373154590192,0.247751569658917,FALSE,FALSE,FALSE,FALSE,FALSE,FALSE
2348,"gignod",0.209127799887765,-0.557213692079447,0.963006957407093,0.260648226709656,TRUE,FALSE,FALSE,TRUE,FALSE,FALSE
2349,"gignod",-0.0568341430700041,0.115265689105498,0.268114712370609,0.535890039029357,FALSE,FALSE,FALSE,FALSE,FALSE,FALSE
2350,"gignod",0.0636099569964426,0.690707962069289,0.733582216188698,0.760902765993552,FALSE,FALSE,FALSE,FALSE,FALSE,FALSE
2351,"gignod",0.180445809139398,0.488698992562993,0.948243678941117,0.691328695061938,TRUE,FALSE,FALSE,FALSE,FALSE,FALSE
2352,"gignod",-0.065593729198552,-0.460831317272369,0.241303241133548,0.296623112166978,FALSE,FALSE,FALSE,FALSE,FALSE,FALSE
2353,"gignod",-0.606496734829232,-1.80971527484436,0.00305447140675378,0.047004921092822,FALSE,FALSE,FALSE,FALSE,FALSE,FALSE
2354,"gignod",0.363987280275015,-1.99860130152652,0.985915492957746,0.0363142711691838,TRUE,FALSE,FALSE,TRUE,FALSE,FALSE
2355,"gignod",0.101069413251361,-0.42979251608775,0.84252502969625,0.309350076361785,FALSE,FALSE,FALSE,FALSE,FALSE,FALSE
2356,"gignod",0.00972289529586234,-0.12376865730841,0.52774478194468,0.435940946886136,FALSE,FALSE,FALSE,FALSE,FALSE,FALSE
2357,"gignod",-0.107509305048067,0.352608164841404,0.142881384693704,0.639063295435262,FALSE,FALSE,FALSE,FALSE,FALSE,FALSE
2358,"gignod",0.374367309694524,-0.0860860820843908,0.986424571525539,0.45223146105549,TRUE,FALSE,FALSE,TRUE,FALSE,FALSE
2359,"gignod",0.176443099095016,-0.264584162462484,0.944340743254709,0.370948583064653,TRUE,FALSE,FALSE,FALSE,FALSE,FALSE
2360,"gignod",-0.457206624799944,-0.265815320082201,0.00950279993212286,0.370778890208722,FALSE,FALSE,FALSE,FALSE,FALSE,FALSE
2361,"gignod",-0.200255548439346,-0.975491825864042,0.0597318852876294,0.15068725606652,FALSE,FALSE,FALSE,FALSE,FALSE,FALSE
2362,"gignod",-0.108659445064397,-1.93838876916843,0.139996606142881,0.0386899711522145,FALSE,FALSE,FALSE,FALSE,FALSE,FALSE
2363,"gignod",-0.380443749014013,-1.11253070485848,0.016629899881215,0.127778720515866,FALSE,FALSE,FALSE,FALSE,FALSE,FALSE
2364,"gignod",-0.30745825572134,-0.816521575093305,0.0257933141014763,0.191074155778042,FALSE,FALSE,FALSE,FALSE,FALSE,FALSE
2365,"gignod",-0.258987006464443,-0.417938474356857,0.0366536568810453,0.312404547768539,FALSE,FALSE,FALSE,FALSE,FALSE,FALSE
2366,"gignod",-0.306010925733352,-0.349059062311538,0.0268114712370609,0.337349397590361,FALSE,FALSE,FALSE,FALSE,FALSE,FALSE
2367,"gignod",-0.431826559932215,-0.276868960444743,0.0118784999151536,0.366027490242661,FALSE,FALSE,FALSE,FALSE,FALSE,FALSE
2368,"gignod",-0.426904116135253,-0.166539985348898,0.0123875784829459,0.416595961310029,FALSE,FALSE,FALSE,FALSE,FALSE,FALSE
2369,"gignod",-0.375694906653418,-0.209294094973845,0.0171389784490073,0.397929747157645,FALSE,FALSE,FALSE,FALSE,FALSE,FALSE
2370,"gignod",-0.210800176967281,-0.0992642329759697,0.0529441710503988,0.446122518241982,FALSE,FALSE,FALSE,FALSE,FALSE,FALSE
2371,"gignod",-0.0918407919612019,-0.0220975214338327,0.175632105888342,0.478364160868827,FALSE,FALSE,FALSE,FALSE,FALSE,FALSE
2372,"gignod",-0.178105110972426,0.428345232183429,0.0704225352112676,0.670626166638384,FALSE,FALSE,FALSE,FALSE,FALSE,FALSE
2373,"gignod",-0.0817077966660129,0.527386382050905,0.196674020023757,0.705582894960122,FALSE,FALSE,FALSE,FALSE,FALSE,FALSE
2374,"gignod",-0.0656909833606001,-0.72162685683938,0.240794162565756,0.214491769896487,FALSE,FALSE,FALSE,FALSE,FALSE,FALSE
2375,"gignod",-0.00438219351821978,-0.691675474208769,0.469709825216358,0.221618869845579,FALSE,FALSE,FALSE,FALSE,FALSE,FALSE
2376,"gignod",0.12191637924755,-0.497501583630436,0.884439165111149,0.28389614797217,FALSE,FALSE,FALSE,FALSE,FALSE,FALSE
2377,"gignod",0.0462949914278479,0.227561638725755,0.670117088070592,0.583573731545902,FALSE,FALSE,FALSE,FALSE,FALSE,FALSE
2378,"gignod",0.185050582848298,0.269478006452895,0.95129815034787,0.604106567113525,TRUE,FALSE,FALSE,TRUE,FALSE,FALSE
2379,"gignod",0.0107649605219358,-0.21792300714093,0.53215679619888,0.394366197183099,FALSE,FALSE,FALSE,FALSE,FALSE,FALSE
2380,"gignod",-0.106897111452177,-0.231352702601991,0.143729848973358,0.386220940098422,FALSE,FALSE,FALSE,FALSE,FALSE,FALSE
2381,"gignod",0.00795717295350684,-0.243882683922859,0.520617681995588,0.379942304428984,FALSE,FALSE,FALSE,FALSE,FALSE,FALSE
2382,"gignod",0.171774389387805,-0.807012235874871,0.941455964703886,0.19294077719328,TRUE,FALSE,FALSE,FALSE,FALSE,FALSE
2383,"gignod",0.0659568937805339,-0.464173828984902,0.742066858985237,0.295944340743255,FALSE,FALSE,FALSE,FALSE,FALSE,FALSE
2384,"gignod",-0.143739092070939,-0.297025299608601,0.0950279993212286,0.355845918886815,FALSE,FALSE,FALSE,FALSE,FALSE,FALSE
2385,"gignod",-0.107901838811278,-0.0182955520382108,0.141523841846258,0.480400475139997,FALSE,FALSE,FALSE,FALSE,FALSE,FALSE
2386,"gignod",-0.08151713571581,-0.376705283882617,0.197522484303411,0.326489054810792,FALSE,FALSE,FALSE,FALSE,FALSE,FALSE
2387,"gignod",-0.0822588894914258,-0.349709653237728,0.19514678432038,0.3370100118785,FALSE,FALSE,FALSE,FALSE,FALSE,FALSE
2388,"gignod",0.0597283063151117,-0.570098438752215,0.717631087731207,0.256405905311386,FALSE,FALSE,FALSE,FALSE,FALSE,FALSE
2389,"gignod",-0.0916078273130552,0.325975582383389,0.176480570167996,0.628202952655693,FALSE,FALSE,FALSE,FALSE,FALSE,FALSE
2390,"gignod",-0.0151757954394434,0.0816374671588191,0.422704904123536,0.52112676056338,FALSE,FALSE,FALSE,FALSE,FALSE,FALSE
2391,"gignod",0.0176277912926412,-0.073344900529164,0.560495503139318,0.455625318174105,FALSE,FALSE,FALSE,FALSE,FALSE,FALSE
2392,"gignod",-0.265627239418764,-0.285824575364353,0.0351264211776684,0.361785168844392,FALSE,FALSE,FALSE,FALSE,FALSE,FALSE
2393,"gignod",-0.0339654220562213,-0.327255012224903,0.348549126081792,0.344476497539454,FALSE,FALSE,FALSE,FALSE,FALSE,FALSE
2394,"gignod",0.135857896119747,-0.18686031807076,0.903105379263533,0.406923468521975,TRUE,FALSE,FALSE,FALSE,FALSE,FALSE
2395,"gignod",0.0726828742158911,0.00047366583599552,0.762939080264721,0.488206346512812,FALSE,FALSE,FALSE,FALSE,FALSE,FALSE
2396,"gignod",-0.0120153204684321,-0.782791007369515,0.433565246903105,0.199219412862718,FALSE,FALSE,FALSE,FALSE,FALSE,FALSE
2397,"gignod",-0.114921100745931,0.0874216676303699,0.129645341931105,0.525369081961649,FALSE,FALSE,FALSE,FALSE,FALSE,FALSE
2398,"gignod",0.011628974678846,-0.228704025194452,0.535550653317495,0.388257254369591,FALSE,FALSE,FALSE,FALSE,FALSE,FALSE
2399,"gignod",-0.0427407427561963,-0.29933136073457,0.315459019175293,0.355506533174953,FALSE,FALSE,FALSE,FALSE,FALSE,FALSE
2400,"gignod",0.130380263379321,-0.102945961124914,0.895299507890718,0.445274053962328,FALSE,FALSE,FALSE,FALSE,FALSE,FALSE
2401,"gignod",0.11138743507435,-0.144991534276109,0.864585100967249,0.426607839809944,FALSE,FALSE,FALSE,FALSE,FALSE,FALSE
2402,"gignod",0.11126244251583,0.100551413587341,0.864245715255388,0.53215679619888,FALSE,FALSE,FALSE,FALSE,FALSE,FALSE
2403,"gignod",-0.0371113165372812,-0.48160901761669,0.3348040047514,0.290005090785678,FALSE,FALSE,FALSE,FALSE,FALSE,FALSE
2404,"gignod",-0.256228711469012,-0.358097562480943,0.0373324283047684,0.333616154759885,FALSE,FALSE,FALSE,FALSE,FALSE,FALSE
2405,"gignod",0.0999769412768732,-0.0918908433697315,0.837943322586119,0.449516375360597,FALSE,FALSE,FALSE,FALSE,FALSE,FALSE
2406,"gignod",0.173418209805204,-0.624298783325688,0.942474121839471,0.24164262684541,TRUE,FALSE,FALSE,FALSE,FALSE,FALSE
2407,"gignod",0.145605280040419,-0.12644762441299,0.916002036314271,0.435262175462413,TRUE,FALSE,FALSE,FALSE,FALSE,FALSE
2408,"gignod",-0.0770535740469498,-0.220460059669868,0.208043441371118,0.393178347191583,FALSE,FALSE,FALSE,FALSE,FALSE,FALSE
2409,"gignod",-0.056022744697545,0.15866045824903,0.270999490921432,0.555065331749533,FALSE,FALSE,FALSE,FALSE,FALSE,FALSE
2410,"gignod",0.100400197195913,-0.395703009076129,0.840149329713219,0.320380111997285,FALSE,FALSE,FALSE,FALSE,FALSE,FALSE
2411,"gignod",0.0985125327320269,-0.267638294553946,0.833531308331919,0.369251654505345,FALSE,FALSE,FALSE,FALSE,FALSE,FALSE
2412,"gignod",0.100149845324168,-0.33068122062455,0.838961479721704,0.343288647547938,FALSE,FALSE,FALSE,FALSE,FALSE,FALSE
2413,"gignod",-0.032782137089141,-0.106306803078482,0.35262175462413,0.443237739691159,FALSE,FALSE,FALSE,FALSE,FALSE,FALSE
2414,"gignod",0.048073913127368,0.302850200886403,0.675716952316307,0.61853045986764,FALSE,FALSE,FALSE,FALSE,FALSE,FALSE
2415,"gignod",0.0186430014486483,0.0987990920959845,0.564737824537587,0.531817410487018,FALSE,FALSE,FALSE,FALSE,FALSE,FALSE
2416,"gignod",0.00297514503739293,-0.479353740720749,0.498557610724588,0.290853555065332,FALSE,FALSE,FALSE,FALSE,FALSE,FALSE
2417,"gignod",-0.0328846584658109,-0.358512225657671,0.352282368912269,0.333276769048023,FALSE,FALSE,FALSE,FALSE,FALSE,FALSE
2418,"gignod",0.063971958100689,-0.544939803075256,0.73612760902766,0.265739012387578,FALSE,FALSE,FALSE,FALSE,FALSE,FALSE
2419,"gressan",-0.178472477776017,0.597374975000465,0.0700831494994061,0.729679280502291,FALSE,FALSE,FALSE,FALSE,FALSE,FALSE
2420,"gressan",-0.0553462930996265,0.821977543653664,0.272866112336671,0.796368572883082,FALSE,FALSE,FALSE,FALSE,FALSE,FALSE
2421,"gressan",0.0316587308420715,1.19590890760457,0.617342609876124,0.88477855082301,FALSE,FALSE,FALSE,FALSE,FALSE,FALSE
2422,"gressan",-0.0739372049791989,0.389492541681338,0.217037162735449,0.6541659596131,FALSE,FALSE,FALSE,FALSE,FALSE,FALSE
2423,"gressan",-0.240631161131837,-0.212855718467006,0.041235363991176,0.39691159002206,FALSE,FALSE,FALSE,FALSE,FALSE,FALSE
2424,"gressan",0.0297565149560253,0.543519814818253,0.608688274223655,0.708976752078737,FALSE,FALSE,FALSE,FALSE,FALSE,FALSE
2425,"gressan",0.0697289685112938,0.0975645009340571,0.754454437468183,0.531478024775157,FALSE,FALSE,FALSE,FALSE,FALSE,FALSE
2426,"gressan",0.0208856828040744,-0.0582465913061322,0.573561853045987,0.462073646699474,FALSE,FALSE,FALSE,FALSE,FALSE,FALSE
2427,"gressan",-0.0910241837185861,-0.6133159895971,0.177498727303581,0.245545562531817,FALSE,FALSE,FALSE,FALSE,FALSE,FALSE
2428,"gressan",0.0941057742979403,-0.272948710477481,0.823349736976073,0.367215340234176,FALSE,FALSE,FALSE,FALSE,FALSE,FALSE
2429,"gressan",0.467184292572087,-0.262312032270249,0.9933819786187,0.37247581876803,TRUE,FALSE,FALSE,TRUE,FALSE,FALSE
2430,"gressan",-0.103650134281811,1.02723794576328,0.150347870354658,0.845240115391142,FALSE,FALSE,FALSE,FALSE,FALSE,FALSE
2431,"gressan",-0.0555079835955254,1.82144073421255,0.272187340912948,0.97115221449177,FALSE,TRUE,FALSE,FALSE,TRUE,FALSE
2432,"gressan",-0.00779454912571964,1.82390963675057,0.45443746818259,0.971491600203631,FALSE,TRUE,FALSE,FALSE,TRUE,FALSE
2433,"gressan",-0.368363410167953,1.37239029569864,0.0174783641608688,0.917698964873579,FALSE,TRUE,FALSE,FALSE,FALSE,FALSE
2434,"gressan",-0.277739522858056,-2.06404267464093,0.0325810283387069,0.030375021211607,FALSE,FALSE,FALSE,FALSE,FALSE,FALSE
2435,"gressan",0.0517776628898172,-1.03954316208015,0.690140845070423,0.140335991854743,FALSE,FALSE,FALSE,FALSE,FALSE,FALSE
2436,"gressan",-0.00328348111550802,-0.149850927509588,0.474291532326489,0.423892754115052,FALSE,FALSE,FALSE,FALSE,FALSE,FALSE
2437,"gressan",0.103386800674349,0.261960940600466,0.847276429662311,0.599524860003394,FALSE,FALSE,FALSE,FALSE,FALSE,FALSE
2438,"gressan",0.0383672773397095,0.451819290233368,0.643305616833531,0.680468352282369,FALSE,FALSE,FALSE,FALSE,FALSE,FALSE
2439,"gressan",-0.0265182910604072,0.089430740497869,0.377905990157814,0.525708467673511,FALSE,FALSE,FALSE,FALSE,FALSE,FALSE
2440,"gressan",0.185125989600431,-0.0707994798768963,0.951467843203801,0.45681316816562,TRUE,FALSE,FALSE,TRUE,FALSE,FALSE
2441,"gressan",0.114439244690468,0.0953962405554376,0.871203122348549,0.530120481927711,FALSE,FALSE,FALSE,FALSE,FALSE,FALSE
2442,"gressan",0.391270072994315,-0.658546143592772,0.987782114372985,0.231630748345495,TRUE,FALSE,FALSE,TRUE,FALSE,FALSE
2443,"gressan",-0.455098518062027,-0.467746924216482,0.00984218564398439,0.295095876463601,FALSE,FALSE,FALSE,FALSE,FALSE,FALSE
2444,"gressan",-0.28863638978482,0.00567731479762058,0.0300356354997455,0.490242660783981,FALSE,FALSE,FALSE,FALSE,FALSE,FALSE
2445,"gressan",0.0237945624842393,0.395482158863707,0.582555574410317,0.656541659596131,FALSE,FALSE,FALSE,FALSE,FALSE,FALSE
2446,"gressan",-0.0176664504089299,0.768172148662982,0.41235363991176,0.783641608688274,FALSE,FALSE,FALSE,FALSE,FALSE,FALSE
2447,"gressan",0.0125559508904391,-0.439674321938826,0.539114203292041,0.30595621924317,FALSE,FALSE,FALSE,FALSE,FALSE,FALSE
2448,"gressan",-0.0117826440626523,0.870398553968774,0.434922789750551,0.807907687086374,FALSE,FALSE,FALSE,FALSE,FALSE,FALSE
2449,"gressan",0.0433599425234945,0.472730522539151,0.658238588155439,0.687086373663669,FALSE,FALSE,FALSE,FALSE,FALSE,FALSE
2450,"gressan",0.00995399004424335,0.597688843003976,0.529272017648057,0.730018666214152,FALSE,FALSE,FALSE,FALSE,FALSE,FALSE
2451,"gressan",-0.0923086550958345,0.168962332150951,0.174274563040896,0.559816731715595,FALSE,FALSE,FALSE,FALSE,FALSE,FALSE
2452,"gressan",0.0856354436876536,0.224982132296578,0.802477515696589,0.582046495842525,FALSE,FALSE,FALSE,FALSE,FALSE,FALSE
2453,"gressan",0.378774614967268,0.328625854091608,0.9867639572374,0.629899881215001,TRUE,FALSE,FALSE,TRUE,FALSE,FALSE
2454,"gressan",0.197901687660101,1.79654158454673,0.96012217885627,0.969794671644324,TRUE,TRUE,TRUE,TRUE,TRUE,TRUE
2455,"gressan",-0.0367872393872695,0.934602235130823,0.335822161886985,0.823858815543866,FALSE,FALSE,FALSE,FALSE,FALSE,FALSE
2456,"gressan",0.0723902428028733,0.868666679056833,0.761920923129136,0.807228915662651,FALSE,FALSE,FALSE,FALSE,FALSE,FALSE
2457,"gressan",0.22163366860388,0.944402980189624,0.966400814525708,0.826234515526896,TRUE,FALSE,FALSE,TRUE,FALSE,FALSE
2458,"gressan",-0.0614915947777472,0.803442549322462,0.254878669608009,0.791956558628882,FALSE,FALSE,FALSE,FALSE,FALSE,FALSE
2459,"gressan",-0.237211916591965,0.297858255031085,0.0422535211267606,0.616663838452401,FALSE,FALSE,FALSE,FALSE,FALSE,FALSE
2460,"gressan",-0.0366687294538437,0.117716399486098,0.336331240454777,0.536908196164941,FALSE,FALSE,FALSE,FALSE,FALSE,FALSE
2461,"gressan",0.0662460697945662,0.365454672838689,0.743085016120821,0.645341931104701,FALSE,FALSE,FALSE,FALSE,FALSE,FALSE
2462,"gressan",0.0309011889895228,0.0345928472792321,0.614797217037163,0.502290853555065,FALSE,FALSE,FALSE,FALSE,FALSE,FALSE
2463,"gressan",-0.0646844270055045,-0.675565080126857,0.244188019684371,0.225691498387918,FALSE,FALSE,FALSE,FALSE,FALSE,FALSE
2464,"gressan",0.188279951930067,-0.0523231740393999,0.953673850330901,0.465467503818089,TRUE,FALSE,FALSE,TRUE,FALSE,FALSE
2465,"gressan",0.283898499531775,-0.613580917060914,0.977430850161208,0.245375869675887,TRUE,FALSE,FALSE,TRUE,FALSE,FALSE
2466,"gressan",0.0171296950452984,0.970224689651013,0.556762260308841,0.833191922620058,FALSE,FALSE,FALSE,FALSE,FALSE,FALSE
2467,"gressan",-0.0920575794245462,0.827856590704265,0.174783641608688,0.798574580010182,FALSE,FALSE,FALSE,FALSE,FALSE,FALSE
2468,"gressan",-0.0435576364109043,0.958918029932684,0.313592397760054,0.830816222637027,FALSE,FALSE,FALSE,FALSE,FALSE,FALSE
2469,"gressan",0.0160863358358814,1.00133701225675,0.553029017478364,0.840658408281011,FALSE,FALSE,FALSE,FALSE,FALSE,FALSE
2470,"gressan",-0.17395155532901,0.667360855142279,0.0733073137620906,0.75377566604446,FALSE,FALSE,FALSE,FALSE,FALSE,FALSE
2471,"gressan",-0.209471128729364,-0.12546990187621,0.0544714067537757,0.435431868318344,FALSE,FALSE,FALSE,FALSE,FALSE,FALSE
2472,"gressan",-0.0217093636276857,0.0396333772187052,0.396402511454268,0.504157474970304,FALSE,FALSE,FALSE,FALSE,FALSE,FALSE
2473,"gressan",0.0686333027013859,0.169355694543958,0.75156965891736,0.560325810283387,FALSE,FALSE,FALSE,FALSE,FALSE,FALSE
2474,"gressan",-0.00764375671892381,-0.125405783657066,0.455455625318174,0.435601561174275,FALSE,FALSE,FALSE,FALSE,FALSE,FALSE
2475,"gressan",-0.0933645653688302,-0.544211075914585,0.171729170201935,0.26607839809944,FALSE,FALSE,FALSE,FALSE,FALSE,FALSE
2476,"gressan",0.0751940747620239,-0.406333677945378,0.771084337349398,0.315798404887154,FALSE,FALSE,FALSE,FALSE,FALSE,FALSE
2477,"gressan",0.494129715308311,-0.752129763214859,0.994739521466146,0.207534362803326,TRUE,FALSE,FALSE,TRUE,FALSE,FALSE
2478,"gressan",0.0643306596960276,1.11311692102968,0.737994230442898,0.868318343797726,FALSE,FALSE,FALSE,FALSE,FALSE,FALSE
2479,"gressan",-0.151069613765562,0.963908500031324,0.0880705922280672,0.831664686916681,FALSE,FALSE,FALSE,FALSE,FALSE,FALSE
2480,"gressan",-0.052899317548853,0.873061152657562,0.280332597997624,0.808247072798235,FALSE,FALSE,FALSE,FALSE,FALSE,FALSE
2481,"gressan",0.0217340890537319,0.946333442078568,0.577634481588325,0.827422365518412,FALSE,FALSE,FALSE,FALSE,FALSE,FALSE
2482,"gressan",-0.314588245653475,0.571909418024412,0.024605464109961,0.720346173426099,FALSE,FALSE,FALSE,FALSE,FALSE,FALSE
2483,"gressan",-0.09490397087548,-0.173925964543686,0.167486848803665,0.41252333276769,FALSE,FALSE,FALSE,FALSE,FALSE,FALSE
2484,"gressan",-0.0476904714609017,-0.286709556608239,0.300186662141524,0.361276090276599,FALSE,FALSE,FALSE,FALSE,FALSE,FALSE
2485,"gressan",0.0618965194872327,0.182005298607624,0.728830816222637,0.565246903105379,FALSE,FALSE,FALSE,FALSE,FALSE,FALSE
2486,"gressan",0.0199639176673365,0.102078253726491,0.570677074495164,0.532835567622603,FALSE,FALSE,FALSE,FALSE,FALSE,FALSE
2487,"gressan",-0.0366625890476939,-0.889484962254794,0.336500933310708,0.170032241642627,FALSE,FALSE,FALSE,FALSE,FALSE,FALSE
2488,"gressan",0.085820804816608,-0.657767154542462,0.803495672832174,0.232309519769218,FALSE,FALSE,FALSE,FALSE,FALSE,FALSE
2489,"gressan",0.0875803202846352,-0.351581274277578,0.806889529950789,0.336331240454777,FALSE,FALSE,FALSE,FALSE,FALSE,FALSE
2490,"gressan",0.394315299222255,1.02198372299373,0.988121500084846,0.844052265399627,TRUE,FALSE,FALSE,TRUE,FALSE,FALSE
2491,"gressan",-0.122884557205545,0.719511362803338,0.11759714916002,0.768878330222298,FALSE,FALSE,FALSE,FALSE,FALSE,FALSE
2492,"gressan",0.0919431584441082,0.85783084133856,0.81825895129815,0.805022908535551,FALSE,FALSE,FALSE,FALSE,FALSE,FALSE
2493,"gressan",0.120654740660511,1.10396390223137,0.882742236551841,0.866451722382488,FALSE,FALSE,FALSE,FALSE,FALSE,FALSE
2494,"gressan",-0.127481514460404,0.320361625008161,0.110639742066859,0.625487866960801,FALSE,FALSE,FALSE,FALSE,FALSE,FALSE
2495,"gressan",-0.0645953227068965,-0.174158507172836,0.244527405396233,0.412014254199898,FALSE,FALSE,FALSE,FALSE,FALSE,FALSE
2496,"gressan",0.100980965556062,0.152416103324561,0.842355336840319,0.552689631766503,FALSE,FALSE,FALSE,FALSE,FALSE,FALSE
2497,"gressan",0.131331999964253,-0.133124869223295,0.897166129305956,0.432038011199729,FALSE,FALSE,FALSE,FALSE,FALSE,FALSE
2498,"gressan",0.0974651351304257,-0.0991354760742692,0.830646529781096,0.446292211097913,FALSE,FALSE,FALSE,FALSE,FALSE,FALSE
2499,"gressan",-0.271700954711672,-0.90287268286796,0.0335991854742915,0.16629899881215,FALSE,FALSE,FALSE,FALSE,FALSE,FALSE
2500,"gressoney la trinite",0.113888975817558,1.31521602325101,0.870354658068895,0.906668929238079,FALSE,TRUE,FALSE,FALSE,FALSE,FALSE
2501,"gressoney la trinite",-0.0692902056057001,1.28904383914689,0.229764126930256,0.901917529272018,FALSE,TRUE,FALSE,FALSE,FALSE,FALSE
2502,"gressoney la trinite",0.00366057346529125,1.85729811196308,0.501781774987273,0.973697607330731,FALSE,TRUE,FALSE,FALSE,TRUE,FALSE
2503,"gressoney la trinite",-0.232097958840217,1.59708075571599,0.0444595282538605,0.950449686068217,FALSE,TRUE,FALSE,FALSE,TRUE,FALSE
2504,"gressoney la trinite",-0.306951732372191,0.274109653973938,0.0261326998133379,0.605633802816901,FALSE,FALSE,FALSE,FALSE,FALSE,FALSE
2505,"gressoney la trinite",-0.0312667730962524,1.09100633000443,0.359070083149499,0.862379093840149,FALSE,FALSE,FALSE,FALSE,FALSE,FALSE
2506,"gressoney la trinite",0.123397946207344,0.989347541178423,0.885966400814526,0.838282708297981,FALSE,FALSE,FALSE,FALSE,FALSE,FALSE
2507,"gressoney la trinite",0.076025029314291,1.08524034899311,0.773120651620567,0.860682165280842,FALSE,FALSE,FALSE,FALSE,FALSE,FALSE
2508,"gressoney la trinite",-0.0967539270782076,1.07852443071347,0.163414220261327,0.859154929577465,FALSE,FALSE,FALSE,FALSE,FALSE,FALSE
2509,"gressoney la trinite",-0.00571406994435542,-0.749595524192625,0.46343118954692,0.20838282708298,FALSE,FALSE,FALSE,FALSE,FALSE,FALSE
2510,"gressoney la trinite",0.499637778047262,0.120604517894553,0.994909214322077,0.53877481758018,TRUE,FALSE,FALSE,TRUE,FALSE,FALSE
2511,"gressoney la trinite",0.0115550062460645,1.93401022981262,0.535041574749703,0.981503478703547,FALSE,TRUE,FALSE,FALSE,TRUE,FALSE
2512,"gressoney la trinite",0.104832826934615,2.45673484752206,0.851009672492788,0.995757678601731,FALSE,TRUE,FALSE,FALSE,TRUE,FALSE
2513,"gressoney la trinite",0.00632268388128132,2.38159669611317,0.513490582046496,0.995248600033939,FALSE,TRUE,FALSE,FALSE,TRUE,FALSE
2514,"gressoney la trinite",-0.574834055087631,1.83930809383207,0.00424232139826913,0.973188528762939,FALSE,TRUE,FALSE,FALSE,TRUE,FALSE
2515,"gressoney la trinite",-0.593850473142162,-1.23237542849919,0.0039029356864076,0.107415577804174,FALSE,FALSE,FALSE,FALSE,FALSE,FALSE
2516,"gressoney la trinite",0.117483756381095,-1.64262798400311,0.876124215170541,0.0629560495503139,FALSE,FALSE,FALSE,FALSE,FALSE,FALSE
2517,"gressoney la trinite",0.0428475284448808,1.31243333434449,0.657390123875785,0.905990157814356,FALSE,TRUE,FALSE,FALSE,FALSE,FALSE
2518,"gressoney la trinite",0.199799331401213,1.95661765209344,0.960631257424062,0.982521635839131,TRUE,TRUE,TRUE,TRUE,TRUE,TRUE
2519,"gressoney la trinite",0.100457967106809,1.89965152604436,0.840488715425081,0.977091464449347,FALSE,TRUE,FALSE,FALSE,TRUE,FALSE
2520,"gressoney la trinite",-0.209273838976609,1.83363631600476,0.0546410996097064,0.972509757339216,FALSE,TRUE,FALSE,FALSE,TRUE,FALSE
2521,"gressoney la trinite",0.44238618816059,0.0305920433675995,0.991854742915323,0.500763617851688,TRUE,FALSE,FALSE,TRUE,FALSE,FALSE
2522,"gressoney la trinite",-0.0813587421483053,-1.3248160406686,0.198031562871203,0.0950279993212286,FALSE,FALSE,FALSE,FALSE,FALSE,FALSE
2523,"gressoney la trinite",0.379303895853324,-0.417854885208412,0.986933650093331,0.31257424062447,TRUE,FALSE,FALSE,TRUE,FALSE,FALSE
2524,"gressoney la trinite",-0.504557474811955,-0.827713115842662,0.00661802138129985,0.187001527235703,FALSE,FALSE,FALSE,FALSE,FALSE,FALSE
2525,"gressoney la trinite",-0.230992166545157,-0.437577680626925,0.044798913965722,0.307313762090616,FALSE,FALSE,FALSE,FALSE,FALSE,FALSE
2526,"gressoney la trinite",0.046981128652785,0.989611997811971,0.672153402341761,0.838622094009842,FALSE,FALSE,FALSE,FALSE,FALSE,FALSE
2527,"gressoney la trinite",0.138111733208049,-1.97230282024253,0.905650772102494,0.0368233497369761,TRUE,FALSE,FALSE,FALSE,FALSE,FALSE
2528,"gressoney la trinite",0.139878805923891,0.617068309587578,0.908026472085525,0.737145766163245,TRUE,FALSE,FALSE,FALSE,FALSE,FALSE
2529,"gressoney la trinite",0.0999997003288069,1.93187073712532,0.83811301544205,0.980994400135754,FALSE,TRUE,FALSE,FALSE,TRUE,FALSE
2530,"gressoney la trinite",0.142553837501788,1.6359833190798,0.911929407771933,0.955879857458001,TRUE,TRUE,TRUE,FALSE,TRUE,FALSE
2531,"gressoney la trinite",0.0935461643294548,1.91116794560442,0.822161886984558,0.978449007296793,FALSE,TRUE,FALSE,FALSE,TRUE,FALSE
2532,"gressoney la trinite",-0.15869492107775,2.19406205087534,0.0819616494145596,0.991006278635669,FALSE,TRUE,FALSE,FALSE,TRUE,FALSE
2533,"gressoney la trinite",0.0174621202145495,1.16301721206649,0.55879857458001,0.879008993721364,FALSE,FALSE,FALSE,FALSE,FALSE,FALSE
2534,"gressoney la trinite",0.453102855179315,0.550243127425374,0.992533514339046,0.711352452061768,TRUE,FALSE,FALSE,TRUE,FALSE,FALSE
2535,"gressoney la trinite",0.32642928054476,2.75673959042045,0.982861021550993,0.999830307144069,TRUE,TRUE,TRUE,TRUE,TRUE,TRUE
2536,"gressoney la trinite",0.0854313868641832,1.5849288977587,0.801968437128797,0.949261836076701,FALSE,TRUE,FALSE,FALSE,FALSE,FALSE
2537,"gressoney la trinite",0.166506869687623,1.35135390363716,0.938231800441201,0.914644493466825,TRUE,TRUE,TRUE,FALSE,FALSE,FALSE
2538,"gressoney la trinite",0.420251720903519,1.28898085345244,0.990497200067877,0.901747836416087,TRUE,TRUE,TRUE,TRUE,FALSE,FALSE
2539,"gressoney la trinite",0.0593701601031427,1.3896189629492,0.71610385202783,0.921262514848125,FALSE,TRUE,FALSE,FALSE,FALSE,FALSE
2540,"gressoney la trinite",-0.683655821084725,0.639480629086677,0.00220600712709995,0.747497030375021,FALSE,FALSE,FALSE,FALSE,FALSE,FALSE
2541,"gressoney la trinite",0.230475812095806,1.14932094219201,0.967928050229085,0.87578482945868,TRUE,FALSE,FALSE,TRUE,FALSE,FALSE
2542,"gressoney la trinite",-0.00296196705056673,1.03211139012481,0.475988460885797,0.846258272526727,FALSE,FALSE,FALSE,FALSE,FALSE,FALSE
2543,"gressoney la trinite",-0.00571310865977459,1.08600802547977,0.463600882402851,0.861191243848634,FALSE,FALSE,FALSE,FALSE,FALSE,FALSE
2544,"gressoney la trinite",-0.181991787361873,0.957893439469261,0.0683862209400984,0.830137451213304,FALSE,FALSE,FALSE,FALSE,FALSE,FALSE
2545,"gressoney la trinite",-0.0935945074028481,0.581430498071042,0.171050398778211,0.723740030544714,FALSE,FALSE,FALSE,FALSE,FALSE,FALSE
2546,"gressoney la trinite",0.582388092206742,-1.24711593573207,0.996775835737315,0.105718649244867,TRUE,FALSE,FALSE,TRUE,FALSE,FALSE
2547,"gressoney la trinite",0.209338341198238,1.89065067576004,0.963176650263024,0.976412693025624,TRUE,TRUE,TRUE,TRUE,TRUE,TRUE
2548,"gressoney la trinite",0.0292442791564422,1.54338112051685,0.607161038520278,0.944340743254709,FALSE,TRUE,FALSE,FALSE,FALSE,FALSE
2549,"gressoney la trinite",0.0245236227110368,1.71106749379463,0.586288817240794,0.963855421686747,FALSE,TRUE,FALSE,FALSE,TRUE,FALSE
2550,"gressoney la trinite",-0.0300217467910429,1.61946293341374,0.364330561683353,0.952825386051247,FALSE,TRUE,FALSE,FALSE,TRUE,FALSE
2551,"gressoney la trinite",-0.219205640660418,1.65114860563944,0.0488715425080604,0.956898014593586,FALSE,TRUE,FALSE,FALSE,TRUE,FALSE
2552,"gressoney la trinite",-0.462737507700647,-0.267048990986311,0.00899372136433056,0.369760733073138,FALSE,FALSE,FALSE,FALSE,FALSE,FALSE
2553,"gressoney la trinite",0.203530498031869,1.5586241442568,0.961479721703716,0.94688613609367,TRUE,TRUE,TRUE,TRUE,FALSE,FALSE
2554,"gressoney la trinite",-0.0466849551176001,1.69568393669414,0.303241133548278,0.962667571695232,FALSE,TRUE,FALSE,FALSE,TRUE,FALSE
2555,"gressoney la trinite",-0.0130828341657097,1.44097815674475,0.43017138978449,0.928898693365009,FALSE,TRUE,FALSE,FALSE,FALSE,FALSE
2556,"gressoney la trinite",-0.159716830528085,1.38219907702824,0.0814525708467674,0.919226200576956,FALSE,TRUE,FALSE,FALSE,FALSE,FALSE
2557,"gressoney la trinite",-0.156150547776749,-0.00292262100630757,0.0843373493975904,0.486339725097573,FALSE,FALSE,FALSE,FALSE,FALSE,FALSE
2558,"gressoney la trinite",0.414241443009818,-1.06541789486411,0.990157814356016,0.136093670456474,TRUE,FALSE,FALSE,TRUE,FALSE,FALSE
2559,"gressoney la trinite",0.101595685239584,1.8049137264945,0.843373493975904,0.970134057356185,FALSE,TRUE,FALSE,FALSE,TRUE,FALSE
2560,"gressoney la trinite",-0.0521323215478926,1.60335312415894,0.283217376548447,0.951467843203801,FALSE,TRUE,FALSE,FALSE,TRUE,FALSE
2561,"gressoney la trinite",0.0376436586228959,1.50161850022133,0.639911759714916,0.938231800441201,FALSE,TRUE,FALSE,FALSE,FALSE,FALSE
2562,"gressoney la trinite",-0.0193096729630913,1.69562110832555,0.405905311386391,0.962497878839301,FALSE,TRUE,FALSE,FALSE,TRUE,FALSE
2563,"gressoney la trinite",-0.263430050809305,1.43641368728718,0.0356354997454607,0.928389614797217,FALSE,TRUE,FALSE,FALSE,FALSE,FALSE
2564,"gressoney la trinite",-0.309089739495192,-0.877560184356483,0.0254539283896148,0.173765484473104,FALSE,FALSE,FALSE,FALSE,FALSE,FALSE
2565,"gressoney la trinite",0.236289614263361,1.24559908556387,0.969624978788393,0.894281350755133,TRUE,FALSE,FALSE,TRUE,FALSE,FALSE
2566,"gressoney la trinite",0.0266424523547819,1.10110739846857,0.595791617172917,0.865772950958765,FALSE,FALSE,FALSE,FALSE,FALSE,FALSE
2567,"gressoney la trinite",0.0567452348172939,1.2058379456632,0.706770744951637,0.88681486509418,FALSE,FALSE,FALSE,FALSE,FALSE,FALSE
2568,"gressoney la trinite",-0.0602993821522428,0.909502571196592,0.257763448158833,0.816731715594773,FALSE,FALSE,FALSE,FALSE,FALSE,FALSE
2569,"gressoney la trinite",0.0349172198271237,-0.243332133455639,0.630578652638724,0.380621075852707,FALSE,FALSE,FALSE,FALSE,FALSE,FALSE
2570,"gressoney la trinite",0.246343852118521,-0.27155441737526,0.972000678771424,0.367554725946038,TRUE,FALSE,FALSE,TRUE,FALSE,FALSE
2571,"gressoney la trinite",0.350454443126562,1.63504087060963,0.984727642966231,0.95554047174614,TRUE,TRUE,TRUE,TRUE,TRUE,TRUE
2572,"gressoney la trinite",0.0120824000480031,1.40926583876653,0.537077889020872,0.92465637196674,FALSE,TRUE,FALSE,FALSE,FALSE,FALSE
2573,"gressoney la trinite",0.0889144301040758,1.61092958120088,0.810113694213474,0.952486000339386,FALSE,TRUE,FALSE,FALSE,TRUE,FALSE
2574,"gressoney la trinite",0.152300013114262,1.6559370060615,0.922620057695571,0.957237400305447,TRUE,TRUE,TRUE,FALSE,TRUE,FALSE
2575,"gressoney la trinite",-0.121321365723714,1.69948421239337,0.118954692007466,0.963176650263024,FALSE,TRUE,FALSE,FALSE,TRUE,FALSE
2576,"gressoney la trinite",-0.537731384556599,0.979788423012575,0.00458170711013066,0.836416086882742,FALSE,FALSE,FALSE,FALSE,FALSE,FALSE
2577,"gressoney la trinite",0.30511895478198,1.7548359308606,0.980824707279824,0.967079585949432,TRUE,TRUE,TRUE,TRUE,TRUE,TRUE
2578,"gressoney la trinite",0.102344104399091,1.2536391090979,0.845070422535211,0.895469200746649,FALSE,FALSE,FALSE,FALSE,FALSE,FALSE
2579,"gressoney la trinite",0.104679391413784,1.36615725744544,0.850161208213134,0.916680807737994,FALSE,TRUE,FALSE,FALSE,FALSE,FALSE
2580,"gressoney la trinite",-0.190563035351971,1.23765079490501,0.0627863566943832,0.892245036483964,FALSE,FALSE,FALSE,FALSE,FALSE,FALSE
2581,"gressoney saint jean",0.150559122686939,0.715161506418512,0.920583743424402,0.767351094518921,TRUE,FALSE,FALSE,FALSE,FALSE,FALSE
2582,"gressoney saint jean",0.0402489216492672,0.921219768616688,0.648566095367385,0.820125572713389,FALSE,FALSE,FALSE,FALSE,FALSE,FALSE
2583,"gressoney saint jean",-0.166097583374208,1.29244045064676,0.0777193280162905,0.90242660783981,FALSE,TRUE,FALSE,FALSE,FALSE,FALSE
2584,"gressoney saint jean",-0.0880843265951974,1.15634232422355,0.18174104870185,0.877651450873918,FALSE,FALSE,FALSE,FALSE,FALSE,FALSE
2585,"gressoney saint jean",-0.121128932165904,-0.463245304078601,0.119463770575259,0.296114033599185,FALSE,FALSE,FALSE,FALSE,FALSE,FALSE
2586,"gressoney saint jean",0.00586746259479831,0.841877478984035,0.510945189207534,0.802477515696589,FALSE,FALSE,FALSE,FALSE,FALSE,FALSE
2587,"gressoney saint jean",0.00997617422752306,0.467288641646154,0.529441710503988,0.685389445104361,FALSE,FALSE,FALSE,FALSE,FALSE,FALSE
2588,"gressoney saint jean",0.155367262832458,0.588188838088596,0.925504836246394,0.726115730527745,TRUE,FALSE,FALSE,FALSE,FALSE,FALSE
2589,"gressoney saint jean",-0.0931695802829999,0.604323312913879,0.172238248769727,0.733073137620906,FALSE,FALSE,FALSE,FALSE,FALSE,FALSE
2590,"gressoney saint jean",0.0244155630244052,0.359807883380763,0.58544035296114,0.643135923977601,FALSE,FALSE,FALSE,FALSE,FALSE,FALSE
2591,"gressoney saint jean",-0.197323234570423,0.261043876833042,0.060750042423214,0.598846088579671,FALSE,FALSE,FALSE,FALSE,FALSE,FALSE
2592,"gressoney saint jean",0.143126419636779,1.56611081954136,0.912608179195656,0.947734600373324,TRUE,TRUE,TRUE,FALSE,FALSE,FALSE
2593,"gressoney saint jean",-0.0744632223718718,2.14119498688175,0.21500084846428,0.990157814356016,FALSE,TRUE,FALSE,FALSE,TRUE,FALSE
2594,"gressoney saint jean",-0.158166646167167,2.08707359580518,0.0824707279823519,0.988630578652639,FALSE,TRUE,FALSE,FALSE,TRUE,FALSE
2595,"gressoney saint jean",-0.25058543351706,1.41155899891557,0.038350585440353,0.925165450534532,FALSE,TRUE,FALSE,FALSE,FALSE,FALSE
2596,"gressoney saint jean",-0.240900366539092,-1.71848925541652,0.0408959782793144,0.0551501781774987,FALSE,FALSE,FALSE,FALSE,FALSE,FALSE
2597,"gressoney saint jean",0.130386295966685,-1.42136293175899,0.895469200746649,0.0855251993891057,FALSE,FALSE,FALSE,FALSE,FALSE,FALSE
2598,"gressoney saint jean",0.115586582325818,0.946130151977567,0.873239436619718,0.82708297980655,FALSE,FALSE,FALSE,FALSE,FALSE,FALSE
2599,"gressoney saint jean",0.089030158052843,1.30493952935976,0.810453079925335,0.904462922110979,FALSE,TRUE,FALSE,FALSE,FALSE,FALSE
2600,"gressoney saint jean",0.0351161825208557,1.36806655974912,0.63193619548617,0.917189886305787,FALSE,TRUE,FALSE,FALSE,FALSE,FALSE
2601,"gressoney saint jean",-0.145720746175442,1.19426306088935,0.0933310707619209,0.884099779399287,FALSE,FALSE,FALSE,FALSE,FALSE,FALSE
2602,"gressoney saint jean",-0.0279043154787484,0.76255127208516,0.373324283047684,0.781944680128967,FALSE,FALSE,FALSE,FALSE,FALSE,FALSE
2603,"gressoney saint jean",-0.0605167790568704,-0.151663792089636,0.256914983879179,0.422535211267606,FALSE,FALSE,FALSE,FALSE,FALSE,FALSE
2604,"gressoney saint jean",-0.0686010735672529,-0.0943454121466591,0.23281859833701,0.44798913965722,FALSE,FALSE,FALSE,FALSE,FALSE,FALSE
2605,"gressoney saint jean",0.00461008309843081,-0.227363661760649,0.506702867809265,0.388936025793314,FALSE,FALSE,FALSE,FALSE,FALSE,FALSE
2606,"gressoney saint jean",-0.0569952936729514,0.724714494024399,0.267775326658748,0.770575258781605,FALSE,FALSE,FALSE,FALSE,FALSE,FALSE
2607,"gressoney saint jean",0.0574422104955605,0.829921923210784,0.709825216358391,0.799083658577974,FALSE,FALSE,FALSE,FALSE,FALSE,FALSE
2608,"gressoney saint jean",-0.126257689035446,-0.129268450217463,0.11318513490582,0.434074325470898,FALSE,FALSE,FALSE,FALSE,FALSE,FALSE
2609,"gressoney saint jean",0.0917982004224509,-0.0654131803714259,0.817919565586289,0.458679789580859,FALSE,FALSE,FALSE,FALSE,FALSE,FALSE
2610,"gressoney saint jean",-0.12328440362044,1.43497567026635,0.116748684880367,0.927880536229425,FALSE,TRUE,FALSE,FALSE,FALSE,FALSE
2611,"gressoney saint jean",0.051601636732622,1.06016468918424,0.689122687934838,0.85372475818768,FALSE,FALSE,FALSE,FALSE,FALSE,FALSE
2612,"gressoney saint jean",0.0856615585142553,1.21996024435915,0.802816901408451,0.88919056507721,FALSE,FALSE,FALSE,FALSE,FALSE,FALSE
2613,"gressoney saint jean",-0.172130826879142,1.39006924890022,0.0750042423213983,0.921432207704056,FALSE,TRUE,FALSE,FALSE,FALSE,FALSE
2614,"gressoney saint jean",-0.0344389927926088,1.08594989835365,0.3458340403869,0.860851858136772,FALSE,FALSE,FALSE,FALSE,FALSE,FALSE
2615,"gressoney saint jean",0.204100784868807,1.30169627833896,0.961649414559647,0.904123536399118,TRUE,TRUE,TRUE,TRUE,FALSE,FALSE
2616,"gressoney saint jean",0.395620128451036,2.23730613961786,0.988460885796708,0.992024435771254,TRUE,TRUE,TRUE,TRUE,TRUE,TRUE
2617,"gressoney saint jean",0.0317024906872021,1.05755731597605,0.617681995587986,0.852706601052096,FALSE,FALSE,FALSE,FALSE,FALSE,FALSE
2618,"gressoney saint jean",-0.0322885328442641,0.899977833702663,0.354997454607161,0.814865094179535,FALSE,FALSE,FALSE,FALSE,FALSE,FALSE
2619,"gressoney saint jean",0.00211391263370864,1.00460776521124,0.495672832173766,0.840997793992873,FALSE,FALSE,FALSE,FALSE,FALSE,FALSE
2620,"gressoney saint jean",-0.0226958278549265,1.34448200862106,0.391820804344137,0.914135414899033,FALSE,TRUE,FALSE,FALSE,FALSE,FALSE
2621,"gressoney saint jean",-0.151843265606571,1.20662726929909,0.0873918208043441,0.88698455795011,FALSE,FALSE,FALSE,FALSE,FALSE,FALSE
2622,"gressoney saint jean",0.0765776619178826,1.0576361861213,0.774987273035805,0.852876293908026,FALSE,FALSE,FALSE,FALSE,FALSE,FALSE
2623,"gressoney saint jean",0.327668240502048,0.760747555211034,0.983030714406923,0.781096215849313,TRUE,FALSE,FALSE,TRUE,FALSE,FALSE
2624,"gressoney saint jean",-0.0668115042000146,0.515619388708282,0.237739691159002,0.701340573561853,FALSE,FALSE,FALSE,FALSE,FALSE,FALSE
2625,"gressoney saint jean",-0.176861545121072,0.414375717228963,0.071610385202783,0.663668759545223,FALSE,FALSE,FALSE,FALSE,FALSE,FALSE
2626,"gressoney saint jean",0.0147667810530177,0.728007681350084,0.546750381808926,0.77159341591719,FALSE,FALSE,FALSE,FALSE,FALSE,FALSE
2627,"gressoney saint jean",0.0466108696193039,0.381034667862153,0.671135245206177,0.650772102494485,FALSE,FALSE,FALSE,FALSE,FALSE,FALSE
2628,"gressoney saint jean",0.273563668588007,1.51859613943432,0.975903614457831,0.941286271847955,TRUE,TRUE,TRUE,TRUE,FALSE,FALSE
2629,"gressoney saint jean",-0.0408125422748569,1.09041025505332,0.322416426268454,0.862209400984219,FALSE,FALSE,FALSE,FALSE,FALSE,FALSE
2630,"gressoney saint jean",-0.0440464854438769,1.19231910739199,0.311556083488885,0.883590700831495,FALSE,FALSE,FALSE,FALSE,FALSE,FALSE
2631,"gressoney saint jean",-0.0709715779526441,1.0406810473119,0.225352112676056,0.848294586797896,FALSE,FALSE,FALSE,FALSE,FALSE,FALSE
2632,"gressoney saint jean",-0.0921561434638534,1.22867383840972,0.174444255896827,0.890717800780587,FALSE,FALSE,FALSE,FALSE,FALSE,FALSE
2633,"gressoney saint jean",-0.101757969744728,0.151202420553017,0.153232648905481,0.552519938910572,FALSE,FALSE,FALSE,FALSE,FALSE,FALSE
2634,"gressoney saint jean",-0.0193340392202135,0.843826922030328,0.405565925674529,0.80264720855252,FALSE,FALSE,FALSE,FALSE,FALSE,FALSE
2635,"gressoney saint jean",0.279934222377902,0.544246989111919,0.976582385881554,0.709316137790599,TRUE,FALSE,FALSE,TRUE,FALSE,FALSE
2636,"gressoney saint jean",-0.0575474923422075,0.321426994552088,0.26607839809944,0.625827252672662,FALSE,FALSE,FALSE,FALSE,FALSE,FALSE
2637,"gressoney saint jean",-0.170511005717113,0.616855529863364,0.0763617851688444,0.736976073307314,FALSE,FALSE,FALSE,FALSE,FALSE,FALSE
2638,"gressoney saint jean",-0.0231928427918398,0.139500307780484,0.389784490072968,0.547429153232649,FALSE,FALSE,FALSE,FALSE,FALSE,FALSE
2639,"gressoney saint jean",0.0954178439066595,0.141579947345643,0.826404208382827,0.548617003224164,FALSE,FALSE,FALSE,FALSE,FALSE,FALSE
2640,"gressoney saint jean",0.0875668992502305,1.3892092385028,0.806719837094858,0.920923129136263,FALSE,TRUE,FALSE,FALSE,FALSE,FALSE
2641,"gressoney saint jean",-0.0185079385306306,1.05847797449587,0.409129475649075,0.853215679619888,FALSE,FALSE,FALSE,FALSE,FALSE,FALSE
2642,"gressoney saint jean",-0.108812662593442,1.0302681894684,0.13965722043102,0.845749193958934,FALSE,FALSE,FALSE,FALSE,FALSE,FALSE
2643,"gressoney saint jean",0.0537037486951562,1.05535230261587,0.697098252163584,0.851858136772442,FALSE,FALSE,FALSE,FALSE,FALSE,FALSE
2644,"gressoney saint jean",-0.219170187206318,0.857317803422522,0.0490412353639912,0.80485321567962,FALSE,FALSE,FALSE,FALSE,FALSE,FALSE
2645,"gressoney saint jean",-0.016253448905891,0.199975409287151,0.417274732733752,0.571695231630748,FALSE,FALSE,FALSE,FALSE,FALSE,FALSE
2646,"gressoney saint jean",0.05306356219074,0.362619764527478,0.694383166468692,0.643814695401324,FALSE,FALSE,FALSE,FALSE,FALSE,FALSE
2647,"gressoney saint jean",0.0176183714184592,0.286808047260978,0.560156117427456,0.611233667062617,FALSE,FALSE,FALSE,FALSE,FALSE,FALSE
2648,"gressoney saint jean",0.1626455846841,0.555029136134027,0.933310707619209,0.71389784490073,TRUE,FALSE,FALSE,FALSE,FALSE,FALSE
2649,"gressoney saint jean",-0.164984498996279,0.103474850839656,0.0783980994400136,0.533514339046326,FALSE,FALSE,FALSE,FALSE,FALSE,FALSE
2650,"gressoney saint jean",-0.0482780561992193,0.234124128903613,0.29713219073477,0.586797895808586,FALSE,FALSE,FALSE,FALSE,FALSE,FALSE
2651,"gressoney saint jean",0.0450654869403895,0.685799033168515,0.665874766672323,0.759205837434244,FALSE,FALSE,FALSE,FALSE,FALSE,FALSE
2652,"gressoney saint jean",0.174033203649767,1.17756824001571,0.942813507551332,0.882063465128118,TRUE,FALSE,FALSE,FALSE,FALSE,FALSE
2653,"gressoney saint jean",0.159060679636449,0.898316632852864,0.929747157644663,0.814016629899881,TRUE,FALSE,FALSE,FALSE,FALSE,FALSE
2654,"gressoney saint jean",-0.0509046835843332,1.15261563315972,0.287120312234855,0.876293908026472,FALSE,FALSE,FALSE,FALSE,FALSE,FALSE
2655,"gressoney saint jean",-0.0469354547561824,1.11350501540716,0.302562362124555,0.868488036653657,FALSE,FALSE,FALSE,FALSE,FALSE,FALSE
2656,"gressoney saint jean",-0.223386071008003,0.952107544950836,0.0471746139487528,0.829458679789581,FALSE,FALSE,FALSE,FALSE,FALSE,FALSE
2657,"gressoney saint jean",-0.0396978753945803,1.00097767783863,0.326149669098931,0.840488715425081,FALSE,FALSE,FALSE,FALSE,FALSE,FALSE
2658,"gressoney saint jean",0.322951865517902,1.07106608998846,0.982521635839131,0.856779229594434,TRUE,FALSE,FALSE,TRUE,FALSE,FALSE
2659,"gressoney saint jean",0.105942735024843,0.232302134971495,0.852197522484303,0.586119124384863,FALSE,FALSE,FALSE,FALSE,FALSE,FALSE
2660,"gressoney saint jean",0.0371883801096899,0.241902769808473,0.637875445443747,0.590022060071271,FALSE,FALSE,FALSE,FALSE,FALSE,FALSE
2661,"gressoney saint jean",-0.452638249500096,0.393140862733744,0.0101815713558459,0.655693195316477,FALSE,FALSE,FALSE,FALSE,FALSE,FALSE
2662,"hone",0.00196176427273365,-0.823855406975157,0.495163753605973,0.187680298659426,FALSE,FALSE,FALSE,FALSE,FALSE,FALSE
2663,"hone",-0.00310163661791485,-1.00735622334259,0.475309689462074,0.144578313253012,FALSE,FALSE,FALSE,FALSE,FALSE,FALSE
2664,"hone",0.160922092630974,-0.372662005253313,0.931613779059902,0.327846597658239,TRUE,FALSE,FALSE,FALSE,FALSE,FALSE
2665,"hone",0.0174712440757823,0.00813177584372395,0.559137960291872,0.491260817919566,FALSE,FALSE,FALSE,FALSE,FALSE,FALSE
2666,"hone",0.0427558756880675,0.0253680564149561,0.657220431019854,0.497878839300865,FALSE,FALSE,FALSE,FALSE,FALSE,FALSE
2667,"hone",-0.014346939602234,-0.403251682857982,0.425080604106567,0.3171559477346,FALSE,FALSE,FALSE,FALSE,FALSE,FALSE
2668,"hone",-0.0275178229018227,-1.02508627026502,0.374342440183268,0.142711691837774,FALSE,FALSE,FALSE,FALSE,FALSE,FALSE
2669,"hone",0.00940528022035636,-0.553779613363806,0.527066010520957,0.262175462413032,FALSE,FALSE,FALSE,FALSE,FALSE,FALSE
2670,"hone",0.152563115012194,-0.739770607647463,0.922789750551502,0.210079755642287,TRUE,FALSE,FALSE,FALSE,FALSE,FALSE
2671,"hone",0.115494297860121,-0.262782396557881,0.873069743763788,0.371966740200238,FALSE,FALSE,FALSE,FALSE,FALSE,FALSE
2672,"hone",-0.120360008555647,-0.420430516056823,0.120821313422705,0.311556083488885,FALSE,FALSE,FALSE,FALSE,FALSE,FALSE
2673,"hone",-0.107772238036521,0.0254911820158628,0.14186322755812,0.498048532156796,FALSE,FALSE,FALSE,FALSE,FALSE,FALSE
2674,"hone",0.0233331297025625,0.696164881076632,0.581367724418802,0.762430001696929,FALSE,FALSE,FALSE,FALSE,FALSE,FALSE
2675,"hone",0.0354984563939222,0.609135863885684,0.632954352621755,0.734430680468352,FALSE,FALSE,FALSE,FALSE,FALSE,FALSE
2676,"hone",0.0312855851250688,-0.731029244607411,0.61632445274054,0.212455455625318,FALSE,FALSE,FALSE,FALSE,FALSE,FALSE
2677,"hone",0.0497415775418144,-1.12391799941934,0.679619888002715,0.124724249109113,FALSE,FALSE,FALSE,FALSE,FALSE,FALSE
2678,"hone",0.350210446053643,-1.36199785765056,0.9845579501103,0.0904462922110979,TRUE,FALSE,FALSE,TRUE,FALSE,FALSE
2679,"hone",-0.214070934279489,-0.411185272600279,0.0519260139148142,0.3149499406075,FALSE,FALSE,FALSE,FALSE,FALSE,FALSE
2680,"hone",-0.0564793089351134,0.0476001291491419,0.268963176650263,0.507890717800781,FALSE,FALSE,FALSE,FALSE,FALSE,FALSE
2681,"hone",0.0509753444574184,0.186736764835064,0.686068216528084,0.567283217376548,FALSE,FALSE,FALSE,FALSE,FALSE,FALSE
2682,"hone",0.116034614848541,-0.130563718050824,0.874087900899372,0.433565246903105,FALSE,FALSE,FALSE,FALSE,FALSE,FALSE
2683,"hone",0.179078255343532,-0.0200187857152879,0.947055828949601,0.479212625148481,TRUE,FALSE,FALSE,FALSE,FALSE,FALSE
2684,"hone",-0.0553219749048175,-0.847726966514091,0.273205498048532,0.180892584422196,FALSE,FALSE,FALSE,FALSE,FALSE,FALSE
2685,"hone",0.117322275267091,-1.95418215194904,0.875954522314611,0.0381808925844222,FALSE,FALSE,FALSE,FALSE,FALSE,FALSE
2686,"hone",0.154838881475856,-2.48166981034373,0.924826064822671,0.0134057356185305,TRUE,FALSE,FALSE,FALSE,FALSE,FALSE
2687,"hone",-0.0190367832431342,-0.41610563257644,0.406753775666044,0.313083319192262,FALSE,FALSE,FALSE,FALSE,FALSE,FALSE
2688,"hone",0.116006690775311,-0.672264545048711,0.873748515187511,0.227388426947226,FALSE,FALSE,FALSE,FALSE,FALSE,FALSE
2689,"hone",0.00847537607071658,-1.03661427928117,0.522993381978619,0.141184456134397,FALSE,FALSE,FALSE,FALSE,FALSE,FALSE
2690,"hone",0.0100540094980257,-0.199051758020909,0.530120481927711,0.403020532835568,FALSE,FALSE,FALSE,FALSE,FALSE,FALSE
2691,"hone",-0.0702436009423888,0.0270060251086575,0.227727812659087,0.499066689292381,FALSE,FALSE,FALSE,FALSE,FALSE,FALSE
2692,"hone",-0.0594944305460192,-0.150479667078996,0.259969455285932,0.42355336840319,FALSE,FALSE,FALSE,FALSE,FALSE,FALSE
2693,"hone",-0.0491826977809211,0.0616488091487811,0.292889869336501,0.513660274902427,FALSE,FALSE,FALSE,FALSE,FALSE,FALSE
2694,"hone",0.045656981196224,-0.122634348937256,0.668589852367215,0.436280332597998,FALSE,FALSE,FALSE,FALSE,FALSE,FALSE
2695,"hone",0.111192987491684,0.164206598269558,0.863906329543526,0.557101646020703,FALSE,FALSE,FALSE,FALSE,FALSE,FALSE
2696,"hone",-0.0472818657165899,0.130606635012025,0.302222976412693,0.543526217546241,FALSE,FALSE,FALSE,FALSE,FALSE,FALSE
2697,"hone",-0.041412238631322,0.548608739304765,0.320380111997285,0.710334294926184,FALSE,FALSE,FALSE,FALSE,FALSE,FALSE
2698,"hone",-0.0031342357017401,-0.897666750282204,0.475139996606143,0.167995927371458,FALSE,FALSE,FALSE,FALSE,FALSE,FALSE
2699,"hone",-0.0297909849620925,-0.915257227723473,0.36585779738673,0.163074834549465,FALSE,FALSE,FALSE,FALSE,FALSE,FALSE
2700,"hone",0.163604448477159,-0.6254391031452,0.935177329034448,0.241303241133548,TRUE,FALSE,FALSE,FALSE,FALSE,FALSE
2701,"hone",-0.113017041367252,0.334156936192483,0.131681656202274,0.632614966909893,FALSE,FALSE,FALSE,FALSE,FALSE,FALSE
2702,"hone",-0.0275907888339439,0.545403140054434,0.374003054471407,0.709655523502461,FALSE,FALSE,FALSE,FALSE,FALSE,FALSE
2703,"hone",-0.0601963847832838,-0.383180150130561,0.258102833870694,0.3237739691159,FALSE,FALSE,FALSE,FALSE,FALSE,FALSE
2704,"hone",0.00883521720827041,-0.412342999351787,0.524011539114203,0.314610554895639,FALSE,FALSE,FALSE,FALSE,FALSE,FALSE
2705,"hone",-0.0311693523999974,-0.453927029288016,0.359918547429153,0.300016969285593,FALSE,FALSE,FALSE,FALSE,FALSE,FALSE
2706,"hone",0.0802419846709235,-0.507473410152037,0.78720515866282,0.279993212285763,FALSE,FALSE,FALSE,FALSE,FALSE,FALSE
2707,"hone",0.0158632657770976,0.444683746698669,0.55218055319871,0.677922959443407,FALSE,FALSE,FALSE,FALSE,FALSE,FALSE
2708,"hone",-0.121086004764678,-0.145717353219878,0.119972849143051,0.426438146954013,FALSE,FALSE,FALSE,FALSE,FALSE,FALSE
2709,"hone",0.0167244605944816,-0.16254471871092,0.555065331749533,0.418462582725267,FALSE,FALSE,FALSE,FALSE,FALSE,FALSE
2710,"hone",0.0424397327253025,-0.586893583896454,0.656202273884269,0.251654505345325,FALSE,FALSE,FALSE,FALSE,FALSE,FALSE
2711,"hone",0.00176667034705069,-0.419468816810254,0.494654675038181,0.311895469200747,FALSE,FALSE,FALSE,FALSE,FALSE,FALSE
2712,"hone",-0.0360079437042007,-0.0771608670496811,0.340064483285254,0.454946546750382,FALSE,FALSE,FALSE,FALSE,FALSE,FALSE
2713,"hone",-0.183192042004627,0.631639884257125,0.0671983709485831,0.743085016120821,FALSE,FALSE,FALSE,FALSE,FALSE,FALSE
2714,"hone",0.00453496873496739,-0.0168036211001656,0.506363482097404,0.481418632275581,FALSE,FALSE,FALSE,FALSE,FALSE,FALSE
2715,"hone",-0.075660382882436,-0.103269340551921,0.211946377057526,0.444934668250467,FALSE,FALSE,FALSE,FALSE,FALSE,FALSE
2716,"hone",-0.0707200306294187,-0.56653704634012,0.226370269811641,0.257933141014763,FALSE,FALSE,FALSE,FALSE,FALSE,FALSE
2717,"hone",-0.061580534615473,-0.704355150100015,0.254199898184286,0.218564398438826,FALSE,FALSE,FALSE,FALSE,FALSE,FALSE
2718,"hone",0.11210505532072,-0.217669676270254,0.866282029526557,0.394875275750891,FALSE,FALSE,FALSE,FALSE,FALSE,FALSE
2719,"hone",0.0509760187798403,0.0486641919413539,0.686237909384015,0.508569489224504,FALSE,FALSE,FALSE,FALSE,FALSE,FALSE
2720,"hone",-0.0290847291330785,-0.325616480884123,0.368233497369761,0.345155268963177,FALSE,FALSE,FALSE,FALSE,FALSE,FALSE
2721,"hone",-0.0530795030950522,0.060053444372268,0.279653826573901,0.512811810622773,FALSE,FALSE,FALSE,FALSE,FALSE,FALSE
2722,"hone",-0.014974993175084,-0.707514035134846,0.423892754115052,0.217885627015103,FALSE,FALSE,FALSE,FALSE,FALSE,FALSE
2723,"hone",-0.130015948658903,-0.940134186470484,0.107754963516036,0.156796198880027,FALSE,FALSE,FALSE,FALSE,FALSE,FALSE
2724,"hone",0.0184130702593226,-0.869348580179196,0.564059053113864,0.176480570167996,FALSE,FALSE,FALSE,FALSE,FALSE,FALSE
2725,"hone",-0.0724064727886109,-0.066175172739864,0.221109791277787,0.458340403868997,FALSE,FALSE,FALSE,FALSE,FALSE,FALSE
2726,"hone",0.0678704856188972,-0.366848003242137,0.748854573222467,0.329543526217546,FALSE,FALSE,FALSE,FALSE,FALSE,FALSE
2727,"hone",-0.0809898102159909,-0.853660676310718,0.198880027150857,0.180044120142542,FALSE,FALSE,FALSE,FALSE,FALSE,FALSE
2728,"hone",0.0980417836064902,-0.918555867353154,0.831664686916681,0.162396063125742,FALSE,FALSE,FALSE,FALSE,FALSE,FALSE
2729,"hone",-0.0398996479823097,-0.459052696953334,0.325301204819277,0.297810962158493,FALSE,FALSE,FALSE,FALSE,FALSE,FALSE
2730,"hone",0.0381709158871804,-1.09663211658722,0.642287459697947,0.130493806210759,FALSE,FALSE,FALSE,FALSE,FALSE,FALSE
2731,"hone",0.0600594750444579,-0.601142747105008,0.719328016290514,0.24843034108264,FALSE,FALSE,FALSE,FALSE,FALSE,FALSE
2732,"hone",-0.141527134842606,-0.529837425587638,0.0967249278805362,0.272187340912948,FALSE,FALSE,FALSE,FALSE,FALSE,FALSE
2733,"hone",-0.0586330487260902,-0.170032370660858,0.262684540980825,0.414220261326998,FALSE,FALSE,FALSE,FALSE,FALSE,FALSE
2734,"hone",0.0527481365929621,-0.90808851617513,0.693704395044969,0.165111148820635,FALSE,FALSE,FALSE,FALSE,FALSE,FALSE
2735,"hone",0.0418519874385535,-0.87000715937628,0.653996266757169,0.176141184456134,FALSE,FALSE,FALSE,FALSE,FALSE,FALSE
2736,"hone",0.0543222200294142,-0.844505578061463,0.698964873578822,0.182080434413711,FALSE,FALSE,FALSE,FALSE,FALSE,FALSE
2737,"hone",-0.0551831720005289,-0.340469208697767,0.274053962328186,0.340234176141184,FALSE,FALSE,FALSE,FALSE,FALSE,FALSE
2738,"hone",0.0416141050227132,0.138792143852823,0.653147802477516,0.547089767520787,FALSE,FALSE,FALSE,FALSE,FALSE,FALSE
2739,"hone",0.090813198038699,-0.418481528482132,0.815374172747327,0.312234854912608,FALSE,FALSE,FALSE,FALSE,FALSE,FALSE
2740,"hone",-0.0417294958376431,-1.17850379212955,0.3193619548617,0.116409299168505,FALSE,FALSE,FALSE,FALSE,FALSE,FALSE
2741,"hone",0.0135490541125112,-0.924721560623722,0.542508060410657,0.161038520278296,FALSE,FALSE,FALSE,FALSE,FALSE,FALSE
2742,"hone",-0.301919076276516,-1.20224363624279,0.0276599355167147,0.112166977770236,FALSE,FALSE,FALSE,FALSE,FALSE,FALSE
2743,"introd",-0.0319994547878384,-0.0423584768332325,0.355845918886815,0.468352282368912,FALSE,FALSE,FALSE,FALSE,FALSE,FALSE
2744,"introd",-0.0774804334747881,0.0912723709527356,0.207025284235534,0.527235703376888,FALSE,FALSE,FALSE,FALSE,FALSE,FALSE
2745,"introd",-0.0254429200640196,0.50960753883949,0.380790768708637,0.698964873578822,FALSE,FALSE,FALSE,FALSE,FALSE,FALSE
2746,"introd",0.018647090729738,0.636660725110766,0.564907517393518,0.745630408959783,FALSE,FALSE,FALSE,FALSE,FALSE,FALSE
2747,"introd",0.0944319389290253,0.39799693879878,0.824367894111658,0.658068895299508,FALSE,FALSE,FALSE,FALSE,FALSE,FALSE
2748,"introd",-0.0792051249952266,0.131161362048973,0.203461734260988,0.543865603258103,FALSE,FALSE,FALSE,FALSE,FALSE,FALSE
2749,"introd",-0.0428737550632956,-0.225355666284592,0.3149499406075,0.389784490072968,FALSE,FALSE,FALSE,FALSE,FALSE,FALSE
2750,"introd",0.0269743965903047,0.0566905773116584,0.597318852876294,0.510775496351604,FALSE,FALSE,FALSE,FALSE,FALSE,FALSE
2751,"introd",0.0454899223937257,-0.13318002926366,0.667571695231631,0.431868318343798,FALSE,FALSE,FALSE,FALSE,FALSE,FALSE
2752,"introd",0.0961742711836671,0.284109142126989,0.828270829798066,0.609367045647378,FALSE,FALSE,FALSE,FALSE,FALSE,FALSE
2753,"introd",-0.0754361153135026,0.257154160014052,0.212455455625318,0.597997624300017,FALSE,FALSE,FALSE,FALSE,FALSE,FALSE
2754,"introd",-0.0880328003000308,0.544913059917922,0.182250127269642,0.70948583064653,FALSE,FALSE,FALSE,FALSE,FALSE,FALSE
2755,"introd",0.00496567339498633,1.13033801687367,0.508060410656711,0.872221279484134,FALSE,FALSE,FALSE,FALSE,FALSE,FALSE
2756,"introd",0.0069404590218678,1.19841093609597,0.516884439165111,0.884948243678941,FALSE,FALSE,FALSE,FALSE,FALSE,FALSE
2757,"introd",0.0701205245424763,0.514276513967525,0.755811980315629,0.700152723570338,FALSE,FALSE,FALSE,FALSE,FALSE,FALSE
2758,"introd",0.0622014446075916,-1.156463976761,0.729339894790429,0.120312234854913,FALSE,FALSE,FALSE,FALSE,FALSE,FALSE
2759,"introd",0.0991319746795494,-1.38470025225348,0.836076701170881,0.0885796707958595,FALSE,FALSE,FALSE,FALSE,FALSE,FALSE
2760,"introd",-0.0525048166570361,0.242925043660902,0.281859833701001,0.590700831494994,FALSE,FALSE,FALSE,FALSE,FALSE,FALSE
2761,"introd",-0.0387710678996598,0.594976810023342,0.330222297641269,0.728321737654845,FALSE,FALSE,FALSE,FALSE,FALSE,FALSE
2762,"introd",0.0248472183096773,0.577369486538351,0.588325131511963,0.722382487697268,FALSE,FALSE,FALSE,FALSE,FALSE,FALSE
2763,"introd",0.103150638028989,0.927150516253132,0.846767351094519,0.821822501272696,FALSE,FALSE,FALSE,FALSE,FALSE,FALSE
2764,"introd",0.12336251429239,0.637403116697778,0.885796707958595,0.746478873239437,FALSE,FALSE,FALSE,FALSE,FALSE,FALSE
2765,"introd",-0.048979691868535,-0.268375953197352,0.293908026472086,0.368233497369761,FALSE,FALSE,FALSE,FALSE,FALSE,FALSE
2766,"introd",0.0259777144601223,-1.34029841657768,0.591888681486509,0.0931613779059902,FALSE,FALSE,FALSE,FALSE,FALSE,FALSE
2767,"introd",0.0569159074601071,-1.08150673553092,0.707788902087222,0.132869506193789,FALSE,FALSE,FALSE,FALSE,FALSE,FALSE
2768,"introd",0.00662370503525622,-1.19370592321248,0.514848124893942,0.11318513490582,FALSE,FALSE,FALSE,FALSE,FALSE,FALSE
2769,"introd",0.0784550965153432,-0.709663966293025,0.782284065840828,0.216528084167657,FALSE,FALSE,FALSE,FALSE,FALSE,FALSE
2770,"introd",0.0410795319151323,-0.469909399818825,0.650941795350416,0.293908026472086,FALSE,FALSE,FALSE,FALSE,FALSE,FALSE
2771,"introd",0.169955254055083,0.0923196652499475,0.940268114712371,0.528084167656542,TRUE,FALSE,FALSE,FALSE,FALSE,FALSE
2772,"introd",-0.102994405381017,1.19555188621217,0.151535720346173,0.88460885796708,FALSE,FALSE,FALSE,FALSE,FALSE,FALSE
2773,"introd",-0.0309850729490933,0.594593631262391,0.361106397420669,0.727982351942983,FALSE,FALSE,FALSE,FALSE,FALSE,FALSE
2774,"introd",0.0259582321691472,0.499488030515672,0.591718988630579,0.695401323604276,FALSE,FALSE,FALSE,FALSE,FALSE,FALSE
2775,"introd",0.0616527522844734,0.706783537005406,0.727812659087052,0.765314780247752,FALSE,FALSE,FALSE,FALSE,FALSE,FALSE
2776,"introd",0.0982774353741007,0.940065007967777,0.833022229764127,0.825046665535381,FALSE,FALSE,FALSE,FALSE,FALSE,FALSE
2777,"introd",-0.0693060412123021,1.25148332904239,0.229594434074325,0.895129815034787,FALSE,FALSE,FALSE,FALSE,FALSE,FALSE
2778,"introd",-0.00334054948815599,1.37690874316309,0.473782453758697,0.918547429153233,FALSE,TRUE,FALSE,FALSE,FALSE,FALSE
2779,"introd",-0.01817684555947,0.101935824614708,0.409977939928729,0.532665874766672,FALSE,FALSE,FALSE,FALSE,FALSE,FALSE
2780,"introd",-0.0413729176733835,0.136400283758717,0.320719497709146,0.545901917529272,FALSE,FALSE,FALSE,FALSE,FALSE,FALSE
2781,"introd",0.106470245371089,0.164570779968366,0.854403529611403,0.557610724588495,FALSE,FALSE,FALSE,FALSE,FALSE,FALSE
2782,"introd",-0.0191021075632065,0.690976814699561,0.406414389954183,0.761072458849482,FALSE,FALSE,FALSE,FALSE,FALSE,FALSE
2783,"introd",-0.0438750354390116,0.801991236742448,0.312234854912608,0.791447480061089,FALSE,FALSE,FALSE,FALSE,FALSE,FALSE
2784,"introd",-0.0925445846226332,0.554041810077704,0.173256405905311,0.713388766332937,FALSE,FALSE,FALSE,FALSE,FALSE,FALSE
2785,"introd",-0.0604142354836696,-0.00743209758949872,0.257593755302902,0.484133717970473,FALSE,FALSE,FALSE,FALSE,FALSE,FALSE
2786,"introd",-0.00880391582261808,-0.243665662475392,0.449855761072459,0.380281690140845,FALSE,FALSE,FALSE,FALSE,FALSE,FALSE
2787,"introd",0.00611591557720992,-0.166905247170878,0.51230273205498,0.415747497030375,FALSE,FALSE,FALSE,FALSE,FALSE,FALSE
2788,"introd",0.011775760245115,0.699593595887013,0.535890039029357,0.763278465976582,FALSE,FALSE,FALSE,FALSE,FALSE,FALSE
2789,"introd",-0.15701242431353,-0.0575362006689132,0.0829798065501442,0.462582725267266,FALSE,FALSE,FALSE,FALSE,FALSE,FALSE
2790,"introd",-0.0651695496361118,0.484073902801777,0.242491091125064,0.689801459358561,FALSE,FALSE,FALSE,FALSE,FALSE,FALSE
2791,"introd",-0.0226877057672858,-0.0234380055965692,0.391990497200068,0.477346003733243,FALSE,FALSE,FALSE,FALSE,FALSE,FALSE
2792,"introd",-0.0390257468908235,0.26348589492816,0.329373833361615,0.600543017138978,FALSE,FALSE,FALSE,FALSE,FALSE,FALSE
2793,"introd",0.0151464020926664,-0.0195404148338136,0.549126081791957,0.479721703716274,FALSE,FALSE,FALSE,FALSE,FALSE,FALSE
2794,"introd",-0.0181571272585082,0.784920273880636,0.41014763278466,0.787714237230613,FALSE,FALSE,FALSE,FALSE,FALSE,FALSE
2795,"introd",0.0886438867775716,0.330735551529978,0.808925844221958,0.631257424062447,FALSE,FALSE,FALSE,FALSE,FALSE,FALSE
2796,"introd",-0.0651148804637334,0.448350229343103,0.243169862548787,0.678941116578992,FALSE,FALSE,FALSE,FALSE,FALSE,FALSE
2797,"introd",-0.0803826265382579,-0.0315978705242286,0.200067877142372,0.473103682334974,FALSE,FALSE,FALSE,FALSE,FALSE,FALSE
2798,"introd",0.0195119266088124,-0.244931118846571,0.568640760223995,0.379772611573053,FALSE,FALSE,FALSE,FALSE,FALSE,FALSE
2799,"introd",0.0579610389800056,0.226551767365661,0.711182759205837,0.582725267266248,FALSE,FALSE,FALSE,FALSE,FALSE,FALSE
2800,"introd",0.10177567505537,0.0689565422000084,0.843882572543696,0.517054132021042,FALSE,FALSE,FALSE,FALSE,FALSE,FALSE
2801,"introd",-0.0391949095489181,0.0539873264886848,0.328016290514169,0.509757339216019,FALSE,FALSE,FALSE,FALSE,FALSE,FALSE
2802,"introd",-0.0314840166074646,0.772048772080095,0.358391311725776,0.783811301544205,FALSE,FALSE,FALSE,FALSE,FALSE,FALSE
2803,"introd",-0.0265307507851933,0.174143391573428,0.377736297301884,0.56321058883421,FALSE,FALSE,FALSE,FALSE,FALSE,FALSE
2804,"introd",-0.0424732711706195,0.385568832851534,0.316477176310877,0.652638723909723,FALSE,FALSE,FALSE,FALSE,FALSE,FALSE
2805,"introd",0.0191082352131797,0.329724773184525,0.566943831664687,0.630578652638724,FALSE,FALSE,FALSE,FALSE,FALSE,FALSE
2806,"introd",-0.0157421488812659,0.592827451466665,0.419650432716783,0.727473273375191,FALSE,FALSE,FALSE,FALSE,FALSE,FALSE
2807,"introd",0.0359101899074421,0.408876469152195,0.633633124045478,0.661802138129985,FALSE,FALSE,FALSE,FALSE,FALSE,FALSE
2808,"introd",-0.120457666406224,0.123126400208567,0.120651620566774,0.539623281859834,FALSE,FALSE,FALSE,FALSE,FALSE,FALSE
2809,"introd",-0.12156834892042,0.0267628696909166,0.118784999151536,0.49889699643645,FALSE,FALSE,FALSE,FALSE,FALSE,FALSE
2810,"introd",0.00333269082081245,-0.059060464705833,0.500424232139827,0.461734260987612,FALSE,FALSE,FALSE,FALSE,FALSE,FALSE
2811,"introd",0.0376026793924673,-0.295319480221486,0.639572374003054,0.35703376887833,FALSE,FALSE,FALSE,FALSE,FALSE,FALSE
2812,"introd",0.0709052719041807,-0.0337265683694773,0.758187680298659,0.471237060919735,FALSE,FALSE,FALSE,FALSE,FALSE,FALSE
2813,"introd",-0.0687376824519834,0.225066376574671,0.231970134057356,0.582216188698456,FALSE,FALSE,FALSE,FALSE,FALSE,FALSE
2814,"introd",-0.105483158768886,0.573093143537199,0.145426777532666,0.72051586628203,FALSE,FALSE,FALSE,FALSE,FALSE,FALSE
2815,"introd",0.0661259622509682,-0.0247357857687624,0.742575937553029,0.47666723230952,FALSE,FALSE,FALSE,FALSE,FALSE,FALSE
2816,"introd",0.0346047867968675,0.198889956763368,0.628542338367555,0.571016460207025,FALSE,FALSE,FALSE,FALSE,FALSE,FALSE
2817,"introd",0.0716661287749432,0.264234686361912,0.760054301713898,0.601221788562701,FALSE,FALSE,FALSE,FALSE,FALSE,FALSE
2818,"introd",0.0133340362278602,0.429291516847134,0.541829288986934,0.670795859494315,FALSE,FALSE,FALSE,FALSE,FALSE,FALSE
2819,"introd",0.0813759690924538,0.620182910202063,0.789920244357713,0.738842694722552,FALSE,FALSE,FALSE,FALSE,FALSE,FALSE
2820,"introd",-0.0772373154165678,0.506090581681498,0.207704055659257,0.698116409299169,FALSE,FALSE,FALSE,FALSE,FALSE,FALSE
2821,"introd",0.027126761079769,-0.205803146711597,0.597997624300017,0.399456982861022,FALSE,FALSE,FALSE,FALSE,FALSE,FALSE
2822,"introd",0.100404880518965,-0.340745055415967,0.84031902256915,0.339894790429323,FALSE,FALSE,FALSE,FALSE,FALSE,FALSE
2823,"introd",-0.300542794671772,-0.333525044111073,0.0279993212285763,0.342270490412354,FALSE,FALSE,FALSE,FALSE,FALSE,FALSE
2824,"issime",0.0719563339134677,-2.60210067799852,0.76056338028169,0.0106906499236382,FALSE,FALSE,FALSE,FALSE,FALSE,FALSE
2825,"issime",-0.0298954815393628,-2.04855781822866,0.365348718818938,0.0317325640590531,FALSE,FALSE,FALSE,FALSE,FALSE,FALSE
2826,"issime",0.0905224289837285,-2.60717874580838,0.814186322755812,0.0101815713558459,FALSE,FALSE,FALSE,FALSE,FALSE,FALSE
2827,"issime",0.0590489588055849,-2.35304063330378,0.715425080604107,0.0183268284405227,FALSE,FALSE,FALSE,FALSE,FALSE,FALSE
2828,"issime",0.16121213973088,-2.67328398171649,0.932462243339555,0.00797556422874597,TRUE,FALSE,FALSE,FALSE,FALSE,FALSE
2829,"issime",0.0016175125979121,-1.77481325342907,0.494145596470389,0.0503987782114373,FALSE,FALSE,FALSE,FALSE,FALSE,FALSE
2830,"issime",0.0349857453438283,-1.75369113378533,0.631087731206516,0.0514169353470219,FALSE,FALSE,FALSE,FALSE,FALSE,FALSE
2831,"issime",0.0623560270222203,-1.61713388181947,0.729848973358222,0.0649923638214831,FALSE,FALSE,FALSE,FALSE,FALSE,FALSE
2832,"issime",0.0535145357468867,-2.16495306618563,0.696758866451722,0.0256236212455456,FALSE,FALSE,FALSE,FALSE,FALSE,FALSE
2833,"issime",0.111467144057899,-1.75205132764051,0.864924486679111,0.0515866282029527,FALSE,FALSE,FALSE,FALSE,FALSE,FALSE
2834,"issime",-0.112590440326757,-2.6393643028258,0.132699813337858,0.0088240285083998,FALSE,FALSE,FALSE,FALSE,FALSE,FALSE
2835,"issime",-0.048992154073904,-1.01027668500153,0.293738333616155,0.144408620397081,FALSE,FALSE,FALSE,FALSE,FALSE,FALSE
2836,"issime",0.0521568286537839,-2.01355044232088,0.691498387917869,0.0356354997454607,FALSE,FALSE,FALSE,FALSE,FALSE,FALSE
2837,"issime",0.018891683781062,-2.06562569016106,0.565586288817241,0.0302053283556762,FALSE,FALSE,FALSE,FALSE,FALSE,FALSE
2838,"issime",0.128891307769182,-1.74395485760613,0.893093500763618,0.0524350924826065,FALSE,FALSE,FALSE,FALSE,FALSE,FALSE
2839,"issime",-0.0113961137907062,-1.13463174960595,0.437128796877651,0.123536399117597,FALSE,FALSE,FALSE,FALSE,FALSE,FALSE
2840,"issime",0.07982932039865,-1.29047896690919,0.785677922959443,0.0989309350076362,FALSE,FALSE,FALSE,FALSE,FALSE,FALSE
2841,"issime",0.00391503338666865,-0.756568791322486,0.503818089258442,0.206346512811811,FALSE,FALSE,FALSE,FALSE,FALSE,FALSE
2842,"issime",0.0314339892163638,-0.683319654791364,0.617003224164263,0.223655184116749,FALSE,FALSE,FALSE,FALSE,FALSE,FALSE
2843,"issime",0.0503846483742834,-0.527660663914247,0.68301374512133,0.27269641948074,FALSE,FALSE,FALSE,FALSE,FALSE,FALSE
2844,"issime",0.0423045149201329,-0.154322036018758,0.656032581028339,0.421007975564229,FALSE,FALSE,FALSE,FALSE,FALSE,FALSE
2845,"issime",0.0611058261190518,-0.149125340160266,0.724079416256576,0.424232139826913,FALSE,FALSE,FALSE,FALSE,FALSE,FALSE
2846,"issime",-0.286361994437646,0.0894448742318714,0.0305447140675378,0.525878160529442,FALSE,FALSE,FALSE,FALSE,FALSE,FALSE
2847,"issime",0.0886455967745885,-1.86911857870988,0.809095537077889,0.0431019854064144,FALSE,FALSE,FALSE,FALSE,FALSE,FALSE
2848,"issime",0.0586935236347266,-2.42904315298023,0.71389784490073,0.0154420498896996,FALSE,FALSE,FALSE,FALSE,FALSE,FALSE
2849,"issime",-0.0266981135092461,-0.543863096089038,0.377396911590022,0.266417783811302,FALSE,FALSE,FALSE,FALSE,FALSE,FALSE
2850,"issime",0.0245194925152923,-0.402922397037622,0.586119124384863,0.317665026302393,FALSE,FALSE,FALSE,FALSE,FALSE,FALSE
2851,"issime",-0.0414935887137897,-0.636434058064223,0.320040726285423,0.237400305447141,FALSE,FALSE,FALSE,FALSE,FALSE,FALSE
2852,"issime",0.0907044556605037,-0.722858291227958,0.815034787035466,0.214152384184626,FALSE,FALSE,FALSE,FALSE,FALSE,FALSE
2853,"issime",-0.0492405215945659,-0.165857406186609,0.29272017648057,0.417105039877821,FALSE,FALSE,FALSE,FALSE,FALSE,FALSE
2854,"issime",-0.0136047780348552,-0.738876474297041,0.428135075513321,0.210419141354149,FALSE,FALSE,FALSE,FALSE,FALSE,FALSE
2855,"issime",0.027725767415685,-0.552961640712822,0.601730867130494,0.262854233836755,FALSE,FALSE,FALSE,FALSE,FALSE,FALSE
2856,"issime",-0.0814521278870615,-0.225070935088463,0.197692177159342,0.390123875784829,FALSE,FALSE,FALSE,FALSE,FALSE,FALSE
2857,"issime",-0.0300713065263043,0.0305277318299725,0.363991175971492,0.500593924995758,FALSE,FALSE,FALSE,FALSE,FALSE,FALSE
2858,"issime",-0.0490936176490138,-0.137195653683695,0.293398947904293,0.430001696928559,FALSE,FALSE,FALSE,FALSE,FALSE,FALSE
2859,"issime",-0.0958124817460426,0.0282655533743985,0.165959613100288,0.499745460716104,FALSE,FALSE,FALSE,FALSE,FALSE,FALSE
2860,"issime",0.033710632782487,-0.668057069819882,0.624639402681147,0.229255048362464,FALSE,FALSE,FALSE,FALSE,FALSE,FALSE
2861,"issime",-0.0622476161607128,-0.577589052983191,0.251484812489394,0.254030205328356,FALSE,FALSE,FALSE,FALSE,FALSE,FALSE
2862,"issime",0.112938503825685,-0.326885200219486,0.868997115221449,0.344646190395384,FALSE,FALSE,FALSE,FALSE,FALSE,FALSE
2863,"issime",0.046075684984352,-0.458928710137784,0.6696080095028,0.297980655014424,FALSE,FALSE,FALSE,FALSE,FALSE,FALSE
2864,"issime",0.0212300443650868,0.128345214748561,0.575428474461225,0.542168674698795,FALSE,FALSE,FALSE,FALSE,FALSE,FALSE
2865,"issime",-0.0582795398307372,-0.628584319230857,0.26387239097234,0.240794162565756,FALSE,FALSE,FALSE,FALSE,FALSE,FALSE
2866,"issime",0.00612502563375905,-1.06353548559015,0.512472424910911,0.136772441880197,FALSE,FALSE,FALSE,FALSE,FALSE,FALSE
2867,"issime",0.0444619898139162,-1.48338906463606,0.663668759545223,0.0785677922959443,FALSE,FALSE,FALSE,FALSE,FALSE,FALSE
2868,"issime",-0.0598447092055086,-1.12151210418041,0.259290683862209,0.125233327676905,FALSE,FALSE,FALSE,FALSE,FALSE,FALSE
2869,"issime",-0.0402334804407971,-0.205370258932031,0.324622433395554,0.400135754284745,FALSE,FALSE,FALSE,FALSE,FALSE,FALSE
2870,"issime",-0.121087102064758,-1.09467361427252,0.11980315628712,0.130663499066689,FALSE,FALSE,FALSE,FALSE,FALSE,FALSE
2871,"issime",-0.0233995649240626,-0.155064894909836,0.388766332937383,0.420668589852367,FALSE,FALSE,FALSE,FALSE,FALSE,FALSE
2872,"issime",0.000444795673670839,-0.542672858015302,0.488545732224673,0.267096555235025,FALSE,FALSE,FALSE,FALSE,FALSE,FALSE
2873,"issime",-0.0771646209161165,-0.530310503800253,0.207873748515188,0.272017648057017,FALSE,FALSE,FALSE,FALSE,FALSE,FALSE
2874,"issime",0.0333497116195289,-0.708330220191483,0.622603088409978,0.21737654844731,FALSE,FALSE,FALSE,FALSE,FALSE,FALSE
2875,"issime",-0.0165217194308749,-0.362779341534452,0.416086882742237,0.331410147632785,FALSE,FALSE,FALSE,FALSE,FALSE,FALSE
2876,"issime",-0.108433858095845,-0.300712869351202,0.140675377566604,0.354658068895299,FALSE,FALSE,FALSE,FALSE,FALSE,FALSE
2877,"issime",-0.0428185492932247,-0.636366080269534,0.315289326319362,0.237569998303071,FALSE,FALSE,FALSE,FALSE,FALSE,FALSE
2878,"issime",0.054381349363025,-1.67411883924551,0.699304259290684,0.0588834210079756,FALSE,FALSE,FALSE,FALSE,FALSE,FALSE
2879,"issime",0.029063746195698,-1.86883130464928,0.606651959952486,0.0432716782623452,FALSE,FALSE,FALSE,FALSE,FALSE,FALSE
2880,"issime",-0.0873937847541466,-0.843249812313771,0.183437977261157,0.182419820125573,FALSE,FALSE,FALSE,FALSE,FALSE,FALSE
2881,"issime",0.0364036450012168,-0.439490784602237,0.634990666892924,0.306295604955031,FALSE,FALSE,FALSE,FALSE,FALSE,FALSE
2882,"issime",-0.146110329830007,-1.41534091862911,0.0924826064822671,0.0863736636687596,FALSE,FALSE,FALSE,FALSE,FALSE,FALSE
2883,"issime",-0.0270332228042633,-0.102948734133509,0.376209061598507,0.445104361106397,FALSE,FALSE,FALSE,FALSE,FALSE,FALSE
2884,"issime",0.000646413325844364,-0.616906287300333,0.489224503648396,0.243678941116579,FALSE,FALSE,FALSE,FALSE,FALSE,FALSE
2885,"issime",-0.0546764830433197,-0.744573192467624,0.27490242660784,0.209061598506703,FALSE,FALSE,FALSE,FALSE,FALSE,FALSE
2886,"issime",-0.00323860489882755,-0.557938172505753,0.474630918038351,0.260308840997794,FALSE,FALSE,FALSE,FALSE,FALSE,FALSE
2887,"issime",-0.015706157897327,-0.280113384482546,0.419820125572713,0.364160868827422,FALSE,FALSE,FALSE,FALSE,FALSE,FALSE
2888,"issime",0.102947485712688,-0.948938036348844,0.846258272526727,0.154759884608858,FALSE,FALSE,FALSE,FALSE,FALSE,FALSE
2889,"issime",-0.0188441770489813,-0.980977832649866,0.407432547089768,0.14865094179535,FALSE,FALSE,FALSE,FALSE,FALSE,FALSE
2890,"issime",-0.00163671912992669,-1.44375510653455,0.480061089428135,0.0824707279823519,FALSE,FALSE,FALSE,FALSE,FALSE,FALSE
2891,"issime",0.0232795334869405,-1.18695384899181,0.58102833870694,0.114712370609197,FALSE,FALSE,FALSE,FALSE,FALSE,FALSE
2892,"issime",0.110501504962535,-1.25036015242173,0.862039708128288,0.104530799253351,FALSE,FALSE,FALSE,FALSE,FALSE,FALSE
2893,"issime",-0.0391871240301551,-0.620369985272929,0.3281859833701,0.243169862548787,FALSE,FALSE,FALSE,FALSE,FALSE,FALSE
2894,"issime",0.0173553372326243,-0.545008712003062,0.558119803156287,0.265569319531648,FALSE,FALSE,FALSE,FALSE,FALSE,FALSE
2895,"issime",0.00550651064955865,-0.532155096987806,0.509587646360088,0.271169183777363,FALSE,FALSE,FALSE,FALSE,FALSE,FALSE
2896,"issime",0.143366617982581,-0.705190520797285,0.913117257763448,0.218225012726964,TRUE,FALSE,FALSE,FALSE,FALSE,FALSE
2897,"issime",0.0782546323834072,-0.494829785479025,0.781435601561174,0.284235533684032,FALSE,FALSE,FALSE,FALSE,FALSE,FALSE
2898,"issime",0.145953937463283,-0.266927258224042,0.916341422026133,0.369930425929068,TRUE,FALSE,FALSE,FALSE,FALSE,FALSE
2899,"issime",0.0378795147385755,-0.394600680805036,0.641099609706431,0.320889190565077,FALSE,FALSE,FALSE,FALSE,FALSE,FALSE
2900,"issime",0.126108436888371,-0.0812970542798853,0.88919056507721,0.453589003902936,FALSE,FALSE,FALSE,FALSE,FALSE,FALSE
2901,"issime",0.0371979294327058,-0.397485815391151,0.638045138299678,0.319871033429493,FALSE,FALSE,FALSE,FALSE,FALSE,FALSE
2902,"issime",0.135263561451064,-1.56890533712906,0.902596300695741,0.0697437637875445,TRUE,FALSE,FALSE,FALSE,FALSE,FALSE
2903,"issime",0.143701288552499,-1.5628274857305,0.91362633633124,0.0704225352112676,TRUE,FALSE,FALSE,FALSE,FALSE,FALSE
2904,"issime",-0.38734501618911,-0.896103422018592,0.0159511284574919,0.16850500593925,FALSE,FALSE,FALSE,FALSE,FALSE,FALSE
2905,"issogne",-0.0290818481455517,-1.57097718560586,0.368403190225692,0.069404378075683,FALSE,FALSE,FALSE,FALSE,FALSE,FALSE
2906,"issogne",-0.0552583041783414,-1.86747175301178,0.273714576616324,0.0436110639742067,FALSE,FALSE,FALSE,FALSE,FALSE,FALSE
2907,"issogne",0.165307113211876,-1.16486907313468,0.937383336161548,0.119124384863397,TRUE,FALSE,FALSE,FALSE,FALSE,FALSE
2908,"issogne",0.0895674030210305,-0.309224199705094,0.811810622772781,0.351433904632615,FALSE,FALSE,FALSE,FALSE,FALSE,FALSE
2909,"issogne",0.0622849633886116,-0.779111646176975,0.729679280502291,0.200067877142372,FALSE,FALSE,FALSE,FALSE,FALSE,FALSE
2910,"issogne",0.0669547002525928,-1.57942701439335,0.745800101815714,0.0680468352282369,FALSE,FALSE,FALSE,FALSE,FALSE,FALSE
2911,"issogne",-0.0626880094950497,-1.89169210841294,0.251145426777533,0.0417444425589683,FALSE,FALSE,FALSE,FALSE,FALSE,FALSE
2912,"issogne",0.0156259025928218,-1.10838292151935,0.551162396063126,0.128457491939589,FALSE,FALSE,FALSE,FALSE,FALSE,FALSE
2913,"issogne",0.101248373480841,-1.26829611546026,0.842864415408111,0.102324792126251,FALSE,FALSE,FALSE,FALSE,FALSE,FALSE
2914,"issogne",0.038532681862641,-1.33949555639863,0.643645002545393,0.0933310707619209,FALSE,FALSE,FALSE,FALSE,FALSE,FALSE
2915,"issogne",-0.116112373138975,-1.05450510612674,0.127269641948074,0.137960291871712,FALSE,FALSE,FALSE,FALSE,FALSE,FALSE
2916,"issogne",-0.132576623759446,-0.810148649559111,0.104870184965213,0.192262005769557,FALSE,FALSE,FALSE,FALSE,FALSE,FALSE
2917,"issogne",0.0463619303917149,-0.325420337034332,0.670456473782454,0.345324961819107,FALSE,FALSE,FALSE,FALSE,FALSE,FALSE
2918,"issogne",0.0279912285451989,-0.285021952550582,0.602749024266078,0.361954861700322,FALSE,FALSE,FALSE,FALSE,FALSE,FALSE
2919,"issogne",0.0658034686137672,-2.01855844849299,0.741388087561514,0.0347870354658069,FALSE,FALSE,FALSE,FALSE,FALSE,FALSE
2920,"issogne",-0.0576601749938384,-1.35542129324456,0.265569319531648,0.0914644493466825,FALSE,FALSE,FALSE,FALSE,FALSE,FALSE
2921,"issogne",0.158115700220286,-1.56461119337569,0.928729000509079,0.0702528423553368,TRUE,FALSE,FALSE,FALSE,FALSE,FALSE
2922,"issogne",0.00270935818211626,-1.02912305948345,0.497709146444935,0.142032920414051,FALSE,FALSE,FALSE,FALSE,FALSE,FALSE
2923,"issogne",0.0392610544813738,-0.78604324194835,0.645341931104701,0.198370948583065,FALSE,FALSE,FALSE,FALSE,FALSE,FALSE
2924,"issogne",-0.150148830494677,-0.346347137600551,0.0884099779399287,0.338367554725946,FALSE,FALSE,FALSE,FALSE,FALSE,FALSE
2925,"issogne",0.234397862239485,-0.612220142285256,0.968437128796878,0.24622433395554,TRUE,FALSE,FALSE,TRUE,FALSE,FALSE
2926,"issogne",0.100850073538149,-1.12235244049888,0.842185643984388,0.125063634820974,FALSE,FALSE,FALSE,FALSE,FALSE,FALSE
2927,"issogne",-0.0613905045396628,-1.70312198837566,0.255218055319871,0.0565077210249448,FALSE,FALSE,FALSE,FALSE,FALSE,FALSE
2928,"issogne",-0.0425839471282696,-2.18919027337992,0.315968097743085,0.0244357712540302,FALSE,FALSE,FALSE,FALSE,FALSE,FALSE
2929,"issogne",-0.0315570890203638,-2.73328684467212,0.358221618869846,0.00661802138129985,FALSE,FALSE,FALSE,FALSE,FALSE,FALSE
2930,"issogne",0.0996325433263294,-2.31099728022553,0.837094858306465,0.0200237569998303,FALSE,FALSE,FALSE,FALSE,FALSE,FALSE
2931,"issogne",0.189888710121116,-0.609813662424421,0.955031393178347,0.246394026811471,TRUE,FALSE,FALSE,TRUE,FALSE,FALSE
2932,"issogne",0.0968401385500961,-0.285982711972434,0.829119294077719,0.36144578313253,FALSE,FALSE,FALSE,FALSE,FALSE,FALSE
2933,"issogne",0.225543439160644,-0.161780385783869,0.967079585949432,0.418632275581198,TRUE,FALSE,FALSE,TRUE,FALSE,FALSE
2934,"issogne",-0.0929546987926706,-0.464500344861958,0.172577634481588,0.295604955031393,FALSE,FALSE,FALSE,FALSE,FALSE,FALSE
2935,"issogne",-0.133048579989962,-1.13744302851169,0.104361106397421,0.123027320549805,FALSE,FALSE,FALSE,FALSE,FALSE,FALSE
2936,"issogne",-0.0676297237295742,-0.772439318698542,0.235363991175971,0.202613269981334,FALSE,FALSE,FALSE,FALSE,FALSE,FALSE
2937,"issogne",0.122917183606063,-0.34826405662074,0.885287629390803,0.337688783302223,FALSE,FALSE,FALSE,FALSE,FALSE,FALSE
2938,"issogne",-4.15149819747995e-05,-0.481773719277521,0.487018496521296,0.289835397929747,FALSE,FALSE,FALSE,FALSE,FALSE,FALSE
2939,"issogne",-0.0655721283187258,-0.430595946948012,0.241472933989479,0.309180383505854,FALSE,FALSE,FALSE,FALSE,FALSE,FALSE
2940,"issogne",-0.206794488163826,-0.220868527121413,0.0561683353130833,0.392838961479722,FALSE,FALSE,FALSE,FALSE,FALSE,FALSE
2941,"issogne",-0.0993491536090225,-1.76291069369028,0.159511284574919,0.0510775496351604,FALSE,FALSE,FALSE,FALSE,FALSE,FALSE
2942,"issogne",-0.0803130897635924,-1.62398142206796,0.200237569998303,0.0638045138299678,FALSE,FALSE,FALSE,FALSE,FALSE,FALSE
2943,"issogne",0.0826666947857362,-1.7313540067814,0.793483794332259,0.0539623281859834,FALSE,FALSE,FALSE,FALSE,FALSE,FALSE
2944,"issogne",0.00757598316853958,-1.16477789473795,0.519260139148142,0.119294077719328,FALSE,FALSE,FALSE,FALSE,FALSE,FALSE
2945,"issogne",0.00151899862341942,-0.346108892668488,0.493636517902596,0.338537247581877,FALSE,FALSE,FALSE,FALSE,FALSE,FALSE
2946,"issogne",-0.0935202468730676,-1.69096979875104,0.171220091634142,0.0571864924486679,FALSE,FALSE,FALSE,FALSE,FALSE,FALSE
2947,"issogne",-0.0753518264634856,-1.66956517418916,0.212625148481249,0.0599015781435602,FALSE,FALSE,FALSE,FALSE,FALSE,FALSE
2948,"issogne",-0.084377768650473,-1.68361712335781,0.19073477006618,0.057865263872391,FALSE,FALSE,FALSE,FALSE,FALSE,FALSE
2949,"issogne",0.108408508394698,-1.77551948238497,0.858476158153742,0.0500593924995758,FALSE,FALSE,FALSE,FALSE,FALSE,FALSE
2950,"issogne",0.027149715636515,-0.520723997697954,0.598846088579671,0.275072119463771,FALSE,FALSE,FALSE,FALSE,FALSE,FALSE
2951,"issogne",-0.0891143006994426,-1.85253388177056,0.180383505854404,0.044798913965722,FALSE,FALSE,FALSE,FALSE,FALSE,FALSE
2952,"issogne",-0.103758684842678,-2.04467223210102,0.149669098930935,0.0322416426268454,FALSE,FALSE,FALSE,FALSE,FALSE,FALSE
2953,"issogne",-0.0154773393604604,-1.7340606896852,0.420838282708298,0.0534532496181911,FALSE,FALSE,FALSE,FALSE,FALSE,FALSE
2954,"issogne",0.00912903657948405,-1.44954529318638,0.525708467673511,0.0817919565586289,FALSE,FALSE,FALSE,FALSE,FALSE,FALSE
2955,"issogne",0.00170567644729758,-1.41839987367322,0.494315289326319,0.086034277956898,FALSE,FALSE,FALSE,FALSE,FALSE,FALSE
2956,"issogne",0.0100491038152946,-0.37636710952501,0.52995078907178,0.326828440522654,FALSE,FALSE,FALSE,FALSE,FALSE,FALSE
2957,"issogne",0.133318080395084,-0.580845888797609,0.899711522144918,0.253521126760563,FALSE,FALSE,FALSE,FALSE,FALSE,FALSE
2958,"issogne",-0.000572948672163065,-1.74826276236553,0.484812489394197,0.052095706770745,FALSE,FALSE,FALSE,FALSE,FALSE,FALSE
2959,"issogne",-0.0710898637671455,-2.02731878517891,0.224673341252333,0.0344476497539454,FALSE,FALSE,FALSE,FALSE,FALSE,FALSE
2960,"issogne",-0.0079510620943779,-2.0143926635347,0.453758696758866,0.03546580688953,FALSE,FALSE,FALSE,FALSE,FALSE,FALSE
2961,"issogne",0.217821778356081,-1.47122229958246,0.964873578822332,0.0799253351433905,TRUE,FALSE,FALSE,TRUE,FALSE,FALSE
2962,"issogne",0.072206961188467,-1.43719022964907,0.761242151705413,0.0833191922620058,FALSE,FALSE,FALSE,FALSE,FALSE,FALSE
2963,"issogne",-0.0674114996355151,-1.67007086912706,0.236042762599695,0.0597318852876294,FALSE,FALSE,FALSE,FALSE,FALSE,FALSE
2964,"issogne",-0.0794520053109107,-1.52671169825605,0.202443577125403,0.0733073137620906,FALSE,FALSE,FALSE,FALSE,FALSE,FALSE
2965,"issogne",-0.0417374580277894,-2.11013334579513,0.31919226200577,0.0290174783641609,FALSE,FALSE,FALSE,FALSE,FALSE,FALSE
2966,"issogne",-0.00171066378745266,-1.87685211710903,0.479552010860343,0.0427625996945529,FALSE,FALSE,FALSE,FALSE,FALSE,FALSE
2967,"issogne",0.112297536365068,-1.57597939993328,0.86696080095028,0.06872560665196,FALSE,FALSE,FALSE,FALSE,FALSE,FALSE
2968,"issogne",0.0768008776685623,-0.976515825443903,0.776175123027321,0.150178177498727,FALSE,FALSE,FALSE,FALSE,FALSE,FALSE
2969,"issogne",0.0476891845179654,-0.708549746994977,0.674359409468861,0.21720685559138,FALSE,FALSE,FALSE,FALSE,FALSE,FALSE
2970,"issogne",0.0128476422574408,-2.03011043996822,0.54098082470728,0.0337688783302223,FALSE,FALSE,FALSE,FALSE,FALSE,FALSE
2971,"issogne",-0.0154849861834112,-1.8577793843041,0.420668589852367,0.0439504496860682,FALSE,FALSE,FALSE,FALSE,FALSE,FALSE
2972,"issogne",-0.0274765737296434,-1.49914188029955,0.374851518751061,0.0767011708807059,FALSE,FALSE,FALSE,FALSE,FALSE,FALSE
2973,"issogne",0.102544561359631,-1.78772237802991,0.845749193958934,0.0485321567961989,FALSE,FALSE,FALSE,FALSE,FALSE,FALSE
2974,"issogne",0.146104774868654,-1.54355549209058,0.916680807737994,0.0721194637705753,TRUE,FALSE,FALSE,FALSE,FALSE,FALSE
2975,"issogne",-0.0550250053303163,-2.04615336632517,0.274223655184117,0.0320719497709146,FALSE,FALSE,FALSE,FALSE,FALSE,FALSE
2976,"issogne",-0.0477810320229164,-1.68351324445417,0.299847276429662,0.0580349567283217,FALSE,FALSE,FALSE,FALSE,FALSE,FALSE
2977,"issogne",0.053239795952754,-1.49958338594519,0.695401323604276,0.0765314780247752,FALSE,FALSE,FALSE,FALSE,FALSE,FALSE
2978,"issogne",0.0914833222846845,-1.48835500006816,0.816901408450704,0.0775496351603597,FALSE,FALSE,FALSE,FALSE,FALSE,FALSE
2979,"issogne",0.176850066098657,-1.20032759124968,0.945019514678432,0.112336670626167,TRUE,FALSE,FALSE,FALSE,FALSE,FALSE
2980,"issogne",0.162603376286853,-1.33035117009276,0.933141014763278,0.0945189207534363,TRUE,FALSE,FALSE,FALSE,FALSE,FALSE
2981,"issogne",0.150543838938114,-0.479313410590059,0.92024435771254,0.291023247921262,TRUE,FALSE,FALSE,FALSE,FALSE,FALSE
2982,"issogne",0.0549166630867983,-0.818951429364141,0.701340573561853,0.190225691498388,FALSE,FALSE,FALSE,FALSE,FALSE,FALSE
2983,"issogne",0.0713273445483882,-1.78505821947156,0.759205837434244,0.0488715425080604,FALSE,FALSE,FALSE,FALSE,FALSE,FALSE
2984,"issogne",-0.0562479634862623,-1.59756783784215,0.270320719497709,0.06651959952486,FALSE,FALSE,FALSE,FALSE,FALSE,FALSE
2985,"issogne",-0.0176215163146374,-1.34063147782853,0.412693025623621,0.0929916850500594,FALSE,FALSE,FALSE,FALSE,FALSE,FALSE
2986,"jovencan",-0.0237089434393845,0.0630320639106424,0.387578482945868,0.514169353470219,FALSE,FALSE,FALSE,FALSE,FALSE,FALSE
2987,"jovencan",-0.0616061842398352,0.150940419858658,0.253690819616494,0.552350246054641,FALSE,FALSE,FALSE,FALSE,FALSE,FALSE
2988,"jovencan",-0.0361427787972062,0.655226546676419,0.338706940437808,0.750721194637706,FALSE,FALSE,FALSE,FALSE,FALSE,FALSE
2989,"jovencan",0.00969917958708599,1.09335908803787,0.527405396232819,0.863397250975734,FALSE,FALSE,FALSE,FALSE,FALSE,FALSE
2990,"jovencan",0.0507173159789662,0.887374026299137,0.684540980824707,0.81147123706092,FALSE,FALSE,FALSE,FALSE,FALSE,FALSE
2991,"jovencan",-0.133728085634862,0.350490699528094,0.102664177838113,0.638045138299678,FALSE,FALSE,FALSE,FALSE,FALSE,FALSE
2992,"jovencan",-0.0559083044415729,-0.406876751975538,0.271338876633294,0.315628712031224,FALSE,FALSE,FALSE,FALSE,FALSE,FALSE
2993,"jovencan",-0.0115428772623236,-0.405620611603774,0.436280332597998,0.316137790599016,FALSE,FALSE,FALSE,FALSE,FALSE,FALSE
2994,"jovencan",0.10198527113093,0.167820272732428,0.844221958255557,0.55879857458001,FALSE,FALSE,FALSE,FALSE,FALSE,FALSE
2995,"jovencan",0.104312387885368,0.634298974815666,0.84931274393348,0.743933480400475,FALSE,FALSE,FALSE,FALSE,FALSE,FALSE
2996,"jovencan",-0.0437907370628903,0.59136292456122,0.31257424062447,0.726964194807399,FALSE,FALSE,FALSE,FALSE,FALSE,FALSE
2997,"jovencan",-0.0637530117186476,0.681093585883217,0.24843034108264,0.757678601730867,FALSE,FALSE,FALSE,FALSE,FALSE,FALSE
2998,"jovencan",0.0585821354178115,1.25523551967568,0.713219073477007,0.895978279314441,FALSE,FALSE,FALSE,FALSE,FALSE,FALSE
2999,"jovencan",-0.0295334797769655,1.22609370844087,0.366875954522315,0.890039029356864,FALSE,FALSE,FALSE,FALSE,FALSE,FALSE
3000,"jovencan",-0.0505358027847151,0.733615095684463,0.28830816222637,0.772441880196844,FALSE,FALSE,FALSE,FALSE,FALSE,FALSE
3001,"jovencan",-0.0993618767957702,-1.01130150644814,0.159341591718989,0.14406923468522,FALSE,FALSE,FALSE,FALSE,FALSE,FALSE
3002,"jovencan",0.0178766328291218,-1.2225504814855,0.561343967418972,0.109112506363482,FALSE,FALSE,FALSE,FALSE,FALSE,FALSE
3003,"jovencan",0.0151520723745584,0.911650508298717,0.549295774647887,0.817240794162566,FALSE,FALSE,FALSE,FALSE,FALSE,FALSE
3004,"jovencan",-0.039675815510881,0.799444309304562,0.326319361954862,0.790768708637366,FALSE,FALSE,FALSE,FALSE,FALSE,FALSE
3005,"jovencan",0.017491787739031,0.730920538162736,0.559307653147803,0.772272187340913,FALSE,FALSE,FALSE,FALSE,FALSE,FALSE
3006,"jovencan",0.0740787644872203,1.26011166682881,0.767860173086713,0.896996436450025,FALSE,FALSE,FALSE,FALSE,FALSE,FALSE
3007,"jovencan",0.139519822573511,1.408740787929,0.907856779229594,0.924316986254879,TRUE,TRUE,TRUE,FALSE,FALSE,FALSE
3008,"jovencan",-0.123768994836647,0.148649878002834,0.116239606312574,0.551501781774987,FALSE,FALSE,FALSE,FALSE,FALSE,FALSE
3009,"jovencan",0.00921415303626105,0.602302579374485,0.526047853385373,0.732054980485322,FALSE,FALSE,FALSE,FALSE,FALSE,FALSE
3010,"jovencan",0.0143537703685546,-0.129265220527705,0.546071610385203,0.434244018326828,FALSE,FALSE,FALSE,FALSE,FALSE,FALSE
3011,"jovencan",-0.0782208552199322,1.02983753798909,0.205158662820295,0.845409808247073,FALSE,FALSE,FALSE,FALSE,FALSE,FALSE
3012,"jovencan",0.0523902860541483,1.11517760332266,0.692516545053453,0.868997115221449,FALSE,FALSE,FALSE,FALSE,FALSE,FALSE
3013,"jovencan",-0.011987155012692,0.749696293632933,0.433904632614967,0.777872051586628,FALSE,FALSE,FALSE,FALSE,FALSE,FALSE
3014,"jovencan",0.0991008624274219,1.32820169464413,0.83590700831495,0.910062786356694,FALSE,TRUE,FALSE,FALSE,FALSE,FALSE
3015,"jovencan",-0.136894730829054,1.16365438213504,0.100797556422875,0.879348379433226,FALSE,FALSE,FALSE,FALSE,FALSE,FALSE
3016,"jovencan",-0.153890670777891,0.431033291309423,0.0858645851009673,0.671135245206177,FALSE,FALSE,FALSE,FALSE,FALSE,FALSE
3017,"jovencan",-0.0532777310815629,0.615544549660942,0.278805362294247,0.736466994739521,FALSE,FALSE,FALSE,FALSE,FALSE,FALSE
3018,"jovencan",0.0954702249979036,0.965796588545425,0.826573901238758,0.832173765484473,FALSE,FALSE,FALSE,FALSE,FALSE,FALSE
3019,"jovencan",0.185645328017429,1.48108950979067,0.951976921771593,0.935177329034448,TRUE,TRUE,TRUE,TRUE,FALSE,FALSE
3020,"jovencan",-0.060503671448414,1.63022314475438,0.257084676735109,0.954692007466486,FALSE,TRUE,FALSE,FALSE,TRUE,FALSE
3021,"jovencan",-0.00796306517124812,1.45857022670088,0.453419311047005,0.931444086203971,FALSE,TRUE,FALSE,FALSE,FALSE,FALSE
3022,"jovencan",-0.0216541196205728,0.252664802606745,0.39691159002206,0.595961310028848,FALSE,FALSE,FALSE,FALSE,FALSE,FALSE
3023,"jovencan",-0.065872878671895,0.312335809695591,0.239945698286102,0.621415238418463,FALSE,FALSE,FALSE,FALSE,FALSE,FALSE
3024,"jovencan",0.0608702684149751,0.409170661120397,0.72289156626506,0.662141523841846,FALSE,FALSE,FALSE,FALSE,FALSE,FALSE
3025,"jovencan",-0.0703730435934791,1.31161927103298,0.227388426947226,0.905820464958425,FALSE,TRUE,FALSE,FALSE,FALSE,FALSE
3026,"jovencan",0.0288040237936933,1.35215116308181,0.606142881384694,0.914814186322756,FALSE,TRUE,FALSE,FALSE,FALSE,FALSE
3027,"jovencan",-0.079496633231356,0.402717612998987,0.202273884269472,0.659935516714746,FALSE,FALSE,FALSE,FALSE,FALSE,FALSE
3028,"jovencan",-0.0264611888007149,-0.0637200608632815,0.378075683013745,0.459697946716443,FALSE,FALSE,FALSE,FALSE,FALSE,FALSE
3029,"jovencan",0.117236877636003,-0.139211135724711,0.87578482945868,0.429153232648905,FALSE,FALSE,FALSE,FALSE,FALSE,FALSE
3030,"jovencan",0.125138424126265,-0.0386494421312328,0.888172407941626,0.469540132360428,FALSE,FALSE,FALSE,FALSE,FALSE,FALSE
3031,"jovencan",0.0271088423509891,0.919297088983308,0.597827931444086,0.819277108433735,FALSE,FALSE,FALSE,FALSE,FALSE,FALSE
3032,"jovencan",-0.0962954034057208,0.618242858546293,0.164602070252842,0.737994230442898,FALSE,FALSE,FALSE,FALSE,FALSE,FALSE
3033,"jovencan",-0.0257029868054026,0.560618188265818,0.380451382996776,0.716443237739691,FALSE,FALSE,FALSE,FALSE,FALSE,FALSE
3034,"jovencan",-0.0245504405264274,0.0440501894846193,0.385542168674699,0.506024096385542,FALSE,FALSE,FALSE,FALSE,FALSE,FALSE
3035,"jovencan",-0.0420887552766374,0.280522021239824,0.318004412014254,0.608009502799932,FALSE,FALSE,FALSE,FALSE,FALSE,FALSE
3036,"jovencan",0.0599260614742274,0.636177179968595,0.718649244866791,0.745291023247921,FALSE,FALSE,FALSE,FALSE,FALSE,FALSE
3037,"jovencan",-0.0486453859237592,1.33561318811105,0.295265569319532,0.912268793483794,FALSE,TRUE,FALSE,FALSE,FALSE,FALSE
3038,"jovencan",0.0763861109215291,1.29418428507166,0.774478194468013,0.903275072119464,FALSE,TRUE,FALSE,FALSE,FALSE,FALSE
3039,"jovencan",-0.138055403265225,0.737259037231495,0.0996097064313592,0.772781265908705,FALSE,FALSE,FALSE,FALSE,FALSE,FALSE
3040,"jovencan",-0.106576724202315,-0.000439249408594199,0.144408620397081,0.487527575089089,FALSE,FALSE,FALSE,FALSE,FALSE,FALSE
3041,"jovencan",-0.0668237830410963,-0.0697389163192564,0.237569998303071,0.457152553877482,FALSE,FALSE,FALSE,FALSE,FALSE,FALSE
3042,"jovencan",0.0303762753093348,0.628090035210596,0.61191243848634,0.741727473273375,FALSE,FALSE,FALSE,FALSE,FALSE,FALSE
3043,"jovencan",0.0286866584546672,0.987193535529348,0.604955031393178,0.837603936874258,FALSE,FALSE,FALSE,FALSE,FALSE,FALSE
3044,"jovencan",-0.156887083385596,0.749692866502095,0.0833191922620058,0.777702358730697,FALSE,FALSE,FALSE,FALSE,FALSE,FALSE
3045,"jovencan",-0.119277318765812,0.999821706369736,0.122857627693874,0.840149329713219,FALSE,FALSE,FALSE,FALSE,FALSE,FALSE
3046,"jovencan",-0.0379332492278373,0.55736042387399,0.332088919056508,0.714916002036314,FALSE,FALSE,FALSE,FALSE,FALSE,FALSE
3047,"jovencan",-0.115416114303599,0.559754938312254,0.128796877651451,0.715594773460037,FALSE,FALSE,FALSE,FALSE,FALSE,FALSE
3048,"jovencan",-0.0583687030278668,0.702489488620291,0.263363312404548,0.763957237400305,FALSE,FALSE,FALSE,FALSE,FALSE,FALSE
3049,"jovencan",-0.112920698077886,1.04935416691948,0.131851349058205,0.850670286780926,FALSE,FALSE,FALSE,FALSE,FALSE,FALSE
3050,"jovencan",-0.0340149965767331,1.09429399377898,0.348040047514,0.863566943831665,FALSE,FALSE,FALSE,FALSE,FALSE,FALSE
3051,"jovencan",-0.118530536709475,0.269759736055528,0.12421517054132,0.604445952825386,FALSE,FALSE,FALSE,FALSE,FALSE,FALSE
3052,"jovencan",-0.110874085206856,-0.00738827401129568,0.136093670456474,0.484303410826404,FALSE,FALSE,FALSE,FALSE,FALSE,FALSE
3053,"jovencan",-0.00919800182970398,-0.00313885805919898,0.447140675377567,0.486000339385712,FALSE,FALSE,FALSE,FALSE,FALSE,FALSE
3054,"jovencan",0.0733945492584436,-0.0891585165400175,0.765314780247752,0.450704225352113,FALSE,FALSE,FALSE,FALSE,FALSE,FALSE
3055,"jovencan",0.0742181313220698,0.694380886139321,0.768029865942644,0.761920923129136,FALSE,FALSE,FALSE,FALSE,FALSE,FALSE
3056,"jovencan",-0.0652395741298264,0.45866820249632,0.242321398269133,0.682674359409469,FALSE,FALSE,FALSE,FALSE,FALSE,FALSE
3057,"jovencan",0.0357916600674653,0.764590231687848,0.633293738333616,0.782453758696759,FALSE,FALSE,FALSE,FALSE,FALSE,FALSE
3058,"jovencan",0.118874405952857,0.196002930350843,0.878839300865434,0.570507381639233,FALSE,FALSE,FALSE,FALSE,FALSE,FALSE
3059,"jovencan",0.0346326122165888,0.378105960438023,0.628881724079416,0.650093331070762,FALSE,FALSE,FALSE,FALSE,FALSE,FALSE
3060,"jovencan",0.0940809784979777,0.777959501070847,0.823180044120143,0.785338537247582,FALSE,FALSE,FALSE,FALSE,FALSE,FALSE
3061,"jovencan",-0.00899242298752334,1.16709097041302,0.449007296792805,0.88036653656881,FALSE,FALSE,FALSE,FALSE,FALSE,FALSE
3062,"jovencan",0.0219201246110199,1.03678386586849,0.577973867300187,0.84710673680638,FALSE,FALSE,FALSE,FALSE,FALSE,FALSE
3063,"jovencan",0.0265155194212241,0.503215962797173,0.594773460037332,0.697437637875445,FALSE,FALSE,FALSE,FALSE,FALSE,FALSE
3064,"jovencan",0.00602730816078179,-0.314639601477628,0.511623960631257,0.349736976073307,FALSE,FALSE,FALSE,FALSE,FALSE,FALSE
3065,"jovencan",0.0658116219434586,-0.216181655937514,0.741557780417444,0.395214661462752,FALSE,FALSE,FALSE,FALSE,FALSE,FALSE
3066,"jovencan",-0.209883308191664,-0.0196958572583153,0.0539623281859834,0.479552010860343,FALSE,FALSE,FALSE,FALSE,FALSE,FALSE
3067,"la magdeleine",0.0878926178307697,-0.11870792417705,0.807398608518581,0.437128796877651,FALSE,FALSE,FALSE,FALSE,FALSE,FALSE
3068,"la magdeleine",-0.398969175498147,0.295501827270959,0.0147632784659766,0.615645681316817,FALSE,FALSE,FALSE,FALSE,FALSE,FALSE
3069,"la magdeleine",-0.186855069000273,0.289662340733479,0.0656711352452062,0.612251824198201,FALSE,FALSE,FALSE,FALSE,FALSE,FALSE
3070,"la magdeleine",0.0526983548780962,-0.241175881276566,0.693534702189038,0.381978618700153,FALSE,FALSE,FALSE,FALSE,FALSE,FALSE
3071,"la magdeleine",-0.0608295694613616,-1.85473793395845,0.256575598167317,0.0444595282538605,FALSE,FALSE,FALSE,FALSE,FALSE,FALSE
3072,"la magdeleine",-0.0311306090235792,-0.230451729372679,0.360427625996946,0.387069404378076,FALSE,FALSE,FALSE,FALSE,FALSE,FALSE
3073,"la magdeleine",0.088173444061411,-0.459099147546523,0.808077379942304,0.297641269302562,FALSE,FALSE,FALSE,FALSE,FALSE,FALSE
3074,"la magdeleine",0.119882727701757,-0.302832368273495,0.88019684371288,0.353639911759715,FALSE,FALSE,FALSE,FALSE,FALSE,FALSE
3075,"la magdeleine",-0.132222532369443,-0.63087871308093,0.105548956388936,0.239945698286102,FALSE,FALSE,FALSE,FALSE,FALSE,FALSE
3076,"la magdeleine",0.143512975133198,-0.438651775667209,0.913286950619379,0.306804683522824,TRUE,FALSE,FALSE,FALSE,FALSE,FALSE
3077,"la magdeleine",-0.121646959396468,-0.880899805857392,0.118615306295605,0.172577634481588,FALSE,FALSE,FALSE,FALSE,FALSE,FALSE
3078,"la magdeleine",-0.044814567854182,0.727358063662317,0.309689462073647,0.771254030205328,FALSE,FALSE,FALSE,FALSE,FALSE,FALSE
3079,"la magdeleine",0.040536062050613,1.1674685383961,0.649075173935177,0.880536229424741,FALSE,FALSE,FALSE,FALSE,FALSE,FALSE
3080,"la magdeleine",-0.104787690853287,1.12157011679989,0.146954013236043,0.871033429492618,FALSE,FALSE,FALSE,FALSE,FALSE,FALSE
3081,"la magdeleine",-0.25750827792068,0.325596135436501,0.0369930425929068,0.627863566943832,FALSE,FALSE,FALSE,FALSE,FALSE,FALSE
3082,"la magdeleine",-0.234661926972018,-0.855492756046708,0.0437807568301374,0.17970473443068,FALSE,FALSE,FALSE,FALSE,FALSE,FALSE
3083,"la magdeleine",0.0203235492099285,-0.932081945043591,0.571355845918887,0.159511284574919,FALSE,FALSE,FALSE,FALSE,FALSE,FALSE
3084,"la magdeleine",0.130061748384287,-0.334502106854998,0.894960122178856,0.342100797556423,FALSE,FALSE,FALSE,FALSE,FALSE,FALSE
3085,"la magdeleine",0.0481207536749331,0.421753029126149,0.675886645172238,0.6674020023757,FALSE,FALSE,FALSE,FALSE,FALSE,FALSE
3086,"la magdeleine",0.161157706746247,0.463518882282196,0.932122857627694,0.684031902256915,TRUE,FALSE,FALSE,FALSE,FALSE,FALSE
3087,"la magdeleine",-0.0462816987704393,-0.22978138147573,0.305277447819447,0.387408790089937,FALSE,FALSE,FALSE,FALSE,FALSE,FALSE
3088,"la magdeleine",0.111676393749654,-0.323814597596549,0.865094179535042,0.346173426098761,FALSE,FALSE,FALSE,FALSE,FALSE,FALSE
3089,"la magdeleine",-0.157330073066113,-0.789927641998829,0.0828101136942135,0.197522484303411,FALSE,FALSE,FALSE,FALSE,FALSE,FALSE
3090,"la magdeleine",0.0803398081770013,-1.33710882076939,0.787374851518751,0.0936704564737825,FALSE,FALSE,FALSE,FALSE,FALSE,FALSE
3091,"la magdeleine",-0.136718686800352,-1.96981244847097,0.100967249278805,0.0371627354488376,FALSE,FALSE,FALSE,FALSE,FALSE,FALSE
3092,"la magdeleine",-0.248929255836018,-1.17893087226076,0.0386899711522145,0.116239606312574,FALSE,FALSE,FALSE,FALSE,FALSE,FALSE
3093,"la magdeleine",0.000776305340016492,-1.07019169534144,0.489733582216189,0.134566434753097,FALSE,FALSE,FALSE,FALSE,FALSE,FALSE
3094,"la magdeleine",-0.117874087474103,-0.914164070261292,0.125233327676905,0.163583913117258,FALSE,FALSE,FALSE,FALSE,FALSE,FALSE
3095,"la magdeleine",0.0376538491019947,-1.83361111854465,0.640081452570847,0.0461564568131682,FALSE,FALSE,FALSE,FALSE,FALSE,FALSE
3096,"la magdeleine",-0.0240713129968917,-0.493795164048393,0.386560325810283,0.285253690819616,FALSE,FALSE,FALSE,FALSE,FALSE,FALSE
3097,"la magdeleine",0.00904586792251827,-0.0608512385995592,0.525199389105719,0.461055489563889,FALSE,FALSE,FALSE,FALSE,FALSE,FALSE
3098,"la magdeleine",0.123093218405023,0.131142975161558,0.885627015102664,0.543695910402172,FALSE,FALSE,FALSE,FALSE,FALSE,FALSE
3099,"la magdeleine",-0.292353395198573,0.231318913731823,0.0293568640760224,0.585779738673002,FALSE,FALSE,FALSE,FALSE,FALSE,FALSE
3100,"la magdeleine",-0.14341005605467,0.252580860775332,0.0953673850330901,0.595791617172917,FALSE,FALSE,FALSE,FALSE,FALSE,FALSE
3101,"la magdeleine",0.171187196990555,-1.14819692303168,0.940946886136094,0.121330391990497,TRUE,FALSE,FALSE,FALSE,FALSE,FALSE
3102,"la magdeleine",0.486756017506265,1.16699579066261,0.994060750042423,0.88019684371288,TRUE,FALSE,FALSE,TRUE,FALSE,FALSE
3103,"la magdeleine",-0.154525274326447,-0.0274475344687601,0.085355506533175,0.475649075173935,FALSE,FALSE,FALSE,FALSE,FALSE,FALSE
3104,"la magdeleine",-0.00451437711591218,-0.337999291164707,0.468521975224843,0.340403868997115,FALSE,FALSE,FALSE,FALSE,FALSE,FALSE
3105,"la magdeleine",-0.0324615563085597,-1.25438911747519,0.353979297471576,0.104021720685559,FALSE,FALSE,FALSE,FALSE,FALSE,FALSE
3106,"la magdeleine",-0.0434966922564488,-0.612838569915471,0.313762090615985,0.245884948243679,FALSE,FALSE,FALSE,FALSE,FALSE,FALSE
3107,"la magdeleine",-0.0494777205375634,-1.66098076768414,0.292041405056847,0.0604106567113524,FALSE,FALSE,FALSE,FALSE,FALSE,FALSE
3108,"la magdeleine",0.220608670298464,-0.620840079128942,0.966231121669778,0.243000169692856,TRUE,FALSE,FALSE,TRUE,FALSE,FALSE
3109,"la magdeleine",0.129777417490224,-0.439506825675007,0.894451043611064,0.306125912099101,FALSE,FALSE,FALSE,FALSE,FALSE,FALSE
3110,"la magdeleine",0.104180496463496,-0.542713348095933,0.848803665365688,0.266926862379094,FALSE,FALSE,FALSE,FALSE,FALSE,FALSE
3111,"la magdeleine",-0.146637812429615,-1.01373245462757,0.0921432207704056,0.143899541829289,FALSE,FALSE,FALSE,FALSE,FALSE,FALSE
3112,"la magdeleine",0.0036282524071698,-0.760639558065106,0.501612082131342,0.205328355676226,FALSE,FALSE,FALSE,FALSE,FALSE,FALSE
3113,"la magdeleine",-0.00446995491877189,-2.04448268461948,0.469200746648566,0.0325810283387069,FALSE,FALSE,FALSE,FALSE,FALSE,FALSE
3114,"la magdeleine",0.376754353549879,0.245765500586637,0.98659426438147,0.592397760054302,TRUE,FALSE,FALSE,TRUE,FALSE,FALSE
3115,"la magdeleine",-0.141754777621436,-0.105233269348645,0.0965552350246055,0.443746818258951,FALSE,FALSE,FALSE,FALSE,FALSE,FALSE
3116,"la magdeleine",-0.125422183843957,0.0377830527190543,0.114203292041405,0.502969624978788,FALSE,FALSE,FALSE,FALSE,FALSE,FALSE
3117,"la magdeleine",-0.0997076966141162,-0.460749164954329,0.158493127439335,0.296792805022909,FALSE,FALSE,FALSE,FALSE,FALSE,FALSE
3118,"la magdeleine",-0.0318776899795488,-0.303347007041025,0.356524690310538,0.353130833191923,FALSE,FALSE,FALSE,FALSE,FALSE,FALSE
3119,"la magdeleine",0.00603109950594671,0.0973312848648342,0.511793653487188,0.531308331919226,FALSE,FALSE,FALSE,FALSE,FALSE,FALSE
3120,"la magdeleine",0.0541970818566817,-0.716067543427373,0.698286102155099,0.215340234176141,FALSE,FALSE,FALSE,FALSE,FALSE,FALSE
3121,"la magdeleine",0.11980509229123,-0.515805747514597,0.880027150856949,0.276599355167147,FALSE,FALSE,FALSE,FALSE,FALSE,FALSE
3122,"la magdeleine",0.143894322477419,-0.67165320519793,0.913796029187171,0.227727812659087,TRUE,FALSE,FALSE,FALSE,FALSE,FALSE
3123,"la magdeleine",-0.169066121527576,-1.0431781050523,0.0772102494484982,0.139148141863228,FALSE,FALSE,FALSE,FALSE,FALSE,FALSE
3124,"la magdeleine",-0.026448641826164,-0.234303659866036,0.378245375869676,0.385372475818768,FALSE,FALSE,FALSE,FALSE,FALSE,FALSE
3125,"la magdeleine",-0.0367446603843682,-2.45657385178821,0.336161547598846,0.0145935856100458,FALSE,FALSE,FALSE,FALSE,FALSE,FALSE
3126,"la magdeleine",0.239199802949292,0.0858178149565865,0.970134057356185,0.524181231970134,TRUE,FALSE,FALSE,TRUE,FALSE,FALSE
3127,"la magdeleine",-0.021425025611931,-0.101442561912927,0.397250975733922,0.44578313253012,FALSE,FALSE,FALSE,FALSE,FALSE,FALSE
3128,"la magdeleine",-0.240578150143419,0.0826236951209056,0.0415747497030375,0.521635839131173,FALSE,FALSE,FALSE,FALSE,FALSE,FALSE
3129,"la magdeleine",-0.0842562614702071,0.0155463474877346,0.190904462922111,0.493466825046666,FALSE,FALSE,FALSE,FALSE,FALSE,FALSE
3130,"la magdeleine",0.00546376945154137,-1.74957663759961,0.509248260648227,0.0519260139148142,FALSE,FALSE,FALSE,FALSE,FALSE,FALSE
3131,"la magdeleine",-0.147581839339287,-0.83455494879837,0.0907856779229594,0.184625827252673,FALSE,FALSE,FALSE,FALSE,FALSE,FALSE
3132,"la magdeleine",0.071675945189341,-0.64112024465362,0.760223994569829,0.235533684031902,FALSE,FALSE,FALSE,FALSE,FALSE,FALSE
3133,"la magdeleine",0.0847734954677613,-0.885956974781841,0.798065501442389,0.171050398778211,FALSE,FALSE,FALSE,FALSE,FALSE,FALSE
3134,"la magdeleine",0.206355366604567,-0.500114460627577,0.962837264551162,0.282538605124724,TRUE,FALSE,FALSE,TRUE,FALSE,FALSE
3135,"la magdeleine",-0.189125488069074,-0.913135225450647,0.0632954352621755,0.163923298829119,FALSE,FALSE,FALSE,FALSE,FALSE,FALSE
3136,"la magdeleine",0.0176541364467422,-0.249063593402265,0.560665195995249,0.378075683013745,FALSE,FALSE,FALSE,FALSE,FALSE,FALSE
3137,"la magdeleine",-0.136052086381833,-0.964265226614819,0.101476327846598,0.151535720346173,FALSE,FALSE,FALSE,FALSE,FALSE,FALSE
3138,"la magdeleine",0.38680838322149,-0.131914651892488,0.987273035805193,0.432886475479382,TRUE,FALSE,FALSE,TRUE,FALSE,FALSE
3139,"la magdeleine",0.0530692048283203,-0.197969392941613,0.694552859324622,0.403699304259291,FALSE,FALSE,FALSE,FALSE,FALSE,FALSE
3140,"la magdeleine",-0.0346516006427589,0.114124912262718,0.344985576107246,0.535550653317495,FALSE,FALSE,FALSE,FALSE,FALSE,FALSE
3141,"la magdeleine",0.155635382543874,-0.0642090189119922,0.926013914814186,0.459358561004582,TRUE,FALSE,FALSE,FALSE,FALSE,FALSE
3142,"la magdeleine",-0.147301328304984,-0.245615724850254,0.0912947564907517,0.37909384014933,FALSE,FALSE,FALSE,FALSE,FALSE,FALSE
3143,"la magdeleine",-0.27033422594095,-0.542457086400482,0.0337688783302223,0.267266248090955,FALSE,FALSE,FALSE,FALSE,FALSE,FALSE
3144,"la magdeleine",0.139143144421391,0.0409857939280164,0.907008314949941,0.504666553538096,TRUE,FALSE,FALSE,FALSE,FALSE,FALSE
3145,"la magdeleine",0.191279016225765,-0.538308017094387,0.956728321737655,0.268623790938401,TRUE,FALSE,FALSE,TRUE,FALSE,FALSE
3146,"la magdeleine",0.138839063511794,-0.638931411226636,0.90683862209401,0.236212455455625,TRUE,FALSE,FALSE,FALSE,FALSE,FALSE
3147,"la magdeleine",-0.981546706624719,-0.819080116952513,0.00135754284744612,0.189886305786526,FALSE,FALSE,FALSE,FALSE,FALSE,FALSE
3148,"la salle",0.0755988787884938,-0.0167246936837668,0.772102494484982,0.481588325131512,FALSE,FALSE,FALSE,FALSE,FALSE,FALSE
3149,"la salle",-0.0121714541842017,0.24216281205722,0.433056168335313,0.590191752927202,FALSE,FALSE,FALSE,FALSE,FALSE,FALSE
3150,"la salle",0.0515936583058973,0.638085591895972,0.688952995078907,0.746648566095367,FALSE,FALSE,FALSE,FALSE,FALSE,FALSE
3151,"la salle",0.0351084424527901,0.719767317554401,0.631766502630239,0.769048023078228,FALSE,FALSE,FALSE,FALSE,FALSE,FALSE
3152,"la salle",0.0621531358336043,0.187139818189696,0.729170201934499,0.56762260308841,FALSE,FALSE,FALSE,FALSE,FALSE,FALSE
3153,"la salle",-0.0242210582954794,0.211124636704166,0.38588155438656,0.575937553029018,FALSE,FALSE,FALSE,FALSE,FALSE,FALSE
3154,"la salle",-0.00304293030942482,-0.262764541020437,0.475479382318004,0.372136433056168,FALSE,FALSE,FALSE,FALSE,FALSE,FALSE
3155,"la salle",0.103556914417551,-0.184827451002955,0.847615815374173,0.408111318513491,FALSE,FALSE,FALSE,FALSE,FALSE,FALSE
3156,"la salle",0.024949660493423,0.0950354930367917,0.588664517223825,0.529781096215849,FALSE,FALSE,FALSE,FALSE,FALSE,FALSE
3157,"la salle",0.0981175656409317,0.486248487470826,0.832004072628542,0.690649923638215,FALSE,FALSE,FALSE,FALSE,FALSE,FALSE
3158,"la salle",-0.051727321185643,0.393924092157976,0.284914305107755,0.656032581028339,FALSE,FALSE,FALSE,FALSE,FALSE,FALSE
3159,"la salle",-0.0447711649095837,0.746709851239698,0.309859154929577,0.776853894451044,FALSE,FALSE,FALSE,FALSE,FALSE,FALSE
3160,"la salle",0.0272981053827586,1.27003566074463,0.599864245715255,0.899202443577125,FALSE,FALSE,FALSE,FALSE,FALSE,FALSE
3161,"la salle",0.00563794010373542,1.16275417940549,0.51009672492788,0.878839300865434,FALSE,FALSE,FALSE,FALSE,FALSE,FALSE
3162,"la salle",0.0840925603870897,0.451654102779951,0.796538265739012,0.680298659426438,FALSE,FALSE,FALSE,FALSE,FALSE,FALSE
3163,"la salle",0.0466954380648819,-2.04875717894783,0.671644323773969,0.0315628712031224,FALSE,FALSE,FALSE,FALSE,FALSE,FALSE
3164,"la salle",0.151590888367567,-1.45970190515988,0.921262514848125,0.0811131851349058,TRUE,FALSE,FALSE,FALSE,FALSE,FALSE
3165,"la salle",0.0130534390765096,0.0800037849713705,0.541320210419141,0.520617681995588,FALSE,FALSE,FALSE,FALSE,FALSE,FALSE
3166,"la salle",0.00612958419288745,0.45039068736224,0.512642117766842,0.679959273714577,FALSE,FALSE,FALSE,FALSE,FALSE,FALSE
3167,"la salle",0.0869986275049914,0.518498506529203,0.805701679959274,0.702358730697438,FALSE,FALSE,FALSE,FALSE,FALSE,FALSE
3168,"la salle",0.00682923585231876,0.790121930996988,0.516375360597319,0.789241472933989,FALSE,FALSE,FALSE,FALSE,FALSE,FALSE
3169,"la salle",0.101749157078048,0.613639191687063,0.843543186831834,0.735618530459868,FALSE,FALSE,FALSE,FALSE,FALSE,FALSE
3170,"la salle",-0.11234439139235,-0.537816079494762,0.13303919904972,0.268963176650263,FALSE,FALSE,FALSE,FALSE,FALSE,FALSE
3171,"la salle",-0.0508340943146859,-0.306259355949063,0.287290005090786,0.3524520617682,FALSE,FALSE,FALSE,FALSE,FALSE,FALSE
3172,"la salle",0.00875912581170191,-0.561140705060646,0.523672153402342,0.258951298150348,FALSE,FALSE,FALSE,FALSE,FALSE,FALSE
3173,"la salle",-0.0917635922974878,0.261371710236106,0.175971491600204,0.599185474291532,FALSE,FALSE,FALSE,FALSE,FALSE,FALSE
3174,"la salle",0.0286102039234564,-0.398312257449711,0.604276259969455,0.31919226200577,FALSE,FALSE,FALSE,FALSE,FALSE,FALSE
3175,"la salle",0.00999272275017304,-0.268975001880147,0.529611403359919,0.36806380451383,FALSE,FALSE,FALSE,FALSE,FALSE,FALSE
3176,"la salle",0.0448238491830182,0.384037087622004,0.6651959952486,0.651959952486,FALSE,FALSE,FALSE,FALSE,FALSE,FALSE
3177,"la salle",-0.0934284461650332,0.83125527324383,0.171389784490073,0.799253351433905,FALSE,FALSE,FALSE,FALSE,FALSE,FALSE
3178,"la salle",-0.0851920388325507,0.398198391483361,0.188698455795011,0.658238588155439,FALSE,FALSE,FALSE,FALSE,FALSE,FALSE
3179,"la salle",0.0195548493460542,0.599287023674599,0.569149838791787,0.730697437637875,FALSE,FALSE,FALSE,FALSE,FALSE,FALSE
3180,"la salle",-0.0862802482364771,0.926237523452028,0.18615306295605,0.821483115560835,FALSE,FALSE,FALSE,FALSE,FALSE,FALSE
3181,"la salle",0.018974761874528,1.3061362348373,0.565925674529102,0.904802307822841,FALSE,TRUE,FALSE,FALSE,FALSE,FALSE
3182,"la salle",-0.125667652980198,1.35024757549352,0.113863906329544,0.914474800610894,FALSE,TRUE,FALSE,FALSE,FALSE,FALSE
3183,"la salle",-0.00622620971452648,1.55415719450529,0.461734260987612,0.946037671814017,FALSE,TRUE,FALSE,FALSE,FALSE,FALSE
3184,"la salle",-0.0149652226982138,0.35082000437123,0.424062446970982,0.638384524011539,FALSE,FALSE,FALSE,FALSE,FALSE,FALSE
3185,"la salle",-0.0615952983324508,0.372685994586975,0.253860512472425,0.648735788223316,FALSE,FALSE,FALSE,FALSE,FALSE,FALSE
3186,"la salle",0.0725031378888854,0.427907584209773,0.762260308840998,0.670456473782454,FALSE,FALSE,FALSE,FALSE,FALSE,FALSE
3187,"la salle",-0.0102179377888429,0.994386785297636,0.441880196843713,0.839470558289496,FALSE,FALSE,FALSE,FALSE,FALSE,FALSE
3188,"la salle",-0.00303844748770743,0.820969291347298,0.475649075173935,0.79602918717122,FALSE,FALSE,FALSE,FALSE,FALSE,FALSE
3189,"la salle",-0.0576417806905312,0.330304541635389,0.265739012387578,0.630918038350585,FALSE,FALSE,FALSE,FALSE,FALSE,FALSE
3190,"la salle",-0.0184204939454595,0.0426367248290617,0.409299168505006,0.50551501781775,FALSE,FALSE,FALSE,FALSE,FALSE,FALSE
3191,"la salle",0.0683296227217696,-0.221175094979548,0.750381808925844,0.392669268623791,FALSE,FALSE,FALSE,FALSE,FALSE,FALSE
3192,"la salle",-0.037441712957051,-0.352336075120503,0.333446461903954,0.335652469031054,FALSE,FALSE,FALSE,FALSE,FALSE,FALSE
3193,"la salle",-0.00275887078722903,0.804014024230899,0.477006618021381,0.792295944340743,FALSE,FALSE,FALSE,FALSE,FALSE,FALSE
3194,"la salle",-0.177204949202435,0.217998866693933,0.0711013066349907,0.579331410147633,FALSE,FALSE,FALSE,FALSE,FALSE,FALSE
3195,"la salle",-0.0317330716198558,0.774186182393341,0.357542847446123,0.784320380111997,FALSE,FALSE,FALSE,FALSE,FALSE,FALSE
3196,"la salle",0.00667978986447793,0.308028636217672,0.515357203461734,0.620397081282878,FALSE,FALSE,FALSE,FALSE,FALSE,FALSE
3197,"la salle",-0.053641652772308,0.538654848544263,0.278126590870524,0.707619209231291,FALSE,FALSE,FALSE,FALSE,FALSE,FALSE
3198,"la salle",0.0466397446130973,0.563797232396424,0.671304938062108,0.717291702019345,FALSE,FALSE,FALSE,FALSE,FALSE,FALSE
3199,"la salle",-0.00713731049115118,0.982308381516252,0.457322246733413,0.836925165450535,FALSE,FALSE,FALSE,FALSE,FALSE,FALSE
3200,"la salle",0.0337881615477063,0.371528372523195,0.624978788393009,0.648057016799593,FALSE,FALSE,FALSE,FALSE,FALSE,FALSE
3201,"la salle",-0.0274888670284614,0.269425631843751,0.37468182589513,0.603936874257594,FALSE,FALSE,FALSE,FALSE,FALSE,FALSE
3202,"la salle",-0.00682767890147495,0.0125116673712164,0.458849482436789,0.492618360767012,FALSE,FALSE,FALSE,FALSE,FALSE,FALSE
3203,"la salle",0.0484940005453218,-0.032711386470788,0.676735109451892,0.472594603767181,FALSE,FALSE,FALSE,FALSE,FALSE,FALSE
3204,"la salle",-0.0463363270971939,0.225632193729167,0.304768369251655,0.582385881554387,FALSE,FALSE,FALSE,FALSE,FALSE,FALSE
3205,"la salle",0.0576354559984633,0.494500940041194,0.710164602070253,0.693025623621246,FALSE,FALSE,FALSE,FALSE,FALSE,FALSE
3206,"la salle",-0.0444725536392809,0.00725278147137696,0.310537926353301,0.490921432207704,FALSE,FALSE,FALSE,FALSE,FALSE,FALSE
3207,"la salle",-0.0136084534733385,0.851791272590396,0.42796538265739,0.803835058544035,FALSE,FALSE,FALSE,FALSE,FALSE,FALSE
3208,"la salle",0.00663100052626575,0.507563489673102,0.515017817749873,0.698625487866961,FALSE,FALSE,FALSE,FALSE,FALSE,FALSE
3209,"la salle",-0.0108517570687159,0.559769383663032,0.439165111148821,0.715764466315968,FALSE,FALSE,FALSE,FALSE,FALSE,FALSE
3210,"la salle",0.061578126350982,0.585555883529696,0.726794501951468,0.724927880536229,FALSE,FALSE,FALSE,FALSE,FALSE,FALSE
3211,"la salle",-0.0253931117549193,0.494533430725246,0.380960461564568,0.693195316477176,FALSE,FALSE,FALSE,FALSE,FALSE,FALSE
3212,"la salle",0.0501832034801382,0.343169132036425,0.681486509417954,0.634990666892924,FALSE,FALSE,FALSE,FALSE,FALSE,FALSE
3213,"la salle",-0.0706029047328993,-0.124790431185743,0.226709655523502,0.435771254030205,FALSE,FALSE,FALSE,FALSE,FALSE,FALSE
3214,"la salle",-0.023413614659626,-0.243698600608999,0.388596640081453,0.380111997284914,FALSE,FALSE,FALSE,FALSE,FALSE,FALSE
3215,"la salle",0.0958694897833485,-0.0232894228665972,0.82708297980655,0.477515696589174,FALSE,FALSE,FALSE,FALSE,FALSE,FALSE
3216,"la salle",0.00501476059175054,-0.497641363961311,0.508230103512642,0.28372645511624,FALSE,FALSE,FALSE,FALSE,FALSE,FALSE
3217,"la salle",0.0502107151626294,0.28420489516569,0.681995587985746,0.609536738503309,FALSE,FALSE,FALSE,FALSE,FALSE,FALSE
3218,"la salle",-0.133340077565071,0.553353705840573,0.103852027829628,0.713219073477007,FALSE,FALSE,FALSE,FALSE,FALSE,FALSE
3219,"la salle",0.0102180963748673,0.905413915920662,0.530629560495503,0.815543865603258,FALSE,FALSE,FALSE,FALSE,FALSE,FALSE
3220,"la salle",0.119010616129845,0.282575216197277,0.879008993721364,0.608518581367724,FALSE,FALSE,FALSE,FALSE,FALSE,FALSE
3221,"la salle",0.0476653539971039,0.425372562424073,0.674020023757,0.669777702358731,FALSE,FALSE,FALSE,FALSE,FALSE,FALSE
3222,"la salle",0.111038953798591,0.575755585358677,0.863397250975734,0.722043101985406,FALSE,FALSE,FALSE,FALSE,FALSE,FALSE
3223,"la salle",0.0669188086413826,0.60239426750698,0.745630408959783,0.732564059053114,FALSE,FALSE,FALSE,FALSE,FALSE,FALSE
3224,"la salle",0.0789653318685097,0.638875096491591,0.783471915832343,0.74732733751909,FALSE,FALSE,FALSE,FALSE,FALSE,FALSE
3225,"la salle",-0.00431063310205104,0.475999074443486,0.469879518072289,0.687934837943323,FALSE,FALSE,FALSE,FALSE,FALSE,FALSE
3226,"la salle",0.0709959770656585,-0.397762910327849,0.75835737315459,0.319701340573562,FALSE,FALSE,FALSE,FALSE,FALSE,FALSE
3227,"la salle",0.159809011728019,-0.11572477365633,0.930256236212455,0.438486339725098,TRUE,FALSE,FALSE,FALSE,FALSE,FALSE
3228,"la salle",-0.327641787230441,-0.219480708356973,0.0225691498387918,0.393687425759376,FALSE,FALSE,FALSE,FALSE,FALSE,FALSE
3229,"la thuile",0.149374744695516,1.25679421606123,0.919056507721025,0.896147972170372,TRUE,FALSE,FALSE,FALSE,FALSE,FALSE
3230,"la thuile",-0.154260037904944,1.62767835876724,0.0856948922450365,0.954013236042763,FALSE,TRUE,FALSE,FALSE,TRUE,FALSE
3231,"la thuile",0.0616634405885659,1.92317327916456,0.727982351942983,0.979806550144239,FALSE,TRUE,FALSE,FALSE,TRUE,FALSE
3232,"la thuile",-0.0361064749282427,1.54770535413238,0.339555404717461,0.944849821822501,FALSE,TRUE,FALSE,FALSE,FALSE,FALSE
3233,"la thuile",-0.337839938469878,-0.211979358239777,0.0207025284235534,0.397081282877991,FALSE,FALSE,FALSE,FALSE,FALSE,FALSE
3234,"la thuile",-0.0687052169790849,0.986248772157458,0.232139826913287,0.837264551162396,FALSE,FALSE,FALSE,FALSE,FALSE,FALSE
3235,"la thuile",0.103715536521127,0.964761907216015,0.847955201086034,0.832004072628542,FALSE,FALSE,FALSE,FALSE,FALSE,FALSE
3236,"la thuile",0.131158986546559,1.03193127744891,0.896996436450025,0.846088579670796,FALSE,FALSE,FALSE,FALSE,FALSE,FALSE
3237,"la thuile",-0.00716600300985348,0.634836682684364,0.457152553877482,0.744103173256406,FALSE,FALSE,FALSE,FALSE,FALSE,FALSE
3238,"la thuile",0.0980462317421242,0.290787069661861,0.831834379772612,0.613439674189717,FALSE,FALSE,FALSE,FALSE,FALSE,FALSE
3239,"la thuile",0.285054863698043,0.59552111580757,0.97777023587307,0.728661123366706,TRUE,FALSE,FALSE,TRUE,FALSE,FALSE
3240,"la thuile",0.0435955136242878,1.77091484522113,0.659596131002885,0.968097743085016,FALSE,TRUE,FALSE,FALSE,TRUE,FALSE
3241,"la thuile",-0.0812643944125337,2.61808158555115,0.198201255727134,0.998133378584762,FALSE,TRUE,FALSE,FALSE,TRUE,FALSE
3242,"la thuile",-0.0103998227960584,2.4716998187049,0.441031732564059,0.996097064313592,FALSE,TRUE,FALSE,FALSE,TRUE,FALSE
3243,"la thuile",-0.462686822505479,1.73956987646189,0.00916341422026133,0.965552350246055,FALSE,TRUE,FALSE,FALSE,TRUE,FALSE
3244,"la thuile",-0.450564774674643,-1.59761305571845,0.0105209570677074,0.0663499066689292,FALSE,FALSE,FALSE,FALSE,FALSE,FALSE
3245,"la thuile",0.115829614478073,-1.79933810217513,0.873409129475649,0.0475139996606143,FALSE,FALSE,FALSE,FALSE,FALSE,FALSE
3246,"la thuile",-0.0981066039947667,0.549200133261019,0.161377905990158,0.710673680638045,FALSE,FALSE,FALSE,FALSE,FALSE,FALSE
3247,"la thuile",0.117663156401452,1.32217117075021,0.876463600882403,0.90904462922111,FALSE,TRUE,FALSE,FALSE,FALSE,FALSE
3248,"la thuile",0.0421493760330431,1.84710636253579,0.655184116748685,0.97335822161887,FALSE,TRUE,FALSE,FALSE,TRUE,FALSE
3249,"la thuile",0.137468740207876,1.37429325951155,0.904972000678771,0.918208043441371,TRUE,TRUE,TRUE,FALSE,FALSE,FALSE
3250,"la thuile",-0.0195548967833741,0.390010560532414,0.404378075683014,0.654335652469031,FALSE,FALSE,FALSE,FALSE,FALSE,FALSE
3251,"la thuile",0.151633522307053,-0.114580653665525,0.921432207704056,0.439334804004751,TRUE,FALSE,FALSE,FALSE,FALSE,FALSE
3252,"la thuile",0.372985909376805,-0.343690947658335,0.986254878669608,0.338876633293738,TRUE,FALSE,FALSE,TRUE,FALSE,FALSE
3253,"la thuile",-0.446549247681485,-0.0708162222966461,0.010860342779569,0.456473782453759,FALSE,FALSE,FALSE,FALSE,FALSE,FALSE
3254,"la thuile",-0.379478911896339,0.587009998607568,0.0169692855930765,0.725776344815883,FALSE,FALSE,FALSE,FALSE,FALSE,FALSE
3255,"la thuile",-0.00545338730859868,0.269621428307355,0.464449346682505,0.604276259969455,FALSE,FALSE,FALSE,FALSE,FALSE,FALSE
3256,"la thuile",-0.0205258247464997,-0.474935630658922,0.401662989988121,0.292380790768709,FALSE,FALSE,FALSE,FALSE,FALSE,FALSE
3257,"la thuile",0.0869230840120547,0.0587085521787847,0.805531987103343,0.511284574919396,FALSE,FALSE,FALSE,FALSE,FALSE,FALSE
3258,"la thuile",-0.00360627349665421,1.26322308422033,0.472933989479043,0.89801459358561,FALSE,FALSE,FALSE,FALSE,FALSE,FALSE
3259,"la thuile",0.136235018008506,1.32101633872743,0.903444764975394,0.908874936365179,TRUE,TRUE,TRUE,FALSE,FALSE,FALSE
3260,"la thuile",0.0767530028978811,1.47411246226521,0.775835737315459,0.934328864754794,FALSE,TRUE,FALSE,FALSE,FALSE,FALSE
3261,"la thuile",-0.0487104244017793,1.5632236646891,0.295095876463601,0.947055828949601,FALSE,TRUE,FALSE,FALSE,FALSE,FALSE
3262,"la thuile",0.0678365684653794,1.12820832051047,0.748515187510606,0.872051586628203,FALSE,FALSE,FALSE,FALSE,FALSE,FALSE
3263,"la thuile",0.426697628248119,1.32825690799611,0.991006278635669,0.910232479212625,TRUE,TRUE,TRUE,TRUE,FALSE,FALSE
3264,"la thuile",0.283016453650365,2.58500768452358,0.977091464449347,0.9977939928729,TRUE,TRUE,TRUE,TRUE,TRUE,TRUE
3265,"la thuile",0.178630343587368,1.63018644079782,0.94688613609367,0.954522314610555,TRUE,TRUE,TRUE,FALSE,TRUE,FALSE
3266,"la thuile",0.152573842376862,1.48500160726065,0.922959443407433,0.93568640760224,TRUE,TRUE,TRUE,FALSE,FALSE,FALSE
3267,"la thuile",0.406394469341976,1.68279423069569,0.989818428644154,0.960800950279993,TRUE,TRUE,TRUE,TRUE,TRUE,TRUE
3268,"la thuile",-0.0125624229337031,1.38645272191822,0.431528932631936,0.92024435771254,FALSE,TRUE,FALSE,FALSE,FALSE,FALSE
3269,"la thuile",-0.385365416582957,0.300966779030698,0.0162905141693535,0.617342609876124,FALSE,FALSE,FALSE,FALSE,FALSE,FALSE
3270,"la thuile",-0.0442919076663078,1.31423317891128,0.310877312065162,0.906329543526218,FALSE,TRUE,FALSE,FALSE,FALSE,FALSE
3271,"la thuile",0.114625471271607,1.39221465091174,0.871712200916341,0.921771593415917,FALSE,TRUE,FALSE,FALSE,FALSE,FALSE
3272,"la thuile",0.0135613120496387,1.21559046588912,0.542677753266588,0.888851179365349,FALSE,FALSE,FALSE,FALSE,FALSE,FALSE
3273,"la thuile",0.269989864506197,0.739345160503658,0.97556422874597,0.773120651620567,TRUE,FALSE,FALSE,TRUE,FALSE,FALSE
3274,"la thuile",-0.308042201053333,1.23680695016136,0.0256236212455456,0.891905650772102,FALSE,FALSE,FALSE,FALSE,FALSE,FALSE
3275,"la thuile",0.45806537533951,0.28898545319879,0.992872900050908,0.61191243848634,TRUE,FALSE,FALSE,TRUE,FALSE,FALSE
3276,"la thuile",0.159364882565534,1.73586208482279,0.930086543356525,0.965212964534193,TRUE,TRUE,TRUE,FALSE,TRUE,FALSE
3277,"la thuile",-0.0918565719540823,1.65406314801186,0.175462413032411,0.957067707449516,FALSE,TRUE,FALSE,FALSE,TRUE,FALSE
3278,"la thuile",0.0174641430085671,1.76400349121027,0.558968267435941,0.967928050229085,FALSE,TRUE,FALSE,FALSE,TRUE,FALSE
3279,"la thuile",-0.0345115546880148,1.73613540778107,0.345664347530969,0.965382657390124,FALSE,TRUE,FALSE,FALSE,TRUE,FALSE
3280,"la thuile",-0.158397343693292,1.49723869267812,0.0823010351264212,0.937383336161548,FALSE,TRUE,FALSE,FALSE,FALSE,FALSE
3281,"la thuile",-0.236613988236201,-0.492088283922999,0.0425929068386221,0.286441540811132,FALSE,FALSE,FALSE,FALSE,FALSE,FALSE
3282,"la thuile",-0.0280227027293201,1.31608685893074,0.372815204479891,0.90683862209401,FALSE,TRUE,FALSE,FALSE,FALSE,FALSE
3283,"la thuile",0.149550364009732,1.16098229286999,0.919226200576956,0.878160529441711,TRUE,FALSE,FALSE,FALSE,FALSE,FALSE
3284,"la thuile",0.0420073811548001,1.18234068006597,0.654335652469031,0.88257254369591,FALSE,FALSE,FALSE,FALSE,FALSE,FALSE
3285,"la thuile",-0.201198475291145,0.647643433753539,0.0588834210079756,0.749024266078398,FALSE,FALSE,FALSE,FALSE,FALSE,FALSE
3286,"la thuile",1.23436390041346,-0.0815240644695793,0.999151535720346,0.453079925335143,TRUE,FALSE,FALSE,TRUE,FALSE,FALSE
3287,"la thuile",0.269079086473541,-0.225213364633538,0.975394535890039,0.389954182928899,TRUE,FALSE,FALSE,TRUE,FALSE,FALSE
3288,"la thuile",-1.76507899491844,1.68145901818387,0.000339385711861531,0.960291871712201,FALSE,TRUE,FALSE,FALSE,TRUE,FALSE
3289,"la thuile",0.825060217536274,1.82716088503127,0.998472764296623,0.971830985915493,TRUE,TRUE,TRUE,TRUE,TRUE,TRUE
3290,"la thuile",-0.231012492929219,0.947433593936635,0.0446292211097913,0.827761751230273,FALSE,FALSE,FALSE,FALSE,FALSE,FALSE
3291,"la thuile",-0.520317664140254,-1.35292994578401,0.00509078567792296,0.091803835058544,FALSE,FALSE,FALSE,FALSE,FALSE,FALSE
3292,"la thuile",-0.126559246473128,0.80206674730419,0.112506363482097,0.79161717291702,FALSE,FALSE,FALSE,FALSE,FALSE,FALSE
3293,"la thuile",-0.0682521869278592,0.839715181327074,0.233667062616664,0.801798744272866,FALSE,FALSE,FALSE,FALSE,FALSE,FALSE
3294,"la thuile",-0.0846865072977447,1.24837984417963,0.190225691498388,0.894620736466995,FALSE,FALSE,FALSE,FALSE,FALSE,FALSE
3295,"la thuile",-0.0369152921956939,0.743105224126037,0.335482776175123,0.775326658747667,FALSE,FALSE,FALSE,FALSE,FALSE,FALSE
3296,"la thuile",-0.605237615190235,-0.261703333474261,0.00322416426268454,0.372645511623961,FALSE,FALSE,FALSE,FALSE,FALSE,FALSE
3297,"la thuile",-0.115857384933175,0.415690995189819,0.127609027659936,0.664517223824877,FALSE,FALSE,FALSE,FALSE,FALSE,FALSE
3298,"la thuile",-0.178153300828992,1.50960111694175,0.0702528423553368,0.939249957576786,FALSE,TRUE,FALSE,FALSE,FALSE,FALSE
3299,"la thuile",0.446290553885945,1.59562315320429,0.992363821483116,0.950110300356355,TRUE,TRUE,TRUE,TRUE,TRUE,TRUE
3300,"la thuile",0.150700631566028,1.88403503525795,0.920753436280333,0.975903614457831,TRUE,TRUE,TRUE,FALSE,TRUE,FALSE
3301,"la thuile",-0.286984656697417,1.42979864626704,0.030375021211607,0.926692686237909,FALSE,TRUE,FALSE,FALSE,FALSE,FALSE
3302,"la thuile",-0.42493244450808,-0.322215091842667,0.0125572713388766,0.346682504666554,FALSE,FALSE,FALSE,FALSE,FALSE,FALSE
3303,"la thuile",0.107601732726369,1.31803686030122,0.856100458170711,0.907347700661802,FALSE,TRUE,FALSE,FALSE,FALSE,FALSE
3304,"la thuile",0.314393356400736,0.853972291126255,0.981503478703547,0.804174444255897,TRUE,FALSE,FALSE,TRUE,FALSE,FALSE
3305,"la thuile",0.124595912477682,0.967662784921061,0.887323943661972,0.832852536908196,FALSE,FALSE,FALSE,FALSE,FALSE,FALSE
3306,"la thuile",-0.216779194245202,0.743634235496068,0.0505684710673681,0.775666044459528,FALSE,FALSE,FALSE,FALSE,FALSE,FALSE
3307,"lillianes",0.0603768506047899,-0.508979882446466,0.72068555913796,0.27931444086204,FALSE,FALSE,FALSE,FALSE,FALSE,FALSE
3308,"lillianes",-0.0378467906278992,-0.295548700280847,0.3325979976243,0.356524690310538,FALSE,FALSE,FALSE,FALSE,FALSE,FALSE
3309,"lillianes",0.0511329029671419,0.0898062757772458,0.686916680807738,0.526217546241303,FALSE,FALSE,FALSE,FALSE,FALSE,FALSE
3310,"lillianes",0.046582302107911,0.283182600296913,0.670965552350246,0.609197352791447,FALSE,FALSE,FALSE,FALSE,FALSE,FALSE
3311,"lillianes",0.074760035426447,-0.0185260479715245,0.76938740879009,0.480061089428135,FALSE,FALSE,FALSE,FALSE,FALSE,FALSE
3312,"lillianes",-0.0412852176724385,0.235174647376924,0.320889190565077,0.587137281520448,FALSE,FALSE,FALSE,FALSE,FALSE,FALSE
3313,"lillianes",0.00177808691890924,-0.115085141093522,0.494824367894112,0.43899541829289,FALSE,FALSE,FALSE,FALSE,FALSE,FALSE
3314,"lillianes",0.052229181390091,-0.0875267302987566,0.692007466485661,0.451892075343628,FALSE,FALSE,FALSE,FALSE,FALSE,FALSE
3315,"lillianes",0.0420130568579786,-0.190032753118349,0.654675038180893,0.406075004242321,FALSE,FALSE,FALSE,FALSE,FALSE,FALSE
3316,"lillianes",0.119268966339956,0.0626628371008609,0.879348379433226,0.513999660614288,FALSE,FALSE,FALSE,FALSE,FALSE,FALSE
3317,"lillianes",-0.100958642725409,0.0618722217464172,0.154420498896996,0.513829967758357,FALSE,FALSE,FALSE,FALSE,FALSE,FALSE
3318,"lillianes",-0.0910290678485701,0.406956756978144,0.17732903444765,0.660953673850331,FALSE,FALSE,FALSE,FALSE,FALSE,FALSE
3319,"lillianes",-0.0415313029306326,0.947685868301525,0.319871033429493,0.827931444086204,FALSE,FALSE,FALSE,FALSE,FALSE,FALSE
3320,"lillianes",-0.016013560369224,1.09569629848475,0.418123197013406,0.864245715255388,FALSE,FALSE,FALSE,FALSE,FALSE,FALSE
3321,"lillianes",0.0243586026568039,0.19533212559907,0.585100967249279,0.570167995927371,FALSE,FALSE,FALSE,FALSE,FALSE,FALSE
3322,"lillianes",0.0049069603015397,-0.816173043285462,0.50772102494485,0.191413541489903,FALSE,FALSE,FALSE,FALSE,FALSE,FALSE
3323,"lillianes",0.0946085777954195,-1.02827288567527,0.825386051247243,0.142202613269981,FALSE,FALSE,FALSE,FALSE,FALSE,FALSE
3324,"lillianes",-0.0218942519251311,0.543152222826945,0.395214661462752,0.708807059222807,FALSE,FALSE,FALSE,FALSE,FALSE,FALSE
3325,"lillianes",-0.0732168623470866,0.742283086707815,0.21941286271848,0.774987273035805,FALSE,FALSE,FALSE,FALSE,FALSE,FALSE
3326,"lillianes",-0.00372278121216141,0.781444727098624,0.472764296623112,0.786696080095028,FALSE,FALSE,FALSE,FALSE,FALSE,FALSE
3327,"lillianes",0.0431768917510045,0.631764198778812,0.657899202443577,0.743424401832683,FALSE,FALSE,FALSE,FALSE,FALSE,FALSE
3328,"lillianes",0.0667253083656014,0.413811310308531,0.744781944680129,0.663329373833362,FALSE,FALSE,FALSE,FALSE,FALSE,FALSE
3329,"lillianes",-0.120880881519721,-1.08318324639391,0.120142541998982,0.132530120481928,FALSE,FALSE,FALSE,FALSE,FALSE,FALSE
3330,"lillianes",0.0308113649231494,-1.61856585159007,0.614457831325301,0.0646529781096216,FALSE,FALSE,FALSE,FALSE,FALSE,FALSE
3331,"lillianes",0.056210753953982,-2.18168532413685,0.704564737824538,0.0247751569658917,FALSE,FALSE,FALSE,FALSE,FALSE,FALSE
3332,"lillianes",-0.0406089603688802,-0.637219871640093,0.323434583404039,0.237060919735279,FALSE,FALSE,FALSE,FALSE,FALSE,FALSE
3333,"lillianes",0.0175541054014463,-1.48294901140245,0.559647038859664,0.0787374851518751,FALSE,FALSE,FALSE,FALSE,FALSE,FALSE
3334,"lillianes",-0.0102416663167197,-1.17547321091202,0.441710503987782,0.117088070592228,FALSE,FALSE,FALSE,FALSE,FALSE,FALSE
3335,"lillianes",0.0791547450256314,-1.48669824497455,0.784150687256067,0.0778890208722213,FALSE,FALSE,FALSE,FALSE,FALSE,FALSE
3336,"lillianes",-0.114625611872453,0.718853782551528,0.129815034787035,0.768708637366367,FALSE,FALSE,FALSE,FALSE,FALSE,FALSE
3337,"lillianes",-0.130137510558784,0.522577228864843,0.107415577804174,0.703716273544884,FALSE,FALSE,FALSE,FALSE,FALSE,FALSE
3338,"lillianes",-0.072445602573934,0.814499883190281,0.220940098421856,0.795011030035635,FALSE,FALSE,FALSE,FALSE,FALSE,FALSE
3339,"lillianes",-0.0597949658434942,0.419463294199969,0.25946037671814,0.666044459528254,FALSE,FALSE,FALSE,FALSE,FALSE,FALSE
3340,"lillianes",-0.00443849915236427,0.571189239979235,0.469370439504497,0.720006787714237,FALSE,FALSE,FALSE,FALSE,FALSE,FALSE
3341,"lillianes",-0.154330838133189,-0.324798088639651,0.0855251993891057,0.345494654675038,FALSE,FALSE,FALSE,FALSE,FALSE,FALSE
3342,"lillianes",-0.0956871641678276,0.709047073370029,0.166129305956219,0.765993551671475,FALSE,FALSE,FALSE,FALSE,FALSE,FALSE
3343,"lillianes",-0.0826515580297276,-0.469753991977453,0.193619548617003,0.294077719328016,FALSE,FALSE,FALSE,FALSE,FALSE,FALSE
3344,"lillianes",-0.081571576690278,-0.236328560700969,0.19735279144748,0.384693704395045,FALSE,FALSE,FALSE,FALSE,FALSE,FALSE
3345,"lillianes",0.0376093734744014,-0.115522179633297,0.639742066858985,0.438825725436959,FALSE,FALSE,FALSE,FALSE,FALSE,FALSE
3346,"lillianes",-0.0403073593156797,0.624914572964898,0.324452740539623,0.740200237569998,FALSE,FALSE,FALSE,FALSE,FALSE,FALSE
3347,"lillianes",0.0137059432017175,0.899328872017478,0.54335652469031,0.814356015611743,FALSE,FALSE,FALSE,FALSE,FALSE,FALSE
3348,"lillianes",-0.110251805061072,0.312800163525646,0.136772441880197,0.621754624130324,FALSE,FALSE,FALSE,FALSE,FALSE,FALSE
3349,"lillianes",-0.0424222607956022,0.22047287122569,0.316646869166808,0.579840488715425,FALSE,FALSE,FALSE,FALSE,FALSE,FALSE
3350,"lillianes",-0.0485621391841935,0.0503225385335116,0.295604955031393,0.509078567792296,FALSE,FALSE,FALSE,FALSE,FALSE,FALSE
3351,"lillianes",-0.0425082941170274,-0.360911000264957,0.316307483454947,0.3325979976243,FALSE,FALSE,FALSE,FALSE,FALSE,FALSE
3352,"lillianes",0.00728655665558797,0.293824212561491,0.518581367724419,0.614797217037163,FALSE,FALSE,FALSE,FALSE,FALSE,FALSE
3353,"lillianes",-0.159697671570237,-0.751049038273057,0.0816222637026981,0.208043441371118,FALSE,FALSE,FALSE,FALSE,FALSE,FALSE
3354,"lillianes",-0.0462872235590499,0.0534496422442591,0.305107754963516,0.509587646360088,FALSE,FALSE,FALSE,FALSE,FALSE,FALSE
3355,"lillianes",-0.0353865590584057,-0.129825427901789,0.341761411844561,0.433904632614967,FALSE,FALSE,FALSE,FALSE,FALSE,FALSE
3356,"lillianes",-0.0375020667939374,-0.146131490930059,0.333276769048023,0.425929068386221,FALSE,FALSE,FALSE,FALSE,FALSE,FALSE
3357,"lillianes",0.00754637112154732,-0.00851435201277806,0.519090446292211,0.483624639402681,FALSE,FALSE,FALSE,FALSE,FALSE,FALSE
3358,"lillianes",-0.106411255560513,0.402220012808955,0.144748006108943,0.659596131002885,FALSE,FALSE,FALSE,FALSE,FALSE,FALSE
3359,"lillianes",0.0474743645967184,-0.637914062465664,0.673510945189208,0.236551841167487,FALSE,FALSE,FALSE,FALSE,FALSE,FALSE
3360,"lillianes",-0.0709345417253733,0.248165366510056,0.225691498387918,0.593924995757679,FALSE,FALSE,FALSE,FALSE,FALSE,FALSE
3361,"lillianes",-0.0848977175753447,0.131919557237201,0.189546920074665,0.544374681825895,FALSE,FALSE,FALSE,FALSE,FALSE,FALSE
3362,"lillianes",-0.0379422767340198,-0.0568060535416064,0.331919226200577,0.462922110979128,FALSE,FALSE,FALSE,FALSE,FALSE,FALSE
3363,"lillianes",-0.0410944346129654,0.0797016901349325,0.32139826913287,0.520278296283726,FALSE,FALSE,FALSE,FALSE,FALSE,FALSE
3364,"lillianes",0.0399838579286449,0.163669485438389,0.64737824537587,0.556931953164772,FALSE,FALSE,FALSE,FALSE,FALSE,FALSE
3365,"lillianes",-0.0506698356604343,-0.836566712375306,0.287968776514509,0.18394705582895,FALSE,FALSE,FALSE,FALSE,FALSE,FALSE
3366,"lillianes",0.0344171773039452,0.214116546887937,0.62752418123197,0.577295095876464,FALSE,FALSE,FALSE,FALSE,FALSE,FALSE
3367,"lillianes",-0.0911747655990016,-0.416315547534278,0.176819955879857,0.312913626336331,FALSE,FALSE,FALSE,FALSE,FALSE,FALSE
3368,"lillianes",-0.0975061147094589,-0.635704281472694,0.162056677413881,0.238079076870864,FALSE,FALSE,FALSE,FALSE,FALSE,FALSE
3369,"lillianes",-0.00995023082563051,-0.586750338681637,0.443916511114882,0.251824198201256,FALSE,FALSE,FALSE,FALSE,FALSE,FALSE
3370,"lillianes",-0.0444790173484897,0.315237041715897,0.31036823349737,0.622942474121839,FALSE,FALSE,FALSE,FALSE,FALSE,FALSE
3371,"lillianes",0.0555479389085196,0.410979592106783,0.701849652129645,0.662650602409639,FALSE,FALSE,FALSE,FALSE,FALSE,FALSE
3372,"lillianes",-0.0604778224905349,-0.0431291015020465,0.25725436959104,0.468182589512982,FALSE,FALSE,FALSE,FALSE,FALSE,FALSE
3373,"lillianes",-0.0860341372127014,0.135737655951213,0.187001527235703,0.54539283896148,FALSE,FALSE,FALSE,FALSE,FALSE,FALSE
3374,"lillianes",-0.00945293069738184,0.182135971379541,0.44561343967419,0.56541659596131,FALSE,FALSE,FALSE,FALSE,FALSE,FALSE
3375,"lillianes",0.0913121150231628,-0.433639109925361,0.816392329882912,0.308671304938062,FALSE,FALSE,FALSE,FALSE,FALSE,FALSE
3376,"lillianes",0.123652334760681,-0.735880129462509,0.886136093670456,0.211267605633803,FALSE,FALSE,FALSE,FALSE,FALSE,FALSE
3377,"lillianes",-0.0679300968710699,-0.239555211115038,0.234345834040387,0.383166468691668,FALSE,FALSE,FALSE,FALSE,FALSE,FALSE
3378,"lillianes",-0.000386970219073746,-0.165598830984421,0.485321567961989,0.417274732733752,FALSE,FALSE,FALSE,FALSE,FALSE,FALSE
3379,"lillianes",0.130642852240141,-0.683524961898983,0.896147972170372,0.223485491260818,FALSE,FALSE,FALSE,FALSE,FALSE,FALSE
3380,"lillianes",0.134908072432815,-0.559260103905102,0.90242660783981,0.260139148141863,TRUE,FALSE,FALSE,FALSE,FALSE,FALSE
3381,"lillianes",0.174161609832483,-0.568821111253645,0.942983200407263,0.257084676735109,TRUE,FALSE,FALSE,FALSE,FALSE,FALSE
3382,"lillianes",0.0626517433170939,-0.137186741200383,0.731206516205668,0.43017138978449,FALSE,FALSE,FALSE,FALSE,FALSE,FALSE
3383,"lillianes",0.153591681724288,0.425148301963688,0.923977600543017,0.669438316646869,TRUE,FALSE,FALSE,FALSE,FALSE,FALSE
3384,"lillianes",-0.0212957419054405,0.434026362341827,0.398099440013575,0.672662480909554,FALSE,FALSE,FALSE,FALSE,FALSE,FALSE
3385,"lillianes",0.00159781846677554,-0.262367318398877,0.493975903614458,0.372306125912099,FALSE,FALSE,FALSE,FALSE,FALSE,FALSE
3386,"lillianes",0.0816191218807596,-0.366044675655451,0.790259630069574,0.330052604785339,FALSE,FALSE,FALSE,FALSE,FALSE,FALSE
3387,"lillianes",-0.335202158622938,-0.434414636824683,0.0212116069913457,0.30816222637027,FALSE,FALSE,FALSE,FALSE,FALSE,FALSE
3388,"montjovet",-0.0186895699003671,-0.251546413959576,0.408450704225352,0.37688783302223,FALSE,FALSE,FALSE,FALSE,FALSE,FALSE
3389,"montjovet",-0.00384230056589807,0.261870610595697,0.471915832343458,0.599355167147463,FALSE,FALSE,FALSE,FALSE,FALSE,FALSE
3390,"montjovet",-0.0293330105274254,0.625965749504174,0.367385033090107,0.740879008993721,FALSE,FALSE,FALSE,FALSE,FALSE,FALSE
3391,"montjovet",0.00426046220432319,0.950088650064825,0.505345324961819,0.828610215509927,FALSE,FALSE,FALSE,FALSE,FALSE,FALSE
3392,"montjovet",0.06722642590249,0.395582175365429,0.746478873239437,0.656711352452062,FALSE,FALSE,FALSE,FALSE,FALSE,FALSE
3393,"montjovet",-0.0513817804683345,0.192549627456933,0.285593076531478,0.569149838791787,FALSE,FALSE,FALSE,FALSE,FALSE,FALSE
3394,"montjovet",-0.0422152122117527,-0.176072459011928,0.317495333446462,0.411165789920244,FALSE,FALSE,FALSE,FALSE,FALSE,FALSE
3395,"montjovet",-0.0398467136489984,0.0837787278899831,0.325640590531139,0.522314610554896,FALSE,FALSE,FALSE,FALSE,FALSE,FALSE
3396,"montjovet",0.0568317401549496,-0.147572381756105,0.707110130663499,0.425250296962498,FALSE,FALSE,FALSE,FALSE,FALSE,FALSE
3397,"montjovet",0.0378737409108769,0.0651870631621704,0.640929916850501,0.515017817749873,FALSE,FALSE,FALSE,FALSE,FALSE,FALSE
3398,"montjovet",-0.117836188980908,0.318684277728947,0.125403020532836,0.624809095537078,FALSE,FALSE,FALSE,FALSE,FALSE,FALSE
3399,"montjovet",-0.0800293709167281,0.686268077962134,0.200916341422026,0.759375530290175,FALSE,FALSE,FALSE,FALSE,FALSE,FALSE
3400,"montjovet",-0.0282104529986498,1.23647343184433,0.371627354488376,0.891735957916172,FALSE,FALSE,FALSE,FALSE,FALSE,FALSE
3401,"montjovet",0.0110860547986835,1.16328435709433,0.534023417614118,0.879178686577295,FALSE,FALSE,FALSE,FALSE,FALSE,FALSE
3402,"montjovet",-0.00849773572113932,-0.0915349368765685,0.450704225352113,0.449855761072459,FALSE,FALSE,FALSE,FALSE,FALSE,FALSE
3403,"montjovet",-0.0691373788030472,-1.24834071247872,0.230442898353979,0.105209570677074,FALSE,FALSE,FALSE,FALSE,FALSE,FALSE
3404,"montjovet",0.10969581931529,-0.352243281663853,0.86034277956898,0.335822161886985,FALSE,FALSE,FALSE,FALSE,FALSE,FALSE
3405,"montjovet",-0.100673095390579,0.0782991711622699,0.155099270320719,0.519429832004073,FALSE,FALSE,FALSE,FALSE,FALSE,FALSE
3406,"montjovet",-0.0827468714797543,0.347011330990034,0.193280162905142,0.636178516884439,FALSE,FALSE,FALSE,FALSE,FALSE,FALSE
3407,"montjovet",-0.00835912799233895,0.591698978247958,0.451213303919905,0.727133887663329,FALSE,FALSE,FALSE,FALSE,FALSE,FALSE
3408,"montjovet",-0.00899986634712491,0.39739580163279,0.448837603936874,0.657390123875785,FALSE,FALSE,FALSE,FALSE,FALSE,FALSE
3409,"montjovet",0.08228337762087,0.382406021733839,0.792295944340743,0.651281181062277,FALSE,FALSE,FALSE,FALSE,FALSE,FALSE
3410,"montjovet",-0.203161481010801,0.232112870135823,0.0576955710164602,0.585949431528933,FALSE,FALSE,FALSE,FALSE,FALSE,FALSE
3411,"montjovet",-0.0434614118898793,-0.238854044753251,0.314101476327847,0.38367554725946,FALSE,FALSE,FALSE,FALSE,FALSE,FALSE
3412,"montjovet",0.0148668808459842,-1.2792924384788,0.547429153232649,0.100967249278805,FALSE,FALSE,FALSE,FALSE,FALSE,FALSE
3413,"montjovet",-0.0940664725495566,-0.246998418840298,0.170032241642627,0.378754454437468,FALSE,FALSE,FALSE,FALSE,FALSE,FALSE
3414,"montjovet",0.0870671874546112,0.464355543201876,0.805871372815204,0.684540980824707,FALSE,FALSE,FALSE,FALSE,FALSE,FALSE
3415,"montjovet",-0.0151036564098455,0.472564736279914,0.423044289835398,0.686746987951807,FALSE,FALSE,FALSE,FALSE,FALSE,FALSE
3416,"montjovet",0.0583956695436836,0.392428915895253,0.712709994909214,0.655353809604616,FALSE,FALSE,FALSE,FALSE,FALSE,FALSE
3417,"montjovet",-0.0391259917659266,0.628887680422494,0.328355676226031,0.741897166129306,FALSE,FALSE,FALSE,FALSE,FALSE,FALSE
3418,"montjovet",-0.115767389665805,0.409005464869435,0.128118106227728,0.661971830985915,FALSE,FALSE,FALSE,FALSE,FALSE,FALSE
3419,"montjovet",-0.076766856459102,0.729047892790875,0.209400984218564,0.771932801629051,FALSE,FALSE,FALSE,FALSE,FALSE,FALSE
3420,"montjovet",0.00707391704739635,0.944774068516623,0.517563210588834,0.826573901238758,FALSE,FALSE,FALSE,FALSE,FALSE,FALSE
3421,"montjovet",0.00046851252436042,1.33162917236192,0.488715425080604,0.911420329204141,FALSE,TRUE,FALSE,FALSE,FALSE,FALSE
3422,"montjovet",-0.125170464683443,1.38310035257796,0.114372984897336,0.919735279144748,FALSE,TRUE,FALSE,FALSE,FALSE,FALSE
3423,"montjovet",-0.101866026099197,1.46506209978725,0.15289326319362,0.932462243339555,FALSE,TRUE,FALSE,FALSE,FALSE,FALSE
3424,"montjovet",-0.0793563371368489,0.147035671123475,0.202952655693195,0.550823010351264,FALSE,FALSE,FALSE,FALSE,FALSE,FALSE
3425,"montjovet",-0.0217516714795067,0.153612822757117,0.396232818598337,0.553198710334295,FALSE,FALSE,FALSE,FALSE,FALSE,FALSE
3426,"montjovet",0.199384068425502,0.611493989002089,0.960461564568132,0.734600373324283,TRUE,FALSE,FALSE,TRUE,FALSE,FALSE
3427,"montjovet",-0.0449679761043154,1.05056084032703,0.308671304938062,0.850839979636857,FALSE,FALSE,FALSE,FALSE,FALSE,FALSE
3428,"montjovet",-0.00631821774141805,1.37387878500846,0.461055489563889,0.91803835058544,FALSE,TRUE,FALSE,FALSE,FALSE,FALSE
3429,"montjovet",0.104755326198008,0.500742866056682,0.850670286780926,0.69624978788393,FALSE,FALSE,FALSE,FALSE,FALSE,FALSE
3430,"montjovet",-0.299910657994344,0.434593341917496,0.0283387069404378,0.673171559477346,FALSE,FALSE,FALSE,FALSE,FALSE,FALSE
3431,"montjovet",-0.0459318193449505,0.340187264455455,0.30595621924317,0.633802816901408,FALSE,FALSE,FALSE,FALSE,FALSE,FALSE
3432,"montjovet",-0.00645192966928043,-0.0823290283907693,0.460207025284236,0.452910232479213,FALSE,FALSE,FALSE,FALSE,FALSE,FALSE
3433,"montjovet",0.0346487184552338,0.972508421089222,0.629051416935347,0.834040386899711,FALSE,FALSE,FALSE,FALSE,FALSE,FALSE
3434,"montjovet",-0.134660526419525,0.242762477340749,0.10198540641439,0.590531138639063,FALSE,FALSE,FALSE,FALSE,FALSE,FALSE
3435,"montjovet",-0.0590950437201094,0.618347913522405,0.261836076701171,0.73833361615476,FALSE,FALSE,FALSE,FALSE,FALSE,FALSE
3436,"montjovet",0.00617199725951778,0.394397597901331,0.512811810622773,0.656202273884269,FALSE,FALSE,FALSE,FALSE,FALSE,FALSE
3437,"montjovet",0.0800976703491987,0.400953469169946,0.786526387239097,0.6585779738673,FALSE,FALSE,FALSE,FALSE,FALSE,FALSE
3438,"montjovet",-0.0114292851125288,0.345095452201264,0.436959104021721,0.635669438316647,FALSE,FALSE,FALSE,FALSE,FALSE,FALSE
3439,"montjovet",-0.0844430834363301,0.975037646223609,0.190565077210249,0.835228236891227,FALSE,FALSE,FALSE,FALSE,FALSE,FALSE
3440,"montjovet",0.0561195963363588,0.629975156285375,0.704055659256745,0.742406244697098,FALSE,FALSE,FALSE,FALSE,FALSE,FALSE
3441,"montjovet",-0.129262757881698,0.203623637825455,0.108433734939759,0.573392160190056,FALSE,FALSE,FALSE,FALSE,FALSE,FALSE
3442,"montjovet",-0.0473230655757551,-0.0563826397119576,0.301713897844901,0.463091803835059,FALSE,FALSE,FALSE,FALSE,FALSE,FALSE
3443,"montjovet",0.00696271067916499,-0.314425802801137,0.517054132021042,0.350076361785169,FALSE,FALSE,FALSE,FALSE,FALSE,FALSE
3444,"montjovet",0.0850142999224293,0.144375702394505,0.799423044289835,0.550144238927541,FALSE,FALSE,FALSE,FALSE,FALSE,FALSE
3445,"montjovet",0.051769164887661,0.506473726300986,0.689801459358561,0.698286102155099,FALSE,FALSE,FALSE,FALSE,FALSE,FALSE
3446,"montjovet",-0.0721650312468576,0.206989486486974,0.221958255557441,0.574919395893433,FALSE,FALSE,FALSE,FALSE,FALSE,FALSE
3447,"montjovet",-0.0601077917426736,0.764566678217655,0.258442219582556,0.782284065840828,FALSE,FALSE,FALSE,FALSE,FALSE,FALSE
3448,"montjovet",0.00307671435248835,0.241821571085955,0.499066689292381,0.58985236721534,FALSE,FALSE,FALSE,FALSE,FALSE,FALSE
3449,"montjovet",-0.102636799610686,0.216409371397341,0.151875106058035,0.578313253012048,FALSE,FALSE,FALSE,FALSE,FALSE,FALSE
3450,"montjovet",0.04607272029914,0.182650115407455,0.669438316646869,0.565755981673172,FALSE,FALSE,FALSE,FALSE,FALSE,FALSE
3451,"montjovet",-0.0938223707670076,0.995390377923304,0.170201934498558,0.839640251145427,FALSE,FALSE,FALSE,FALSE,FALSE,FALSE
3452,"montjovet",0.0589590891306546,0.775506185481413,0.714916002036314,0.78482945867979,FALSE,FALSE,FALSE,FALSE,FALSE,FALSE
3453,"montjovet",-0.071845189103561,0.0341944019661513,0.222976412693026,0.501781774987273,FALSE,FALSE,FALSE,FALSE,FALSE,FALSE
3454,"montjovet",0.0487618394149152,-0.390025850673252,0.677244188019684,0.322077040556593,FALSE,FALSE,FALSE,FALSE,FALSE,FALSE
3455,"montjovet",-0.049756562946639,0.423117430503615,0.290174783641609,0.667741388087562,FALSE,FALSE,FALSE,FALSE,FALSE,FALSE
3456,"montjovet",0.0394604385173398,-0.636322182159089,0.646020702528424,0.237739691159002,FALSE,FALSE,FALSE,FALSE,FALSE,FALSE
3457,"montjovet",0.0652915010425268,-0.177840175690198,0.740030544714067,0.410487018496521,FALSE,FALSE,FALSE,FALSE,FALSE,FALSE
3458,"montjovet",-0.118408967369172,0.246421310459017,0.124384863397251,0.592737145766163,FALSE,FALSE,FALSE,FALSE,FALSE,FALSE
3459,"montjovet",-0.0593146446753856,0.295162411964281,0.260817919565586,0.615475988460886,FALSE,FALSE,FALSE,FALSE,FALSE,FALSE
3460,"montjovet",0.0736000951552853,-0.113721599465661,0.766502630239267,0.440013575428474,FALSE,FALSE,FALSE,FALSE,FALSE,FALSE
3461,"montjovet",0.0614396641788328,-0.00225346315077671,0.726115730527745,0.486679110809435,FALSE,FALSE,FALSE,FALSE,FALSE,FALSE
3462,"montjovet",0.060014904809238,0.141103459197942,0.718988630578653,0.548277617512303,FALSE,FALSE,FALSE,FALSE,FALSE,FALSE
3463,"montjovet",0.0276522666441803,0.373844124533358,0.601221788562701,0.649244866791108,FALSE,FALSE,FALSE,FALSE,FALSE,FALSE
3464,"montjovet",0.104712190728074,1.16149098757072,0.850330901069065,0.878330222297641,FALSE,FALSE,FALSE,FALSE,FALSE,FALSE
3465,"montjovet",0.0275138718170034,0.504974818466662,0.600712709994909,0.697946716443238,FALSE,FALSE,FALSE,FALSE,FALSE,FALSE
3466,"montjovet",-0.0936948143598304,-0.537918325608183,0.17071101306635,0.268793483794332,FALSE,FALSE,FALSE,FALSE,FALSE,FALSE
3467,"montjovet",0.00809202206540327,-0.286752276652347,0.521466146275242,0.361106397420669,FALSE,FALSE,FALSE,FALSE,FALSE,FALSE
3468,"montjovet",-0.328745087984144,-0.40487093953253,0.0222297641269303,0.316816562022739,FALSE,FALSE,FALSE,FALSE,FALSE,FALSE
3469,"morgex",0.0861222648570568,-0.516402246338309,0.804004751399966,0.276429662311217,FALSE,FALSE,FALSE,FALSE,FALSE,FALSE
3470,"morgex",-0.117706036547812,-0.230724941609424,0.125742406244697,0.386560325810283,FALSE,FALSE,FALSE,FALSE,FALSE,FALSE
3471,"morgex",0.0691888666547342,0.185433709138782,0.753266587476667,0.567113524520618,FALSE,FALSE,FALSE,FALSE,FALSE,FALSE
3472,"morgex",0.119278137495101,0.279161892247555,0.879518072289157,0.60750042423214,FALSE,FALSE,FALSE,FALSE,FALSE,FALSE
3473,"morgex",0.0492508519514114,-0.12103867053397,0.6784320380112,0.436619718309859,FALSE,FALSE,FALSE,FALSE,FALSE,FALSE
3474,"morgex",0.0012572889171274,-0.00225225125311333,0.492109282199219,0.486848803665366,FALSE,FALSE,FALSE,FALSE,FALSE,FALSE
3475,"morgex",-0.0439729813193246,-0.482190404786585,0.311725776344816,0.289665705073816,FALSE,FALSE,FALSE,FALSE,FALSE,FALSE
3476,"morgex",-0.0831198912025641,-0.347536017520987,0.192601391481419,0.338197861870015,FALSE,FALSE,FALSE,FALSE,FALSE,FALSE
3477,"morgex",-0.0222396364758541,-0.353142785417874,0.394196504327168,0.335143390463261,FALSE,FALSE,FALSE,FALSE,FALSE,FALSE
3478,"morgex",0.111792909241506,-0.475155323680667,0.865772950958765,0.291871712200916,FALSE,FALSE,FALSE,FALSE,FALSE,FALSE
3479,"morgex",-0.0959200884046307,-0.261387367592962,0.165620227388427,0.372815204479891,FALSE,FALSE,FALSE,FALSE,FALSE,FALSE
3480,"morgex",-0.109182679544977,0.138894083245102,0.138469370439504,0.547259460376718,FALSE,FALSE,FALSE,FALSE,FALSE,FALSE
3481,"morgex",0.0851793585842486,0.620148870928051,0.801119972849143,0.738673001866621,FALSE,FALSE,FALSE,FALSE,FALSE,FALSE
3482,"morgex",0.0482411583731164,0.749573665272021,0.6762260308841,0.777532665874767,FALSE,FALSE,FALSE,FALSE,FALSE,FALSE
3483,"morgex",0.236603805577992,-0.155585793590381,0.969794671644324,0.420498896996436,TRUE,FALSE,FALSE,TRUE,FALSE,FALSE
3484,"morgex",0.0997032491339418,-0.36544152639737,0.837264551162396,0.3303919904972,FALSE,FALSE,FALSE,FALSE,FALSE,FALSE
3485,"morgex",-0.0229303018927638,-0.27613061186477,0.391142032920414,0.366366875954522,FALSE,FALSE,FALSE,FALSE,FALSE,FALSE
3486,"morgex",-0.0449435960273554,0.0129459814960474,0.309010690649924,0.492957746478873,FALSE,FALSE,FALSE,FALSE,FALSE,FALSE
3487,"morgex",0.0558096122871117,0.307437078562925,0.703037502121161,0.620227388426947,FALSE,FALSE,FALSE,FALSE,FALSE,FALSE
3488,"morgex",0.0983718219603222,0.53382464140727,0.833191922620058,0.706940437807568,FALSE,FALSE,FALSE,FALSE,FALSE,FALSE
3489,"morgex",0.030313786773025,0.491334752196485,0.611742745630409,0.692007466485661,FALSE,FALSE,FALSE,FALSE,FALSE,FALSE
3490,"morgex",0.162961696180963,0.573116282593477,0.933989479042932,0.72068555913796,TRUE,FALSE,FALSE,FALSE,FALSE,FALSE
3491,"morgex",-0.0994227120121902,0.0914642839578173,0.159002206007127,0.527575089088749,FALSE,FALSE,FALSE,FALSE,FALSE,FALSE
3492,"morgex",-0.202114267981486,-0.239325860185148,0.058544035296114,0.383336161547599,FALSE,FALSE,FALSE,FALSE,FALSE,FALSE
3493,"morgex",0.0730476293056448,-0.931196532254252,0.764296623112167,0.159850670286781,FALSE,FALSE,FALSE,FALSE,FALSE,FALSE
3494,"morgex",0.020906651594828,-0.151068824279373,0.57424062446971,0.422874596979467,FALSE,FALSE,FALSE,FALSE,FALSE,FALSE
3495,"morgex",0.108311514312978,-0.205505853068164,0.857967079585949,0.399966061428814,FALSE,FALSE,FALSE,FALSE,FALSE,FALSE
3496,"morgex",-0.0323151206448387,0.0798387820421474,0.354658068895299,0.520447989139657,FALSE,FALSE,FALSE,FALSE,FALSE,FALSE
3497,"morgex",0.0737490724889796,0.230952203813425,0.766842015951128,0.58527066010521,FALSE,FALSE,FALSE,FALSE,FALSE,FALSE
3498,"morgex",0.136428118393637,0.573676471716862,0.903614457831325,0.721024944849822,TRUE,FALSE,FALSE,FALSE,FALSE,FALSE
3499,"morgex",-0.072271190773856,0.0595208167442487,0.221618869845579,0.51230273205498,FALSE,FALSE,FALSE,FALSE,FALSE,FALSE
3500,"morgex",-0.0563578233695399,0.382960526302886,0.270151026641778,0.651450873918208,FALSE,FALSE,FALSE,FALSE,FALSE,FALSE
3501,"morgex",0.00413224311472327,0.681911677357805,0.504666553538096,0.757848294586798,FALSE,FALSE,FALSE,FALSE,FALSE,FALSE
3502,"morgex",-0.0649079158773489,0.920316852914444,0.243678941116579,0.819955879857458,FALSE,FALSE,FALSE,FALSE,FALSE,FALSE
3503,"morgex",-0.0668775015130212,0.58965310452818,0.237400305447141,0.726285423383676,FALSE,FALSE,FALSE,FALSE,FALSE,FALSE
3504,"morgex",-0.0495517255338846,1.13726736668687,0.291702019344986,0.873239436619718,FALSE,FALSE,FALSE,FALSE,FALSE,FALSE
3505,"morgex",0.0606859935243698,-0.0999870440245694,0.722043101985406,0.445952825386051,FALSE,FALSE,FALSE,FALSE,FALSE,FALSE
3506,"morgex",-0.0117037087121563,-0.165334550898247,0.435601561174275,0.417444425589683,FALSE,FALSE,FALSE,FALSE,FALSE,FALSE
3507,"morgex",0.219995412720118,0.0790719999025767,0.965722043101985,0.519938910571865,TRUE,FALSE,FALSE,TRUE,FALSE,FALSE
3508,"morgex",0.0777563495181504,0.418134814643931,0.779908365857797,0.665705073816392,FALSE,FALSE,FALSE,FALSE,FALSE,FALSE
3509,"morgex",0.190690831301001,0.728844638210321,0.955879857458001,0.771763108773121,TRUE,FALSE,FALSE,TRUE,FALSE,FALSE
3510,"morgex",0.0443816056136423,0.167854143751371,0.663159680977431,0.558968267435941,FALSE,FALSE,FALSE,FALSE,FALSE,FALSE
3511,"morgex",-0.0101757380652536,-0.168433087733412,0.442049889699644,0.415068725606652,FALSE,FALSE,FALSE,FALSE,FALSE,FALSE
3512,"morgex",0.0463415157527649,-0.16024420673311,0.670286780926523,0.419480739860852,FALSE,FALSE,FALSE,FALSE,FALSE,FALSE
3513,"morgex",0.162673206096191,-0.476492708576533,0.93348040047514,0.291702019344986,TRUE,FALSE,FALSE,FALSE,FALSE,FALSE
3514,"morgex",-0.0418105045679997,0.449349386072,0.318852876293908,0.679619888002715,FALSE,FALSE,FALSE,FALSE,FALSE,FALSE
3515,"morgex",-0.193104063451813,0.03905037719473,0.0619378924147293,0.503648396402511,FALSE,FALSE,FALSE,FALSE,FALSE,FALSE
3516,"morgex",-0.0530809974998334,0.251386188217762,0.27948413371797,0.595282538605125,FALSE,FALSE,FALSE,FALSE,FALSE,FALSE
3517,"morgex",0.0974174983624074,-0.0485429934718478,0.830476836925165,0.466994739521466,FALSE,FALSE,FALSE,FALSE,FALSE,FALSE
3518,"morgex",0.0859728817996537,0.126260679999968,0.803665365688105,0.541659596131003,FALSE,FALSE,FALSE,FALSE,FALSE,FALSE
3519,"morgex",0.0948295146557108,0.263344667149436,0.825895129815035,0.600373324283048,FALSE,FALSE,FALSE,FALSE,FALSE,FALSE
3520,"morgex",-0.0231603521796,0.445669400141557,0.389954182928899,0.678092652299338,FALSE,FALSE,FALSE,FALSE,FALSE,FALSE
3521,"morgex",0.140281836157087,0.464810750295153,0.908365857797387,0.684710673680638,TRUE,FALSE,FALSE,FALSE,FALSE,FALSE
3522,"morgex",-0.0259722842770156,0.0930854182175738,0.379942304428984,0.528593246224334,FALSE,FALSE,FALSE,FALSE,FALSE,FALSE
3523,"morgex",-0.122278643079019,-0.301513119911081,0.118445613439674,0.354148990327507,FALSE,FALSE,FALSE,FALSE,FALSE,FALSE
3524,"morgex",-0.0293043726143551,-0.290874253599804,0.367724418801968,0.358391311725776,FALSE,FALSE,FALSE,FALSE,FALSE,FALSE
3525,"morgex",-0.0189119845372172,-0.0491904259956451,0.407093161377906,0.466655353809605,FALSE,FALSE,FALSE,FALSE,FALSE,FALSE
3526,"morgex",-0.0207732226146469,0.229288685207704,0.400475139996606,0.584591888681486,FALSE,FALSE,FALSE,FALSE,FALSE,FALSE
3527,"morgex",-0.16015662886489,-0.188594665063208,0.0809434922789751,0.406414389954183,FALSE,FALSE,FALSE,FALSE,FALSE,FALSE
3528,"morgex",-0.0740961414370513,0.358579479498994,0.216528084167657,0.642626845409808,FALSE,FALSE,FALSE,FALSE,FALSE,FALSE
3529,"morgex",0.12997495882029,0.129598666903368,0.894620736466995,0.542677753266588,FALSE,FALSE,FALSE,FALSE,FALSE,FALSE
3530,"morgex",0.0305677052231133,0.141960049968728,0.612930595621924,0.548956388936026,FALSE,FALSE,FALSE,FALSE,FALSE,FALSE
3531,"morgex",0.0255356448594153,0.353954772794236,0.591040217206856,0.639911759714916,FALSE,FALSE,FALSE,FALSE,FALSE,FALSE
3532,"morgex",0.0373439906267841,0.302421356601398,0.638893602579331,0.618191074155778,FALSE,FALSE,FALSE,FALSE,FALSE,FALSE
3533,"morgex",0.0253844260540212,0.0605749471858531,0.590191752927202,0.513151196334634,FALSE,FALSE,FALSE,FALSE,FALSE,FALSE
3534,"morgex",-0.0649377450221174,-0.267579138912757,0.243509248260648,0.369591040217207,FALSE,FALSE,FALSE,FALSE,FALSE,FALSE
3535,"morgex",0.0456280232445749,-0.390366096735069,0.668250466655354,0.321737654844731,FALSE,FALSE,FALSE,FALSE,FALSE,FALSE
3536,"morgex",0.0727150493534037,0.000369147360923535,0.763108773120652,0.488036653656881,FALSE,FALSE,FALSE,FALSE,FALSE,FALSE
3537,"morgex",0.0278492315961856,-0.45957818344146,0.602239945698286,0.29713219073477,FALSE,FALSE,FALSE,FALSE,FALSE,FALSE
3538,"morgex",0.0339012101734077,0.17428800945684,0.625148481248939,0.563380281690141,FALSE,FALSE,FALSE,FALSE,FALSE,FALSE
3539,"morgex",-0.142539291241558,0.223742388218712,0.0960461564568132,0.581367724418802,FALSE,FALSE,FALSE,FALSE,FALSE,FALSE
3540,"morgex",0.0687704588945479,0.42763291556921,0.752248430341083,0.670286780926523,FALSE,FALSE,FALSE,FALSE,FALSE,FALSE
3541,"morgex",-0.119351444388924,-0.0488981374820874,0.122687934837943,0.466825046665535,FALSE,FALSE,FALSE,FALSE,FALSE,FALSE
3542,"morgex",-0.0540196714494243,0.0920778997420728,0.27710843373494,0.52774478194468,FALSE,FALSE,FALSE,FALSE,FALSE,FALSE
3543,"morgex",0.121838713851217,0.355965466498292,0.884099779399287,0.641099609706431,FALSE,FALSE,FALSE,FALSE,FALSE,FALSE
3544,"morgex",0.133708031317454,0.326538107204607,0.900390293568641,0.628712031223486,TRUE,FALSE,FALSE,FALSE,FALSE,FALSE
3545,"morgex",0.184631689013436,0.381304761266304,0.950619378924147,0.650941795350416,TRUE,FALSE,FALSE,TRUE,FALSE,FALSE
3546,"morgex",0.0590252615324065,0.183206977149519,0.715085694892245,0.566095367385033,FALSE,FALSE,FALSE,FALSE,FALSE,FALSE
3547,"morgex",0.107346472659161,-0.485092612534551,0.855421686746988,0.288477855082301,FALSE,FALSE,FALSE,FALSE,FALSE,FALSE
3548,"morgex",0.0254375955788753,-0.272912000241703,0.590361445783133,0.367385033090107,FALSE,FALSE,FALSE,FALSE,FALSE,FALSE
3549,"morgex",-0.111395484294189,-0.337178637885059,0.134736127609028,0.340573561853046,FALSE,FALSE,FALSE,FALSE,FALSE,FALSE
3550,"nus",0.0172826153278347,-1.21157969573491,0.557441031732564,0.110470049210928,FALSE,FALSE,FALSE,FALSE,FALSE,FALSE
3551,"nus",-0.0617951989818817,-0.444104877686157,0.253181741048702,0.303410826404208,FALSE,FALSE,FALSE,FALSE,FALSE,FALSE
3552,"nus",0.0845329880853871,-0.0228694721874951,0.797047344306805,0.478024775156966,FALSE,FALSE,FALSE,FALSE,FALSE,FALSE
3553,"nus",-0.0113185299659389,-0.00530007447897514,0.437468182589513,0.484982182250127,FALSE,FALSE,FALSE,FALSE,FALSE,FALSE
3554,"nus",0.0524729953050258,-0.0208344778415678,0.692855930765315,0.47887323943662,FALSE,FALSE,FALSE,FALSE,FALSE,FALSE
3555,"nus",-0.0418011466066819,-0.52670803652117,0.319022569149839,0.273205498048532,FALSE,FALSE,FALSE,FALSE,FALSE,FALSE
3556,"nus",0.0168984209432352,-1.03956664652828,0.555574410317326,0.140166298998812,FALSE,FALSE,FALSE,FALSE,FALSE,FALSE
3557,"nus",0.00253767418380058,-0.845153227707682,0.497200067877142,0.181571355845919,FALSE,FALSE,FALSE,FALSE,FALSE,FALSE
3558,"nus",0.082974414214636,-0.658160836473649,0.793992872900051,0.232139826913287,FALSE,FALSE,FALSE,FALSE,FALSE,FALSE
3559,"nus",0.0990408351200021,-0.612379940280554,0.835397929747158,0.24605464109961,FALSE,FALSE,FALSE,FALSE,FALSE,FALSE
3560,"nus",-0.0521138203749363,-0.793281770432773,0.283387069404378,0.196674020023757,FALSE,FALSE,FALSE,FALSE,FALSE,FALSE
3561,"nus",-0.0618697002780131,-0.280051067011315,0.252333276769048,0.364330561683353,FALSE,FALSE,FALSE,FALSE,FALSE,FALSE
3562,"nus",0.0181948661072564,0.268021723103159,0.563040895978279,0.602918717122009,FALSE,FALSE,FALSE,FALSE,FALSE,FALSE
3563,"nus",-0.0236207496208785,0.388922794279803,0.387748175801799,0.653996266757169,FALSE,FALSE,FALSE,FALSE,FALSE,FALSE
3564,"nus",0.0615815335707346,-0.48441208110491,0.726964194807399,0.288986933650093,FALSE,FALSE,FALSE,FALSE,FALSE,FALSE
3565,"nus",0.0183489982681877,-2.26400395926235,0.563549974546072,0.0220600712709995,FALSE,FALSE,FALSE,FALSE,FALSE,FALSE
3566,"nus",0.0844392419485072,-1.4966801209463,0.796877651450874,0.0772102494484982,FALSE,FALSE,FALSE,FALSE,FALSE,FALSE
3567,"nus",-0.0339759793841399,-0.381429462404744,0.34820974036993,0.324622433395554,FALSE,FALSE,FALSE,FALSE,FALSE,FALSE
3568,"nus",-0.0784819239708057,-0.176080474001776,0.204819277108434,0.410996097064314,FALSE,FALSE,FALSE,FALSE,FALSE,FALSE
3569,"nus",0.0247222702323171,-0.0963495440532942,0.587306974376379,0.447140675377567,FALSE,FALSE,FALSE,FALSE,FALSE,FALSE
3570,"nus",0.113309698254985,-0.128267360847488,0.869675886645172,0.434753096894621,FALSE,FALSE,FALSE,FALSE,FALSE,FALSE
3571,"nus",0.188622971062177,-0.204672073753559,0.954013236042763,0.400475139996606,TRUE,FALSE,FALSE,TRUE,FALSE,FALSE
3572,"nus",0.019520400787318,-0.935245219382694,0.568980145935856,0.158662820295266,FALSE,FALSE,FALSE,FALSE,FALSE,FALSE
3573,"nus",0.0690518662944672,-1.84777477943115,0.752927201764806,0.0454776853894451,FALSE,FALSE,FALSE,FALSE,FALSE,FALSE
3574,"nus",0.0262871413482806,-1.64581977147924,0.593585610045817,0.0624469709825216,FALSE,FALSE,FALSE,FALSE,FALSE,FALSE
3575,"nus",-0.0347219712127131,-0.378636342391729,0.344646190395384,0.325810283387069,FALSE,FALSE,FALSE,FALSE,FALSE,FALSE
3576,"nus",0.0821885453209621,-1.51624150294216,0.791956558628882,0.0753436280332598,FALSE,FALSE,FALSE,FALSE,FALSE,FALSE
3577,"nus",0.0276617302173214,-1.21178559037419,0.601391481418632,0.110300356354997,FALSE,FALSE,FALSE,FALSE,FALSE,FALSE
3578,"nus",0.082517558420717,-1.07736842473543,0.792635330052605,0.133378584761582,FALSE,FALSE,FALSE,FALSE,FALSE,FALSE
3579,"nus",-0.0510886649148539,-0.173585546223143,0.286780926522993,0.413032411335483,FALSE,FALSE,FALSE,FALSE,FALSE,FALSE
3580,"nus",-0.0872933516086398,-0.300915663965654,0.18394705582895,0.354488376039369,FALSE,FALSE,FALSE,FALSE,FALSE,FALSE
3581,"nus",-0.0179341379841986,-0.223544733057925,0.410996097064314,0.391481418632276,FALSE,FALSE,FALSE,FALSE,FALSE,FALSE
3582,"nus",0.037219333965627,0.201970931239544,0.638214831155608,0.572374003054471,FALSE,FALSE,FALSE,FALSE,FALSE,FALSE
3583,"nus",0.0292997668489541,0.20506561564605,0.607670117088071,0.574410317325641,FALSE,FALSE,FALSE,FALSE,FALSE,FALSE
3584,"nus",-0.0990806463916627,0.18362894975795,0.159850670286781,0.566434753096895,FALSE,FALSE,FALSE,FALSE,FALSE,FALSE
3585,"nus",0.0207832470622549,0.602427298686765,0.573392160190056,0.732733751909045,FALSE,FALSE,FALSE,FALSE,FALSE,FALSE
3586,"nus",-0.0970605174140076,-0.634466421245226,0.163074834549465,0.238757848294587,FALSE,FALSE,FALSE,FALSE,FALSE,FALSE
3587,"nus",-0.0757558964331366,-0.835846499153344,0.211606991345664,0.184456134396742,FALSE,FALSE,FALSE,FALSE,FALSE,FALSE
3588,"nus",0.156342023143196,-0.716423583529306,0.926692686237909,0.21517054132021,TRUE,FALSE,FALSE,FALSE,FALSE,FALSE
3589,"nus",-0.0689436687406406,0.159501426435283,0.230782284065841,0.555574410317326,FALSE,FALSE,FALSE,FALSE,FALSE,FALSE
3590,"nus",0.0438263431420349,0.555489611693709,0.661123366706262,0.714237230612591,FALSE,FALSE,FALSE,FALSE,FALSE,FALSE
3591,"nus",-0.0150778419328557,-0.486447904668633,0.423383675547259,0.28830816222637,FALSE,FALSE,FALSE,FALSE,FALSE,FALSE
3592,"nus",-0.0125919979749209,-0.658212327757377,0.431359239776005,0.231970134057356,FALSE,FALSE,FALSE,FALSE,FALSE,FALSE
3593,"nus",0.0368904695027581,-0.830573959800552,0.636857288308162,0.185983370100119,FALSE,FALSE,FALSE,FALSE,FALSE,FALSE
3594,"nus",0.0493893098075926,-0.869367685034037,0.678771423723061,0.176310877312065,FALSE,FALSE,FALSE,FALSE,FALSE,FALSE
3595,"nus",0.0574277872258993,-0.252585295669517,0.70948583064653,0.376209061598507,FALSE,FALSE,FALSE,FALSE,FALSE,FALSE
3596,"nus",-0.0500136604965196,-0.413835796321427,0.289496012217886,0.314101476327847,FALSE,FALSE,FALSE,FALSE,FALSE,FALSE
3597,"nus",-0.0604642373453714,-0.213982380469899,0.257424062446971,0.396402511454268,FALSE,FALSE,FALSE,FALSE,FALSE,FALSE
3598,"nus",-0.0674564699267943,-0.600255244866329,0.235703376887833,0.248769726794502,FALSE,FALSE,FALSE,FALSE,FALSE,FALSE
3599,"nus",-0.0512630626148116,-0.303336509156932,0.28610215509927,0.353300526047853,FALSE,FALSE,FALSE,FALSE,FALSE,FALSE
3600,"nus",-0.0280639576579365,0.0545229624346363,0.372645511623961,0.510266417783811,FALSE,FALSE,FALSE,FALSE,FALSE,FALSE
3601,"nus",-0.0731509051860915,0.240873240528387,0.21958255557441,0.589512981503479,FALSE,FALSE,FALSE,FALSE,FALSE,FALSE
3602,"nus",0.0390894499830701,0.419883720349926,0.644832852536908,0.666553538096046,FALSE,FALSE,FALSE,FALSE,FALSE,FALSE
3603,"nus",-0.051872442336057,-0.37309622681531,0.284574919395893,0.327676904802308,FALSE,FALSE,FALSE,FALSE,FALSE,FALSE
3604,"nus",-0.0592691309291435,-0.70346577141033,0.260987612421517,0.218903784150687,FALSE,FALSE,FALSE,FALSE,FALSE,FALSE
3605,"nus",-0.00988457041045976,-0.818795691297914,0.444086203970813,0.190565077210249,FALSE,FALSE,FALSE,FALSE,FALSE,FALSE
3606,"nus",-0.00916196924828405,-0.556820497901734,0.447480061089428,0.260817919565586,FALSE,FALSE,FALSE,FALSE,FALSE,FALSE
3607,"nus",0.0565721240103159,-0.0773737144747974,0.705752587816053,0.45460716103852,FALSE,FALSE,FALSE,FALSE,FALSE,FALSE
3608,"nus",-0.0769212611712575,-0.595859062795795,0.208722212794841,0.250127269641948,FALSE,FALSE,FALSE,FALSE,FALSE,FALSE
3609,"nus",-0.0892947537921494,0.0170567703858781,0.17970473443068,0.49448498218225,FALSE,FALSE,FALSE,FALSE,FALSE,FALSE
3610,"nus",-0.0211255033938968,-0.0888779535248645,0.398438825725437,0.451043611063974,FALSE,FALSE,FALSE,FALSE,FALSE,FALSE
3611,"nus",-0.0747988955235748,-0.133575484617469,0.213982691328695,0.431528932631936,FALSE,FALSE,FALSE,FALSE,FALSE,FALSE
3612,"nus",0.0394391224112702,0.0542578161932488,0.645851009672493,0.51009672492788,FALSE,FALSE,FALSE,FALSE,FALSE,FALSE
3613,"nus",-0.0299737672725122,0.350370690255193,0.364669947395215,0.637875445443747,FALSE,FALSE,FALSE,FALSE,FALSE,FALSE
3614,"nus",0.0277765089644646,0.0930373809119043,0.601900559986425,0.528423553368403,FALSE,FALSE,FALSE,FALSE,FALSE,FALSE
3615,"nus",-0.0815853342410939,-0.655888400416244,0.197183098591549,0.23281859833701,FALSE,FALSE,FALSE,FALSE,FALSE,FALSE
3616,"nus",-0.0474939938291179,-0.728092945706802,0.300865433565247,0.21296453419311,FALSE,FALSE,FALSE,FALSE,FALSE,FALSE
3617,"nus",0.0160302501351559,-0.370623188386107,0.552519938910572,0.328525369081962,FALSE,FALSE,FALSE,FALSE,FALSE,FALSE
3618,"nus",0.0154997036349354,-0.820819475714413,0.550823010351264,0.188698455795011,FALSE,FALSE,FALSE,FALSE,FALSE,FALSE
3619,"nus",0.0655418230957725,-0.384195178980608,0.740369930425929,0.323604276259969,FALSE,FALSE,FALSE,FALSE,FALSE,FALSE
3620,"nus",-0.0627274569932794,-0.0321851432169732,0.250975733921602,0.472764296623112,FALSE,FALSE,FALSE,FALSE,FALSE,FALSE
3621,"nus",-0.0532836449870153,0.0857235803961625,0.278635669438317,0.524011539114203,FALSE,FALSE,FALSE,FALSE,FALSE,FALSE
3622,"nus",0.0545497510877659,-0.219787186091476,0.699643645002545,0.393517732903445,FALSE,FALSE,FALSE,FALSE,FALSE,FALSE
3623,"nus",0.0323813768515535,-0.0657921677672708,0.619548617003224,0.458510096724928,FALSE,FALSE,FALSE,FALSE,FALSE,FALSE
3624,"nus",0.0655838217861806,0.220774136108116,0.740709316137791,0.580349567283217,FALSE,FALSE,FALSE,FALSE,FALSE,FALSE
3625,"nus",-0.00339600489354908,0.290912743812784,0.473443068046835,0.613609367045647,FALSE,FALSE,FALSE,FALSE,FALSE,FALSE
3626,"nus",0.0870791106933684,0.521687817536773,0.806041065671135,0.703376887833022,FALSE,FALSE,FALSE,FALSE,FALSE,FALSE
3627,"nus",0.063712202945009,-0.0270278386014975,0.73392160190056,0.475988460885797,FALSE,FALSE,FALSE,FALSE,FALSE,FALSE
3628,"nus",0.012091501834453,-0.786934605406742,0.537417274732734,0.198201255727134,FALSE,FALSE,FALSE,FALSE,FALSE,FALSE
3629,"nus",0.0722636208926541,-0.594862395919914,0.761581537417275,0.250296962497879,FALSE,FALSE,FALSE,FALSE,FALSE,FALSE
3630,"nus",-0.441849429712514,-0.614829416233137,0.0113694213473613,0.244357712540302,FALSE,FALSE,FALSE,FALSE,FALSE,FALSE
3631,"ollomont",0.160621854443169,-0.495519567350436,0.931104700492109,0.284065840828101,TRUE,FALSE,FALSE,FALSE,FALSE,FALSE
3632,"ollomont",-0.112894081666651,-0.499320365776981,0.132021041914135,0.283217376548447,FALSE,FALSE,FALSE,FALSE,FALSE,FALSE
3633,"ollomont",-0.144435657278345,-0.698215882823013,0.0943492278975055,0.220261326998133,FALSE,FALSE,FALSE,FALSE,FALSE,FALSE
3634,"ollomont",-0.0968770021195944,0.211694618170623,0.163244527405396,0.576276938740879,FALSE,FALSE,FALSE,FALSE,FALSE,FALSE
3635,"ollomont",0.0286354194306906,-1.2319971223967,0.604615645681317,0.107585270660105,FALSE,FALSE,FALSE,FALSE,FALSE,FALSE
3636,"ollomont",0.0339049613431737,0.158027067042429,0.62531817410487,0.554725946037672,FALSE,FALSE,FALSE,FALSE,FALSE,FALSE
3637,"ollomont",0.120717961231813,0.110845922180296,0.883081622263703,0.534871881893772,FALSE,FALSE,FALSE,FALSE,FALSE,FALSE
3638,"ollomont",-0.0753133217263517,0.0786493551211805,0.21279484133718,0.519769217715934,FALSE,FALSE,FALSE,FALSE,FALSE,FALSE
3639,"ollomont",-0.14938874653169,0.228435734563145,0.088919056507721,0.584082810113694,FALSE,FALSE,FALSE,FALSE,FALSE,FALSE
3640,"ollomont",-0.0131685495633391,-0.726410099316,0.429832004072629,0.213812998472764,FALSE,FALSE,FALSE,FALSE,FALSE,FALSE
3641,"ollomont",-0.249385126948969,-1.14158159140249,0.0385202782962837,0.12200916341422,FALSE,FALSE,FALSE,FALSE,FALSE,FALSE
3642,"ollomont",0.110437125481939,0.874863543642412,0.861870015272357,0.808586458510097,FALSE,FALSE,FALSE,FALSE,FALSE,FALSE
3643,"ollomont",0.188306998203354,1.21819703370102,0.953843543186832,0.889020872221279,TRUE,FALSE,FALSE,TRUE,FALSE,FALSE
3644,"ollomont",-0.0460223142257767,0.356106874610812,0.305616833531308,0.641438995418293,FALSE,FALSE,FALSE,FALSE,FALSE,FALSE
3645,"ollomont",-0.283795672021636,-0.774942532772442,0.0320719497709146,0.201934498557611,FALSE,FALSE,FALSE,FALSE,FALSE,FALSE
3646,"ollomont",-0.0406763722445902,-1.14371077531808,0.323095197692177,0.121669777702359,FALSE,FALSE,FALSE,FALSE,FALSE,FALSE
3647,"ollomont",0.0918601299382011,-1.23247942204973,0.81808925844222,0.107245884948244,FALSE,FALSE,FALSE,FALSE,FALSE,FALSE
3648,"ollomont",0.181305008746024,-1.00209805903622,0.94892245036484,0.145087391820804,TRUE,FALSE,FALSE,FALSE,FALSE,FALSE
3649,"ollomont",0.103167544497959,0.15763790254551,0.84710673680638,0.55438656032581,FALSE,FALSE,FALSE,FALSE,FALSE,FALSE
3650,"ollomont",0.194422599322586,0.312337873508994,0.95791617172917,0.621584931274393,TRUE,FALSE,FALSE,TRUE,FALSE,FALSE
3651,"ollomont",-0.00813870726494059,-0.17830440508113,0.452570846767351,0.409977939928729,FALSE,FALSE,FALSE,FALSE,FALSE,FALSE
3652,"ollomont",-0.00458157967979567,0.147558391022214,0.468012896657051,0.550992703207195,FALSE,FALSE,FALSE,FALSE,FALSE,FALSE
3653,"ollomont",-0.0379569310819523,-0.972491690050922,0.331579840488715,0.15085694892245,FALSE,FALSE,FALSE,FALSE,FALSE,FALSE
3654,"ollomont",0.590047809813916,-1.42738391489552,0.997284914305108,0.0845070422535211,TRUE,FALSE,FALSE,TRUE,FALSE,FALSE
3655,"ollomont",-0.223774767824334,-2.0563036410513,0.047004921092822,0.0308840997793993,FALSE,FALSE,FALSE,FALSE,FALSE,FALSE
3656,"ollomont",-0.233575987164194,-1.77566095197979,0.044120142541999,0.049889699643645,FALSE,FALSE,FALSE,FALSE,FALSE,FALSE
3657,"ollomont",0.130956991799609,-1.61826730661079,0.896657050738164,0.0648226709655523,FALSE,FALSE,FALSE,FALSE,FALSE,FALSE
3658,"ollomont",0.0340727234346687,-1.5572354986349,0.626166638384524,0.0711013066349907,FALSE,FALSE,FALSE,FALSE,FALSE,FALSE
3659,"ollomont",0.147726986008916,-2.0850782488792,0.917529272017648,0.0300356354997455,TRUE,FALSE,FALSE,FALSE,FALSE,FALSE
3660,"ollomont",0.0282347480128653,-1.0660021033654,0.60308840997794,0.135754284744612,FALSE,FALSE,FALSE,FALSE,FALSE,FALSE
3661,"ollomont",0.112527372745419,0.263710784155405,0.868148650941795,0.600712709994909,FALSE,FALSE,FALSE,FALSE,FALSE,FALSE
3662,"ollomont",0.0196552404474968,0.651246969835829,0.569489224503648,0.749703037502121,FALSE,FALSE,FALSE,FALSE,FALSE,FALSE
3663,"ollomont",-0.142496020112631,-0.0113804409475697,0.0962158493127439,0.482606482267097,FALSE,FALSE,FALSE,FALSE,FALSE,FALSE
3664,"ollomont",-0.013822980494151,-0.0784454250977627,0.427116918377736,0.45443746818259,FALSE,FALSE,FALSE,FALSE,FALSE,FALSE
3665,"ollomont",0.105944272977323,-1.20645604627006,0.852367215340234,0.111657899202444,FALSE,FALSE,FALSE,FALSE,FALSE,FALSE
3666,"ollomont",0.324789302252805,0.170942701308156,0.982691328695062,0.561683353130833,TRUE,FALSE,FALSE,TRUE,FALSE,FALSE
3667,"ollomont",0.0565156772944757,-1.08122748965333,0.705413202104191,0.13303919904972,FALSE,FALSE,FALSE,FALSE,FALSE,FALSE
3668,"ollomont",0.0129959727812725,-1.58642235389785,0.541150517563211,0.0671983709485831,FALSE,FALSE,FALSE,FALSE,FALSE,FALSE
3669,"ollomont",-0.0851917581513497,-2.67009109670777,0.188868148650942,0.00814525708467674,FALSE,FALSE,FALSE,FALSE,FALSE,FALSE
3670,"ollomont",-0.0243724071572302,-1.18965788431368,0.38571186153063,0.114033599185474,FALSE,FALSE,FALSE,FALSE,FALSE,FALSE
3671,"ollomont",-0.00955899549678563,-0.230573330249796,0.445274053962328,0.386730018666214,FALSE,FALSE,FALSE,FALSE,FALSE,FALSE
3672,"ollomont",0.0213126838202378,-1.17791735373158,0.575767860173087,0.116748684880367,FALSE,FALSE,FALSE,FALSE,FALSE,FALSE
3673,"ollomont",0.0541339483088024,-0.570045730148629,0.697946716443238,0.256575598167317,FALSE,FALSE,FALSE,FALSE,FALSE,FALSE
3674,"ollomont",0.0958541350983975,-0.56204454949798,0.826743594094689,0.258781605294417,FALSE,FALSE,FALSE,FALSE,FALSE,FALSE
3675,"ollomont",-0.173409323233159,-0.841486572163005,0.0739860851858137,0.182759205837434,FALSE,FALSE,FALSE,FALSE,FALSE,FALSE
3676,"ollomont",-0.0344014131091903,-1.14012375903383,0.346343118954692,0.122178856270151,FALSE,FALSE,FALSE,FALSE,FALSE,FALSE
3677,"ollomont",-0.148394581818961,-0.954046378263154,0.0897675207873748,0.153741727473273,FALSE,FALSE,FALSE,FALSE,FALSE,FALSE
3678,"ollomont",0.42555954279961,-0.138342119284943,0.990836585779739,0.429492618360767,TRUE,FALSE,FALSE,TRUE,FALSE,FALSE
3679,"ollomont",-0.0919131808599367,-0.41383087960274,0.174953334464619,0.314271169183777,FALSE,FALSE,FALSE,FALSE,FALSE,FALSE
3680,"ollomont",-0.0708690374833463,-1.26692618906191,0.226030884099779,0.102664177838113,FALSE,FALSE,FALSE,FALSE,FALSE,FALSE
3681,"ollomont",-0.0106790929431977,-1.44749865364281,0.439843882572544,0.0819616494145596,FALSE,FALSE,FALSE,FALSE,FALSE,FALSE
3682,"ollomont",-0.0117561733969911,-0.864492665877981,0.435092482606482,0.178177498727304,FALSE,FALSE,FALSE,FALSE,FALSE,FALSE
3683,"ollomont",0.0600326137690281,-0.963377108341812,0.719158323434583,0.151875106058035,FALSE,FALSE,FALSE,FALSE,FALSE,FALSE
3684,"ollomont",-0.00960327551725548,-0.995583738255443,0.444934668250467,0.14644493466825,FALSE,FALSE,FALSE,FALSE,FALSE,FALSE
3685,"ollomont",0.173144709281281,-0.16513127527018,0.942134736127609,0.417783811301544,TRUE,FALSE,FALSE,FALSE,FALSE,FALSE
3686,"ollomont",0.0805840415945767,-0.226933451460666,0.788562701510266,0.389445104361106,FALSE,FALSE,FALSE,FALSE,FALSE,FALSE
3687,"ollomont",-0.127829485898992,-0.499396682505222,0.110300356354997,0.283047683692517,FALSE,FALSE,FALSE,FALSE,FALSE,FALSE
3688,"ollomont",0.03115735200989,-1.04252574894984,0.615815374172747,0.139317834719158,FALSE,FALSE,FALSE,FALSE,FALSE,FALSE
3689,"ollomont",0.155439084217125,-2.23360794817006,0.925674529102325,0.0234176141184456,TRUE,FALSE,FALSE,FALSE,FALSE,FALSE
3690,"ollomont",0.176665611495721,-0.78005955255425,0.944849821822501,0.199898184286442,TRUE,FALSE,FALSE,FALSE,FALSE,FALSE
3691,"ollomont",-9.56156424596344e-05,-0.801348895455986,0.486848803665366,0.193958934328865,FALSE,FALSE,FALSE,FALSE,FALSE,FALSE
3692,"ollomont",-0.215908160661872,-1.49518147500032,0.0507381639232988,0.077379942304429,FALSE,FALSE,FALSE,FALSE,FALSE,FALSE
3693,"ollomont",0.0504887794237998,-1.18393733601185,0.683692516545053,0.11522144917699,FALSE,FALSE,FALSE,FALSE,FALSE,FALSE
3694,"ollomont",-0.164309516920545,-0.935676140559966,0.0787374851518751,0.158493127439335,FALSE,FALSE,FALSE,FALSE,FALSE,FALSE
3695,"ollomont",0.0883886289794305,-2.04684191718766,0.808756151366028,0.0319022569149839,FALSE,FALSE,FALSE,FALSE,FALSE,FALSE
3696,"ollomont",-0.000997941325907803,-1.48564179653725,0.482606482267097,0.0782284065840828,FALSE,FALSE,FALSE,FALSE,FALSE,FALSE
3697,"ollomont",0.0934243564758006,-0.44936246225245,0.821652808416766,0.301035126421178,FALSE,FALSE,FALSE,FALSE,FALSE,FALSE
3698,"ollomont",0.00939354507194778,-0.00660349571832814,0.526896317665026,0.484642796538266,FALSE,FALSE,FALSE,FALSE,FALSE,FALSE
3699,"ollomont",-0.132922431057352,-0.669350614102331,0.104530799253351,0.228745969794672,FALSE,FALSE,FALSE,FALSE,FALSE,FALSE
3700,"ollomont",0.0318223161918105,-0.95900237107914,0.618021381299847,0.15289326319362,FALSE,FALSE,FALSE,FALSE,FALSE,FALSE
3701,"ollomont",-0.159776748738395,-1.29997249220153,0.0812828779908366,0.0979127778720516,FALSE,FALSE,FALSE,FALSE,FALSE,FALSE
3702,"ollomont",-0.00582974183357088,-0.206704528404609,0.463091803835059,0.39911759714916,FALSE,FALSE,FALSE,FALSE,FALSE,FALSE
3703,"ollomont",0.0691236369918311,-0.753339546164996,0.753096894620736,0.207194977091464,FALSE,FALSE,FALSE,FALSE,FALSE,FALSE
3704,"ollomont",-0.0585789342126812,-1.17816531081754,0.263023926692686,0.116578992024436,FALSE,FALSE,FALSE,FALSE,FALSE,FALSE
3705,"ollomont",0.0318444995007425,-1.6759299399519,0.618191074155778,0.0587137281520448,FALSE,FALSE,FALSE,FALSE,FALSE,FALSE
3706,"ollomont",-0.0092617494299656,-1.73018888202577,0.446631596809774,0.0541320210419141,FALSE,FALSE,FALSE,FALSE,FALSE,FALSE
3707,"ollomont",0.163813511177246,-0.741461443443178,0.935516714746309,0.209740369930426,TRUE,FALSE,FALSE,FALSE,FALSE,FALSE
3708,"ollomont",0.00574009893383298,-0.668683613864122,0.510436110639742,0.229085355506533,FALSE,FALSE,FALSE,FALSE,FALSE,FALSE
3709,"ollomont",0.163487427082112,-0.634635746867764,0.934668250466655,0.238418462582725,TRUE,FALSE,FALSE,FALSE,FALSE,FALSE
3710,"ollomont",0.160839920173052,-0.227562111616547,0.93127439334804,0.388766332937383,TRUE,FALSE,FALSE,FALSE,FALSE,FALSE
3711,"ollomont",-0.589031238168623,-0.692376448981393,0.00407262854233837,0.221449176989649,FALSE,FALSE,FALSE,FALSE,FALSE,FALSE
3712,"oyace",-0.00634380608335938,-1.54127349025811,0.460716103852028,0.072289156626506,FALSE,FALSE,FALSE,FALSE,FALSE,FALSE
3713,"oyace",-0.041238564215881,-1.33185653287101,0.321058883421008,0.0941795350415748,FALSE,FALSE,FALSE,FALSE,FALSE,FALSE
3714,"oyace",0.0927958188493356,-1.00064174954679,0.820125572713389,0.145596470388597,FALSE,FALSE,FALSE,FALSE,FALSE,FALSE
3715,"oyace",0.0813252147772499,-2.34542906708971,0.789750551501782,0.0191752927201765,FALSE,FALSE,FALSE,FALSE,FALSE,FALSE
3716,"oyace",0.108197766806041,-2.77668779306749,0.857627693874088,0.00593924995757679,FALSE,FALSE,FALSE,FALSE,FALSE,FALSE
3717,"oyace",-0.0541399701643286,-1.32431146190477,0.276429662311217,0.0953673850330901,FALSE,FALSE,FALSE,FALSE,FALSE,FALSE
3718,"oyace",-0.109048850127166,-1.02641243929869,0.138639063295435,0.142541998981843,FALSE,FALSE,FALSE,FALSE,FALSE,FALSE
3719,"oyace",0.0561532914276057,-0.877216603744238,0.704395044968607,0.173935177329034,FALSE,FALSE,FALSE,FALSE,FALSE,FALSE
3720,"oyace",0.0450610609437909,-1.32795913963121,0.665705073816392,0.0948583064652978,FALSE,FALSE,FALSE,FALSE,FALSE,FALSE
3721,"oyace",0.120182826924601,-2.38019371252709,0.881045307992534,0.0174783641608688,FALSE,FALSE,FALSE,FALSE,FALSE,FALSE
3722,"oyace",-0.0330691909909326,-2.40070622529225,0.351603597488546,0.0167995927371458,FALSE,FALSE,FALSE,FALSE,FALSE,FALSE
3723,"oyace",-0.0318290193316422,-2.4253690417129,0.356864076022399,0.0157814356015612,FALSE,FALSE,FALSE,FALSE,FALSE,FALSE
3724,"oyace",0.0325631736500842,-2.0184083441002,0.620397081282878,0.0349567283217377,FALSE,FALSE,FALSE,FALSE,FALSE,FALSE
3725,"oyace",0.0485405188301833,-2.13578454112158,0.676904802307823,0.0278296283726455,FALSE,FALSE,FALSE,FALSE,FALSE,FALSE
3726,"oyace",0.130649587353528,-1.77511170295641,0.896317665026302,0.0502290853555065,FALSE,FALSE,FALSE,FALSE,FALSE,FALSE
3727,"oyace",-0.0087260048627229,-1.20798806892392,0.45002545392839,0.111488206346513,FALSE,FALSE,FALSE,FALSE,FALSE,FALSE
3728,"oyace",0.130598163644947,-1.30881300735994,0.89580858645851,0.0972340064483285,FALSE,FALSE,FALSE,FALSE,FALSE,FALSE
3729,"oyace",-0.0114598146810145,-2.2130628240688,0.43678941116579,0.0239266926862379,FALSE,FALSE,FALSE,FALSE,FALSE,FALSE
3730,"oyace",0.00217016461474273,-2.75049792932923,0.496012217885627,0.00610894281350755,FALSE,FALSE,FALSE,FALSE,FALSE,FALSE
3731,"oyace",0.0768937680230213,-2.82875850236135,0.776853894451044,0.00475139996606143,FALSE,FALSE,FALSE,FALSE,FALSE,FALSE
3732,"oyace",0.0791351373749691,-2.17290085458352,0.783980994400136,0.0251145426777533,FALSE,FALSE,FALSE,FALSE,FALSE,FALSE
3733,"oyace",0.146408014546328,-1.65575572298206,0.916850500593925,0.0612591209910063,TRUE,FALSE,FALSE,FALSE,FALSE,FALSE
3734,"oyace",-0.129402396437206,-1.11500596492474,0.108264042083828,0.126760563380282,FALSE,FALSE,FALSE,FALSE,FALSE,FALSE
3735,"oyace",0.0576511029024935,-1.58407993334756,0.710334294926184,0.0673680638045138,FALSE,FALSE,FALSE,FALSE,FALSE,FALSE
3736,"oyace",0.0515829750245516,-2.20380120436676,0.688783302222976,0.0242660783980994,FALSE,FALSE,FALSE,FALSE,FALSE,FALSE
3737,"oyace",-0.00014521343675078,-1.88350312073705,0.486509417953504,0.0424232139826913,FALSE,FALSE,FALSE,FALSE,FALSE,FALSE
3738,"oyace",0.0751986183498889,-1.73808607459171,0.771254030205328,0.0531138639063295,FALSE,FALSE,FALSE,FALSE,FALSE,FALSE
3739,"oyace",0.0626403540248521,-1.63144297768304,0.731036823349737,0.0634651281181062,FALSE,FALSE,FALSE,FALSE,FALSE,FALSE
3740,"oyace",0.100462164692173,-2.16538958173635,0.840658408281011,0.0254539283896148,FALSE,FALSE,FALSE,FALSE,FALSE,FALSE
3741,"oyace",-0.0821838394883745,-2.26972192888081,0.195655862888172,0.021720685559138,FALSE,FALSE,FALSE,FALSE,FALSE,FALSE
3742,"oyace",-0.0621439611823398,-3.17093020287705,0.251654505345325,0.00135754284744612,FALSE,FALSE,FALSE,FALSE,FALSE,FALSE
3743,"oyace",0.0215911038488112,-1.56616877626583,0.577125403020533,0.0699134566434753,FALSE,FALSE,FALSE,FALSE,FALSE,FALSE
3744,"oyace",0.0821057317439404,-2.09819310636994,0.79161717291702,0.0295265569319532,FALSE,FALSE,FALSE,FALSE,FALSE,FALSE
3745,"oyace",0.0699937038551628,-1.69251375223126,0.755302901747836,0.0570167995927371,FALSE,FALSE,FALSE,FALSE,FALSE,FALSE
3746,"oyace",-0.053244559022092,-1.36786700863792,0.278975055150178,0.0901069064992364,FALSE,FALSE,FALSE,FALSE,FALSE,FALSE
3747,"oyace",-0.0288853244633387,-1.55593381484026,0.369081961649415,0.0712709994909214,FALSE,FALSE,FALSE,FALSE,FALSE,FALSE
3748,"oyace",0.0150539254500988,-2.73295176100509,0.548107924656372,0.00678771423723061,FALSE,FALSE,FALSE,FALSE,FALSE,FALSE
3749,"oyace",-0.0321623590371605,-2.94561129037492,0.355336840319023,0.00339385711861531,FALSE,FALSE,FALSE,FALSE,FALSE,FALSE
3750,"oyace",0.116983125111204,-2.73095992363739,0.874936365179026,0.00695740709316138,FALSE,FALSE,FALSE,FALSE,FALSE,FALSE
3751,"oyace",0.0287466780212675,-2.34778798271826,0.605633802816901,0.0186662141523842,FALSE,FALSE,FALSE,FALSE,FALSE,FALSE
3752,"oyace",0.0754662588770412,-2.03439754389121,0.771932801629051,0.03325979976243,FALSE,FALSE,FALSE,FALSE,FALSE,FALSE
3753,"oyace",-0.0528615654841964,-2.98917353012702,0.280671983709486,0.00322416426268454,FALSE,FALSE,FALSE,FALSE,FALSE,FALSE
3754,"oyace",-0.0318536998135936,-3.59667477896243,0.356694383166469,0.000848464279653827,FALSE,FALSE,FALSE,FALSE,FALSE,FALSE
3755,"oyace",0.1092806230248,-3.64857533613358,0.859324622433396,0.000509078567792296,FALSE,FALSE,FALSE,FALSE,FALSE,FALSE
3756,"oyace",0.0781174033566945,-3.30837797673014,0.780926522993382,0.00101815713558459,FALSE,FALSE,FALSE,FALSE,FALSE,FALSE
3757,"oyace",0.0453311975605502,-2.17234729764243,0.666553538096046,0.025284235533684,FALSE,FALSE,FALSE,FALSE,FALSE,FALSE
3758,"oyace",-0.139592720530429,-2.29129589902894,0.0982521635839131,0.0208722212794841,FALSE,FALSE,FALSE,FALSE,FALSE,FALSE
3759,"oyace",-0.0312865065273478,-2.42623731535762,0.358900390293569,0.0156117427456304,FALSE,FALSE,FALSE,FALSE,FALSE,FALSE
3760,"oyace",-0.00957758528521957,-2.87416831400883,0.445104361106397,0.0044120142541999,FALSE,FALSE,FALSE,FALSE,FALSE,FALSE
3761,"oyace",-0.0442388081213068,-2.81759466307022,0.311047004921093,0.00492109282199219,FALSE,FALSE,FALSE,FALSE,FALSE,FALSE
3762,"oyace",0.109525464045593,-2.70843133542586,0.859833701001188,0.00729679280502291,FALSE,FALSE,FALSE,FALSE,FALSE,FALSE
3763,"oyace",0.0457563041973064,-2.39872992298665,0.668759545223146,0.0169692855930765,FALSE,FALSE,FALSE,FALSE,FALSE,FALSE
3764,"oyace",0.0784449789465711,-2.3691247348058,0.781944680128967,0.0176480570167996,FALSE,FALSE,FALSE,FALSE,FALSE,FALSE
3765,"oyace",-0.0985039576890649,-3.05623694655649,0.160699134566435,0.00203631427116918,FALSE,FALSE,FALSE,FALSE,FALSE,FALSE
3766,"oyace",0.0833515303988559,-3.60041714717823,0.795180722891566,0.000678771423723061,FALSE,FALSE,FALSE,FALSE,FALSE,FALSE
3767,"oyace",0.14400617266759,-3.69046681355339,0.914135414899033,0.000339385711861531,TRUE,FALSE,FALSE,FALSE,FALSE,FALSE
3768,"oyace",0.088786642026049,-3.06772660216109,0.809604615645681,0.00186662141523842,FALSE,FALSE,FALSE,FALSE,FALSE,FALSE
3769,"oyace",0.0269177346226499,-2.5418472543396,0.596979467164432,0.0118784999151536,FALSE,FALSE,FALSE,FALSE,FALSE,FALSE
3770,"oyace",-0.0523659298259513,-2.7462231151213,0.282368912268793,0.00644832852536908,FALSE,FALSE,FALSE,FALSE,FALSE,FALSE
3771,"oyace",0.0249581257793565,-1.74063978025407,0.588834210079756,0.0529441710503988,FALSE,FALSE,FALSE,FALSE,FALSE,FALSE
3772,"oyace",-0.0158549477329988,-1.72203805613542,0.41897166129306,0.0548107924656372,FALSE,FALSE,FALSE,FALSE,FALSE,FALSE
3773,"oyace",-0.00816972928324411,-1.51475234597386,0.45223146105549,0.0755133208891906,FALSE,FALSE,FALSE,FALSE,FALSE,FALSE
3774,"oyace",0.0559361635341968,-1.58054158247756,0.703376887833022,0.0677074495163754,FALSE,FALSE,FALSE,FALSE,FALSE,FALSE
3775,"oyace",0.0581474619102185,-2.43876587016894,0.71169183777363,0.0152723570337689,FALSE,FALSE,FALSE,FALSE,FALSE,FALSE
3776,"oyace",0.0435035420526741,-2.78525839055329,0.659087052435092,0.00576955710164602,FALSE,FALSE,FALSE,FALSE,FALSE,FALSE
3777,"oyace",-0.147441069399344,-2.16048718072841,0.091125063634821,0.0261326998133379,FALSE,FALSE,FALSE,FALSE,FALSE,FALSE
3778,"oyace",-0.0789773187194616,-2.61349403777449,0.203801119972849,0.00967249278805362,FALSE,FALSE,FALSE,FALSE,FALSE,FALSE
3779,"oyace",-0.031244589792804,-3.04284825546733,0.359579161717292,0.00254539283896148,FALSE,FALSE,FALSE,FALSE,FALSE,FALSE
3780,"oyace",0.00943470307996641,-2.38157203865301,0.527235703376888,0.0171389784490073,FALSE,FALSE,FALSE,FALSE,FALSE,FALSE
3781,"oyace",0.0127570919926931,-2.53862584297524,0.540302053283557,0.0120481927710843,FALSE,FALSE,FALSE,FALSE,FALSE,FALSE
3782,"oyace",-0.0607556673153109,-2.41744958004528,0.256745291023248,0.0161208213134227,FALSE,FALSE,FALSE,FALSE,FALSE,FALSE
3783,"oyace",-0.0506864151692099,-1.33827992053324,0.287799083658578,0.0935007636178517,FALSE,FALSE,FALSE,FALSE,FALSE,FALSE
3784,"oyace",0.0440761192752976,-3.04414056252574,0.661971830985915,0.00237569998303071,FALSE,FALSE,FALSE,FALSE,FALSE,FALSE
3785,"oyace",0.0364269675223081,-1.72037501181098,0.635160359748855,0.054980485321568,FALSE,FALSE,FALSE,FALSE,FALSE,FALSE
3786,"oyace",0.183543205599639,-2.74690795470337,0.950110300356355,0.00627863566943832,TRUE,FALSE,FALSE,TRUE,FALSE,FALSE
3787,"oyace",0.0328364996746888,-2.50228469132049,0.621245545562532,0.0128966570507382,FALSE,FALSE,FALSE,FALSE,FALSE,FALSE
3788,"oyace",0.117147645694226,-1.71433378911433,0.875615136602749,0.0553198710334295,FALSE,FALSE,FALSE,FALSE,FALSE,FALSE
3789,"oyace",-0.0351270062136066,-1.62178817120111,0.342609876124215,0.0641438995418293,FALSE,FALSE,FALSE,FALSE,FALSE,FALSE
3790,"oyace",0.00820099476076841,-2.36248473450189,0.521975224843034,0.0178177498727304,FALSE,FALSE,FALSE,FALSE,FALSE,FALSE
3791,"oyace",0.240566564746914,-2.03405154878594,0.970303750212116,0.0334294926183608,TRUE,FALSE,FALSE,TRUE,FALSE,FALSE
3792,"oyace",-0.243036730750125,-2.05626599137718,0.0400475139996606,0.0310537926353301,FALSE,FALSE,FALSE,FALSE,FALSE,FALSE
3793,"perloz",0.0293021474755033,-0.844508183376859,0.607839809944001,0.18191074155778,FALSE,FALSE,FALSE,FALSE,FALSE,FALSE
3794,"perloz",-0.0171844694204868,-0.7419382819513,0.413711182759206,0.209570677074495,FALSE,FALSE,FALSE,FALSE,FALSE,FALSE
3795,"perloz",0.052828932897528,-0.488849712579004,0.69404378075683,0.287459697946716,FALSE,FALSE,FALSE,FALSE,FALSE,FALSE
3796,"perloz",0.000764373652021533,0.0166632507973126,0.489563889360258,0.493975903614458,FALSE,FALSE,FALSE,FALSE,FALSE,FALSE
3797,"perloz",0.0381372353714742,-0.240470540950905,0.642117766842016,0.382657390123876,FALSE,FALSE,FALSE,FALSE,FALSE,FALSE
3798,"perloz",-0.12576538875703,-0.51806915541009,0.113524520617682,0.275750890887494,FALSE,FALSE,FALSE,FALSE,FALSE,FALSE
3799,"perloz",-0.169591137974004,-0.898974312828666,0.0770405565925674,0.167486848803665,FALSE,FALSE,FALSE,FALSE,FALSE,FALSE
3800,"perloz",0.162082153620593,-0.81902565484136,0.932801629051417,0.190055998642457,TRUE,FALSE,FALSE,FALSE,FALSE,FALSE
3801,"perloz",0.110270991481038,-1.01964534574731,0.861360936704565,0.143051077549635,FALSE,FALSE,FALSE,FALSE,FALSE,FALSE
3802,"perloz",0.068961366038236,-0.876728826750821,0.752757508908875,0.174274563040896,FALSE,FALSE,FALSE,FALSE,FALSE,FALSE
3803,"perloz",-0.0984865661633165,-1.04173653097515,0.160868827422366,0.13965722043102,FALSE,FALSE,FALSE,FALSE,FALSE,FALSE
3804,"perloz",-0.0495647785543891,-0.209611391312655,0.291192940777193,0.397760054301714,FALSE,FALSE,FALSE,FALSE,FALSE,FALSE
3805,"perloz",0.0174389808048865,0.371673351893783,0.558628881724079,0.648226709655524,FALSE,FALSE,FALSE,FALSE,FALSE,FALSE
3806,"perloz",0.0247319607411605,0.247984025457762,0.58747666723231,0.593755302901748,FALSE,FALSE,FALSE,FALSE,FALSE,FALSE
3807,"perloz",0.12881051315148,-1.51726173795057,0.892923807907687,0.0748345494654675,FALSE,FALSE,FALSE,FALSE,FALSE,FALSE
3808,"perloz",0.0762824538899629,-0.900758560311971,0.774138808756151,0.166808077379942,FALSE,FALSE,FALSE,FALSE,FALSE,FALSE
3809,"perloz",0.0930273196218483,-1.1008901316527,0.821143729848973,0.129815034787035,FALSE,FALSE,FALSE,FALSE,FALSE,FALSE
3810,"perloz",-0.0155159697035803,-0.63259683091074,0.420498896996436,0.239606312574241,FALSE,FALSE,FALSE,FALSE,FALSE,FALSE
3811,"perloz",0.0264874639527068,-0.636203451923705,0.594603767181402,0.237909384014933,FALSE,FALSE,FALSE,FALSE,FALSE,FALSE
3812,"perloz",0.033464218863795,-0.513823185050565,0.623790938401493,0.27710843373494,FALSE,FALSE,FALSE,FALSE,FALSE,FALSE
3813,"perloz",0.0365420709269149,-0.145786777447205,0.635499745460716,0.426098761242152,FALSE,FALSE,FALSE,FALSE,FALSE,FALSE
3814,"perloz",0.0904742955861444,-0.185815711851006,0.814016629899881,0.407602239945698,FALSE,FALSE,FALSE,FALSE,FALSE,FALSE
3815,"perloz",-0.0854586934253234,-0.56791554552908,0.188189377227219,0.25725436959104,FALSE,FALSE,FALSE,FALSE,FALSE,FALSE
3816,"perloz",0.00979529286516545,-1.69880345085106,0.528423553368403,0.0566774138808756,FALSE,FALSE,FALSE,FALSE,FALSE,FALSE
3817,"perloz",0.0770573979233244,-2.26176371878116,0.77821143729849,0.022399456982861,FALSE,FALSE,FALSE,FALSE,FALSE,FALSE
3818,"perloz",0.0142085886822141,-0.918494581449443,0.545053453249618,0.162565755981673,FALSE,FALSE,FALSE,FALSE,FALSE,FALSE
3819,"perloz",0.0999758808665021,-1.18095426315734,0.837773629730188,0.115730527744782,FALSE,FALSE,FALSE,FALSE,FALSE,FALSE
3820,"perloz",0.0686279983639722,-1.26557735812052,0.751399966061429,0.103003563549975,FALSE,FALSE,FALSE,FALSE,FALSE,FALSE
3821,"perloz",0.0756807344325061,-0.156184086195341,0.772441880196844,0.420159511284575,FALSE,FALSE,FALSE,FALSE,FALSE,FALSE
3822,"perloz",0.00481776427449709,-0.487603304474121,0.507551332088919,0.287799083658578,FALSE,FALSE,FALSE,FALSE,FALSE,FALSE
3823,"perloz",-0.05543464836407,-0.656100298236544,0.272526726624809,0.232648905481079,FALSE,FALSE,FALSE,FALSE,FALSE,FALSE
3824,"perloz",-0.00325619717005488,-0.188234071650834,0.47446122518242,0.406584082810114,FALSE,FALSE,FALSE,FALSE,FALSE,FALSE
3825,"perloz",0.0820933030128401,-0.574690438804386,0.791447480061089,0.254708976752079,FALSE,FALSE,FALSE,FALSE,FALSE,FALSE
3826,"perloz",0.0917949646929888,-0.389923155287688,0.817749872730358,0.322246733412523,FALSE,FALSE,FALSE,FALSE,FALSE,FALSE
3827,"perloz",-0.0746060339544687,-0.474642074149627,0.214491769896487,0.292889869336501,FALSE,FALSE,FALSE,FALSE,FALSE,FALSE
3828,"perloz",-0.0525929951836446,0.0951615836353224,0.28169014084507,0.52995078907178,FALSE,FALSE,FALSE,FALSE,FALSE,FALSE
3829,"perloz",0.0181052994947315,-1.28656370145666,0.562531817410487,0.09977939928729,FALSE,FALSE,FALSE,FALSE,FALSE,FALSE
3830,"perloz",-0.0568076717393318,-1.36085165383545,0.26828440522654,0.0906159850670287,FALSE,FALSE,FALSE,FALSE,FALSE,FALSE
3831,"perloz",0.102735023842991,-1.272679618266,0.845918886814865,0.101815713558459,FALSE,FALSE,FALSE,FALSE,FALSE,FALSE
3832,"perloz",-0.000996289629162206,-0.114371163740009,0.482776175123027,0.439843882572544,FALSE,FALSE,FALSE,FALSE,FALSE,FALSE
3833,"perloz",0.080187944740354,-0.314042754574198,0.786865772950959,0.3502460546411,FALSE,FALSE,FALSE,FALSE,FALSE,FALSE
3834,"perloz",-0.0736284287140183,-0.87994064948339,0.218055319871033,0.17291702019345,FALSE,FALSE,FALSE,FALSE,FALSE,FALSE
3835,"perloz",-0.0967052799893633,-0.875842681299487,0.163753605973189,0.174613948752758,FALSE,FALSE,FALSE,FALSE,FALSE,FALSE
3836,"perloz",0.0189969762780979,-0.999480882104078,0.566265060240964,0.145935856100458,FALSE,FALSE,FALSE,FALSE,FALSE,FALSE
3837,"perloz",0.0505936413680139,-1.33151563663561,0.684201595112846,0.0943492278975055,FALSE,FALSE,FALSE,FALSE,FALSE,FALSE
3838,"perloz",0.0502967056070869,-0.311242302988448,0.682165280841677,0.350924826064823,FALSE,FALSE,FALSE,FALSE,FALSE,FALSE
3839,"perloz",-0.101667540438717,-1.01091840686344,0.153572034617343,0.144238927541151,FALSE,FALSE,FALSE,FALSE,FALSE,FALSE
3840,"perloz",-0.00633293926872547,-0.382095962734802,0.460885796707959,0.324113354827762,FALSE,FALSE,FALSE,FALSE,FALSE,FALSE
3841,"perloz",0.0191988527654132,-0.874672515239727,0.567113524520618,0.174783641608688,FALSE,FALSE,FALSE,FALSE,FALSE,FALSE
3842,"perloz",0.0169510398968082,-0.962747181907755,0.556083488885118,0.152044798913966,FALSE,FALSE,FALSE,FALSE,FALSE,FALSE
3843,"perloz",0.01951478228486,-0.77879892976784,0.568810453079925,0.200237569998303,FALSE,FALSE,FALSE,FALSE,FALSE,FALSE
3844,"perloz",0.0262576411463353,-0.464173868158451,0.593246224333956,0.295774647887324,FALSE,FALSE,FALSE,FALSE,FALSE,FALSE
3845,"perloz",0.0624684861960443,-2.14659617906566,0.730188359070083,0.0271508569489225,FALSE,FALSE,FALSE,FALSE,FALSE,FALSE
3846,"perloz",-0.100399000833816,-0.529717378697899,0.156117427456304,0.272357033768878,FALSE,FALSE,FALSE,FALSE,FALSE,FALSE
3847,"perloz",-0.0963581377415146,-0.698582637841515,0.164262684540981,0.219752248430341,FALSE,FALSE,FALSE,FALSE,FALSE,FALSE
3848,"perloz",-0.0218371526714591,-0.879514036869538,0.395554047174614,0.173256405905311,FALSE,FALSE,FALSE,FALSE,FALSE,FALSE
3849,"perloz",0.0567773252389827,-0.978218611940384,0.706940437807568,0.149329713219073,FALSE,FALSE,FALSE,FALSE,FALSE,FALSE
3850,"perloz",0.0532558066653852,-0.241767041373745,0.695571016460207,0.381130154420499,FALSE,FALSE,FALSE,FALSE,FALSE,FALSE
3851,"perloz",-0.0975032578885404,-0.694374814783737,0.162226370269812,0.220940098421856,FALSE,FALSE,FALSE,FALSE,FALSE,FALSE
3852,"perloz",-0.103984844315885,-0.0422246444760684,0.148820634651281,0.468521975224843,FALSE,FALSE,FALSE,FALSE,FALSE,FALSE
3853,"perloz",-0.064433494245824,-0.37889393881829,0.245884948243679,0.325640590531139,FALSE,FALSE,FALSE,FALSE,FALSE,FALSE
3854,"perloz",-0.0854782546736246,-0.492776455941802,0.188019684371288,0.285762769387409,FALSE,FALSE,FALSE,FALSE,FALSE,FALSE
3855,"perloz",-0.00844353603110726,-0.547211565093472,0.451043611063974,0.264890548107925,FALSE,FALSE,FALSE,FALSE,FALSE,FALSE
3856,"perloz",-0.0350098568073705,0.19382118879443,0.343288647547938,0.569658917359579,FALSE,FALSE,FALSE,FALSE,FALSE,FALSE
3857,"perloz",0.11103003392401,-0.0904797373787248,0.863057865263872,0.45019514678432,FALSE,FALSE,FALSE,FALSE,FALSE,FALSE
3858,"perloz",-0.0394897392791904,-0.488878454598081,0.326828440522654,0.287290005090786,FALSE,FALSE,FALSE,FALSE,FALSE,FALSE
3859,"perloz",-0.0370372100342866,-0.603712080039972,0.334973697607331,0.247921262514848,FALSE,FALSE,FALSE,FALSE,FALSE,FALSE
3860,"perloz",0.0441077145304014,-0.421326490376225,0.662141523841846,0.311216697777024,FALSE,FALSE,FALSE,FALSE,FALSE,FALSE
3861,"perloz",0.0614623430598655,-0.649834712309775,0.726285423383676,0.234345834040387,FALSE,FALSE,FALSE,FALSE,FALSE,FALSE
3862,"perloz",0.0989875803249856,-0.553948519126038,0.835228236891227,0.261836076701171,FALSE,FALSE,FALSE,FALSE,FALSE,FALSE
3863,"perloz",-0.0696009933634105,-0.719161467313824,0.228915662650602,0.214661462752418,FALSE,FALSE,FALSE,FALSE,FALSE,FALSE
3864,"perloz",0.00122703598646545,-0.129939750767717,0.491939589343289,0.433734939759036,FALSE,FALSE,FALSE,FALSE,FALSE,FALSE
3865,"perloz",0.138400766655973,-0.80769307226973,0.906329543526218,0.192771084337349,TRUE,FALSE,FALSE,FALSE,FALSE,FALSE
3866,"perloz",0.125110992015321,-0.712855101311446,0.888002715085695,0.215849312743933,FALSE,FALSE,FALSE,FALSE,FALSE,FALSE
3867,"perloz",0.165202557331336,-0.173994824031149,0.937213643305617,0.412183947055829,TRUE,FALSE,FALSE,FALSE,FALSE,FALSE
3868,"perloz",0.0729523008075166,0.0759457392867858,0.764126930256236,0.51892075343628,FALSE,FALSE,FALSE,FALSE,FALSE,FALSE
3869,"perloz",0.11329510769942,0.324950928765604,0.869336500933311,0.62752418123197,FALSE,FALSE,FALSE,FALSE,FALSE,FALSE
3870,"perloz",-0.019937859540077,-0.268239801115638,0.403190225691498,0.368572883081622,FALSE,FALSE,FALSE,FALSE,FALSE,FALSE
3871,"perloz",-0.00519040414554262,-0.900014253476638,0.46563719667402,0.167147463091804,FALSE,FALSE,FALSE,FALSE,FALSE,FALSE
3872,"perloz",0.0454115257055445,-1.01883807610179,0.667232309519769,0.143220770405566,FALSE,FALSE,FALSE,FALSE,FALSE,FALSE
3873,"perloz",-0.132468867050953,-0.796180460111531,0.105209570677074,0.195825555744103,FALSE,FALSE,FALSE,FALSE,FALSE,FALSE
3874,"pollein",0.132245794272794,0.73948645268008,0.898523672153402,0.773290344476498,FALSE,FALSE,FALSE,FALSE,FALSE,FALSE
3875,"pollein",0.205007774608504,0.812563773209097,0.96232818598337,0.794162565755982,TRUE,FALSE,FALSE,TRUE,FALSE,FALSE
3876,"pollein",0.19072300474047,1.34115236570741,0.956049550313932,0.91345664347531,TRUE,TRUE,TRUE,TRUE,FALSE,FALSE
3877,"pollein",0.0986652826543732,1.7146174344238,0.834210079755642,0.964025114542678,FALSE,TRUE,FALSE,FALSE,TRUE,FALSE
3878,"pollein",0.154894551686242,1.45264265933041,0.924995757678602,0.930935007636179,TRUE,TRUE,TRUE,FALSE,FALSE,FALSE
3879,"pollein",0.100025893131164,1.03936553462017,0.838282708297981,0.847955201086034,FALSE,FALSE,FALSE,FALSE,FALSE,FALSE
3880,"pollein",0.00376955632622966,0.401532028003295,0.502799932122858,0.659087052435092,FALSE,FALSE,FALSE,FALSE,FALSE,FALSE
3881,"pollein",-0.10776122965839,0.349735857715549,0.142032920414051,0.637536059731885,FALSE,FALSE,FALSE,FALSE,FALSE,FALSE
3882,"pollein",0.0400054094390114,0.889145748905215,0.647717631087731,0.811980315628712,FALSE,FALSE,FALSE,FALSE,FALSE,FALSE
3883,"pollein",-0.112110391881728,1.30820584758591,0.133378584761582,0.905311386390633,FALSE,TRUE,FALSE,FALSE,FALSE,FALSE
3884,"pollein",-0.162076944716503,1.13285562683227,0.0800950279993212,0.872560665195995,FALSE,FALSE,FALSE,FALSE,FALSE,FALSE
3885,"pollein",-0.106753682798617,1.24459428010725,0.14406923468522,0.893772272187341,FALSE,FALSE,FALSE,FALSE,FALSE,FALSE
3886,"pollein",-0.770275075695698,1.83230334695777,0.00152723570337689,0.972340064483285,FALSE,TRUE,FALSE,FALSE,TRUE,FALSE
3887,"pollein",-0.441648369383039,1.66152091308422,0.011539114203292,0.95791617172917,FALSE,TRUE,FALSE,FALSE,TRUE,FALSE
3888,"pollein",-0.490322115528752,1.09856184995381,0.00712709994909214,0.865263872390972,FALSE,FALSE,FALSE,FALSE,FALSE,FALSE
3889,"pollein",-0.478439144469153,-1.63950606907662,0.00814525708467674,0.0631257424062447,FALSE,FALSE,FALSE,FALSE,FALSE,FALSE
3890,"pollein",-0.398500803285659,0.831689319157396,0.0149329713219073,0.799423044289835,FALSE,FALSE,FALSE,FALSE,FALSE,FALSE
3891,"pollein",-0.514217705582144,0.854908023657785,0.00543017138978449,0.804513829967758,FALSE,FALSE,FALSE,FALSE,FALSE,FALSE
3892,"pollein",-0.389847561257243,0.949164345997469,0.0157814356015612,0.828440522653996,FALSE,FALSE,FALSE,FALSE,FALSE,FALSE
3893,"pollein",-0.350601299334228,1.01543552360038,0.0190055998642457,0.842694722552181,FALSE,FALSE,FALSE,FALSE,FALSE,FALSE
3894,"pollein",-0.348332362737903,1.32403389931558,0.019514678432038,0.909723400644833,FALSE,TRUE,FALSE,FALSE,FALSE,FALSE
3895,"pollein",-0.302989418614306,1.49991023868703,0.0273205498048532,0.93789241472934,FALSE,TRUE,FALSE,FALSE,FALSE,FALSE
3896,"pollein",-0.453843376263643,1.43518686515853,0.0100118784999152,0.928050229085356,FALSE,TRUE,FALSE,FALSE,FALSE,FALSE
3897,"pollein",-0.322252893344887,1.06930386421203,0.0234176141184456,0.85593076531478,FALSE,FALSE,FALSE,FALSE,FALSE,FALSE
3898,"pollein",-0.0530582978128091,0.402051801292545,0.279823519429832,0.659256745291023,FALSE,FALSE,FALSE,FALSE,FALSE,FALSE
3899,"pollein",-0.0911249107864567,0.94163590921829,0.177159341591719,0.825386051247243,FALSE,FALSE,FALSE,FALSE,FALSE,FALSE
3900,"pollein",0.0339755143712885,1.1616915554082,0.625657559816732,0.878669608009503,FALSE,FALSE,FALSE,FALSE,FALSE,FALSE
3901,"pollein",0.0247124535199337,1.24316576310425,0.586797895808586,0.893093500763618,FALSE,FALSE,FALSE,FALSE,FALSE,FALSE
3902,"pollein",0.0789488120503119,1.16165320737709,0.783302222976413,0.878499915153572,FALSE,FALSE,FALSE,FALSE,FALSE,FALSE
3903,"pollein",0.0724756954544397,1.07208019369157,0.762090615985067,0.857118615306296,FALSE,FALSE,FALSE,FALSE,FALSE,FALSE
3904,"pollein",-0.067859374867151,0.703771015057069,0.234685219752248,0.764296623112167,FALSE,FALSE,FALSE,FALSE,FALSE,FALSE
3905,"pollein",-0.0131225839210067,0.83476072577551,0.430001696928559,0.800610894281351,FALSE,FALSE,FALSE,FALSE,FALSE,FALSE
3906,"pollein",-0.0111707511837178,1.33588621946413,0.438146954013236,0.912438486339725,FALSE,TRUE,FALSE,FALSE,FALSE,FALSE
3907,"pollein",-0.000272633029860359,1.67034614680982,0.486170032241643,0.958934328864755,FALSE,TRUE,FALSE,FALSE,TRUE,FALSE
3908,"pollein",-0.0173226091084082,1.77122479853924,0.413371797047344,0.968267435940947,FALSE,TRUE,FALSE,FALSE,TRUE,FALSE
3909,"pollein",0.0035090146317085,1.86557216279059,0.501272696419481,0.974206685898524,FALSE,TRUE,FALSE,FALSE,TRUE,FALSE
3910,"pollein",0.0681431233620202,0.490569263691995,0.750042423213983,0.691498387917869,FALSE,FALSE,FALSE,FALSE,FALSE,FALSE
3911,"pollein",0.024440596892001,0.586885506041086,0.585610045817071,0.725606651959952,FALSE,FALSE,FALSE,FALSE,FALSE,FALSE
3912,"pollein",0.144821600046704,0.778057955252883,0.915323264890548,0.785508230103513,TRUE,FALSE,FALSE,FALSE,FALSE,FALSE
3913,"pollein",0.0861199307020613,1.58266278438935,0.803835058544035,0.94909214322077,FALSE,TRUE,FALSE,FALSE,FALSE,FALSE
3914,"pollein",0.179641905368305,1.68808486712565,0.947904293229255,0.961310028847785,TRUE,TRUE,TRUE,FALSE,TRUE,FALSE
3915,"pollein",0.0856249329278942,0.877360364475569,0.802307822840658,0.809095537077889,FALSE,FALSE,FALSE,FALSE,FALSE,FALSE
3916,"pollein",0.0879132834669711,0.427042758485361,0.807568301374512,0.670117088070592,FALSE,FALSE,FALSE,FALSE,FALSE,FALSE
3917,"pollein",0.0415724034960938,0.207637185405181,0.652808416765654,0.575089088749364,FALSE,FALSE,FALSE,FALSE,FALSE,FALSE
3918,"pollein",0.074354536711315,0.431227636035071,0.768708637366367,0.671304938062108,FALSE,FALSE,FALSE,FALSE,FALSE,FALSE
3919,"pollein",0.0286021647267063,1.39109521305103,0.604106567113525,0.921601900559986,FALSE,TRUE,FALSE,FALSE,FALSE,FALSE
3920,"pollein",-0.0806775600726493,1.03505546265063,0.199728491430511,0.846767351094519,FALSE,FALSE,FALSE,FALSE,FALSE,FALSE
3921,"pollein",0.00805817988974233,1.05654868157251,0.52112676056338,0.852367215340234,FALSE,FALSE,FALSE,FALSE,FALSE,FALSE
3922,"pollein",0.0322177012089035,0.717404841124708,0.619209231291363,0.768199558798575,FALSE,FALSE,FALSE,FALSE,FALSE,FALSE
3923,"pollein",0.0176255854937377,0.746165644936842,0.560325810283387,0.776514508739182,FALSE,FALSE,FALSE,FALSE,FALSE,FALSE
3924,"pollein",0.0698800611838841,0.975246043276937,0.754793823180044,0.835397929747158,FALSE,FALSE,FALSE,FALSE,FALSE,FALSE
3925,"pollein",0.00337565029655629,1.56355749655159,0.500763617851688,0.947225521805532,FALSE,TRUE,FALSE,FALSE,FALSE,FALSE
3926,"pollein",0.084585881589307,1.70572276649478,0.797217037162735,0.963516035974885,FALSE,TRUE,FALSE,FALSE,TRUE,FALSE
3927,"pollein",0.0532211138050886,0.971439675027043,0.695231630748345,0.83370100118785,FALSE,FALSE,FALSE,FALSE,FALSE,FALSE
3928,"pollein",-0.00389317681828238,0.448444124196,0.471576446631597,0.679110809434923,FALSE,FALSE,FALSE,FALSE,FALSE,FALSE
3929,"pollein",0.0178274878978169,0.240060657089124,0.56100458170711,0.589173595791617,FALSE,FALSE,FALSE,FALSE,FALSE,FALSE
3930,"pollein",0.0429505920038729,0.963129118990321,0.657559816731716,0.83149499406075,FALSE,FALSE,FALSE,FALSE,FALSE,FALSE
3931,"pollein",0.0325192432620298,1.31892570208725,0.620057695571016,0.907856779229594,FALSE,TRUE,FALSE,FALSE,FALSE,FALSE
3932,"pollein",-0.0735865704611705,0.787341682364878,0.218225012726964,0.788562701510266,FALSE,FALSE,FALSE,FALSE,FALSE,FALSE
3933,"pollein",-0.063393554996777,1.25471958560701,0.249109112506363,0.89580858645851,FALSE,FALSE,FALSE,FALSE,FALSE,FALSE
3934,"pollein",-0.0136434708340314,0.911564279685444,0.427795689801459,0.816901408450704,FALSE,FALSE,FALSE,FALSE,FALSE,FALSE
3935,"pollein",-0.0182711321756219,0.837394568687135,0.409638554216867,0.801289665705074,FALSE,FALSE,FALSE,FALSE,FALSE,FALSE
3936,"pollein",0.0294154356646903,1.04163386319212,0.608179195655863,0.848464279653827,FALSE,FALSE,FALSE,FALSE,FALSE,FALSE
3937,"pollein",-0.00107043244986471,1.52116691124263,0.482097403699304,0.941795350415747,FALSE,TRUE,FALSE,FALSE,FALSE,FALSE
3938,"pollein",0.0593876586655036,1.41405276637277,0.71627354488376,0.925504836246394,FALSE,TRUE,FALSE,FALSE,FALSE,FALSE
3939,"pollein",-0.0309278230759364,0.704188549144703,0.361276090276599,0.764636008824028,FALSE,FALSE,FALSE,FALSE,FALSE,FALSE
3940,"pollein",-0.00295007511045675,0.262918763625878,0.476327846597658,0.599864245715255,FALSE,FALSE,FALSE,FALSE,FALSE,FALSE
3941,"pollein",0.022396634137106,0.456933397627279,0.579501103003564,0.682334973697607,FALSE,FALSE,FALSE,FALSE,FALSE,FALSE
3942,"pollein",-0.0355435138095306,0.45278717583563,0.3414220261327,0.681316816562023,FALSE,FALSE,FALSE,FALSE,FALSE,FALSE
3943,"pollein",0.027128647775001,1.08913452796231,0.598167317155948,0.861700322416426,FALSE,FALSE,FALSE,FALSE,FALSE,FALSE
3944,"pollein",-0.0822673626360046,0.95141908801261,0.194977091464449,0.829119294077719,FALSE,FALSE,FALSE,FALSE,FALSE,FALSE
3945,"pollein",-0.0275684861823962,1.16684485320994,0.374172747327338,0.880027150856949,FALSE,FALSE,FALSE,FALSE,FALSE,FALSE
3946,"pollein",0.104787495550788,0.498158067650192,0.850839979636857,0.694892245036484,FALSE,FALSE,FALSE,FALSE,FALSE,FALSE
3947,"pollein",0.0663645277127713,0.726208144558369,0.743254708976752,0.771084337349398,FALSE,FALSE,FALSE,FALSE,FALSE,FALSE
3948,"pollein",0.126248262045332,1.05685638327316,0.889699643645003,0.852536908196165,FALSE,FALSE,FALSE,FALSE,FALSE,FALSE
3949,"pollein",0.0598410582022488,1.38910461487893,0.717970473443068,0.920753436280333,FALSE,TRUE,FALSE,FALSE,FALSE,FALSE
3950,"pollein",0.172501959420945,1.57160794292851,0.941795350415747,0.948073986085186,TRUE,TRUE,TRUE,FALSE,FALSE,FALSE
3951,"pollein",0.229839475011156,1.11239350057391,0.967588664517224,0.867978958085865,TRUE,FALSE,FALSE,TRUE,FALSE,FALSE
3952,"pollein",0.0613177736381783,0.104929877215229,0.725436959104022,0.533684031902257,FALSE,FALSE,FALSE,FALSE,FALSE,FALSE
3953,"pollein",0.100284933104749,0.131215292663554,0.839300865433565,0.544035296114034,FALSE,FALSE,FALSE,FALSE,FALSE,FALSE
3954,"pollein",-0.0701421299822318,0.564324933351644,0.228236891226879,0.717631087731207,FALSE,FALSE,FALSE,FALSE,FALSE,FALSE
3955,"pont saint martin",0.0138551584959661,-0.604736393853619,0.543865603258103,0.247581876802987,FALSE,FALSE,FALSE,FALSE,FALSE,FALSE
3956,"pont saint martin",-0.0405303639801406,-0.399217126944644,0.323604276259969,0.318852876293908,FALSE,FALSE,FALSE,FALSE,FALSE,FALSE
3957,"pont saint martin",0.0292600250600952,0.231175849489777,0.607330731376209,0.58544035296114,FALSE,FALSE,FALSE,FALSE,FALSE,FALSE
3958,"pont saint martin",-0.0052765779865549,0.581948454047867,0.464788732394366,0.723909723400645,FALSE,FALSE,FALSE,FALSE,FALSE,FALSE
3959,"pont saint martin",0.0705796162934043,0.574229234032808,0.757339216019006,0.721364330561683,FALSE,FALSE,FALSE,FALSE,FALSE,FALSE
3960,"pont saint martin",-0.05818601316642,0.154388521888816,0.264211776684202,0.553368403190226,FALSE,FALSE,FALSE,FALSE,FALSE,FALSE
3961,"pont saint martin",-0.067982221515285,-0.616497061657457,0.234176141184456,0.24384863397251,FALSE,FALSE,FALSE,FALSE,FALSE,FALSE
3962,"pont saint martin",-0.0748939463796994,-0.419415342434306,0.213473612760903,0.312065162056677,FALSE,FALSE,FALSE,FALSE,FALSE,FALSE
3963,"pont saint martin",0.0666441675650677,-0.017091911489916,0.744442558968267,0.48124893941965,FALSE,FALSE,FALSE,FALSE,FALSE,FALSE
3964,"pont saint martin",0.0297802796478557,-0.0520903482746732,0.609197352791447,0.465806889529951,FALSE,FALSE,FALSE,FALSE,FALSE,FALSE
3965,"pont saint martin",-0.139797982450133,-0.170669310900573,0.0980824707279823,0.414050568471067,FALSE,FALSE,FALSE,FALSE,FALSE,FALSE
3966,"pont saint martin",-0.124537420709618,0.0687222191373614,0.11539114203292,0.51671474630918,FALSE,FALSE,FALSE,FALSE,FALSE,FALSE
3967,"pont saint martin",0.059281577630772,0.623974000230254,0.715934159171899,0.739691159002206,FALSE,FALSE,FALSE,FALSE,FALSE,FALSE
3968,"pont saint martin",0.0305677110816589,0.669808495543522,0.613100288477855,0.755133208891906,FALSE,FALSE,FALSE,FALSE,FALSE,FALSE
3969,"pont saint martin",0.102496522358704,-0.155790914662393,0.845579501103004,0.420329204140506,FALSE,FALSE,FALSE,FALSE,FALSE,FALSE
3970,"pont saint martin",0.059659081927915,-0.133357481691778,0.716952316307483,0.431698625487867,FALSE,FALSE,FALSE,FALSE,FALSE,FALSE
3971,"pont saint martin",0.144145644676071,0.130338394020213,0.914644493466825,0.543017138978449,TRUE,FALSE,FALSE,FALSE,FALSE,FALSE
3972,"pont saint martin",0.0242538795219591,-0.200735375379618,0.584422195825556,0.402511454267775,FALSE,FALSE,FALSE,FALSE,FALSE,FALSE
3973,"pont saint martin",-0.000131790718667091,0.046004170763405,0.486679110809435,0.506872560665196,FALSE,FALSE,FALSE,FALSE,FALSE,FALSE
3974,"pont saint martin",0.0367052493061593,0.349731588088516,0.636008824028508,0.637366366875954,FALSE,FALSE,FALSE,FALSE,FALSE,FALSE
3975,"pont saint martin",0.151661195500591,0.558885500776076,0.921601900559986,0.715255387748176,TRUE,FALSE,FALSE,FALSE,FALSE,FALSE
3976,"pont saint martin",0.118553790771932,0.359683438330891,0.87799083658578,0.64296623112167,FALSE,FALSE,FALSE,FALSE,FALSE,FALSE
3977,"pont saint martin",-0.11087778560492,0.395106395985568,0.135923977600543,0.6563719667402,FALSE,FALSE,FALSE,FALSE,FALSE,FALSE
3978,"pont saint martin",-0.068746526281279,-0.0702575073731683,0.231800441201425,0.456982861021551,FALSE,FALSE,FALSE,FALSE,FALSE,FALSE
3979,"pont saint martin",0.066208108982277,-0.863958697347244,0.742915323264891,0.178347191583234,FALSE,FALSE,FALSE,FALSE,FALSE,FALSE
3980,"pont saint martin",0.0213327943719896,0.0524582777478472,0.575937553029018,0.509417953504158,FALSE,FALSE,FALSE,FALSE,FALSE,FALSE
3981,"pont saint martin",0.111955482514505,0.419199889821432,0.865942643814695,0.665874766672323,FALSE,FALSE,FALSE,FALSE,FALSE,FALSE
3982,"pont saint martin",0.0602420147774598,0.526323401706908,0.720176480570168,0.70507381639233,FALSE,FALSE,FALSE,FALSE,FALSE,FALSE
3983,"pont saint martin",0.0769610246685506,0.50255820056395,0.777193280162905,0.696928559307653,FALSE,FALSE,FALSE,FALSE,FALSE,FALSE
3984,"pont saint martin",-0.0107516241245094,0.28237496759457,0.439674189716613,0.608348888511794,FALSE,FALSE,FALSE,FALSE,FALSE,FALSE
3985,"pont saint martin",-0.0792729497900879,0.0139541647672226,0.203292041405057,0.493297132190735,FALSE,FALSE,FALSE,FALSE,FALSE,FALSE
3986,"pont saint martin",-0.0770178056516357,0.443450535660037,0.20838282708298,0.676904802307823,FALSE,FALSE,FALSE,FALSE,FALSE,FALSE
3987,"pont saint martin",0.0821911559191726,0.700403172925868,0.792126251484813,0.763448158832513,FALSE,FALSE,FALSE,FALSE,FALSE,FALSE
3988,"pont saint martin",-0.027135854985481,0.815874152963302,0.375869675886645,0.795180722891566,FALSE,FALSE,FALSE,FALSE,FALSE,FALSE
3989,"pont saint martin",-0.106946511657187,0.754699782568139,0.143560156117427,0.778550823010351,FALSE,FALSE,FALSE,FALSE,FALSE,FALSE
3990,"pont saint martin",-0.13179590404155,0.759533797424905,0.106058034956728,0.78058713728152,FALSE,FALSE,FALSE,FALSE,FALSE,FALSE
3991,"pont saint martin",-0.035126720518635,-0.670727275803505,0.342779568980146,0.228067198370949,FALSE,FALSE,FALSE,FALSE,FALSE,FALSE
3992,"pont saint martin",-0.0403792039943021,-0.520768121992194,0.323943661971831,0.27490242660784,FALSE,FALSE,FALSE,FALSE,FALSE,FALSE
3993,"pont saint martin",0.0821418916420775,-0.247846147001135,0.791786865772951,0.378584761581537,FALSE,FALSE,FALSE,FALSE,FALSE,FALSE
3994,"pont saint martin",-0.0211229277198779,0.680477681892207,0.398608518581368,0.757508908874936,FALSE,FALSE,FALSE,FALSE,FALSE,FALSE
3995,"pont saint martin",0.102193380577232,0.938692436022672,0.844561343967419,0.824537586967589,FALSE,FALSE,FALSE,FALSE,FALSE,FALSE
3996,"pont saint martin",-0.0630773064832759,0.164261712415674,0.250127269641948,0.557271338876633,FALSE,FALSE,FALSE,FALSE,FALSE,FALSE
3997,"pont saint martin",-0.0822678036837736,-0.259961429852114,0.194807398608519,0.374003054471407,FALSE,FALSE,FALSE,FALSE,FALSE,FALSE
3998,"pont saint martin",-0.0648793053891552,-0.335983247088335,0.24384863397251,0.341591718988631,FALSE,FALSE,FALSE,FALSE,FALSE,FALSE
3999,"pont saint martin",0.093606446395988,-0.343001689723531,0.822501272696419,0.339385711861531,FALSE,FALSE,FALSE,FALSE,FALSE,FALSE
4000,"pont saint martin",-0.0332140427829319,0.437607681122045,0.351264211776684,0.674868488036654,FALSE,FALSE,FALSE,FALSE,FALSE,FALSE
4001,"pont saint martin",-0.147050750370354,-0.111071309948164,0.0916341422026133,0.441540811131851,FALSE,FALSE,FALSE,FALSE,FALSE,FALSE
4002,"pont saint martin",-0.0801657833984795,0.0105424448427473,0.200576955710165,0.491769896487358,FALSE,FALSE,FALSE,FALSE,FALSE,FALSE
4003,"pont saint martin",0.0658477152885801,-0.330483978594088,0.741727473273375,0.343458340403869,FALSE,FALSE,FALSE,FALSE,FALSE,FALSE
4004,"pont saint martin",0.0295105017454897,-0.307277849436166,0.608348888511794,0.352112676056338,FALSE,FALSE,FALSE,FALSE,FALSE,FALSE
4005,"pont saint martin",0.0981989367881475,0.209329570813292,0.832343458340404,0.575428474461225,FALSE,FALSE,FALSE,FALSE,FALSE,FALSE
4006,"pont saint martin",-0.00483713974185029,0.660241007072413,0.466994739521466,0.751230273205498,FALSE,FALSE,FALSE,FALSE,FALSE,FALSE
4007,"pont saint martin",0.0754390985651927,0.603715064660752,0.77159341591719,0.732903444764975,FALSE,FALSE,FALSE,FALSE,FALSE,FALSE
4008,"pont saint martin",0.000548482663688787,0.20350918713895,0.488885117936535,0.573052774478194,FALSE,FALSE,FALSE,FALSE,FALSE,FALSE
4009,"pont saint martin",-0.0103061053951023,-0.373329471209864,0.44120142541999,0.327507211946377,FALSE,FALSE,FALSE,FALSE,FALSE,FALSE
4010,"pont saint martin",-0.0408612527294334,-0.533947629541428,0.321907347700662,0.270320719497709,FALSE,FALSE,FALSE,FALSE,FALSE,FALSE
4011,"pont saint martin",0.145105238014112,0.0702208209668401,0.915492957746479,0.517563210588834,TRUE,FALSE,FALSE,FALSE,FALSE,FALSE
4012,"pont saint martin",0.0896511556330086,0.364699725501764,0.812150008484643,0.64517223824877,FALSE,FALSE,FALSE,FALSE,FALSE,FALSE
4013,"pont saint martin",-0.0490187655236323,-0.235385339647211,0.293568640760224,0.384863397250976,FALSE,FALSE,FALSE,FALSE,FALSE,FALSE
4014,"pont saint martin",-0.0681958577275896,0.360852226768721,0.234006448328525,0.643475309689462,FALSE,FALSE,FALSE,FALSE,FALSE,FALSE
4015,"pont saint martin",0.0673416070035113,-0.261173511502069,0.746818258951298,0.373154590191753,FALSE,FALSE,FALSE,FALSE,FALSE,FALSE
4016,"pont saint martin",0.0197362219883388,-0.287079972595315,0.569998303071441,0.360767011708807,FALSE,FALSE,FALSE,FALSE,FALSE,FALSE
4017,"pont saint martin",0.0483327910110045,-0.14406858126521,0.676395723740031,0.427286611233667,FALSE,FALSE,FALSE,FALSE,FALSE,FALSE
4018,"pont saint martin",0.026421122262267,0.624564571030759,0.59426438146954,0.740030544714067,FALSE,FALSE,FALSE,FALSE,FALSE,FALSE
4019,"pont saint martin",0.108367053476552,0.379909812161169,0.85813677244188,0.650602409638554,FALSE,FALSE,FALSE,FALSE,FALSE,FALSE
4020,"pont saint martin",-0.0252934787859758,-0.0904565108148635,0.38146954013236,0.450364839640251,FALSE,FALSE,FALSE,FALSE,FALSE,FALSE
4021,"pont saint martin",0.0818478446126729,-0.414200973677518,0.791108094349228,0.313931783471916,FALSE,FALSE,FALSE,FALSE,FALSE,FALSE
4022,"pont saint martin",0.028614887584677,-0.287212106423116,0.604445952825386,0.360427625996946,FALSE,FALSE,FALSE,FALSE,FALSE,FALSE
4023,"pont saint martin",0.0788523570699873,-0.43068702747594,0.782962837264551,0.309010690649924,FALSE,FALSE,FALSE,FALSE,FALSE,FALSE
4024,"pont saint martin",0.0216437743150291,-0.206270241153245,0.577295095876464,0.399287290005091,FALSE,FALSE,FALSE,FALSE,FALSE,FALSE
4025,"pont saint martin",-0.104028788418873,-0.168960447131748,0.148311556083489,0.41455964703886,FALSE,FALSE,FALSE,FALSE,FALSE,FALSE
4026,"pont saint martin",-0.0788984757910924,0.0128010418350977,0.204140505684711,0.492788053622942,FALSE,FALSE,FALSE,FALSE,FALSE,FALSE
4027,"pont saint martin",-0.358409216551964,-0.457761562415397,0.0178177498727304,0.298320040726285,FALSE,FALSE,FALSE,FALSE,FALSE,FALSE
4028,"pont saint martin",-0.0741321164144377,-0.318525977673696,0.216019005599864,0.348379433225861,FALSE,FALSE,FALSE,FALSE,FALSE,FALSE
4029,"pont saint martin",-0.0936405209203954,0.00559062216975261,0.170880705922281,0.49007296792805,FALSE,FALSE,FALSE,FALSE,FALSE,FALSE
4030,"pont saint martin",-0.160639354152378,0.343602189990922,0.0807737994230443,0.635160359748855,FALSE,FALSE,FALSE,FALSE,FALSE,FALSE
4031,"pont saint martin",-0.110119591097142,0.547099020393543,0.137111827592058,0.709994909214322,FALSE,FALSE,FALSE,FALSE,FALSE,FALSE
4032,"pont saint martin",-0.0482478441590626,0.220254361473642,0.297471576446632,0.579670795859494,FALSE,FALSE,FALSE,FALSE,FALSE,FALSE
4033,"pont saint martin",-0.20280923974264,-0.791712393213924,0.057865263872391,0.197013405735619,FALSE,FALSE,FALSE,FALSE,FALSE,FALSE
4034,"pont saint martin",-0.246667595971012,-0.809980753900318,0.0395384354318683,0.192601391481419,FALSE,FALSE,FALSE,FALSE,FALSE,FALSE
4035,"pont saint martin",-0.184764957897706,-0.363956068724723,0.06651959952486,0.331070761920923,FALSE,FALSE,FALSE,FALSE,FALSE,FALSE
4036,"pontboset",0.0720309779384323,-0.0331412711970075,0.760902765993552,0.471746139487528,FALSE,FALSE,FALSE,FALSE,FALSE,FALSE
4037,"pontboset",-0.0304861921950614,0.228495615245287,0.362294247412184,0.584252502969625,FALSE,FALSE,FALSE,FALSE,FALSE,FALSE
4038,"pontboset",0.0348281693973025,0.352468346875582,0.62973018835907,0.638723909723401,FALSE,FALSE,FALSE,FALSE,FALSE,FALSE
4039,"pontboset",0.00658207473533601,0.467849036437522,0.51450873918208,0.685728830816223,FALSE,FALSE,FALSE,FALSE,FALSE,FALSE
4040,"pontboset",0.0576739900446999,0.40401087155241,0.710673680638045,0.660105209570677,FALSE,FALSE,FALSE,FALSE,FALSE,FALSE
4041,"pontboset",-0.0572979000314682,0.371448926839555,0.266757169523163,0.647887323943662,FALSE,FALSE,FALSE,FALSE,FALSE,FALSE
4042,"pontboset",-0.0100062284360458,-0.106079855307187,0.443577125403021,0.44340743254709,FALSE,FALSE,FALSE,FALSE,FALSE,FALSE
4043,"pontboset",0.0497626252412378,0.223225671479521,0.679789580858646,0.581198031562871,FALSE,FALSE,FALSE,FALSE,FALSE,FALSE
4044,"pontboset",0.0249760428274026,-0.0095678351111434,0.589003902935686,0.483115560834889,FALSE,FALSE,FALSE,FALSE,FALSE,FALSE
4045,"pontboset",0.073931938188581,0.238754569142889,0.767520787374852,0.588664517223825,FALSE,FALSE,FALSE,FALSE,FALSE,FALSE
4046,"pontboset",-0.104019006848004,0.0642415476075265,0.14865094179535,0.51450873918208,FALSE,FALSE,FALSE,FALSE,FALSE,FALSE
4047,"pontboset",-0.0867828836324254,0.71318576558096,0.184625827252673,0.766842015951128,FALSE,FALSE,FALSE,FALSE,FALSE,FALSE
4048,"pontboset",-0.0116238897820349,1.31507741907083,0.435940946886136,0.906499236382148,FALSE,TRUE,FALSE,FALSE,FALSE,FALSE
4049,"pontboset",-0.0777562638292224,1.24453079999418,0.20617681995588,0.89360257933141,FALSE,FALSE,FALSE,FALSE,FALSE,FALSE
4050,"pontboset",0.0109080184750496,0.781979899443546,0.533005260478534,0.786865772950959,FALSE,FALSE,FALSE,FALSE,FALSE,FALSE
4051,"pontboset",-0.036458960014599,-0.523487453227961,0.337688783302223,0.274223655184117,FALSE,FALSE,FALSE,FALSE,FALSE,FALSE
4052,"pontboset",-0.00823269947593808,-0.743109268903691,0.451722382487697,0.209400984218564,FALSE,FALSE,FALSE,FALSE,FALSE,FALSE
4053,"pontboset",-0.0497071126060078,0.0948979718300685,0.290344476497539,0.529611403359919,FALSE,FALSE,FALSE,FALSE,FALSE,FALSE
4054,"pontboset",0.0657126944174209,0.894175658845145,0.741048701849652,0.813168165620227,FALSE,FALSE,FALSE,FALSE,FALSE,FALSE
4055,"pontboset",0.0618715023724583,0.973690554017791,0.728491430510775,0.834719158323435,FALSE,FALSE,FALSE,FALSE,FALSE,FALSE
4056,"pontboset",-0.0447685021955095,0.928595927316628,0.310028847785508,0.822501272696419,FALSE,FALSE,FALSE,FALSE,FALSE,FALSE
4057,"pontboset",0.0945349309586749,0.922142504843934,0.825216358391312,0.82046495842525,FALSE,FALSE,FALSE,FALSE,FALSE,FALSE
4058,"pontboset",-0.306053501049586,0.415276832879798,0.0266417783811302,0.664347530968946,FALSE,FALSE,FALSE,FALSE,FALSE,FALSE
4059,"pontboset",-0.145744519949053,-0.945971938494768,0.0931613779059902,0.15526896317665,FALSE,FALSE,FALSE,FALSE,FALSE,FALSE
4060,"pontboset",-0.0154736486714704,-1.88704811043312,0.42117766842016,0.0422535211267606,FALSE,FALSE,FALSE,FALSE,FALSE,FALSE
4061,"pontboset",-0.139177815953701,-0.447555920705284,0.0989309350076362,0.302053283556762,FALSE,FALSE,FALSE,FALSE,FALSE,FALSE
4062,"pontboset",0.027317724582316,-0.136776946776145,0.600033938571186,0.430341082640421,FALSE,FALSE,FALSE,FALSE,FALSE,FALSE
4063,"pontboset",0.0145184385392643,-0.907493636700974,0.546410996097064,0.165280841676565,FALSE,FALSE,FALSE,FALSE,FALSE,FALSE
4064,"pontboset",0.0189894478156738,0.121961326683644,0.566095367385033,0.539283896147972,FALSE,FALSE,FALSE,FALSE,FALSE,FALSE
4065,"pontboset",-0.0997078912005485,0.669167705649649,0.158323434583404,0.754624130324113,FALSE,FALSE,FALSE,FALSE,FALSE,FALSE
4066,"pontboset",-0.0763899937893573,0.667933911122362,0.21058883421008,0.754115051756321,FALSE,FALSE,FALSE,FALSE,FALSE,FALSE
4067,"pontboset",0.00641446086222963,0.887494165775986,0.514169353470219,0.811640929916851,FALSE,FALSE,FALSE,FALSE,FALSE,FALSE
4068,"pontboset",-0.156805645452234,0.700758131729051,0.0834888851179365,0.763617851688444,FALSE,FALSE,FALSE,FALSE,FALSE,FALSE
4069,"pontboset",0.0038372868954486,1.15304348997635,0.50330901069065,0.876463600882403,FALSE,FALSE,FALSE,FALSE,FALSE,FALSE
4070,"pontboset",-0.127223526769246,0.685269084050682,0.111318513490582,0.758866451722383,FALSE,FALSE,FALSE,FALSE,FALSE,FALSE
4071,"pontboset",-0.042662770910427,1.39900062192723,0.315628712031224,0.922959443407433,FALSE,TRUE,FALSE,FALSE,FALSE,FALSE
4072,"pontboset",-0.00146151667905059,0.168478906402088,0.480570167995927,0.559307653147803,FALSE,FALSE,FALSE,FALSE,FALSE,FALSE
4073,"pontboset",-0.0163696553800179,0.0650238615337067,0.41693534702189,0.514848124893942,FALSE,FALSE,FALSE,FALSE,FALSE,FALSE
4074,"pontboset",0.0780229446121723,0.0330776609696167,0.780078058713728,0.501442389275412,FALSE,FALSE,FALSE,FALSE,FALSE,FALSE
4075,"pontboset",0.0476852358708797,0.889611701143071,0.674189716612931,0.812319701340574,FALSE,FALSE,FALSE,FALSE,FALSE,FALSE
4076,"pontboset",-0.0112987752492995,0.600471907326184,0.437807568301375,0.731206516205668,FALSE,FALSE,FALSE,FALSE,FALSE,FALSE
4077,"pontboset",-0.0573279557896456,0.0960678163450136,0.266417783811302,0.530629560495503,FALSE,FALSE,FALSE,FALSE,FALSE,FALSE
4078,"pontboset",0.0271809333913229,0.0859478137009496,0.599355167147463,0.524690310537926,FALSE,FALSE,FALSE,FALSE,FALSE,FALSE
4079,"pontboset",0.0313366813672751,-0.0277493095270911,0.61649414559647,0.474970303750212,FALSE,FALSE,FALSE,FALSE,FALSE,FALSE
4080,"pontboset",-0.0498845961579253,-0.153173755039328,0.289835397929747,0.422026132699813,FALSE,FALSE,FALSE,FALSE,FALSE,FALSE
4081,"pontboset",-0.0125515659086712,0.638231226635671,0.431698625487867,0.746818258951298,FALSE,FALSE,FALSE,FALSE,FALSE,FALSE
4082,"pontboset",-0.111924071773535,-0.49391170697101,0.133717970473443,0.285083997963686,FALSE,FALSE,FALSE,FALSE,FALSE,FALSE
4083,"pontboset",0.0353099530786434,0.200617749334377,0.632614966909893,0.57203461734261,FALSE,FALSE,FALSE,FALSE,FALSE,FALSE
4084,"pontboset",-0.0301662764724906,-0.0884231219476466,0.36365179025963,0.451213303919905,FALSE,FALSE,FALSE,FALSE,FALSE,FALSE
4085,"pontboset",-0.0678237473873455,0.0842615355061522,0.23502460546411,0.522653996266757,FALSE,FALSE,FALSE,FALSE,FALSE,FALSE
4086,"pontboset",-0.0137826036893109,0.129011095375745,0.427456304089598,0.542508060410657,FALSE,FALSE,FALSE,FALSE,FALSE,FALSE
4087,"pontboset",0.189679315282564,0.549602523878502,0.954861700322416,0.711182759205837,TRUE,FALSE,FALSE,TRUE,FALSE,FALSE
4088,"pontboset",0.071402705696153,0.382115694119394,0.759375530290175,0.651111488206347,FALSE,FALSE,FALSE,FALSE,FALSE,FALSE
4089,"pontboset",-0.0348804866000627,0.327770181256974,0.343967418971661,0.629221109791278,FALSE,FALSE,FALSE,FALSE,FALSE,FALSE
4090,"pontboset",-0.0230273708346438,0.241090352495108,0.390802647208553,0.589682674359409,FALSE,FALSE,FALSE,FALSE,FALSE,FALSE
4091,"pontboset",0.0367192640763641,-0.0184637587886792,0.63634820974037,0.480230782284066,FALSE,FALSE,FALSE,FALSE,FALSE,FALSE
4092,"pontboset",-0.0186007155338022,0.115172946502398,0.408959782793144,0.535720346173426,FALSE,FALSE,FALSE,FALSE,FALSE,FALSE
4093,"pontboset",0.0645707998716638,0.740061009788088,0.738503309010691,0.773969115900221,FALSE,FALSE,FALSE,FALSE,FALSE,FALSE
4094,"pontboset",-0.126565795028814,-0.171684937222124,0.112336670626167,0.413371797047344,FALSE,FALSE,FALSE,FALSE,FALSE,FALSE
4095,"pontboset",-0.0273724531526405,0.530571573555556,0.375530290174784,0.706091973527915,FALSE,FALSE,FALSE,FALSE,FALSE,FALSE
4096,"pontboset",-0.00253417368412912,0.193127185251473,0.477515696589174,0.569319531647718,FALSE,FALSE,FALSE,FALSE,FALSE,FALSE
4097,"pontboset",-0.102301326580065,0.0959031571290734,0.152384184625827,0.530290174783642,FALSE,FALSE,FALSE,FALSE,FALSE,FALSE
4098,"pontboset",-0.00796186870803162,0.0692985906035371,0.453589003902936,0.517223824876973,FALSE,FALSE,FALSE,FALSE,FALSE,FALSE
4099,"pontboset",-0.0902255828752612,0.3292459048527,0.178686577295096,0.630239266926862,FALSE,FALSE,FALSE,FALSE,FALSE,FALSE
4100,"pontboset",0.0383540892273668,0.500715005268652,0.643135923977601,0.696080095027999,FALSE,FALSE,FALSE,FALSE,FALSE,FALSE
4101,"pontboset",-0.109998668571826,0.17628190724581,0.13745121330392,0.563719667402002,FALSE,FALSE,FALSE,FALSE,FALSE,FALSE
4102,"pontboset",0.0212902625587237,0.0802607344624855,0.575598167317156,0.520787374851519,FALSE,FALSE,FALSE,FALSE,FALSE,FALSE
4103,"pontboset",0.0503821956445218,0.372087896062559,0.6828440522654,0.648396402511454,FALSE,FALSE,FALSE,FALSE,FALSE,FALSE
4104,"pontboset",0.00313223950545449,-0.290283619378074,0.499236382148312,0.358730697437638,FALSE,FALSE,FALSE,FALSE,FALSE,FALSE
4105,"pontboset",0.0641346862807346,0.474517573017832,0.736806380451383,0.68742575937553,FALSE,FALSE,FALSE,FALSE,FALSE,FALSE
4106,"pontboset",-0.173931341024995,0.090367080873884,0.0734770066180214,0.526726624809095,FALSE,FALSE,FALSE,FALSE,FALSE,FALSE
4107,"pontboset",-0.0227210077253197,0.616775707645686,0.391481418632276,0.736806380451383,FALSE,FALSE,FALSE,FALSE,FALSE,FALSE
4108,"pontboset",0.0422984672043629,0.0700652679655738,0.655862888172408,0.517393517732903,FALSE,FALSE,FALSE,FALSE,FALSE,FALSE
4109,"pontboset",0.051395557228533,0.0853256652689335,0.688104530799253,0.523672153402342,FALSE,FALSE,FALSE,FALSE,FALSE,FALSE
4110,"pontboset",0.0942167419108575,0.352526197130595,0.823689122687935,0.638893602579331,FALSE,FALSE,FALSE,FALSE,FALSE,FALSE
4111,"pontboset",0.0710293856383775,0.525649959083355,0.758696758866452,0.704564737824538,FALSE,FALSE,FALSE,FALSE,FALSE,FALSE
4112,"pontboset",0.139365649276307,0.912519869862273,0.907517393517733,0.817580179874427,TRUE,FALSE,FALSE,FALSE,FALSE,FALSE
4113,"pontboset",-0.00995978068969627,0.637014601811159,0.443746818258951,0.746309180383506,FALSE,FALSE,FALSE,FALSE,FALSE,FALSE
4114,"pontboset",0.0877103350510922,-0.0595195676887918,0.807228915662651,0.461394875275751,FALSE,FALSE,FALSE,FALSE,FALSE,FALSE
4115,"pontboset",0.117843178489297,-0.0245864403533149,0.877312065162057,0.476836925165451,FALSE,FALSE,FALSE,FALSE,FALSE,FALSE
4116,"pontboset",-0.400782238255385,-0.0828234356556817,0.0144238927541151,0.452740539623282,FALSE,FALSE,FALSE,FALSE,FALSE,FALSE
4117,"pontey",-0.0274263804962374,-0.821995941365682,0.375021211606991,0.18835907008315,FALSE,FALSE,FALSE,FALSE,FALSE,FALSE
4118,"pontey",-0.0742887154515675,-1.11594873499078,0.21517054132021,0.126590870524351,FALSE,FALSE,FALSE,FALSE,FALSE,FALSE
4119,"pontey",-0.0128079718540022,-0.955813792545906,0.430680468352282,0.153402341761412,FALSE,FALSE,FALSE,FALSE,FALSE,FALSE
4120,"pontey",-0.00771721812198578,-0.782778650949643,0.455116239606313,0.199389105718649,FALSE,FALSE,FALSE,FALSE,FALSE,FALSE
4121,"pontey",0.0631945009648582,-0.97807423662112,0.732564059053114,0.149499406075004,FALSE,FALSE,FALSE,FALSE,FALSE,FALSE
4122,"pontey",-0.0527964667114382,-0.783688468677409,0.281011369421347,0.198880027150857,FALSE,FALSE,FALSE,FALSE,FALSE,FALSE
4123,"pontey",-0.052759308354446,-1.60845382463992,0.281181062277278,0.0656711352452062,FALSE,FALSE,FALSE,FALSE,FALSE,FALSE
4124,"pontey",-0.0102486502193706,-0.868686411527562,0.441540811131851,0.176819955879857,FALSE,FALSE,FALSE,FALSE,FALSE,FALSE
4125,"pontey",0.104255618991459,-1.89519538119118,0.848973358221619,0.0415747497030375,FALSE,FALSE,FALSE,FALSE,FALSE,FALSE
4126,"pontey",0.0848944040960617,-1.43404241410056,0.798744272866112,0.0836585779738673,FALSE,FALSE,FALSE,FALSE,FALSE,FALSE
4127,"pontey",-0.0944322921493317,-1.06139609406624,0.168165620227388,0.137281520447989,FALSE,FALSE,FALSE,FALSE,FALSE,FALSE
4128,"pontey",-0.0840712516681172,-0.277538762065037,0.191413541489903,0.365688104530799,FALSE,FALSE,FALSE,FALSE,FALSE,FALSE
4129,"pontey",0.303805920380894,0.425267640176491,0.980485321567962,0.6696080095028,TRUE,FALSE,FALSE,TRUE,FALSE,FALSE
4130,"pontey",0.133894709990424,0.191326120931495,0.900729679280502,0.568640760223995,TRUE,FALSE,FALSE,FALSE,FALSE,FALSE
4131,"pontey",0.167247861332077,-1.8555525232312,0.938740879008994,0.0442898353979297,TRUE,FALSE,FALSE,FALSE,FALSE,FALSE
4132,"pontey",-0.111120360066682,-1.16063416315504,0.13524520617682,0.11980315628712,FALSE,FALSE,FALSE,FALSE,FALSE,FALSE
4133,"pontey",0.0945217591304708,-1.34572455825801,0.825046665535381,0.0923129136263363,FALSE,FALSE,FALSE,FALSE,FALSE,FALSE
4134,"pontey",-0.00585297421173081,-1.26212176132781,0.462922110979128,0.103173256405905,FALSE,FALSE,FALSE,FALSE,FALSE,FALSE
4135,"pontey",0.073930576016398,-0.903137694434177,0.767351094518921,0.166129305956219,FALSE,FALSE,FALSE,FALSE,FALSE,FALSE
4136,"pontey",-0.0408429912796322,-0.140408206397499,0.322077040556593,0.428474461225182,FALSE,FALSE,FALSE,FALSE,FALSE,FALSE
4137,"pontey",0.112635135638103,-1.1120008828625,0.868488036653657,0.128118106227728,FALSE,FALSE,FALSE,FALSE,FALSE,FALSE
4138,"pontey",0.168613443564338,-1.00173629961466,0.939759036144578,0.145257084676735,TRUE,FALSE,FALSE,FALSE,FALSE,FALSE
4139,"pontey",0.0681648428819663,-0.828812908497447,0.750212116069913,0.186662141523842,FALSE,FALSE,FALSE,FALSE,FALSE,FALSE
4140,"pontey",0.218040641893127,-1.93036785501705,0.965043271678262,0.0395384354318683,TRUE,FALSE,FALSE,TRUE,FALSE,FALSE
4141,"pontey",0.0173301446055731,-1.89020121447292,0.557950110300356,0.0420838282708298,FALSE,FALSE,FALSE,FALSE,FALSE,FALSE
4142,"pontey",-0.123635489050756,-2.11540281909394,0.116409299168505,0.0285083997963686,FALSE,FALSE,FALSE,FALSE,FALSE,FALSE
4143,"pontey",0.110956677002331,-1.48513955388979,0.862888172407942,0.0783980994400136,FALSE,FALSE,FALSE,FALSE,FALSE,FALSE
4144,"pontey",0.104617452898058,-0.978737660043092,0.849991515357203,0.149160020363143,FALSE,FALSE,FALSE,FALSE,FALSE,FALSE
4145,"pontey",0.00716653067843076,-2.02849441342475,0.517902596300696,0.0342779568980146,FALSE,FALSE,FALSE,FALSE,FALSE,FALSE
4146,"pontey",-0.123160591959435,-0.581176877491723,0.116918377736297,0.253351433904633,FALSE,FALSE,FALSE,FALSE,FALSE,FALSE
4147,"pontey",-0.127243271336676,-0.74786898397654,0.111148820634651,0.208552519938911,FALSE,FALSE,FALSE,FALSE,FALSE,FALSE
4148,"pontey",-0.0844851789194045,-0.30523777068325,0.190395384354319,0.35262175462413,FALSE,FALSE,FALSE,FALSE,FALSE,FALSE
4149,"pontey",0.134233242301608,-0.560665841864649,0.901578143560156,0.25946037671814,TRUE,FALSE,FALSE,FALSE,FALSE,FALSE
4150,"pontey",0.0626046803658813,-0.274309394752236,0.730867130493806,0.366706261666384,FALSE,FALSE,FALSE,FALSE,FALSE,FALSE
4151,"pontey",-0.0519704432740387,-0.16600624915621,0.28389614797217,0.41676565416596,FALSE,FALSE,FALSE,FALSE,FALSE,FALSE
4152,"pontey",-0.0882415857466068,0.437088367311153,0.181571355845919,0.674529102324792,FALSE,FALSE,FALSE,FALSE,FALSE,FALSE
4153,"pontey",0.0126535779474182,-1.33326752916087,0.539283896147972,0.094009842185644,FALSE,FALSE,FALSE,FALSE,FALSE,FALSE
4154,"pontey",-0.0339043872685281,-1.28329956754197,0.348888511793653,0.0999490921432208,FALSE,FALSE,FALSE,FALSE,FALSE,FALSE
4155,"pontey",0.0414431902124299,-0.884146837297349,0.652299338197862,0.171729170201935,FALSE,FALSE,FALSE,FALSE,FALSE,FALSE
4156,"pontey",0.00853616626078768,-0.415716537729053,0.523502460546411,0.313422704904124,FALSE,FALSE,FALSE,FALSE,FALSE,FALSE
4157,"pontey",0.016918687029257,-0.721968970968401,0.555913796029187,0.214322077040557,FALSE,FALSE,FALSE,FALSE,FALSE,FALSE
4158,"pontey",-0.187931597251234,-0.652882917158121,0.0641438995418293,0.233836755472595,FALSE,FALSE,FALSE,FALSE,FALSE,FALSE
4159,"pontey",-0.12452044993926,-0.622089831164547,0.115560834888851,0.242491091125064,FALSE,FALSE,FALSE,FALSE,FALSE,FALSE
4160,"pontey",-0.0477978467769979,-0.512371033441122,0.299677583573732,0.277617512302732,FALSE,FALSE,FALSE,FALSE,FALSE,FALSE
4161,"pontey",0.0204443330675659,-1.65789052548596,0.57203461734261,0.0605803495672832,FALSE,FALSE,FALSE,FALSE,FALSE,FALSE
4162,"pontey",0.0414688855720975,-0.632978811208087,0.652638723909723,0.239266926862379,FALSE,FALSE,FALSE,FALSE,FALSE,FALSE
4163,"pontey",-0.107752497197042,-0.628928247073633,0.142202613269981,0.240285083997964,FALSE,FALSE,FALSE,FALSE,FALSE,FALSE
4164,"pontey",-0.0449989335074559,-0.437112970574592,0.308331919226201,0.307653147802477,FALSE,FALSE,FALSE,FALSE,FALSE,FALSE
4165,"pontey",-0.0344320698006388,-0.909690817007195,0.346173426098761,0.164602070252842,FALSE,FALSE,FALSE,FALSE,FALSE,FALSE
4166,"pontey",-0.088395240578242,-0.784213378643625,0.181231970134057,0.198540641438995,FALSE,FALSE,FALSE,FALSE,FALSE,FALSE
4167,"pontey",-0.0795347240085427,-0.758406393923834,0.202104191413541,0.205837434244018,FALSE,FALSE,FALSE,FALSE,FALSE,FALSE
4168,"pontey",-0.14756232498747,-0.0536251243649198,0.0909553707788902,0.464788732394366,FALSE,FALSE,FALSE,FALSE,FALSE,FALSE
4169,"pontey",-0.0437327009185484,-0.0715361150633866,0.3127439334804,0.456134396741897,FALSE,FALSE,FALSE,FALSE,FALSE,FALSE
4170,"pontey",-0.0937126477200128,-0.67444815787226,0.170541320210419,0.226030884099779,FALSE,FALSE,FALSE,FALSE,FALSE,FALSE
4171,"pontey",-0.0362231814516853,-1.22191231791474,0.338367554725946,0.109451892075344,FALSE,FALSE,FALSE,FALSE,FALSE,FALSE
4172,"pontey",0.00585721381083815,-1.14910511622169,0.510775496351604,0.120991006278636,FALSE,FALSE,FALSE,FALSE,FALSE,FALSE
4173,"pontey",0.071430707303902,-1.02955040392523,0.759545223146106,0.14186322755812,FALSE,FALSE,FALSE,FALSE,FALSE,FALSE
4174,"pontey",0.0972094869575422,-0.402107297838796,0.830137451213304,0.318004412014254,FALSE,FALSE,FALSE,FALSE,FALSE,FALSE
4175,"pontey",-0.0355171547690336,-0.679156695883037,0.341591718988631,0.224503648396403,FALSE,FALSE,FALSE,FALSE,FALSE,FALSE
4176,"pontey",-0.0262282714508366,-0.332460727252692,0.37909384014933,0.342949261836077,FALSE,FALSE,FALSE,FALSE,FALSE,FALSE
4177,"pontey",-0.00939958091705329,-0.697536391942164,0.446292211097913,0.220431019854064,FALSE,FALSE,FALSE,FALSE,FALSE,FALSE
4178,"pontey",-0.0177738029036227,-0.903799712179388,0.411844561343967,0.165959613100288,FALSE,FALSE,FALSE,FALSE,FALSE,FALSE
4179,"pontey",-0.017164343392011,-0.81010505557457,0.414050568471067,0.192431698625488,FALSE,FALSE,FALSE,FALSE,FALSE,FALSE
4180,"pontey",-0.0268125588532691,-0.012051586976736,0.37688783302223,0.482267096555235,FALSE,FALSE,FALSE,FALSE,FALSE,FALSE
4181,"pontey",0.0330224895413398,-0.173064112428819,0.622094009842186,0.413202104191414,FALSE,FALSE,FALSE,FALSE,FALSE,FALSE
4182,"pontey",-0.0999832586110863,-0.959355168200539,0.157305277447819,0.152723570337689,FALSE,FALSE,FALSE,FALSE,FALSE,FALSE
4183,"pontey",-0.0478624570145865,-0.882846675436321,0.29933819786187,0.172068555913796,FALSE,FALSE,FALSE,FALSE,FALSE,FALSE
4184,"pontey",-0.0512185429893588,-0.261244399791887,0.286441540811132,0.372984897335822,FALSE,FALSE,FALSE,FALSE,FALSE,FALSE
4185,"pontey",0.0982199460550675,-1.27993267839431,0.832513151196335,0.100797556422875,FALSE,FALSE,FALSE,FALSE,FALSE,FALSE
4186,"pontey",0.0981187271141053,-0.904297866737462,0.832173765484473,0.165789920244358,FALSE,FALSE,FALSE,FALSE,FALSE,FALSE
4187,"pontey",-0.0575549197283287,-0.817801777609866,0.265908705243509,0.19073477006618,FALSE,FALSE,FALSE,FALSE,FALSE,FALSE
4188,"pontey",0.0405705796330178,-0.228879134803119,0.649414559647039,0.38808756151366,FALSE,FALSE,FALSE,FALSE,FALSE,FALSE
4189,"pontey",0.0583287896533999,-0.982428539668481,0.712370609197353,0.14848124893942,FALSE,FALSE,FALSE,FALSE,FALSE,FALSE
4190,"pontey",-0.0247830421061508,-0.758617881915501,0.384184625827253,0.205667741388088,FALSE,FALSE,FALSE,FALSE,FALSE,FALSE
4191,"pontey",0.169234132496831,-0.575939862498176,0.94009842185644,0.254539283896148,TRUE,FALSE,FALSE,FALSE,FALSE,FALSE
4192,"pontey",0.236251836654267,-0.597833715576426,0.969455285932462,0.249278805362294,TRUE,FALSE,FALSE,TRUE,FALSE,FALSE
4193,"pontey",0.157257019407128,-0.229552755161249,0.927371457661632,0.387578482945868,TRUE,FALSE,FALSE,FALSE,FALSE,FALSE
4194,"pontey",0.136520642746154,-0.440242484747113,0.903784150687256,0.305277447819447,TRUE,FALSE,FALSE,FALSE,FALSE,FALSE
4195,"pontey",0.140305787941349,-1.28915916273416,0.908535550653317,0.0992703207194977,TRUE,FALSE,FALSE,FALSE,FALSE,FALSE
4196,"pontey",-0.00631419415610068,-0.813677603586707,0.461394875275751,0.191752927201765,FALSE,FALSE,FALSE,FALSE,FALSE,FALSE
4197,"pontey",0.0977748205914306,-1.62329582743746,0.830985915492958,0.0639742066858985,FALSE,FALSE,FALSE,FALSE,FALSE,FALSE
4198,"pre saint didier",0.00803500561928239,1.21417664754116,0.520787374851519,0.888511793653487,FALSE,FALSE,FALSE,FALSE,FALSE,FALSE
4199,"pre saint didier",-0.020530447615041,1.45973039329115,0.401493297132191,0.931613779059902,FALSE,TRUE,FALSE,FALSE,FALSE,FALSE
4200,"pre saint didier",-0.0494719463682038,1.83453156937849,0.292211097912778,0.972849143051078,FALSE,TRUE,FALSE,FALSE,TRUE,FALSE
4201,"pre saint didier",-0.0520552410571113,1.98776217732048,0.283556762260309,0.98438825725437,FALSE,TRUE,FALSE,FALSE,TRUE,FALSE
4202,"pre saint didier",0.0309058653674477,1.48182270045732,0.614966909893094,0.935347021890378,FALSE,TRUE,FALSE,FALSE,FALSE,FALSE
4203,"pre saint didier",-0.105596405322844,1.20424427713656,0.145257084676735,0.885966400814526,FALSE,FALSE,FALSE,FALSE,FALSE,FALSE
4204,"pre saint didier",0.00478198839524779,0.574685311701498,0.507381639232988,0.721703716273545,FALSE,FALSE,FALSE,FALSE,FALSE,FALSE
4205,"pre saint didier",0.12366877390305,0.647497471704842,0.886305786526387,0.748854573222467,FALSE,FALSE,FALSE,FALSE,FALSE,FALSE
4206,"pre saint didier",0.0345756751021487,1.17597327133715,0.628202952655693,0.881724079416257,FALSE,FALSE,FALSE,FALSE,FALSE,FALSE
4207,"pre saint didier",0.00834963926220667,1.17423262577284,0.522823689122688,0.881554386560326,FALSE,FALSE,FALSE,FALSE,FALSE,FALSE
4208,"pre saint didier",-0.0870233567403513,1.49471035151864,0.184456134396742,0.937213643305617,FALSE,TRUE,FALSE,FALSE,FALSE,FALSE
4209,"pre saint didier",0.0295555869844986,1.75336612512394,0.608518581367724,0.966909893093501,FALSE,TRUE,FALSE,FALSE,TRUE,FALSE
4210,"pre saint didier",0.0214852784073294,2.46352667486816,0.576616324452741,0.995927371457662,FALSE,TRUE,FALSE,FALSE,TRUE,FALSE
4211,"pre saint didier",-0.00778734817474991,2.35689706822143,0.45460716103852,0.994060750042423,FALSE,TRUE,FALSE,FALSE,TRUE,FALSE
4212,"pre saint didier",-0.10397837297967,1.78281171938138,0.148990327507212,0.969115900220601,FALSE,TRUE,FALSE,FALSE,TRUE,FALSE
4213,"pre saint didier",-0.118938078995503,-1.58970882682727,0.123366706261666,0.0668589852367215,FALSE,FALSE,FALSE,FALSE,FALSE,FALSE
4214,"pre saint didier",0.0513265250630823,-0.168089640920793,0.687765145087392,0.415577804174444,FALSE,FALSE,FALSE,FALSE,FALSE,FALSE
4215,"pre saint didier",0.106038542180986,1.24437257865424,0.852706601052096,0.893432886475479,FALSE,FALSE,FALSE,FALSE,FALSE,FALSE
4216,"pre saint didier",-0.0310749808937025,1.4879496351465,0.360767011708807,0.936025793314102,FALSE,TRUE,FALSE,FALSE,FALSE,FALSE
4217,"pre saint didier",0.0395595685401489,1.55047519492507,0.646360088240285,0.945189207534363,FALSE,TRUE,FALSE,FALSE,FALSE,FALSE
4218,"pre saint didier",-0.0630868500672559,1.83414419409419,0.249957576786017,0.972679450195147,FALSE,TRUE,FALSE,FALSE,TRUE,FALSE
4219,"pre saint didier",0.0507988746336334,1.89918484367556,0.6850500593925,0.976752078737485,FALSE,TRUE,FALSE,FALSE,TRUE,FALSE
4220,"pre saint didier",-0.29798396062429,0.593668219262195,0.0285083997963686,0.727642966231122,FALSE,FALSE,FALSE,FALSE,FALSE,FALSE
4221,"pre saint didier",-0.108953342338543,0.479063492954069,0.139148141863228,0.688783302222976,FALSE,FALSE,FALSE,FALSE,FALSE,FALSE
4222,"pre saint didier",-0.0109120787653154,0.316770891745451,0.43899541829289,0.623960631257424,FALSE,FALSE,FALSE,FALSE,FALSE,FALSE
4223,"pre saint didier",-0.0963199677173332,0.8882634679916,0.164432377396912,0.811810622772781,FALSE,FALSE,FALSE,FALSE,FALSE,FALSE
4224,"pre saint didier",-0.137326136403203,0.823805171449011,0.100288477855082,0.796877651450874,FALSE,FALSE,FALSE,FALSE,FALSE,FALSE
4225,"pre saint didier",-0.0924636463991853,0.820890096376366,0.173765484473104,0.795859494315289,FALSE,FALSE,FALSE,FALSE,FALSE,FALSE
4226,"pre saint didier",0.0619419168654574,1.2281524951739,0.729000509078568,0.890378415068726,FALSE,FALSE,FALSE,FALSE,FALSE,FALSE
4227,"pre saint didier",-0.0741097392075307,1.67131962446645,0.216358391311726,0.959273714576616,FALSE,TRUE,FALSE,FALSE,TRUE,FALSE
4228,"pre saint didier",0.00140909256835187,1.22192344002211,0.493297132190735,0.889529950789072,FALSE,FALSE,FALSE,FALSE,FALSE,FALSE
4229,"pre saint didier",0.0725844461383023,1.34731491267352,0.762599694552859,0.914305107754964,FALSE,TRUE,FALSE,FALSE,FALSE,FALSE
4230,"pre saint didier",-0.0526198354410443,1.96260070504893,0.28152044798914,0.983030714406923,FALSE,TRUE,FALSE,FALSE,TRUE,FALSE
4231,"pre saint didier",0.00932513667549451,2.3628781813315,0.526726624809095,0.994569828610215,FALSE,TRUE,FALSE,FALSE,TRUE,FALSE
4232,"pre saint didier",-0.0226733813533819,2.69337394316513,0.392160190055999,0.999490921432208,FALSE,TRUE,FALSE,FALSE,TRUE,FALSE
4233,"pre saint didier",0.133903530098628,2.63365794880806,0.900899372136433,0.998812150008485,TRUE,TRUE,TRUE,FALSE,TRUE,FALSE
4234,"pre saint didier",0.038644388803295,1.41033637706108,0.643984388257254,0.924826064822671,FALSE,TRUE,FALSE,FALSE,FALSE,FALSE
4235,"pre saint didier",0.0019820740262535,1.35371866313076,0.495333446461904,0.914983879178687,FALSE,TRUE,FALSE,FALSE,FALSE,FALSE
4236,"pre saint didier",0.19310196779368,1.59835077728989,0.957407093161378,0.950619378924147,TRUE,TRUE,TRUE,TRUE,TRUE,TRUE
4237,"pre saint didier",0.0158634642357427,1.96998195810226,0.552350246054641,0.983370100118785,FALSE,TRUE,FALSE,FALSE,TRUE,FALSE
4238,"pre saint didier",-0.0493222417669692,1.99746813113281,0.292550483624639,0.984727642966231,FALSE,TRUE,FALSE,FALSE,TRUE,FALSE
4239,"pre saint didier",-0.0178354649824506,1.30676575824785,0.411674868488037,0.904972000678771,FALSE,TRUE,FALSE,FALSE,FALSE,FALSE
4240,"pre saint didier",-0.00760808089254184,0.826191516444047,0.455795011030036,0.797726115730528,FALSE,FALSE,FALSE,FALSE,FALSE,FALSE
4241,"pre saint didier",0.0606763602024518,0.740856129357153,0.721873409129476,0.774138808756151,FALSE,FALSE,FALSE,FALSE,FALSE,FALSE
4242,"pre saint didier",-0.0158501937755009,0.891701428260131,0.41914135414899,0.812659087052435,FALSE,FALSE,FALSE,FALSE,FALSE,FALSE
4243,"pre saint didier",-0.0742749631088842,1.79677141926832,0.215340234176141,0.969964364500255,FALSE,TRUE,FALSE,FALSE,TRUE,FALSE
4244,"pre saint didier",-0.214034837972608,1.56467094912075,0.052095706770745,0.947564907517394,FALSE,TRUE,FALSE,FALSE,FALSE,FALSE
4245,"pre saint didier",0.0146776499465844,1.67264975835791,0.546580688952995,0.959613100288478,FALSE,TRUE,FALSE,FALSE,TRUE,FALSE
4246,"pre saint didier",0.00639108767743224,1.39425741337521,0.513829967758357,0.92245036483964,FALSE,TRUE,FALSE,FALSE,FALSE,FALSE
4247,"pre saint didier",-0.0661503614644463,1.51339399393037,0.238757848294587,0.939928729000509,FALSE,TRUE,FALSE,FALSE,FALSE,FALSE
4248,"pre saint didier",-0.0676933826630641,1.69369830150467,0.235194298320041,0.961819107415578,FALSE,TRUE,FALSE,FALSE,TRUE,FALSE
4249,"pre saint didier",-0.0432734878227041,1.82978735134545,0.314440862039708,0.972000678771424,FALSE,TRUE,FALSE,FALSE,TRUE,FALSE
4250,"pre saint didier",0.00305586518608969,1.71937191643388,0.49889699643645,0.964364500254539,FALSE,TRUE,FALSE,FALSE,TRUE,FALSE
4251,"pre saint didier",-0.0296712032349209,1.1543617589393,0.366197183098592,0.877142372306126,FALSE,FALSE,FALSE,FALSE,FALSE,FALSE
4252,"pre saint didier",0.0292779487968939,0.685297986491772,0.60750042423214,0.759036144578313,FALSE,FALSE,FALSE,FALSE,FALSE,FALSE
4253,"pre saint didier",0.0111692791426048,0.552216874912439,0.534193110470049,0.712370609197353,FALSE,FALSE,FALSE,FALSE,FALSE,FALSE
4254,"pre saint didier",-0.0786529644304039,1.2100522478393,0.204479891396572,0.887833022229764,FALSE,FALSE,FALSE,FALSE,FALSE,FALSE
4255,"pre saint didier",0.0220674466043125,1.54285505004766,0.578143560156117,0.944171050398778,FALSE,TRUE,FALSE,FALSE,FALSE,FALSE
4256,"pre saint didier",-0.0316781266893091,1.36807424875558,0.358051926013915,0.917359579161717,FALSE,TRUE,FALSE,FALSE,FALSE,FALSE
4257,"pre saint didier",0.0204540383615832,1.71923553945253,0.572204310198541,0.964194807398609,FALSE,TRUE,FALSE,FALSE,TRUE,FALSE
4258,"pre saint didier",-0.0174477382172586,1.4898747617231,0.413202104191414,0.936365179025963,FALSE,TRUE,FALSE,FALSE,FALSE,FALSE
4259,"pre saint didier",-0.0474666757492272,1.49802663280036,0.301035126421178,0.937553029017478,FALSE,TRUE,FALSE,FALSE,FALSE,FALSE
4260,"pre saint didier",-0.00186998790600867,1.60199570640863,0.479212625148481,0.95129815034787,FALSE,TRUE,FALSE,FALSE,TRUE,FALSE
4261,"pre saint didier",-0.108110704964062,1.73971781329797,0.141184456134397,0.965722043101985,FALSE,TRUE,FALSE,FALSE,TRUE,FALSE
4262,"pre saint didier",-0.0312608916659833,1.40286375908632,0.35923977600543,0.923129136263363,FALSE,TRUE,FALSE,FALSE,FALSE,FALSE
4263,"pre saint didier",-0.119456753476818,0.705531648842983,0.122178856270151,0.76497539453589,FALSE,FALSE,FALSE,FALSE,FALSE,FALSE
4264,"pre saint didier",-0.0105400880896198,0.48796655361843,0.440183268284405,0.691159002206007,FALSE,FALSE,FALSE,FALSE,FALSE,FALSE
4265,"pre saint didier",0.0837676439816324,0.761369838327096,0.79602918717122,0.781774987273036,FALSE,FALSE,FALSE,FALSE,FALSE,FALSE
4266,"pre saint didier",-0.0599983017980747,0.662790247813128,0.258781605294417,0.752248430341083,FALSE,FALSE,FALSE,FALSE,FALSE,FALSE
4267,"pre saint didier",0.0395628953896612,1.32008834430841,0.646529781096216,0.908365857797387,FALSE,TRUE,FALSE,FALSE,FALSE,FALSE
4268,"pre saint didier",-0.124875219613523,1.4698071484003,0.114712370609197,0.933650093331071,FALSE,TRUE,FALSE,FALSE,FALSE,FALSE
4269,"pre saint didier",0.0372681124169532,1.68138441924384,0.63855421686747,0.96012217885627,FALSE,TRUE,FALSE,FALSE,TRUE,FALSE
4270,"pre saint didier",0.0858198759871609,1.27696017057261,0.803325979976243,0.900729679280502,FALSE,TRUE,FALSE,FALSE,FALSE,FALSE
4271,"pre saint didier",0.0702096606499651,1.33603504881838,0.756490751739352,0.912608179195656,FALSE,TRUE,FALSE,FALSE,FALSE,FALSE
4272,"pre saint didier",0.116797594790187,1.62368672818457,0.874596979467164,0.95333446461904,FALSE,TRUE,FALSE,FALSE,TRUE,FALSE
4273,"pre saint didier",-0.0288375472257307,1.70862099984832,0.369421347361276,0.963685728830816,FALSE,TRUE,FALSE,FALSE,TRUE,FALSE
4274,"pre saint didier",0.0768628118701002,1.5496558336999,0.776684201595113,0.945019514678432,FALSE,TRUE,FALSE,FALSE,FALSE,FALSE
4275,"pre saint didier",0.0599078224652114,1.19490141697112,0.71830985915493,0.884269472255218,FALSE,FALSE,FALSE,FALSE,FALSE,FALSE
4276,"pre saint didier",0.108301980292381,0.33022945867359,0.857797386730019,0.630748345494655,FALSE,FALSE,FALSE,FALSE,FALSE,FALSE
4277,"pre saint didier",0.14312980739599,0.442059421609229,0.912777872051587,0.6762260308841,TRUE,FALSE,FALSE,FALSE,FALSE,FALSE
4278,"pre saint didier",-0.244454351007123,0.669355754536494,0.0398778211437298,0.754793823180044,FALSE,FALSE,FALSE,FALSE,FALSE,FALSE
4279,"quart",0.0242510649636518,-0.897455405140107,0.584252502969625,0.168165620227388,FALSE,FALSE,FALSE,FALSE,FALSE,FALSE
4280,"quart",-0.0302019472647306,-0.770928662832352,0.363482097403699,0.202952655693195,FALSE,FALSE,FALSE,FALSE,FALSE,FALSE
4281,"quart",0.0509254668749914,-0.341291763190515,0.685898523672153,0.339725097573392,FALSE,FALSE,FALSE,FALSE,FALSE,FALSE
4282,"quart",-0.00147030192940711,-0.00549267185930463,0.480400475139997,0.484812489394197,FALSE,FALSE,FALSE,FALSE,FALSE,FALSE
4283,"quart",0.13154247900491,-0.362645797548492,0.897675207873749,0.331749533344646,FALSE,FALSE,FALSE,FALSE,FALSE,FALSE
4284,"quart",-0.0281399125599151,-0.650625018233546,0.372306125912099,0.234176141184456,FALSE,FALSE,FALSE,FALSE,FALSE,FALSE
4285,"quart",-0.0230171926637901,-1.21248562511271,0.390972340064483,0.110130663499067,FALSE,FALSE,FALSE,FALSE,FALSE,FALSE
4286,"quart",-0.0324734286797295,-1.17496679188164,0.353809604615646,0.11742745630409,FALSE,FALSE,FALSE,FALSE,FALSE,FALSE
4287,"quart",0.126151268062506,-0.806605408355658,0.889529950789072,0.193110470049211,FALSE,FALSE,FALSE,FALSE,FALSE,FALSE
4288,"quart",0.0641280431064928,-0.358473593972581,0.736636687595452,0.333446461903954,FALSE,FALSE,FALSE,FALSE,FALSE,FALSE
4289,"quart",-0.0511233567458671,-0.386012429605242,0.286611233667063,0.323434583404039,FALSE,FALSE,FALSE,FALSE,FALSE,FALSE
4290,"quart",-0.0793957840152242,-0.238904225430309,0.202782962837265,0.38350585440353,FALSE,FALSE,FALSE,FALSE,FALSE,FALSE
4291,"quart",0.0644569881945412,0.257377977436428,0.738163923298829,0.598167317155948,FALSE,FALSE,FALSE,FALSE,FALSE,FALSE
4292,"quart",-0.0378687054541231,0.227712230589169,0.332428304768369,0.583743424401833,FALSE,FALSE,FALSE,FALSE,FALSE,FALSE
4293,"quart",0.0359525684761337,-0.326474915000272,0.633972509757339,0.344815883251315,FALSE,FALSE,FALSE,FALSE,FALSE,FALSE
4294,"quart",-0.0632549121440444,-1.16498426100987,0.249278805362294,0.118954692007466,FALSE,FALSE,FALSE,FALSE,FALSE,FALSE
4295,"quart",0.0454106267433314,-0.245564184969515,0.667062616663838,0.379263533005261,FALSE,FALSE,FALSE,FALSE,FALSE,FALSE
4296,"quart",-0.0158009178563887,-0.177966134480997,0.419311047004921,0.410317325640591,FALSE,FALSE,FALSE,FALSE,FALSE,FALSE
4297,"quart",-0.00925179999200765,-0.366757327363009,0.446801289665705,0.329713219073477,FALSE,FALSE,FALSE,FALSE,FALSE,FALSE
4298,"quart",0.0238394538473621,-0.468817157532683,0.582725267266248,0.294586797895809,FALSE,FALSE,FALSE,FALSE,FALSE,FALSE
4299,"quart",0.0973981243310771,-0.00171135365881608,0.830307144069235,0.487357882233158,FALSE,FALSE,FALSE,FALSE,FALSE,FALSE
4300,"quart",0.118810535110802,0.169043963454172,0.878499915153572,0.559986424571526,FALSE,FALSE,FALSE,FALSE,FALSE,FALSE
4301,"quart",-0.0772499715084045,0.13149253555236,0.207534362803326,0.544204988969964,FALSE,FALSE,FALSE,FALSE,FALSE,FALSE
4302,"quart",0.0630982550510701,-0.553245227644762,0.732394366197183,0.262514848124894,FALSE,FALSE,FALSE,FALSE,FALSE,FALSE
4303,"quart",0.0417299238950779,-1.06896953403505,0.653487188189377,0.134905820464958,FALSE,FALSE,FALSE,FALSE,FALSE,FALSE
4304,"quart",-0.0306698462613149,-0.569228644646106,0.361954861700322,0.256914983879179,FALSE,FALSE,FALSE,FALSE,FALSE,FALSE
4305,"quart",0.0738327534646999,-0.292888707272477,0.767011708807059,0.357882233157984,FALSE,FALSE,FALSE,FALSE,FALSE,FALSE
4306,"quart",0.0272003774329992,-0.423360008450416,0.599524860003394,0.310537926353301,FALSE,FALSE,FALSE,FALSE,FALSE,FALSE
4307,"quart",0.0773837667172064,-0.406029035235542,0.778890208722213,0.315968097743085,FALSE,FALSE,FALSE,FALSE,FALSE,FALSE
4308,"quart",-0.0102576215677832,-0.231155936460037,0.441371118275921,0.386390632954353,FALSE,FALSE,FALSE,FALSE,FALSE,FALSE
4309,"quart",-0.0609675183473417,-0.70789834624301,0.256066519599525,0.217546241303241,FALSE,FALSE,FALSE,FALSE,FALSE,FALSE
4310,"quart",-0.0112020541722,-0.536473350286606,0.437977261157305,0.269472255218055,FALSE,FALSE,FALSE,FALSE,FALSE,FALSE
4311,"quart",0.0461399150792925,0.175582767887167,0.669777702358731,0.563549974546072,FALSE,FALSE,FALSE,FALSE,FALSE,FALSE
4312,"quart",0.0742391114642391,0.515310164204465,0.768199558798575,0.700831494994061,FALSE,FALSE,FALSE,FALSE,FALSE,FALSE
4313,"quart",-0.0251067507987184,0.626015586631226,0.383166468691668,0.741048701849652,FALSE,FALSE,FALSE,FALSE,FALSE,FALSE
4314,"quart",-0.0269869939674638,0.60828394783316,0.376548447310368,0.734091294756491,FALSE,FALSE,FALSE,FALSE,FALSE,FALSE
4315,"quart",-0.0113106699039012,-0.724815237801193,0.437637875445444,0.213982691328695,FALSE,FALSE,FALSE,FALSE,FALSE,FALSE
4316,"quart",-0.0772953622815287,-0.763738355722221,0.207364669947395,0.204649584252503,FALSE,FALSE,FALSE,FALSE,FALSE,FALSE
4317,"quart",0.0927939901681949,-0.588221696138602,0.819955879857458,0.251315119633463,FALSE,FALSE,FALSE,FALSE,FALSE,FALSE
4318,"quart",-0.032506875900534,0.0839533869957129,0.353639911759715,0.522484303410826,FALSE,FALSE,FALSE,FALSE,FALSE,FALSE
4319,"quart",0.0986544741862598,0.349898407167598,0.834040386899711,0.637705752587816,FALSE,FALSE,FALSE,FALSE,FALSE,FALSE
4320,"quart",-0.018257617521412,-0.613978455620573,0.409808247072798,0.244866791108094,FALSE,FALSE,FALSE,FALSE,FALSE,FALSE
4321,"quart",-0.0253897344001128,-0.820149579043171,0.381130154420499,0.189037841506873,FALSE,FALSE,FALSE,FALSE,FALSE,FALSE
4322,"quart",0.00978108257358556,-0.977952121356338,0.528084167656542,0.149669098930935,FALSE,FALSE,FALSE,FALSE,FALSE,FALSE
4323,"quart",0.0781203430989468,-0.874636445056455,0.781096215849313,0.174953334464619,FALSE,FALSE,FALSE,FALSE,FALSE,FALSE
4324,"quart",0.0311564324188485,0.0850184528869535,0.615645681316817,0.52333276769048,FALSE,FALSE,FALSE,FALSE,FALSE,FALSE
4325,"quart",-0.0673381471666481,-0.224083675589159,0.236212455455625,0.390972340064483,FALSE,FALSE,FALSE,FALSE,FALSE,FALSE
4326,"quart",-0.0203471593770033,-0.200134687375756,0.402002375699983,0.402681147123706,FALSE,FALSE,FALSE,FALSE,FALSE,FALSE
4327,"quart",0.0320950950576506,-0.622935693136035,0.618869845579501,0.241812319701341,FALSE,FALSE,FALSE,FALSE,FALSE,FALSE
4328,"quart",-0.0423465472813636,-0.612948622040878,0.31698625487867,0.245715255387748,FALSE,FALSE,FALSE,FALSE,FALSE,FALSE
4329,"quart",0.0319956740244667,-0.437410714502662,0.61853045986764,0.307483454946547,FALSE,FALSE,FALSE,FALSE,FALSE,FALSE
4330,"quart",-0.0326354885424944,0.0931174392358861,0.353300526047853,0.528762939080265,FALSE,FALSE,FALSE,FALSE,FALSE,FALSE
4331,"quart",0.0137683958574222,0.14041435068503,0.543695910402172,0.547938231800441,FALSE,FALSE,FALSE,FALSE,FALSE,FALSE
4332,"quart",-0.0962512479261441,-0.474983149659489,0.164771763108773,0.292211097912778,FALSE,FALSE,FALSE,FALSE,FALSE,FALSE
4333,"quart",-0.082437141442691,-0.975766501420893,0.194298320040726,0.150517563210589,FALSE,FALSE,FALSE,FALSE,FALSE,FALSE
4334,"quart",-0.0440714279156946,-1.1883160190506,0.311386390632954,0.114203292041405,FALSE,FALSE,FALSE,FALSE,FALSE,FALSE
4335,"quart",0.0212179924724705,-0.556699642427059,0.575258781605294,0.260987612421517,FALSE,FALSE,FALSE,FALSE,FALSE,FALSE
4336,"quart",0.0988127006121164,-0.194090385359966,0.834719158323435,0.404887154250806,FALSE,FALSE,FALSE,FALSE,FALSE,FALSE
4337,"quart",-0.0273799257573959,-0.493384569752756,0.375360597318853,0.285423383675547,FALSE,FALSE,FALSE,FALSE,FALSE,FALSE
4338,"quart",-0.0807326948537419,-0.241229779394445,0.199389105718649,0.381808925844222,FALSE,FALSE,FALSE,FALSE,FALSE,FALSE
4339,"quart",-0.030677545681062,-0.540017478353664,0.361785168844392,0.267775326658748,FALSE,FALSE,FALSE,FALSE,FALSE,FALSE
4340,"quart",-0.0394075537233824,-0.5385960612977,0.327167826234516,0.268114712370609,FALSE,FALSE,FALSE,FALSE,FALSE,FALSE
4341,"quart",-0.0180012523852753,-0.422207712189637,0.410826404208383,0.311047004921093,FALSE,FALSE,FALSE,FALSE,FALSE,FALSE
4342,"quart",-0.0380032110486059,-0.0274603194406435,0.331410147632785,0.475479382318004,FALSE,FALSE,FALSE,FALSE,FALSE,FALSE
4343,"quart",0.00402293594470216,-0.144425789038187,0.504496860682165,0.426947225521806,FALSE,FALSE,FALSE,FALSE,FALSE,FALSE
4344,"quart",-0.058545695031988,-0.879672303986591,0.263193619548617,0.173086713049381,FALSE,FALSE,FALSE,FALSE,FALSE,FALSE
4345,"quart",-0.0188437984739327,-1.03352620483252,0.407602239945698,0.141523841846258,FALSE,FALSE,FALSE,FALSE,FALSE,FALSE
4346,"quart",-0.0367557525346598,-0.736561778753076,0.335991854742915,0.210928219921941,FALSE,FALSE,FALSE,FALSE,FALSE,FALSE
4347,"quart",0.0730615482111414,-0.985349794480365,0.764466315968098,0.147802477515697,FALSE,FALSE,FALSE,FALSE,FALSE,FALSE
4348,"quart",0.100296916489372,-0.266301777695234,0.839640251145427,0.370439504496861,FALSE,FALSE,FALSE,FALSE,FALSE,FALSE
4349,"quart",-0.0563997835215382,-0.228394988848717,0.269981333785848,0.388426947225522,FALSE,FALSE,FALSE,FALSE,FALSE,FALSE
4350,"quart",-0.0288747816839923,-0.144416768728022,0.369251654505345,0.427116918377736,FALSE,FALSE,FALSE,FALSE,FALSE,FALSE
4351,"quart",0.0686476188109104,-0.666802642462916,0.75173935177329,0.229764126930256,FALSE,FALSE,FALSE,FALSE,FALSE,FALSE
4352,"quart",0.0141057499212476,-0.514648316760417,0.544544374681826,0.276769048023078,FALSE,FALSE,FALSE,FALSE,FALSE,FALSE
4353,"quart",0.067955240372056,-0.356065884549352,0.749024266078398,0.334125233327677,FALSE,FALSE,FALSE,FALSE,FALSE,FALSE
4354,"quart",-0.0210852970152331,-0.160571298194893,0.398947904293229,0.41914135414899,FALSE,FALSE,FALSE,FALSE,FALSE,FALSE
4355,"quart",0.070531677347379,0.120494997150748,0.756999830307144,0.538605124724249,FALSE,FALSE,FALSE,FALSE,FALSE,FALSE
4356,"quart",0.0958806397218943,-0.2892527670234,0.827252672662481,0.359070083149499,FALSE,FALSE,FALSE,FALSE,FALSE,FALSE
4357,"quart",0.0133522528638998,-1.10158153819066,0.541998981842864,0.129645341931105,FALSE,FALSE,FALSE,FALSE,FALSE,FALSE
4358,"quart",0.0737450758294891,-1.00665160430606,0.766672323095198,0.144748006108943,FALSE,FALSE,FALSE,FALSE,FALSE,FALSE
4359,"quart",-0.265239530389117,-0.879493703595912,0.0352961140335992,0.173426098761242,FALSE,FALSE,FALSE,FALSE,FALSE,FALSE
4360,"rhemes notre dame",-0.0757744724845484,1.52153013085378,0.211437298489734,0.941965043271678,FALSE,TRUE,FALSE,FALSE,FALSE,FALSE
4361,"rhemes notre dame",-0.0682706096821537,1.95857377314248,0.233497369760733,0.982861021550993,FALSE,TRUE,FALSE,FALSE,TRUE,FALSE
4362,"rhemes notre dame",0.0241336806623949,2.19167590358427,0.583573731545902,0.990836585779739,FALSE,TRUE,FALSE,FALSE,TRUE,FALSE
4363,"rhemes notre dame",-0.399515388445103,1.6627437259788,0.0145935856100458,0.958085864585101,FALSE,TRUE,FALSE,FALSE,TRUE,FALSE
4364,"rhemes notre dame",-0.236114376475541,0.199333630698259,0.0427625996945529,0.571355845918887,FALSE,FALSE,FALSE,FALSE,FALSE,FALSE
4365,"rhemes notre dame",0.392983711492416,1.43586820203757,0.987951807228916,0.928219921941286,TRUE,TRUE,TRUE,TRUE,FALSE,FALSE
4366,"rhemes notre dame",0.17925546053689,1.05154994290133,0.947395214661463,0.85134905820465,TRUE,FALSE,FALSE,FALSE,FALSE,FALSE
4367,"rhemes notre dame",0.10310491780429,1.13751325936197,0.846597658238588,0.873409129475649,FALSE,FALSE,FALSE,FALSE,FALSE,FALSE
4368,"rhemes notre dame",-0.221303635064148,1.20536613715306,0.0481927710843374,0.886645172238249,FALSE,FALSE,FALSE,FALSE,FALSE,FALSE
4369,"rhemes notre dame",-0.305848297096851,0.514576910286094,0.0269811640929917,0.700322416426268,FALSE,FALSE,FALSE,FALSE,FALSE,FALSE
4370,"rhemes notre dame",0.0012633126284971,0.483318254710444,0.49227897505515,0.689462073646699,FALSE,FALSE,FALSE,FALSE,FALSE,FALSE
4371,"rhemes notre dame",0.442280024301205,1.93242877571815,0.991685050059392,0.981164092991685,TRUE,TRUE,TRUE,TRUE,TRUE,TRUE
4372,"rhemes notre dame",0.00474533791538256,2.56082448966326,0.507211946377058,0.997624300016969,FALSE,TRUE,FALSE,FALSE,TRUE,FALSE
4373,"rhemes notre dame",0.0534600011463535,2.64447708755212,0.69624978788393,0.998981842864415,FALSE,TRUE,FALSE,FALSE,TRUE,FALSE
4374,"rhemes notre dame",-0.346823437365767,2.05888009863847,0.0196843712879688,0.987442728661123,FALSE,TRUE,FALSE,FALSE,TRUE,FALSE
4375,"rhemes notre dame",-0.198768906071219,-0.457747898934067,0.0604106567113524,0.298489733582216,FALSE,FALSE,FALSE,FALSE,FALSE,FALSE
4376,"rhemes notre dame",-0.0232842007487317,-0.67759277868457,0.389275411505176,0.225182419820126,FALSE,FALSE,FALSE,FALSE,FALSE,FALSE
4377,"rhemes notre dame",0.242881918962086,1.58796122807494,0.971321907347701,0.949601221788563,TRUE,TRUE,TRUE,TRUE,FALSE,FALSE
4378,"rhemes notre dame",0.172133040236945,1.9230096302773,0.941625657559817,0.979636857288308,TRUE,TRUE,TRUE,FALSE,TRUE,FALSE
4379,"rhemes notre dame",0.0864920187085865,1.88314355404969,0.805022908535551,0.97556422874597,FALSE,TRUE,FALSE,FALSE,TRUE,FALSE
4380,"rhemes notre dame",-0.188018602517849,2.00416604702635,0.0639742066858985,0.985067028678093,FALSE,TRUE,FALSE,FALSE,TRUE,FALSE
4381,"rhemes notre dame",-0.234952523189992,1.04834760871967,0.0434413711182759,0.850500593924996,FALSE,FALSE,FALSE,FALSE,FALSE,FALSE
4382,"rhemes notre dame",-0.0252544223032043,0.170328030121061,0.381978618700153,0.56100458170711,FALSE,FALSE,FALSE,FALSE,FALSE,FALSE
4383,"rhemes notre dame",0.458527767867958,0.277710688208816,0.993042592906839,0.606821652808417,TRUE,FALSE,FALSE,TRUE,FALSE,FALSE
4384,"rhemes notre dame",-0.480485357537113,-0.405122953024872,0.00797556422874597,0.316307483454947,FALSE,FALSE,FALSE,FALSE,FALSE,FALSE
4385,"rhemes notre dame",-0.326021000897976,0.846593047128978,0.0227388426947226,0.803156287120312,FALSE,FALSE,FALSE,FALSE,FALSE,FALSE
4386,"rhemes notre dame",-0.182102040591689,0.827563479410603,0.0680468352282369,0.79823519429832,FALSE,FALSE,FALSE,FALSE,FALSE,FALSE
4387,"rhemes notre dame",-0.339244322370799,1.1541060265311,0.0203631427116918,0.876802986594264,FALSE,FALSE,FALSE,FALSE,FALSE,FALSE
4388,"rhemes notre dame",0.0400243984776836,0.987093701150745,0.647887323943662,0.837434244018327,FALSE,FALSE,FALSE,FALSE,FALSE,FALSE
4389,"rhemes notre dame",0.297808040330457,1.90334775990221,0.979806550144239,0.977430850161208,TRUE,TRUE,TRUE,TRUE,TRUE,TRUE
4390,"rhemes notre dame",0.136536568659366,1.61255572402425,0.903953843543187,0.952655693195317,TRUE,TRUE,TRUE,FALSE,TRUE,FALSE
4391,"rhemes notre dame",0.0695934541997598,1.55797602956452,0.754115051756321,0.94671644323774,FALSE,TRUE,FALSE,FALSE,FALSE,FALSE
4392,"rhemes notre dame",-0.193564280688612,2.21422114265832,0.0615985067028678,0.9911759714916,FALSE,TRUE,FALSE,FALSE,TRUE,FALSE
4393,"rhemes notre dame",2.7607112681914,1.78845336537031,0.999660614288138,0.969624978788393,TRUE,TRUE,TRUE,TRUE,TRUE,TRUE
4394,"rhemes notre dame",1.03619405004916,1.41274350114693,0.998981842864415,0.925335143390463,TRUE,TRUE,TRUE,TRUE,FALSE,FALSE
4395,"rhemes notre dame",0.19535970075415,1.5166159165127,0.958764636008824,0.940437807568301,TRUE,TRUE,TRUE,TRUE,FALSE,FALSE
4396,"rhemes notre dame",0.214944484923459,1.63554924909699,0.964703885966401,0.95571016460207,TRUE,TRUE,TRUE,TRUE,TRUE,TRUE
4397,"rhemes notre dame",-0.17312622716803,1.76059703758944,0.0741557780417444,0.967758357373155,FALSE,TRUE,FALSE,FALSE,TRUE,FALSE
4398,"rhemes notre dame",-0.296060118054722,0.487450747780746,0.0288477855082301,0.690989309350076,FALSE,FALSE,FALSE,FALSE,FALSE,FALSE
4399,"rhemes notre dame",0.34385683225141,1.44746657544526,0.98438825725437,0.929747157644663,TRUE,TRUE,TRUE,TRUE,FALSE,FALSE
4400,"rhemes notre dame",0.11007434545556,0.999832218724664,0.860682165280842,0.84031902256915,FALSE,FALSE,FALSE,FALSE,FALSE,FALSE
4401,"rhemes notre dame",0.0792521012853626,0.889592168229128,0.784490072967928,0.812150008484643,FALSE,FALSE,FALSE,FALSE,FALSE,FALSE
4402,"rhemes notre dame",-0.275800008923641,0.835496322266672,0.0330901069064992,0.800950279993212,FALSE,FALSE,FALSE,FALSE,FALSE,FALSE
4403,"rhemes notre dame",-1.47241137304134,0.675454986095529,0.000678771423723061,0.756999830307144,FALSE,FALSE,FALSE,FALSE,FALSE,FALSE
4404,"rhemes notre dame",-0.602948149607808,0.78728527052365,0.00356354997454607,0.788393008654336,FALSE,FALSE,FALSE,FALSE,FALSE,FALSE
4405,"rhemes notre dame",-0.33072755328287,1.64175283025178,0.0218903784150687,0.956049550313932,FALSE,TRUE,FALSE,FALSE,TRUE,FALSE
4406,"rhemes notre dame",-0.0537135602544936,1.81168711325262,0.277787205158663,0.970473443068047,FALSE,TRUE,FALSE,FALSE,TRUE,FALSE
4407,"rhemes notre dame",-0.0596841997347504,1.62831843984161,0.259630069574071,0.954182928898693,FALSE,TRUE,FALSE,FALSE,TRUE,FALSE
4408,"rhemes notre dame",-0.306116686710503,1.51508627332812,0.0264720855251994,0.94009842185644,FALSE,TRUE,FALSE,FALSE,FALSE,FALSE
4409,"rhemes notre dame",-0.222457485519543,0.577888427641721,0.0475139996606143,0.723061259120991,FALSE,FALSE,FALSE,FALSE,FALSE,FALSE
4410,"rhemes notre dame",0.305168419596811,1.33895761523555,0.980994400135754,0.913117257763448,TRUE,TRUE,TRUE,TRUE,FALSE,FALSE
4411,"rhemes notre dame",0.134699744110256,1.09751124785314,0.902256914983879,0.86475479382318,TRUE,FALSE,FALSE,FALSE,FALSE,FALSE
4412,"rhemes notre dame",0.0763233208757299,0.906303160511552,0.774308501612082,0.81605294417105,FALSE,FALSE,FALSE,FALSE,FALSE,FALSE
4413,"rhemes notre dame",-0.140525173893394,1.2656468950699,0.0977430850161208,0.898353979297472,FALSE,FALSE,FALSE,FALSE,FALSE,FALSE
4414,"rhemes notre dame",-0.256364908861737,-0.641054531912084,0.0371627354488376,0.235703376887833,FALSE,FALSE,FALSE,FALSE,FALSE,FALSE
4415,"rhemes notre dame",0.549261621390292,0.144311465457048,0.995757678601731,0.54997454607161,TRUE,FALSE,FALSE,TRUE,FALSE,FALSE
4416,"rhemes notre dame",0.167508405776925,1.92863286171817,0.939080264720855,0.980655014423893,TRUE,TRUE,TRUE,FALSE,TRUE,FALSE
4417,"rhemes notre dame",-0.0318044190824267,1.88333548499455,0.35703376887833,0.975733921601901,FALSE,TRUE,FALSE,FALSE,TRUE,FALSE
4418,"rhemes notre dame",-0.0164634434254527,1.55130895848214,0.416426268454098,0.945528593246224,FALSE,TRUE,FALSE,FALSE,FALSE,FALSE
4419,"rhemes notre dame",-0.0458562264705744,1.78551667046658,0.306295604955031,0.969455285932462,FALSE,TRUE,FALSE,FALSE,TRUE,FALSE
4420,"rhemes notre dame",-0.37045021699949,1.31620177136811,0.0173086713049381,0.907008314949941,FALSE,TRUE,FALSE,FALSE,FALSE,FALSE
4421,"rhemes notre dame",-0.2046629678979,0.658128068457383,0.0573561853045987,0.751060580349567,FALSE,FALSE,FALSE,FALSE,FALSE,FALSE
4422,"rhemes notre dame",0.296400599557453,0.964551147502587,0.979467164432377,0.831834379772612,TRUE,FALSE,FALSE,TRUE,FALSE,FALSE
4423,"rhemes notre dame",0.160244878486502,0.854410733279314,0.930935007636179,0.804344137111828,TRUE,FALSE,FALSE,FALSE,FALSE,FALSE
4424,"rhemes notre dame",0.0774198407010402,1.195201870162,0.779059901578144,0.884439165111149,FALSE,FALSE,FALSE,FALSE,FALSE,FALSE
4425,"rhemes notre dame",-0.202316840952287,0.929953418164437,0.0583743424401833,0.823349736976073,FALSE,FALSE,FALSE,FALSE,FALSE,FALSE
4426,"rhemes notre dame",-0.314977311219168,0.0200034539418257,0.0244357712540302,0.495672832173766,FALSE,FALSE,FALSE,FALSE,FALSE,FALSE
4427,"rhemes notre dame",0.536889471231394,1.04315210170194,0.995418292889869,0.848973358221619,TRUE,FALSE,FALSE,TRUE,FALSE,FALSE
4428,"rhemes notre dame",0.160077691756367,1.98945958529865,0.930765314780248,0.9845579501103,TRUE,TRUE,TRUE,FALSE,TRUE,FALSE
4429,"rhemes notre dame",-0.0797296238363021,1.68898089088067,0.20176480570168,0.961479721703716,FALSE,TRUE,FALSE,FALSE,TRUE,FALSE
4430,"rhemes notre dame",0.0352082955418496,1.75492347882822,0.632445274053962,0.967249278805362,FALSE,TRUE,FALSE,FALSE,TRUE,FALSE
4431,"rhemes notre dame",0.127398460739371,1.97940196306296,0.890887493636518,0.983879178686577,FALSE,TRUE,FALSE,FALSE,TRUE,FALSE
4432,"rhemes notre dame",-0.44620684249262,1.26562087155234,0.0110300356354997,0.898184286441541,FALSE,FALSE,FALSE,FALSE,FALSE,FALSE
4433,"rhemes notre dame",-0.0153029424101589,1.29289194943361,0.422026132699813,0.902596300695741,FALSE,TRUE,FALSE,FALSE,FALSE,FALSE
4434,"rhemes notre dame",0.0966790448394317,1.20207540703704,0.828949601221789,0.885457322246733,FALSE,FALSE,FALSE,FALSE,FALSE,FALSE
4435,"rhemes notre dame",0.399448845179412,0.618336382710841,0.989139657220431,0.738163923298829,TRUE,FALSE,FALSE,TRUE,FALSE,FALSE
4436,"rhemes notre dame",0.184745146450508,0.812998159593615,0.950958764636009,0.794332258611912,TRUE,FALSE,FALSE,TRUE,FALSE,FALSE
4437,"rhemes notre dame",-0.233457665594154,0.881641009533438,0.0442898353979297,0.809944001357543,FALSE,FALSE,FALSE,FALSE,FALSE,FALSE
4438,"rhemes saint georges",0.0192170582952951,-0.368237503154445,0.567452910232479,0.329373833361615,FALSE,FALSE,FALSE,FALSE,FALSE,FALSE
4439,"rhemes saint georges",-0.052320236513415,0.0390131346377389,0.282538605124724,0.503478703546581,FALSE,FALSE,FALSE,FALSE,FALSE,FALSE
4440,"rhemes saint georges",0.0559545873058003,0.183183837384622,0.703716273544884,0.565925674529102,FALSE,FALSE,FALSE,FALSE,FALSE,FALSE
4441,"rhemes saint georges",-0.0299016438278201,-0.114374343546706,0.365009333107076,0.439674189716613,FALSE,FALSE,FALSE,FALSE,FALSE,FALSE
4442,"rhemes saint georges",0.157449141460109,0.18255878713097,0.927710843373494,0.565586288817241,TRUE,FALSE,FALSE,FALSE,FALSE,FALSE
4443,"rhemes saint georges",0.0312367300914094,0.553017732299949,0.616154759884609,0.713049380621076,FALSE,FALSE,FALSE,FALSE,FALSE,FALSE
4444,"rhemes saint georges",0.125826388020588,0.54243569547467,0.889020872221279,0.708637366366876,FALSE,FALSE,FALSE,FALSE,FALSE,FALSE
4445,"rhemes saint georges",0.0816363630264672,0.687980139533448,0.790429322925505,0.759545223146106,FALSE,FALSE,FALSE,FALSE,FALSE,FALSE
4446,"rhemes saint georges",-0.033459451802111,0.00109023162103682,0.350755133208892,0.488545732224673,FALSE,FALSE,FALSE,FALSE,FALSE,FALSE
4447,"rhemes saint georges",0.0856569124833975,-0.905185663088118,0.80264720855252,0.165450534532496,FALSE,FALSE,FALSE,FALSE,FALSE,FALSE
4448,"rhemes saint georges",-0.0634392858130663,-0.203360283960542,0.248600033938571,0.401153911420329,FALSE,FALSE,FALSE,FALSE,FALSE,FALSE
4449,"rhemes saint georges",-0.0975685134620257,0.597698984385995,0.16188698455795,0.730188359070083,FALSE,FALSE,FALSE,FALSE,FALSE,FALSE
4450,"rhemes saint georges",0.0249881828566583,1.27164998953234,0.589173595791617,0.899372136433056,FALSE,FALSE,FALSE,FALSE,FALSE,FALSE
4451,"rhemes saint georges",0.0508073892211911,1.10782036171213,0.68521975224843,0.86696080095028,FALSE,FALSE,FALSE,FALSE,FALSE,FALSE
4452,"rhemes saint georges",0.112360292659131,0.338078062014005,0.867130493806211,0.633463431189547,FALSE,FALSE,FALSE,FALSE,FALSE,FALSE
4453,"rhemes saint georges",0.11109056741914,-0.737308369192469,0.863566943831665,0.21058883421008,FALSE,FALSE,FALSE,FALSE,FALSE,FALSE
4454,"rhemes saint georges",0.220172325935517,-0.957375003106757,0.965891735957916,0.15306295604955,TRUE,FALSE,FALSE,TRUE,FALSE,FALSE
4455,"rhemes saint georges",0.023436726729992,0.899555102966735,0.581876802986594,0.814525708467673,FALSE,FALSE,FALSE,FALSE,FALSE,FALSE
4456,"rhemes saint georges",-0.145134212349843,1.3186054902488,0.0941795350415748,0.907687086373664,FALSE,TRUE,FALSE,FALSE,FALSE,FALSE
4457,"rhemes saint georges",0.0510900683943785,1.57329657277903,0.686746987951807,0.948243678941117,FALSE,TRUE,FALSE,FALSE,FALSE,FALSE
4458,"rhemes saint georges",0.12743568065261,0.150735431612649,0.891057186492449,0.55218055319871,FALSE,FALSE,FALSE,FALSE,FALSE,FALSE
4459,"rhemes saint georges",0.0200304395945601,0.212258164463029,0.571016460207025,0.57644663159681,FALSE,FALSE,FALSE,FALSE,FALSE,FALSE
4460,"rhemes saint georges",-0.124161280449814,-0.944621484513354,0.115900220600713,0.155438656032581,FALSE,FALSE,FALSE,FALSE,FALSE,FALSE
4461,"rhemes saint georges",0.068358837040245,-0.80566989500477,0.750551501781775,0.193280162905142,FALSE,FALSE,FALSE,FALSE,FALSE,FALSE
4462,"rhemes saint georges",0.0834840246591604,-1.07661487228243,0.795520108603428,0.133717970473443,FALSE,FALSE,FALSE,FALSE,FALSE,FALSE
4463,"rhemes saint georges",0.0525170274312572,-0.648165221083116,0.693025623621246,0.234515526896318,FALSE,FALSE,FALSE,FALSE,FALSE,FALSE
4464,"rhemes saint georges",0.168363418411127,-1.42438168682096,0.939419650432717,0.0850161208213134,TRUE,FALSE,FALSE,FALSE,FALSE,FALSE
4465,"rhemes saint georges",0.105511982373928,-1.19839788626583,0.851688443916511,0.112676056338028,FALSE,FALSE,FALSE,FALSE,FALSE,FALSE
4466,"rhemes saint georges",0.134545811216569,0.132653270733443,0.901917529272018,0.544714067537757,TRUE,FALSE,FALSE,FALSE,FALSE,FALSE
4467,"rhemes saint georges",0.0641876883726411,0.644331740091617,0.737485151875106,0.748006108942813,FALSE,FALSE,FALSE,FALSE,FALSE,FALSE
4468,"rhemes saint georges",-0.0734053453958801,1.04399723151975,0.218564398438826,0.849652129645342,FALSE,FALSE,FALSE,FALSE,FALSE,FALSE
4469,"rhemes saint georges",0.00741342031573744,1.49349730258102,0.51892075343628,0.937043950449686,FALSE,TRUE,FALSE,FALSE,FALSE,FALSE
4470,"rhemes saint georges",-0.0688537051163998,0.956913669400162,0.231291362633633,0.829967758357373,FALSE,FALSE,FALSE,FALSE,FALSE,FALSE
4471,"rhemes saint georges",-0.0383559480850746,0.596045267995908,0.330561683353131,0.729000509078568,FALSE,FALSE,FALSE,FALSE,FALSE,FALSE
4472,"rhemes saint georges",-0.152753469097135,-0.0367423024877524,0.0868827422365518,0.47004921092822,FALSE,FALSE,FALSE,FALSE,FALSE,FALSE
4473,"rhemes saint georges",0.0840942263473821,1.60140783138166,0.796707958594943,0.950958764636009,FALSE,TRUE,FALSE,FALSE,TRUE,FALSE
4474,"rhemes saint georges",0.00587833732223331,0.0121651881527012,0.511114882063465,0.49227897505515,FALSE,FALSE,FALSE,FALSE,FALSE,FALSE
4475,"rhemes saint georges",-0.0467098950633833,-0.857766297101287,0.303071440692347,0.179365348718819,FALSE,FALSE,FALSE,FALSE,FALSE,FALSE
4476,"rhemes saint georges",0.109553395086683,-0.191303686520666,0.860003393857119,0.405565925674529,FALSE,FALSE,FALSE,FALSE,FALSE,FALSE
4477,"rhemes saint georges",0.0186320122177985,0.554462555362701,0.564568131681656,0.713728152044799,FALSE,FALSE,FALSE,FALSE,FALSE,FALSE
4478,"rhemes saint georges",0.0500928806767362,0.866669980110613,0.680977430850161,0.806889529950789,FALSE,FALSE,FALSE,FALSE,FALSE,FALSE
4479,"rhemes saint georges",-0.0992605161707818,0.71865691560191,0.15968097743085,0.768538944510436,FALSE,FALSE,FALSE,FALSE,FALSE,FALSE
4480,"rhemes saint georges",0.178192382246646,0.811337594084652,0.946207364669947,0.793992872900051,TRUE,FALSE,FALSE,FALSE,FALSE,FALSE
4481,"rhemes saint georges",0.0915232931512069,0.778307673059404,0.817240794162566,0.785847615815374,FALSE,FALSE,FALSE,FALSE,FALSE,FALSE
4482,"rhemes saint georges",-0.240727996140487,-0.380545645854143,0.0410656711352452,0.324961819107416,FALSE,FALSE,FALSE,FALSE,FALSE,FALSE
4483,"rhemes saint georges",0.00251536274178044,-0.0973173655979276,0.497030375021212,0.446631596809774,FALSE,FALSE,FALSE,FALSE,FALSE,FALSE
4484,"rhemes saint georges",-0.177526664660309,-0.654522169131952,0.0707619209231291,0.233157984048872,FALSE,FALSE,FALSE,FALSE,FALSE,FALSE
4485,"rhemes saint georges",-0.100574120904222,0.461899657237267,0.15526896317665,0.683522823689123,FALSE,FALSE,FALSE,FALSE,FALSE,FALSE
4486,"rhemes saint georges",-0.0473143909239777,-0.19491482927941,0.302053283556762,0.404378075683014,FALSE,FALSE,FALSE,FALSE,FALSE,FALSE
4487,"rhemes saint georges",-0.0833673912890767,0.167142134709591,0.192092312913626,0.558459188868149,FALSE,FALSE,FALSE,FALSE,FALSE,FALSE
4488,"rhemes saint georges",0.0854217025701711,-0.607444117724819,0.801798744272866,0.246903105379264,FALSE,FALSE,FALSE,FALSE,FALSE,FALSE
4489,"rhemes saint georges",0.102783376619547,0.0672725626676988,0.846088579670796,0.516035974885457,FALSE,FALSE,FALSE,FALSE,FALSE,FALSE
4490,"rhemes saint georges",0.140731676675191,0.0312944806379905,0.909553707788902,0.50110300356355,TRUE,FALSE,FALSE,FALSE,FALSE,FALSE
4491,"rhemes saint georges",0.0411154613187819,0.577558924636276,0.651111488206347,0.72272187340913,FALSE,FALSE,FALSE,FALSE,FALSE,FALSE
4492,"rhemes saint georges",-0.00973370412298458,0.723544795228543,0.444425589682674,0.770405565925675,FALSE,FALSE,FALSE,FALSE,FALSE,FALSE
4493,"rhemes saint georges",-0.0663627548344898,0.566631499006268,0.238418462582725,0.71830985915493,FALSE,FALSE,FALSE,FALSE,FALSE,FALSE
4494,"rhemes saint georges",-0.00963665039237327,0.118059939589944,0.444764975394536,0.537247581876803,FALSE,FALSE,FALSE,FALSE,FALSE,FALSE
4495,"rhemes saint georges",0.10910405486452,-1.55734602188695,0.859154929577465,0.0709316137790599,FALSE,FALSE,FALSE,FALSE,FALSE,FALSE
4496,"rhemes saint georges",-0.0388459686011871,-1.3596163708219,0.330052604785339,0.0909553707788902,FALSE,FALSE,FALSE,FALSE,FALSE,FALSE
4497,"rhemes saint georges",0.0416113231810655,0.764597410335018,0.652978109621585,0.78262345155269,FALSE,FALSE,FALSE,FALSE,FALSE,FALSE
4498,"rhemes saint georges",0.106457771857091,0.216737364875755,0.854233836755473,0.578482945867979,FALSE,FALSE,FALSE,FALSE,FALSE,FALSE
4499,"rhemes saint georges",0.0453179580903207,0.300966789160633,0.666383845240115,0.617512302732055,FALSE,FALSE,FALSE,FALSE,FALSE,FALSE
4500,"rhemes saint georges",-0.00696915690501676,-0.403106556016674,0.457661632445274,0.317325640590531,FALSE,FALSE,FALSE,FALSE,FALSE,FALSE
4501,"rhemes saint georges",-0.0139163894843719,-0.288691100247651,0.426607839809944,0.359748854573222,FALSE,FALSE,FALSE,FALSE,FALSE,FALSE
4502,"rhemes saint georges",0.00886904746382733,-0.0606310355931978,0.524181231970134,0.46122518241982,FALSE,FALSE,FALSE,FALSE,FALSE,FALSE
4503,"rhemes saint georges",-0.0410602941723379,0.0156805269031584,0.3215679619888,0.493636517902596,FALSE,FALSE,FALSE,FALSE,FALSE,FALSE
4504,"rhemes saint georges",-0.0328541381979051,0.594763514823828,0.3524520617682,0.728152044798914,FALSE,FALSE,FALSE,FALSE,FALSE,FALSE
4505,"rhemes saint georges",0.0447994915532561,0.860357472787887,0.665026302392669,0.805362294247412,FALSE,FALSE,FALSE,FALSE,FALSE,FALSE
4506,"rhemes saint georges",-0.0709622783674035,-0.0945143675492841,0.225521805531987,0.44781944680129,FALSE,FALSE,FALSE,FALSE,FALSE,FALSE
4507,"rhemes saint georges",-0.111013899498166,-1.18764734052735,0.135414899032751,0.114372984897336,FALSE,FALSE,FALSE,FALSE,FALSE,FALSE
4508,"rhemes saint georges",-0.177172651160827,-0.00526466223238787,0.0712709994909214,0.485151875106058,FALSE,FALSE,FALSE,FALSE,FALSE,FALSE
4509,"rhemes saint georges",-0.048814214067642,0.695264261622268,0.294756490751739,0.762260308840998,FALSE,FALSE,FALSE,FALSE,FALSE,FALSE
4510,"rhemes saint georges",0.132694524104211,-0.0877065972210962,0.899032750721195,0.451722382487697,FALSE,FALSE,FALSE,FALSE,FALSE,FALSE
4511,"rhemes saint georges",0.0197030208561664,0.160147715782307,0.56982861021551,0.556083488885118,FALSE,FALSE,FALSE,FALSE,FALSE,FALSE
4512,"rhemes saint georges",0.194890211267015,-0.0882790292844652,0.958425250296962,0.451382996775836,TRUE,FALSE,FALSE,TRUE,FALSE,FALSE
4513,"rhemes saint georges",-0.00165334878838408,-0.48362585474156,0.479721703716274,0.289156626506024,FALSE,FALSE,FALSE,FALSE,FALSE,FALSE
4514,"rhemes saint georges",0.0521663075303778,0.698149497281347,0.691668080773799,0.762939080264721,FALSE,FALSE,FALSE,FALSE,FALSE,FALSE
4515,"rhemes saint georges",0.0445965174020682,0.864088017891502,0.664347530968946,0.806210758527066,FALSE,FALSE,FALSE,FALSE,FALSE,FALSE
4516,"rhemes saint georges",0.0848314458084083,0.463751890348241,0.79823519429832,0.684201595112846,FALSE,FALSE,FALSE,FALSE,FALSE,FALSE
4517,"rhemes saint georges",0.0189977820234351,0.636690401438338,0.566434753096895,0.745800101815714,FALSE,FALSE,FALSE,FALSE,FALSE,FALSE
4518,"rhemes saint georges",-0.423998187928897,-0.821080065019341,0.0128966570507382,0.18852876293908,FALSE,FALSE,FALSE,FALSE,FALSE,FALSE
4519,"roisan",0.0153928528091782,-1.08526933015755,0.54997454607161,0.132021041914135,FALSE,FALSE,FALSE,FALSE,FALSE,FALSE
4520,"roisan",-0.0267033994621393,-0.823551280290158,0.377227218734091,0.187849991515357,FALSE,FALSE,FALSE,FALSE,FALSE,FALSE
4521,"roisan",0.0271431685548968,-0.59189732143255,0.59867639572374,0.25063634820974,FALSE,FALSE,FALSE,FALSE,FALSE,FALSE
4522,"roisan",0.0305095534131734,-0.283607551121296,0.612251824198201,0.362633633124045,FALSE,FALSE,FALSE,FALSE,FALSE,FALSE
4523,"roisan",0.0705590621968284,-0.550190795226057,0.757169523163075,0.264211776684202,FALSE,FALSE,FALSE,FALSE,FALSE,FALSE
4524,"roisan",-0.0923648311916043,-0.701880110758382,0.173935177329034,0.219243169862549,FALSE,FALSE,FALSE,FALSE,FALSE,FALSE
4525,"roisan",-0.0871185975615205,-1.33411350346633,0.18411674868488,0.0938401493297132,FALSE,FALSE,FALSE,FALSE,FALSE,FALSE
4526,"roisan",0.0366684508819599,-1.16908223631784,0.635839131172578,0.118275920583743,FALSE,FALSE,FALSE,FALSE,FALSE,FALSE
4527,"roisan",0.125679410018138,-0.942651661001033,0.888511793653487,0.156287120312235,FALSE,FALSE,FALSE,FALSE,FALSE,FALSE
4528,"roisan",0.120205644800642,-0.638808086237161,0.881215000848464,0.236382148311556,FALSE,FALSE,FALSE,FALSE,FALSE,FALSE
4529,"roisan",-0.0495884798891755,-0.826136059113508,0.291023247921262,0.187340912947565,FALSE,FALSE,FALSE,FALSE,FALSE,FALSE
4530,"roisan",-0.0644196232867866,-0.382959572834136,0.24605464109961,0.323943661971831,FALSE,FALSE,FALSE,FALSE,FALSE,FALSE
4531,"roisan",-0.00137157325173298,0.111014660237425,0.480909553707789,0.535211267605634,FALSE,FALSE,FALSE,FALSE,FALSE,FALSE
4532,"roisan",-0.00500667421885836,0.31581202914775,0.465976582385882,0.623281859833701,FALSE,FALSE,FALSE,FALSE,FALSE,FALSE
4533,"roisan",0.110423137766446,-0.791019770532166,0.861700322416426,0.19735279144748,FALSE,FALSE,FALSE,FALSE,FALSE,FALSE
4534,"roisan",0.0122889267294202,-1.29678599531461,0.537926353300526,0.0980824707279823,FALSE,FALSE,FALSE,FALSE,FALSE,FALSE
4535,"roisan",0.0762479728441168,-1.49990197274725,0.773969115900221,0.0763617851688444,FALSE,FALSE,FALSE,FALSE,FALSE,FALSE
4536,"roisan",-0.0591727441336332,-1.13311087236461,0.261496690989309,0.123875784829459,FALSE,FALSE,FALSE,FALSE,FALSE,FALSE
4537,"roisan",-0.0449468780078046,-0.521272687396993,0.308840997793993,0.274732733751909,FALSE,FALSE,FALSE,FALSE,FALSE,FALSE
4538,"roisan",0.0314585569855268,-0.22933534360035,0.617172917020194,0.387748175801799,FALSE,FALSE,FALSE,FALSE,FALSE,FALSE
4539,"roisan",0.125048990078691,0.169349414573485,0.887833022229764,0.560156117427456,FALSE,FALSE,FALSE,FALSE,FALSE,FALSE
4540,"roisan",0.163832619123506,0.37938721830734,0.93568640760224,0.650432716782623,TRUE,FALSE,FALSE,FALSE,FALSE,FALSE
4541,"roisan",-0.101303524801631,-1.61925116366019,0.153911420329204,0.06431359239776,FALSE,FALSE,FALSE,FALSE,FALSE,FALSE
4542,"roisan",0.0410454765286659,-1.63812664230216,0.650602409638554,0.0632954352621755,FALSE,FALSE,FALSE,FALSE,FALSE,FALSE
4543,"roisan",0.0680502362375908,-2.57569840780165,0.749703037502121,0.0111997284914305,FALSE,FALSE,FALSE,FALSE,FALSE,FALSE
4544,"roisan",-0.0811918864850156,-1.14011768426072,0.198370948583065,0.122348549126082,FALSE,FALSE,FALSE,FALSE,FALSE,FALSE
4545,"roisan",0.0504181769348993,-2.00714877797665,0.683183437977261,0.0359748854573222,FALSE,FALSE,FALSE,FALSE,FALSE,FALSE
4546,"roisan",0.0340216048486521,-1.70904221884492,0.625827252672662,0.0558289496012218,FALSE,FALSE,FALSE,FALSE,FALSE,FALSE
4547,"roisan",0.0848429780171607,-2.02903521296694,0.798574580010182,0.0339385711861531,FALSE,FALSE,FALSE,FALSE,FALSE,FALSE
4548,"roisan",-0.162789952250442,0.123588693333288,0.0794162565755982,0.539962667571695,FALSE,FALSE,FALSE,FALSE,FALSE,FALSE
4549,"roisan",-0.114186154340501,-0.710274968873745,0.130493806210759,0.216358391311726,FALSE,FALSE,FALSE,FALSE,FALSE,FALSE
4550,"roisan",-0.0380846629734837,-0.421283590955589,0.330901069064992,0.311386390632954,FALSE,FALSE,FALSE,FALSE,FALSE,FALSE
4551,"roisan",0.0557744155973516,-0.522627435840896,0.702698116409299,0.274563040895978,FALSE,FALSE,FALSE,FALSE,FALSE,FALSE
4552,"roisan",0.0747629691128893,-0.371681720641714,0.769557101646021,0.3281859833701,FALSE,FALSE,FALSE,FALSE,FALSE,FALSE
4553,"roisan",-0.0528706622329178,-1.87792842490357,0.280502290853555,0.0425929068386221,FALSE,FALSE,FALSE,FALSE,FALSE,FALSE
4554,"roisan",-0.0390745001184829,0.137605470966269,0.328864754793823,0.546071610385203,FALSE,FALSE,FALSE,FALSE,FALSE,FALSE
4555,"roisan",-0.0275113321527822,-2.58261639159369,0.374512133039199,0.010860342779569,FALSE,FALSE,FALSE,FALSE,FALSE,FALSE
4556,"roisan",-0.0505627914202655,-1.0694754131718,0.28813846937044,0.134736127609028,FALSE,FALSE,FALSE,FALSE,FALSE,FALSE
4557,"roisan",0.0616259127433771,-1.39246850504405,0.727473273375191,0.0875615136602749,FALSE,FALSE,FALSE,FALSE,FALSE,FALSE
4558,"roisan",-0.0358182768928259,-0.289215339086927,0.340573561853046,0.35923977600543,FALSE,FALSE,FALSE,FALSE,FALSE,FALSE
4559,"roisan",0.0148396541070319,-2.17819120052328,0.547259460376718,0.0249448498218225,FALSE,FALSE,FALSE,FALSE,FALSE,FALSE
4560,"roisan",-0.115692653769951,-0.698509779103328,0.128287799083659,0.219921941286272,FALSE,FALSE,FALSE,FALSE,FALSE,FALSE
4561,"roisan",-0.108843670079002,-1.13892389864059,0.139487527575089,0.122687934837943,FALSE,FALSE,FALSE,FALSE,FALSE,FALSE
4562,"roisan",-0.0183491551129347,-1.37114138567711,0.409468861360937,0.0899372136433056,FALSE,FALSE,FALSE,FALSE,FALSE,FALSE
4563,"roisan",0.0748477102682532,-1.66174006998263,0.769896487357882,0.0600712709994909,FALSE,FALSE,FALSE,FALSE,FALSE,FALSE
4564,"roisan",0.0699023961151362,-1.24523652815604,0.754963516035975,0.106058034956728,FALSE,FALSE,FALSE,FALSE,FALSE,FALSE
4565,"roisan",-0.0238761367632332,-2.80266234330352,0.387408790089937,0.00526047853385372,FALSE,FALSE,FALSE,FALSE,FALSE,FALSE
4566,"roisan",0.0615368346213323,-2.34879994005235,0.726624809095537,0.0184965212964534,FALSE,FALSE,FALSE,FALSE,FALSE,FALSE
4567,"roisan",0.0641409710146625,-3.25570770774028,0.736976073307314,0.00118784999151536,FALSE,FALSE,FALSE,FALSE,FALSE,FALSE
4568,"roisan",-0.013337790957312,-3.09746301706989,0.428813846937044,0.00152723570337689,FALSE,FALSE,FALSE,FALSE,FALSE,FALSE
4569,"roisan",0.101084042163324,-2.86941199427281,0.842694722552181,0.00458170711013066,FALSE,FALSE,FALSE,FALSE,FALSE,FALSE
4570,"roisan",0.0444812537200043,-2.44012627894284,0.664008145257085,0.0151026641778381,FALSE,FALSE,FALSE,FALSE,FALSE,FALSE
4571,"roisan",0.0851055860246976,-1.78161943434279,0.800101815713558,0.0490412353639912,FALSE,FALSE,FALSE,FALSE,FALSE,FALSE
4572,"roisan",-0.0851763098302545,-0.678479255926371,0.189037841506873,0.224673341252333,FALSE,FALSE,FALSE,FALSE,FALSE,FALSE
4573,"roisan",-0.0678543830650664,-1.32407933700653,0.234854912608179,0.0955370778890209,FALSE,FALSE,FALSE,FALSE,FALSE,FALSE
4574,"roisan",0.0449725532276748,-1.43198562391587,0.665365688104531,0.0841676565416596,FALSE,FALSE,FALSE,FALSE,FALSE,FALSE
4575,"roisan",0.11067342414335,-0.641856092834326,0.862209400984219,0.235363991175971,FALSE,FALSE,FALSE,FALSE,FALSE,FALSE
4576,"roisan",0.170879740823313,-1.75007846067002,0.940607500424232,0.0517563210588834,TRUE,FALSE,FALSE,FALSE,FALSE,FALSE
4577,"roisan",0.0671873314315601,-2.93517610992068,0.746309180383506,0.00373324283047684,FALSE,FALSE,FALSE,FALSE,FALSE,FALSE
4578,"roisan",0.0245756998475439,-0.525401822016011,0.586458510096725,0.273544883760394,FALSE,FALSE,FALSE,FALSE,FALSE,FALSE
4579,"roisan",0.0302504799198466,-0.426179821356784,0.611403359918547,0.310198540641439,FALSE,FALSE,FALSE,FALSE,FALSE,FALSE
4580,"roisan",-0.0312327120486806,-0.729498167353734,0.359748854573222,0.21279484133718,FALSE,FALSE,FALSE,FALSE,FALSE,FALSE
4581,"roisan",0.0586084437485983,-0.533662462482709,0.713388766332937,0.270660105209571,FALSE,FALSE,FALSE,FALSE,FALSE,FALSE
4582,"roisan",-0.0394492730752258,-0.266637221179974,0.326998133378585,0.370100118784999,FALSE,FALSE,FALSE,FALSE,FALSE,FALSE
4583,"roisan",0.0255139451230786,-0.504099768625853,0.590870524350925,0.281350755133209,FALSE,FALSE,FALSE,FALSE,FALSE,FALSE
4584,"roisan",-0.102341582553169,-0.692882822185655,0.152214491769896,0.221279484133718,FALSE,FALSE,FALSE,FALSE,FALSE,FALSE
4585,"roisan",-0.148623231514952,-0.913164037903988,0.0895978279314441,0.163753605973189,FALSE,FALSE,FALSE,FALSE,FALSE,FALSE
4586,"roisan",-0.00780117158320692,-0.705292836462109,0.454267775326659,0.218055319871033,FALSE,FALSE,FALSE,FALSE,FALSE,FALSE
4587,"roisan",0.110140552298844,-1.10664487415344,0.861021550992703,0.129136263363312,FALSE,FALSE,FALSE,FALSE,FALSE,FALSE
4588,"roisan",0.102387251154331,-0.502817464055155,0.845240115391142,0.281859833701001,FALSE,FALSE,FALSE,FALSE,FALSE,FALSE
4589,"roisan",-0.0455764130945955,-0.669907440907221,0.307144069234685,0.228576276938741,FALSE,FALSE,FALSE,FALSE,FALSE,FALSE
4590,"roisan",-0.0407681203761001,-0.0962442301511827,0.322755811980316,0.447310368233497,FALSE,FALSE,FALSE,FALSE,FALSE,FALSE
4591,"roisan",0.110737010480143,-0.936065390859213,0.86254878669608,0.158323434583404,FALSE,FALSE,FALSE,FALSE,FALSE,FALSE
4592,"roisan",0.0276152473612399,-0.67017005089439,0.601052095706771,0.228236891226879,FALSE,FALSE,FALSE,FALSE,FALSE,FALSE
4593,"roisan",0.0580810554918099,-0.621304206594698,0.711522144917699,0.242830476836925,FALSE,FALSE,FALSE,FALSE,FALSE,FALSE
4594,"roisan",-0.0344377147129276,-0.10965858012491,0.34600373324283,0.442049889699644,FALSE,FALSE,FALSE,FALSE,FALSE,FALSE
4595,"roisan",0.0116062739319958,-0.156344810014771,0.535380960461565,0.419820125572713,FALSE,FALSE,FALSE,FALSE,FALSE,FALSE
4596,"roisan",-0.0661229968140535,-0.241338053848844,0.239097234006448,0.381639232988291,FALSE,FALSE,FALSE,FALSE,FALSE,FALSE
4597,"roisan",-0.0391123079906563,-1.22066644224942,0.328695061937892,0.109621584931274,FALSE,FALSE,FALSE,FALSE,FALSE,FALSE
4598,"roisan",0.0727572551712647,-0.953667380965154,0.763278465976582,0.153911420329204,FALSE,FALSE,FALSE,FALSE,FALSE,FALSE
4599,"roisan",-0.406319156355002,-0.921534626719229,0.0139148141863228,0.161717291702019,FALSE,FALSE,FALSE,FALSE,FALSE,FALSE
4600,"saint christophe",-0.13614572881797,-0.749762061283532,0.101306634990667,0.208213134227049,FALSE,FALSE,FALSE,FALSE,FALSE,FALSE
4601,"saint christophe",-0.1037463552075,-0.456305379908291,0.149838791786866,0.298998812150009,FALSE,FALSE,FALSE,FALSE,FALSE,FALSE
4602,"saint christophe",-0.0239755387311984,-0.392899889867274,0.387069404378076,0.3215679619888,FALSE,FALSE,FALSE,FALSE,FALSE,FALSE
4603,"saint christophe",-0.045804537121553,0.118932731332823,0.306465297810962,0.537756660444595,FALSE,FALSE,FALSE,FALSE,FALSE,FALSE
4604,"saint christophe",0.036750873644495,0.0660419064240408,0.636517902596301,0.515696589173596,FALSE,FALSE,FALSE,FALSE,FALSE,FALSE
4605,"saint christophe",-0.018758267498356,-0.290632137618649,0.40794162565756,0.358561004581707,FALSE,FALSE,FALSE,FALSE,FALSE,FALSE
4606,"saint christophe",-0.0734042673012816,-0.934409162283246,0.218734091294756,0.159341591718989,FALSE,FALSE,FALSE,FALSE,FALSE,FALSE
4607,"saint christophe",-0.115340000003743,-0.873161121665845,0.129136263363312,0.175292720176481,FALSE,FALSE,FALSE,FALSE,FALSE,FALSE
4608,"saint christophe",-0.0300401188737069,-0.459125335523201,0.364160868827422,0.297471576446632,FALSE,FALSE,FALSE,FALSE,FALSE,FALSE
4609,"saint christophe",-0.0396604823695217,-0.429296451526284,0.326489054810792,0.309519769217716,FALSE,FALSE,FALSE,FALSE,FALSE,FALSE
4610,"saint christophe",-0.200457403116811,-0.597064594243848,0.0593924995757679,0.249618191074156,FALSE,FALSE,FALSE,FALSE,FALSE,FALSE
4611,"saint christophe",-0.149644137158726,-0.28957655482947,0.0887493636517903,0.358900390293569,FALSE,FALSE,FALSE,FALSE,FALSE,FALSE
4612,"saint christophe",-0.00678041110922223,0.290635024922599,0.459188868148651,0.613100288477855,FALSE,FALSE,FALSE,FALSE,FALSE,FALSE
4613,"saint christophe",-0.0231475934005445,0.130360278800099,0.390123875784829,0.54318683183438,FALSE,FALSE,FALSE,FALSE,FALSE,FALSE
4614,"saint christophe",0.0358693465257485,-2.60370401911878,0.633463431189547,0.0105209570677074,FALSE,FALSE,FALSE,FALSE,FALSE,FALSE
4615,"saint christophe",-0.0167820664740983,-1.31537330936062,0.415238418462583,0.0962158493127439,FALSE,FALSE,FALSE,FALSE,FALSE,FALSE
4616,"saint christophe",0.107810700640794,0.143386889578643,0.856609536738503,0.549465467503818,FALSE,FALSE,FALSE,FALSE,FALSE,FALSE
4617,"saint christophe",-0.260416591259139,-0.708707699095241,0.0363142711691838,0.217037162735449,FALSE,FALSE,FALSE,FALSE,FALSE,FALSE
4618,"saint christophe",-0.0610011281689999,-0.547013478886881,0.255896826743594,0.265060240963855,FALSE,FALSE,FALSE,FALSE,FALSE,FALSE
4619,"saint christophe",-0.0895840024037522,-0.313186053494304,0.179365348718819,0.350585440352961,FALSE,FALSE,FALSE,FALSE,FALSE,FALSE
4620,"saint christophe",-0.0872997837864737,-0.0278110196448263,0.183777362973019,0.474800610894281,FALSE,FALSE,FALSE,FALSE,FALSE,FALSE
4621,"saint christophe",-0.110237906851442,0.0591568473207372,0.136942134736128,0.511793653487188,FALSE,FALSE,FALSE,FALSE,FALSE,FALSE
4622,"saint christophe",-0.226427482901297,0.30961172880255,0.0453079925335143,0.62090615985067,FALSE,FALSE,FALSE,FALSE,FALSE,FALSE
4623,"saint christophe",-0.0946445813003312,-0.598760596845688,0.167826234515527,0.248939419650433,FALSE,FALSE,FALSE,FALSE,FALSE,FALSE
4624,"saint christophe",-0.0885660551647973,-0.947333185476542,0.181062277278127,0.154929577464789,FALSE,FALSE,FALSE,FALSE,FALSE,FALSE
4625,"saint christophe",-0.110093971689819,-0.460517185578608,0.137281520447989,0.296962497878839,FALSE,FALSE,FALSE,FALSE,FALSE,FALSE
4626,"saint christophe",-0.00898911973973782,-0.178032067722305,0.449346682504667,0.41014763278466,FALSE,FALSE,FALSE,FALSE,FALSE,FALSE
4627,"saint christophe",-0.07029659231506,0.0947156338003595,0.227558119803156,0.529441710503988,FALSE,FALSE,FALSE,FALSE,FALSE,FALSE
4628,"saint christophe",-0.0104785019158733,-0.148527304636347,0.440522653996267,0.424741218394706,FALSE,FALSE,FALSE,FALSE,FALSE,FALSE
4629,"saint christophe",0.14121473420939,-0.264303712858521,0.910402172068556,0.371118275920584,TRUE,FALSE,FALSE,FALSE,FALSE,FALSE
4630,"saint christophe",-0.0691601846636338,-0.618166249604923,0.230273205498049,0.243509248260648,FALSE,FALSE,FALSE,FALSE,FALSE,FALSE
4631,"saint christophe",-0.00233493099083226,-0.361457221965016,0.477685389445104,0.332088919056508,FALSE,FALSE,FALSE,FALSE,FALSE,FALSE
4632,"saint christophe",0.0586863888013927,-0.134896216043069,0.713728152044799,0.431019854064144,FALSE,FALSE,FALSE,FALSE,FALSE,FALSE
4633,"saint christophe",0.0254726519558428,0.244410071915418,0.590531138639063,0.591379602918717,FALSE,FALSE,FALSE,FALSE,FALSE,FALSE
4634,"saint christophe",-0.0736877256558177,0.38433038106847,0.217885627015103,0.652129645341931,FALSE,FALSE,FALSE,FALSE,FALSE,FALSE
4635,"saint christophe",-0.0285218306826405,0.271337193883027,0.371287968776514,0.604955031393178,FALSE,FALSE,FALSE,FALSE,FALSE,FALSE
4636,"saint christophe",-0.208532673030902,-1.12834085602829,0.0551501781774987,0.124384863397251,FALSE,FALSE,FALSE,FALSE,FALSE,FALSE
4637,"saint christophe",-0.071337023266306,-0.888320261481098,0.224164262684541,0.170541320210419,FALSE,FALSE,FALSE,FALSE,FALSE,FALSE
4638,"saint christophe",0.0350799783516145,-0.654262831346578,0.631427116918378,0.233667062616664,FALSE,FALSE,FALSE,FALSE,FALSE,FALSE
4639,"saint christophe",-0.10542930573164,0.0900990566695459,0.145766163244527,0.526556931953165,FALSE,FALSE,FALSE,FALSE,FALSE,FALSE
4640,"saint christophe",0.0578923822456048,0.328227499825548,0.710843373493976,0.629560495503139,FALSE,FALSE,FALSE,FALSE,FALSE,FALSE
4641,"saint christophe",-0.0352506249696454,-0.510809929133953,0.342440183268284,0.278296283726455,FALSE,FALSE,FALSE,FALSE,FALSE,FALSE
4642,"saint christophe",-0.0924870227983963,-0.936629669979379,0.173595791617173,0.158153741727473,FALSE,FALSE,FALSE,FALSE,FALSE,FALSE
4643,"saint christophe",-0.113351650818736,-0.914744981425868,0.131511963346343,0.163244527405396,FALSE,FALSE,FALSE,FALSE,FALSE,FALSE
4644,"saint christophe",-0.112101976756437,-0.916487520832387,0.133548277617512,0.162905141693535,FALSE,FALSE,FALSE,FALSE,FALSE,FALSE
4645,"saint christophe",-0.205975223048668,-0.174373462899432,0.0568471067368064,0.411674868488037,FALSE,FALSE,FALSE,FALSE,FALSE,FALSE
4646,"saint christophe",-0.224099635705379,-0.438714754508776,0.0463261496690989,0.306634990666893,FALSE,FALSE,FALSE,FALSE,FALSE,FALSE
4647,"saint christophe",-0.147038769827374,-0.388938887075838,0.091803835058544,0.322586119124385,FALSE,FALSE,FALSE,FALSE,FALSE,FALSE
4648,"saint christophe",-0.0391135226855344,-0.461092562428064,0.328525369081962,0.296453419311047,FALSE,FALSE,FALSE,FALSE,FALSE,FALSE
4649,"saint christophe",-0.0640198420820397,-0.444683292693154,0.247751569658917,0.303071440692347,FALSE,FALSE,FALSE,FALSE,FALSE,FALSE
4650,"saint christophe",-0.000741529280219311,-0.284308794551765,0.483964025114543,0.362294247412184,FALSE,FALSE,FALSE,FALSE,FALSE,FALSE
4651,"saint christophe",-0.0870886553212884,0.30971211800927,0.184286441540811,0.621075852706601,FALSE,FALSE,FALSE,FALSE,FALSE,FALSE
4652,"saint christophe",-0.024756382468917,0.342283681320252,0.384354318683183,0.634481588325131,FALSE,FALSE,FALSE,FALSE,FALSE,FALSE
4653,"saint christophe",0.0412274363182963,-0.362694259715257,0.651281181062277,0.331579840488715,FALSE,FALSE,FALSE,FALSE,FALSE,FALSE
4654,"saint christophe",-0.115984819568393,-0.888795541500991,0.127439334804005,0.170371627354488,FALSE,FALSE,FALSE,FALSE,FALSE,FALSE
4655,"saint christophe",-0.0504425322587494,-0.988838306254974,0.288477855082301,0.147123706091974,FALSE,FALSE,FALSE,FALSE,FALSE,FALSE
4656,"saint christophe",-0.0468016766439749,-0.353038489986267,0.302732054980485,0.335313083319192,FALSE,FALSE,FALSE,FALSE,FALSE,FALSE
4657,"saint christophe",0.00617457541444111,0.0104546519963459,0.512981503478704,0.491600203631427,FALSE,FALSE,FALSE,FALSE,FALSE,FALSE
4658,"saint christophe",-0.0494025636680391,-0.259578483819899,0.292380790768709,0.374172747327338,FALSE,FALSE,FALSE,FALSE,FALSE,FALSE
4659,"saint christophe",-0.109795686230703,0.0984942912444928,0.137790599015781,0.531647717631088,FALSE,FALSE,FALSE,FALSE,FALSE,FALSE
4660,"saint christophe",0.204331166553052,-0.310045841723587,0.961819107415578,0.351264211776684,TRUE,FALSE,FALSE,TRUE,FALSE,FALSE
4661,"saint christophe",0.100133204548523,-0.381821515208003,0.838622094009842,0.324452740539623,FALSE,FALSE,FALSE,FALSE,FALSE,FALSE
4662,"saint christophe",0.185256976819092,-0.350103567660186,0.951807228915663,0.336840319022569,TRUE,FALSE,FALSE,TRUE,FALSE,FALSE
4663,"saint christophe",0.0707297411660601,0.170341719729295,0.757848294586798,0.561174274563041,FALSE,FALSE,FALSE,FALSE,FALSE,FALSE
4664,"saint christophe",0.14189013622147,0.169738729297462,0.911080943492279,0.560665195995249,TRUE,FALSE,FALSE,FALSE,FALSE,FALSE
4665,"saint christophe",0.0420111160209391,-0.567601335063129,0.654505345324962,0.257424062446971,FALSE,FALSE,FALSE,FALSE,FALSE,FALSE
4666,"saint christophe",0.16863867473584,-0.86921758126724,0.939928729000509,0.176650263023927,TRUE,FALSE,FALSE,FALSE,FALSE,FALSE
4667,"saint christophe",0.119638084531219,-0.622772129026985,0.879857458001018,0.241982012557271,FALSE,FALSE,FALSE,FALSE,FALSE,FALSE
4668,"saint christophe",0.026681090793053,-0.778030451741433,0.596131002884779,0.200407262854234,FALSE,FALSE,FALSE,FALSE,FALSE,FALSE
4669,"saint christophe",0.100362917526148,-0.198757113759697,0.839979636857288,0.403359918547429,FALSE,FALSE,FALSE,FALSE,FALSE,FALSE
4670,"saint christophe",0.000241804697816761,-0.0476019843501303,0.488036653656881,0.467334125233328,FALSE,FALSE,FALSE,FALSE,FALSE,FALSE
4671,"saint christophe",0.0234242484985288,0.0607178794773772,0.581537417274733,0.513490582046496,FALSE,FALSE,FALSE,FALSE,FALSE,FALSE
4672,"saint christophe",0.0985109405756894,-0.505966105129589,0.833361615475988,0.280502290853555,FALSE,FALSE,FALSE,FALSE,FALSE,FALSE
4673,"saint christophe",0.0370050322899793,-0.268225020413782,0.637366366875954,0.368742575937553,FALSE,FALSE,FALSE,FALSE,FALSE,FALSE
4674,"saint christophe",0.0546045886452156,-0.150724330696708,0.700152723570338,0.423213982691329,FALSE,FALSE,FALSE,FALSE,FALSE,FALSE
4675,"saint christophe",0.0123487421208353,0.333318955377202,0.538096046156457,0.632105888342101,FALSE,FALSE,FALSE,FALSE,FALSE,FALSE
4676,"saint christophe",0.109380846901345,0.501539550976558,0.859664008145257,0.696758866451722,FALSE,FALSE,FALSE,FALSE,FALSE,FALSE
4677,"saint christophe",0.191114422007628,-0.045752178256167,0.956388936025793,0.467503818089258,TRUE,FALSE,FALSE,TRUE,FALSE,FALSE
4678,"saint christophe",-0.0014532634576554,-0.939772731803693,0.480739860851858,0.156965891735958,FALSE,FALSE,FALSE,FALSE,FALSE,FALSE
4679,"saint christophe",0.0653185744957803,-0.798481505777213,0.740200237569998,0.19514678432038,FALSE,FALSE,FALSE,FALSE,FALSE,FALSE
4680,"saint christophe",0.0802062721126102,-0.68969035917045,0.78703546580689,0.222297641269303,FALSE,FALSE,FALSE,FALSE,FALSE,FALSE
4681,"saint denis",0.00805236872729331,-1.10613242868114,0.52095706770745,0.129305956219243,FALSE,FALSE,FALSE,FALSE,FALSE,FALSE
4682,"saint denis",0.00510897174166125,-0.316894973395583,0.508399796368573,0.349058204649584,FALSE,FALSE,FALSE,FALSE,FALSE,FALSE
4683,"saint denis",0.0168989349644928,-1.14173749062922,0.555744103173256,0.121839470558289,FALSE,FALSE,FALSE,FALSE,FALSE,FALSE
4684,"saint denis",0.0397681957306517,0.253616437169681,0.646699473952147,0.596809774308502,FALSE,FALSE,FALSE,FALSE,FALSE,FALSE
4685,"saint denis",0.120417625617655,-0.836169973004674,0.881893772272187,0.184286441540811,FALSE,FALSE,FALSE,FALSE,FALSE,FALSE
4686,"saint denis",0.0515147429176537,-0.614794053854834,0.688613609367046,0.244527405396233,FALSE,FALSE,FALSE,FALSE,FALSE,FALSE
4687,"saint denis",0.0887794641241939,-1.04899846186394,0.809434922789751,0.138639063295435,FALSE,FALSE,FALSE,FALSE,FALSE,FALSE
4688,"saint denis",0.0975705011967651,-0.976120064068197,0.830816222637027,0.150347870354658,FALSE,FALSE,FALSE,FALSE,FALSE,FALSE
4689,"saint denis",0.0495167351321246,-1.03851016096268,0.679110809434923,0.140505684710674,FALSE,FALSE,FALSE,FALSE,FALSE,FALSE
4690,"saint denis",0.0558004300484818,-0.375525943376156,0.70286780926523,0.327167826234516,FALSE,FALSE,FALSE,FALSE,FALSE,FALSE
4691,"saint denis",0.260241801256262,-0.456723776611425,0.974036993042593,0.298829119294078,TRUE,FALSE,FALSE,TRUE,FALSE,FALSE
4692,"saint denis",-0.258338243802516,-0.213294959668799,0.0368233497369761,0.396572204310199,FALSE,FALSE,FALSE,FALSE,FALSE,FALSE
4693,"saint denis",0.0322533991827925,-0.443718532986788,0.619378924147293,0.30375021211607,FALSE,FALSE,FALSE,FALSE,FALSE,FALSE
4694,"saint denis",-0.0987935933380832,0.782724288391575,0.160190055998642,0.78720515866282,FALSE,FALSE,FALSE,FALSE,FALSE,FALSE
4695,"saint denis",0.106716117634768,-1.26135974153192,0.854912608179196,0.103512642117767,FALSE,FALSE,FALSE,FALSE,FALSE,FALSE
4696,"saint denis",-0.00149778540582091,-0.562663392631779,0.480230782284066,0.258442219582556,FALSE,FALSE,FALSE,FALSE,FALSE,FALSE
4697,"saint denis",0.0412834291928679,-0.770090255674375,0.651620566774139,0.203292041405057,FALSE,FALSE,FALSE,FALSE,FALSE,FALSE
4698,"saint denis",-0.0491118528183883,-0.296306138808017,0.293229255048362,0.356354997454607,FALSE,FALSE,FALSE,FALSE,FALSE,FALSE
4699,"saint denis",-0.0408238923653066,-0.833201954000734,0.322246733412523,0.185134905820465,FALSE,FALSE,FALSE,FALSE,FALSE,FALSE
4700,"saint denis",0.0234298500517252,-0.208392934504126,0.581707110130663,0.398099440013575,FALSE,FALSE,FALSE,FALSE,FALSE,FALSE
4701,"saint denis",-0.0542726047035789,-0.281854024833307,0.275920583743424,0.363312404547769,FALSE,FALSE,FALSE,FALSE,FALSE,FALSE
4702,"saint denis",0.0598701124466228,-0.937686934913588,0.718140166298999,0.157644663159681,FALSE,FALSE,FALSE,FALSE,FALSE,FALSE
4703,"saint denis",-0.165984383637516,-0.870237735557337,0.0778890208722213,0.175971491600204,FALSE,FALSE,FALSE,FALSE,FALSE,FALSE
4704,"saint denis",0.0306267125766695,-1.34192047944983,0.613609367045647,0.0928219921941286,FALSE,FALSE,FALSE,FALSE,FALSE,FALSE
4705,"saint denis",-0.0399990826850676,-1.910682446644,0.324961819107416,0.0410656711352452,FALSE,FALSE,FALSE,FALSE,FALSE,FALSE
4706,"saint denis",-0.0281751630467451,-1.52004553135573,0.372136433056168,0.0743254708976752,FALSE,FALSE,FALSE,FALSE,FALSE,FALSE
4707,"saint denis",0.037102838840898,-1.26935180775773,0.637536059731885,0.10198540641439,FALSE,FALSE,FALSE,FALSE,FALSE,FALSE
4708,"saint denis",-0.0478843154795552,-0.982585690597497,0.299168505005939,0.148311556083489,FALSE,FALSE,FALSE,FALSE,FALSE,FALSE
4709,"saint denis",0.0472289251472553,-1.35899504387256,0.672832173765484,0.091125063634821,FALSE,FALSE,FALSE,FALSE,FALSE,FALSE
4710,"saint denis",-0.0571362792159693,-1.53431555519699,0.267266248090955,0.0726285423383676,FALSE,FALSE,FALSE,FALSE,FALSE,FALSE
4711,"saint denis",-0.0416594077211379,-2.49156982549837,0.319701340573562,0.0130663499066689,FALSE,FALSE,FALSE,FALSE,FALSE,FALSE
4712,"saint denis",0.0301323060382561,-2.52206392488779,0.611063974206686,0.0122178856270151,FALSE,FALSE,FALSE,FALSE,FALSE,FALSE
4713,"saint denis",0.0180499322879744,-1.84880005458038,0.562362124554556,0.0451382996775836,FALSE,FALSE,FALSE,FALSE,FALSE,FALSE
4714,"saint denis",0.0850389331372607,-1.50891137947258,0.799592737145766,0.0760223994569829,FALSE,FALSE,FALSE,FALSE,FALSE,FALSE
4715,"saint denis",-0.100453220389777,-1.25035786145211,0.155608348888512,0.104700492109282,FALSE,FALSE,FALSE,FALSE,FALSE,FALSE
4716,"saint denis",-0.0180807280952777,-1.4756643864919,0.410487018496521,0.0794162565755982,FALSE,FALSE,FALSE,FALSE,FALSE,FALSE
4717,"saint denis",0.0115453601993885,-2.56007937278002,0.534871881893772,0.011539114203292,FALSE,FALSE,FALSE,FALSE,FALSE,FALSE
4718,"saint denis",-0.0291166494124813,-2.57338341508187,0.36806380451383,0.0113694213473613,FALSE,FALSE,FALSE,FALSE,FALSE,FALSE
4719,"saint denis",0.121206340360837,-2.16325783258904,0.883251315119634,0.0257933141014763,FALSE,FALSE,FALSE,FALSE,FALSE,FALSE
4720,"saint denis",0.00817340335266081,-1.65580805808112,0.521635839131173,0.0610894281350755,FALSE,FALSE,FALSE,FALSE,FALSE,FALSE
4721,"saint denis",0.0572150069261887,-1.43709343141027,0.708637366366876,0.0834888851179365,FALSE,FALSE,FALSE,FALSE,FALSE,FALSE
4722,"saint denis",0.0107892152250599,-2.30451735657809,0.532326489054811,0.0203631427116918,FALSE,FALSE,FALSE,FALSE,FALSE,FALSE
4723,"saint denis",-0.0109939701524091,-1.10826074606925,0.438825725436959,0.12862718479552,FALSE,FALSE,FALSE,FALSE,FALSE,FALSE
4724,"saint denis",0.0400038869716983,-1.5308116016468,0.6475479382318,0.0727982351942983,FALSE,FALSE,FALSE,FALSE,FALSE,FALSE
4725,"saint denis",0.0178797583352743,-2.40127018000318,0.561683353130833,0.016629899881215,FALSE,FALSE,FALSE,FALSE,FALSE,FALSE
4726,"saint denis",0.131116246105847,-1.82558419168755,0.896826743594095,0.0464958425250297,FALSE,FALSE,FALSE,FALSE,FALSE,FALSE
4727,"saint denis",-0.0887500281293736,-2.11805421759653,0.180553198710334,0.0283387069404378,FALSE,FALSE,FALSE,FALSE,FALSE,FALSE
4728,"saint denis",0.141718848397208,-2.29152129729508,0.910911250636348,0.0207025284235534,TRUE,FALSE,FALSE,FALSE,FALSE,FALSE
4729,"saint denis",0.0265885195064204,-1.2474630632218,0.595621924316986,0.105379263533005,FALSE,FALSE,FALSE,FALSE,FALSE,FALSE
4730,"saint denis",-0.055920618583631,-1.47363832197547,0.271169183777363,0.0797556422874597,FALSE,FALSE,FALSE,FALSE,FALSE,FALSE
4731,"saint denis",0.106266621845167,-2.13890069024503,0.85372475818768,0.027490242660784,FALSE,FALSE,FALSE,FALSE,FALSE,FALSE
4732,"saint denis",0.0372505281871582,-0.775710344833051,0.638384524011539,0.200916341422026,FALSE,FALSE,FALSE,FALSE,FALSE,FALSE
4733,"saint denis",0.0407463281481295,0.119451494294685,0.6497539453589,0.538096046156457,FALSE,FALSE,FALSE,FALSE,FALSE,FALSE
4734,"saint denis",-0.0253504633123054,-1.12092553338132,0.38129984727643,0.125742406244697,FALSE,FALSE,FALSE,FALSE,FALSE,FALSE
4735,"saint denis",-0.0522412378452355,-1.13894598665687,0.282708297980655,0.122518241982013,FALSE,FALSE,FALSE,FALSE,FALSE,FALSE
4736,"saint denis",0.0303107664904942,-1.8767354584227,0.611573052774478,0.0429322925504836,FALSE,FALSE,FALSE,FALSE,FALSE,FALSE
4737,"saint denis",0.0179373673453558,-2.47507743782861,0.561853045986764,0.013745121330392,FALSE,FALSE,FALSE,FALSE,FALSE,FALSE
4738,"saint denis",0.0212024770815944,-0.411750581619983,0.575089088749364,0.31478024775157,FALSE,FALSE,FALSE,FALSE,FALSE,FALSE
4739,"saint denis",-0.070172816950933,-2.28569591988168,0.227897505515018,0.0212116069913457,FALSE,FALSE,FALSE,FALSE,FALSE,FALSE
4740,"saint denis",-0.00454578447420317,-0.823129079266064,0.468182589512982,0.188019684371288,FALSE,FALSE,FALSE,FALSE,FALSE,FALSE
4741,"saint denis",2.33147096116251,-1.40127795954991,0.999321228576277,0.0870524350924826,TRUE,FALSE,FALSE,TRUE,FALSE,FALSE
4742,"saint denis",-0.0838912956172777,-0.56018046073543,0.191583234345834,0.259630069574071,FALSE,FALSE,FALSE,FALSE,FALSE,FALSE
4743,"saint denis",0.0739911091375127,0.173803262436331,0.767690480230782,0.562871203122349,FALSE,FALSE,FALSE,FALSE,FALSE,FALSE
4744,"saint denis",-0.106533416372791,-0.828860627002037,0.144578313253012,0.186492448667911,FALSE,FALSE,FALSE,FALSE,FALSE,FALSE
4745,"saint denis",-0.0516492984809496,-0.401880241888908,0.285083997963686,0.318174104870185,FALSE,FALSE,FALSE,FALSE,FALSE,FALSE
4746,"saint denis",0.0286530758951589,-0.15871564473522,0.604785338537248,0.419650432716783,FALSE,FALSE,FALSE,FALSE,FALSE,FALSE
4747,"saint denis",-0.0181384664671924,-1.06778896897187,0.410317325640591,0.135414899032751,FALSE,FALSE,FALSE,FALSE,FALSE,FALSE
4748,"saint denis",0.132344364486377,-1.17179138823927,0.898693365009333,0.117766842015951,FALSE,FALSE,FALSE,FALSE,FALSE,FALSE
4749,"saint denis",-0.0448888025017062,-0.66933964385205,0.309180383505854,0.228915662650602,FALSE,FALSE,FALSE,FALSE,FALSE,FALSE
4750,"saint denis",-0.022006609323256,-0.132688982203261,0.39470558289496,0.432547089767521,FALSE,FALSE,FALSE,FALSE,FALSE,FALSE
4751,"saint denis",-0.751203824256757,-0.880794027834905,0.00169692855930765,0.172747327337519,FALSE,FALSE,FALSE,FALSE,FALSE,FALSE
4752,"saint denis",-0.00645748878060992,-0.365363162037693,0.459867639572374,0.330561683353131,FALSE,FALSE,FALSE,FALSE,FALSE,FALSE
4753,"saint denis",-0.0245856828620212,-0.150612645875701,0.385033090106907,0.423383675547259,FALSE,FALSE,FALSE,FALSE,FALSE,FALSE
4754,"saint denis",0.0908221670721314,-0.678330735860346,0.815543865603258,0.224843034108264,FALSE,FALSE,FALSE,FALSE,FALSE,FALSE
4755,"saint denis",-0.0878926960766773,-0.277137510000669,0.182419820125573,0.36585779738673,FALSE,FALSE,FALSE,FALSE,FALSE,FALSE
4756,"saint denis",-0.0241948646128183,-0.876968800177611,0.386051247242491,0.174104870184965,FALSE,FALSE,FALSE,FALSE,FALSE,FALSE
4757,"saint denis",0.019284591782851,-1.07611811535425,0.567792295944341,0.134057356185305,FALSE,FALSE,FALSE,FALSE,FALSE,FALSE
4758,"saint denis",-0.602083282502775,-1.92778951615722,0.00373324283047684,0.0400475139996606,FALSE,FALSE,FALSE,FALSE,FALSE,FALSE
4759,"saint marcel",-0.0028372558286236,-1.64885252980905,0.476836925165451,0.0621075852706601,FALSE,FALSE,FALSE,FALSE,FALSE,FALSE
4760,"saint marcel",-0.0319465454705004,-1.4665783829017,0.356015611742746,0.0804344137111828,FALSE,FALSE,FALSE,FALSE,FALSE,FALSE
4761,"saint marcel",0.111744994244612,-1.25309547180044,0.865603258102834,0.104361106397421,FALSE,FALSE,FALSE,FALSE,FALSE,FALSE
4762,"saint marcel",0.0694831107637395,-1.26900529129894,0.75377566604446,0.102155099270321,FALSE,FALSE,FALSE,FALSE,FALSE,FALSE
4763,"saint marcel",0.142393816753014,-1.51703379324933,0.911759714916002,0.075173935177329,TRUE,FALSE,FALSE,FALSE,FALSE,FALSE
4764,"saint marcel",-0.0644488364776681,-1.92861497871146,0.245715255387748,0.0398778211437298,FALSE,FALSE,FALSE,FALSE,FALSE,FALSE
4765,"saint marcel",-0.0508213186444948,-2.6438380394939,0.287459697946716,0.00865433565246903,FALSE,FALSE,FALSE,FALSE,FALSE,FALSE
4766,"saint marcel",0.00758140510829897,-3.05384482863868,0.519429832004073,0.00220600712709995,FALSE,FALSE,FALSE,FALSE,FALSE,FALSE
4767,"saint marcel",0.109359044450947,-3.77201973052892,0.859494315289326,0.000169692855930765,FALSE,FALSE,FALSE,FALSE,FALSE,FALSE
4768,"saint marcel",0.187883982338491,-2.64827165803225,0.95333446461904,0.00848464279653827,TRUE,FALSE,FALSE,TRUE,FALSE,FALSE
4769,"saint marcel",-0.141919771414054,-2.16069800655341,0.0963855421686747,0.0259630069574071,FALSE,FALSE,FALSE,FALSE,FALSE,FALSE
4770,"saint marcel",-0.0856972963242768,-1.64405208100669,0.187510605803496,0.0627863566943832,FALSE,FALSE,FALSE,FALSE,FALSE,FALSE
4771,"saint marcel",0.134030340845248,-1.31786128464633,0.901069064992364,0.0958764636008824,TRUE,FALSE,FALSE,FALSE,FALSE,FALSE
4772,"saint marcel",0.0706477015046953,-1.498969789951,0.757678601730867,0.0768708637366367,FALSE,FALSE,FALSE,FALSE,FALSE,FALSE
4773,"saint marcel",0.196674528757596,-2.45672742747599,0.959613100288478,0.0144238927541151,TRUE,FALSE,FALSE,TRUE,FALSE,FALSE
4774,"saint marcel",0.0960412512939932,-1.77714629967414,0.827931444086204,0.0495503139317835,FALSE,FALSE,FALSE,FALSE,FALSE,FALSE
4775,"saint marcel",0.173077050971365,-1.96045031487172,0.941965043271678,0.0375021211606991,TRUE,FALSE,FALSE,FALSE,FALSE,FALSE
4776,"saint marcel",-0.00725693268713634,-1.9409822315721,0.456643475309689,0.0385202782962837,FALSE,FALSE,FALSE,FALSE,FALSE,FALSE
4777,"saint marcel",-0.0451843411112929,-1.49868502789695,0.307992533514339,0.0770405565925674,FALSE,FALSE,FALSE,FALSE,FALSE,FALSE
4778,"saint marcel",-0.0225814374546314,-0.885259331058518,0.392838961479722,0.171220091634142,FALSE,FALSE,FALSE,FALSE,FALSE,FALSE
4779,"saint marcel",-0.0115823898182708,-0.860584628860312,0.436110639742067,0.178686577295096,FALSE,FALSE,FALSE,FALSE,FALSE,FALSE
4780,"saint marcel",0.0473974072581491,-0.894056847778215,0.673001866621415,0.169014084507042,FALSE,FALSE,FALSE,FALSE,FALSE,FALSE
4781,"saint marcel",-0.0338030891482326,-1.97451115070508,0.349227897505515,0.0366536568810453,FALSE,FALSE,FALSE,FALSE,FALSE,FALSE
4782,"saint marcel",0.0805532559167368,-2.45366594947047,0.788223315798405,0.0147632784659766,FALSE,FALSE,FALSE,FALSE,FALSE,FALSE
4783,"saint marcel",0.114885424308088,-3.03017042808488,0.872221279484134,0.00305447140675378,FALSE,FALSE,FALSE,FALSE,FALSE,FALSE
4784,"saint marcel",0.0900641285151806,-2.67834214912914,0.813168165620227,0.0078058713728152,FALSE,FALSE,FALSE,FALSE,FALSE,FALSE
4785,"saint marcel",0.178212159948306,-2.47572612676322,0.946377057525878,0.0135754284744612,TRUE,FALSE,FALSE,FALSE,FALSE,FALSE
4786,"saint marcel",0.0722862227155421,-2.23523555828357,0.761751230273205,0.0232479212625148,FALSE,FALSE,FALSE,FALSE,FALSE,FALSE
4787,"saint marcel",0.165090818814878,-2.71642287231767,0.936874257593755,0.00712709994909214,TRUE,FALSE,FALSE,FALSE,FALSE,FALSE
4788,"saint marcel",-0.115817940139982,-1.31820144681626,0.127778720515866,0.0957067707449516,FALSE,FALSE,FALSE,FALSE,FALSE,FALSE
4789,"saint marcel",-0.138996475522717,-1.64738589834245,0.0992703207194977,0.0622772781265909,FALSE,FALSE,FALSE,FALSE,FALSE,FALSE
4790,"saint marcel",-0.182140180087387,-0.814682027808283,0.0678771423723061,0.191583234345834,FALSE,FALSE,FALSE,FALSE,FALSE,FALSE
4791,"saint marcel",0.0972045836704627,-0.897073863649596,0.829798065501442,0.168335313083319,FALSE,FALSE,FALSE,FALSE,FALSE,FALSE
4792,"saint marcel",0.155725588405485,-2.58244842623522,0.926183607670117,0.0110300356354997,TRUE,FALSE,FALSE,FALSE,FALSE,FALSE
4793,"saint marcel",-0.0116660591456661,-1.65000207644083,0.435771254030205,0.0619378924147293,FALSE,FALSE,FALSE,FALSE,FALSE,FALSE
4794,"saint marcel",0.0127823117300956,-0.200951375416087,0.540471746139488,0.402341761411845,FALSE,FALSE,FALSE,FALSE,FALSE,FALSE
4795,"saint marcel",0.0668122530889654,-1.2883230265223,0.74495163753606,0.0996097064313592,FALSE,FALSE,FALSE,FALSE,FALSE,FALSE
4796,"saint marcel",0.0120122617332967,-1.92955567382166,0.536908196164941,0.0397081282877991,FALSE,FALSE,FALSE,FALSE,FALSE,FALSE
4797,"saint marcel",0.138216394886721,-1.85610463513997,0.905820464958425,0.044120142541999,TRUE,FALSE,FALSE,FALSE,FALSE,FALSE
4798,"saint marcel",0.129587821593962,-0.677287885069468,0.893941965043272,0.225352112676056,FALSE,FALSE,FALSE,FALSE,FALSE,FALSE
4799,"saint marcel",0.152950304824735,-0.69825427813596,0.923468521975225,0.220091634142203,TRUE,FALSE,FALSE,FALSE,FALSE,FALSE
4800,"saint marcel",-0.0389883631067729,-1.46015456366176,0.329713219073477,0.0807737994230443,FALSE,FALSE,FALSE,FALSE,FALSE,FALSE
4801,"saint marcel",-0.1824944488607,-1.37363979585571,0.0675377566604446,0.0894281350755133,FALSE,FALSE,FALSE,FALSE,FALSE,FALSE
4802,"saint marcel",-0.058614751199018,-1.61358128799757,0.262854233836755,0.0651620566774139,FALSE,FALSE,FALSE,FALSE,FALSE,FALSE
4803,"saint marcel",0.0867424280401252,-1.70836565110896,0.805362294247412,0.0559986424571526,FALSE,FALSE,FALSE,FALSE,FALSE,FALSE
4804,"saint marcel",-0.0822434376725685,-0.963890957523032,0.195486170032242,0.151705413202104,FALSE,FALSE,FALSE,FALSE,FALSE,FALSE
4805,"saint marcel",-0.11901818525611,-1.6285151339042,0.123027320549805,0.063634820974037,FALSE,FALSE,FALSE,FALSE,FALSE,FALSE
4806,"saint marcel",0.0328864312167951,-1.3446055694866,0.621584931274393,0.0924826064822671,FALSE,FALSE,FALSE,FALSE,FALSE,FALSE
4807,"saint marcel",0.171454245436797,-2.32298303681382,0.941286271847955,0.0198540641438995,TRUE,FALSE,FALSE,FALSE,FALSE,FALSE
4808,"saint marcel",0.0786003920862903,-2.79722078512574,0.782453758696759,0.00559986424571525,FALSE,FALSE,FALSE,FALSE,FALSE,FALSE
4809,"saint marcel",0.0982695894040635,-1.29400669949337,0.832852536908196,0.0982521635839131,FALSE,FALSE,FALSE,FALSE,FALSE,FALSE
4810,"saint marcel",0.00438115667977534,-0.605068737579833,0.505854403529611,0.247412183947056,FALSE,FALSE,FALSE,FALSE,FALSE,FALSE
4811,"saint marcel",0.0639377307246445,-1.35098987149192,0.735788223315798,0.0919735279144748,FALSE,FALSE,FALSE,FALSE,FALSE,FALSE
4812,"saint marcel",-0.176642541065588,-1.72441074933357,0.072289156626506,0.0546410996097064,FALSE,FALSE,FALSE,FALSE,FALSE,FALSE
4813,"saint marcel",-0.00950478660921661,-2.00219649967253,0.445443746818259,0.036144578313253,FALSE,FALSE,FALSE,FALSE,FALSE,FALSE
4814,"saint marcel",0.0641259048266623,-2.2834090441541,0.736466994739521,0.0215509927032072,FALSE,FALSE,FALSE,FALSE,FALSE,FALSE
4815,"saint marcel",0.0534831118461483,-1.57483255156047,0.696589173595792,0.0688952995078907,FALSE,FALSE,FALSE,FALSE,FALSE,FALSE
4816,"saint marcel",0.126118046175741,-1.5761184128097,0.889360257933141,0.0685559137960292,FALSE,FALSE,FALSE,FALSE,FALSE,FALSE
4817,"saint marcel",-0.11830991677302,-1.64547011982344,0.124724249109113,0.0626166638384524,FALSE,FALSE,FALSE,FALSE,FALSE,FALSE
4818,"saint marcel",0.0131293007987043,-0.905182341403576,0.541489903275072,0.165620227388427,FALSE,FALSE,FALSE,FALSE,FALSE,FALSE
4819,"saint marcel",0.11330145949109,-1.42347016353884,0.869506193789241,0.0851858136772442,FALSE,FALSE,FALSE,FALSE,FALSE,FALSE
4820,"saint marcel",0.00672005421416166,-1.222508944004,0.515866282029527,0.109282199219413,FALSE,FALSE,FALSE,FALSE,FALSE,FALSE
4821,"saint marcel",0.114934894282861,-1.23965746419491,0.872560665195995,0.106736806380451,FALSE,FALSE,FALSE,FALSE,FALSE,FALSE
4822,"saint marcel",0.0543159204480901,-1.12326879365677,0.698795180722892,0.124893941965043,FALSE,FALSE,FALSE,FALSE,FALSE,FALSE
4823,"saint marcel",0.0262151855868797,-0.923247913065985,0.593076531478025,0.161377905990158,FALSE,FALSE,FALSE,FALSE,FALSE,FALSE
4824,"saint marcel",-0.244850996833168,-1.79840832532252,0.0397081282877991,0.0478533853724758,FALSE,FALSE,FALSE,FALSE,FALSE,FALSE
4825,"saint marcel",-0.147673808742223,-1.75418829777653,0.0906159850670287,0.0512472424910911,FALSE,FALSE,FALSE,FALSE,FALSE,FALSE
4826,"saint marcel",-0.0631614348507501,-1.15099969207531,0.249618191074156,0.120651620566774,FALSE,FALSE,FALSE,FALSE,FALSE,FALSE
4827,"saint marcel",0.0148304229306664,-1.97014274689239,0.547089767520787,0.0369930425929068,FALSE,FALSE,FALSE,FALSE,FALSE,FALSE
4828,"saint marcel",0.0629506144898215,-1.09991775591404,0.731885287629391,0.129984727642966,FALSE,FALSE,FALSE,FALSE,FALSE,FALSE
4829,"saint marcel",-0.103478724457855,-1.13017735120975,0.15068725606652,0.12421517054132,FALSE,FALSE,FALSE,FALSE,FALSE,FALSE
4830,"saint marcel",-0.0223021711476363,-0.735118529491256,0.393857118615306,0.211437298489734,FALSE,FALSE,FALSE,FALSE,FALSE,FALSE
4831,"saint marcel",0.189904985159805,-1.29339308480927,0.955201086034278,0.0984218564398439,TRUE,FALSE,FALSE,TRUE,FALSE,FALSE
4832,"saint marcel",0.122073624907646,-1.17177802429937,0.88460885796708,0.117936534871882,FALSE,FALSE,FALSE,FALSE,FALSE,FALSE
4833,"saint marcel",0.161310893048562,-1.12092307462696,0.932631936195486,0.125912099100628,TRUE,FALSE,FALSE,FALSE,FALSE,FALSE
4834,"saint marcel",0.0612374009638152,-0.851434811561413,0.72509757339216,0.180213812998473,FALSE,FALSE,FALSE,FALSE,FALSE,FALSE
4835,"saint marcel",0.16559519910901,-0.569805365511368,0.937553029017478,0.256745291023248,TRUE,FALSE,FALSE,FALSE,FALSE,FALSE
4836,"saint marcel",-0.00231283259277149,-0.960670060420123,0.478024775156966,0.152553877481758,FALSE,FALSE,FALSE,FALSE,FALSE,FALSE
4837,"saint marcel",0.0959586460074551,-1.79954933676916,0.827592058374342,0.0473443068046835,FALSE,FALSE,FALSE,FALSE,FALSE,FALSE
4838,"saint marcel",-0.0294851112178645,-1.46978538595548,0.367045647378245,0.0800950279993212,FALSE,FALSE,FALSE,FALSE,FALSE,FALSE
4839,"saint marcel",-0.110261506653444,-1.74377631029254,0.136602749024266,0.0526047853385372,FALSE,FALSE,FALSE,FALSE,FALSE,FALSE
4840,"saint nicolas",-0.0634081129587187,0.716973611495267,0.248939419650433,0.767860173086713,FALSE,FALSE,FALSE,FALSE,FALSE,FALSE
4841,"saint nicolas",-0.0937207421531205,0.875533752797226,0.170371627354488,0.808756151366028,FALSE,FALSE,FALSE,FALSE,FALSE,FALSE
4842,"saint nicolas",-0.0426463676235791,1.28657255805813,0.315798404887154,0.901238757848295,FALSE,TRUE,FALSE,FALSE,FALSE,FALSE
4843,"saint nicolas",0.0499864273588955,1.57821090858767,0.6806380451383,0.948583064652978,FALSE,TRUE,FALSE,FALSE,FALSE,FALSE
4844,"saint nicolas",0.0239839401058326,1.25246589896339,0.58306465297811,0.895299507890718,FALSE,FALSE,FALSE,FALSE,FALSE,FALSE
4845,"saint nicolas",-0.0850420157335812,1.07586773001109,0.189207534362803,0.85813677244188,FALSE,FALSE,FALSE,FALSE,FALSE,FALSE
4846,"saint nicolas",0.00369919860800394,0.435024365856279,0.502290853555065,0.673341252333277,FALSE,FALSE,FALSE,FALSE,FALSE,FALSE
4847,"saint nicolas",0.010920773930291,0.497574173549163,0.533174953334465,0.694722552180553,FALSE,FALSE,FALSE,FALSE,FALSE,FALSE
4848,"saint nicolas",-0.0312526723595479,0.871831594999479,0.359409468861361,0.808077379942304,FALSE,FALSE,FALSE,FALSE,FALSE,FALSE
4849,"saint nicolas",0.0204164912421341,1.04370708795602,0.571695231630748,0.84931274393348,FALSE,FALSE,FALSE,FALSE,FALSE,FALSE
4850,"saint nicolas",-0.131578798428428,0.941706339509883,0.10639742066859,0.825555744103173,FALSE,FALSE,FALSE,FALSE,FALSE,FALSE
4851,"saint nicolas",-0.0235817063390549,1.44151153067034,0.38791786865773,0.92906838622094,FALSE,TRUE,FALSE,FALSE,FALSE,FALSE
4852,"saint nicolas",-0.00496810203014419,1.98005196907402,0.466315968097743,0.984048871542508,FALSE,TRUE,FALSE,FALSE,TRUE,FALSE
4853,"saint nicolas",5.66080151234161e-05,2.02749896169346,0.487357882233158,0.985745800101816,FALSE,TRUE,FALSE,FALSE,TRUE,FALSE
4854,"saint nicolas",0.107489986287911,1.51161138277372,0.85593076531478,0.939419650432717,FALSE,TRUE,FALSE,FALSE,FALSE,FALSE
4855,"saint nicolas",0.00063772333875356,-0.865797048364563,0.489054810792466,0.177838113015442,FALSE,FALSE,FALSE,FALSE,FALSE,FALSE
4856,"saint nicolas",0.0970984189714699,-1.08203784509277,0.829458679789581,0.132699813337858,FALSE,FALSE,FALSE,FALSE,FALSE,FALSE
4857,"saint nicolas",-0.0495631621831603,0.486737395074614,0.291362633633124,0.690819616494146,FALSE,FALSE,FALSE,FALSE,FALSE,FALSE
4858,"saint nicolas",0.0569129881239512,0.898787831634413,0.707619209231291,0.814186322755812,FALSE,FALSE,FALSE,FALSE,FALSE,FALSE
4859,"saint nicolas",0.128203918952815,1.07500006935599,0.892075343628033,0.857627693874088,FALSE,FALSE,FALSE,FALSE,FALSE,FALSE
4860,"saint nicolas",0.0153962396880392,1.08243999620957,0.550144238927541,0.860003393857119,FALSE,FALSE,FALSE,FALSE,FALSE,FALSE
4861,"saint nicolas",0.140788989881347,1.10548965060567,0.909723400644833,0.866621415238419,TRUE,FALSE,FALSE,FALSE,FALSE,FALSE
4862,"saint nicolas",-0.126973785535245,0.615379318682726,0.111657899202444,0.735957916171729,FALSE,FALSE,FALSE,FALSE,FALSE,FALSE
4863,"saint nicolas",-0.00550257100609031,-0.204772257365405,0.464279653826574,0.400305447140675,FALSE,FALSE,FALSE,FALSE,FALSE,FALSE
4864,"saint nicolas",0.0269411518927019,-1.38141204657145,0.597149160020363,0.088919056507721,FALSE,FALSE,FALSE,FALSE,FALSE,FALSE
4865,"saint nicolas",-0.0619388620144843,-0.27923646491676,0.251993891057187,0.365009333107076,FALSE,FALSE,FALSE,FALSE,FALSE,FALSE
4866,"saint nicolas",0.0221961252364942,0.119260520474499,0.57865263872391,0.537926353300526,FALSE,FALSE,FALSE,FALSE,FALSE,FALSE
4867,"saint nicolas",0.0514248636150967,-0.538440551592111,0.688274223655184,0.26828440522654,FALSE,FALSE,FALSE,FALSE,FALSE,FALSE
4868,"saint nicolas",0.123940222400602,-0.440138054772482,0.886645172238249,0.305616833531308,FALSE,FALSE,FALSE,FALSE,FALSE,FALSE
4869,"saint nicolas",0.00372831788041594,1.20967155562875,0.502630239266927,0.887663329373833,FALSE,FALSE,FALSE,FALSE,FALSE,FALSE
4870,"saint nicolas",0.0586498479261497,0.767760084229913,0.713558459188868,0.783471915832343,FALSE,FALSE,FALSE,FALSE,FALSE,FALSE
4871,"saint nicolas",0.0566672055804744,1.10597960804864,0.706431359239776,0.866791108094349,FALSE,FALSE,FALSE,FALSE,FALSE,FALSE
4872,"saint nicolas",-0.110425710439543,1.14319189246143,0.136433056168335,0.874087900899372,FALSE,FALSE,FALSE,FALSE,FALSE,FALSE
4873,"saint nicolas",-0.0150432805257079,1.62727153613409,0.42355336840319,0.953843543186832,FALSE,TRUE,FALSE,FALSE,TRUE,FALSE
4874,"saint nicolas",-0.171863979313439,1.81690626904387,0.0753436280332598,0.970982521635839,FALSE,TRUE,FALSE,FALSE,TRUE,FALSE
4875,"saint nicolas",0.0068224514544788,1.8938922122992,0.516035974885457,0.976582385881554,FALSE,TRUE,FALSE,FALSE,TRUE,FALSE
4876,"saint nicolas",-0.0660167721180773,0.706318895256274,0.23943661971831,0.765145087391821,FALSE,FALSE,FALSE,FALSE,FALSE,FALSE
4877,"saint nicolas",-0.0711533682554926,0.67982337706334,0.224333955540472,0.757339216019006,FALSE,FALSE,FALSE,FALSE,FALSE,FALSE
4878,"saint nicolas",0.0510355662589657,0.899872906148505,0.686407602239946,0.814695401323604,FALSE,FALSE,FALSE,FALSE,FALSE,FALSE
4879,"saint nicolas",0.0249430853298485,1.47396395327303,0.588494824367894,0.934159171898863,FALSE,TRUE,FALSE,FALSE,FALSE,FALSE
4880,"saint nicolas",0.0390441207358503,1.57756681799965,0.644663159680977,0.948413371797047,FALSE,TRUE,FALSE,FALSE,FALSE,FALSE
4881,"saint nicolas",-0.0228871747500232,0.80073874699833,0.391311725776345,0.790938401493297,FALSE,FALSE,FALSE,FALSE,FALSE,FALSE
4882,"saint nicolas",0.0625303360556035,0.621698079805801,0.730527744781945,0.739351773290345,FALSE,FALSE,FALSE,FALSE,FALSE,FALSE
4883,"saint nicolas",0.0539054599806708,0.555447880582389,0.697607330731376,0.71406753775666,FALSE,FALSE,FALSE,FALSE,FALSE,FALSE
4884,"saint nicolas",-0.0693276954377726,0.4407661931018,0.229424741218395,0.675716952316307,FALSE,FALSE,FALSE,FALSE,FALSE,FALSE
4885,"saint nicolas",0.00820482818019919,1.53639903845541,0.522314610554896,0.943492278975055,FALSE,TRUE,FALSE,FALSE,FALSE,FALSE
4886,"saint nicolas",-0.188593851741325,0.947310846487895,0.063634820974037,0.827592058374342,FALSE,FALSE,FALSE,FALSE,FALSE,FALSE
4887,"saint nicolas",-0.00757136677463777,1.38457777162076,0.455964703885966,0.919904972000679,FALSE,TRUE,FALSE,FALSE,FALSE,FALSE
4888,"saint nicolas",0.00722025660710379,0.887138580353743,0.518241982012557,0.811131851349058,FALSE,FALSE,FALSE,FALSE,FALSE,FALSE
4889,"saint nicolas",-0.0954720849791446,1.08207604146908,0.166638384524012,0.859833701001188,FALSE,FALSE,FALSE,FALSE,FALSE,FALSE
4890,"saint nicolas",0.0549090930021183,1.22398256340196,0.701170880705922,0.889699643645003,FALSE,FALSE,FALSE,FALSE,FALSE,FALSE
4891,"saint nicolas",0.0420432246612084,1.74505299924478,0.654844731036823,0.966231121669778,FALSE,TRUE,FALSE,FALSE,TRUE,FALSE
4892,"saint nicolas",0.0445299217228978,1.59981233509279,0.664177838113015,0.950789071780078,FALSE,TRUE,FALSE,FALSE,TRUE,FALSE
4893,"saint nicolas",-0.058010808942603,1.03766720031369,0.264551162396063,0.847446122518242,FALSE,FALSE,FALSE,FALSE,FALSE,FALSE
4894,"saint nicolas",0.0412570165189301,0.499856810900976,0.651450873918208,0.695740709316138,FALSE,FALSE,FALSE,FALSE,FALSE,FALSE
4895,"saint nicolas",0.00682429048575806,0.154862985056663,0.516205667741388,0.553877481758018,FALSE,FALSE,FALSE,FALSE,FALSE,FALSE
4896,"saint nicolas",-0.0638246862422225,0.806682590614673,0.248090955370779,0.792805022908536,FALSE,FALSE,FALSE,FALSE,FALSE,FALSE
4897,"saint nicolas",0.0851537169257739,0.948802923274975,0.800950279993212,0.828270829798066,FALSE,FALSE,FALSE,FALSE,FALSE,FALSE
4898,"saint nicolas",-0.16098108388768,-0.00187171207304673,0.0806041065671135,0.487188189377227,FALSE,FALSE,FALSE,FALSE,FALSE,FALSE
4899,"saint nicolas",-0.0361283134634292,0.989569168766042,0.338876633293738,0.838452401153911,FALSE,FALSE,FALSE,FALSE,FALSE,FALSE
4900,"saint nicolas",-0.0500622592575386,0.567529846592121,0.289156626506024,0.718988630578653,FALSE,FALSE,FALSE,FALSE,FALSE,FALSE
4901,"saint nicolas",-0.0815892321576364,0.5200490878868,0.197013405735619,0.703037502121161,FALSE,FALSE,FALSE,FALSE,FALSE,FALSE
4902,"saint nicolas",0.0326353976992486,0.646319769456488,0.620566774138809,0.748345494654675,FALSE,FALSE,FALSE,FALSE,FALSE,FALSE
4903,"saint nicolas",-0.0598873635239361,0.86109039152135,0.259120991006279,0.805531987103343,FALSE,FALSE,FALSE,FALSE,FALSE,FALSE
4904,"saint nicolas",0.0614685063178655,0.831910762145481,0.726455116239606,0.799592737145766,FALSE,FALSE,FALSE,FALSE,FALSE,FALSE
4905,"saint nicolas",-0.161248861372981,0.274497437751964,0.080264720855252,0.605973188528763,FALSE,FALSE,FALSE,FALSE,FALSE,FALSE
4906,"saint nicolas",-0.02314738845301,0.204589415464235,0.39029356864076,0.574070931613779,FALSE,FALSE,FALSE,FALSE,FALSE,FALSE
4907,"saint nicolas",0.0161999364691106,0.378037489895984,0.553538096046156,0.649923638214831,FALSE,FALSE,FALSE,FALSE,FALSE,FALSE
4908,"saint nicolas",-0.0776723880577617,0.0467142607657711,0.206346512811811,0.507211946377058,FALSE,FALSE,FALSE,FALSE,FALSE,FALSE
4909,"saint nicolas",-0.0289145309320791,0.556088110915502,0.368912268793484,0.714406923468522,FALSE,FALSE,FALSE,FALSE,FALSE,FALSE
4910,"saint nicolas",-0.170724528804611,0.56709694486895,0.0758527066010521,0.718649244866791,FALSE,FALSE,FALSE,FALSE,FALSE,FALSE
4911,"saint nicolas",-0.0512796962171631,1.01534062397959,0.28593246224334,0.842355336840319,FALSE,FALSE,FALSE,FALSE,FALSE,FALSE
4912,"saint nicolas",0.0800390601216048,0.404135788484886,0.786187001527236,0.660274902426608,FALSE,FALSE,FALSE,FALSE,FALSE,FALSE
4913,"saint nicolas",0.0142331114183953,0.57748887264865,0.545223146105549,0.722552180553199,FALSE,FALSE,FALSE,FALSE,FALSE,FALSE
4914,"saint nicolas",0.0758223874237629,0.7554288123331,0.772611573052775,0.779229594434074,FALSE,FALSE,FALSE,FALSE,FALSE,FALSE
4915,"saint nicolas",-0.00916565009284298,0.916446398254681,0.447310368233497,0.818598337010012,FALSE,FALSE,FALSE,FALSE,FALSE,FALSE
4916,"saint nicolas",0.0584060313595334,0.638832701326172,0.712879687765145,0.74715764466316,FALSE,FALSE,FALSE,FALSE,FALSE,FALSE
4917,"saint nicolas",0.0345980029901103,0.550922999199227,0.628372645511624,0.71186153062956,FALSE,FALSE,FALSE,FALSE,FALSE,FALSE
4918,"saint nicolas",0.0882730886997152,-0.478448165269671,0.808247072798235,0.291362633633124,FALSE,FALSE,FALSE,FALSE,FALSE,FALSE
4919,"saint nicolas",0.11811429866566,-0.347682840500507,0.877481758017987,0.338028169014085,FALSE,FALSE,FALSE,FALSE,FALSE,FALSE
4920,"saint nicolas",-0.285462524194218,-0.145723789308153,0.0310537926353301,0.426268454098082,FALSE,FALSE,FALSE,FALSE,FALSE,FALSE
4921,"saint oyen",-0.014498954239647,0.162224277494155,0.424910911250636,0.556422874596979,FALSE,FALSE,FALSE,FALSE,FALSE,FALSE
4922,"saint oyen",-0.0778929074823065,0.448275488664717,0.205667741388088,0.678771423723061,FALSE,FALSE,FALSE,FALSE,FALSE,FALSE
4923,"saint oyen",-0.0190961457017877,1.08327406386033,0.406584082810114,0.860173086713049,FALSE,FALSE,FALSE,FALSE,FALSE,FALSE
4924,"saint oyen",0.00206602342358053,0.887296600715071,0.495503139317835,0.811301544204989,FALSE,FALSE,FALSE,FALSE,FALSE,FALSE
4925,"saint oyen",0.0676270288785261,0.468006691181215,0.747836416086883,0.685898523672153,FALSE,FALSE,FALSE,FALSE,FALSE,FALSE
4926,"saint oyen",-0.00850407826069244,0.583455693268975,0.450534532496182,0.724249109112506,FALSE,FALSE,FALSE,FALSE,FALSE,FALSE
4927,"saint oyen",-0.0302675049351571,0.357160353329706,0.363142711691838,0.642287459697947,FALSE,FALSE,FALSE,FALSE,FALSE,FALSE
4928,"saint oyen",0.065119202846212,0.435624644951251,0.739691159002206,0.674020023757,FALSE,FALSE,FALSE,FALSE,FALSE,FALSE
4929,"saint oyen",-0.0828169124412259,0.439662511893642,0.193110470049211,0.675377566604446,FALSE,FALSE,FALSE,FALSE,FALSE,FALSE
4930,"saint oyen",-0.0641929527885328,0.629885321669409,0.247242491091125,0.742236551841167,FALSE,FALSE,FALSE,FALSE,FALSE,FALSE
4931,"saint oyen",-0.151152976974524,0.638641622781779,0.0879008993721364,0.746987951807229,FALSE,FALSE,FALSE,FALSE,FALSE,FALSE
4932,"saint oyen",-0.0675826310363661,1.16600806696038,0.235533684031902,0.879857458001018,FALSE,FALSE,FALSE,FALSE,FALSE,FALSE
4933,"saint oyen",-0.0407427284115176,1.43251209132009,0.322925504836246,0.927371457661632,FALSE,TRUE,FALSE,FALSE,FALSE,FALSE
4934,"saint oyen",-0.0484358373156955,1.41649908431993,0.296283726455116,0.925844221958256,FALSE,TRUE,FALSE,FALSE,FALSE,FALSE
4935,"saint oyen",-0.0362359272708996,0.364663238545364,0.338197861870015,0.645002545392839,FALSE,FALSE,FALSE,FALSE,FALSE,FALSE
4936,"saint oyen",-0.054616055612124,-0.960915963008546,0.275072119463771,0.152384184625827,FALSE,FALSE,FALSE,FALSE,FALSE,FALSE
4937,"saint oyen",0.120646907198367,-1.12123337054462,0.88257254369591,0.125572713388766,FALSE,FALSE,FALSE,FALSE,FALSE,FALSE
4938,"saint oyen",0.0742779497213011,0.668126761107792,0.768369251654505,0.754284744612252,FALSE,FALSE,FALSE,FALSE,FALSE,FALSE
4939,"saint oyen",0.142033691479318,0.988501445548054,0.911420329204141,0.837943322586119,TRUE,FALSE,FALSE,FALSE,FALSE,FALSE
4940,"saint oyen",0.141065054565383,1.07526932457836,0.910062786356694,0.857797386730019,TRUE,FALSE,FALSE,FALSE,FALSE,FALSE
4941,"saint oyen",-0.0748115366995812,1.05770160409399,0.213643305616834,0.853045986763957,FALSE,FALSE,FALSE,FALSE,FALSE,FALSE
4942,"saint oyen",0.012409767683911,0.574241038139773,0.538435431868318,0.721534023417614,FALSE,FALSE,FALSE,FALSE,FALSE,FALSE
4943,"saint oyen",-0.236823972772067,-1.07565998552753,0.0424232139826913,0.134227049041235,FALSE,FALSE,FALSE,FALSE,FALSE,FALSE
4944,"saint oyen",-0.048417341443006,-1.51723394193485,0.296623112166978,0.0750042423213983,FALSE,FALSE,FALSE,FALSE,FALSE,FALSE
4945,"saint oyen",-0.0455136007057106,-2.09085558163961,0.307313762090616,0.0298659426438147,FALSE,FALSE,FALSE,FALSE,FALSE,FALSE
4946,"saint oyen",0.0162668480834629,-0.28302409311686,0.554047174613949,0.363142711691838,FALSE,FALSE,FALSE,FALSE,FALSE,FALSE
4947,"saint oyen",0.0579163812039472,-0.810468883376832,0.711013066349907,0.192092312913626,FALSE,FALSE,FALSE,FALSE,FALSE,FALSE
4948,"saint oyen",0.0240682519629729,-1.38627571236891,0.58323434583404,0.0880705922280672,FALSE,FALSE,FALSE,FALSE,FALSE,FALSE
4949,"saint oyen",0.154155964361939,-1.86359538525971,0.92465637196674,0.0437807568301374,TRUE,FALSE,FALSE,FALSE,FALSE,FALSE
4950,"saint oyen",0.098817506894358,0.994026519244291,0.834888851179365,0.839300865433565,FALSE,FALSE,FALSE,FALSE,FALSE,FALSE
4951,"saint oyen",0.00290649019681055,0.808949641680588,0.498218225012727,0.793144408620397,FALSE,FALSE,FALSE,FALSE,FALSE,FALSE
4952,"saint oyen",0.0189269455556662,0.915644708346736,0.565755981673172,0.818428644154081,FALSE,FALSE,FALSE,FALSE,FALSE,FALSE
4953,"saint oyen",-0.176906589980375,1.08596397733593,0.0714406923468522,0.861021550992703,FALSE,FALSE,FALSE,FALSE,FALSE,FALSE
4954,"saint oyen",-0.0582602424665879,1.2370314315284,0.264042083828271,0.892075343628033,FALSE,FALSE,FALSE,FALSE,FALSE,FALSE
4955,"saint oyen",-0.087509712873155,0.526837866026881,0.182928898693365,0.705413202104191,FALSE,FALSE,FALSE,FALSE,FALSE,FALSE
4956,"saint oyen",0.020904942600998,1.58945349645531,0.574070931613779,0.949940607500424,FALSE,TRUE,FALSE,FALSE,FALSE,FALSE
4957,"saint oyen",0.00788224768512613,0.287670537604332,0.520278296283726,0.611573052774478,FALSE,FALSE,FALSE,FALSE,FALSE,FALSE
4958,"saint oyen",-0.0327813499081167,0.191054996296957,0.352791447480061,0.568471067368064,FALSE,FALSE,FALSE,FALSE,FALSE,FALSE
4959,"saint oyen",0.060933827421076,0.550884832597025,0.723061259120991,0.71169183777363,FALSE,FALSE,FALSE,FALSE,FALSE,FALSE
4960,"saint oyen",0.0414506719978789,0.929860519087,0.652469031053793,0.823180044120143,FALSE,FALSE,FALSE,FALSE,FALSE,FALSE
4961,"saint oyen",0.0962160802116685,0.596550381629765,0.828440522653996,0.729170201934499,FALSE,FALSE,FALSE,FALSE,FALSE,FALSE
4962,"saint oyen",-0.047959070270748,0.253215216545726,0.298829119294078,0.59647038859664,FALSE,FALSE,FALSE,FALSE,FALSE,FALSE
4963,"saint oyen",-0.134290102519794,0.375133786325092,0.102324792126251,0.649414559647039,FALSE,FALSE,FALSE,FALSE,FALSE,FALSE
4964,"saint oyen",0.00929816213664303,0.312827286233593,0.526387239097234,0.621924316986255,FALSE,FALSE,FALSE,FALSE,FALSE,FALSE
4965,"saint oyen",-0.177394243298341,-0.165909801140839,0.0709316137790599,0.41693534702189,FALSE,FALSE,FALSE,FALSE,FALSE,FALSE
4966,"saint oyen",-0.209699012588912,0.720281510429047,0.0543017138978449,0.769557101646021,FALSE,FALSE,FALSE,FALSE,FALSE,FALSE
4967,"saint oyen",-0.172641280624653,-0.934428582920074,0.0743254708976752,0.159002206007127,FALSE,FALSE,FALSE,FALSE,FALSE,FALSE
4968,"saint oyen",-0.0124417954870424,0.712809633815454,0.432207704055659,0.766672323095198,FALSE,FALSE,FALSE,FALSE,FALSE,FALSE
4969,"saint oyen",-0.00969421876506615,0.373509857397293,0.444595282538605,0.648905481079247,FALSE,FALSE,FALSE,FALSE,FALSE,FALSE
4970,"saint oyen",-0.0995113957826277,0.522906062891516,0.158662820295266,0.703885966400815,FALSE,FALSE,FALSE,FALSE,FALSE,FALSE
4971,"saint oyen",-0.026445393647343,0.561408359990306,0.378415068725607,0.716782623451553,FALSE,FALSE,FALSE,FALSE,FALSE,FALSE
4972,"saint oyen",-0.01631654416137,0.840148295823762,0.417105039877821,0.801968437128797,FALSE,FALSE,FALSE,FALSE,FALSE,FALSE
4973,"saint oyen",0.0125149192321192,0.532192697848748,0.53877481758018,0.706770744951637,FALSE,FALSE,FALSE,FALSE,FALSE,FALSE
4974,"saint oyen",-0.133580307643681,0.42217898085461,0.103173256405905,0.667571695231631,FALSE,FALSE,FALSE,FALSE,FALSE,FALSE
4975,"saint oyen",0.16344532815461,0.34852453869285,0.934498557610725,0.637026981164093,TRUE,FALSE,FALSE,FALSE,FALSE,FALSE
4976,"saint oyen",0.133452050388545,0.232558498314553,0.899881215000849,0.586288817240794,FALSE,FALSE,FALSE,FALSE,FALSE,FALSE
4977,"saint oyen",0.124378807833731,0.363232881422412,0.88698455795011,0.644154081113185,FALSE,FALSE,FALSE,FALSE,FALSE,FALSE
4978,"saint oyen",0.019921694824383,-0.241770705881284,0.570507381639233,0.380960461564568,FALSE,FALSE,FALSE,FALSE,FALSE,FALSE
4979,"saint oyen",-0.0404445138133536,-0.923644903662802,0.3237739691159,0.161208213134227,FALSE,FALSE,FALSE,FALSE,FALSE,FALSE
4980,"saint oyen",0.134640753136203,0.826420866489012,0.902087222127948,0.797895808586458,TRUE,FALSE,FALSE,FALSE,FALSE,FALSE
4981,"saint oyen",-0.00262909894798824,0.636734104084022,0.477346003733243,0.746139487527575,FALSE,FALSE,FALSE,FALSE,FALSE,FALSE
4982,"saint oyen",-0.0778157888241893,0.556097343382605,0.206007127099949,0.714576616324453,FALSE,FALSE,FALSE,FALSE,FALSE,FALSE
4983,"saint oyen",0.158849331814309,0.713485034579029,0.929407771932802,0.767011708807059,TRUE,FALSE,FALSE,FALSE,FALSE,FALSE
4984,"saint oyen",0.0273984170717618,0.675162097127358,0.600373324283048,0.756490751739352,FALSE,FALSE,FALSE,FALSE,FALSE,FALSE
4985,"saint oyen",0.163490077781232,0.313701398602463,0.934837943322586,0.622433395554047,TRUE,FALSE,FALSE,FALSE,FALSE,FALSE
4986,"saint oyen",-0.000947071740498018,0.109385920615997,0.483115560834889,0.534532496181911,FALSE,FALSE,FALSE,FALSE,FALSE,FALSE
4987,"saint oyen",0.0288114841787248,0.203602717116896,0.606312574240624,0.573222467334125,FALSE,FALSE,FALSE,FALSE,FALSE,FALSE
4988,"saint oyen",0.0643023417915529,0.431666923535653,0.737824537586968,0.6718140166299,FALSE,FALSE,FALSE,FALSE,FALSE,FALSE
4989,"saint oyen",-0.217990841406756,-0.168361073615668,0.0500593924995758,0.415238418462583,FALSE,FALSE,FALSE,FALSE,FALSE,FALSE
4990,"saint oyen",0.0298921539531598,0.122704231759546,0.610045817071101,0.539453589003903,FALSE,FALSE,FALSE,FALSE,FALSE,FALSE
4991,"saint oyen",-0.127265331794419,-0.236735745514662,0.110979127778721,0.384524011539114,FALSE,FALSE,FALSE,FALSE,FALSE,FALSE
4992,"saint oyen",-0.0171198335410807,0.607305124890887,0.414220261326998,0.733751909044629,FALSE,FALSE,FALSE,FALSE,FALSE,FALSE
4993,"saint oyen",0.0668947354243485,0.30130635441468,0.745460716103852,0.617851688443916,FALSE,FALSE,FALSE,FALSE,FALSE,FALSE
4994,"saint oyen",0.00318574182148268,0.145194961110608,0.499575767860173,0.550483624639403,FALSE,FALSE,FALSE,FALSE,FALSE,FALSE
4995,"saint oyen",0.0230415837170863,0.672439868385809,0.580519260139148,0.755302901747836,FALSE,FALSE,FALSE,FALSE,FALSE,FALSE
4996,"saint oyen",-0.0252574201445697,0.745134203069988,0.381808925844222,0.77600543017139,FALSE,FALSE,FALSE,FALSE,FALSE,FALSE
4997,"saint oyen",0.0941799407655388,0.741101997419451,0.823519429832004,0.774647887323944,FALSE,FALSE,FALSE,FALSE,FALSE,FALSE
4998,"saint oyen",0.0434564295911137,0.4506778759505,0.6585779738673,0.680128966570507,FALSE,FALSE,FALSE,FALSE,FALSE,FALSE
4999,"saint oyen",0.0637475568903056,-0.0242425071163696,0.734600373324283,0.477006618021381,FALSE,FALSE,FALSE,FALSE,FALSE,FALSE
5000,"saint oyen",0.145724662035519,0.338184918495001,0.916171729170202,0.633633124045478,TRUE,FALSE,FALSE,FALSE,FALSE,FALSE
5001,"saint oyen",-0.412138509730177,-0.148031519516032,0.0134057356185305,0.425080604106567,FALSE,FALSE,FALSE,FALSE,FALSE,FALSE
5002,"saint pierre",-0.00908684970325524,-0.336656927162002,0.44798913965722,0.340912947564908,FALSE,FALSE,FALSE,FALSE,FALSE,FALSE
5003,"saint pierre",-0.0140851430589279,-0.137700510491446,0.42575937553029,0.429832004072629,FALSE,FALSE,FALSE,FALSE,FALSE,FALSE
5004,"saint pierre",0.0776976733414774,0.120491649817305,0.779738673001867,0.538435431868318,FALSE,FALSE,FALSE,FALSE,FALSE,FALSE
5005,"saint pierre",0.0991970524194397,0.423276120028175,0.836416086882742,0.667911080943492,FALSE,FALSE,FALSE,FALSE,FALSE,FALSE
5006,"saint pierre",0.104365607229134,0.228760316721631,0.849482436789411,0.584422195825556,FALSE,FALSE,FALSE,FALSE,FALSE,FALSE
5007,"saint pierre",-0.0223611332554174,0.0438427242961565,0.393687425759376,0.505684710673681,FALSE,FALSE,FALSE,FALSE,FALSE,FALSE
5008,"saint pierre",-0.0594229777117175,-0.685429251868723,0.260308840997794,0.223146105548956,FALSE,FALSE,FALSE,FALSE,FALSE,FALSE
5009,"saint pierre",0.0319808828990773,-0.43650230031373,0.618360767011709,0.307822840658408,FALSE,FALSE,FALSE,FALSE,FALSE,FALSE
5010,"saint pierre",0.0547590400057132,-0.105976722496506,0.70066180213813,0.443577125403021,FALSE,FALSE,FALSE,FALSE,FALSE,FALSE
5011,"saint pierre",0.0583524573993213,0.168028548930669,0.712540302053284,0.559137960291872,FALSE,FALSE,FALSE,FALSE,FALSE,FALSE
5012,"saint pierre",-0.12691248298332,-0.0932967342244209,0.111997284914305,0.448498218225013,FALSE,FALSE,FALSE,FALSE,FALSE,FALSE
5013,"saint pierre",-0.145803444052905,0.259265645992579,0.0928219921941286,0.59867639572374,FALSE,FALSE,FALSE,FALSE,FALSE,FALSE
5014,"saint pierre",-0.0369395777173889,0.756982443084392,0.335143390463261,0.779568980145936,FALSE,FALSE,FALSE,FALSE,FALSE,FALSE
5015,"saint pierre",-0.037151821004656,0.866072697139001,0.334634311895469,0.806719837094858,FALSE,FALSE,FALSE,FALSE,FALSE,FALSE
5016,"saint pierre",0.0336657631867769,0.153354796808639,0.624469709825216,0.553029017478364,FALSE,FALSE,FALSE,FALSE,FALSE,FALSE
5017,"saint pierre",-0.0317948746531922,-2.0543220316975,0.357203461734261,0.0312234854912608,FALSE,FALSE,FALSE,FALSE,FALSE,FALSE
5018,"saint pierre",0.0614168590756385,-1.47510569405809,0.725946037671814,0.0795859494315289,FALSE,FALSE,FALSE,FALSE,FALSE,FALSE
5019,"saint pierre",-0.028697700927383,-0.0689973671947385,0.370609197352791,0.457661632445274,FALSE,FALSE,FALSE,FALSE,FALSE,FALSE
5020,"saint pierre",-0.0776280258099504,0.23916067912524,0.206685898523672,0.589003902935686,FALSE,FALSE,FALSE,FALSE,FALSE,FALSE
5021,"saint pierre",-0.00985487058332701,0.280573059029825,0.444255896826744,0.608179195655863,FALSE,FALSE,FALSE,FALSE,FALSE,FALSE
5022,"saint pierre",0.210859676645482,0.516217214389589,0.963685728830816,0.701510266417784,TRUE,FALSE,FALSE,TRUE,FALSE,FALSE
5023,"saint pierre",0.0590452751036548,0.54242168842208,0.715255387748176,0.708467673510945,FALSE,FALSE,FALSE,FALSE,FALSE,FALSE
5024,"saint pierre",-0.122948367582021,-0.204051380782088,0.11742745630409,0.400644832852537,FALSE,FALSE,FALSE,FALSE,FALSE,FALSE
5025,"saint pierre",-0.0094319876825395,-0.634543120011373,0.445952825386051,0.238588155438656,FALSE,FALSE,FALSE,FALSE,FALSE,FALSE
5026,"saint pierre",0.0542072641411124,-1.48056613385265,0.69845579501103,0.0790768708637366,FALSE,FALSE,FALSE,FALSE,FALSE,FALSE
5027,"saint pierre",0.0037133108691183,-0.850223833838607,0.502460546410996,0.180722891566265,FALSE,FALSE,FALSE,FALSE,FALSE,FALSE
5028,"saint pierre",0.0465190602232877,-0.504014249562819,0.670626166638384,0.28152044798914,FALSE,FALSE,FALSE,FALSE,FALSE,FALSE
5029,"saint pierre",0.00383144965006288,-0.241672915468006,0.503139317834719,0.38129984727643,FALSE,FALSE,FALSE,FALSE,FALSE,FALSE
5030,"saint pierre",0.127736756437871,0.0865866396048994,0.89139657220431,0.524860003393857,FALSE,FALSE,FALSE,FALSE,FALSE,FALSE
5031,"saint pierre",-0.00495924872209841,0.243562740029398,0.466485660953674,0.591040217206856,FALSE,FALSE,FALSE,FALSE,FALSE,FALSE
5032,"saint pierre",-0.111659176203782,-0.107625406379126,0.133887663329374,0.442898353979297,FALSE,FALSE,FALSE,FALSE,FALSE,FALSE
5033,"saint pierre",-0.017672935853545,0.0492873760463938,0.412183947055829,0.508739182080434,FALSE,FALSE,FALSE,FALSE,FALSE,FALSE
5034,"saint pierre",0.0766790147381862,0.459231641310959,0.775326658747667,0.68301374512133,FALSE,FALSE,FALSE,FALSE,FALSE,FALSE
5035,"saint pierre",0.0805224366604005,0.837819722871488,0.787883930086543,0.801629051416935,FALSE,FALSE,FALSE,FALSE,FALSE,FALSE
5036,"saint pierre",-0.0848836198814755,0.943535210232823,0.189716612930596,0.826064822670966,FALSE,FALSE,FALSE,FALSE,FALSE,FALSE
5037,"saint pierre",-0.0933664863389918,0.928940236646715,0.171559477346004,0.82267096555235,FALSE,FALSE,FALSE,FALSE,FALSE,FALSE
5038,"saint pierre",-0.0526207967861083,-0.320253895773298,0.281350755133209,0.347361276090277,FALSE,FALSE,FALSE,FALSE,FALSE,FALSE
5039,"saint pierre",-0.0403498168281988,-0.355622849301158,0.324283047683693,0.334294926183608,FALSE,FALSE,FALSE,FALSE,FALSE,FALSE
5040,"saint pierre",0.067473385125604,-0.215583084388157,0.74732733751909,0.395384354318683,FALSE,FALSE,FALSE,FALSE,FALSE,FALSE
5041,"saint pierre",0.00133084088613877,0.510394331501546,0.492788053622942,0.699134566434753,FALSE,FALSE,FALSE,FALSE,FALSE,FALSE
5042,"saint pierre",0.0526737749072534,0.63005932076785,0.693365009333107,0.742575937553029,FALSE,FALSE,FALSE,FALSE,FALSE,FALSE
5043,"saint pierre",-0.0706446887724574,-0.0329017024772154,0.226539962667572,0.472085525199389,FALSE,FALSE,FALSE,FALSE,FALSE,FALSE
5044,"saint pierre",-0.0592467084391135,-0.458471337305275,0.261157305277448,0.298150347870355,FALSE,FALSE,FALSE,FALSE,FALSE,FALSE
5045,"saint pierre",0.0378349278950978,-0.608299700101773,0.64076022399457,0.246733412523333,FALSE,FALSE,FALSE,FALSE,FALSE,FALSE
5046,"saint pierre",0.10131461042792,-0.473455563064433,0.843034108264042,0.293398947904293,FALSE,FALSE,FALSE,FALSE,FALSE,FALSE
5047,"saint pierre",0.00302803143966557,0.518864586975556,0.498727303580519,0.702528423553368,FALSE,FALSE,FALSE,FALSE,FALSE,FALSE
5048,"saint pierre",-0.137293424789021,-0.0593319416589836,0.100458170711013,0.461564568131682,FALSE,FALSE,FALSE,FALSE,FALSE,FALSE
5049,"saint pierre",-0.0346033849356324,0.149570629824354,0.345324961819107,0.551841167486849,FALSE,FALSE,FALSE,FALSE,FALSE,FALSE
5050,"saint pierre",0.00348156883717188,-0.194097906145261,0.50110300356355,0.404717461394875,FALSE,FALSE,FALSE,FALSE,FALSE,FALSE
5051,"saint pierre",-0.0270227080986292,-0.0807685326334373,0.376378754454437,0.453928389614797,FALSE,FALSE,FALSE,FALSE,FALSE,FALSE
5052,"saint pierre",0.0696621781068938,0.0245888617686003,0.754284744612252,0.497200067877142,FALSE,FALSE,FALSE,FALSE,FALSE,FALSE
5053,"saint pierre",-0.0423484542237045,0.450283663260837,0.316816562022739,0.679789580858646,FALSE,FALSE,FALSE,FALSE,FALSE,FALSE
5054,"saint pierre",0.0650076425409498,0.523742130676043,0.739182080434414,0.704055659256745,FALSE,FALSE,FALSE,FALSE,FALSE,FALSE
5055,"saint pierre",-0.0487794790828087,0.0122024110663254,0.29492618360767,0.492448667911081,FALSE,FALSE,FALSE,FALSE,FALSE,FALSE
5056,"saint pierre",-0.0764501384614409,-0.492621294962846,0.210419141354149,0.28610215509927,FALSE,FALSE,FALSE,FALSE,FALSE,FALSE
5057,"saint pierre",-0.0117194272490639,-0.690629821110471,0.435262175462413,0.22178856270151,FALSE,FALSE,FALSE,FALSE,FALSE,FALSE
5058,"saint pierre",0.107354891345462,-0.00737059697173646,0.855591379602919,0.484473103682335,FALSE,FALSE,FALSE,FALSE,FALSE,FALSE
5059,"saint pierre",0.0964990921044375,0.307416930341068,0.828610215509927,0.620057695571016,FALSE,FALSE,FALSE,FALSE,FALSE,FALSE
5060,"saint pierre",-0.090640207141627,-0.140169238647802,0.178177498727304,0.428644154081113,FALSE,FALSE,FALSE,FALSE,FALSE,FALSE
5061,"saint pierre",-0.124190904672682,0.326817311115683,0.115730527744782,0.628881724079416,FALSE,FALSE,FALSE,FALSE,FALSE,FALSE
5062,"saint pierre",-0.0428267380828125,-0.102803987301509,0.315119633463431,0.445443746818259,FALSE,FALSE,FALSE,FALSE,FALSE,FALSE
5063,"saint pierre",-0.0658958600820796,-0.101493152703737,0.239776005430171,0.44561343967419,FALSE,FALSE,FALSE,FALSE,FALSE,FALSE
5064,"saint pierre",-0.000918550407545737,0.125623683035017,0.48328525369082,0.541150517563211,FALSE,FALSE,FALSE,FALSE,FALSE,FALSE
5065,"saint pierre",-0.0251412513955724,0.441758985531072,0.382996775835737,0.676056338028169,FALSE,FALSE,FALSE,FALSE,FALSE,FALSE
5066,"saint pierre",0.0389048928906259,0.200153817793493,0.644493466825047,0.571864924486679,FALSE,FALSE,FALSE,FALSE,FALSE,FALSE
5067,"saint pierre",-0.100690666082503,-0.227216943122878,0.154929577464789,0.389105718649245,FALSE,FALSE,FALSE,FALSE,FALSE,FALSE
5068,"saint pierre",-0.071032444001812,-0.477640606153079,0.224843034108264,0.291532326489055,FALSE,FALSE,FALSE,FALSE,FALSE,FALSE
5069,"saint pierre",-0.00339050592981494,-0.343086958632858,0.473612760902766,0.3392160190056,FALSE,FALSE,FALSE,FALSE,FALSE,FALSE
5070,"saint pierre",0.094990781064368,-0.60335287360912,0.826064822670966,0.248090955370779,FALSE,FALSE,FALSE,FALSE,FALSE,FALSE
5071,"saint pierre",0.047827717382253,0.0600265177510799,0.675038180892584,0.512642117766842,FALSE,FALSE,FALSE,FALSE,FALSE,FALSE
5072,"saint pierre",-0.146260149993596,-0.052616064250695,0.0923129136263363,0.464958425250297,FALSE,FALSE,FALSE,FALSE,FALSE,FALSE
5073,"saint pierre",-0.0642129619453424,0.238180760420515,0.246903105379264,0.588494824367894,FALSE,FALSE,FALSE,FALSE,FALSE,FALSE
5074,"saint pierre",0.0818418076386944,-0.319457995695377,0.790938401493297,0.34820974036993,FALSE,FALSE,FALSE,FALSE,FALSE,FALSE
5075,"saint pierre",0.0734315223580069,-0.365678460764547,0.765484473103682,0.330222297641269,FALSE,FALSE,FALSE,FALSE,FALSE,FALSE
5076,"saint pierre",0.114482827718518,-0.0357033133573407,0.87137281520448,0.470897675207874,FALSE,FALSE,FALSE,FALSE,FALSE,FALSE
5077,"saint pierre",0.00926936692551905,0.169684312105077,0.526217546241303,0.560495503139318,FALSE,FALSE,FALSE,FALSE,FALSE,FALSE
5078,"saint pierre",0.106192533948326,0.264861649528084,0.853045986763957,0.602070252842355,FALSE,FALSE,FALSE,FALSE,FALSE,FALSE
5079,"saint pierre",-4.57728709513106e-06,-0.0358882487808967,0.487188189377227,0.470727982351943,FALSE,FALSE,FALSE,FALSE,FALSE,FALSE
5080,"saint pierre",0.0184169458459138,-0.872769043469135,0.564228745969795,0.175462413032411,FALSE,FALSE,FALSE,FALSE,FALSE,FALSE
5081,"saint pierre",0.0805294570058965,-0.819120460894483,0.788053622942474,0.189716612930596,FALSE,FALSE,FALSE,FALSE,FALSE,FALSE
5082,"saint pierre",-0.12129982630324,-0.79904681983664,0.119124384863397,0.194977091464449,FALSE,FALSE,FALSE,FALSE,FALSE,FALSE
5083,"saint vincent",-0.708247725197131,0.514985743621112,0.00186662141523842,0.700492109282199,FALSE,FALSE,FALSE,FALSE,FALSE,FALSE
5084,"saint vincent",0.351763642738932,0.896728875359543,0.984897335822162,0.813846937043951,TRUE,FALSE,FALSE,TRUE,FALSE,FALSE
5085,"saint vincent",0.00221150140408177,1.30600431701022,0.496181910741558,0.90463261496691,FALSE,TRUE,FALSE,FALSE,FALSE,FALSE
5086,"saint vincent",-0.0176254878139499,1.60898481401264,0.41252333276769,0.951976921771593,FALSE,TRUE,FALSE,FALSE,TRUE,FALSE
5087,"saint vincent",0.0416224658323472,1.14881471556665,0.653317495333446,0.875445443746818,FALSE,FALSE,FALSE,FALSE,FALSE,FALSE
5088,"saint vincent",-0.00811128902581792,0.962354114647517,0.452740539623282,0.831325301204819,FALSE,FALSE,FALSE,FALSE,FALSE,FALSE
5089,"saint vincent",-0.0668786178217928,0.397732022171191,0.23723061259121,0.657899202443577,FALSE,FALSE,FALSE,FALSE,FALSE,FALSE
5090,"saint vincent",0.000221487658363273,0.551446392084822,0.48786696080095,0.712200916341422,FALSE,FALSE,FALSE,FALSE,FALSE,FALSE
5091,"saint vincent",-0.00315698370034134,0.691542989079636,0.474970303750212,0.761411844561344,FALSE,FALSE,FALSE,FALSE,FALSE,FALSE
5092,"saint vincent",-0.000519699644256022,1.09139698278391,0.484982182250127,0.862718479552011,FALSE,FALSE,FALSE,FALSE,FALSE,FALSE
5093,"saint vincent",-0.127936697888064,1.18141475041186,0.109960970643136,0.882233157984049,FALSE,FALSE,FALSE,FALSE,FALSE,FALSE
5094,"saint vincent",-0.108896474398163,1.26116571765276,0.139317834719158,0.897675207873749,FALSE,FALSE,FALSE,FALSE,FALSE,FALSE
5095,"saint vincent",0.247122663930778,1.90680423642425,0.972340064483285,0.978279314440862,TRUE,TRUE,TRUE,TRUE,TRUE,TRUE
5096,"saint vincent",-0.0479547850804423,1.91493132881529,0.298998812150009,0.978788393008654,FALSE,TRUE,FALSE,FALSE,TRUE,FALSE
5097,"saint vincent",-0.284071793353814,1.09934941475089,0.0319022569149839,0.865433565246903,FALSE,FALSE,FALSE,FALSE,FALSE,FALSE
5098,"saint vincent",-0.242701049119631,-2.06184604660961,0.0402172068555914,0.0307144069234685,FALSE,FALSE,FALSE,FALSE,FALSE,FALSE
5099,"saint vincent",-0.0785939980460686,-1.84543408456523,0.204649584252503,0.0458170711013066,FALSE,FALSE,FALSE,FALSE,FALSE,FALSE
5100,"saint vincent",0.0764696308453843,0.443842402891069,0.774647887323944,0.677244188019684,FALSE,FALSE,FALSE,FALSE,FALSE,FALSE
5101,"saint vincent",0.0692349602951179,0.993730850306811,0.753436280332598,0.839131172577634,FALSE,FALSE,FALSE,FALSE,FALSE,FALSE
5102,"saint vincent",0.00420825059726582,1.2608544754014,0.505005939249958,0.897335822161887,FALSE,FALSE,FALSE,FALSE,FALSE,FALSE
5103,"saint vincent",-0.028074264907632,1.46989606701264,0.37247581876803,0.933819786187002,FALSE,TRUE,FALSE,FALSE,FALSE,FALSE
5104,"saint vincent",-0.0799455095638741,1.4484312292789,0.201255727133888,0.930086543356525,FALSE,TRUE,FALSE,FALSE,FALSE,FALSE
5105,"saint vincent",-0.51379685180898,-0.704854131389531,0.00559986424571525,0.218394705582895,FALSE,FALSE,FALSE,FALSE,FALSE,FALSE
5106,"saint vincent",-0.141104923503084,-1.16795525334319,0.0974036993042593,0.118445613439674,FALSE,FALSE,FALSE,FALSE,FALSE,FALSE
5107,"saint vincent",-0.114480194619752,-1.41916603167713,0.130154420498897,0.0858645851009673,FALSE,FALSE,FALSE,FALSE,FALSE,FALSE
5108,"saint vincent",-0.210716932788404,-0.797050303008322,0.0532835567622603,0.195316477176311,FALSE,FALSE,FALSE,FALSE,FALSE,FALSE
5109,"saint vincent",0.0307381901672503,-0.486847326019489,0.61411844561344,0.28813846937044,FALSE,FALSE,FALSE,FALSE,FALSE,FALSE
5110,"saint vincent",0.0521096549673139,-0.866776752515254,0.691328695061938,0.177498727303581,FALSE,FALSE,FALSE,FALSE,FALSE,FALSE
5111,"saint vincent",0.08523542670323,-0.130719488097854,0.801459358561005,0.433395554047175,FALSE,FALSE,FALSE,FALSE,FALSE,FALSE
5112,"saint vincent",0.153210785017016,1.23202690599272,0.923807907687086,0.891057186492449,TRUE,FALSE,FALSE,FALSE,FALSE,FALSE
5113,"saint vincent",0.071871394159654,0.937191157731938,0.760393687425759,0.824198201255727,FALSE,FALSE,FALSE,FALSE,FALSE,FALSE
5114,"saint vincent",-0.0225713660697036,1.05144332806525,0.393008654335652,0.851179365348719,FALSE,FALSE,FALSE,FALSE,FALSE,FALSE
5115,"saint vincent",-0.0213662277887181,1.40903528666166,0.397760054301714,0.924486679110809,FALSE,TRUE,FALSE,FALSE,FALSE,FALSE
5116,"saint vincent",-0.004433552452344,1.86020196539911,0.469540132360428,0.973867300186662,FALSE,TRUE,FALSE,FALSE,TRUE,FALSE
5117,"saint vincent",0.0401826279583304,2.08757619461841,0.648396402511454,0.98880027150857,FALSE,TRUE,FALSE,FALSE,TRUE,FALSE
5118,"saint vincent",0.0546008141571939,1.92519005206169,0.699983030714407,0.9801459358561,FALSE,TRUE,FALSE,FALSE,TRUE,FALSE
5119,"saint vincent",0.133501126743594,0.717341598983269,0.900050907856779,0.768029865942644,TRUE,FALSE,FALSE,FALSE,FALSE,FALSE
5120,"saint vincent",0.0907194517311183,0.805212956262683,0.815204479891397,0.792465637196674,FALSE,FALSE,FALSE,FALSE,FALSE,FALSE
5121,"saint vincent",0.218825674385517,1.08383062058458,0.965382657390124,0.860512472424911,TRUE,FALSE,FALSE,TRUE,FALSE,FALSE
5122,"saint vincent",0.174654622361169,1.60418628781342,0.943661971830986,0.951637536059732,TRUE,TRUE,TRUE,FALSE,TRUE,FALSE
5123,"saint vincent",0.293140717129123,1.78381901309206,0.978788393008654,0.969285593076532,TRUE,TRUE,TRUE,TRUE,TRUE,TRUE
5124,"saint vincent",0.075977449856488,1.09565593639619,0.772781265908705,0.864076022399457,FALSE,FALSE,FALSE,FALSE,FALSE,FALSE
5125,"saint vincent",-0.0164814108076357,0.750567601663741,0.416256575598167,0.778041744442559,FALSE,FALSE,FALSE,FALSE,FALSE,FALSE
5126,"saint vincent",-0.000442418600965055,0.554221371506656,0.485151875106058,0.713558459188868,FALSE,FALSE,FALSE,FALSE,FALSE,FALSE
5127,"saint vincent",-0.0331890034021516,0.629314114775103,0.351433904632615,0.742066858985237,FALSE,FALSE,FALSE,FALSE,FALSE,FALSE
5128,"saint vincent",0.0194095585138339,1.54680453491324,0.568131681656202,0.94468012896657,FALSE,TRUE,FALSE,FALSE,FALSE,FALSE
5129,"saint vincent",-0.178982813865824,1.21226269732462,0.0697437637875445,0.888342100797556,FALSE,FALSE,FALSE,FALSE,FALSE,FALSE
5130,"saint vincent",-0.054268582535169,1.2106570140724,0.276090276599355,0.888002715085695,FALSE,FALSE,FALSE,FALSE,FALSE,FALSE
5131,"saint vincent",0.0022726059627054,0.972072347163339,0.496521296453419,0.833870694043781,FALSE,FALSE,FALSE,FALSE,FALSE,FALSE
5132,"saint vincent",0.000368018557768579,1.04527905056953,0.488376039368743,0.850161208213134,FALSE,FALSE,FALSE,FALSE,FALSE,FALSE
5133,"saint vincent",0.0668398049137053,1.20203132649131,0.74512133039199,0.885287629390803,FALSE,FALSE,FALSE,FALSE,FALSE,FALSE
5134,"saint vincent",0.0369032513647749,1.69985683741249,0.637026981164093,0.963346343118955,FALSE,TRUE,FALSE,FALSE,TRUE,FALSE
5135,"saint vincent",0.0850848419803807,1.47910409987117,0.799932122857628,0.934837943322586,FALSE,TRUE,FALSE,FALSE,FALSE,FALSE
5136,"saint vincent",0.0348240753427724,1.01607032583184,0.629560495503139,0.842864415408111,FALSE,FALSE,FALSE,FALSE,FALSE,FALSE
5137,"saint vincent",-0.0682094916453426,0.417430365519527,0.233836755472595,0.665365688104531,FALSE,FALSE,FALSE,FALSE,FALSE,FALSE
5138,"saint vincent",0.00982863711909054,0.265401651423765,0.528593246224334,0.602409638554217,FALSE,FALSE,FALSE,FALSE,FALSE,FALSE
5139,"saint vincent",0.0437229594948558,0.940102135146369,0.660274902426608,0.825216358391312,FALSE,FALSE,FALSE,FALSE,FALSE,FALSE
5140,"saint vincent",0.00774366230290902,1.26084087858319,0.519938910571865,0.897166129305956,FALSE,FALSE,FALSE,FALSE,FALSE,FALSE
5141,"saint vincent",-0.111499936287126,1.07886483256443,0.134566434753097,0.859324622433396,FALSE,FALSE,FALSE,FALSE,FALSE,FALSE
5142,"saint vincent",-0.0768416082814802,1.31989131863394,0.209061598506703,0.908026472085525,FALSE,TRUE,FALSE,FALSE,FALSE,FALSE
5143,"saint vincent",-0.00898966488768593,0.876389633020826,0.449176989648736,0.808925844221958,FALSE,FALSE,FALSE,FALSE,FALSE,FALSE
5144,"saint vincent",-0.0437251662313294,0.766647174338134,0.312913626336331,0.782962837264551,FALSE,FALSE,FALSE,FALSE,FALSE,FALSE
5145,"saint vincent",0.0401317207791791,1.01968259459717,0.648226709655524,0.843882572543696,FALSE,FALSE,FALSE,FALSE,FALSE,FALSE
5146,"saint vincent",0.00224361722536059,1.50813245536883,0.496351603597489,0.938910571864924,FALSE,TRUE,FALSE,FALSE,FALSE,FALSE
5147,"saint vincent",0.0827846202011688,1.20747028319283,0.793653487188189,0.887154250806041,FALSE,FALSE,FALSE,FALSE,FALSE,FALSE
5148,"saint vincent",-0.0481959016746973,0.626477467533159,0.297641269302562,0.741218394705583,FALSE,FALSE,FALSE,FALSE,FALSE,FALSE
5149,"saint vincent",-0.0452037473585669,0.227473044710025,0.307653147802477,0.583404038689971,FALSE,FALSE,FALSE,FALSE,FALSE,FALSE
5150,"saint vincent",0.0381201013542452,0.683657416359301,0.641948073986085,0.758187680298659,FALSE,FALSE,FALSE,FALSE,FALSE,FALSE
5151,"saint vincent",-0.0201318267512889,0.328476372815936,0.402511454267775,0.62973018835907,FALSE,FALSE,FALSE,FALSE,FALSE,FALSE
5152,"saint vincent",-0.00485366622913119,1.01043573940738,0.466655353809605,0.841506872560665,FALSE,FALSE,FALSE,FALSE,FALSE,FALSE
5153,"saint vincent",-0.0989605526067212,1.20426020379959,0.160020363142712,0.886136093670456,FALSE,FALSE,FALSE,FALSE,FALSE,FALSE
5154,"saint vincent",-0.0826296923030121,1.09168982078813,0.193789241472934,0.862888172407942,FALSE,FALSE,FALSE,FALSE,FALSE,FALSE
5155,"saint vincent",0.0881658496977735,0.600308836290494,0.807907687086374,0.731036823349737,FALSE,FALSE,FALSE,FALSE,FALSE,FALSE
5156,"saint vincent",0.0446548736035499,0.823620295807985,0.664517223824877,0.796707958594943,FALSE,FALSE,FALSE,FALSE,FALSE,FALSE
5157,"saint vincent",0.0889670207089868,1.1081163277115,0.810283387069404,0.867130493806211,FALSE,FALSE,FALSE,FALSE,FALSE,FALSE
5158,"saint vincent",0.0140991326730688,1.32417032572249,0.544374681825895,0.909893093500764,FALSE,TRUE,FALSE,FALSE,FALSE,FALSE
5159,"saint vincent",0.160849065907202,1.59651310419499,0.931444086203971,0.950279993212286,TRUE,TRUE,TRUE,FALSE,TRUE,FALSE
5160,"saint vincent",0.0834147316349547,1.14519047373624,0.795350415747497,0.874427286611234,FALSE,FALSE,FALSE,FALSE,FALSE,FALSE
5161,"saint vincent",0.00429621490388321,0.123604475704594,0.50551501781775,0.540132360427626,FALSE,FALSE,FALSE,FALSE,FALSE,FALSE
5162,"saint vincent",0.0501899213382693,0.0688912330025593,0.681656202273884,0.516884439165111,FALSE,FALSE,FALSE,FALSE,FALSE,FALSE
5163,"saint vincent",-0.0693897421278535,0.346824951272369,0.229255048362464,0.636008824028508,FALSE,FALSE,FALSE,FALSE,FALSE,FALSE
5164,"sarre",-0.125933005051765,-0.551406842980739,0.113354827761751,0.26387239097234,FALSE,FALSE,FALSE,FALSE,FALSE,FALSE
5165,"sarre",-0.0501879069472917,-0.53188160919699,0.288986933650093,0.271338876633294,FALSE,FALSE,FALSE,FALSE,FALSE,FALSE
5166,"sarre",-0.0339502625028398,-0.149298903630892,0.348718818937723,0.424062446970982,FALSE,FALSE,FALSE,FALSE,FALSE,FALSE
5167,"sarre",0.0273664664759359,0.0959372202004156,0.600203631427117,0.530459867639572,FALSE,FALSE,FALSE,FALSE,FALSE,FALSE
5168,"sarre",0.06161717225595,-0.0365066577347416,0.72730358051926,0.470388596640081,FALSE,FALSE,FALSE,FALSE,FALSE,FALSE
5169,"sarre",-0.0669574380934712,-0.116515147464619,0.237060919735279,0.438316646869167,FALSE,FALSE,FALSE,FALSE,FALSE,FALSE
5170,"sarre",-0.09548797525831,-0.407490187717063,0.16629899881215,0.315459019175293,FALSE,FALSE,FALSE,FALSE,FALSE,FALSE
5171,"sarre",-0.0489042490529865,-0.251539559443411,0.294417105039878,0.377057525878161,FALSE,FALSE,FALSE,FALSE,FALSE,FALSE
5172,"sarre",0.0309300384682842,-0.15229112408149,0.615136602749024,0.422365518411675,FALSE,FALSE,FALSE,FALSE,FALSE,FALSE
5173,"sarre",0.0127927564305885,-0.468627161656581,0.540641438995418,0.294756490751739,FALSE,FALSE,FALSE,FALSE,FALSE,FALSE
5174,"sarre",-0.138523770964262,-0.343411150153893,0.0994400135754285,0.339046326149669,FALSE,FALSE,FALSE,FALSE,FALSE,FALSE
5175,"sarre",-0.116724410416243,0.0196917841799499,0.126760563380282,0.495163753605973,FALSE,FALSE,FALSE,FALSE,FALSE,FALSE
5176,"sarre",-0.0037860749931049,0.499265801267452,0.472424910911251,0.695231630748345,FALSE,FALSE,FALSE,FALSE,FALSE,FALSE
5177,"sarre",-0.0215862683972077,0.416580148325248,0.397081282877991,0.664856609536739,FALSE,FALSE,FALSE,FALSE,FALSE,FALSE
5178,"sarre",0.0755993275290034,-0.453798488025389,0.772272187340913,0.300186662141524,FALSE,FALSE,FALSE,FALSE,FALSE,FALSE
5179,"sarre",0.0265331622204279,-2.42334028299451,0.594943152893263,0.0159511284574919,FALSE,FALSE,FALSE,FALSE,FALSE,FALSE
5180,"sarre",0.127148418662538,-2.60733075656685,0.890208722212795,0.0100118784999152,FALSE,FALSE,FALSE,FALSE,FALSE,FALSE
5181,"sarre",-0.0292373280265146,-0.238208174949039,0.367894111657899,0.384014932971322,FALSE,FALSE,FALSE,FALSE,FALSE,FALSE
5182,"sarre",-0.0539327545356336,0.296185069197073,0.277617512302732,0.616154759884609,FALSE,FALSE,FALSE,FALSE,FALSE,FALSE
5183,"sarre",0.0164968575681002,0.580177114372656,0.554556253181741,0.723400644832852,FALSE,FALSE,FALSE,FALSE,FALSE,FALSE
5184,"sarre",0.0781138471555352,0.617323145571589,0.780756830137451,0.737485151875106,FALSE,FALSE,FALSE,FALSE,FALSE,FALSE
5185,"sarre",0.180736299188075,-0.415495244589334,0.948413371797047,0.313592397760054,TRUE,FALSE,FALSE,FALSE,FALSE,FALSE
5186,"sarre",-0.127932498478458,-0.845230650107244,0.110130663499067,0.181401662989988,FALSE,FALSE,FALSE,FALSE,FALSE,FALSE
5187,"sarre",-0.0281825070778652,-0.866786433968067,0.371966740200238,0.17732903444765,FALSE,FALSE,FALSE,FALSE,FALSE,FALSE
5188,"sarre",0.0539596219994181,-1.67084207385909,0.697777023587307,0.0595621924316986,FALSE,FALSE,FALSE,FALSE,FALSE,FALSE
5189,"sarre",0.000933448430222583,-1.45753831498068,0.490242660783981,0.0812828779908366,FALSE,FALSE,FALSE,FALSE,FALSE,FALSE
5190,"sarre",0.0700140021820914,-0.928521082435817,0.755472594603767,0.160190055998642,FALSE,FALSE,FALSE,FALSE,FALSE,FALSE
5191,"sarre",0.045621341863054,-1.11694691283603,0.668080773799423,0.12642117766842,FALSE,FALSE,FALSE,FALSE,FALSE,FALSE
5192,"sarre",0.0760847530591757,-0.882261009780538,0.773460037332428,0.172238248769727,FALSE,FALSE,FALSE,FALSE,FALSE,FALSE
5193,"sarre",-0.0156164707337734,-0.00911763934949217,0.420159511284575,0.48328525369082,FALSE,FALSE,FALSE,FALSE,FALSE,FALSE
5194,"sarre",-0.0942862748562909,-0.160561329446681,0.168844391651111,0.419311047004921,FALSE,FALSE,FALSE,FALSE,FALSE,FALSE
5195,"sarre",0.00314177336833943,0.109979295275204,0.499406075004242,0.534702189037842,FALSE,FALSE,FALSE,FALSE,FALSE,FALSE
5196,"sarre",0.0546865481310004,0.435040702326184,0.700492109282199,0.673510945189208,FALSE,FALSE,FALSE,FALSE,FALSE,FALSE
5197,"sarre",0.0350730001489996,0.356554508197279,0.631257424062447,0.641778381130154,FALSE,FALSE,FALSE,FALSE,FALSE,FALSE
5198,"sarre",-0.0865883076872009,0.443203325869348,0.185134905820465,0.676735109451892,FALSE,FALSE,FALSE,FALSE,FALSE,FALSE
5199,"sarre",-0.0867288613102026,0.780676492127608,0.184795520108603,0.786526387239097,FALSE,FALSE,FALSE,FALSE,FALSE,FALSE
5200,"sarre",-0.021341548899235,-0.553009874383457,0.397929747157645,0.262684540980825,FALSE,FALSE,FALSE,FALSE,FALSE,FALSE
5201,"sarre",-0.0390661862180259,-0.699272342398202,0.329034447649754,0.21958255557441,FALSE,FALSE,FALSE,FALSE,FALSE,FALSE
5202,"sarre",0.0919888279859862,-0.68690007657564,0.818768029865943,0.222976412693026,FALSE,FALSE,FALSE,FALSE,FALSE,FALSE
5203,"sarre",-0.0329465230099046,0.117606598445379,0.351942983200407,0.536738503309011,FALSE,FALSE,FALSE,FALSE,FALSE,FALSE
5204,"sarre",0.0698188841463026,0.779954776620123,0.754624130324113,0.786017308671305,FALSE,FALSE,FALSE,FALSE,FALSE,FALSE
5205,"sarre",-0.00378529959012752,0.233911247710476,0.472594603767181,0.586628202952656,FALSE,FALSE,FALSE,FALSE,FALSE,FALSE
5206,"sarre",0.00890161744481333,-0.276227267788564,0.524350924826065,0.366197183098592,FALSE,FALSE,FALSE,FALSE,FALSE,FALSE
5207,"sarre",0.0199979376589443,-0.349521531658264,0.570846767351095,0.337179704734431,FALSE,FALSE,FALSE,FALSE,FALSE,FALSE
5208,"sarre",0.017950415715255,-0.369234698183631,0.562022738842695,0.329204140505685,FALSE,FALSE,FALSE,FALSE,FALSE,FALSE
5209,"sarre",0.0161377994771463,0.0845033059468656,0.553198710334295,0.522993381978619,FALSE,FALSE,FALSE,FALSE,FALSE,FALSE
5210,"sarre",-0.141315258102761,-0.487883210806357,0.0970643135923978,0.287629390802647,FALSE,FALSE,FALSE,FALSE,FALSE,FALSE
5211,"sarre",-0.0613093979818355,0.134108750722735,0.255727133887663,0.545223146105549,FALSE,FALSE,FALSE,FALSE,FALSE,FALSE
5212,"sarre",-0.0115055802289135,-0.318041654680941,0.436450025453928,0.348549126081792,FALSE,FALSE,FALSE,FALSE,FALSE,FALSE
5213,"sarre",-0.0143100729803045,-0.217864013272847,0.425250296962498,0.394535890039029,FALSE,FALSE,FALSE,FALSE,FALSE,FALSE
5214,"sarre",0.0523863505370752,-0.168711859619801,0.692346852197522,0.414899032750721,FALSE,FALSE,FALSE,FALSE,FALSE,FALSE
5215,"sarre",-0.00526254817222238,0.216267816587246,0.464958425250297,0.578143560156117,FALSE,FALSE,FALSE,FALSE,FALSE,FALSE
5216,"sarre",0.0765748177046959,0.452585050305194,0.774817580179874,0.68080773799423,FALSE,FALSE,FALSE,FALSE,FALSE,FALSE
5217,"sarre",-0.0414169296615778,0.15926739049519,0.320210419141354,0.555404717461395,FALSE,FALSE,FALSE,FALSE,FALSE,FALSE
5218,"sarre",-0.0296250869900856,-0.375779808747806,0.366536568810453,0.326998133378585,FALSE,FALSE,FALSE,FALSE,FALSE,FALSE
5219,"sarre",-0.00454561382154317,-0.547266490350358,0.468352282368912,0.264551162396063,FALSE,FALSE,FALSE,FALSE,FALSE,FALSE
5220,"sarre",0.0374689433048854,-0.0618290711214325,0.639402681147124,0.460546410996097,FALSE,FALSE,FALSE,FALSE,FALSE,FALSE
5221,"sarre",0.0968438442942503,-0.284567797253948,0.82928898693365,0.362124554556253,FALSE,FALSE,FALSE,FALSE,FALSE,FALSE
5222,"sarre",-0.0806876682319047,-0.81945879574886,0.19955879857458,0.189377227218734,FALSE,FALSE,FALSE,FALSE,FALSE,FALSE
5223,"sarre",-0.103102832857216,0.184464865655378,0.151366027490243,0.566774138808756,FALSE,FALSE,FALSE,FALSE,FALSE,FALSE
5224,"sarre",-0.0131894947427611,-0.21888252439963,0.429492618360767,0.393857118615306,FALSE,FALSE,FALSE,FALSE,FALSE,FALSE
5225,"sarre",-0.0359578230047592,-0.186396177743772,0.340234176141184,0.407262854233837,FALSE,FALSE,FALSE,FALSE,FALSE,FALSE
5226,"sarre",0.0167741882012749,-0.180092467321594,0.555235024605464,0.409638554216867,FALSE,FALSE,FALSE,FALSE,FALSE,FALSE
5227,"sarre",-0.0194635746107679,-0.0271263690393052,0.405056847106737,0.475818768029866,FALSE,FALSE,FALSE,FALSE,FALSE,FALSE
5228,"sarre",0.0407492013943145,0.396576171685187,0.649923638214831,0.657220431019854,FALSE,FALSE,FALSE,FALSE,FALSE,FALSE
5229,"sarre",-0.0908445826852677,-0.154751321608359,0.177838113015442,0.420838282708298,FALSE,FALSE,FALSE,FALSE,FALSE,FALSE
5230,"sarre",-0.0763453992884298,-0.287146293422414,0.210928219921941,0.360597318852876,FALSE,FALSE,FALSE,FALSE,FALSE,FALSE
5231,"sarre",-0.0320464800253486,-0.266608077254259,0.355506533174953,0.37026981164093,FALSE,FALSE,FALSE,FALSE,FALSE,FALSE
5232,"sarre",0.0328562967530992,-0.514555317563521,0.621415238418463,0.276938740879009,FALSE,FALSE,FALSE,FALSE,FALSE,FALSE
5233,"sarre",-0.00114891806602735,-0.47913515211606,0.481758017987443,0.291192940777193,FALSE,FALSE,FALSE,FALSE,FALSE,FALSE
5234,"sarre",-0.13217386519252,-0.262907840677959,0.105718649244867,0.371627354488376,FALSE,FALSE,FALSE,FALSE,FALSE,FALSE
5235,"sarre",-0.0700896230259467,0.0172753071565877,0.228576276938741,0.494824367894112,FALSE,FALSE,FALSE,FALSE,FALSE,FALSE
5236,"sarre",0.0768481565990111,-0.57620722884601,0.776514508739182,0.254369591040217,FALSE,FALSE,FALSE,FALSE,FALSE,FALSE
5237,"sarre",0.0305633389745434,-0.332777499092981,0.612760902765994,0.342440183268284,FALSE,FALSE,FALSE,FALSE,FALSE,FALSE
5238,"sarre",0.0798140788782824,-0.378234937918295,0.785508230103513,0.325979976243,FALSE,FALSE,FALSE,FALSE,FALSE,FALSE
5239,"sarre",-0.0126355091312629,-0.087750154302715,0.431189546920075,0.451552689631766,FALSE,FALSE,FALSE,FALSE,FALSE,FALSE
5240,"sarre",0.085507954430156,0.411642368235297,0.802138129984728,0.6629899881215,FALSE,FALSE,FALSE,FALSE,FALSE,FALSE
5241,"sarre",0.0632408292308249,0.321569717888705,0.732903444764975,0.626166638384524,FALSE,FALSE,FALSE,FALSE,FALSE,FALSE
5242,"sarre",0.100714311459347,-0.350634492348127,0.841167486848804,0.336500933310708,FALSE,FALSE,FALSE,FALSE,FALSE,FALSE
5243,"sarre",0.0011060420361737,-0.143702857917341,0.491260817919566,0.427456304089598,FALSE,FALSE,FALSE,FALSE,FALSE,FALSE
5244,"sarre",-0.354824594128079,-0.292253138533527,0.0181571355845919,0.358051926013915,FALSE,FALSE,FALSE,FALSE,FALSE,FALSE
5245,"torgnon",0.191851926869175,0.857963258370632,0.956898014593586,0.805192601391481,TRUE,FALSE,FALSE,TRUE,FALSE,FALSE
5246,"torgnon",-0.285035581641942,1.05897537485948,0.0312234854912608,0.853385372475819,FALSE,FALSE,FALSE,FALSE,FALSE,FALSE
5247,"torgnon",0.0747988768093908,1.32254609306011,0.769726794501951,0.909214322077041,FALSE,TRUE,FALSE,FALSE,FALSE,FALSE
5248,"torgnon",-0.518833823303108,0.612171749476046,0.00526047853385372,0.735279144748006,FALSE,FALSE,FALSE,FALSE,FALSE,FALSE
5249,"torgnon",-0.00102963984602766,-0.296535721088252,0.482436789411166,0.356185304598676,FALSE,FALSE,FALSE,FALSE,FALSE,FALSE
5250,"torgnon",-0.0328973197174456,0.278815445967734,0.352112676056338,0.607161038520278,FALSE,FALSE,FALSE,FALSE,FALSE,FALSE
5251,"torgnon",0.112703440217414,0.263047775384769,0.868657729509588,0.600033938571186,FALSE,FALSE,FALSE,FALSE,FALSE,FALSE
5252,"torgnon",0.155848996974784,0.156744733274651,0.926353300526048,0.55421686746988,TRUE,FALSE,FALSE,FALSE,FALSE,FALSE
5253,"torgnon",-0.234972828062865,0.0817169488475391,0.0432716782623452,0.521296453419311,FALSE,FALSE,FALSE,FALSE,FALSE,FALSE
5254,"torgnon",0.0771646790660014,0.673329612089869,0.77838113015442,0.755472594603767,FALSE,FALSE,FALSE,FALSE,FALSE,FALSE
5255,"torgnon",0.491786536614811,0.28759888238748,0.994230442898354,0.611403359918547,TRUE,FALSE,FALSE,TRUE,FALSE,FALSE
5256,"torgnon",-0.0552716551059991,1.33175881377112,0.273544883760394,0.911759714916002,FALSE,TRUE,FALSE,FALSE,FALSE,FALSE
5257,"torgnon",0.0568479968644393,2.04055716462032,0.70727982351943,0.98659426438147,FALSE,TRUE,FALSE,FALSE,TRUE,FALSE
5258,"torgnon",-0.0758868322492479,2.04079861738955,0.211267605633803,0.9867639572374,FALSE,TRUE,FALSE,FALSE,TRUE,FALSE
5259,"torgnon",-0.47209350601525,1.38290159718165,0.00848464279653827,0.919565586288817,FALSE,TRUE,FALSE,FALSE,FALSE,FALSE
5260,"torgnon",-0.289471671384989,-1.54819267328411,0.0296962497878839,0.0717800780587137,FALSE,FALSE,FALSE,FALSE,FALSE,FALSE
5261,"torgnon",0.0443351682777298,-1.65119564154935,0.6629899881215,0.0617681995587986,FALSE,FALSE,FALSE,FALSE,FALSE,FALSE
5262,"torgnon",0.0625955033515382,0.247582458785674,0.730697437637875,0.593415917189886,FALSE,FALSE,FALSE,FALSE,FALSE,FALSE
5263,"torgnon",0.104279049073408,0.886536867880349,0.84914305107755,0.810792465637197,FALSE,FALSE,FALSE,FALSE,FALSE,FALSE
5264,"torgnon",0.144603429219741,1.01326206743379,0.915153572034617,0.841676565416596,TRUE,FALSE,FALSE,FALSE,FALSE,FALSE
5265,"torgnon",-0.209059232122645,0.653637982459587,0.054980485321568,0.750381808925844,FALSE,FALSE,FALSE,FALSE,FALSE,FALSE
5266,"torgnon",0.179150982329155,-0.0247398981264065,0.947225521805532,0.476497539453589,TRUE,FALSE,FALSE,FALSE,FALSE,FALSE
5267,"torgnon",-0.129668694216429,-0.531162402096659,0.107924656371967,0.271508569489225,FALSE,FALSE,FALSE,FALSE,FALSE,FALSE
5268,"torgnon",0.705526270864599,-0.872183705454851,0.998133378584762,0.175801798744273,TRUE,FALSE,FALSE,TRUE,FALSE,FALSE
5269,"torgnon",-0.686950616988204,-0.818797079483403,0.00203631427116918,0.190395384354319,FALSE,FALSE,FALSE,FALSE,FALSE,FALSE
5270,"torgnon",-0.350301645522668,-0.220161472320784,0.0191752927201765,0.393348040047514,FALSE,FALSE,FALSE,FALSE,FALSE,FALSE
5271,"torgnon",-0.0779251611365126,-0.859160462882014,0.205328355676226,0.179025963006957,FALSE,FALSE,FALSE,FALSE,FALSE,FALSE
5272,"torgnon",0.142814292278466,-0.156337954620088,0.912438486339725,0.419989818428644,TRUE,FALSE,FALSE,FALSE,FALSE,FALSE
5273,"torgnon",0.088799490546311,-0.279224363350553,0.809774308501612,0.365179025963007,FALSE,FALSE,FALSE,FALSE,FALSE,FALSE
5274,"torgnon",-0.0453421114674928,0.49380518247113,0.307483454946547,0.692855930765315,FALSE,FALSE,FALSE,FALSE,FALSE,FALSE
5275,"torgnon",0.0987098163359761,0.683694431594002,0.834549465467504,0.75835737315459,FALSE,FALSE,FALSE,FALSE,FALSE,FALSE
5276,"torgnon",0.0650663663444142,0.719790724714337,0.739521466146275,0.769217715934159,FALSE,FALSE,FALSE,FALSE,FALSE,FALSE
5277,"torgnon",-0.234026946435165,0.623796998951879,0.0439504496860682,0.739521466146275,FALSE,FALSE,FALSE,FALSE,FALSE,FALSE
5278,"torgnon",0.0179947511744665,0.699364049100657,0.562192431698626,0.763108773120652,FALSE,FALSE,FALSE,FALSE,FALSE,FALSE
5279,"torgnon",0.571139576376737,0.24565477563056,0.996436450025454,0.592228067198371,TRUE,FALSE,FALSE,TRUE,FALSE,FALSE
5280,"torgnon",0.244995495747609,1.90514881315934,0.971661293059562,0.97777023587307,TRUE,TRUE,TRUE,TRUE,TRUE,TRUE
5281,"torgnon",0.1834011114065,0.929296674739703,0.949770914644493,0.822840658408281,TRUE,FALSE,FALSE,FALSE,FALSE,FALSE
5282,"torgnon",0.180845205410337,0.780642090959437,0.948583064652978,0.786356694383166,TRUE,FALSE,FALSE,FALSE,FALSE,FALSE
5283,"torgnon",0.173245622994644,0.927813618289822,0.94230442898354,0.822161886984558,TRUE,FALSE,FALSE,FALSE,FALSE,FALSE
5284,"torgnon",-0.391350140597385,0.396073500085302,0.0156117427456304,0.656881045307993,FALSE,FALSE,FALSE,FALSE,FALSE,FALSE
5285,"torgnon",-0.0982945865411846,0.643032749574624,0.161038520278296,0.747836416086883,FALSE,FALSE,FALSE,FALSE,FALSE,FALSE
5286,"torgnon",-0.0465154250197539,0.219839601031175,0.30375021211607,0.579501103003564,FALSE,FALSE,FALSE,FALSE,FALSE,FALSE
5287,"torgnon",0.0759962681404716,0.393355152163669,0.772950958764636,0.655862888172408,FALSE,FALSE,FALSE,FALSE,FALSE,FALSE
5288,"torgnon",0.0979096211116648,0.186889690167867,0.831155608348888,0.567452910232479,FALSE,FALSE,FALSE,FALSE,FALSE,FALSE
5289,"torgnon",-0.247689811585207,-0.114515025503133,0.039029356864076,0.439504496860682,FALSE,FALSE,FALSE,FALSE,FALSE,FALSE
5290,"torgnon",0.00292086410312109,0.879443835013629,0.498387917868658,0.809434922789751,FALSE,FALSE,FALSE,FALSE,FALSE,FALSE
5291,"torgnon",0.394434086119732,-0.768687586868058,0.988291192940777,0.203631427116918,TRUE,FALSE,FALSE,TRUE,FALSE,FALSE
5292,"torgnon",0.359399186413439,1.11907053831105,0.985576107245885,0.870184965212965,TRUE,FALSE,FALSE,TRUE,FALSE,FALSE
5293,"torgnon",0.0735006207759028,1.07181369172581,0.766163244527405,0.856948922450365,FALSE,FALSE,FALSE,FALSE,FALSE,FALSE
5294,"torgnon",-0.155052499536946,1.11241679378396,0.0851858136772442,0.868148650941795,FALSE,FALSE,FALSE,FALSE,FALSE,FALSE
5295,"torgnon",-0.0876257924886037,0.980041494232694,0.182759205837434,0.836585779738673,FALSE,FALSE,FALSE,FALSE,FALSE,FALSE
5296,"torgnon",-0.0497969004057843,0.691754654213431,0.290005090785678,0.761581537417275,FALSE,FALSE,FALSE,FALSE,FALSE,FALSE
5297,"torgnon",-0.251500543826923,-0.054217888834592,0.0378415068725607,0.464109960970643,FALSE,FALSE,FALSE,FALSE,FALSE,FALSE
5298,"torgnon",0.0262060420248709,0.369212106702969,0.592906838622094,0.64737824537587,FALSE,FALSE,FALSE,FALSE,FALSE,FALSE
5299,"torgnon",0.113729440414662,0.289919578584716,0.870184965212965,0.612591209910063,FALSE,FALSE,FALSE,FALSE,FALSE,FALSE
5300,"torgnon",0.103698151150022,0.0354872973650228,0.847785508230103,0.502460546410996,FALSE,FALSE,FALSE,FALSE,FALSE,FALSE
5301,"torgnon",-0.179605541069433,-0.106700750164861,0.069404378075683,0.443068046835228,FALSE,FALSE,FALSE,FALSE,FALSE,FALSE
5302,"torgnon",0.0772021197602477,-0.0436864548494888,0.778550823010351,0.468012896657051,FALSE,FALSE,FALSE,FALSE,FALSE,FALSE
5303,"torgnon",0.537609455689635,0.103008641320811,0.9955879857458,0.533344646190395,TRUE,FALSE,FALSE,TRUE,FALSE,FALSE
5304,"torgnon",0.151283130108679,1.01542355246146,0.921092821992194,0.84252502969625,TRUE,FALSE,FALSE,FALSE,FALSE,FALSE
5305,"torgnon",0.0305297190443738,1.06456862867585,0.612421517054132,0.854233836755473,FALSE,FALSE,FALSE,FALSE,FALSE,FALSE
5306,"torgnon",-0.214255384417497,1.0397656328276,0.0515866282029527,0.848124893941965,FALSE,FALSE,FALSE,FALSE,FALSE,FALSE
5307,"torgnon",0.0702000412992518,1.04499338910827,0.75615136602749,0.849991515357203,FALSE,FALSE,FALSE,FALSE,FALSE,FALSE
5308,"torgnon",-0.48780759135259,0.123758911492022,0.00763617851688444,0.540302053283557,FALSE,FALSE,FALSE,FALSE,FALSE,FALSE
5309,"torgnon",-0.0187929543333833,-0.336474408472849,0.407771932801629,0.3414220261327,FALSE,FALSE,FALSE,FALSE,FALSE,FALSE
5310,"torgnon",-0.062008519523042,-0.0932430666547848,0.251824198201256,0.448837603936874,FALSE,FALSE,FALSE,FALSE,FALSE,FALSE
5311,"torgnon",0.0915949980316793,0.121496577690119,0.817410487018497,0.539114203292041,FALSE,FALSE,FALSE,FALSE,FALSE,FALSE
5312,"torgnon",0.140525969442249,0.340622792275412,0.90904462922111,0.63414220261327,TRUE,FALSE,FALSE,FALSE,FALSE,FALSE
5313,"torgnon",-0.153655979224064,-0.404937186414594,0.086034277956898,0.316477176310877,FALSE,FALSE,FALSE,FALSE,FALSE,FALSE
5314,"torgnon",-0.0074351472889429,0.00737894269079284,0.456304089597828,0.491091125063635,FALSE,FALSE,FALSE,FALSE,FALSE,FALSE
5315,"torgnon",0.400486531475662,0.170721133598117,0.989479042932292,0.561343967418972,TRUE,FALSE,FALSE,TRUE,FALSE,FALSE
5316,"torgnon",0.232755921976812,1.03823445400905,0.968097743085016,0.847785508230103,TRUE,FALSE,FALSE,TRUE,FALSE,FALSE
5317,"torgnon",-0.0567672072545893,0.927932748836492,0.268454098082471,0.822331579840489,FALSE,FALSE,FALSE,FALSE,FALSE,FALSE
5318,"torgnon",-0.0232189071995101,1.04172311046696,0.389614797217037,0.848633972509757,FALSE,FALSE,FALSE,FALSE,FALSE,FALSE
5319,"torgnon",0.0909924537155877,1.10041307175889,0.815713558459189,0.865603258102834,FALSE,FALSE,FALSE,FALSE,FALSE,FALSE
5320,"torgnon",-0.209874198272052,0.326051946475408,0.0541320210419141,0.628372645511624,FALSE,FALSE,FALSE,FALSE,FALSE,FALSE
5321,"torgnon",-0.207801431411061,0.296745958353443,0.0553198710334295,0.61632445274054,FALSE,FALSE,FALSE,FALSE,FALSE,FALSE
5322,"torgnon",0.101906045858611,0.661766565403541,0.844052265399627,0.75156965891736,FALSE,FALSE,FALSE,FALSE,FALSE,FALSE
5323,"torgnon",0.149228745539665,-0.0200124905537349,0.918886814865094,0.479382318004412,TRUE,FALSE,FALSE,FALSE,FALSE,FALSE
5324,"torgnon",0.163895668317195,0.118150897335682,0.935856100458171,0.537417274732734,TRUE,FALSE,FALSE,FALSE,FALSE,FALSE
5325,"torgnon",-0.505374459067433,-0.327859412228636,0.00644832852536908,0.344306804683523,FALSE,FALSE,FALSE,FALSE,FALSE,FALSE
5326,"valgrisenche",0.139519103463222,0.0420674505089008,0.907687086373664,0.505005939249958,TRUE,FALSE,FALSE,FALSE,FALSE,FALSE
5327,"valgrisenche",-0.124552356664012,0.551046612485657,0.11522144917699,0.712031223485491,FALSE,FALSE,FALSE,FALSE,FALSE,FALSE
5328,"valgrisenche",0.00984143349943523,0.916831390709007,0.528762939080265,0.818768029865943,FALSE,FALSE,FALSE,FALSE,FALSE,FALSE
5329,"valgrisenche",-0.130375250904022,1.20479000412758,0.107245884948244,0.886475479382318,FALSE,FALSE,FALSE,FALSE,FALSE,FALSE
5330,"valgrisenche",0.0455095509319055,-0.393182914829635,0.667911080943492,0.32139826913287,FALSE,FALSE,FALSE,FALSE,FALSE,FALSE
5331,"valgrisenche",-0.00106325374104976,0.978255906142938,0.482267096555235,0.836076701170881,FALSE,FALSE,FALSE,FALSE,FALSE,FALSE
5332,"valgrisenche",-0.0602891986526544,1.05089801700228,0.257933141014763,0.851009672492788,FALSE,FALSE,FALSE,FALSE,FALSE,FALSE
5333,"valgrisenche",0.0371289281667266,1.02701699638087,0.637705752587816,0.845070422535211,FALSE,FALSE,FALSE,FALSE,FALSE,FALSE
5334,"valgrisenche",-0.0169046361087073,0.789176537101585,0.414899032750721,0.788732394366197,FALSE,FALSE,FALSE,FALSE,FALSE,FALSE
5335,"valgrisenche",0.106264740506223,0.177413161814834,0.85355506533175,0.564568131681656,FALSE,FALSE,FALSE,FALSE,FALSE,FALSE
5336,"valgrisenche",0.0734458435978755,0.206574374457946,0.765823858815544,0.574580010181571,FALSE,FALSE,FALSE,FALSE,FALSE,FALSE
5337,"valgrisenche",-0.0617188383640634,0.883504056122736,0.253521126760563,0.810113694213474,FALSE,FALSE,FALSE,FALSE,FALSE,FALSE
5338,"valgrisenche",0.0882936040820628,1.45159703808982,0.808416765654166,0.930595621924317,FALSE,TRUE,FALSE,FALSE,FALSE,FALSE
5339,"valgrisenche",0.078236712294256,1.23361377027024,0.781265908705243,0.89139657220431,FALSE,FALSE,FALSE,FALSE,FALSE,FALSE
5340,"valgrisenche",-0.00555888570822738,0.636611925192774,0.464109960970643,0.745460716103852,FALSE,FALSE,FALSE,FALSE,FALSE,FALSE
5341,"valgrisenche",-0.0341782052227071,-0.868258361421921,0.347530968946207,0.176989648735788,FALSE,FALSE,FALSE,FALSE,FALSE,FALSE
5342,"valgrisenche",0.0930633238209566,-1.08743520505174,0.821313422704904,0.131002884778551,FALSE,FALSE,FALSE,FALSE,FALSE,FALSE
5343,"valgrisenche",0.0260304883252509,0.247971450278385,0.59205837434244,0.593585610045817,FALSE,FALSE,FALSE,FALSE,FALSE,FALSE
5344,"valgrisenche",0.00461649840785583,1.40759591497515,0.506872560665196,0.923977600543017,FALSE,TRUE,FALSE,FALSE,FALSE,FALSE
5345,"valgrisenche",0.0701108969467477,1.57991653548822,0.755642287459698,0.948752757508909,FALSE,TRUE,FALSE,FALSE,FALSE,FALSE
5346,"valgrisenche",-0.0545145199213231,1.39328125850453,0.275241812319701,0.922280671983709,FALSE,TRUE,FALSE,FALSE,FALSE,FALSE
5347,"valgrisenche",0.00770432920104369,0.988137751832885,0.519769217715934,0.837773629730188,FALSE,FALSE,FALSE,FALSE,FALSE,FALSE
5348,"valgrisenche",-0.104426987656302,-1.00585456365822,0.147972170371627,0.144917698964874,FALSE,FALSE,FALSE,FALSE,FALSE,FALSE
5349,"valgrisenche",0.367665845159912,-1.48617154765552,0.986085185813677,0.078058713728152,TRUE,FALSE,FALSE,TRUE,FALSE,FALSE
5350,"valgrisenche",0.00566533156998439,-2.02435329685843,0.510266417783811,0.0346173426098761,FALSE,FALSE,FALSE,FALSE,FALSE,FALSE
5351,"valgrisenche",-0.0656246165912577,-0.850416345930132,0.240963855421687,0.180553198710334,FALSE,FALSE,FALSE,FALSE,FALSE,FALSE
5352,"valgrisenche",0.0602486628750896,-0.874393757060331,0.720346173426099,0.17512302732055,FALSE,FALSE,FALSE,FALSE,FALSE,FALSE
5353,"valgrisenche",-0.0109951435573201,-0.943413877698496,0.438656032581028,0.155947734600373,FALSE,FALSE,FALSE,FALSE,FALSE,FALSE
5354,"valgrisenche",0.0846559530467612,-0.258868417067633,0.797726115730528,0.374512133039199,FALSE,FALSE,FALSE,FALSE,FALSE,FALSE
5355,"valgrisenche",-0.0368712192362359,0.91432849782769,0.335652469031054,0.817919565586289,FALSE,FALSE,FALSE,FALSE,FALSE,FALSE
5356,"valgrisenche",0.00540794018629853,1.28724514301602,0.509078567792296,0.901408450704225,FALSE,TRUE,FALSE,FALSE,FALSE,FALSE
5357,"valgrisenche",0.0359153626771853,1.55689276199086,0.633802816901408,0.946377057525878,FALSE,TRUE,FALSE,FALSE,FALSE,FALSE
5358,"valgrisenche",-0.135408918696433,1.51704204771463,0.101815713558459,0.940777193280163,FALSE,TRUE,FALSE,FALSE,FALSE,FALSE
5359,"valgrisenche",-0.0627650606137582,1.1471075359026,0.250806041065671,0.874936365179026,FALSE,FALSE,FALSE,FALSE,FALSE,FALSE
5360,"valgrisenche",0.0324701903931963,1.06737357412724,0.619888002715086,0.854912608179196,FALSE,FALSE,FALSE,FALSE,FALSE,FALSE
5361,"valgrisenche",0.139289543943939,1.51292603078883,0.907178007805871,0.939759036144578,TRUE,TRUE,TRUE,FALSE,FALSE,FALSE
5362,"valgrisenche",0.0381892563933484,0.397441777154328,0.642457152553877,0.657559816731716,FALSE,FALSE,FALSE,FALSE,FALSE,FALSE
5363,"valgrisenche",-0.0674169352061913,0.165497230405232,0.235873069743764,0.558289496012218,FALSE,FALSE,FALSE,FALSE,FALSE,FALSE
5364,"valgrisenche",0.0733634958689429,0.414615957569375,0.76497539453589,0.664008145257085,FALSE,FALSE,FALSE,FALSE,FALSE,FALSE
5365,"valgrisenche",-0.115606885928287,1.14261059120226,0.128457491939589,0.873918208043441,FALSE,FALSE,FALSE,FALSE,FALSE,FALSE
5366,"valgrisenche",-0.0439445736619284,0.366039391133036,0.311895469200747,0.645681316816562,FALSE,FALSE,FALSE,FALSE,FALSE,FALSE
5367,"valgrisenche",-0.0301419461869088,0.701340452848822,0.363821483115561,0.763787544544375,FALSE,FALSE,FALSE,FALSE,FALSE,FALSE
5368,"valgrisenche",-0.0528269057804085,1.04760660691387,0.280841676565417,0.850330901069065,FALSE,FALSE,FALSE,FALSE,FALSE,FALSE
5369,"valgrisenche",-0.0299007493225005,0.976293327693811,0.365179025963007,0.835567622603088,FALSE,FALSE,FALSE,FALSE,FALSE,FALSE
5370,"valgrisenche",-0.0209440304307762,0.290734921491428,0.399456982861022,0.613269981333786,FALSE,FALSE,FALSE,FALSE,FALSE,FALSE
5371,"valgrisenche",-0.00725335104662506,0.446829353438019,0.45681316816562,0.67860173086713,FALSE,FALSE,FALSE,FALSE,FALSE,FALSE
5372,"valgrisenche",-0.100434237155598,-0.0577162410265636,0.155778041744443,0.462413032411335,FALSE,FALSE,FALSE,FALSE,FALSE,FALSE
5373,"valgrisenche",0.187161151743386,0.754815843549988,0.952825386051247,0.778720515866282,TRUE,FALSE,FALSE,TRUE,FALSE,FALSE
5374,"valgrisenche",0.118434613130255,0.759225999419813,0.877821143729849,0.780247751569659,FALSE,FALSE,FALSE,FALSE,FALSE,FALSE
5375,"valgrisenche",-0.0737206763275271,0.814227468504812,0.217715934159172,0.794841337179705,FALSE,FALSE,FALSE,FALSE,FALSE,FALSE
5376,"valgrisenche",0.00930147257175484,0.828914375415014,0.526556931953165,0.798913965722043,FALSE,FALSE,FALSE,FALSE,FALSE,FALSE
5377,"valgrisenche",-0.0590882072848657,1.30910701904898,0.262005769557102,0.905650772102494,FALSE,TRUE,FALSE,FALSE,FALSE,FALSE
5378,"valgrisenche",0.0202395858555828,0.217436308167549,0.571186153062956,0.578992024435771,FALSE,FALSE,FALSE,FALSE,FALSE,FALSE
5379,"valgrisenche",0.0959436548018697,0.565933383806299,0.827422365518412,0.717800780587137,FALSE,FALSE,FALSE,FALSE,FALSE,FALSE
5380,"valgrisenche",-0.0625322064152432,1.06646176753203,0.251315119633463,0.854742915323265,FALSE,FALSE,FALSE,FALSE,FALSE,FALSE
5381,"valgrisenche",0.00670728932439069,0.955872730386238,0.515696589173596,0.829798065501442,FALSE,FALSE,FALSE,FALSE,FALSE,FALSE
5382,"valgrisenche",0.00553135813885675,1.07586178043184,0.50992703207195,0.857967079585949,FALSE,FALSE,FALSE,FALSE,FALSE,FALSE
5383,"valgrisenche",-0.0346508648918693,0.407696607269045,0.345155268963177,0.661123366706262,FALSE,FALSE,FALSE,FALSE,FALSE,FALSE
5384,"valgrisenche",0.148998903385479,-0.342842616343881,0.918717122009163,0.339555404717461,TRUE,FALSE,FALSE,FALSE,FALSE,FALSE
5385,"valgrisenche",0.0674021339815827,0.870042184369753,0.746987951807229,0.807737994230443,FALSE,FALSE,FALSE,FALSE,FALSE,FALSE
5386,"valgrisenche",-0.0324266580604711,0.850254213332353,0.354318683183438,0.803665365688105,FALSE,FALSE,FALSE,FALSE,FALSE,FALSE
5387,"valgrisenche",-0.112740022095013,0.801490365984525,0.132190734770066,0.791277787205159,FALSE,FALSE,FALSE,FALSE,FALSE,FALSE
5388,"valgrisenche",0.0328336268230789,0.896289335823676,0.621075852706601,0.813507551332089,FALSE,FALSE,FALSE,FALSE,FALSE,FALSE
5389,"valgrisenche",-0.145150521483064,0.818856317740749,0.094009842185644,0.795689801459359,FALSE,FALSE,FALSE,FALSE,FALSE,FALSE
5390,"valgrisenche",-0.0195124596408824,0.326069698327574,0.404887154250806,0.628542338367555,FALSE,FALSE,FALSE,FALSE,FALSE,FALSE
5391,"valgrisenche",-0.127282002357598,0.357149267581471,0.11080943492279,0.642117766842016,FALSE,FALSE,FALSE,FALSE,FALSE,FALSE
5392,"valgrisenche",-0.0360249973174014,0.967896376834083,0.339894790429323,0.833022229764127,FALSE,FALSE,FALSE,FALSE,FALSE,FALSE
5393,"valgrisenche",0.0986479484118927,1.29435661413491,0.833870694043781,0.903444764975394,FALSE,TRUE,FALSE,FALSE,FALSE,FALSE
5394,"valgrisenche",-0.0848709637668321,0.552754785549127,0.189886305786526,0.712709994909214,FALSE,FALSE,FALSE,FALSE,FALSE,FALSE
5395,"valgrisenche",0.0011593714951097,0.196351637504133,0.491430510775496,0.570677074495164,FALSE,FALSE,FALSE,FALSE,FALSE,FALSE
5396,"valgrisenche",-0.0644818909528162,0.392664012815497,0.245545562531817,0.655523502460546,FALSE,FALSE,FALSE,FALSE,FALSE,FALSE
5397,"valgrisenche",0.166388219291786,0.879694473049339,0.93789241472934,0.809604615645681,TRUE,FALSE,FALSE,FALSE,FALSE,FALSE
5398,"valgrisenche",-0.207274918531205,0.662080130175453,0.055659256745291,0.75173935177329,FALSE,FALSE,FALSE,FALSE,FALSE,FALSE
5399,"valgrisenche",-0.209234032442764,0.805740017791709,0.0548107924656372,0.792635330052605,FALSE,FALSE,FALSE,FALSE,FALSE,FALSE
5400,"valgrisenche",-0.0703924702561878,1.14554734501343,0.227218734091295,0.874766672323095,FALSE,FALSE,FALSE,FALSE,FALSE,FALSE
5401,"valgrisenche",-0.46917435784473,0.740017958510985,0.00865433565246903,0.773629730188359,FALSE,FALSE,FALSE,FALSE,FALSE,FALSE
5402,"valgrisenche",-0.142784200705334,0.416051102449541,0.0958764636008824,0.664686916680808,FALSE,FALSE,FALSE,FALSE,FALSE,FALSE
5403,"valgrisenche",0.0477776229268887,0.760867245728487,0.674868488036654,0.781265908705243,FALSE,FALSE,FALSE,FALSE,FALSE,FALSE
5404,"valgrisenche",-0.0133564410720872,0.824317735435773,0.428644154081113,0.797047344306805,FALSE,FALSE,FALSE,FALSE,FALSE,FALSE
5405,"valgrisenche",-0.0350021983075148,0.985048720839172,0.343458340403869,0.837094858306465,FALSE,FALSE,FALSE,FALSE,FALSE,FALSE
5406,"valgrisenche",-0.481508373579384,0.625525042685312,0.0078058713728152,0.740369930425929,FALSE,FALSE,FALSE,FALSE,FALSE,FALSE
5407,"valpelline",0.112265557757521,-0.606555576320849,0.866791108094349,0.247072798235194,FALSE,FALSE,FALSE,FALSE,FALSE,FALSE
5408,"valpelline",-0.0261840131191011,-0.202145367663429,0.379263533005261,0.401662989988121,FALSE,FALSE,FALSE,FALSE,FALSE,FALSE
5409,"valpelline",-0.111337774456056,0.127102647072951,0.134905820464958,0.541829288986934,FALSE,FALSE,FALSE,FALSE,FALSE,FALSE
5410,"valpelline",-0.104738910557041,0.366112789186987,0.147463091803835,0.645851009672493,FALSE,FALSE,FALSE,FALSE,FALSE,FALSE
5411,"valpelline",-0.0167178875282392,-0.134852456735728,0.415577804174444,0.431189546920075,FALSE,FALSE,FALSE,FALSE,FALSE,FALSE
5412,"valpelline",-0.253566624020683,0.280227540704039,0.0376718140166299,0.607670117088071,FALSE,FALSE,FALSE,FALSE,FALSE,FALSE
5413,"valpelline",-0.20734937031583,0.0474358746011874,0.0554895638893603,0.50772102494485,FALSE,FALSE,FALSE,FALSE,FALSE,FALSE
5414,"valpelline",-0.0448168837666039,0.0292617685306983,0.309519769217716,0.500084846427965,FALSE,FALSE,FALSE,FALSE,FALSE,FALSE
5415,"valpelline",0.0899470703375549,0.0471015759302358,0.812828779908366,0.507381639232988,FALSE,FALSE,FALSE,FALSE,FALSE,FALSE
5416,"valpelline",0.248602312742674,-7.45694921974706e-05,0.972679450195147,0.487697267945019,TRUE,FALSE,FALSE,TRUE,FALSE,FALSE
5417,"valpelline",0.176349667524345,0.246391591135004,0.944171050398778,0.592567452910232,TRUE,FALSE,FALSE,FALSE,FALSE,FALSE
5418,"valpelline",-0.12714469790585,0.250863963844253,0.111488206346513,0.594773460037332,FALSE,FALSE,FALSE,FALSE,FALSE,FALSE
5419,"valpelline",0.0287291913594885,0.826642296131137,0.60529441710504,0.798065501442389,FALSE,FALSE,FALSE,FALSE,FALSE,FALSE
5420,"valpelline",0.0135990020264067,0.786225836214127,0.542847446122518,0.787883930086543,FALSE,FALSE,FALSE,FALSE,FALSE,FALSE
5421,"valpelline",0.157553669997984,-0.469437459209544,0.927880536229425,0.294247412183947,TRUE,FALSE,FALSE,FALSE,FALSE,FALSE
5422,"valpelline",-0.22404991006,-1.51039697168143,0.0466655353809605,0.0758527066010521,FALSE,FALSE,FALSE,FALSE,FALSE,FALSE
5423,"valpelline",-0.182451188115303,-1.65755036296667,0.0677074495163754,0.0609197352791447,FALSE,FALSE,FALSE,FALSE,FALSE,FALSE
5424,"valpelline",-0.123804134801691,-0.121421861623168,0.116069913456643,0.436450025453928,FALSE,FALSE,FALSE,FALSE,FALSE,FALSE
5425,"valpelline",0.00495356627972932,0.287753027891188,0.507890717800781,0.611742745630409,FALSE,FALSE,FALSE,FALSE,FALSE,FALSE
5426,"valpelline",0.0475573186971232,0.188077621155186,0.673680638045138,0.567792295944341,FALSE,FALSE,FALSE,FALSE,FALSE,FALSE
5427,"valpelline",-0.235316059226667,0.664764139975341,0.0431019854064144,0.753096894620736,FALSE,FALSE,FALSE,FALSE,FALSE,FALSE
5428,"valpelline",0.897348188055076,-0.0336408935287984,0.998812150008485,0.471406753775666,TRUE,FALSE,FALSE,TRUE,FALSE,FALSE
5429,"valpelline",0.0222099829771558,-1.6015227613955,0.578822331579841,0.0660105209570677,FALSE,FALSE,FALSE,FALSE,FALSE,FALSE
5430,"valpelline",0.118338578049942,-2.0445136135519,0.877651450873918,0.0324113354827762,FALSE,FALSE,FALSE,FALSE,FALSE,FALSE
5431,"valpelline",0.178004983608137,-2.63789591895666,0.946037671814017,0.00899372136433056,TRUE,FALSE,FALSE,FALSE,FALSE,FALSE
5432,"valpelline",0.0330583073103927,-2.30264409083178,0.622263702698116,0.0205328355676226,FALSE,FALSE,FALSE,FALSE,FALSE,FALSE
5433,"valpelline",-0.411479910768714,-2.13353304049195,0.0135754284744612,0.0279993212285763,FALSE,FALSE,FALSE,FALSE,FALSE,FALSE
5434,"valpelline",-0.103171308557922,-1.93683081007029,0.151196334634312,0.039029356864076,FALSE,FALSE,FALSE,FALSE,FALSE,FALSE
5435,"valpelline",-0.0911337936807417,-2.40903550172906,0.176989648735788,0.0162905141693535,FALSE,FALSE,FALSE,FALSE,FALSE,FALSE
5436,"valpelline",-0.352771813382583,0.388158104575194,0.0186662141523842,0.653826573901239,FALSE,FALSE,FALSE,FALSE,FALSE,FALSE
5437,"valpelline",-0.289415606015238,0.55230681053322,0.0298659426438147,0.712540302053284,FALSE,FALSE,FALSE,FALSE,FALSE,FALSE
5438,"valpelline",-0.173524808253937,-0.108534901127817,0.0736466994739522,0.442389275411505,FALSE,FALSE,FALSE,FALSE,FALSE,FALSE
5439,"valpelline",0.0810266435105085,0.666617138879048,0.789241472933989,0.753605973188529,FALSE,FALSE,FALSE,FALSE,FALSE,FALSE
5440,"valpelline",0.388477716423672,0.939636170521886,0.987612421517054,0.824707279823519,TRUE,FALSE,FALSE,TRUE,FALSE,FALSE
5441,"valpelline",0.213148610128281,1.22063461418441,0.964364500254539,0.889360257933141,TRUE,FALSE,FALSE,TRUE,FALSE,FALSE
5442,"valpelline",-0.051578067122847,1.09264465585222,0.285253690819616,0.863227558119803,FALSE,FALSE,FALSE,FALSE,FALSE,FALSE
5443,"valpelline",0.0108433902339335,-0.256968856111279,0.532835567622603,0.375360597318853,FALSE,FALSE,FALSE,FALSE,FALSE,FALSE
5444,"valpelline",0.0250069109173658,-0.225019283656271,0.589343288647548,0.39029356864076,FALSE,FALSE,FALSE,FALSE,FALSE,FALSE
5445,"valpelline",0.194761085405124,-0.18598036968018,0.958255557441032,0.407432547089768,TRUE,FALSE,FALSE,TRUE,FALSE,FALSE
5446,"valpelline",-0.152662246326749,0.423797728057793,0.0870524350924826,0.668589852367215,FALSE,FALSE,FALSE,FALSE,FALSE,FALSE
5447,"valpelline",-0.273077934156907,0.513029433302933,0.03325979976243,0.699643645002545,FALSE,FALSE,FALSE,FALSE,FALSE,FALSE
5448,"valpelline",-0.1398817688821,0.139507210354785,0.0979127778720516,0.54759884608858,FALSE,FALSE,FALSE,FALSE,FALSE,FALSE
5449,"valpelline",-0.108984312277652,0.323016529943746,0.138808756151366,0.626506024096386,FALSE,FALSE,FALSE,FALSE,FALSE,FALSE
5450,"valpelline",-0.150980774368579,0.229803231805221,0.088240285083998,0.584931274393348,FALSE,FALSE,FALSE,FALSE,FALSE,FALSE
5451,"valpelline",0.165129853028395,-0.174498359745379,0.937043950449686,0.411505175632106,TRUE,FALSE,FALSE,FALSE,FALSE,FALSE
5452,"valpelline",0.356984779078555,0.457521172005219,0.985406414389954,0.682504666553538,TRUE,FALSE,FALSE,TRUE,FALSE,FALSE
5453,"valpelline",0.320815788816507,0.251007553685322,0.98218225012727,0.594943152893263,TRUE,FALSE,FALSE,TRUE,FALSE,FALSE
5454,"valpelline",-0.0213703651614239,0.285895727893736,0.397590361445783,0.610385202782963,FALSE,FALSE,FALSE,FALSE,FALSE,FALSE
5455,"valpelline",0.0919646050196103,-0.298213069040236,0.818428644154081,0.355676226030884,FALSE,FALSE,FALSE,FALSE,FALSE,FALSE
5456,"valpelline",0.0749330970622815,-0.0285767154081359,0.770066180213813,0.474630918038351,FALSE,FALSE,FALSE,FALSE,FALSE,FALSE
5457,"valpelline",0.176573307759986,-0.11847080950685,0.94468012896657,0.437298489733582,TRUE,FALSE,FALSE,FALSE,FALSE,FALSE
5458,"valpelline",0.126477059577741,0.515388219477279,0.890039029356864,0.701170880705922,FALSE,FALSE,FALSE,FALSE,FALSE,FALSE
5459,"valpelline",-0.513478898690236,0.292449374647632,0.00576955710164602,0.61428813846937,FALSE,FALSE,FALSE,FALSE,FALSE,FALSE
5460,"valpelline",-0.0929365771849522,0.202094766934241,0.172747327337519,0.572543695910402,FALSE,FALSE,FALSE,FALSE,FALSE,FALSE
5461,"valpelline",-0.181720512776694,0.224258605340363,0.06872560665196,0.581876802986594,FALSE,FALSE,FALSE,FALSE,FALSE,FALSE
5462,"valpelline",0.00600720017525447,0.0169305674658964,0.511454267775327,0.494315289326319,FALSE,FALSE,FALSE,FALSE,FALSE,FALSE
5463,"valpelline",-0.0232818526784477,-0.194745850180024,0.389445104361106,0.404547768538945,FALSE,FALSE,FALSE,FALSE,FALSE,FALSE
5464,"valpelline",0.584495158161525,0.0679816599596825,0.996945528593246,0.51654505345325,TRUE,FALSE,FALSE,TRUE,FALSE,FALSE
5465,"valpelline",0.195710308174926,-0.449171291117271,0.959104021720686,0.301204819277108,TRUE,FALSE,FALSE,TRUE,FALSE,FALSE
5466,"valpelline",-0.0849939094762711,0.159773810641622,0.189377227218734,0.555744103173256,FALSE,FALSE,FALSE,FALSE,FALSE,FALSE
5467,"valpelline",0.0476638600314345,-0.481019632428596,0.673850330901069,0.290683862209401,FALSE,FALSE,FALSE,FALSE,FALSE,FALSE
5468,"valpelline",-0.0150061420833811,-0.126799489802283,0.423723061259121,0.435092482606482,FALSE,FALSE,FALSE,FALSE,FALSE,FALSE
5469,"valpelline",-0.00910887796069382,-0.0622580238242484,0.44781944680129,0.460376718140166,FALSE,FALSE,FALSE,FALSE,FALSE,FALSE
5470,"valpelline",-0.122646594781417,-0.128877894644494,0.118275920583743,0.43458340403869,FALSE,FALSE,FALSE,FALSE,FALSE,FALSE
5471,"valpelline",-0.168545769881927,-0.0749713469880168,0.077379942304429,0.455455625318174,FALSE,FALSE,FALSE,FALSE,FALSE,FALSE
5472,"valpelline",-0.507492471917548,-0.540737301610328,0.00627863566943832,0.267435940946886,FALSE,FALSE,FALSE,FALSE,FALSE,FALSE
5473,"valpelline",-0.182938064873712,-0.658465666427317,0.0673680638045138,0.231800441201425,FALSE,FALSE,FALSE,FALSE,FALSE,FALSE
5474,"valpelline",0.0161541662506561,0.272804594558922,0.553368403190226,0.60529441710504,FALSE,FALSE,FALSE,FALSE,FALSE,FALSE
5475,"valpelline",0.0632399233029073,-0.59674800206597,0.732733751909045,0.249787883930087,FALSE,FALSE,FALSE,FALSE,FALSE,FALSE
5476,"valpelline",0.120678853376345,-0.390179590938442,0.882911929407772,0.321907347700662,FALSE,FALSE,FALSE,FALSE,FALSE,FALSE
5477,"valpelline",0.396390819867287,0.195775551618552,0.988630578652639,0.570337688783302,TRUE,FALSE,FALSE,TRUE,FALSE,FALSE
5478,"valpelline",0.163659945030195,0.0829372685487329,0.935347021890378,0.521805531987103,TRUE,FALSE,FALSE,FALSE,FALSE,FALSE
5479,"valpelline",-1.58013608735433,-0.751960738762803,0.000509078567792296,0.207704055659257,FALSE,FALSE,FALSE,FALSE,FALSE,FALSE
5480,"valpelline",-0.658824737708366,-0.146643035814963,0.00237569998303071,0.425419989818429,FALSE,FALSE,FALSE,FALSE,FALSE,FALSE
5481,"valpelline",-0.654486840778764,-0.434015876887588,0.00254539283896148,0.308501612082131,FALSE,FALSE,FALSE,FALSE,FALSE,FALSE
5482,"valpelline",-0.604178464177062,-0.227569713499939,0.00339385711861531,0.388596640081453,FALSE,FALSE,FALSE,FALSE,FALSE,FALSE
5483,"valpelline",-0.297670141007535,0.265308809957632,0.0286780926522993,0.602239945698286,FALSE,FALSE,FALSE,FALSE,FALSE,FALSE
5484,"valpelline",-0.206856462951089,0.135804990009717,0.0559986424571526,0.54556253181741,FALSE,FALSE,FALSE,FALSE,FALSE,FALSE
5485,"valpelline",-0.145630817732368,-0.250153192963025,0.0935007636178517,0.377566604445953,FALSE,FALSE,FALSE,FALSE,FALSE,FALSE
5486,"valpelline",-0.103327761631908,-0.0254769406959435,0.151026641778381,0.476327846597658,FALSE,FALSE,FALSE,FALSE,FALSE,FALSE
5487,"valpelline",-0.21148246484095,-0.441917650531604,0.052774478194468,0.304598676395724,FALSE,FALSE,FALSE,FALSE,FALSE,FALSE
5488,"valsavarenche",-0.00299051642670456,-0.280190462384148,0.475818768029866,0.363991175971492,FALSE,FALSE,FALSE,FALSE,FALSE,FALSE
5489,"valsavarenche",-0.1228335988275,0.0899800525169973,0.117936534871882,0.526387239097234,FALSE,FALSE,FALSE,FALSE,FALSE,FALSE
5490,"valsavarenche",-0.0456099095944751,1.27291762004312,0.306804683522824,0.899541829288987,FALSE,FALSE,FALSE,FALSE,FALSE,FALSE
5491,"valsavarenche",-0.0684600151019552,1.96912312350485,0.232988291192941,0.983200407262854,FALSE,TRUE,FALSE,FALSE,TRUE,FALSE
5492,"valsavarenche",0.00702512225005059,1.52501225808118,0.517223824876973,0.942643814695401,FALSE,TRUE,FALSE,FALSE,FALSE,FALSE
5493,"valsavarenche",0.117811828669916,1.6774578750857,0.877142372306126,0.959782793144409,FALSE,TRUE,FALSE,FALSE,TRUE,FALSE
5494,"valsavarenche",0.242131135002452,1.54431194629747,0.970982521635839,0.94451043611064,TRUE,TRUE,TRUE,TRUE,FALSE,FALSE
5495,"valsavarenche",0.121657251988708,1.55409381989313,0.883760393687426,0.945867978958086,FALSE,TRUE,FALSE,FALSE,FALSE,FALSE
5496,"valsavarenche",-0.156554324423388,1.60974195672206,0.0838282708297981,0.952316307483455,FALSE,TRUE,FALSE,FALSE,TRUE,FALSE
5497,"valsavarenche",-0.113808186943968,0.0199705438055516,0.131172577634482,0.495503139317835,FALSE,FALSE,FALSE,FALSE,FALSE,FALSE
5498,"valsavarenche",0.0334514319640267,-0.53607645386584,0.623281859833701,0.269981333785848,FALSE,FALSE,FALSE,FALSE,FALSE,FALSE
5499,"valsavarenche",0.077042368119745,0.569375281968298,0.778041744442559,0.719667402002376,FALSE,FALSE,FALSE,FALSE,FALSE,FALSE
5500,"valsavarenche",0.0132511881996269,1.06998495462227,0.541659596131003,0.856270151026642,FALSE,FALSE,FALSE,FALSE,FALSE,FALSE
5501,"valsavarenche",0.0410565191623213,0.795622771922592,0.650772102494485,0.789920244357713,FALSE,FALSE,FALSE,FALSE,FALSE,FALSE
5502,"valsavarenche",0.106205695599096,0.801035504705283,0.853215679619888,0.791108094349228,FALSE,FALSE,FALSE,FALSE,FALSE,FALSE
5503,"valsavarenche",0.0265738998624894,-0.762870492106256,0.595282538605125,0.204988969964364,FALSE,FALSE,FALSE,FALSE,FALSE,FALSE
5504,"valsavarenche",0.09044287608668,-0.977559965569964,0.81367724418802,0.150008484642797,FALSE,FALSE,FALSE,FALSE,FALSE,FALSE
5505,"valsavarenche",0.125819855260227,1.94125662810234,0.888851179365349,0.981673171559477,FALSE,TRUE,FALSE,FALSE,TRUE,FALSE
5506,"valsavarenche",0.114358556578544,2.24220255738273,0.871033429492618,0.992194128627185,FALSE,TRUE,FALSE,FALSE,TRUE,FALSE
5507,"valsavarenche",0.0673302692602373,2.3335544103729,0.746648566095367,0.993721364330562,FALSE,TRUE,FALSE,FALSE,TRUE,FALSE
5508,"valsavarenche",-0.309647502867806,2.18950898568365,0.0251145426777533,0.990666892923808,FALSE,TRUE,FALSE,FALSE,TRUE,FALSE
5509,"valsavarenche",-0.117330463246789,0.944966850229763,0.126251484812489,0.826913286950619,FALSE,FALSE,FALSE,FALSE,FALSE,FALSE
5510,"valsavarenche",-0.126965148805875,-0.914393266597905,0.111827592058374,0.163414220261327,FALSE,FALSE,FALSE,FALSE,FALSE,FALSE
5511,"valsavarenche",-0.0374272812694443,-1.36747209066959,0.333616154759885,0.0902765993551671,FALSE,FALSE,FALSE,FALSE,FALSE,FALSE
5512,"valsavarenche",0.0427020602533013,-1.91981516528589,0.657050738163923,0.0407262854233837,FALSE,FALSE,FALSE,FALSE,FALSE,FALSE
5513,"valsavarenche",0.0248414590581554,-1.65489382550624,0.588155438656033,0.061428813846937,FALSE,FALSE,FALSE,FALSE,FALSE,FALSE
5514,"valsavarenche",-0.00649271099792692,-0.491717638669237,0.459697946716443,0.286950619378924,FALSE,FALSE,FALSE,FALSE,FALSE,FALSE
5515,"valsavarenche",-0.0350688378210897,-0.831174088925131,0.343118954692007,0.185813677244188,FALSE,FALSE,FALSE,FALSE,FALSE,FALSE
5516,"valsavarenche",0.0925009064223392,0.708831221412276,0.819446801289666,0.765823858815544,FALSE,FALSE,FALSE,FALSE,FALSE,FALSE
5517,"valsavarenche",0.0893919863542258,2.2194769395693,0.810962158493127,0.991515357203462,FALSE,TRUE,FALSE,FALSE,TRUE,FALSE
5518,"valsavarenche",0.153730245743604,1.97674911752743,0.924147293398948,0.983709485830647,TRUE,TRUE,TRUE,FALSE,TRUE,FALSE
5519,"valsavarenche",0.0570669475692664,2.38045567819636,0.708128287799084,0.994909214322077,FALSE,TRUE,FALSE,FALSE,TRUE,FALSE
5520,"valsavarenche",-0.221149208308431,2.3373104197955,0.0483624639402681,0.993891057186492,FALSE,TRUE,FALSE,FALSE,TRUE,FALSE
5521,"valsavarenche",-0.176291874850657,1.01958885305687,0.0724588494824368,0.843712879687765,FALSE,FALSE,FALSE,FALSE,FALSE,FALSE
5522,"valsavarenche",-0.105257595171201,0.59928059205031,0.146105548956389,0.730527744781945,FALSE,FALSE,FALSE,FALSE,FALSE,FALSE
5523,"valsavarenche",0.116991410538823,1.36782729995041,0.875106058034957,0.917020193449856,FALSE,TRUE,FALSE,FALSE,FALSE,FALSE
5524,"valsavarenche",0.0769849985499214,0.16883898766354,0.777362973018836,0.559477346003733,FALSE,FALSE,FALSE,FALSE,FALSE,FALSE
5525,"valsavarenche",0.00269863801953285,-0.352025997484981,0.497539453589004,0.335991854742915,FALSE,FALSE,FALSE,FALSE,FALSE,FALSE
5526,"valsavarenche",0.151775282422513,0.373749918870497,0.921771593415917,0.649075173935177,TRUE,FALSE,FALSE,FALSE,FALSE,FALSE
5527,"valsavarenche",0.083327487306196,1.86856160372682,0.795011030035635,0.974546071610385,FALSE,TRUE,FALSE,FALSE,TRUE,FALSE
5528,"valsavarenche",-0.0234758504669159,1.46306440304214,0.388257254369591,0.932122857627694,FALSE,TRUE,FALSE,FALSE,FALSE,FALSE
5529,"valsavarenche",0.174164445054759,1.74520927594971,0.943152893263194,0.966400814525708,TRUE,TRUE,TRUE,FALSE,TRUE,FALSE
5530,"valsavarenche",0.0930243994973381,1.68175523339091,0.820974036993043,0.960461564568132,FALSE,TRUE,FALSE,FALSE,TRUE,FALSE
5531,"valsavarenche",0.0331446660510224,1.69924016831229,0.622433395554047,0.963006957407093,FALSE,TRUE,FALSE,FALSE,TRUE,FALSE
5532,"valsavarenche",-0.319279703666499,1.3070937871392,0.0237569998303071,0.905141693534702,FALSE,TRUE,FALSE,FALSE,FALSE,FALSE
5533,"valsavarenche",-0.259921948376379,0.305474913740232,0.0364839640251145,0.619039538435432,FALSE,FALSE,FALSE,FALSE,FALSE,FALSE
5534,"valsavarenche",-0.0999075524676023,-0.687483647425228,0.15747497030375,0.222806719837095,FALSE,FALSE,FALSE,FALSE,FALSE,FALSE
5535,"valsavarenche",0.109916837372245,0.318236999772571,0.860512472424911,0.624639402681147,FALSE,FALSE,FALSE,FALSE,FALSE,FALSE
5536,"valsavarenche",0.0252013043399213,0.217843349095218,0.589682674359409,0.579161717291702,FALSE,FALSE,FALSE,FALSE,FALSE,FALSE
5537,"valsavarenche",-0.0012916939503782,0.28584008875395,0.48107924656372,0.610215509927032,FALSE,FALSE,FALSE,FALSE,FALSE,FALSE
5538,"valsavarenche",0.140274251750007,-0.0330056695565561,0.908196164941456,0.471915832343458,TRUE,FALSE,FALSE,FALSE,FALSE,FALSE
5539,"valsavarenche",0.0284489899257068,1.92484595770798,0.603597488545732,0.97997624300017,FALSE,TRUE,FALSE,FALSE,TRUE,FALSE
5540,"valsavarenche",-0.09024362754454,1.357290019782,0.178516884439165,0.915492957746479,FALSE,TRUE,FALSE,FALSE,FALSE,FALSE
5541,"valsavarenche",0.0804533949250885,1.90637488591484,0.787544544374682,0.978109621584931,FALSE,TRUE,FALSE,FALSE,TRUE,FALSE
5542,"valsavarenche",0.112780480215873,1.75633052331408,0.868827422365518,0.967588664517224,FALSE,TRUE,FALSE,FALSE,TRUE,FALSE
5543,"valsavarenche",0.0150994652798175,1.53046522257138,0.548956388936026,0.943152893263194,FALSE,TRUE,FALSE,FALSE,FALSE,FALSE
5544,"valsavarenche",-0.22826817982385,1.69500106647663,0.0449686068216528,0.96232818598337,FALSE,TRUE,FALSE,FALSE,TRUE,FALSE
5545,"valsavarenche",-0.117789871998536,0.569280371289175,0.125572713388766,0.719497709146445,FALSE,FALSE,FALSE,FALSE,FALSE,FALSE
5546,"valsavarenche",-0.064212699613396,-0.0388215812746536,0.247072798235194,0.469200746648566,FALSE,FALSE,FALSE,FALSE,FALSE,FALSE
5547,"valsavarenche",-0.0311018503600611,0.650465558785366,0.360597318852876,0.74953334464619,FALSE,FALSE,FALSE,FALSE,FALSE,FALSE
5548,"valsavarenche",-0.00190813158148195,0.264686320006757,0.47904293229255,0.601561174274563,FALSE,FALSE,FALSE,FALSE,FALSE,FALSE
5549,"valsavarenche",-0.101207577609825,0.479814639181697,0.154081113185135,0.689122687934838,FALSE,FALSE,FALSE,FALSE,FALSE,FALSE
5550,"valsavarenche",-0.0343213705530072,0.673639236975679,0.346682504666554,0.755642287459698,FALSE,FALSE,FALSE,FALSE,FALSE,FALSE
5551,"valsavarenche",0.0154697598891467,2.08479306751634,0.550483624639403,0.988460885796708,FALSE,TRUE,FALSE,FALSE,TRUE,FALSE
5552,"valsavarenche",-0.171814841446606,1.33046451283174,0.0755133208891906,0.911080943492279,FALSE,TRUE,FALSE,FALSE,FALSE,FALSE
5553,"valsavarenche",0.11769863218643,1.50139066384906,0.876633293738334,0.938062107585271,FALSE,TRUE,FALSE,FALSE,FALSE,FALSE
5554,"valsavarenche",0.0270528063131739,1.51236473968154,0.597488545732225,0.939589343288648,FALSE,TRUE,FALSE,FALSE,FALSE,FALSE
5555,"valsavarenche",0.0444344203339551,1.74573224870997,0.663329373833362,0.966570507381639,FALSE,TRUE,FALSE,FALSE,TRUE,FALSE
5556,"valsavarenche",-0.248873979805248,1.2388626386192,0.0388596640081453,0.892414729339895,FALSE,FALSE,FALSE,FALSE,FALSE,FALSE
5557,"valsavarenche",-0.153257135190325,0.224096471765697,0.0867130493806211,0.581707110130663,FALSE,FALSE,FALSE,FALSE,FALSE,FALSE
5558,"valsavarenche",-0.178072010880904,0.325240188060472,0.0705922280671984,0.627693874087901,FALSE,FALSE,FALSE,FALSE,FALSE,FALSE
5559,"valsavarenche",0.0184117273339375,0.601154521651535,0.563889360257933,0.731545901917529,FALSE,FALSE,FALSE,FALSE,FALSE,FALSE
5560,"valsavarenche",0.0274094935400395,0.0425989653760624,0.600543017138978,0.505345324961819,FALSE,FALSE,FALSE,FALSE,FALSE,FALSE
5561,"valsavarenche",-0.0207738500840513,0.255931587820902,0.400305447140675,0.597658238588155,FALSE,FALSE,FALSE,FALSE,FALSE,FALSE
5562,"valsavarenche",0.0944874748378872,1.01876529609026,0.824707279823519,0.843373493975904,FALSE,FALSE,FALSE,FALSE,FALSE,FALSE
5563,"valsavarenche",-0.185871903919471,1.95353513707476,0.0663499066689292,0.98218225012727,FALSE,TRUE,FALSE,FALSE,TRUE,FALSE
5564,"valsavarenche",0.119964859094987,1.74102532343941,0.880536229424741,0.966061428813847,FALSE,TRUE,FALSE,FALSE,TRUE,FALSE
5565,"valsavarenche",0.246453284266305,1.92288072425659,0.972170371627355,0.979467164432377,TRUE,TRUE,TRUE,TRUE,TRUE,TRUE
5566,"valsavarenche",0.17939961416173,1.35879944513268,0.947564907517394,0.91583234345834,TRUE,TRUE,TRUE,FALSE,FALSE,FALSE
5567,"valsavarenche",0.201305505130154,1.52235053352685,0.961140335991855,0.942134736127609,TRUE,TRUE,TRUE,TRUE,FALSE,FALSE
5568,"valsavarenche",-0.463208954855631,1.26636557722618,0.0088240285083998,0.898693365009333,FALSE,FALSE,FALSE,FALSE,FALSE,FALSE
5569,"valtournenche",0.0494399706315427,1.09763982774667,0.678941116578992,0.864924486679111,FALSE,FALSE,FALSE,FALSE,FALSE,FALSE
5570,"valtournenche",0.0334631804985683,1.0897036038838,0.623621245545563,0.861870015272357,FALSE,FALSE,FALSE,FALSE,FALSE,FALSE
5571,"valtournenche",0.0922391414397303,1.6308789531198,0.819107415577804,0.955031393178347,FALSE,TRUE,FALSE,FALSE,TRUE,FALSE
5572,"valtournenche",-0.0773591070497339,1.69724643363961,0.207194977091464,0.962837264551162,FALSE,TRUE,FALSE,FALSE,TRUE,FALSE
5573,"valtournenche",-0.360395224036981,-0.26762606944913,0.0176480570167996,0.369421347361276,FALSE,FALSE,FALSE,FALSE,FALSE,FALSE
5574,"valtournenche",-0.218358657083851,0.120473714965,0.0495503139317835,0.538265739012388,FALSE,FALSE,FALSE,FALSE,FALSE,FALSE
5575,"valtournenche",0.163258686765717,0.240195066214221,0.934159171898863,0.589343288647548,TRUE,FALSE,FALSE,FALSE,FALSE,FALSE
5576,"valtournenche",0.053754148098923,0.308284039622511,0.697437637875445,0.620566774138809,FALSE,FALSE,FALSE,FALSE,FALSE,FALSE
5577,"valtournenche",-0.00766027494973898,0.419878802001476,0.455285932462243,0.666383845240115,FALSE,FALSE,FALSE,FALSE,FALSE,FALSE
5578,"valtournenche",0.174840695437712,0.521916492861031,0.943831664686917,0.703546580688953,TRUE,FALSE,FALSE,FALSE,FALSE,FALSE
5579,"valtournenche",0.443089842662534,1.40466563048086,0.992024435771254,0.923638214831156,TRUE,TRUE,TRUE,TRUE,FALSE,FALSE
5580,"valtournenche",-0.0161554417208922,1.81634931560113,0.417783811301544,0.970643135923978,FALSE,TRUE,FALSE,FALSE,TRUE,FALSE
5581,"valtournenche",0.0597737042622306,2.11126232148143,0.717800780587137,0.989139657220431,FALSE,TRUE,FALSE,FALSE,TRUE,FALSE
5582,"valtournenche",-0.0245877587084173,2.01994999306595,0.384863397250976,0.985236721534023,FALSE,TRUE,FALSE,FALSE,TRUE,FALSE
5583,"valtournenche",-0.449748030378789,1.33673661671939,0.0106906499236382,0.912777872051587,FALSE,TRUE,FALSE,FALSE,FALSE,FALSE
5584,"valtournenche",-0.4241107523899,-2.62231520601078,0.0127269641948074,0.00933310707619209,FALSE,FALSE,FALSE,FALSE,FALSE,FALSE
5585,"valtournenche",-0.0133344891252474,-0.332472764115927,0.428983539792975,0.342779568980146,FALSE,FALSE,FALSE,FALSE,FALSE,FALSE
5586,"valtournenche",0.0623742026078116,0.562414370968117,0.730018666214152,0.716952316307483,FALSE,FALSE,FALSE,FALSE,FALSE,FALSE
5587,"valtournenche",0.115932380486258,1.11518448983662,0.87357882233158,0.86916680807738,FALSE,FALSE,FALSE,FALSE,FALSE,FALSE
5588,"valtournenche",0.0989481014642362,1.24024285739814,0.835058544035296,0.892754115051756,FALSE,FALSE,FALSE,FALSE,FALSE,FALSE
5589,"valtournenche",-0.0127036844887041,1.05992675275086,0.430850161208213,0.85355506533175,FALSE,FALSE,FALSE,FALSE,FALSE,FALSE
5590,"valtournenche",0.3153951279883,1.18506817937815,0.981842864415408,0.883081622263703,TRUE,FALSE,FALSE,TRUE,FALSE,FALSE
5591,"valtournenche",-0.155857820523961,1.8745375091197,0.0846767351094519,0.974885457322247,FALSE,TRUE,FALSE,FALSE,TRUE,FALSE
5592,"valtournenche",-0.181488213543897,0.813748739254995,0.0690649923638215,0.794501951467843,FALSE,FALSE,FALSE,FALSE,FALSE,FALSE
5593,"valtournenche",-0.345146157066566,-0.598425975563069,0.0201934498557611,0.249109112506363,FALSE,FALSE,FALSE,FALSE,FALSE,FALSE
5594,"valtournenche",-0.26358641382728,0.294898443231563,0.03546580688953,0.615136602749024,FALSE,FALSE,FALSE,FALSE,FALSE,FALSE
5595,"valtournenche",-0.0167763107121175,0.117826706614628,0.415408111318514,0.537077889020872,FALSE,FALSE,FALSE,FALSE,FALSE,FALSE
5596,"valtournenche",0.0782608129359375,0.0939901301875402,0.781605294417105,0.529102324792126,FALSE,FALSE,FALSE,FALSE,FALSE,FALSE
5597,"valtournenche",0.115409601895017,0.597432424048671,0.872730358051926,0.729848973358222,FALSE,FALSE,FALSE,FALSE,FALSE,FALSE
5598,"valtournenche",0.0136438731109099,1.06344583866564,0.543017138978449,0.854064143899542,FALSE,FALSE,FALSE,FALSE,FALSE,FALSE
5599,"valtournenche",0.0229425302812345,0.741489196463503,0.580349567283217,0.774817580179874,FALSE,FALSE,FALSE,FALSE,FALSE,FALSE
5600,"valtournenche",0.0702080569338914,1.11951753655995,0.756321058883421,0.870354658068895,FALSE,FALSE,FALSE,FALSE,FALSE,FALSE
5601,"valtournenche",-0.151826981043524,1.16921466612439,0.0875615136602749,0.880875615136603,FALSE,FALSE,FALSE,FALSE,FALSE,FALSE
5602,"valtournenche",0.322743190142733,1.51600698007617,0.9823519429832,0.940268114712371,TRUE,TRUE,TRUE,TRUE,FALSE,FALSE
5603,"valtournenche",0.397522485974804,2.48460926892286,0.9889699643645,0.996606142881385,TRUE,TRUE,TRUE,TRUE,TRUE,TRUE
5604,"valtournenche",0.138065729504939,2.62207581879278,0.905481079246564,0.998642457152554,TRUE,TRUE,TRUE,FALSE,TRUE,FALSE
5605,"valtournenche",0.176504001770928,1.43939274467988,0.94451043611064,0.928559307653148,TRUE,TRUE,TRUE,FALSE,FALSE,FALSE
5606,"valtournenche",0.25566468183707,1.18299824854585,0.973527914474801,0.882742236551841,TRUE,FALSE,FALSE,TRUE,FALSE,FALSE
5607,"valtournenche",0.396697904886935,1.28941562541383,0.98880027150857,0.902087222127948,TRUE,TRUE,TRUE,TRUE,FALSE,FALSE
5608,"valtournenche",0.12821616453027,1.48094827256347,0.892245036483964,0.935007636178517,FALSE,TRUE,FALSE,FALSE,FALSE,FALSE
5609,"valtournenche",-0.522983281139375,0.317876416338981,0.00492109282199219,0.624300016969286,FALSE,FALSE,FALSE,FALSE,FALSE,FALSE
5610,"valtournenche",-0.142956073992387,0.0251483616612842,0.0955370778890209,0.497709146444935,FALSE,FALSE,FALSE,FALSE,FALSE,FALSE
5611,"valtournenche",0.186006882584884,0.437939253159688,0.952146614627524,0.675038180892584,TRUE,FALSE,FALSE,TRUE,FALSE,FALSE
5612,"valtournenche",0.0013864773800556,0.526256308667598,0.493127439334804,0.704734430680468,FALSE,FALSE,FALSE,FALSE,FALSE,FALSE
5613,"valtournenche",-0.0836662026201243,-0.23860036541869,0.191752927201765,0.383845240115391,FALSE,FALSE,FALSE,FALSE,FALSE,FALSE
5614,"valtournenche",0.700436086915701,1.06539913694034,0.997963685728831,0.854403529611403,TRUE,FALSE,FALSE,TRUE,FALSE,FALSE
5615,"valtournenche",0.315387810197031,1.40363086261765,0.981673171559477,0.923468521975225,TRUE,TRUE,TRUE,TRUE,FALSE,FALSE
5616,"valtournenche",-1.24817326273779,1.88505104646862,0.000848464279653827,0.976073307313762,FALSE,TRUE,FALSE,FALSE,TRUE,FALSE
5617,"valtournenche",0.557271435938102,1.38719245960758,0.995927371457662,0.920414050568471,TRUE,TRUE,TRUE,TRUE,FALSE,FALSE
5618,"valtournenche",0.0851515564502918,1.3595694867805,0.800780587137282,0.916171729170202,FALSE,TRUE,FALSE,FALSE,FALSE,FALSE
5619,"valtournenche",0.0122194645295544,1.45978904214778,0.537756660444595,0.931783471915832,FALSE,TRUE,FALSE,FALSE,FALSE,FALSE
5620,"valtournenche",-0.0733168603109426,1.52784683767412,0.219243169862549,0.942983200407263,FALSE,TRUE,FALSE,FALSE,FALSE,FALSE
5621,"valtournenche",-0.439460139433274,-0.0392104599758514,0.0117088070592228,0.469031053792635,FALSE,FALSE,FALSE,FALSE,FALSE,FALSE
5622,"valtournenche",-0.0534293512512214,0.0296635774280511,0.278465976582386,0.500424232139827,FALSE,FALSE,FALSE,FALSE,FALSE,FALSE
5623,"valtournenche",0.140559026200375,0.604385189231886,0.909214322077041,0.733242830476837,TRUE,FALSE,FALSE,FALSE,FALSE,FALSE
5624,"valtournenche",-0.00692863644624708,0.51520478138713,0.458170711013066,0.70066180213813,FALSE,FALSE,FALSE,FALSE,FALSE,FALSE
5625,"valtournenche",-0.21582134263447,0.158594170079639,0.0509078567792296,0.554895638893603,FALSE,FALSE,FALSE,FALSE,FALSE,FALSE
5626,"valtournenche",0.0990995014393405,0.492907972142012,0.835737315459019,0.692346852197522,FALSE,FALSE,FALSE,FALSE,FALSE,FALSE
5627,"valtournenche",0.127737943038483,0.936298713021692,0.891566265060241,0.824028508399796,FALSE,FALSE,FALSE,FALSE,FALSE,FALSE
5628,"valtournenche",0.289971064692747,1.68189304784282,0.978109621584931,0.960631257424062,TRUE,TRUE,TRUE,TRUE,TRUE,TRUE
5629,"valtournenche",0.0157364449259063,1.48304131788401,0.551501781774987,0.935516714746309,FALSE,TRUE,FALSE,FALSE,FALSE,FALSE
5630,"valtournenche",0.00977708420568568,1.46857429842256,0.527914474800611,0.933310707619209,FALSE,TRUE,FALSE,FALSE,FALSE,FALSE
5631,"valtournenche",0.0362219421350911,1.62155051284913,0.634481588325131,0.953164771763109,FALSE,TRUE,FALSE,FALSE,TRUE,FALSE
5632,"valtournenche",-0.0880408502649033,1.37727688810342,0.182080434413711,0.918717122009163,FALSE,TRUE,FALSE,FALSE,FALSE,FALSE
5633,"valtournenche",-0.227024125827253,0.0904134371200181,0.0451382996775836,0.526896317665026,FALSE,FALSE,FALSE,FALSE,FALSE,FALSE
5634,"valtournenche",-0.0692652281156736,-0.103386278000476,0.229933819786187,0.444425589682674,FALSE,FALSE,FALSE,FALSE,FALSE,FALSE
5635,"valtournenche",0.0574331922505138,0.0392209798150092,0.709655523502461,0.503818089258442,FALSE,FALSE,FALSE,FALSE,FALSE,FALSE
5636,"valtournenche",0.0892614213921359,0.39907228629202,0.810792465637197,0.658408281011369,FALSE,FALSE,FALSE,FALSE,FALSE,FALSE
5637,"valtournenche",-0.081744354235898,-0.213128141991224,0.196334634311895,0.396741897166129,FALSE,FALSE,FALSE,FALSE,FALSE,FALSE
5638,"valtournenche",0.149998839775227,0.358514694921724,0.919735279144748,0.642457152553877,TRUE,FALSE,FALSE,FALSE,FALSE,FALSE
5639,"valtournenche",0.483540799284743,1.32833136272329,0.993891057186492,0.910402172068556,TRUE,TRUE,TRUE,TRUE,FALSE,FALSE
5640,"valtournenche",0.0563150994462731,1.68630875934835,0.704904123536399,0.961140335991855,FALSE,TRUE,FALSE,FALSE,TRUE,FALSE
5641,"valtournenche",0.0341819549355211,1.29648009035819,0.626506024096386,0.903614457831325,FALSE,TRUE,FALSE,FALSE,FALSE,FALSE
5642,"valtournenche",0.0784484639513767,1.47221074644788,0.782114372984897,0.933989479042932,FALSE,TRUE,FALSE,FALSE,FALSE,FALSE
5643,"valtournenche",0.144520793461449,1.62057530543629,0.914983879178687,0.952995078907178,TRUE,TRUE,TRUE,FALSE,TRUE,FALSE
5644,"valtournenche",-0.0155747122323593,1.60957773125068,0.420329204140506,0.952146614627524,FALSE,TRUE,FALSE,FALSE,TRUE,FALSE
5645,"valtournenche",-0.35004294077981,0.590239990495472,0.0193449855761072,0.726624809095537,FALSE,FALSE,FALSE,FALSE,FALSE,FALSE
5646,"valtournenche",-0.0577825466244057,0.479452720290855,0.265229933819786,0.688952995078907,FALSE,FALSE,FALSE,FALSE,FALSE,FALSE
5647,"valtournenche",0.260110269922793,0.159174667435859,0.973867300186662,0.555235024605464,TRUE,FALSE,FALSE,TRUE,FALSE,FALSE
5648,"valtournenche",0.156929656195121,0.507029700229888,0.927032071949771,0.69845579501103,TRUE,FALSE,FALSE,FALSE,FALSE,FALSE
5649,"valtournenche",-0.126278402956457,0.165270554523314,0.11301544204989,0.557950110300356,FALSE,FALSE,FALSE,FALSE,FALSE,FALSE
5650,"verrayes",-0.0808686679854134,-0.386988080907329,0.199049720006788,0.322925504836246,FALSE,FALSE,FALSE,FALSE,FALSE,FALSE
5651,"verrayes",-0.0250952962183586,-0.268146074070964,0.383336161547599,0.368912268793484,FALSE,FALSE,FALSE,FALSE,FALSE,FALSE
5652,"verrayes",-0.0100153948373425,0.316569176250788,0.44340743254709,0.623621245545563,FALSE,FALSE,FALSE,FALSE,FALSE,FALSE
5653,"verrayes",-0.0578624633706752,0.294915337102628,0.264890548107925,0.615306295604955,FALSE,FALSE,FALSE,FALSE,FALSE,FALSE
5654,"verrayes",0.0699409138193019,-0.151094700690087,0.755133208891906,0.422704904123536,FALSE,FALSE,FALSE,FALSE,FALSE,FALSE
5655,"verrayes",-0.0863723453419833,-0.0686938693544185,0.185813677244188,0.457831325301205,FALSE,FALSE,FALSE,FALSE,FALSE,FALSE
5656,"verrayes",0.0796910184549517,-0.588359683842181,0.785168844391651,0.251145426777533,FALSE,FALSE,FALSE,FALSE,FALSE,FALSE
5657,"verrayes",-0.0658221255421463,-0.328682391261104,0.240285083997964,0.344137111827592,FALSE,FALSE,FALSE,FALSE,FALSE,FALSE
5658,"verrayes",0.276782806929582,-0.523032342055618,0.976243000169693,0.274393348040048,TRUE,FALSE,FALSE,TRUE,FALSE,FALSE
5659,"verrayes",0.184720504804821,-0.109952608956309,0.950789071780078,0.441880196843713,TRUE,FALSE,FALSE,TRUE,FALSE,FALSE
5660,"verrayes",-0.0437150179436756,-0.0171127013982842,0.313083319192262,0.48107924656372,FALSE,FALSE,FALSE,FALSE,FALSE,FALSE
5661,"verrayes",-0.0791853613724509,0.213685388048976,0.203631427116918,0.577125403020533,FALSE,FALSE,FALSE,FALSE,FALSE,FALSE
5662,"verrayes",-0.0874279082738632,0.95047009465779,0.183268284405227,0.828779908365858,FALSE,FALSE,FALSE,FALSE,FALSE,FALSE
5663,"verrayes",-0.00684457345779954,0.803661663800299,0.458679789580859,0.792126251484813,FALSE,FALSE,FALSE,FALSE,FALSE,FALSE
5664,"verrayes",0.0548941095576296,-0.173989284338514,0.701001187849992,0.41235363991176,FALSE,FALSE,FALSE,FALSE,FALSE,FALSE
5665,"verrayes",-0.294639618327594,-1.52184145767731,0.0290174783641609,0.0738163923298829,FALSE,FALSE,FALSE,FALSE,FALSE,FALSE
5666,"verrayes",0.299475069006599,-1.70976321067366,0.97997624300017,0.0554895638893603,TRUE,FALSE,FALSE,TRUE,FALSE,FALSE
5667,"verrayes",-0.036108725655966,-0.0522214787133272,0.339385711861531,0.46563719667402,FALSE,FALSE,FALSE,FALSE,FALSE,FALSE
5668,"verrayes",-0.0553473392118295,-0.0928772396122849,0.27269641948074,0.449346682504667,FALSE,FALSE,FALSE,FALSE,FALSE,FALSE
5669,"verrayes",-0.0558390143799041,0.267261174478642,0.271678262345155,0.602749024266078,FALSE,FALSE,FALSE,FALSE,FALSE,FALSE
5670,"verrayes",0.178613789111296,0.249046396627739,0.94671644323774,0.594434074325471,TRUE,FALSE,FALSE,FALSE,FALSE,FALSE
5671,"verrayes",0.0247171914692483,-0.184037290955062,0.587137281520448,0.408620397081283,FALSE,FALSE,FALSE,FALSE,FALSE,FALSE
5672,"verrayes",-0.042512796553023,-0.310155659575926,0.316137790599016,0.351094518920753,FALSE,FALSE,FALSE,FALSE,FALSE,FALSE
5673,"verrayes",-0.0688452355833853,-2.26463163903875,0.231461055489564,0.0218903784150687,FALSE,FALSE,FALSE,FALSE,FALSE,FALSE
5674,"verrayes",0.120392101469335,-2.23139386144807,0.881554386560326,0.0237569998303071,FALSE,FALSE,FALSE,FALSE,FALSE,FALSE
5675,"verrayes",-0.0154046656378881,-1.27426695980611,0.421517054132021,0.101646020702528,FALSE,FALSE,FALSE,FALSE,FALSE,FALSE
5676,"verrayes",0.0638700800507532,-2.25135612220503,0.735109451892075,0.0229085355506533,FALSE,FALSE,FALSE,FALSE,FALSE,FALSE
5677,"verrayes",0.178253536486109,-0.131895858680777,0.946546750381809,0.433056168335313,TRUE,FALSE,FALSE,FALSE,FALSE,FALSE
5678,"verrayes",0.0453782041818904,-0.361154694096643,0.666723230951977,0.332428304768369,FALSE,FALSE,FALSE,FALSE,FALSE,FALSE
5679,"verrayes",-0.0733882759366615,0.401343835199557,0.218903784150687,0.658917359579162,FALSE,FALSE,FALSE,FALSE,FALSE,FALSE
5680,"verrayes",-0.047666766209904,-0.0508719578587609,0.300356354997455,0.466315968097743,FALSE,FALSE,FALSE,FALSE,FALSE,FALSE
5681,"verrayes",-0.0767059197398083,0.0395658339565892,0.209570677074495,0.503987782114373,FALSE,FALSE,FALSE,FALSE,FALSE,FALSE
5682,"verrayes",0.197253283719933,-0.00328069278300217,0.959782793144409,0.485830646529781,TRUE,FALSE,FALSE,TRUE,FALSE,FALSE
5683,"verrayes",0.00241871679047279,0.449253333081609,0.496860682165281,0.679450195146784,FALSE,FALSE,FALSE,FALSE,FALSE,FALSE
5684,"verrayes",-0.214529555886264,0.861248443595937,0.0514169353470219,0.805701679959274,FALSE,FALSE,FALSE,FALSE,FALSE,FALSE
5685,"verrayes",-0.0997203320956324,0.868772818383736,0.158153741727473,0.807568301374512,FALSE,FALSE,FALSE,FALSE,FALSE,FALSE
5686,"verrayes",-0.153622099855919,-0.255644028795963,0.0862039708128288,0.375699983030714,FALSE,FALSE,FALSE,FALSE,FALSE,FALSE
5687,"verrayes",-0.119731445200328,-0.299919745540131,0.121669777702359,0.355167147463092,FALSE,FALSE,FALSE,FALSE,FALSE,FALSE
5688,"verrayes",0.0105749768339702,0.0451693379500581,0.531478024775157,0.506363482097404,FALSE,FALSE,FALSE,FALSE,FALSE,FALSE
5689,"verrayes",-0.132101532153962,0.244829873396385,0.105888342100798,0.591718988630579,FALSE,FALSE,FALSE,FALSE,FALSE,FALSE
5690,"verrayes",0.102116012259867,0.355918997683674,0.844391651111488,0.640929916850501,FALSE,FALSE,FALSE,FALSE,FALSE,FALSE
5691,"verrayes",-0.124771888508054,-0.0231026558672679,0.114882063465128,0.477855082301035,FALSE,FALSE,FALSE,FALSE,FALSE,FALSE
5692,"verrayes",-0.106795017675369,-0.348514691570877,0.143899541829289,0.337519090446292,FALSE,FALSE,FALSE,FALSE,FALSE,FALSE
5693,"verrayes",-0.0409834027644891,-0.381950062011864,0.321737654844731,0.324283047683693,FALSE,FALSE,FALSE,FALSE,FALSE,FALSE
5694,"verrayes",0.137288375743788,-0.912956888439837,0.904462922110979,0.16409299168505,TRUE,FALSE,FALSE,FALSE,FALSE,FALSE
5695,"verrayes",0.106551796395488,0.164412768067809,0.854573222467334,0.557441031732564,FALSE,FALSE,FALSE,FALSE,FALSE,FALSE
5696,"verrayes",-0.0455888546451941,0.130402630581254,0.306974376378754,0.54335652469031,FALSE,FALSE,FALSE,FALSE,FALSE,FALSE
5697,"verrayes",-0.0186695640276859,0.191895905595833,0.408620397081283,0.568810453079925,FALSE,FALSE,FALSE,FALSE,FALSE,FALSE
5698,"verrayes",-0.000979383825042035,-0.00901672844294065,0.482945867978958,0.48345494654675,FALSE,FALSE,FALSE,FALSE,FALSE,FALSE
5699,"verrayes",-0.00520776608591689,-0.0802482369838561,0.465467503818089,0.454098082470728,FALSE,FALSE,FALSE,FALSE,FALSE,FALSE
5700,"verrayes",-0.0642412535769861,0.304119621529822,0.246733412523333,0.618869845579501,FALSE,FALSE,FALSE,FALSE,FALSE,FALSE
5701,"verrayes",-0.0670906298095346,0.306268319003445,0.236891226879348,0.619548617003224,FALSE,FALSE,FALSE,FALSE,FALSE,FALSE
5702,"verrayes",0.0670532832232045,-0.103349844793609,0.746139487527575,0.444595282538605,FALSE,FALSE,FALSE,FALSE,FALSE,FALSE
5703,"verrayes",-0.0446320699155311,-0.0955097462973703,0.310198540641439,0.447649753945359,FALSE,FALSE,FALSE,FALSE,FALSE,FALSE
5704,"verrayes",-0.12301076035067,-0.523745305164319,0.117257763448159,0.274053962328186,FALSE,FALSE,FALSE,FALSE,FALSE,FALSE
5705,"verrayes",-0.0709266641640873,-0.752761011900625,0.225861191243849,0.207364669947395,FALSE,FALSE,FALSE,FALSE,FALSE,FALSE
5706,"verrayes",0.108880418808306,-0.570675899686733,0.858815543865603,0.256066519599525,FALSE,FALSE,FALSE,FALSE,FALSE,FALSE
5707,"verrayes",0.061106458207604,0.324244625474274,0.724249109112506,0.627184795520109,FALSE,FALSE,FALSE,FALSE,FALSE,FALSE
5708,"verrayes",-0.292649825795518,-0.25009044211962,0.0291871712200916,0.377736297301884,FALSE,FALSE,FALSE,FALSE,FALSE,FALSE
5709,"verrayes",-0.196097623301862,0.452453337950316,0.0610894281350755,0.6806380451383,FALSE,FALSE,FALSE,FALSE,FALSE,FALSE
5710,"verrayes",-0.118747173030147,0.0388932027805295,0.123875784829459,0.50330901069065,FALSE,FALSE,FALSE,FALSE,FALSE,FALSE
5711,"verrayes",-0.079953613859848,-0.210903739126498,0.201086034277957,0.397250975733922,FALSE,FALSE,FALSE,FALSE,FALSE,FALSE
5712,"verrayes",-0.0941466691789099,0.0944000583862841,0.169523163074835,0.529272017648057,FALSE,FALSE,FALSE,FALSE,FALSE,FALSE
5713,"verrayes",-0.0767938862457616,0.541681525855816,0.209231291362634,0.708128287799084,FALSE,FALSE,FALSE,FALSE,FALSE,FALSE
5714,"verrayes",0.0174221529343939,-0.0413780996906299,0.558459188868149,0.468691668080774,FALSE,FALSE,FALSE,FALSE,FALSE,FALSE
5715,"verrayes",-0.156507616920925,-0.584710904842575,0.0841676565416596,0.252502969624979,FALSE,FALSE,FALSE,FALSE,FALSE,FALSE
5716,"verrayes",-0.110952738299556,-0.536145874340036,0.135584591888681,0.269811640929917,FALSE,FALSE,FALSE,FALSE,FALSE,FALSE
5717,"verrayes",-0.0638141220653878,-0.148121666259113,0.24826064822671,0.424910911250636,FALSE,FALSE,FALSE,FALSE,FALSE,FALSE
5718,"verrayes",0.143908484065145,-0.943940509752498,0.913965722043102,0.155608348888512,TRUE,FALSE,FALSE,FALSE,FALSE,FALSE
5719,"verrayes",0.0979284010857615,-0.0788764403920774,0.831325301204819,0.454267775326659,FALSE,FALSE,FALSE,FALSE,FALSE,FALSE
5720,"verrayes",-0.0723359659285077,0.144775055733151,0.221449176989649,0.550313931783472,FALSE,FALSE,FALSE,FALSE,FALSE,FALSE
5721,"verrayes",-0.0564094743472765,0.047278282784407,0.269641948073986,0.507551332088919,FALSE,FALSE,FALSE,FALSE,FALSE,FALSE
5722,"verrayes",0.100092720158299,-0.295220133277688,0.838452401153911,0.357203461734261,FALSE,FALSE,FALSE,FALSE,FALSE,FALSE
5723,"verrayes",0.0119700989979261,-0.295500826855809,0.536738503309011,0.356694383166469,FALSE,FALSE,FALSE,FALSE,FALSE,FALSE
5724,"verrayes",0.0675610348909714,-0.0958841621859659,0.747497030375021,0.447480061089428,FALSE,FALSE,FALSE,FALSE,FALSE,FALSE
5725,"verrayes",0.0137385372308785,0.032131941993069,0.543526217546241,0.501272696419481,FALSE,FALSE,FALSE,FALSE,FALSE,FALSE
5726,"verrayes",0.117518649240575,0.355985325629575,0.876293908026472,0.641269302562362,FALSE,FALSE,FALSE,FALSE,FALSE,FALSE
5727,"verrayes",0.028794368557282,0.183687434462432,0.605803495672832,0.566604445952825,FALSE,FALSE,FALSE,FALSE,FALSE,FALSE
5728,"verrayes",0.0560706511514137,-0.784097690737062,0.703885966400815,0.198710334294926,FALSE,FALSE,FALSE,FALSE,FALSE,FALSE
5729,"verrayes",0.0510681430866242,-0.728055286590056,0.686577295095877,0.213134227049041,FALSE,FALSE,FALSE,FALSE,FALSE,FALSE
5730,"verrayes",-0.086645634774916,-0.812299648919357,0.184965212964534,0.191922620057696,FALSE,FALSE,FALSE,FALSE,FALSE,FALSE
5731,"verres",0.0253124230716342,-0.714880971947054,0.590022060071271,0.215679619888003,FALSE,FALSE,FALSE,FALSE,FALSE,FALSE
5732,"verres",-0.0475930683234171,-0.49194338455704,0.300526047853385,0.286780926522993,FALSE,FALSE,FALSE,FALSE,FALSE,FALSE
5733,"verres",0.00707007305543605,0.078084303752332,0.517393517732903,0.519260139148142,FALSE,FALSE,FALSE,FALSE,FALSE,FALSE
5734,"verres",0.0455082021908861,0.496508353550054,0.667741388087562,0.694383166468692,FALSE,FALSE,FALSE,FALSE,FALSE,FALSE
5735,"verres",0.0150690269585052,0.39655301070178,0.548447310368233,0.657050738163923,FALSE,FALSE,FALSE,FALSE,FALSE,FALSE
5736,"verres",0.0531048970130534,0.0754443222008171,0.694722552180553,0.51875106058035,FALSE,FALSE,FALSE,FALSE,FALSE,FALSE
5737,"verres",0.0106564178353139,-0.563332517897535,0.531987103342949,0.258272526726625,FALSE,FALSE,FALSE,FALSE,FALSE,FALSE
5738,"verres",-0.0908856699811622,-0.404903000294057,0.177668420159511,0.316646869166808,FALSE,FALSE,FALSE,FALSE,FALSE,FALSE
5739,"verres",-0.040675464819186,-0.214912933649165,0.323264890548108,0.395723740030545,FALSE,FALSE,FALSE,FALSE,FALSE,FALSE
5740,"verres",0.0503664104287953,-0.355040347085251,0.682674359409469,0.334634311895469,FALSE,FALSE,FALSE,FALSE,FALSE,FALSE
5741,"verres",-0.127979494404361,-0.3347575571506,0.109791277787205,0.341931104700492,FALSE,FALSE,FALSE,FALSE,FALSE,FALSE
5742,"verres",-0.128576475787515,-0.0617581553605797,0.108942813507551,0.460716103852028,FALSE,FALSE,FALSE,FALSE,FALSE,FALSE
5743,"verres",-0.000288487353691025,0.535989083109592,0.485830646529781,0.707110130663499,FALSE,FALSE,FALSE,FALSE,FALSE,FALSE
5744,"verres",-0.0325558679972673,0.552935692182204,0.353470218903784,0.712879687765145,FALSE,FALSE,FALSE,FALSE,FALSE,FALSE
5745,"verres",0.0562811584713163,-0.446931268977319,0.704734430680468,0.302392669268624,FALSE,FALSE,FALSE,FALSE,FALSE,FALSE
5746,"verres",-0.170719555449017,-1.38557973536018,0.0760223994569829,0.088240285083998,FALSE,FALSE,FALSE,FALSE,FALSE,FALSE
5747,"verres",-0.0643336224857514,-0.49974227900853,0.246563719667402,0.282708297980655,FALSE,FALSE,FALSE,FALSE,FALSE,FALSE
5748,"verres",-0.129032618010275,-0.185751527906849,0.10860342779569,0.407771932801629,FALSE,FALSE,FALSE,FALSE,FALSE,FALSE
5749,"verres",-0.194940102351755,0.0448592830484182,0.061428813846937,0.506193789241473,FALSE,FALSE,FALSE,FALSE,FALSE,FALSE
5750,"verres",-0.103701091617776,0.433278553800974,0.150178177498727,0.672323095197692,FALSE,FALSE,FALSE,FALSE,FALSE,FALSE
5751,"verres",0.0373829907845789,0.517705279587759,0.639063295435262,0.702019344985576,FALSE,FALSE,FALSE,FALSE,FALSE,FALSE
5752,"verres",0.0518530611320678,0.199085727425879,0.690480230782284,0.571186153062956,FALSE,FALSE,FALSE,FALSE,FALSE,FALSE
5753,"verres",-0.224945919848802,0.0233167387373215,0.0458170711013066,0.496860682165281,FALSE,FALSE,FALSE,FALSE,FALSE,FALSE
5754,"verres",-0.0316850597381944,-1.18706199273884,0.357882233157984,0.114542677753267,FALSE,FALSE,FALSE,FALSE,FALSE,FALSE
5755,"verres",0.0280948411786639,-1.40841914252615,0.602918717122009,0.0865433565246903,FALSE,FALSE,FALSE,FALSE,FALSE,FALSE
5756,"verres",-0.0464637709073479,-0.881959051420594,0.303919904972001,0.172407941625658,FALSE,FALSE,FALSE,FALSE,FALSE,FALSE
5757,"verres",0.0267968463019308,-0.205721318039944,0.59647038859664,0.399626675716952,FALSE,FALSE,FALSE,FALSE,FALSE,FALSE
5758,"verres",-0.0012812306530261,-0.260119270584917,0.481418632275581,0.373833361615476,FALSE,FALSE,FALSE,FALSE,FALSE,FALSE
5759,"verres",-0.0293261897376844,0.0246939409356979,0.367554725946038,0.497369760733073,FALSE,FALSE,FALSE,FALSE,FALSE,FALSE
5760,"verres",-0.102629438426023,0.258438243666604,0.152044798913966,0.598506702867809,FALSE,FALSE,FALSE,FALSE,FALSE,FALSE
5761,"verres",-0.118381544339142,-0.224537576317682,0.124554556253182,0.390463261496691,FALSE,FALSE,FALSE,FALSE,FALSE,FALSE
5762,"verres",-0.0463938034767217,0.230448457783564,0.304259290683862,0.585100967249279,FALSE,FALSE,FALSE,FALSE,FALSE,FALSE
5763,"verres",-0.00651830453924696,0.137644937013362,0.459528253860512,0.546410996097064,FALSE,FALSE,FALSE,FALSE,FALSE,FALSE
5764,"verres",0.0108171160791564,0.289790099492007,0.532665874766672,0.612421517054132,FALSE,FALSE,FALSE,FALSE,FALSE,FALSE
5765,"verres",-0.105408765795136,0.162499622549968,0.145935856100458,0.55659256745291,FALSE,FALSE,FALSE,FALSE,FALSE,FALSE
5766,"verres",-0.0841101453285642,0.363542136012219,0.191243848633973,0.644323773969116,FALSE,FALSE,FALSE,FALSE,FALSE,FALSE
5767,"verres",0.743827964121309,-1.21749709080627,0.998303071440692,0.109791277787205,TRUE,FALSE,FALSE,TRUE,FALSE,FALSE
5768,"verres",0.465863857424859,-1.09899110588417,0.993212285762769,0.130154420498897,TRUE,FALSE,FALSE,TRUE,FALSE,FALSE
5769,"verres",0.458046379291492,-0.82296254263194,0.992703207194977,0.188189377227219,TRUE,FALSE,FALSE,TRUE,FALSE,FALSE
5770,"verres",0.158352650691063,0.231305236388851,0.929238079076871,0.585610045817071,TRUE,FALSE,FALSE,FALSE,FALSE,FALSE
5771,"verres",0.471087851825454,0.630063114603593,0.993551671474631,0.74274563040896,TRUE,FALSE,FALSE,TRUE,FALSE,FALSE
5772,"verres",0.317027110252219,0.00826161411098751,0.982012557271339,0.491430510775496,TRUE,FALSE,FALSE,TRUE,FALSE,FALSE
5773,"verres",-0.021379698806161,-0.386017074014461,0.397420668589852,0.323264890548108,FALSE,FALSE,FALSE,FALSE,FALSE,FALSE
5774,"verres",-0.162205778215503,-0.320770899353679,0.0797556422874597,0.346852197522484,FALSE,FALSE,FALSE,FALSE,FALSE,FALSE
5775,"verres",0.665349348781842,-0.440151039303581,0.997624300016969,0.305447140675378,TRUE,FALSE,FALSE,TRUE,FALSE,FALSE
5776,"verres",0.276491268234158,0.148907636416535,0.976073307313762,0.551671474630918,TRUE,FALSE,FALSE,TRUE,FALSE,FALSE
5777,"verres",0.148499328954452,-0.573626043738769,0.918547429153233,0.25504836246394,TRUE,FALSE,FALSE,FALSE,FALSE,FALSE
5778,"verres",-0.0618039194469731,-0.379304911123821,0.253012048192771,0.325470897675208,FALSE,FALSE,FALSE,FALSE,FALSE,FALSE
5779,"verres",0.148294437308033,-0.78203625094765,0.918377736297302,0.199728491430511,TRUE,FALSE,FALSE,FALSE,FALSE,FALSE
5780,"verres",0.0928411263282545,-1.07562390168172,0.82029526556932,0.134396741897166,FALSE,FALSE,FALSE,FALSE,FALSE,FALSE
5781,"verres",-0.00395091534219993,-0.884392411916061,0.471067368063805,0.171559477346004,FALSE,FALSE,FALSE,FALSE,FALSE,FALSE
5782,"verres",-0.169822277205476,0.413011751612376,0.0767011708807059,0.663159680977431,FALSE,FALSE,FALSE,FALSE,FALSE,FALSE
5783,"verres",0.181292387642245,0.635586032244781,0.948752757508909,0.744781944680129,TRUE,FALSE,FALSE,FALSE,FALSE,FALSE
5784,"verres",-0.187220330902232,0.0232910219980524,0.0648226709655523,0.49669098930935,FALSE,FALSE,FALSE,FALSE,FALSE,FALSE
5785,"verres",0.0298907680060605,-0.536714079202681,0.609876124215171,0.269302562362125,FALSE,FALSE,FALSE,FALSE,FALSE,FALSE
5786,"verres",-0.218305929341412,-0.596596289935942,0.0497200067877142,0.249957576786017,FALSE,FALSE,FALSE,FALSE,FALSE,FALSE
5787,"verres",0.280182298025526,-0.00199249480223093,0.976752078737485,0.487018496521296,TRUE,FALSE,FALSE,TRUE,FALSE,FALSE
5788,"verres",0.0209841301548472,0.0600752454321662,0.574580010181571,0.512981503478704,FALSE,FALSE,FALSE,FALSE,FALSE,FALSE
5789,"verres",-0.225136965987872,-0.482708643467111,0.0454776853894451,0.289496012217886,FALSE,FALSE,FALSE,FALSE,FALSE,FALSE
5790,"verres",-0.49024650096915,-0.168242699222593,0.00729679280502291,0.415408111318514,FALSE,FALSE,FALSE,FALSE,FALSE,FALSE
5791,"verres",0.140631896838197,-0.55283942368004,0.909384014932971,0.263193619548617,TRUE,FALSE,FALSE,FALSE,FALSE,FALSE
5792,"verres",-0.1257073246444,-0.937828510896091,0.113694213473613,0.15747497030375,FALSE,FALSE,FALSE,FALSE,FALSE,FALSE
5793,"verres",-0.115774552469295,-0.89049036723884,0.127948413371797,0.169862548786696,FALSE,FALSE,FALSE,FALSE,FALSE,FALSE
5794,"verres",-0.190826365880982,0.125911167512739,0.0624469709825216,0.541489903275072,FALSE,FALSE,FALSE,FALSE,FALSE,FALSE
5795,"verres",0.0661390907429684,-0.190493916190101,0.74274563040896,0.405905311386391,FALSE,FALSE,FALSE,FALSE,FALSE,FALSE
5796,"verres",-0.117529723158771,-0.451147190410341,0.126081791956559,0.300356354997455,FALSE,FALSE,FALSE,FALSE,FALSE,FALSE
5797,"verres",-0.241607293288412,-0.858422468667081,0.0403868997115221,0.179195655862888,FALSE,FALSE,FALSE,FALSE,FALSE,FALSE
5798,"verres",0.100348654494059,-0.520637368326425,0.839809944001358,0.275241812319701,FALSE,FALSE,FALSE,FALSE,FALSE,FALSE
5799,"verres",0.0639053205171312,-0.836306921996294,0.735618530459868,0.18411674868488,FALSE,FALSE,FALSE,FALSE,FALSE,FALSE
5800,"verres",0.12865130878494,-0.550516115382619,0.892414729339895,0.264042083828271,FALSE,FALSE,FALSE,FALSE,FALSE,FALSE
5801,"verres",-0.024147155909839,-0.295343606666662,0.386390632954353,0.356864076022399,FALSE,FALSE,FALSE,FALSE,FALSE,FALSE
5802,"verres",0.017834594826045,-0.440631744673009,0.561174274563041,0.305107754963516,FALSE,FALSE,FALSE,FALSE,FALSE,FALSE
5803,"verres",0.251996185848984,-1.06865634367081,0.973188528762939,0.135075513320889,TRUE,FALSE,FALSE,TRUE,FALSE,FALSE
5804,"verres",0.247517966204811,-0.615059881704658,0.972509757339216,0.244188019684371,TRUE,FALSE,FALSE,TRUE,FALSE,FALSE
5805,"verres",0.246171210843064,-0.572827103877941,0.971830985915493,0.255557441031733,TRUE,FALSE,FALSE,TRUE,FALSE,FALSE
5806,"verres",0.26154078847113,0.0641540857940833,0.974206685898524,0.51433904632615,TRUE,FALSE,FALSE,TRUE,FALSE,FALSE
5807,"verres",0.197744829270967,0.252051758990826,0.959952486000339,0.595621924316986,TRUE,FALSE,FALSE,TRUE,FALSE,FALSE
5808,"verres",0.148218378205923,-0.119452731918339,0.918208043441371,0.43678941116579,TRUE,FALSE,FALSE,FALSE,FALSE,FALSE
5809,"verres",0.131816036452864,-0.990933123958506,0.89801459358561,0.146954013236043,FALSE,FALSE,FALSE,FALSE,FALSE,FALSE
5810,"verres",-0.0933190212488029,-1.09274194325659,0.172068555913796,0.13083319192262,FALSE,FALSE,FALSE,FALSE,FALSE,FALSE
5811,"verres",0.341650764296503,-0.776309933653498,0.984218564398439,0.200746648566095,TRUE,FALSE,FALSE,TRUE,FALSE,FALSE
5812,"villeneuve",-0.046318537554578,-0.0574468013358115,0.304938062107585,0.462752418123197,FALSE,FALSE,FALSE,FALSE,FALSE,FALSE
5813,"villeneuve",-0.021925747147721,-0.166832617366853,0.394875275750891,0.416086882742237,FALSE,FALSE,FALSE,FALSE,FALSE,FALSE
5814,"villeneuve",-0.0258937724885779,0.56112353156949,0.380111997284914,0.716612930595622,FALSE,FALSE,FALSE,FALSE,FALSE,FALSE
5815,"villeneuve",-0.051775652374614,0.784419198244581,0.284744612251824,0.787544544374682,FALSE,FALSE,FALSE,FALSE,FALSE,FALSE
5816,"villeneuve",0.053308290922006,0.747677519259497,0.695910402172069,0.777362973018836,FALSE,FALSE,FALSE,FALSE,FALSE,FALSE
5817,"villeneuve",-0.0618474093258676,0.471804810134355,0.252502969624979,0.686237909384015,FALSE,FALSE,FALSE,FALSE,FALSE,FALSE
5818,"villeneuve",-0.0460009175224485,-0.207764312482893,0.305786526387239,0.398778211437298,FALSE,FALSE,FALSE,FALSE,FALSE,FALSE
5819,"villeneuve",-0.019409567614602,-0.218189567847411,0.405396232818598,0.394196504327168,FALSE,FALSE,FALSE,FALSE,FALSE,FALSE
5820,"villeneuve",0.072209513205939,0.0645085308162354,0.761411844561344,0.514678432038011,FALSE,FALSE,FALSE,FALSE,FALSE,FALSE
5821,"villeneuve",0.0849553234216653,-0.093277924518307,0.799083658577974,0.448667911080944,FALSE,FALSE,FALSE,FALSE,FALSE,FALSE
5822,"villeneuve",0.0385881639960139,-0.0749988773683704,0.643814695401324,0.455285932462243,FALSE,FALSE,FALSE,FALSE,FALSE,FALSE
5823,"villeneuve",-0.061569232602217,0.357108587237333,0.254369591040217,0.641948073986085,FALSE,FALSE,FALSE,FALSE,FALSE,FALSE
5824,"villeneuve",-0.0641546333681493,0.783825941406096,0.247412183947056,0.787374851518751,FALSE,FALSE,FALSE,FALSE,FALSE,FALSE
5825,"villeneuve",-0.026909267006392,0.958661907370554,0.376718140166299,0.830646529781096,FALSE,FALSE,FALSE,FALSE,FALSE,FALSE
5826,"villeneuve",-0.00538150006554616,0.0750736078345881,0.464619039538435,0.518411674868488,FALSE,FALSE,FALSE,FALSE,FALSE,FALSE
5827,"villeneuve",-0.0564369715982078,-1.2142377023476,0.269302562362125,0.109960970643136,FALSE,FALSE,FALSE,FALSE,FALSE,FALSE
5828,"villeneuve",0.121840032875655,-1.42847809738744,0.884269472255218,0.0843373493975904,FALSE,FALSE,FALSE,FALSE,FALSE,FALSE
5829,"villeneuve",-0.0972910141387011,0.138207764256946,0.162565755981673,0.546920074664857,FALSE,FALSE,FALSE,FALSE,FALSE,FALSE
5830,"villeneuve",-0.0480521357210719,0.408447610687743,0.298150347870355,0.661293059562192,FALSE,FALSE,FALSE,FALSE,FALSE,FALSE
5831,"villeneuve",-0.017608963701349,0.636709405427477,0.412862718479552,0.745969794671644,FALSE,FALSE,FALSE,FALSE,FALSE,FALSE
5832,"villeneuve",0.0795089870657666,0.758998536995074,0.78499915153572,0.780078058713728,FALSE,FALSE,FALSE,FALSE,FALSE,FALSE
5833,"villeneuve",0.185188715476176,0.516719043240378,0.951637536059732,0.701679959273715,TRUE,FALSE,FALSE,TRUE,FALSE,FALSE
5834,"villeneuve",-0.0407912088356586,-0.112238769974571,0.322586119124385,0.440522653996267,FALSE,FALSE,FALSE,FALSE,FALSE,FALSE
5835,"villeneuve",-0.0683992079223898,-2.06281788327567,0.233157984048872,0.0305447140675378,FALSE,FALSE,FALSE,FALSE,FALSE,FALSE
5836,"villeneuve",0.0574637557921633,-1.79301658982145,0.709994909214322,0.0483624639402681,FALSE,FALSE,FALSE,FALSE,FALSE,FALSE
5837,"villeneuve",0.0287053390297132,-2.20765413149188,0.605124724249109,0.0240963855421687,FALSE,FALSE,FALSE,FALSE,FALSE,FALSE
5838,"villeneuve",0.0719652757829063,-1.55765102704325,0.760733073137621,0.0707619209231291,FALSE,FALSE,FALSE,FALSE,FALSE,FALSE
5839,"villeneuve",0.0903790001864255,-1.59778748016722,0.813337858476158,0.0661802138129985,FALSE,FALSE,FALSE,FALSE,FALSE,FALSE
5840,"villeneuve",0.125569855692412,-0.0177563896257485,0.888342100797556,0.480739860851858,FALSE,FALSE,FALSE,FALSE,FALSE,FALSE
5841,"villeneuve",-0.0373442061438762,0.816550554043308,0.333785847615815,0.795520108603428,FALSE,FALSE,FALSE,FALSE,FALSE,FALSE
5842,"villeneuve",-0.0874565482004943,0.350651242073982,0.183098591549296,0.638214831155608,FALSE,FALSE,FALSE,FALSE,FALSE,FALSE
5843,"villeneuve",-0.00760896742857753,0.563679388089899,0.455625318174105,0.717122009163414,FALSE,FALSE,FALSE,FALSE,FALSE,FALSE
5844,"villeneuve",0.028364995735485,0.718152157178378,0.603427795689801,0.768369251654505,FALSE,FALSE,FALSE,FALSE,FALSE,FALSE
5845,"villeneuve",0.10784160305759,1.01933444630903,0.856779229594434,0.843543186831834,FALSE,FALSE,FALSE,FALSE,FALSE,FALSE
5846,"villeneuve",0.00529332189536369,0.796929794277221,0.508569489224504,0.790259630069574,FALSE,FALSE,FALSE,FALSE,FALSE,FALSE
5847,"villeneuve",-0.131732616298601,1.2596218056286,0.106227727812659,0.896826743594095,FALSE,FALSE,FALSE,FALSE,FALSE,FALSE
5848,"villeneuve",-0.0478559269163039,-0.0263628547738176,0.299507890717801,0.476158153741727,FALSE,FALSE,FALSE,FALSE,FALSE,FALSE
5849,"villeneuve",-0.0599392331099118,-0.0288962965005959,0.258951298150348,0.47446122518242,FALSE,FALSE,FALSE,FALSE,FALSE,FALSE
5850,"villeneuve",0.0664478673437259,0.193309909636702,0.743763787544544,0.569489224503648,FALSE,FALSE,FALSE,FALSE,FALSE,FALSE
5851,"villeneuve",-0.0539911519866454,1.02990891647776,0.277278126590871,0.845579501103004,FALSE,FALSE,FALSE,FALSE,FALSE,FALSE
5852,"villeneuve",0.00665284568234625,0.733933149373225,0.515187510605803,0.772611573052775,FALSE,FALSE,FALSE,FALSE,FALSE,FALSE
5853,"villeneuve",-0.100283164395481,0.135826383869429,0.156796198880027,0.545732224673341,FALSE,FALSE,FALSE,FALSE,FALSE,FALSE
5854,"villeneuve",-0.0941933448241272,-0.457064759179389,0.169353470218904,0.298659426438147,FALSE,FALSE,FALSE,FALSE,FALSE,FALSE
5855,"villeneuve",-0.0129575979559302,-0.613871749450988,0.430510775496352,0.245206176819956,FALSE,FALSE,FALSE,FALSE,FALSE,FALSE
5856,"villeneuve",0.051818287459735,-0.494672601314767,0.690310537926353,0.284574919395893,FALSE,FALSE,FALSE,FALSE,FALSE,FALSE
5857,"villeneuve",0.0912721686398452,0.378199777081199,0.816222637026981,0.650263023926693,FALSE,FALSE,FALSE,FALSE,FALSE,FALSE
5858,"villeneuve",-0.0432921717788819,-0.0327779954573138,0.314271169183777,0.472424910911251,FALSE,FALSE,FALSE,FALSE,FALSE,FALSE
5859,"villeneuve",-0.132826195549052,0.235853996183039,0.104700492109282,0.58747666723231,FALSE,FALSE,FALSE,FALSE,FALSE,FALSE
5860,"villeneuve",0.0406824165238344,-0.153667654535228,0.64958425250297,0.421517054132021,FALSE,FALSE,FALSE,FALSE,FALSE,FALSE
5861,"villeneuve",-0.104454834635044,0.272440426021142,0.147802477515697,0.605124724249109,FALSE,FALSE,FALSE,FALSE,FALSE,FALSE
5862,"villeneuve",-0.00392555500370406,0.491005931742154,0.471237060919735,0.691668080773799,FALSE,FALSE,FALSE,FALSE,FALSE,FALSE
5863,"villeneuve",-0.0509914029680996,0.495802182195917,0.286950619378924,0.69404378075683,FALSE,FALSE,FALSE,FALSE,FALSE,FALSE
5864,"villeneuve",-0.0617522089066096,0.560324838194839,0.253351433904633,0.71610385202783,FALSE,FALSE,FALSE,FALSE,FALSE,FALSE
5865,"villeneuve",-0.0847661422366084,0.0823361869350674,0.190055998642457,0.521466146275242,FALSE,FALSE,FALSE,FALSE,FALSE,FALSE
5866,"villeneuve",-0.12841317030127,-0.675374751096611,0.109112506363482,0.225861191243849,FALSE,FALSE,FALSE,FALSE,FALSE,FALSE
5867,"villeneuve",-0.0644140607732577,-0.571419152331594,0.24622433395554,0.255896826743594,FALSE,FALSE,FALSE,FALSE,FALSE,FALSE
5868,"villeneuve",0.00420588807465805,-0.187621784497596,0.504836246394027,0.406753775666044,FALSE,FALSE,FALSE,FALSE,FALSE,FALSE
5869,"villeneuve",0.190335401465607,-0.201696768637496,0.95554047174614,0.402002375699983,TRUE,FALSE,FALSE,TRUE,FALSE,FALSE
5870,"villeneuve",-0.031368668849538,-0.567124216482935,0.358730697437638,0.257763448158833,FALSE,FALSE,FALSE,FALSE,FALSE,FALSE
5871,"villeneuve",-0.238426358625457,0.494859646986539,0.0420838282708298,0.693365009333107,FALSE,FALSE,FALSE,FALSE,FALSE,FALSE
5872,"villeneuve",-0.0788796950342139,-0.00242985528696115,0.204310198540641,0.486509417953504,FALSE,FALSE,FALSE,FALSE,FALSE,FALSE
5873,"villeneuve",-0.115279060457281,0.173535870522588,0.129305956219243,0.562701510266418,FALSE,FALSE,FALSE,FALSE,FALSE,FALSE
5874,"villeneuve",-0.0473593852155538,0.454322588424742,0.301374512133039,0.681656202273884,FALSE,FALSE,FALSE,FALSE,FALSE,FALSE
5875,"villeneuve",0.00441324663801446,0.64821038990607,0.506024096385542,0.749193958934329,FALSE,FALSE,FALSE,FALSE,FALSE,FALSE
5876,"villeneuve",0.0438995947287708,0.332213632525527,0.661293059562192,0.631596809774309,FALSE,FALSE,FALSE,FALSE,FALSE,FALSE
5877,"villeneuve",-0.0393590629450387,-0.15083673183956,0.327846597658239,0.423044289835398,FALSE,FALSE,FALSE,FALSE,FALSE,FALSE
5878,"villeneuve",-0.0230381488241029,-0.644749615966756,0.390632954352622,0.23502460546411,FALSE,FALSE,FALSE,FALSE,FALSE,FALSE
5879,"villeneuve",0.0299886702858494,-0.719038345465614,0.610554895638894,0.214831155608349,FALSE,FALSE,FALSE,FALSE,FALSE,FALSE
5880,"villeneuve",0.11038130103762,-0.747806561705545,0.861530629560496,0.208722212794841,FALSE,FALSE,FALSE,FALSE,FALSE,FALSE
5881,"villeneuve",0.150553099716864,-0.509818696673593,0.920414050568471,0.278805362294247,TRUE,FALSE,FALSE,FALSE,FALSE,FALSE
5882,"villeneuve",0.00451181196876682,-0.141481377528751,0.506193789241473,0.427795689801459,FALSE,FALSE,FALSE,FALSE,FALSE,FALSE
5883,"villeneuve",-0.11220889930199,0.331104451655703,0.133208891905651,0.631427116918378,FALSE,FALSE,FALSE,FALSE,FALSE,FALSE
5884,"villeneuve",0.162920929800084,-0.226984417025783,0.933650093331071,0.389275411505176,TRUE,FALSE,FALSE,FALSE,FALSE,FALSE
5885,"villeneuve",0.0548810589801789,-0.0633693145071792,0.700831494994061,0.459867639572374,FALSE,FALSE,FALSE,FALSE,FALSE,FALSE
5886,"villeneuve",0.11144795395,-0.107975211059535,0.86475479382318,0.442558968267436,FALSE,FALSE,FALSE,FALSE,FALSE,FALSE
5887,"villeneuve",0.0343313727848464,0.29356006219108,0.627354488376039,0.614627524181232,FALSE,FALSE,FALSE,FALSE,FALSE,FALSE
5888,"villeneuve",0.107646372374628,0.140160983508289,0.856439843882573,0.54776853894451,FALSE,FALSE,FALSE,FALSE,FALSE,FALSE
5889,"villeneuve",0.0279852831731162,0.0484084166072374,0.602579331410148,0.508399796368573,FALSE,FALSE,FALSE,FALSE,FALSE,FALSE
5890,"villeneuve",0.0508079643142949,-0.920432285558309,0.685389445104361,0.162226370269812,FALSE,FALSE,FALSE,FALSE,FALSE,FALSE
5891,"villeneuve",0.0559511716824392,-0.76294478299905,0.703546580688953,0.204819277108434,FALSE,FALSE,FALSE,FALSE,FALSE,FALSE
5892,"villeneuve",-0.118754931426073,-0.929420535364749,0.123706091973528,0.160020363142712,FALSE,FALSE,FALSE,FALSE,FALSE,FALSE
