comune_key,date,assigned_model,actual_kwh,pred_kwh_mixed_actual,pred_kwh_gamm_actual,pred_kwh_mixed_q95,pred_kwh_gamm_q95,pred_kwh_prophet_actual,pred_kwh_prophet_q95,arrivals_actual,arrivals_q95,arrivals_multiplier_q95,load_actual_assigned,load_q95_assigned,delta_kwh_q95_minus_actual,delta_pct_q95_minus_actual,comune_key_norm,comune_nome,istat_muni_code,risk_score,p_energy_given_tourism_upper_95,lift_upper_95,p_energy_given_tourism_upper_90,lift_upper_90,tourism_intensity_rank,risk_rank,scenario_tail_impact_kwh,scenario_tail_impact_weighted,abs_shock_kwh,abs_tail_impact_kwh
ayas,2025-02-01,Prophet,1621093.999999999,1703329.976341394,1811258.8070695456,1845255.0487356675,1953813.5068402104,1582961.9003162123,1768091.195940295,8920.000000000004,15401.7922139803,1.7266583199529475,1582961.9003162123,1768091.195940295,185129.29562408268,11.695120115468429,ayas,Ayas,7007,0.383172767896169,0.333333333333333,6.66666666666667,0.272727272727273,2.72727272727273,8,3,61709.76520802749,23645.501540982605,185129.29562408268,61709.76520802749
ayas,2025-09-01,Prophet,618501.9999999995,691593.4089012229,731898.6416116962,789108.8933905308,844195.4641543423,660553.695453968,792640.3050940679,4283.000000000001,10537.2717665422,2.4602549069675925,660553.695453968,792640.3050940679,132086.60964009992,19.99634708716949,ayas,Ayas,7007,0.383172767896169,0.333333333333333,6.66666666666667,0.272727272727273,2.72727272727273,8,3,44028.869880033264,16870.663939272614,132086.60964009992,44028.869880033264
ayas,2025-01-01,Prophet,2253727.9999999995,2231421.571960283,2304419.7699570195,2319409.7131491955,2393254.5064613484,2371600.2616324234,2501802.0731212855,9503.999999999998,12374.6198823111,1.3020433377852592,2371600.2616324234,2501802.0731212855,130201.81148886216,5.49004035778109,ayas,Ayas,7007,0.383172767896169,0.333333333333333,6.66666666666667,0.272727272727273,2.72727272727273,8,3,43400.603829620675,16629.929497760826,130201.81148886216,43400.603829620675
ayas,2025-03-01,Prophet,1601644.9999999988,1607465.769990634,1723907.9976004935,1700421.4105674636,1822147.503066264,1560885.478465401,1686987.089668792,8728.000000000002,12809.6530976271,1.467650446565891,1560885.478465401,1686987.089668792,126101.61120339089,8.078850943463767,ayas,Ayas,7007,0.383172767896169,0.333333333333333,6.66666666666667,0.272727272727273,2.72727272727273,8,3,42033.870401130254,16106.23446698993,126101.61120339089,42033.870401130254
ayas,2025-08-01,Prophet,1115685.000000001,974311.4915402826,1048677.2464642206,1048770.970621674,1114877.0323577933,1048205.0810770364,1160501.6834620608,12096.00000000001,19994.3223685996,1.6529697725363417,1048205.0810770364,1160501.6834620608,112296.60238502432,10.71322820431655,ayas,Ayas,7007,0.383172767896169,0.333333333333333,6.66666666666667,0.272727272727273,2.72727272727273,8,3,37432.200795008066,14342.999987068419,112296.60238502432,37432.200795008066
valtournenche,2025-02-01,Mixed,3013468.0000000023,2993647.6722038393,3241240.1545621664,3237905.547946628,3389552.87983812,NA,NA,21295.999999999996,37211.3854806653,1.74734154210487,2993647.6722038393,3237905.547946628,244257.8757427889,8.159205841446692,valtournenche,Valtournenche,7071,0.27967474493287,0.142857142857143,2.85714285714286,0.354838709677419,3.54838709677419,6,10,34893.98224896987,9758.965585172742,244257.8757427889,34893.98224896987
ayas,2025-07-01,Prophet,1006716.9999999994,862928.7244663207,956167.634642277,923328.0701906828,1012347.22620778,924397.6175927058,1014992.4613373115,12017.000000000004,19068.0376807165,1.586755236807564,924397.6175927058,1014992.4613373115,90594.84374460578,9.800419432119556,ayas,Ayas,7007,0.383172767896169,0.333333333333333,6.66666666666667,0.272727272727273,2.72727272727273,8,3,30198.281248201896,11571.159011580497,90594.84374460578,30198.281248201896
valtournenche,2025-03-01,Mixed,3071191.0000000014,2963618.606340252,3253956.0125953546,3139610.043740127,3362364.737569886,NA,NA,24193.00000000002,36471.7072640595,1.5075314042929555,2963618.606340252,3139610.043740127,175991.4373998749,5.938396965903969,valtournenche,Valtournenche,7071,0.27967474493287,0.142857142857143,2.85714285714286,0.354838709677419,3.54838709677419,6,10,25141.633914267866,7031.480052168459,175991.4373998749,25141.633914267866
valtournenche,2025-01-01,Mixed,3448599.999999999,3454611.268161157,3528584.851173933,3602341.2352547366,3614498.988580449,NA,NA,21084.000000000007,28402.2825910056,1.3471012422218551,3454611.268161157,3602341.2352547366,147729.96709357947,4.276312314937081,valtournenche,Valtournenche,7071,0.27967474493287,0.142857142857143,2.85714285714286,0.354838709677419,3.54838709677419,6,10,21104.281013368516,5902.33440940545,147729.96709357947,21104.281013368516
ayas,2025-04-01,Prophet,971146,862692.9063743213,970148.0735904432,902645.43218747,1016433.1931522536,903262.6879915172,961579.1828302094,2174.0000000000005,2961.27633981529,1.3621326310097928,903262.6879915172,961579.1828302094,58316.49483869213,6.456205444328034,ayas,Ayas,7007,0.383172767896169,0.333333333333333,6.66666666666667,0.272727272727273,2.72727272727273,8,3,19438.831612897357,7448.430913781432,58316.49483869213,19438.831612897357
saint vincent,2025-09-01,Mixed,1137935.0000000002,1230425.664534731,1373063.0822877605,1323257.1357180236,1455791.4298907537,NA,NA,5782.000000000003,14202.2234251612,2.4562821558563117,1230425.664534731,1323257.1357180236,92831.47118329255,7.544663107981875,saint vincent,Saint-Vincent,7065,0.280098913072602,0.2,4,0.210526315789474,2.10526315789474,23,9,18566.294236658512,5200.398835474164,92831.47118329255,18566.294236658512
valtournenche,2025-09-01,Mixed,966361.9999999997,991736.3187849931,1117630.329313523,1118870.2759888547,1263891.9602691818,NA,NA,3819.9999999999977,9012.57010464711,2.35931154571914,991736.3187849931,1118870.2759888547,127133.95720386144,12.819330581703126,valtournenche,Valtournenche,7071,0.27967474493287,0.142857142857143,2.85714285714286,0.354838709677419,3.54838709677419,6,10,18161.993886265936,5079.451007613769,127133.95720386144,18161.993886265936
gressan,2025-02-01,GAMM,1581001.999999999,1510567.587825006,1606924.6488371894,1569407.6919757733,1658805.072958937,NA,NA,7785.000000000004,12745.9832875821,1.6372489772102885,1606924.6488371894,1658805.072958937,51880.42412174749,3.2285536325109776,gressan,Gressan,7031,0.375662509191696,0.333333333333333,6.66666666666667,0.25,2.5,28,4,17293.474707249145,6496.510101168345,51880.42412174749,17293.474707249145
gressan,2025-09-01,GAMM,485529.0000000003,625647.229223228,617594.4303136127,664725.0612035701,668089.9862675635,NA,NA,596.0000000000001,1303.43012335194,2.186963294214664,617594.4303136127,668089.9862675635,50495.555953950854,8.176167639385824,gressan,Gressan,7031,0.375662509191696,0.333333333333333,6.66666666666667,0.25,2.5,28,4,16831.851984650268,6323.095750896949,50495.555953950854,16831.851984650268
valtournenche,2025-04-01,Mixed,2416713,2335380.650003407,2732063.1060543456,2452927.397917448,2812471.662202507,NA,NA,17182.000000000015,24368.4260307513,1.4182531737138446,2335380.650003407,2452927.397917448,117546.74791404093,5.033301441196292,valtournenche,Valtournenche,7071,0.27967474493287,0.142857142857143,2.85714285714286,0.354838709677419,3.54838709677419,6,10,16792.39255914872,4696.408105792542,117546.74791404093,16792.39255914872
courmayeur,2025-02-01,GAMM,2779209,2651660.3952144636,2670616.29873929,2740421.121227254,2784329.127516914,NA,NA,19195.000000000007,31745.7039119049,1.6538527695704552,2670616.29873929,2784329.127516914,113712.8287776243,4.2579246158013895,courmayeur,Courmayeur,7022,0.221425714882891,0.125,2.5,0.170731707317073,1.70731707317073,4,13,14214.103597203037,3147.368050430155,113712.8287776243,14214.103597203037
ayas,2025-05-01,Prophet,594766.0000000002,559648.0944279222,621013.1526297416,584425.4244625007,649013.9146338233,674896.848136373,716535.9642616246,2018.000000000001,2712.45968825992,1.3441326502774622,674896.848136373,716535.9642616246,41639.11612525163,6.169700783198473,ayas,Ayas,7007,0.383172767896169,0.333333333333333,6.66666666666667,0.272727272727273,2.72727272727273,8,3,13879.705375083862,5318.325126154218,41639.11612525163,13879.705375083862
saint vincent,2025-08-01,Mixed,1522075.999999999,1494889.7133861298,1598436.117479153,1563752.6012686214,1653259.4502014092,NA,NA,8222.000000000004,14342.3806781037,1.7443907416813056,1494889.7133861298,1563752.6012686214,68862.88788249157,4.606553063135865,saint vincent,Saint-Vincent,7065,0.280098913072602,0.2,4,0.210526315789474,2.10526315789474,23,9,13772.577576498315,3857.684009385269,68862.88788249157,13772.577576498315
courmayeur,2025-09-01,GAMM,1346192.0000000012,1641079.745479271,1472747.290925252,1740635.314319698,1582519.2788384112,NA,NA,26245.000000000025,64547.1759069421,2.459408493310804,1472747.290925252,1582519.2788384112,109771.9879131592,7.453552187096202,courmayeur,Courmayeur,7022,0.221425714882891,0.125,2.5,0.170731707317073,1.70731707317073,4,13,13721.4984891449,3038.2926122234185,109771.9879131592,13721.4984891449
valtournenche,2025-08-01,Mixed,1563543.9999999995,1510171.0506770855,1589787.9336481376,1605836.6079462566,1646743.3441747795,NA,NA,20702,32049.3754146876,1.5481294278179694,1510171.0506770855,1605836.6079462566,95665.55726917111,6.334749777270554,valtournenche,Valtournenche,7071,0.27967474493287,0.142857142857143,2.85714285714286,0.354838709677419,3.54838709677419,6,10,13666.508181310171,3822.177189730903,95665.55726917111,13666.508181310171
gressan,2025-03-01,GAMM,1549229.9999999993,1425501.5055784786,1545579.578109243,1465068.477192816,1583708.6756525266,NA,NA,6626.999999999999,9434.68650715281,1.423673835393513,1545579.578109243,1583708.6756525266,38129.0975432836,2.4669773128037864,gressan,Gressan,7031,0.375662509191696,0.333333333333333,6.66666666666667,0.25,2.5,28,4,12709.69918109452,4774.557485441612,38129.0975432836,12709.69918109452
gressan,2025-04-01,GAMM,957896,853131.4424914313,902654.9567041834,877434.0281114997,939918.5486404556,NA,NA,881.9999999999998,1267.61147486002,1.4372012186621546,902654.9567041834,939918.5486404556,37263.5919362721,4.128221050525305,gressan,Gressan,7031,0.375662509191696,0.333333333333333,6.66666666666667,0.25,2.5,28,4,12421.197312090688,4666.178149425138,37263.5919362721,12421.197312090688
torgnon,2025-02-01,Mixed,444064.9999999997,473942.2518679303,529926.2109485207,508413.4959555795,555448.962706649,NA,NA,2458.9999999999995,4260.64565910362,1.7326741191962671,473942.2518679303,508413.4959555795,34471.24408764922,7.273300481606992,torgnon,Torgnon,7067,0.355804909779965,0.333333333333333,6.66666666666667,0.166666666666667,1.66666666666667,18,5,11490.41469588306,4088.345964203056,34471.24408764922,11490.41469588306
courmayeur,2025-03-01,GAMM,2767055.999999999,2871132.4269453506,2714711.8695966844,2944137.538488601,2804925.398983533,NA,NA,16975,24913.7457378707,1.467672797518156,2714711.8695966844,2804925.398983533,90213.52938684868,3.3231345984519267,courmayeur,Courmayeur,7022,0.221425714882891,0.125,2.5,0.170731707317073,1.70731707317073,4,13,11276.691173356085,2496.949404573958,90213.52938684868,11276.691173356085
valtournenche,2025-07-01,Mixed,1427576.9999999988,1359323.543526749,1480414.8336921565,1438118.7530285332,1529776.991928591,NA,NA,18270.999999999996,27283.0566198525,1.4932437534810632,1359323.543526749,1438118.7530285332,78795.20950178453,5.796648625488476,valtournenche,Valtournenche,7071,0.27967474493287,0.142857142857143,2.85714285714286,0.354838709677419,3.54838709677419,6,10,11256.458500254943,3148.1471599062374,78795.20950178453,11256.458500254943
saint vincent,2025-02-01,Mixed,1321205.000000001,1318836.2744545524,1451863.0334264094,1375093.9576059105,1499959.3331274686,NA,NA,6950.999999999996,11646.1876014651,1.6754693715242566,1318836.2744545524,1375093.9576059105,56257.68315135781,4.265706383806056,saint vincent,Saint-Vincent,7065,0.280098913072602,0.2,4,0.210526315789474,2.10526315789474,23,9,11251.536630271563,3151.5431805356316,56257.68315135781,11251.536630271563
ayas,2025-06-01,Prophet,694066.0000000001,633919.7361789946,751068.5697593415,655802.5971623769,779055.3912464911,664154.706918965,696046.1050925718,6846.9999999999945,8631.59991459081,1.2606396837433644,664154.706918965,696046.1050925718,31891.39817360684,4.801802628419516,ayas,Ayas,7007,0.383172767896169,0.333333333333333,6.66666666666667,0.272727272727273,2.72727272727273,8,3,10630.466057868936,4073.3051034199166,31891.39817360684,10630.466057868936
gressan,2025-08-01,GAMM,866319.0000000003,828741.4186266965,875584.2875778534,861011.8684477601,907134.1409940536,NA,NA,5751.999999999997,9416.07536077577,1.6370089292030208,875584.2875778534,907134.1409940536,31549.85341620003,3.603291409382981,gressan,Gressan,7031,0.375662509191696,0.333333333333333,6.66666666666667,0.25,2.5,28,4,10516.6178054,3950.699032986631,31549.85341620003,10516.6178054
saint vincent,2025-07-01,Mixed,1462723.9999999993,1419949.261584788,1503798.5836330676,1472112.2290429114,1545577.9189242297,NA,NA,7747.000000000005,12097.8970247592,1.5616234703445453,1419949.261584788,1472112.2290429114,52162.96745812334,3.673579674241667,saint vincent,Saint-Vincent,7065,0.280098913072602,0.2,4,0.210526315789474,2.10526315789474,23,9,10432.59349162467,2922.1580975323714,52162.96745812334,10432.59349162467
gressan,2025-01-01,GAMM,1801534,1821000.1975775184,1875548.5591313357,1854678.8740087429,1905682.9470886856,NA,NA,7369.999999999994,9335.81304988052,1.266731757107263,1875548.5591313357,1905682.9470886856,30134.38795735012,1.6066972945401492,gressan,Gressan,7031,0.375662509191696,0.333333333333333,6.66666666666667,0.25,2.5,28,4,10044.795985783363,3773.453264338054,30134.38795735012,10044.795985783363
courmayeur,2025-08-01,GAMM,1984036.999999999,1897395.5277863017,1735820.7207511233,1970147.7278618969,1815676.538865087,NA,NA,52506.00000000005,93302.6059990406,1.7769894107157378,1735820.7207511233,1815676.538865087,79855.81811396405,4.600464619376643,courmayeur,Courmayeur,7022,0.221425714882891,0.125,2.5,0.170731707317073,1.70731707317073,4,13,9981.977264245506,2210.2664516803256,79855.81811396405,9981.977264245506
saint vincent,2025-03-01,Mixed,1342136.000000001,1369122.893942943,1470229.1103868957,1415626.3603815993,1511324.0538187306,NA,NA,6375.000000000003,9631.76772261747,1.510865525116465,1369122.893942943,1415626.3603815993,46503.46643865621,3.396588183894189,saint vincent,Saint-Vincent,7065,0.280098913072602,0.2,4,0.210526315789474,2.10526315789474,23,9,9300.693287731241,2605.1140807151655,46503.46643865621,9300.693287731241
saint vincent,2025-04-01,Mixed,1232982.0000000007,1313862.2916735809,1436412.703252507,1360351.1704585345,1486474.794592612,NA,NA,4844.999999999998,7445.22673213352,1.5366825040523266,1313862.2916735809,1360351.1704585345,46488.87878495362,3.538337242766642,saint vincent,Saint-Vincent,7065,0.280098913072602,0.2,4,0.210526315789474,2.10526315789474,23,9,9297.775756990724,2604.296883525891,46488.87878495362,9297.775756990724
gressan,2025-07-01,GAMM,824372.0000000005,766556.3551676399,838371.8054070012,793311.2412210143,865197.3039595649,NA,NA,5981.999999999995,9312.89397686549,1.5568194545077727,838371.8054070012,865197.3039595649,26825.498552563717,3.1997138238136325,gressan,Gressan,7031,0.375662509191696,0.333333333333333,6.66666666666667,0.25,2.5,28,4,8941.832850854562,3359.1113655247614,26825.498552563717,8941.832850854562
courmayeur,2025-01-01,GAMM,3297485.9999999995,3747022.25741976,3515900.931324869,3799312.243573107,3579293.1830370836,NA,NA,19329.99999999999,23889.0656252132,1.2358544037875434,3515900.931324869,3579293.1830370836,63392.25171221467,1.80301586849112,courmayeur,Courmayeur,7022,0.221425714882891,0.125,2.5,0.170731707317073,1.70731707317073,4,13,7924.031464026833,1754.584331676663,63392.25171221467,7924.031464026833
courmayeur,2025-07-01,GAMM,1898570.999999999,1782636.6689380335,1648162.027292846,1839392.3313385083,1711082.1704591135,NA,NA,57689.00000000004,93126.5358717405,1.614285840831709,1648162.027292846,1711082.1704591135,62920.143166267546,3.817594515850819,courmayeur,Courmayeur,7022,0.221425714882891,0.125,2.5,0.170731707317073,1.70731707317073,4,13,7865.017895783443,1741.5172101405801,62920.143166267546,7865.017895783443
torgnon,2025-01-01,Mixed,593324.9999999999,664942.9191653964,709607.1599846049,687498.6600594381,725582.6767564662,NA,NA,2788,3620.05090407837,1.2984400660252402,664942.9191653964,687498.6600594381,22555.740894041723,3.3921319024424745,torgnon,Torgnon,7067,0.355804909779965,0.333333333333333,6.66666666666667,0.166666666666667,1.66666666666667,18,5,7518.5802980139,2675.147784608258,22555.740894041723,7518.5802980139
cogne,2025-09-01,GAMM,446750.0000000001,542196.5976076999,564757.0875099637,592924.0861827941,624162.1417840548,NA,NA,6229.9999999999945,15115.3549908941,2.4262207047984132,564757.0875099637,624162.1417840548,59405.05427409115,10.5186912369724,cogne,Cogne,7021,0.271361534486216,0.125,2.5,0.363636363636364,3.63636363636364,9,12,7425.6317842613935,2015.03083550679,59405.05427409115,7425.6317842613935
saint vincent,2025-05-01,Mixed,1325812.0000000007,1329276.626899447,1468271.4500645683,1366313.6682312062,1501360.747305271,NA,NA,6792.0000000000055,9537.9694413912,1.4042946762943451,1329276.626899447,1366313.6682312062,37037.04133175919,2.7862553649309563,saint vincent,Saint-Vincent,7065,0.280098913072602,0.2,4,0.210526315789474,2.10526315789474,23,9,7407.408266351838,2074.807004090157,37037.04133175919,7407.408266351838
saint vincent,2025-01-01,Mixed,1554181.9999999993,1470905.0556824822,1650202.3929085608,1507474.0046167125,1684210.1121997084,NA,NA,6598.000000000003,8936.80382198908,1.354471631098678,1470905.0556824822,1507474.0046167125,36568.948934230255,2.48615291605363,saint vincent,Saint-Vincent,7065,0.280098913072602,0.2,4,0.210526315789474,2.10526315789474,23,9,7313.789786846051,2048.5845697370764,36568.948934230255,7313.789786846051
torgnon,2025-03-01,Mixed,428407.99999999977,424380.9056617647,487928.379406843,445475.1539015788,506293.31941483263,NA,NA,1989.999999999999,2909.4273714487,1.4620238047480911,424380.9056617647,445475.1539015788,21094.24823981413,4.970593153082725,torgnon,Torgnon,7067,0.355804909779965,0.333333333333333,6.66666666666667,0.166666666666667,1.66666666666667,18,5,7031.416079938036,2501.812363947748,21094.24823981413,7031.416079938036
valtournenche,2025-05-01,Mixed,1116164.9999999993,1109541.5989760992,1284511.894630334,1154663.1097661408,1353741.5473897967,NA,NA,2868.999999999999,3810.16997224566,1.3280480907095369,1109541.5989760992,1154663.1097661408,45121.51079004165,4.066680404924017,valtournenche,Valtournenche,7071,0.27967474493287,0.142857142857143,2.85714285714286,0.354838709677419,3.54838709677419,6,10,6445.930112863099,1802.7638601700928,45121.51079004165,6445.930112863099
torgnon,2025-09-01,Mixed,106506.99999999996,158506.18222338724,168422.23677800913,177472.21919504262,193572.25796027583,NA,NA,417,1011.35090807719,2.425301937834988,158506.18222338724,177472.21919504262,18966.036971655383,11.965487216723192,torgnon,Torgnon,7067,0.355804909779965,0.333333333333333,6.66666666666667,0.166666666666667,1.66666666666667,18,5,6322.012323885121,2249.4030245277722,18966.036971655383,6322.012323885121
courmayeur,2025-04-01,GAMM,1587664.0000000007,1883727.0119350376,1797183.97926977,1920505.6211082628,1846956.524288288,NA,NA,4861.000000000004,6532.20700160708,1.343799012879464,1797183.97926977,1846956.524288288,49772.54501851811,2.7694741101988773,courmayeur,Courmayeur,7022,0.221425714882891,0.125,2.5,0.170731707317073,1.70731707317073,4,13,6221.568127314764,1377.615170283281,49772.54501851811,6221.568127314764
gressoney la trinite,2025-02-01,Mixed,901205.9999999992,857016.7885203309,924259.6644005802,887618.7983408939,943641.8775123684,NA,NA,3890.000000000002,6228.68697716402,1.6012048784483337,857016.7885203309,887618.7983408939,30602.00982056302,3.5707596666103125,gressoney la trinite,Gressoney-La-Trinité,7032,0.277430239626065,0.185185185185185,3.7037037037037,0.238095238095238,2.38095238095238,1,11,5667.038855659813,1572.207947695923,30602.00982056302,5667.038855659813
cogne,2025-02-01,GAMM,685619.0000000006,668970.9606081361,729168.1066768272,701625.911010282,770699.8573068766,NA,NA,6880,11033.4857715895,1.6037043272659155,729168.1066768272,770699.8573068766,41531.750630049384,5.695771695134844,cogne,Cogne,7021,0.271361534486216,0.125,2.5,0.363636363636364,3.63636363636364,9,12,5191.468828756173,1408.7649476086337,41531.750630049384,5191.468828756173
gressan,2025-06-01,GAMM,657951,571670.2706269576,647620.7885511377,579954.5768386066,663082.2244608143,NA,NA,1485.0000000000002,1788.06589046671,1.2040847747250571,647620.7885511377,663082.2244608143,15461.435909676598,2.3874211858249783,gressan,Gressan,7031,0.375662509191696,0.333333333333333,6.66666666666667,0.25,2.5,28,4,5153.811969892194,1936.0939365118993,15461.435909676598,5153.811969892194
torgnon,2025-08-01,Mixed,249934.00000000015,234427.3016374201,275373.9916886889,249155.38767787511,287206.8256852941,NA,NA,2332,3757.54151033421,1.611295673385167,234427.3016374201,249155.38767787511,14728.086040455004,6.282581396272002,torgnon,Torgnon,7067,0.355804909779965,0.333333333333333,6.66666666666667,0.166666666666667,1.66666666666667,18,5,4909.362013484996,1746.7751082852162,14728.086040455004,4909.362013484996
cogne,2025-08-01,GAMM,739994.0000000002,665945.676609954,705306.7780384531,704688.7853554388,742602.6416409385,NA,NA,12526,21937.0728524995,1.7513230762014609,705306.7780384531,742602.6416409385,37295.86360248539,5.287892412746964,cogne,Cogne,7021,0.271361534486216,0.125,2.5,0.363636363636364,3.63636363636364,9,12,4661.982950310674,1265.082847144881,37295.86360248539,4661.982950310674
gressoney la trinite,2025-09-01,Mixed,287340.00000000023,335317.59848670283,381800.9493155872,359730.65996968874,398341.16824741894,NA,NA,3696.0000000000023,9489.43964456429,2.5674890813215057,335317.59848670283,359730.65996968874,24413.06148298591,7.280578649364866,gressoney la trinite,Gressoney-La-Trinité,7032,0.277430239626065,0.185185185185185,3.7037037037037,0.238095238095238,2.38095238095238,1,11,4520.937311664054,1254.2447217093766,24413.06148298591,4520.937311664054
courmayeur,2025-05-01,GAMM,1130509.9999999993,1353492.133933275,1304584.1183959448,1380912.3671731416,1340304.7271242228,NA,NA,3932.999999999999,5343.7168173328,1.3586872151875924,1304584.1183959448,1340304.7271242228,35720.60872827796,2.7380839782258137,courmayeur,Courmayeur,7022,0.221425714882891,0.125,2.5,0.170731707317073,1.70731707317073,4,13,4465.076091034745,988.682665463873,35720.60872827796,4465.076091034745
cogne,2025-03-01,GAMM,662234.0000000003,612936.1117523905,660969.3815558077,636390.2884088695,695708.9654404201,NA,NA,5003.000000000003,7258.67209467066,1.450863900593775,660969.3815558077,695708.9654404201,34739.583884612424,5.255853728480053,cogne,Cogne,7021,0.271361534486216,0.125,2.5,0.363636363636364,3.63636363636364,9,12,4342.447985576553,1178.373348792631,34739.583884612424,4342.447985576553
courmayeur,2025-06-01,GAMM,1431252.999999999,1569033.5268902287,1589838.5126485126,1596048.2024431266,1623766.5061640078,NA,NA,30394.999999999993,39453.3902205911,1.298022379358155,1589838.5126485126,1623766.5061640078,33927.99351549521,2.1340528138908077,courmayeur,Courmayeur,7022,0.221425714882891,0.125,2.5,0.170731707317073,1.70731707317073,4,13,4240.999189436901,939.0662773388271,33927.99351549521,4240.999189436901
torgnon,2025-07-01,Mixed,205883.9999999999,199789.19153817373,239329.7819017701,211643.34916642983,248960.4843245484,NA,NA,2408.0000000000005,3781.27993461035,1.5702989761670887,199789.19153817373,211643.34916642983,11854.1576282561,5.933332797931223,torgnon,Torgnon,7067,0.355804909779965,0.333333333333333,6.66666666666667,0.166666666666667,1.66666666666667,18,5,3951.3858760853627,1405.9224951463805,11854.1576282561,3951.3858760853627
saint vincent,2025-06-01,Mixed,1392608.0000000007,1330197.1481316208,1514930.6783468483,1348966.0792735207,1534797.0355988762,NA,NA,5905.999999999997,7022.25381049017,1.1890033542990472,1330197.1481316208,1348966.0792735207,18768.9311418999,1.4109886769989366,saint vincent,Saint-Vincent,7065,0.280098913072602,0.2,4,0.210526315789474,2.10526315789474,23,9,3753.78622837998,1051.4314424761344,18768.9311418999,3753.78622837998
gressoney la trinite,2025-03-01,Mixed,912369.9999999992,823510.8685515816,884994.1247843781,843045.6953764512,898158.9326909463,NA,NA,3582.000000000002,4906.20675249565,1.369683627162381,823510.8685515816,843045.6953764512,19534.82682486961,2.37213952734201,gressoney la trinite,Gressoney-La-Trinité,7032,0.277430239626065,0.185185185185185,3.7037037037037,0.238095238095238,2.38095238095238,1,11,3617.560523123999,1003.620682792084,19534.82682486961,3617.560523123999
valtournenche,2025-06-01,Mixed,957914.0000000003,982600.117229254,1173467.1078963804,1007035.630937914,1201343.7829146497,NA,NA,5958.000000000003,7096.06260629883,1.1910142004529751,982600.117229254,1007035.630937914,24435.51370866003,2.486821778279813,valtournenche,Valtournenche,7071,0.27967474493287,0.142857142857143,2.85714285714286,0.354838709677419,3.54838709677419,6,10,3490.787672665722,976.2851519675926,24435.51370866003,3490.787672665722
gressan,2025-05-01,GAMM,644063.0000000005,582702.0477159594,627898.429203778,595974.6313671933,637907.178029408,NA,NA,352.99999999999994,472.35463871973,1.3381151238519269,627898.429203778,637907.178029408,10008.74882562994,1.5940076229083333,gressan,Gressan,7031,0.375662509191696,0.333333333333333,6.66666666666667,0.25,2.5,28,4,3336.24960854331,1253.3038992351935,10008.74882562994,3336.24960854331
gressoney la trinite,2025-08-01,Mixed,466776.0000000002,423734.5333894749,475458.7667182417,441623.7713519779,494139.052894915,NA,NA,15566.000000000004,27108.2329277953,1.7415028220349025,423734.5333894749,441623.7713519779,17889.237962502986,4.221803169877614,gressoney la trinite,Gressoney-La-Trinité,7032,0.277430239626065,0.185185185185185,3.7037037037037,0.238095238095238,2.38095238095238,1,11,3312.8218449079573,919.0769582712774,17889.237962502986,3312.8218449079573
cogne,2025-01-01,GAMM,899081.0000000001,781983.137103021,855166.1042115754,801910.3398421801,881591.7548458992,NA,NA,7001.999999999999,8985.16130115172,1.2832278350687978,855166.1042115754,881591.7548458992,26425.65063432383,3.0901190428597625,cogne,Cogne,7021,0.271361534486216,0.125,2.5,0.363636363636364,3.63636363636364,9,12,3303.2063292904786,896.3631382408453,26425.65063432383,3303.2063292904786
cogne,2025-04-01,GAMM,390811.0000000003,408636.1103213421,420420.13847586775,424457.0409947221,445143.1877351778,NA,NA,1493.0000000000002,2175.80570263092,1.4573380459684662,420420.13847586775,445143.1877351778,24723.049259310064,5.880557803186481,cogne,Cogne,7021,0.271361534486216,0.125,2.5,0.363636363636364,3.63636363636364,9,12,3090.381157413758,838.6105730230857,24723.049259310064,3090.381157413758
gressoney la trinite,2025-07-01,Mixed,433932.9999999999,401336.2299705164,453464.3932707632,417778.0226197802,471302.09237285046,NA,NA,17430.000000000004,29869.3698106702,1.713675835379816,401336.2299705164,417778.0226197802,16441.792649263807,4.096762619829186,gressoney la trinite,Gressoney-La-Trinité,7032,0.277430239626065,0.185185185185185,3.7037037037037,0.238095238095238,2.38095238095238,1,11,3044.7764165303315,844.7130508458014,16441.792649263807,3044.7764165303315
cogne,2025-07-01,GAMM,652473.9999999998,499105.0555728983,540439.1533703755,522926.5508759282,564599.898495646,NA,NA,12027.999999999993,19092.0178614223,1.5872977936001258,540439.1533703755,564599.898495646,24160.74512527045,4.470576377487689,cogne,Cogne,7021,0.271361534486216,0.125,2.5,0.363636363636364,3.63636363636364,9,12,3020.093140658806,819.5371089404691,24160.74512527045,3020.093140658806
gressoney la trinite,2025-01-01,Mixed,982692,1004029.1217821328,1032347.8395954014,1019831.5435094776,1042681.9406931024,NA,NA,3674,4530.46848134268,1.233116080931595,1004029.1217821328,1019831.5435094776,15802.421727345092,1.573900735000211,gressoney la trinite,Gressoney-La-Trinité,7032,0.277430239626065,0.185185185185185,3.7037037037037,0.238095238095238,2.38095238095238,1,11,2926.374393952792,811.8647493499038,15802.421727345092,2926.374393952792
cogne,2025-05-01,GAMM,424590.0000000003,455072.0060639551,467285.8739630895,469943.79820224183,490662.1938647836,NA,NA,3748.000000000003,5154.88062179746,1.3753683622725337,467285.8739630895,490662.1938647836,23376.319901694136,5.002573628737728,cogne,Cogne,7021,0.271361534486216,0.125,2.5,0.363636363636364,3.63636363636364,9,12,2922.039987711767,792.929254895549,23376.319901694136,2922.039987711767
torgnon,2025-04-01,Mixed,228851.00000000015,206776.6260735349,242258.6694097549,215409.20118552173,252770.5480161245,NA,NA,309.00000000000006,425.954463678897,1.3784934099640678,206776.6260735349,215409.20118552173,8632.575111986836,4.174831205978213,torgnon,Torgnon,7067,0.355804909779965,0.333333333333333,6.66666666666667,0.166666666666667,1.66666666666667,18,5,2877.5250373289423,1023.8375362964147,8632.575111986836,2877.5250373289423
gressoney la trinite,2025-04-01,Mixed,586676.0000000005,575025.1253291315,672245.468340069,587021.4162808345,682194.152826243,NA,NA,3060.999999999998,4038.22637202667,1.3192506932462178,575025.1253291315,587021.4162808345,11996.290951702977,2.086220309910214,gressoney la trinite,Gressoney-La-Trinité,7032,0.277430239626065,0.185185185185185,3.7037037037037,0.238095238095238,2.38095238095238,1,11,2221.535361426475,616.3210876583239,11996.290951702977,2221.535361426475
torgnon,2025-05-01,Mixed,139548,152462.90553362083,168248.92918921218,158363.78374426687,174487.85938493552,NA,NA,274.9999999999999,370.51837501258,1.3473395455002914,152462.90553362083,158363.78374426687,5900.878210646013,3.8703697728919018,torgnon,Torgnon,7067,0.355804909779965,0.333333333333333,6.66666666666667,0.166666666666667,1.66666666666667,18,5,1966.959403548669,699.8538131204879,5900.878210646013,1966.959403548669
cogne,2025-06-01,GAMM,522834.00000000006,516945.79059625114,558036.9491217553,528923.1251815503,572889.2949085346,NA,NA,7950.999999999997,9977.07786045603,1.2548205081695425,558036.9491217553,572889.2949085346,14852.345786779304,2.661534475477678,cogne,Cogne,7021,0.271361534486216,0.125,2.5,0.363636363636364,3.63636363636364,9,12,1856.543223347413,503.79441792753966,14852.345786779304,1856.543223347413
chamois,2025-02-01,Prophet,168064.00000000015,192987.17756768395,197694.0072790621,199573.77385390605,209847.26086910188,171888.5435779633,177927.9532551169,623.0000000000001,1121.3775555308,1.7999639735646866,171888.5435779633,177927.9532551169,6039.409677153599,3.5135614924878933,chamois,Chamois,7016,0.33573519429832,0.25,5,0.3,3,12,6,1509.8524192883997,506.9105953515794,6039.409677153599,1509.8524192883997
brusson,2025-09-01,Prophet,162015,232933.17636051567,231222.59835799673,250086.8611662408,259223.51433369625,216706.3690651724,221104.63486476205,1805,4311.15157937714,2.388449628463789,216706.3690651724,221104.63486476205,4398.265799589659,2.029596923506638,brusson,Brusson,7012,0.386372855607541,0.333333333333333,6.66666666666667,0.285714285714286,2.85714285714286,16,2,1466.0885998632182,566.4568389028132,4398.265799589659,1466.0885998632182
brusson,2025-08-01,Prophet,382956.0000000003,334611.34870748216,353295.6379043855,348672.4745865453,372112.0427656397,364902.0946528084,369174.2870503351,4881.000000000002,8081.77702803719,1.65576255440221,364902.0946528084,369174.2870503351,4272.192397526698,1.1707777127427876,brusson,Brusson,7012,0.386372855607541,0.333333333333333,6.66666666666667,0.285714285714286,2.85714285714286,16,2,1424.064132508898,550.2197254457385,4272.192397526698,1424.064132508898
torgnon,2025-06-01,Mixed,153275.99999999988,148487.97295964722,187947.2912219988,152723.7997495774,193843.1801006929,NA,NA,1124.0000000000002,1401.02576376491,1.24646420263782,148487.97295964722,152723.7997495774,4235.826789930172,2.852639648519739,torgnon,Torgnon,7067,0.355804909779965,0.333333333333333,6.66666666666667,0.166666666666667,1.66666666666667,18,5,1411.9422633100558,502.37598961155396,4235.826789930172,1411.9422633100558
gressoney la trinite,2025-06-01,Mixed,347880.9999999998,359103.5874311963,417759.356073516,366551.4046639499,423661.3044547271,NA,NA,8759.000000000005,11536.1803166178,1.3170659112476073,359103.5874311963,366551.4046639499,7447.817232753616,2.0740024587419637,gressoney la trinite,Gressoney-La-Trinité,7032,0.277430239626065,0.185185185185185,3.7037037037037,0.238095238095238,2.38095238095238,1,11,1379.2254134728905,382.6388369581426,7447.817232753616,1379.2254134728905
brusson,2025-02-01,Prophet,327675.0000000002,350476.3506799561,373401.56567636,364845.4236855001,396136.0569241829,313137.8152995252,316715.93787072913,3306.0000000000027,5408.65188711295,1.6360108551460817,313137.8152995252,316715.93787072913,3578.122571203916,1.142667029142208,brusson,Brusson,7012,0.386372855607541,0.333333333333333,6.66666666666667,0.285714285714286,2.85714285714286,16,2,1192.7075237346373,460.8298118499508,3578.122571203916,1192.7075237346373
gressoney la trinite,2025-05-01,Mixed,214408.00000000003,287413.9546351065,320436.7666386959,293838.39661573654,334129.58467340755,NA,NA,849.0000000000003,1142.43371147389,1.345622746141213,287413.9546351065,293838.39661573654,6424.441980630043,2.2352575012533293,gressoney la trinite,Gressoney-La-Trinité,7032,0.277430239626065,0.185185185185185,3.7037037037037,0.238095238095238,2.38095238095238,1,11,1189.7114778944513,330.06194039813755,6424.441980630043,1189.7114778944513
pre saint didier,2025-09-01,Prophet,175919.00000000012,215579.04126395824,223734.4796593384,229394.45554534823,244601.92233242965,241093.1994531344,269687.12379055854,3842,8902.29246909801,2.3170985083545057,241093.1994531344,269687.12379055854,28593.924337424163,11.860112355837105,pre saint didier,Pré-Saint-Didier,7053,0.129679479311003,0.037037037037037,0.740740740740741,0.0408163265306122,0.408163265306122,7,17,1059.0342347194123,137.3350081309399,28593.924337424163,1059.0342347194123
brusson,2025-07-01,Prophet,317699.0000000003,287859.0692047364,302838.77841900615,298829.28755347396,317737.46958116046,294589.2268906237,297721.344892773,4777.000000000003,7553.36827784772,1.5811949503553937,294589.2268906237,297721.344892773,3132.118002149334,1.063215391550032,brusson,Brusson,7012,0.386372855607541,0.333333333333333,6.66666666666667,0.285714285714286,2.85714285714286,16,2,1044.039334049777,403.3884588634077,3132.118002149334,1044.039334049777
bard,2025-09-01,GAMM,101846.99999999993,105741.90520398636,113848.96809941134,109096.92384012676,123844.11133052674,NA,NA,576.0000000000001,1395.44764404759,2.4226521598048434,113848.96809941134,123844.11133052674,9995.143231115391,8.779300680518931,bard,Bard,7009,0.190864585100967,0.1,2,0.112676056338028,1.12676056338028,10,14,999.5143231115392,190.7718865831578,9995.143231115391,999.5143231115392
chamois,2025-03-01,Prophet,163936.00000000003,173434.73624314612,177850.70136764846,177112.91838751765,185066.6806350607,173576.9217051726,177365.9163571038,448.0000000000001,647.150982262871,1.444533442551051,173576.9217051726,177365.9163571038,3788.994651931193,2.182890798332604,chamois,Chamois,7016,0.33573519429832,0.25,5,0.3,3,12,6,947.2486629827982,318.0247139153536,3788.994651931193,947.2486629827982
chamois,2025-09-01,Prophet,52925,69841.50322122393,67013.74663779172,73738.03811343183,72743.12464274102,63158.63937838162,66787.29242145858,135.00000000000006,350.540154622972,2.5965937379479396,63158.63937838162,66787.29242145858,3628.653043076963,5.745299580217056,chamois,Chamois,7016,0.33573519429832,0.25,5,0.3,3,12,6,907.1632607692408,304.5666336146586,3628.653043076963,907.1632607692408
brusson,2025-03-01,Prophet,294992.9999999998,305529.43545183114,316954.8001713757,314912.31870250317,333235.06903718744,294287.1754379821,296815.09192662814,1988.0000000000005,2879.94954011775,1.4486667706829726,294287.1754379821,296815.09192662814,2527.916488646064,0.8589964835823416,brusson,Brusson,7012,0.386372855607541,0.333333333333333,6.66666666666667,0.285714285714286,2.85714285714286,16,2,842.6388295486871,325.5727708185222,2527.916488646064,842.6388295486871
pre saint didier,2025-02-01,Prophet,323539.9999999997,294701.1007239877,316713.47997191735,306006.553904317,333879.7269704325,318121.8914796795,340481.15726612497,6907,11493.42846707,1.6640261281410162,318121.8914796795,340481.15726612497,22359.265786445467,7.028521577828517,pre saint didier,Pré-Saint-Didier,7053,0.129679479311003,0.037037037037037,0.740740740740741,0.0408163265306122,0.408163265306122,7,17,828.120955053535,107.39029425787292,22359.265786445467,828.120955053535
brusson,2025-01-01,Prophet,419219.9999999999,421893.114215788,443214.49903294694,430848.83824265574,458540.1784548227,412995.7261833109,415456.0899177768,2593.9999999999995,3355.38990375151,1.293519623651315,412995.7261833109,415456.0899177768,2460.3637344659073,0.5957358825969594,brusson,Brusson,7012,0.386372855607541,0.333333333333333,6.66666666666667,0.285714285714286,2.85714285714286,16,2,820.1212448219683,316.87258730627514,2460.3637344659073,820.1212448219683
chamois,2025-01-01,Prophet,294426.00000000006,274835.70737087686,272022.9131710941,278452.56059734826,278862.75140285416,236689.73326097737,239895.42834620393,473.00000000000017,594.802474518344,1.257510516952101,236689.73326097737,239895.42834620393,3205.695085226558,1.3543870454625573,chamois,Chamois,7016,0.33573519429832,0.25,5,0.3,3,12,6,801.4237713066395,269.06616557492697,3205.695085226558,801.4237713066395
chamois,2025-08-01,Prophet,98753.99999999993,91637.09608468614,100917.4219200686,94291.49446714322,106209.15873930148,107099.3796648322,110292.8576800415,635.9999999999999,1048.70436513911,1.6489062344954564,107099.3796648322,110292.8576800415,3193.4780152093153,2.981789460595685,chamois,Chamois,7016,0.33573519429832,0.25,5,0.3,3,12,6,798.3695038023288,268.0407404809282,3193.4780152093153,798.3695038023288
bard,2025-08-01,GAMM,156698.99999999994,130402.05827587856,147066.3583069821,132875.07208522657,154702.65061547182,NA,NA,1480.0000000000005,2519.14902400276,1.7021277189207833,147066.3583069821,154702.65061547182,7636.292308489734,5.192412728783258,bard,Bard,7009,0.190864585100967,0.1,2,0.112676056338028,1.12676056338028,10,14,763.6292308489734,145.74977631695984,7636.292308489734,763.6292308489734
pre saint didier,2025-08-01,Prophet,291314.99999999977,255791.399742859,269469.3783594737,264969.14496476593,283464.35193875764,298910.6802777103,318540.842324394,5500.000000000004,8860.65780057421,1.6110286910134917,298910.6802777103,318540.842324394,19630.16204668366,6.567233405124817,pre saint didier,Pré-Saint-Didier,7053,0.129679479311003,0.037037037037037,0.740740740740741,0.0408163265306122,0.408163265306122,7,17,727.0430387660608,94.28256270387213,19630.16204668366,727.0430387660608
chamois,2025-07-01,Prophet,87126.00000000001,81853.67537135906,87959.83951319523,84258.21993097893,92708.583662392,91462.6250204246,94228.44017102844,592.0000000000002,983.025442998628,1.660515951011195,91462.6250204246,94228.44017102844,2765.8151506038557,3.023984004380176,chamois,Chamois,7016,0.33573519429832,0.25,5,0.3,3,12,6,691.4537876509639,232.14537174530568,2765.8151506038557,691.4537876509639
bard,2025-02-01,GAMM,211386.99999999985,133253.81300120085,133746.29994658072,135613.2207216165,140011.3600589507,NA,NA,581.0000000000002,955.33070059101,1.6442869201222197,133746.29994658072,140011.3600589507,6265.060112369974,4.684286679236949,bard,Bard,7009,0.190864585100967,0.1,2,0.112676056338028,1.12676056338028,10,14,626.5060112369974,119.57780989801128,6265.060112369974,626.5060112369974
pre saint didier,2025-03-01,Prophet,315770,281376.95062716224,302217.03728874144,289740.76448544534,315148.19226957066,309082.14327227714,325857.2617555821,6153.000000000003,9144.80549645157,1.486235250520326,309082.14327227714,325857.2617555821,16775.118483304977,5.427398136205941,pre saint didier,Pré-Saint-Didier,7053,0.129679479311003,0.037037037037037,0.740740740740741,0.0408163265306122,0.408163265306122,7,17,621.3006845668504,80.56994927019886,16775.118483304977,621.3006845668504
bard,2025-07-01,GAMM,141651,122453.27605990128,131893.4361080506,124372.65905352045,137740.28199880722,NA,NA,1160.9999999999995,1803.40285239067,1.5533185636439886,131893.4361080506,137740.28199880722,5846.845890756609,4.4330074818633936,bard,Bard,7009,0.190864585100967,0.1,2,0.112676056338028,1.12676056338028,10,14,584.6845890756609,111.5955815088554,5846.845890756609,584.6845890756609
brusson,2025-04-01,Prophet,217505.00000000003,230834.40110675633,227888.01020614305,237867.86672421504,237756.2336081749,205599.34848047135,207351.757427427,846.0000000000003,1222.32765204864,1.4448317400102122,205599.34848047135,207351.757427427,1752.4089469556347,0.8523416829417041,brusson,Brusson,7012,0.386372855607541,0.333333333333333,6.66666666666667,0.285714285714286,2.85714285714286,16,2,584.1363156518777,225.69441634248392,1752.4089469556347,584.1363156518777
pre saint didier,2025-01-01,Prophet,368325.0000000001,343051.59246442164,373123.93618883466,350521.0373649152,384634.52400471206,371791.1120756811,386525.55681505793,7449.999999999995,9970.14330807254,1.338274269539939,371791.1120756811,386525.55681505793,14734.444739376777,3.963097626814016,pre saint didier,Pré-Saint-Didier,7053,0.129679479311003,0.037037037037037,0.740740740740741,0.0408163265306122,0.408163265306122,7,17,545.7201755324727,70.76870821256021,14734.444739376777,545.7201755324727
bard,2025-04-01,GAMM,153942.99999999988,146772.3930797874,151131.8106521682,148785.33770653198,156443.8123521733,NA,NA,565.0000000000001,831.167040590132,1.4710921072391714,151131.8106521682,156443.8123521733,5312.001700005087,3.5148137755265374,bard,Bard,7009,0.190864585100967,0.1,2,0.112676056338028,1.12676056338028,10,14,531.2001700005087,101.38730005271023,5312.001700005087,531.2001700005087
pre saint didier,2025-07-01,Prophet,258040.9999999999,232598.37532006737,241737.22260023243,239568.44152258875,252204.54755576415,261076.72317677745,275362.8886345522,5849.000000000003,8720.63272345418,1.4909613136355233,261076.72317677745,275362.8886345522,14286.165457774769,5.472018065778106,pre saint didier,Pré-Saint-Didier,7053,0.129679479311003,0.037037037037037,0.740740740740741,0.0408163265306122,0.408163265306122,7,17,529.1172391768428,68.6156480709284,14286.165457774769,529.1172391768428
pre saint didier,2025-04-01,Prophet,250602.99999999988,243544.42221765555,257766.18568946753,250923.97555398883,269104.4497738408,256147.45531974809,270322.252670869,4185.999999999999,6268.7848354368,1.4975596835730534,256147.45531974809,270322.252670869,14174.797351120911,5.533842736570049,pre saint didier,Pré-Saint-Didier,7053,0.129679479311003,0.037037037037037,0.740740740740741,0.0408163265306122,0.408163265306122,7,17,524.9924944859591,68.08075332712379,14174.797351120911,524.9924944859591
bard,2025-03-01,GAMM,190056.99999999997,157432.71609781,157793.87021066097,159568.96203262472,162747.42957341595,NA,NA,463.99999999999983,679.900199455263,1.465302153998412,157793.87021066097,162747.42957341595,4953.559362754982,3.1392596912299453,bard,Bard,7009,0.190864585100967,0.1,2,0.112676056338028,1.12676056338028,10,14,495.35593627549827,94.54590525452402,4953.559362754982,495.35593627549827
brusson,2025-05-01,Prophet,204485.9999999999,207847.91450551132,203193.49678468533,213272.1481122004,211328.47343886516,190661.53303419825,192055.5461852323,1073.0000000000005,1471.46096177761,1.3713522476958149,190661.53303419825,192055.5461852323,1394.0131510340434,0.7311454643470272,brusson,Brusson,7012,0.386372855607541,0.333333333333333,6.66666666666667,0.285714285714286,2.85714285714286,16,2,464.6710503446806,179.5362806398297,1394.0131510340434,464.6710503446806
bard,2025-05-01,GAMM,115291.99999999996,128811.9985579661,132864.42895615802,130286.1419499974,137063.7788644216,NA,NA,742.9999999999998,1025.62163621587,1.3803790527804445,132864.42895615802,137063.7788644216,4199.349908263568,3.16062767232399,bard,Bard,7009,0.190864585100967,0.1,2,0.112676056338028,1.12676056338028,10,14,419.93499082635685,80.15071779345098,4199.349908263568,419.93499082635685
bard,2025-01-01,GAMM,242629.00000000003,152231.7869694564,153115.93852035154,153698.11194340658,156789.03790248325,NA,NA,562.0000000000001,737.433164298236,1.3121586553349391,153115.93852035154,156789.03790248325,3673.0993821317097,2.3989007399406015,bard,Bard,7009,0.190864585100967,0.1,2,0.112676056338028,1.12676056338028,10,14,367.309938213171,70.10645896051871,3673.0993821317097,367.309938213171
brusson,2025-06-01,Prophet,231610.0000000001,228452.07118785457,249080.575045777,232576.34592500297,256319.57777423048,213689.88642407168,214773.76078728287,2798.9999999999995,3485.04198084354,1.2451025297761846,213689.88642407168,214773.76078728287,1083.8743632111873,0.5072183720759904,brusson,Brusson,7012,0.386372855607541,0.333333333333333,6.66666666666667,0.285714285714286,2.85714285714286,16,2,361.2914544037287,139.59321094457036,1083.8743632111873,361.2914544037287
pre saint didier,2025-05-01,Prophet,221591.00000000015,210635.32739784836,219724.66816531512,215338.78129361023,226632.14010322103,220409.61143259477,229369.8202543106,3018.000000000001,4068.96496543597,1.3482322615758675,220409.61143259477,229369.8202543106,8960.208821715816,4.065253218077558,pre saint didier,Pré-Saint-Didier,7053,0.129679479311003,0.037037037037037,0.740740740740741,0.0408163265306122,0.408163265306122,7,17,331.85958598947434,43.03537831548005,8960.208821715816,331.85958598947434
chamois,2025-05-01,Prophet,83686.00000000004,71279.78798289048,74012.11045986859,72346.58371056548,74612.6448134505,82147.83194098949,83413.16901548703,6.999999999999998,9.37395882452848,1.3391369749326405,82147.83194098949,83413.16901548703,1265.33707449754,1.540317065709651,chamois,Chamois,7016,0.33573519429832,0.25,5,0.3,3,12,6,316.334268624385,106.20454713982485,1265.33707449754,316.334268624385
gressoney saint jean,2025-09-01,Prophet,166728.9999999999,252996.75099152647,267058.4417418044,272515.21313694323,300720.6022497204,249931.827781312,248992.32916363163,2242.9999999999995,5343.72091330117,2.382398980517687,249931.827781312,248992.32916363163,-939.498617680394,-0.37590195135228655,gressoney saint jean,Gressoney-Saint-Jean,7033,0.387119504173636,0.333333333333333,6.66666666666667,0.285714285714286,2.85714285714286,13,1,-313.16620589346434,-121.23274634941671,939.498617680394,313.16620589346434
gressoney saint jean,2025-02-01,Prophet,409118.0000000003,414217.1014139409,468786.8059248951,432629.6054014505,498013.6796016789,410198.7138649179,409295.64357954136,4257.999999999997,7076.43473599739,1.6619151564108487,410198.7138649179,409295.64357954136,-903.0702853765688,-0.22015434345655785,gressoney saint jean,Gressoney-Saint-Jean,7033,0.387119504173636,0.333333333333333,6.66666666666667,0.285714285714286,2.85714285714286,13,1,-301.02342845885596,-116.53204036964031,903.0702853765688,301.02342845885596
chamois,2025-06-01,Prophet,70105.00000000004,62318.68966651201,66523.64717804805,63399.017369615955,68158.29386518465,67001.11711332509,68196.56202331847,162,219.168116062127,1.3528896053217716,67001.11711332509,68196.56202331847,1195.4449099933845,1.7842163854841608,chamois,Chamois,7016,0.33573519429832,0.25,5,0.3,3,12,6,298.8612274983461,100.33823228239164,1195.4449099933845,298.8612274983461
chamois,2025-04-01,Prophet,97579,93176.25004739276,104326.84587069042,94194.3661010088,104970.34193475486,99865.58380388764,100988.580452921,3.999999999999999,5.04684999953206,1.2617124998830151,99865.58380388764,100988.580452921,1122.9966490333318,1.1245081701406034,chamois,Chamois,7016,0.33573519429832,0.25,5,0.3,3,12,6,280.74916225833294,94.25737453989198,1122.9966490333318,280.74916225833294
gressoney saint jean,2025-08-01,Prophet,355790.99999999994,349503.3117024448,387403.2753249767,364298.3795096081,408685.4636938756,392529.3942351397,391705.5469073434,5074.999999999995,8236.34087658221,1.6229243106565945,392529.3942351397,391705.5469073434,-823.8473277963349,-0.20988169036401105,gressoney saint jean,Gressoney-Saint-Jean,7033,0.387119504173636,0.333333333333333,6.66666666666667,0.285714285714286,2.85714285714286,13,1,-274.6157759321113,-106.30912301709725,823.8473277963349,274.6157759321113
gressoney saint jean,2025-07-01,Prophet,337306.9999999998,311910.0812194355,354947.08403703326,324122.6626180614,373403.43435574026,354803.24667183793,354113.36361448455,4918.000000000001,7701.97044126632,1.5660777635759089,354803.24667183793,354113.36361448455,-689.8830573533778,-0.1944410215590442,gressoney saint jean,Gressoney-Saint-Jean,7033,0.387119504173636,0.333333333333333,6.66666666666667,0.285714285714286,2.85714285714286,13,1,-229.96101911779235,-89.0223957001438,689.8830573533778,229.96101911779235
bard,2025-06-01,GAMM,122603.00000000007,105908.49687680336,114466.01954035363,106640.48992559376,116625.00994384338,NA,NA,757,920.112045441221,1.2154716584428282,114466.01954035363,116625.00994384338,2158.9904034897336,1.8861408933055437,bard,Bard,7009,0.190864585100967,0.1,2,0.112676056338028,1.12676056338028,10,14,215.89904034897336,41.20748075990373,2158.9904034897336,215.89904034897336
gressoney saint jean,2025-03-01,Prophet,350349.99999999977,384485.9597895535,423772.04167814984,397015.3130356035,446529.2666307105,392710.7946335672,392073.1401633591,2781.0000000000005,4044.64559526805,1.45438532731681,392710.7946335672,392073.1401633591,-637.6544702080428,-0.16237253442524802,gressoney saint jean,Gressoney-Saint-Jean,7033,0.387119504173636,0.333333333333333,6.66666666666667,0.285714285714286,2.85714285714286,13,1,-212.55149006934735,-82.28282744701326,637.6544702080428,212.55149006934735
gressoney saint jean,2025-01-01,Prophet,561431.9999999998,498253.3722227504,552004.187428835,509815.25504429307,571641.5763291831,485128.8227467853,484565.19620343886,3834.999999999998,5013.38043148106,1.3072699951710722,485128.8227467853,484565.19620343886,-563.6265433464432,-0.11618079918550572,gressoney saint jean,Gressoney-Saint-Jean,7033,0.387119504173636,0.333333333333333,6.66666666666667,0.285714285714286,2.85714285714286,13,1,-187.87551444881422,-72.73027599979174,563.6265433464432,187.87551444881422
pre saint didier,2025-06-01,Prophet,216715.00000000015,202425.78314760068,219192.8153322955,205020.79033191391,223223.9119066995,214729.82395614943,219722.36072077023,3994.999999999998,4746.35635135832,1.188074180565287,214729.82395614943,219722.36072077023,4992.536764620832,2.325031834255298,pre saint didier,Pré-Saint-Didier,7053,0.129679479311003,0.037037037037037,0.740740740740741,0.0408163265306122,0.408163265306122,7,17,184.90876906003064,23.978872891743272,4992.536764620832,184.90876906003064
gressoney saint jean,2025-04-01,Prophet,230126.00000000015,287297.0233706038,306812.95789618965,295935.3300549588,321343.50845631526,272126.42791512405,271718.2092350262,1432.0000000000002,2024.28391070535,1.4136060828947974,272126.42791512405,271718.2092350262,-408.21868009783793,-0.15001067085816944,gressoney saint jean,Gressoney-Saint-Jean,7033,0.387119504173636,0.333333333333333,6.66666666666667,0.285714285714286,2.85714285714286,13,1,-136.07289336594584,-52.676471011297,408.21868009783793,136.07289336594584
valsavarenche,2025-08-01,Prophet,97905,81750.28982772371,90086.800210216,84270.29708482028,96141.20979935222,91539.36657802192,94530.11827769848,8115.999999999997,16245.1798130367,2.0016239296496683,91539.36657802192,94530.11827769848,2990.751699676548,3.2671754366220496,valsavarenche,Valsavarenche,7070,0.16520575067686,0.0416666666666667,0.833333333333333,0.162162162162162,1.62162162162162,2,16,124.61465415318959,20.587057484714975,2990.751699676548,124.61465415318959
valsavarenche,2025-09-01,Prophet,42267.00000000003,55954.22831049535,56530.34632292713,58417.92736896449,62681.858117784024,54287.82893425405,56822.27434164217,1994.000000000001,5340.23956377911,2.6781542446234243,54287.82893425405,56822.27434164217,2534.4454073881207,4.668533365844296,valsavarenche,Valsavarenche,7070,0.16520575067686,0.0416666666666667,0.833333333333333,0.162162162162162,1.62162162162162,2,16,105.60189197450511,17.446039836544795,2534.4454073881207,105.60189197450511
gressoney saint jean,2025-05-01,Prophet,192295.00000000012,237032.11269042583,246540.29269593855,243252.60057016276,256519.0619831802,230471.8608726824,230169.50935677887,1378.9999999999995,1866.47574737001,1.3534994542204573,230471.8608726824,230169.50935677887,-302.351515903516,-0.1311880395110543,gressoney saint jean,Gressoney-Saint-Jean,7033,0.387119504173636,0.333333333333333,6.66666666666667,0.285714285714286,2.85714285714286,13,1,-100.78383863450522,-39.0153896409054,302.351515903516,100.78383863450522
valsavarenche,2025-07-01,Prophet,79281.99999999996,73151.46835486771,79408.72528910975,75107.40153989138,84112.4978988688,78773.90210578087,81006.04550654328,7656.000000000002,13994.0968696062,1.827860092686285,78773.90210578087,81006.04550654328,2232.143400762405,2.833607757255674,valsavarenche,Valsavarenche,7070,0.16520575067686,0.0416666666666667,0.833333333333333,0.162162162162162,1.62162162162162,2,16,93.00597503176694,15.365121922556355,2232.143400762405,93.00597503176694
gressoney saint jean,2025-06-01,Prophet,279640.0000000002,245785.4379008464,279075.1269272478,250189.9455123594,287182.4269154716,242955.1349321838,242736.5558651046,3235.9999999999977,3982.08706906275,1.2305584267808258,242955.1349321838,242736.5558651046,-218.57906707920483,-0.08996684393610677,gressoney saint jean,Gressoney-Saint-Jean,7033,0.387119504173636,0.333333333333333,6.66666666666667,0.285714285714286,2.85714285714286,13,1,-72.85968902640154,-28.20540669014587,218.57906707920483,72.85968902640154
valsavarenche,2025-04-01,Prophet,37745,59159.404487644446,60887.80713576197,60343.622907076846,63793.93933450764,51608.86334346911,52703.46944111723,1518.0000000000005,2388.39580577692,1.5733832712627926,51608.86334346911,52703.46944111723,1094.606097648124,2.1209653279191,valsavarenche,Valsavarenche,7070,0.16520575067686,0.0416666666666667,0.833333333333333,0.162162162162162,1.62162162162162,2,16,45.6085874020052,7.534800919059449,1094.606097648124,45.6085874020052
valsavarenche,2025-06-01,Prophet,56329.999999999985,59650.00657192099,62048.96151994331,60726.601376533414,64744.753195640216,54929.2453456198,55979.623382498314,4160.000000000004,6261.53102378629,1.505175726871703,54929.2453456198,55979.623382498314,1050.3780368785156,1.9122382444350716,valsavarenche,Valsavarenche,7070,0.16520575067686,0.0416666666666667,0.833333333333333,0.162162162162162,1.62162162162162,2,16,43.765751536604846,7.230353836541743,1050.3780368785156,43.765751536604846
valsavarenche,2025-02-01,Prophet,44418.00000000002,50578.52040681091,52630.33387924062,51290.376233571005,53248.1176743584,55914.5451122796,56748.224682188906,207.99999999999997,286.655782206095,1.3781527990677649,55914.5451122796,56748.224682188906,833.6795699093054,1.4909887368934616,valsavarenche,Valsavarenche,7070,0.16520575067686,0.0416666666666667,0.833333333333333,0.162162162162162,1.62162162162162,2,16,34.736648746221086,5.738694132117862,833.6795699093054,34.736648746221086
valsavarenche,2025-05-01,Prophet,38927,48268.83037281176,46375.93703830955,49042.34991264061,48044.40426103376,42664.364531595114,43388.708684782854,1058,1522.00302252125,1.438566183857514,42664.364531595114,43388.708684782854,724.3441531877397,1.6977732145789348,valsavarenche,Valsavarenche,7070,0.16520575067686,0.0416666666666667,0.833333333333333,0.162162162162162,1.62162162162162,2,16,30.181006382822513,4.986075815657296,724.3441531877397,30.181006382822513
valsavarenche,2025-03-01,Prophet,46607,54486.59150173257,56769.87290203854,55031.20007009606,57665.459654702354,54314.98950661627,54890.047997525355,475.00000000000017,596.485472296819,1.2557588890459344,54314.98950661627,54890.047997525355,575.058490909083,1.0587473110696966,valsavarenche,Valsavarenche,7070,0.16520575067686,0.0416666666666667,0.833333333333333,0.162162162162162,1.62162162162162,2,16,23.960770454545145,3.9584570697390586,575.058490909083,23.960770454545145
valsavarenche,2025-01-01,Prophet,53677.00000000002,58240.63839444668,61666.65410212737,58534.0143636794,61855.17367779499,59581.52851239381,59899.3946101085,148.99999999999997,167.254243508299,1.1225117013979802,59581.52851239381,59899.3946101085,317.86609771469375,0.5334977226181259,valsavarenche,Valsavarenche,7070,0.16520575067686,0.0416666666666667,0.833333333333333,0.162162162162162,1.62162162162162,2,16,13.24442073811225,2.1880544703200067,317.86609771469375,13.24442073811225
antey saint andre,2025-01-01,Prophet,213290.00000000003,195522.69871417855,213906.00533558676,196927.70523414423,218630.34228941955,192816.9520335556,194807.0960292746,1973.000000000001,2530.96448008838,1.282800040592184,192816.9520335556,194807.0960292746,1990.1439957190016,1.0321416113727722,antey saint andre,Antey-Saint-André,7002,0.00490196078431373,0,0,0.0196078431372549,0.196078431372549,14,21,0,0,1990.1439957190016,0
antey saint andre,2025-02-01,Prophet,172499.00000000003,173484.19168795462,185936.45376776223,175867.24150571728,194404.07385681343,167105.7573225857,170407.44884042675,2220,3567.94689613018,1.607183286545126,167105.7573225857,170407.44884042675,3301.691517841042,1.9758095536273943,antey saint andre,Antey-Saint-André,7002,0.00490196078431373,0,0,0.0196078431372549,0.196078431372549,14,21,0,0,3301.691517841042,0
antey saint andre,2025-03-01,Prophet,175482.99999999988,177129.40823866424,183124.2491610121,179099.83683858698,189327.82697433984,178196.45564345847,181046.13775461257,1789.0000000000002,2628.59031486832,1.469307051351772,178196.45564345847,181046.13775461257,2849.6821111540776,1.5991800178426718,antey saint andre,Antey-Saint-André,7002,0.00490196078431373,0,0,0.0196078431372549,0.196078431372549,14,21,0,0,2849.6821111540776,0
antey saint andre,2025-04-01,Prophet,152913.99999999997,165925.50462872468,170198.1297051171,167828.4855286743,175304.25891278114,158472.95586877715,161085.93640255867,1299,1931.52044527166,1.4869287492468517,158472.95586877715,161085.93640255867,2612.9805337815196,1.6488494957746624,antey saint andre,Antey-Saint-André,7002,0.00490196078431373,0,0,0.0196078431372549,0.196078431372549,14,21,0,0,2612.9805337815196,0
antey saint andre,2025-05-01,Prophet,136377.9999999999,150541.8945174754,150986.4563849038,151895.08331364894,152709.45776975647,148781.64778269763,150703.31264635778,558.9999999999999,763.365910067825,1.3655919679209751,148781.64778269763,150703.31264635778,1921.6648636601456,1.291600739942611,antey saint andre,Antey-Saint-André,7002,0.00490196078431373,0,0,0.0196078431372549,0.196078431372549,14,21,0,0,1921.6648636601456,0
antey saint andre,2025-06-01,Prophet,143033,150781.2706100948,162182.1486416945,151512.5166209711,164509.4865539364,146588.31861305647,147608.91545339406,1879.0000000000005,2223.36262014417,1.1832690900181848,146588.31861305647,147608.91545339406,1020.5968403375882,0.6962334038577822,antey saint andre,Antey-Saint-André,7002,0.00490196078431373,0,0,0.0196078431372549,0.196078431372549,14,21,0,0,1020.5968403375882,0
antey saint andre,2025-07-01,Prophet,180262.99999999997,170645.58596494453,179847.25474470208,172891.0365385044,188030.478961282,178139.69593881193,181510.91343508667,2840.000000000001,4474.62537105937,1.5755723137532989,178139.69593881193,181510.91343508667,3371.2174962747376,1.8924571968690795,antey saint andre,Antey-Saint-André,7002,0.00490196078431373,0,0,0.0196078431372549,0.196078431372549,14,21,0,0,3371.2174962747376,0
antey saint andre,2025-08-01,Prophet,201908.0000000001,184612.47391983087,200307.34362842227,187434.7252972617,211035.1717793935,198883.37443214227,203258.08870236232,3166.999999999998,5367.59226285289,1.6948507302977245,198883.37443214227,203258.08870236232,4374.714270220051,2.199637995237591,antey saint andre,Antey-Saint-André,7002,0.00490196078431373,0,0,0.0196078431372549,0.196078431372549,14,21,0,0,4374.714270220051,0
antey saint andre,2025-09-01,Prophet,98545.99999999996,143554.95581792545,145457.46498332944,147046.16896161795,154889.21219506024,143468.8960265641,148498.96796132455,1073.0000000000005,2475.32592211801,2.3069207102684146,143468.8960265641,148498.96796132455,5030.071934760461,3.506036551524816,antey saint andre,Antey-Saint-André,7002,0.00490196078431373,0,0,0.0196078431372549,0.196078431372549,14,21,0,0,5030.071934760461,0
aosta,2025-01-01,Mixed,7532267.999999998,7392196.564491089,8328088.778172056,7344054.172355436,8369266.497540005,NA,NA,11668.99999999999,15575.9911757842,1.334817994325496,7392196.564491089,7344054.172355436,-48142.392135653645,-0.6512596319057429,aosta,Aosta,7003,0,0,NA,NA,NA,47,30,-0,-0,48142.392135653645,0
aosta,2025-02-01,Mixed,6521734,6616963.540379327,7214335.685218471,6543247.827695297,7295354.372367217,NA,NA,11319.999999999993,18573.4433727849,1.6407635488325891,6616963.540379327,6543247.827695297,-73715.71268402971,-1.1140413912542724,aosta,Aosta,7003,0,0,NA,NA,NA,47,30,-0,-0,73715.71268402971,0
aosta,2025-03-01,Mixed,6832553.000000005,6969639.315954223,7420935.008020214,6909427.047091183,7451184.877176926,NA,NA,10126.000000000004,14859.1769845633,1.467428104341625,6969639.315954223,6909427.047091183,-60212.26886304002,-0.8639223083640513,aosta,Aosta,7003,0,0,NA,NA,NA,47,30,-0,-0,60212.26886304002,0
aosta,2025-04-01,Mixed,6384206.999999995,6848069.062798956,7207622.028177615,6780237.951333105,7252764.358090424,NA,NA,10393.999999999996,16138.6228574605,1.5526864400096696,6848069.062798956,6780237.951333105,-67831.11146585178,-0.9905144186458824,aosta,Aosta,7003,0,0,NA,NA,NA,47,30,-0,-0,67831.11146585178,0
aosta,2025-05-01,Mixed,6734999.999999997,6589356.710962714,7039523.2305217,6542242.404615447,7083193.777221641,NA,NA,11917.99999999999,16366.1217925301,1.37322720192399,6589356.710962714,6542242.404615447,-47114.30634726677,-0.7150061593855228,aosta,Aosta,7003,0,0,NA,NA,NA,47,30,-0,-0,47114.30634726677,0
aosta,2025-06-01,Mixed,6925505.000000002,6712365.31091562,7199227.715439747,6684781.515958793,7230400.949300528,NA,NA,13593.99999999999,16307.6591354252,1.199621828411447,6712365.31091562,6684781.515958793,-27583.794956826605,-0.41094001412542713,aosta,Aosta,7003,0,0,NA,NA,NA,47,30,-0,-0,27583.794956826605,0
aosta,2025-07-01,Mixed,7261646.999999994,7125863.032065279,7244919.536674431,7059419.625667489,7422910.180961556,NA,NA,19234.00000000001,29099.6886771611,1.5129296390330187,7125863.032065279,7059419.625667489,-66443.40639778972,-0.9324260948997298,aosta,Aosta,7003,0,0,NA,NA,NA,47,30,-0,-0,66443.40639778972,0
aosta,2025-08-01,Mixed,6916281.000000003,7241788.637977958,7508918.774738396,7156541.872416871,7755116.130626809,NA,NA,20106.00000000002,33932.760106266804,1.687693231188042,7241788.637977958,7156541.872416871,-85246.76556108706,-1.1771506988484726,aosta,Aosta,7003,0,0,NA,NA,NA,47,30,-0,-0,85246.76556108706,0
aosta,2025-09-01,Mixed,5314565.999999999,6347999.911555154,6705145.2864892855,6226006.021467576,6975311.067037185,NA,NA,13117.000000000002,30925.1396496147,2.357638152749462,6347999.911555154,6226006.021467576,-121993.89008757845,-1.921768931746759,aosta,Aosta,7003,0,0,NA,NA,NA,47,30,-0,-0,121993.89008757845,0
arnad,2025-01-01,Mixed,365937.0000000001,346678.66786319826,466636.0253648759,354793.73214054015,479584.5973958819,NA,NA,213.99999999999991,276.512834989285,1.2921160513517995,346678.66786319826,354793.73214054015,8115.06427734188,2.340802890284599,arnad,Arnad,7004,0,0,NA,NA,NA,52,54,0,0,8115.06427734188,0
arnad,2025-02-01,Mixed,340555.9999999999,325816.2689651044,430534.7071687156,340180.26241893385,445402.6263793469,NA,NA,249.9999999999999,402.968048197828,1.6118721927913129,325816.2689651044,340180.26241893385,14363.993453829433,4.408617623501132,arnad,Arnad,7004,0,0,NA,NA,NA,52,54,0,0,14363.993453829433,0
arnad,2025-03-01,Mixed,348882.99999999994,322136.3533149467,418781.3188969923,333392.4084568937,438723.6814684966,NA,NA,179,261.90854741128,1.4631762425211172,322136.3533149467,333392.4084568937,11256.055141947,3.494189657924806,arnad,Arnad,7004,0,0,NA,NA,NA,52,54,0,0,11256.055141947,0
arnad,2025-04-01,Mixed,310877.0000000002,300972.851182886,406392.2234108272,312190.89759536955,419577.9367044862,NA,NA,244.0000000000001,365.83819739202397,1.4993368745574749,300972.851182886,312190.89759536955,11218.046412483556,3.7272619003323015,arnad,Arnad,7004,0,0,NA,NA,NA,52,54,0,0,11218.046412483556,0
arnad,2025-05-01,Mixed,308228.00000000023,301947.6997329626,409106.1027927351,311078.9647549625,411572.2222397725,NA,NA,477.99999999999983,664.364510166985,1.3898839124832327,301947.6997329626,311078.9647549625,9131.26502199989,3.024121405818092,arnad,Arnad,7004,0,0,NA,NA,NA,52,54,0,0,9131.26502199989,0
arnad,2025-06-01,Mixed,317989.00000000006,284957.57527996413,393140.8911905852,290652.23887173436,395167.7004949008,NA,NA,452.0000000000001,562.494025763777,1.2444558092118958,284957.57527996413,290652.23887173436,5694.663591770222,1.9984250589496932,arnad,Arnad,7004,0,0,NA,NA,NA,52,54,0,0,5694.663591770222,0
arnad,2025-07-01,Mixed,353837.00000000006,315881.9915653445,396217.0547037799,329419.4599265832,399000.1288352321,NA,NA,550.0000000000002,874.341699236222,1.5897121804294938,315881.9915653445,329419.4599265832,13537.468361238716,4.285609411968738,arnad,Arnad,7004,0,0,NA,NA,NA,52,54,0,0,13537.468361238716,0
arnad,2025-08-01,Mixed,298876.0000000001,301143.9881594122,377818.6821984335,316749.27909890184,383401.14410549897,NA,NA,742,1296.2275527378,1.7469374026115905,301143.9881594122,316749.27909890184,15605.290939489612,5.1820031456941695,arnad,Arnad,7004,0,0,NA,NA,NA,52,54,0,0,15605.290939489612,0
arnad,2025-09-01,Mixed,282415.0000000002,281901.2577257148,376914.2357983313,305617.6011778265,384902.0946291335,NA,NA,364.9999999999999,891.173987554671,2.4415725686429353,281901.2577257148,305617.6011778265,23716.3434521117,8.412996679563346,arnad,Arnad,7004,0,0,NA,NA,NA,52,54,0,0,23716.3434521117,0
arvier,2025-01-01,Mixed,170063.99999999985,154350.3628111682,169247.57755003407,154778.50026244303,171226.50347515367,NA,NA,719.0000000000001,871.249441578067,1.211751657271303,154350.3628111682,154778.50026244303,428.1374512748443,0.27738026881001243,arvier,Arvier,7005,0,0,NA,0,0,26,68,0,0,428.1374512748443,0
arvier,2025-02-01,Mixed,142596.0000000001,133254.5398028755,145668.54709469766,134093.8664899481,150435.42855634916,NA,NA,880.0000000000003,1359.87350840812,1.5453108050092266,133254.5398028755,134093.8664899481,839.3266870726075,0.6298672362789581,arvier,Arvier,7005,0,0,NA,0,0,26,68,0,0,839.3266870726075,0
arvier,2025-03-01,Mixed,140435.99999999997,134759.81392694564,142821.22814711442,135338.46343068194,144934.16470365418,NA,NA,479.99999999999994,646.158904403223,1.3461643841733817,134759.81392694564,135338.46343068194,578.6495037362911,0.4293932195913897,arvier,Arvier,7005,0,0,NA,0,0,26,68,0,0,578.6495037362911,0
arvier,2025-04-01,Mixed,124588.99999999996,123976.03990703396,129879.16634598772,124667.44617409236,131983.81352826662,NA,NA,298.0000000000001,438.47525106666,1.4713934599552343,123976.03990703396,124667.44617409236,691.4062670584099,0.557693460427422,arvier,Arvier,7005,0,0,NA,0,0,26,68,0,0,691.4062670584099,0
arvier,2025-05-01,Mixed,114012.00000000004,113333.50857346956,119277.93152734917,113849.0631047442,120971.10058384754,NA,NA,381.00000000000006,522.078253934619,1.370284131061992,113333.50857346956,113849.0631047442,515.5545312746544,0.4549003536235219,arvier,Arvier,7005,0,0,NA,0,0,26,68,0,0,515.5545312746544,0
arvier,2025-06-01,Mixed,112558,111680.76458871088,117428.52286385148,112169.23963094116,119825.18345813022,NA,NA,794.0000000000001,1074.53863781682,1.353323221431763,111680.76458871088,112169.23963094116,488.47504223028955,0.4373851164336085,arvier,Arvier,7005,0,0,NA,0,0,26,68,0,0,488.47504223028955,0
arvier,2025-07-01,Mixed,130991,124542.3350703634,136745.0670162889,125458.27371046352,143747.886472226,NA,NA,2537.9999999999995,4216.37102348918,1.6612966995623248,124542.3350703634,125458.27371046352,915.9386401001392,0.7354436060498237,arvier,Arvier,7005,0,0,NA,0,0,26,68,0,0,915.9386401001392,0
arvier,2025-08-01,Mixed,139053.0000000001,133461.79876027847,145426.59831633183,134572.72195945212,153908.27092757015,NA,NA,2187.0000000000005,3883.69588817511,1.7758097339620984,133461.79876027847,134572.72195945212,1110.9231991736451,0.8323903989703174,arvier,Arvier,7005,0,0,NA,0,0,26,68,0,0,1110.9231991736451,0
arvier,2025-09-01,Mixed,80184.00000000007,113354.64802387085,118502.5555765188,114784.52144779629,124667.66712327322,NA,NA,470,1121.08347502036,2.3852839894050213,113354.64802387085,114784.52144779629,1429.8734239254409,1.2614157856361885,arvier,Arvier,7005,0,0,NA,0,0,26,68,0,0,1429.8734239254409,0
aymavilles,2025-01-01,Mixed,356463.00000000006,332310.6052334255,363293.08524659835,334324.4865876668,369038.8194196568,NA,NA,578.0000000000002,728.560212671004,1.260484797008657,332310.6052334255,334324.4865876668,2013.881354241283,0.6060237989776729,aymavilles,Aymavilles,7008,0,0,NA,NA,NA,54,52,0,0,2013.881354241283,0
aymavilles,2025-02-01,Mixed,298317.9999999999,290608.07418698224,313185.79947225325,294180.4238970258,323439.61906561657,NA,NA,543.9999999999999,868.731331694517,1.5969325950266862,290608.07418698224,294180.4238970258,3572.349710043578,1.2292671908850972,aymavilles,Aymavilles,7008,0,0,NA,NA,NA,54,52,0,0,3572.349710043578,0
aymavilles,2025-03-01,Mixed,296562.0000000002,290307.4540887388,313145.72685870324,292922.46338672907,320130.38941763825,NA,NA,458.00000000000006,645.843738292437,1.4101391665773733,290307.4540887388,292922.46338672907,2615.00929799024,0.9007723574300242,aymavilles,Aymavilles,7008,0,0,NA,NA,NA,54,52,0,0,2615.00929799024,0
aymavilles,2025-04-01,Mixed,260953.0000000001,266546.8166331516,287298.2265459779,269245.9323941097,293463.14737361786,NA,NA,292.99999999999994,431.256091438124,1.4718637933041776,266546.8166331516,269245.9323941097,2699.1157609581132,1.0126235214704904,aymavilles,Aymavilles,7008,0,0,NA,NA,NA,54,52,0,0,2699.1157609581132,0
aymavilles,2025-05-01,Mixed,244220.99999999985,245878.47303677956,268579.44142013916,247875.13260073448,273665.6588976693,NA,NA,392,534.505565340093,1.3635346054594208,245878.47303677956,247875.13260073448,1996.6595639549196,0.8120513924194883,aymavilles,Aymavilles,7008,0,0,NA,NA,NA,54,52,0,0,1996.6595639549196,0
aymavilles,2025-06-01,Mixed,235351.00000000015,243821.40385605895,259640.68218891128,245407.05552578057,263839.5064352071,NA,NA,488.99999999999983,626.905486737512,1.282015310301661,243821.40385605895,245407.05552578057,1585.6516697215848,0.6503332540311657,aymavilles,Aymavilles,7008,0,0,NA,NA,NA,54,52,0,0,1585.6516697215848,0
aymavilles,2025-07-01,Mixed,262995.00000000006,271756.1278808896,284069.51711987675,275053.76236410014,294605.2957200974,NA,NA,1083.0000000000002,1718.57940787708,1.5868692593509508,271756.1278808896,275053.76236410014,3297.634483210568,1.2134535875694796,aymavilles,Aymavilles,7008,0,0,NA,NA,NA,54,52,0,0,3297.634483210568,0
aymavilles,2025-08-01,Mixed,273813.00000000023,270222.59883290675,294899.5478370411,273993.6505793172,307942.6838532512,NA,NA,1512.9999999999998,2571.65064799369,1.6997030059442766,270222.59883290675,273993.6505793172,3771.051746410434,1.395535296713768,aymavilles,Aymavilles,7008,0,0,NA,NA,NA,54,52,0,0,3771.051746410434,0
aymavilles,2025-09-01,Mixed,165721.99999999994,239253.25185979088,255108.17942319924,244712.57549520087,269747.84030541184,NA,NA,361.9999999999999,859.504330903929,2.3743213560882026,239253.25185979088,244712.57549520087,5459.323635409994,2.28181794519946,aymavilles,Aymavilles,7008,0,0,NA,NA,NA,54,52,0,0,5459.323635409994,0
brissogne,2025-01-01,Mixed,564940.0000000005,546994.950594989,545730.4310493353,546894.4421933924,548209.084865326,NA,NA,42,55.4803182508722,1.3209599583541,546994.950594989,546894.4421933924,-100.50840159656946,-0.01837464888611029,brissogne,Brissogne,7011,0,0,NA,NA,NA,70,43,-0,-0,100.50840159656946,0
brissogne,2025-02-01,Mixed,501554.99999999977,482116.90156987583,472634.4489814183,481958.8783184531,476374.5935905882,NA,NA,39,64.0623734332939,1.642624959828049,482116.90156987583,481958.8783184531,-158.02325142273912,-0.03277695739523079,brissogne,Brissogne,7011,0,0,NA,NA,NA,70,43,-0,-0,158.02325142273912,0
brissogne,2025-03-01,Mixed,517883.0000000001,496870.4696300873,481546.2695248936,496745.6308280077,485038.8745855084,NA,NA,30,44.0094227185471,1.4669807572849034,496870.4696300873,496745.6308280077,-124.83880207967012,-0.02512501943868761,brissogne,Brissogne,7011,0,0,NA,NA,NA,70,43,-0,-0,124.83880207967012,0
brissogne,2025-04-01,Mixed,472961.0000000004,484820.5420099847,466049.8468271745,484693.4625051435,469897.9435766069,NA,NA,23.999999999999996,35.8881208299763,1.4953383679156795,484820.5420099847,484693.4625051435,-127.07950484124012,-0.02621165850654749,brissogne,Brissogne,7011,0,0,NA,NA,NA,70,43,-0,-0,127.07950484124012,0
brissogne,2025-05-01,Mixed,486113.00000000006,478078.45948904625,458863.1366925156,477984.16976975056,461849.063183566,NA,NA,22,29.8209112527651,1.3554959660347772,478078.45948904625,477984.16976975056,-94.28971929568796,-0.01972264539934487,brissogne,Brissogne,7011,0,0,NA,NA,NA,70,43,-0,-0,94.28971929568796,0
brissogne,2025-06-01,Mixed,526662.9999999995,500830.5454043968,475999.2848731209,500771.3342723491,477475.6521755805,NA,NA,40.00000000000001,47.8630468869921,1.1965761721748025,500830.5454043968,500771.3342723491,-59.21113204775611,-0.01182258801726288,brissogne,Brissogne,7011,0,0,NA,NA,NA,70,43,-0,-0,59.21113204775611,0
brissogne,2025-07-01,Mixed,546635.9999999998,512123.9760297759,468906.1061790867,511981.8067374277,470770.366801796,NA,NA,70,106.198990954603,1.5171284422086144,512123.9760297759,511981.8067374277,-142.16929234820418,-0.02776071791256162,brissogne,Brissogne,7011,0,0,NA,NA,NA,70,43,-0,-0,142.16929234820418,0
brissogne,2025-08-01,Mixed,538956.0000000002,536357.9181821579,494178.9236518174,536182.5690607647,496789.9363555769,NA,NA,61.00000000000001,99.7204230145927,1.6347610330261095,536357.9181821579,536182.5690607647,-175.3491213931702,-0.03269255760919298,brissogne,Brissogne,7011,0,0,NA,NA,NA,70,43,-0,-0,175.3491213931702,0
brissogne,2025-09-01,Mixed,437901.9999999996,467165.0626187447,449912.8585636883,466903.4883666734,455447.6056462577,NA,NA,36.99999999999999,86.2431032365592,2.3308946820691676,467165.0626187447,466903.4883666734,-261.5742520712665,-0.05599182665865232,brissogne,Brissogne,7011,0,0,NA,NA,NA,70,43,-0,-0,261.5742520712665,0
challand saint anselme,2025-01-01,Prophet,137037.00000000003,126728.7558380055,144403.5259052833,127457.62613302442,147713.63200891193,128453.58180322371,128801.03749781946,554,703.005138430393,1.2689623437371715,128453.58180322371,128801.03749781946,347.4556945957447,0.2704912465018028,challand saint anselme,Challand-Saint-Anselme,7013,0,0,NA,0,0,35,36,0,0,347.4556945957447,0
challand saint anselme,2025-02-01,Prophet,115787,108317.44325436412,118623.95304193944,109490.7746037934,123664.5167529317,108312.59831681992,108863.65900873826,463.99999999999983,725.921488542591,1.564485966686619,108312.59831681992,108863.65900873826,551.0606919183483,0.5087687863478907,challand saint anselme,Challand-Saint-Anselme,7013,0,0,NA,0,0,35,36,0,0,551.0606919183483,0
challand saint anselme,2025-03-01,Prophet,113222,107524.725175517,113979.80194178112,108466.41609526516,117197.01345986652,110789.82776041453,111245.7959331673,315.00000000000006,452.653926249705,1.4369965912689049,110789.82776041453,111245.7959331673,455.9681727527932,0.4115614059251316,challand saint anselme,Challand-Saint-Anselme,7013,0,0,NA,0,0,35,36,0,0,455.9681727527932,0
challand saint anselme,2025-04-01,Prophet,99531.00000000006,101591.24211731556,107518.53366826566,102623.19118999256,110695.92517766304,99996.09147979136,100473.2472064336,262.99999999999994,400.43707485362,1.522574429101217,99996.09147979136,100473.2472064336,477.155726642246,0.47717437709919874,challand saint anselme,Challand-Saint-Anselme,7013,0,0,NA,0,0,35,36,0,0,477.155726642246,0
challand saint anselme,2025-05-01,Prophet,95939.00000000006,96038.0418112766,101871.7337253962,96815.42337183264,104814.36535142208,96727.33854505367,97095.34088858136,385.00000000000006,538.234204820176,1.3980109216108467,96727.33854505367,97095.34088858136,368.0023435276962,0.3804532917612402,challand saint anselme,Challand-Saint-Anselme,7013,0,0,NA,0,0,35,36,0,0,368.0023435276962,0
challand saint anselme,2025-06-01,Prophet,89798.99999999999,95192.3030676744,105718.43330540482,95732.34587695324,108203.07774749443,93442.29310243484,93691.613068252,697.9999999999999,882.809481280752,1.2647700304881837,93442.29310243484,93691.613068252,249.3199658171652,0.2668170456217922,challand saint anselme,Challand-Saint-Anselme,7013,0,0,NA,0,0,35,36,0,0,249.3199658171652,0
challand saint anselme,2025-07-01,Prophet,113025.9999999999,105195.5911631542,114131.30740114245,106454.12188442591,119846.91913327316,110752.08974541338,111374.22862172782,862.9999999999997,1413.79684419198,1.6382350454136507,110752.08974541338,111374.22862172782,622.138876314435,0.5617400788956228,challand saint anselme,Challand-Saint-Anselme,7013,0,0,NA,0,0,35,36,0,0,622.138876314435,0
challand saint anselme,2025-08-01,Prophet,136384.00000000003,116706.84833200436,129110.50056328689,118337.07999170432,136657.92453292065,130776.80794255828,131634.09167964815,853.9999999999998,1518.81658030554,1.7784737474303751,130776.80794255828,131634.09167964815,857.2837370898778,0.6555319330522558,challand saint anselme,Challand-Saint-Anselme,7013,0,0,NA,0,0,35,36,0,0,857.2837370898778,0
challand saint anselme,2025-09-01,Prophet,68941.00000000006,93987.88804787262,100829.80031311153,96048.36941818836,109972.95385593233,96385.29602839577,97374.8677286298,469.00000000000006,1154.17635460053,2.4609303936045412,96385.29602839577,97374.8677286298,989.5717002340388,1.0266832608393894,challand saint anselme,Challand-Saint-Anselme,7013,0,0,NA,0,0,35,36,0,0,989.5717002340388,0
challand saint victor,2025-01-01,Mixed,96062.99999999994,92811.1450220472,101767.58429981572,93760.77197280388,102952.4814379208,NA,NA,33.99999999999999,44.0494019054719,1.2955706442785857,92811.1450220472,93760.77197280388,949.6269507566758,1.0231820225158117,challand saint victor,Challand-Saint-Victor,7014,0,0,NA,NA,NA,60,60,0,0,949.6269507566758,0
challand saint victor,2025-02-01,Mixed,77183.99999999996,79200.08342492713,84643.92109893818,80453.08725179815,85992.53172162802,NA,NA,61.99999999999999,91.9761324423676,1.4834860071349614,79200.08342492713,80453.08725179815,1253.0038268710196,1.5820738725089043,challand saint victor,Challand-Saint-Victor,7014,0,0,NA,NA,NA,60,60,0,0,1253.0038268710196,0
challand saint victor,2025-03-01,Mixed,76962.99999999996,78817.6834910319,83902.52148237568,80041.12245673157,85348.35939468813,NA,NA,45,66.3946763852313,1.47543725300514,78817.6834910319,80041.12245673157,1223.4389656996643,1.5522391822627934,challand saint victor,Challand-Saint-Victor,7014,0,0,NA,NA,NA,60,60,0,0,1223.4389656996643,0
challand saint victor,2025-04-01,Mixed,69552.99999999994,69676.37481490232,75424.0412901422,71126.24428565332,77097.77324391252,NA,NA,14.999999999999998,25.6622205825851,1.7108147055056735,69676.37481490232,71126.24428565332,1449.8694707510003,2.0808623792535563,challand saint victor,Challand-Saint-Victor,7014,0,0,NA,NA,NA,60,60,0,0,1449.8694707510003,0
challand saint victor,2025-05-01,Mixed,66013.00000000003,63046.88572550127,67554.00111333949,63831.68518209335,68497.84240067384,NA,NA,26,35.6927226397291,1.3727970246049652,63046.88572550127,63831.68518209335,784.7994565920817,1.2447870304157505,challand saint victor,Challand-Saint-Victor,7014,0,0,NA,NA,NA,60,60,0,0,784.7994565920817,0
challand saint victor,2025-06-01,Mixed,60723.99999999998,57279.07572991816,63253.12734312174,57621.69586343976,63676.12713552554,NA,NA,26.999999999999996,31.4622195143693,1.1652673894210852,57279.07572991816,57621.69586343976,342.62013352160284,0.5981593263430396,challand saint victor,Challand-Saint-Victor,7014,0,0,NA,NA,NA,60,60,0,0,342.62013352160284,0
challand saint victor,2025-07-01,Mixed,68847.99999999996,63994.18100288882,66979.68553750622,65111.1561373535,68144.76677240671,NA,NA,61.99999999999999,95.7551717768604,1.5444382544654904,63994.18100288882,65111.1561373535,1116.9751344646793,1.7454323455038168,challand saint victor,Challand-Saint-Victor,7014,0,0,NA,NA,NA,60,60,0,0,1116.9751344646793,0
challand saint victor,2025-08-01,Mixed,76571.99999999996,68408.94579133448,73431.65175926578,70035.56793775437,75058.66485823442,NA,NA,64.99999999999997,117.194568041862,1.8029933544901853,68408.94579133448,70035.56793775437,1626.6221464198898,2.3777915703912855,challand saint victor,Challand-Saint-Victor,7014,0,0,NA,NA,NA,60,60,0,0,1626.6221464198898,0
challand saint victor,2025-09-01,Mixed,35197.00000000002,55188.825095241446,59212.286667381566,56827.539643469536,60901.47150207022,NA,NA,5,11.3948139253169,2.27896278506338,55188.825095241446,56827.539643469536,1638.7145482280905,2.969286889873257,challand saint victor,Challand-Saint-Victor,7014,0,0,NA,NA,NA,60,60,0,0,1638.7145482280905,0
chambave,2025-01-01,Mixed,166619.9999999999,154399.51985904586,167853.4985804285,154851.32388337373,169394.69493878985,NA,NA,128.99999999999997,172.014410292326,1.3334450410257832,154399.51985904586,154851.32388337373,451.8040243278665,0.292620096707763,chambave,Chambave,7015,0,0,NA,NA,NA,63,51,0,0,451.8040243278665,0
chambave,2025-02-01,Mixed,137492.99999999994,136196.52726026156,144186.22371386705,136897.950239866,146734.02299036906,NA,NA,132.99999999999997,220.485697998753,1.6577872029981433,136196.52726026156,136897.950239866,701.4229796044528,0.5150079768657223,chambave,Chambave,7015,0,0,NA,NA,NA,63,51,0,0,701.4229796044528,0
chambave,2025-03-01,Mixed,136586.0000000001,141049.88976638293,146409.89571781366,141618.3344058248,148495.1991901038,NA,NA,148,219.83191445577,1.4853507733497973,141049.88976638293,141618.3344058248,568.4446394418774,0.4030096304104669,chambave,Chambave,7015,0,0,NA,NA,NA,63,51,0,0,568.4446394418774,0
chambave,2025-04-01,Mixed,122899.99999999996,132789.36955763662,137822.25785557475,133353.13554279122,139563.2252443169,NA,NA,112.00000000000004,170.029285009398,1.5181186161553388,132789.36955763662,133353.13554279122,563.765985154605,0.4245565643038241,chambave,Chambave,7015,0,0,NA,NA,NA,63,51,0,0,563.765985154605,0
chambave,2025-05-01,Mixed,119395,127015.1451622126,134978.92051592958,127433.29649046136,136419.09307390428,NA,NA,132.99999999999997,183.817145349805,1.3820837996225943,127015.1451622126,127433.29649046136,418.1513282487576,0.3292137545603202,chambave,Chambave,7015,0,0,NA,NA,NA,63,51,0,0,418.1513282487576,0
chambave,2025-06-01,Mixed,115241,126952.59086458142,134270.71337811547,127185.83307099856,134990.3683977076,NA,NA,123.00000000000004,147.390314824336,1.198295242474276,126952.59086458142,127185.83307099856,233.2422064171551,0.18372386481340097,chambave,Chambave,7015,0,0,NA,NA,NA,63,51,0,0,233.2422064171551,0
chambave,2025-07-01,Mixed,126029.99999999996,133243.78078379366,135408.4075060808,133833.79579523203,138003.61546126465,NA,NA,224,345.65344813321,1.5430957505946876,133243.78078379366,133833.79579523203,590.0150114383723,0.44280866841788225,chambave,Chambave,7015,0,0,NA,NA,NA,63,51,0,0,590.0150114383723,0
chambave,2025-08-01,Mixed,129418.99999999993,136017.24556340862,140297.5099069231,136749.78026107323,143685.29700957288,NA,NA,233.00000000000009,394.740513347932,1.6941652933387634,136017.24556340862,136749.78026107323,732.5346976646106,0.5385601617135416,chambave,Chambave,7015,0,0,NA,NA,NA,63,51,0,0,732.5346976646106,0
chambave,2025-09-01,Mixed,105413.00000000004,127333.65856856565,134479.89523985883,128462.85774301944,138292.3440738,NA,NA,99.00000000000004,236.191774181962,2.385775496787494,127333.65856856565,128462.85774301944,1129.1991744537954,0.8868033693116173,chambave,Chambave,7015,0,0,NA,NA,NA,63,51,0,0,1129.1991744537954,0
champdepraz,2025-01-01,Mixed,122468.00000000006,108643.28790106208,116618.6032513704,108798.71478663637,117764.64132443607,NA,NA,244.0000000000001,308.077235543694,1.2626116210807123,108643.28790106208,108798.71478663637,155.42688557428482,0.14306165486801525,champdepraz,Champdepraz,7017,0,0,NA,NA,NA,43,66,0,0,155.42688557428482,0
champdepraz,2025-02-01,Mixed,103457.99999999996,94926.92703254455,100867.57923136292,95196.3343377676,103110.8295066129,NA,NA,292.0000000000001,463.401403118413,1.586991106569907,94926.92703254455,95196.3343377676,269.4073052230233,0.2838049367495765,champdepraz,Champdepraz,7017,0,0,NA,NA,NA,43,66,0,0,269.4073052230233,0
champdepraz,2025-03-01,Mixed,101189.00000000004,94231.7793228242,100678.29395439924,94430.50256939788,102322.03994010044,NA,NA,303.00000000000006,427.115998791713,1.4096237583884916,94231.7793228242,94430.50256939788,198.7232465736888,0.21088771537773887,champdepraz,Champdepraz,7017,0,0,NA,NA,NA,43,66,0,0,198.7232465736888,0
champdepraz,2025-04-01,Mixed,86737.99999999999,86029.66921622942,92448.93789038132,86235.28101592549,94156.2860536984,NA,NA,294.0000000000001,433.818059899536,1.4755716323113464,86029.66921622942,86235.28101592549,205.61179969606744,0.2390010348398253,champdepraz,Champdepraz,7017,0,0,NA,NA,NA,43,66,0,0,205.61179969606744,0
champdepraz,2025-05-01,Mixed,80192.99999999999,79030.48506976082,82419.18394021316,79183.30142285555,82750.64312151374,NA,NA,89,122.193182451469,1.3729571061962809,79030.48506976082,79183.30142285555,152.81635309473495,0.1933638050681807,champdepraz,Champdepraz,7017,0,0,NA,NA,NA,43,66,0,0,152.81635309473495,0
champdepraz,2025-06-01,Mixed,77926.00000000003,75812.4315117662,80403.13726014727,75932.92081887374,81459.16082958225,NA,NA,373.0000000000001,483.122947944194,1.2952357853731735,75812.4315117662,75932.92081887374,120.48930710753484,0.15893080422941797,champdepraz,Champdepraz,7017,0,0,NA,NA,NA,43,66,0,0,120.48930710753484,0
champdepraz,2025-07-01,Mixed,80908.99999999997,77768.06185775789,79317.84300299118,77996.47251228784,81452.68953394478,NA,NA,417,672.241431420297,1.6120897635978344,77768.06185775789,77996.47251228784,228.41065452995824,0.29370753118129755,champdepraz,Champdepraz,7017,0,0,NA,NA,NA,43,66,0,0,228.41065452995824,0
champdepraz,2025-08-01,Mixed,80944.00000000004,81217.09775119908,84401.99434575906,81480.58957797861,87131.46310721253,NA,NA,484.00000000000006,820.01820420875,1.6942524880346073,81217.09775119908,81480.58957797861,263.4918267795292,0.32442901073208574,champdepraz,Champdepraz,7017,0,0,NA,NA,NA,43,66,0,0,263.4918267795292,0
champdepraz,2025-09-01,Mixed,48180.00000000004,77707.22482954958,82565.60260392856,78129.18217251354,87216.74561288074,NA,NA,425.00000000000017,1026.13595745187,2.414437546945575,77707.22482954958,78129.18217251354,421.9573429639568,0.543009152481666,champdepraz,Champdepraz,7017,0,0,NA,NA,NA,43,66,0,0,421.9573429639568,0
champorcher,2025-01-01,Prophet,260388.9999999999,233707.40084768043,250590.8031344387,237609.06766881183,254155.2877641937,284936.92781424767,286608.6433816544,352.99999999999994,444.296011588577,1.2586289280129663,284936.92781424767,286608.6433816544,1671.7155674067326,0.5866967052078786,champorcher,Champorcher,7018,0.166666666666667,0,0,0.666666666666667,6.66666666666667,24,15,0,0,1671.7155674067326,0
champorcher,2025-02-01,Prophet,212799.00000000015,186433.23934901255,198662.29073170957,192762.5316129103,204714.7693843978,193491.24895570995,195787.1481085599,381.9999999999999,607.31350890151,1.5898259395327492,193491.24895570995,195787.1481085599,2295.8991528499464,1.1865648525404282,champorcher,Champorcher,7018,0.166666666666667,0,0,0.666666666666667,6.66666666666667,24,15,0,0,2295.8991528499464,0
champorcher,2025-03-01,Prophet,233256.9999999999,183001.82650451967,192405.04483090673,187436.3187862005,196361.92188435615,190119.65045202617,191734.7888072613,323.99999999999994,451.878449598629,1.3946865728352749,190119.65045202617,191734.7888072613,1615.1383552351615,0.8495378312525892,champorcher,Champorcher,7018,0.166666666666667,0,0,0.666666666666667,6.66666666666667,24,15,0,0,1615.1383552351615,0
champorcher,2025-04-01,Prophet,112181.99999999996,113865.5755486618,115134.60306099596,116849.2016861951,118606.15031121529,110802.45637799129,111819.69841147248,82.00000000000003,117.780986227484,1.4363534905790727,110802.45637799129,111819.69841147248,1017.2420334812196,0.918068124781457,champorcher,Champorcher,7018,0.166666666666667,0,0,0.666666666666667,6.66666666666667,24,15,0,0,1017.2420334812196,0
champorcher,2025-05-01,Prophet,101577.99999999993,102850.4060764795,103824.50658495248,105122.3781553724,106249.16837315766,102106.34952390847,102897.64665236331,114,154.667033621661,1.3567283651022894,102106.34952390847,102897.64665236331,791.2971284548548,0.7749734782845907,champorcher,Champorcher,7018,0.166666666666667,0,0,0.666666666666667,6.66666666666667,24,15,0,0,791.2971284548548,0
champorcher,2025-06-01,Prophet,109689.00000000004,108845.55082151832,116693.7551029698,110928.10552895207,118956.70635600496,111206.62186913897,111953.78398352722,586.0000000000002,762.309005777555,1.300868610541902,111206.62186913897,111953.78398352722,747.1621143882512,0.6718683670361436,champorcher,Champorcher,7018,0.166666666666667,0,0,0.666666666666667,6.66666666666667,24,15,0,0,747.1621143882512,0
champorcher,2025-07-01,Prophet,143675,138079.0620794917,147346.32350435853,142930.65057469474,154606.49218220607,143952.4535580826,145719.5998282374,1601.999999999999,2585.8230591076,1.6141217597425723,143952.4535580826,145719.5998282374,1767.1462701548007,1.2275902400244787,champorcher,Champorcher,7018,0.166666666666667,0,0,0.666666666666667,6.66666666666667,24,15,0,0,1767.1462701548007,0
champorcher,2025-08-01,Prophet,188851.0000000001,158794.00435470467,173908.85842072536,164873.1438480182,182988.1720229864,186601.78820409003,189095.1833366361,1223.9999999999995,2060.75918645729,1.683626786321316,186601.78820409003,189095.1833366361,2493.3951325460803,1.3362118104779386,champorcher,Champorcher,7018,0.166666666666667,0,0,0.666666666666667,6.66666666666667,24,15,0,0,2493.3951325460803,0
champorcher,2025-09-01,Prophet,100787,120899.822554099,125050.84313447162,128774.67487356997,132636.48125045904,122023.49179353035,124774.56208198456,335,804.581778226914,2.401736651423624,122023.49179353035,124774.56208198456,2751.070288454197,2.2545415214876297,champorcher,Champorcher,7018,0.166666666666667,0,0,0.666666666666667,6.66666666666667,24,15,0,0,2751.070288454197,0
charvensod,2025-01-01,Mixed,379669.0000000002,358739.5198875952,385349.5849121569,360521.70996514056,395052.3909478705,NA,NA,1901.999999999999,2473.55312590514,1.3005011177208945,358739.5198875952,360521.70996514056,1782.190077545354,0.4967922346843068,charvensod,Charvensod,7019,0,0,NA,NA,NA,37,41,0,0,1782.190077545354,0
charvensod,2025-02-01,Mixed,333053.99999999977,319273.0225528267,337002.547516855,321988.7224420636,351743.59671761864,NA,NA,1810.999999999999,2837.57659058456,1.566856206838521,319273.0225528267,321988.7224420636,2715.6998892369447,0.8505885863838047,charvensod,Charvensod,7019,0,0,NA,NA,NA,37,41,0,0,2715.6998892369447,0
charvensod,2025-03-01,Mixed,321444.0000000003,315731.05019205896,333196.88323364937,317917.58797777165,344470.44051773305,NA,NA,1583.9999999999998,2283.9255720306,1.441872204564773,315731.05019205896,317917.58797777165,2186.537785712688,0.6925317558670985,charvensod,Charvensod,7019,0,0,NA,NA,NA,37,41,0,0,2186.537785712688,0
charvensod,2025-04-01,Mixed,281300,290550.3464639919,305339.9059616071,293118.7899113648,318665.2988552412,NA,NA,1545.9999999999998,2465.35043027857,1.5946639264415077,290550.3464639919,293118.7899113648,2568.443447372876,0.8839925605427457,charvensod,Charvensod,7019,0,0,NA,NA,NA,37,41,0,0,2568.443447372876,0
charvensod,2025-05-01,Mixed,266736.0000000002,276910.1274275584,298488.0478000576,278596.56510110386,307905.27812510886,NA,NA,2018.999999999999,2785.74601852819,1.3797652394889504,276910.1274275584,278596.56510110386,1686.4376735454423,0.60901986114128,charvensod,Charvensod,7019,0,0,NA,NA,NA,37,41,0,0,1686.4376735454423,0
charvensod,2025-06-01,Mixed,268857.0000000002,266275.56468886114,281639.6694395963,267303.24994944705,287046.98359535454,NA,NA,1841.9999999999995,2259.39106240282,1.2265966679711295,266275.56468886114,267303.24994944705,1027.6852605859167,0.3859480165920415,charvensod,Charvensod,7019,0,0,NA,NA,NA,37,41,0,0,1027.6852605859167,0
charvensod,2025-07-01,Mixed,286911.0000000001,281296.2424957754,291487.42102159554,283589.61970728,304225.15501279413,NA,NA,2818.999999999998,4335.44708648891,1.5379379519293763,281296.2424957754,283589.61970728,2293.377211504616,0.8152889605480773,charvensod,Charvensod,7019,0,0,NA,NA,NA,37,41,0,0,2293.377211504616,0
charvensod,2025-08-01,Mixed,273439.9999999999,284419.05198663106,304475.9057587991,287254.110775611,320388.22370893444,NA,NA,3560.000000000002,6022.5943242875,1.691739978732443,284419.05198663106,287254.110775611,2835.05878897995,0.9967893392434312,charvensod,Charvensod,7019,0,0,NA,NA,NA,37,41,0,0,2835.05878897995,0
charvensod,2025-09-01,Mixed,175693.99999999997,268976.8736720384,290341.62026583205,273359.28151849966,315819.34224853624,NA,NA,2380.9999999999995,5608.37140862799,2.3554688822461114,268976.8736720384,273359.28151849966,4382.407846461283,1.6292879706099717,charvensod,Charvensod,7019,0,0,NA,NA,NA,37,41,0,0,4382.407846461283,0
chatillon,2025-01-01,GAMM,1046035.9999999997,1054000.0798033113,1156841.0711503397,1030985.6877937104,1178799.5187091853,NA,NA,2788,3681.59558925001,1.3205149172345805,1156841.0711503397,1178799.5187091853,21958.447558845623,1.8981386559011604,chatillon,Châtillon,7020,0,0,NA,0,0,36,32,0,0,21958.447558845623,0
chatillon,2025-02-01,GAMM,932912.9999999998,491805.124779225,643659.8152089816,473077.7542434993,667034.8569949908,NA,NA,2900.0000000000005,4728.42450313256,1.6304912079767446,643659.8152089816,667034.8569949908,23375.041786009213,3.631583211143896,chatillon,Châtillon,7020,0,0,NA,0,0,36,32,0,0,23375.041786009213,0
chatillon,2025-03-01,GAMM,911913.0000000008,806762.8717105681,856842.1766221031,781944.5794532757,877572.6273055148,NA,NA,2330.0000000000005,3453.43500999036,1.4821609484937164,856842.1766221031,877572.6273055148,20730.450683411676,2.4194012910448093,chatillon,Châtillon,7020,0,0,NA,0,0,36,32,0,0,20730.450683411676,0
chatillon,2025-04-01,GAMM,807485.0000000002,789430.5296312369,797561.5782153229,763546.0745264513,817635.495786067,NA,NA,2244.000000000001,3414.79192039367,1.5217432800328292,797561.5782153229,817635.495786067,20073.91757074406,2.5169113105552032,chatillon,Châtillon,7020,0,0,NA,0,0,36,32,0,0,20073.91757074406,0
chatillon,2025-05-01,GAMM,787471.9999999998,757453.3937808713,774562.2950097703,738163.0272072232,792316.9962324271,NA,NA,2859,3956.40851722554,1.3838434827651416,774562.2950097703,792316.9962324271,17754.70122265676,2.2922237936243484,chatillon,Châtillon,7020,0,0,NA,0,0,36,32,0,0,17754.70122265676,0
chatillon,2025-06-01,GAMM,755717,788026.1235904312,799962.760986076,776511.0866263184,809455.212892432,NA,NA,2698.0000000000005,3247.51706158635,1.2036757085197736,799962.760986076,809455.212892432,9492.45190635603,1.1866117236076337,chatillon,Châtillon,7020,0,0,NA,0,0,36,32,0,0,9492.45190635603,0
chatillon,2025-07-01,GAMM,813138,841659.1267270918,869731.7480433953,813027.6516595852,900162.6546188942,NA,NA,3715.0000000000023,5744.17410815094,1.5462110654511267,869731.7480433953,900162.6546188942,30430.90657549887,3.498884183997908,chatillon,Châtillon,7020,0,0,NA,0,0,36,32,0,0,30430.90657549887,0
chatillon,2025-08-01,GAMM,746128.9999999999,824149.1925404061,872102.0928872795,790061.6152918187,909950.6835785724,NA,NA,3815.9999999999977,6495.35466521386,1.7021369667751218,872102.0928872795,909950.6835785724,37848.59069129289,4.339926598041655,chatillon,Châtillon,7020,0,0,NA,0,0,36,32,0,0,37848.59069129289,0
donnas,2025-01-01,Mixed,362188.9999999997,313231.2907972991,358445.7520923184,314298.68336009874,360759.9096846597,NA,NA,157.00000000000003,197.84974995159,1.2601894901375157,313231.2907972991,314298.68336009874,1067.3925627996214,0.3407681780714489,donnas,Donnas,7023,0,0,NA,NA,NA,65,53,0,0,1067.3925627996214,0
donnas,2025-02-01,Mixed,314036.9999999997,294678.7462202013,324841.9619513869,296598.70837176335,329414.40121393313,NA,NA,175.99999999999994,273.551718891197,1.55427113006362,294678.7462202013,296598.70837176335,1919.9621515620383,0.6515441565396518,donnas,Donnas,7023,0,0,NA,NA,NA,65,53,0,0,1919.9621515620383,0
donnas,2025-03-01,Mixed,318874,286487.31023559143,312089.88349889324,288030.3550474094,315359.83533450647,NA,NA,153.00000000000006,220.418355526628,1.4406428465792676,286487.31023559143,288030.3550474094,1543.044811817992,0.5386084327955398,donnas,Donnas,7023,0,0,NA,NA,NA,65,53,0,0,1543.044811817992,0
donnas,2025-04-01,Mixed,277069.00000000006,269231.34292590036,294258.5797121839,270938.2326221738,297902.794958283,NA,NA,148.99999999999997,228.943221995266,1.5365316912433962,269231.34292590036,270938.2326221738,1706.8896962734289,0.6339862505322147,donnas,Donnas,7023,0,0,NA,NA,NA,65,53,0,0,1706.8896962734289,0
donnas,2025-05-01,Mixed,259986.99999999997,260511.94655702912,291057.2770193987,261783.1002159319,294709.79948452,NA,NA,258.99999999999994,360.300803903214,1.3911227949931044,260511.94655702912,261783.1002159319,1271.1536589027671,0.4879444784404496,donnas,Donnas,7023,0,0,NA,NA,NA,65,53,0,0,1271.1536589027671,0
donnas,2025-06-01,Mixed,288989.0000000002,263078.5726428456,295680.20510878315,264033.36156180536,298481.4495879117,NA,NA,278.9999999999999,356.691682831121,1.278464813014771,263078.5726428456,264033.36156180536,954.7889189597336,0.36292918475575586,donnas,Donnas,7023,0,0,NA,NA,NA,65,53,0,0,954.7889189597336,0
donnas,2025-07-01,Mixed,296135.00000000006,287381.32078856434,306104.87436247105,289503.83560902043,314039.4958949912,NA,NA,455.00000000000017,748.872602758959,1.6458738522174918,287381.32078856434,289503.83560902043,2122.514820456098,0.7385709045500954,donnas,Donnas,7023,0,0,NA,NA,NA,65,53,0,0,2122.514820456098,0
donnas,2025-08-01,Mixed,300546.9999999999,292706.2016312105,319469.0033505714,295284.8756439931,330557.5291638009,NA,NA,564.0000000000002,1021.2117787697,1.8106591822157792,292706.2016312105,295284.8756439931,2578.674012782576,0.880976897111152,donnas,Donnas,7023,0,0,NA,NA,NA,65,53,0,0,2578.674012782576,0
donnas,2025-09-01,Mixed,203942.99999999997,259382.81048822484,284855.6895013502,262935.81984212354,293932.8524295182,NA,NA,155.99999999999994,392.817760597934,2.5180625679354756,259382.81048822484,262935.81984212354,3553.0093538986985,1.369793683402154,donnas,Donnas,7023,0,0,NA,NA,NA,65,53,0,0,3553.0093538986985,0
emarese,2025-01-01,Mixed,33511.99999999998,34118.76003061502,37780.010388115355,34179.65095634784,38056.066866450994,NA,NA,45,59.1833718027801,1.31518604006178,34118.76003061502,34179.65095634784,60.8909257328196,0.1784675811142611,emarese,Emarèse,7025,0,0,NA,NA,NA,55,48,0,0,60.8909257328196,0
emarese,2025-02-01,Mixed,27395.99999999998,30144.69643035465,31803.436440865906,30245.32126009891,32579.05614353589,NA,NA,61.00000000000001,101.454857383758,1.663194383340295,30144.69643035465,30245.32126009891,100.62482974426166,0.3338060808697918,emarese,Emarèse,7025,0,0,NA,NA,NA,55,48,0,0,100.62482974426166,0
emarese,2025-03-01,Mixed,30084.000000000007,30669.11046817703,31368.229150206993,30745.516693999733,31551.594075921617,NA,NA,21.000000000000004,31.0108735816044,1.4767082657906854,30669.11046817703,30745.516693999733,76.40622582270225,0.24913088334264089,emarese,Emarèse,7025,0,0,NA,NA,NA,55,48,0,0,76.40622582270225,0
emarese,2025-04-01,Mixed,29742.99999999999,29793.319968495998,30292.078234105076,29869.16703802432,30487.98576982126,NA,NA,26,38.6090777961055,1.4849645306194423,29793.319968495998,29869.16703802432,75.84706952831766,0.2545774341648377,emarese,Emarèse,7025,0,0,NA,NA,NA,55,48,0,0,75.84706952831766,0
emarese,2025-05-01,Mixed,27334.999999999985,28879.666678179743,29418.357129278196,28943.713584438483,29858.55660260105,NA,NA,62.99999999999998,88.3691444599667,1.402684832697885,28879.666678179743,28943.713584438483,64.04690625873991,0.22177162559542385,emarese,Emarèse,7025,0,0,NA,NA,NA,55,48,0,0,64.04690625873991,0
emarese,2025-06-01,Mixed,27427,28320.93100182871,29007.669296213284,28358.47006422167,29111.71877537757,NA,NA,12,14.872681557514,1.2393901297928334,28320.93100182871,28358.47006422167,37.53906239295611,0.13254882895810116,emarese,Emarèse,7025,0,0,NA,NA,NA,55,48,0,0,37.53906239295611,0
emarese,2025-07-01,Mixed,33340.99999999999,30325.70631696409,30279.577423368333,30419.205642695342,30844.91185416939,NA,NA,54.000000000000014,86.4726401863314,1.6013451886357664,30325.70631696409,30419.205642695342,93.4993257312526,0.30831705864984293,emarese,Emarèse,7025,0,0,NA,NA,NA,55,48,0,0,93.4993257312526,0
emarese,2025-08-01,Mixed,38821.000000000015,33715.9813063139,36453.60385848799,33838.75265580476,38183.89764786785,NA,NA,118.99999999999996,206.54206420425,1.7356475983550426,33715.9813063139,33838.75265580476,122.7713494908603,0.364133994426763,emarese,Emarèse,7025,0,0,NA,NA,NA,55,48,0,0,122.7713494908603,0
emarese,2025-09-01,Mixed,15605.000000000004,28029.012242986453,27653.48975901264,28156.623760877388,28193.76874996371,NA,NA,2.0000000000000004,4.94930742051602,2.4746537102580097,28029.012242986453,28156.623760877388,127.61151789093492,0.45528367815697024,emarese,Emarèse,7025,0,0,NA,NA,NA,55,48,0,0,127.61151789093492,0
etroubles,2025-01-01,Mixed,116847.00000000007,107583.12662213482,123842.25865525502,108676.98748017888,125682.69400036286,NA,NA,742,887.611755742609,1.1962422584132195,107583.12662213482,108676.98748017888,1093.8608580440489,1.0167587542663892,etroubles,Etroubles,7026,0,0,NA,0,0,17,22,0,0,1093.8608580440489,0
etroubles,2025-02-01,Mixed,99581,93438.54429553896,105037.7508818292,95637.68845199337,108935.57229504574,NA,NA,761.0000000000002,1148.96576219812,1.5098104628096185,93438.54429553896,95637.68845199337,2199.1441564544075,2.353572792721037,etroubles,Etroubles,7026,0,0,NA,0,0,17,22,0,0,2199.1441564544075,0
etroubles,2025-03-01,Mixed,96628.00000000004,93119.77785436896,105028.9592634062,94747.96846656447,107620.62170201332,NA,NA,648.9999999999999,882.260904693619,1.3594158778021863,93119.77785436896,94747.96846656447,1628.19061219554,1.748490653340995,etroubles,Etroubles,7026,0,0,NA,0,0,17,22,0,0,1628.19061219554,0
etroubles,2025-04-01,Mixed,89718,83136.61082848343,94384.2638527508,84904.38883505297,97132.0373565953,NA,NA,592.0000000000002,859.418215648777,1.4517199588661769,83136.61082848343,84904.38883505297,1767.7780065695406,2.1263532262778773,etroubles,Etroubles,7026,0,0,NA,0,0,17,22,0,0,1767.7780065695406,0
etroubles,2025-05-01,Mixed,84262.00000000006,80919.40250361136,87929.75015231632,82463.28237735941,90208.01709341275,NA,NA,595.0000000000001,831.627882833254,1.3976939207281578,80919.40250361136,82463.28237735941,1543.8798737480538,1.9079229776556297,etroubles,Etroubles,7026,0,0,NA,0,0,17,22,0,0,1543.8798737480538,0
etroubles,2025-06-01,Mixed,89335.00000000003,86254.06655758008,97267.96058438644,87787.48833899578,100738.60974993477,NA,NA,2045.9999999999995,2794.79895394314,1.365981893422845,86254.06655758008,87787.48833899578,1533.4217814157018,1.7777965058517475,etroubles,Etroubles,7026,0,0,NA,0,0,17,22,0,0,1533.4217814157018,0
etroubles,2025-07-01,Mixed,100735.00000000006,95927.12308812008,109418.77746659836,98773.77547457104,115360.20964546122,NA,NA,3248.9999999999973,5451.05608059917,1.6777642599566558,95927.12308812008,98773.77547457104,2846.652386450951,2.967515646055574,etroubles,Etroubles,7026,0,0,NA,0,0,17,22,0,0,2846.652386450951,0
etroubles,2025-08-01,Mixed,111971,104160.43350082208,120194.56887251738,107866.65728801025,127962.54235036044,NA,NA,3178.999999999998,5901.71541263751,1.8564691452146944,104160.43350082208,107866.65728801025,3706.223787188152,3.5581877519345273,etroubles,Etroubles,7026,0,0,NA,0,0,17,22,0,0,3706.223787188152,0
etroubles,2025-09-01,Mixed,68645.99999999994,88405.64306455286,101742.62807308926,93149.20116078932,112540.23725219411,NA,NA,1831.9999999999995,4619.91102923595,2.5217854963078334,88405.64306455286,93149.20116078932,4743.558096236462,5.365673425137318,etroubles,Etroubles,7026,0,0,NA,0,0,17,22,0,0,4743.558096236462,0
fenis,2025-01-01,GAMM,258190.0000000001,220150.75612248835,242048.93217859857,221060.20452689435,247406.20148673776,NA,NA,747.0000000000003,961.746045359729,1.2874779723691143,242048.93217859857,247406.20148673776,5357.269308139192,2.213300120731887,fenis,Fénis,7027,0,0,NA,NA,NA,44,44,0,0,5357.269308139192,0
fenis,2025-02-01,GAMM,213618.0000000001,191326.32506440624,201700.3921148188,192765.8936778932,209256.8937783084,NA,NA,550.0000000000002,870.878635892174,1.5834157016221335,201700.3921148188,209256.8937783084,7556.501663489558,3.746399094349795,fenis,Fénis,7027,0,0,NA,NA,NA,44,44,0,0,7556.501663489558,0
fenis,2025-03-01,GAMM,211031.99999999985,190603.2271816765,196383.5296353541,191726.11236107437,200454.52996633924,NA,NA,312.9999999999999,448.890303945634,1.4341543257049014,196383.5296353541,200454.52996633924,4071.0003309851745,2.0729846023972653,fenis,Fénis,7027,0,0,NA,NA,NA,44,44,0,0,4071.0003309851745,0
fenis,2025-04-01,GAMM,190983.00000000015,183187.18727691256,195948.47243577184,184487.21635732873,203564.9600104375,NA,NA,719.0000000000001,1109.08142679462,1.54253327787847,195948.47243577184,203564.9600104375,7616.487574665662,3.886984920059633,fenis,Fénis,7027,0,0,NA,NA,NA,44,44,0,0,7616.487574665662,0
fenis,2025-05-01,GAMM,184413.99999999985,171917.4818140375,183089.7805283268,172816.2302213977,188014.77409971075,NA,NA,644,886.554044672753,1.3766367153303618,183089.7805283268,188014.77409971075,4924.993571383937,2.6899336255536976,fenis,Fénis,7027,0,0,NA,NA,NA,44,44,0,0,4924.993571383937,0
fenis,2025-06-01,GAMM,185377.99999999988,168298.5405101473,179521.12957780837,168933.41222861936,183274.88879674417,NA,NA,842,1060.54187570778,1.2595509212681473,179521.12957780837,183274.88879674417,3753.759218935797,2.0909846254665077,fenis,Fénis,7027,0,0,NA,NA,NA,44,44,0,0,3753.759218935797,0
fenis,2025-07-01,GAMM,199639.00000000012,184061.09927787533,191213.82509992976,185409.55068854193,199729.64114200737,NA,NA,1149.0000000000005,1796.94075290622,1.563917104357023,191213.82509992976,199729.64114200737,8515.816042077611,4.453556659737967,fenis,Fénis,7027,0,0,NA,NA,NA,44,44,0,0,8515.816042077611,0
fenis,2025-08-01,GAMM,206025.00000000003,196924.32757832584,210695.92830371443,198608.34990905153,221854.36353701688,NA,NA,1375,2316.52032697245,1.6847420559799635,210695.92830371443,221854.36353701688,11158.435233302444,5.295989971489989,fenis,Fénis,7027,0,0,NA,NA,NA,44,44,0,0,11158.435233302444,0
fenis,2025-09-01,GAMM,125345.00000000007,172295.410408761,183317.2831684836,174779.17372051234,198577.99435398704,NA,NA,674.0000000000002,1620.26712115278,2.403957153045667,183317.2831684836,198577.99435398704,15260.71118550343,8.324753084780113,fenis,Fénis,7027,0,0,NA,NA,NA,44,44,0,0,15260.71118550343,0
fontainemore,2025-01-01,Prophet,69592.99999999996,66405.01180394937,64319.298822267694,66356.22345941456,64483.23717716673,67103.49472205593,67102.25614070872,65.99999999999997,77.1709345824836,1.1692565845830851,67103.49472205593,67102.25614070872,-1.238581347206491,-0.00184577770849791,fontainemore,Fontainemore,7028,0,0,NA,NA,NA,40,62,-0,-0,1.238581347206491,0
fontainemore,2025-02-01,Prophet,58091.00000000002,57486.84974619667,52784.84711895077,57384.58842992632,53503.95062837464,56649.65031029892,56647.11736551824,77,112.325289539401,1.4587699940181948,56649.65031029892,56647.11736551824,-2.532944780687103,-0.0044712452183071,fontainemore,Fontainemore,7028,0,0,NA,NA,NA,40,62,-0,-0,2.532944780687103,0
fontainemore,2025-03-01,Prophet,60171.99999999995,58074.89088814065,52719.86138445936,57991.38823604078,52629.680780387906,60869.91144017019,60867.711922704526,29.000000000000004,39.5723464295737,1.3645636699853,60869.91144017019,60867.711922704526,-2.199517465662211,-0.00361347242606724,fontainemore,Fontainemore,7028,0,0,NA,NA,NA,40,62,-0,-0,2.199517465662211,0
fontainemore,2025-04-01,Prophet,48923.00000000002,53981.80399318367,47935.60172610152,53888.16922184447,48010.8592791451,53041.009325151324,53038.69684614404,11,16.2730641195221,1.4793694654111,53041.009325151324,53038.69684614404,-2.3124790072834003,-0.00435979449996404,fontainemore,Fontainemore,7028,0,0,NA,NA,NA,40,62,-0,-0,2.3124790072834003,0
fontainemore,2025-05-01,Prophet,48991.99999999998,49742.90286703263,43160.68514351634,49665.00229629854,43128.53883125587,51228.85843962699,51226.842096978544,37.99999999999999,53.1843489483101,1.3995881302186872,51228.85843962699,51226.842096978544,-2.016342648443242,-0.00393595077043951,fontainemore,Fontainemore,7028,0,0,NA,NA,NA,40,62,-0,-0,2.016342648443242,0
fontainemore,2025-06-01,Prophet,49014.00000000004,46849.03365129847,44043.45042228872,46778.79276533598,45216.7220737998,47616.10575588134,47614.3115622334,298.0000000000001,408.626220003186,1.371228926185187,47616.10575588134,47614.3115622334,-1.7941936479401193,-0.00376803944686088,fontainemore,Fontainemore,7028,0,0,NA,NA,NA,40,62,-0,-0,1.7941936479401193,0
fontainemore,2025-07-01,Prophet,56091.00000000003,51578.56292338431,49201.425089404926,51442.30907732531,51559.572987696,54689.26923880397,54685.63637040766,547.9999999999999,955.305256581996,1.7432577674853944,54689.26923880397,54685.63637040766,-3.632868396314734,-0.00664274444854839,fontainemore,Fontainemore,7028,0,0,NA,NA,NA,40,62,-0,-0,3.632868396314734,0
fontainemore,2025-08-01,Prophet,61117.99999999995,56089.35210570723,55128.69103578716,55922.063417845195,58257.00331465729,61811.40276203098,61806.76621304152,620.9999999999999,1163.02300536357,1.8728228749815947,61811.40276203098,61806.76621304152,-4.636548989459698,-0.0075011224179966,fontainemore,Fontainemore,7028,0,0,NA,NA,NA,40,62,-0,-0,4.636548989459698,0
fontainemore,2025-09-01,Prophet,33542.00000000002,47054.62129509809,43672.49117213655,46854.130169639335,47054.0457162488,49903.774786655966,49898.42374944093,212.00000000000009,520.732436931465,2.4562850798654,49903.774786655966,49898.42374944093,-5.351037215034012,-0.01072271033185634,fontainemore,Fontainemore,7028,0,0,NA,NA,NA,40,62,-0,-0,5.351037215034012,0
gaby,2025-01-01,Prophet,100464.00000000004,432763.0678943545,393490.72840153816,439260.0327610201,406636.8040163104,85163.70187203184,84005.68636409838,653.9999999999999,838.114523362401,1.2815206779241608,85163.70187203184,84005.68636409838,-1158.0155079334654,-1.359752432642625,gaby,Gaby,7029,0,0,NA,0,0,25,42,-0,-0,1158.0155079334654,0
gaby,2025-03-01,Prophet,83151.99999999997,97290.25609294524,117882.94393464465,99396.09625854425,123941.02341779986,107018.7572316138,104933.80173694195,431.99999999999994,617.139257589871,1.4285630962728495,107018.7572316138,104933.80173694195,-2084.9554946718417,-1.9482150125884057,gaby,Gaby,7029,0,0,NA,0,0,25,42,-0,-0,2084.9554946718417,0
gaby,2025-04-01,Prophet,71810.00000000006,76516.49562622866,91215.54333763836,78240.85599777127,94743.68448728308,83496.54866869221,81804.32018159705,186.00000000000003,269.852135464672,1.4508179326057633,83496.54866869221,81804.32018159705,-1692.2284870951553,-2.0267047130412386,gaby,Gaby,7029,0,0,NA,0,0,25,42,-0,-0,1692.2284870951553,0
gaby,2025-05-01,Prophet,64113.00000000005,60393.21587150455,69589.65170521765,61530.418228350274,70956.72720836902,66042.62958643092,64920.34107140135,123.00000000000004,168.082945386913,1.366528011275715,66042.62958643092,64920.34107140135,-1122.2885150295697,-1.6993395357778995,gaby,Gaby,7029,0,0,NA,0,0,25,42,-0,-0,1122.2885150295697,0
gaby,2025-06-01,Prophet,70792.99999999996,60420.235508177,80245.12126400675,61233.09515492054,82752.12003583513,65602.50234648096,64801.951005930096,558.9999999999999,698.305566296129,1.249204948651394,65602.50234648096,64801.951005930096,-800.5513405508682,-1.2203061040609977,gaby,Gaby,7029,0,0,NA,0,0,25,42,-0,-0,800.5513405508682,0
gaby,2025-07-01,Prophet,93613.00000000007,75938.78727529313,100233.8270695917,78116.58871661517,104581.56532253008,85509.47814686563,83316.72387043241,1237.9999999999998,1981.44487142202,1.6005208977560743,85509.47814686563,83316.72387043241,-2192.7542764332175,-2.5643406134078894,gaby,Gaby,7029,0,0,NA,0,0,25,42,-0,-0,2192.7542764332175,0
gaby,2025-08-01,Prophet,106941.99999999996,83123.2796455549,110796.80784235164,85740.73646341631,116128.9005915071,98841.10582384176,96065.370240984,1193.0000000000002,1998.08838807453,1.674843577598097,98841.10582384176,96065.370240984,-2775.735582857742,-2.808280582984124,gaby,Gaby,7029,0,0,NA,0,0,25,42,-0,-0,2775.735582857742,0
gaby,2025-09-01,Prophet,53085,66984.66447846578,77791.4619004105,70589.58660303107,87633.38160900105,73735.01204654071,70268.04017453895,373.0000000000001,892.940426411365,2.3939421619607635,73735.01204654071,70268.04017453895,-3466.9718720017554,-4.70193436710018,gaby,Gaby,7029,0,0,NA,0,0,25,42,-0,-0,3466.9718720017554,0
gignod,2025-01-01,GAMM,77851,70422.2538472326,71101.47991081644,71817.3550228582,72775.36450358211,NA,NA,570.0000000000001,715.479189207766,1.2552266477329226,71101.47991081644,72775.36450358211,1673.8845927656655,2.354219061073337,gignod,Gignod,7030,0,0,NA,NA,NA,46,35,0,0,1673.8845927656655,0
gignod,2025-02-01,GAMM,68330.99999999994,61169.63624616298,60956.32300246355,63488.15860770422,63648.59317963084,NA,NA,565.0000000000001,869.452283524057,1.5388535991576229,60956.32300246355,63648.59317963084,2692.2701771672873,4.416720111313932,gignod,Gignod,7030,0,0,NA,NA,NA,46,35,0,0,2692.2701771672873,0
gignod,2025-03-01,GAMM,68260.00000000001,58200.3573290899,59208.40839104046,59932.5252418414,62618.424055129486,NA,NA,291,408.962569228483,1.405369653706127,59208.40839104046,62618.424055129486,3410.0156640890273,5.759343574256648,gignod,Gignod,7030,0,0,NA,NA,NA,46,35,0,0,3410.0156640890273,0
gignod,2025-04-01,GAMM,58973.00000000001,50165.9531905849,52173.19118843915,52063.44935099942,56629.66262561635,NA,NA,229.00000000000009,352.406341380567,1.538892320439157,52173.19118843915,56629.66262561635,4456.471437177199,8.541688433589023,gignod,Gignod,7030,0,0,NA,NA,NA,46,35,0,0,4456.471437177199,0
gignod,2025-05-01,GAMM,56022.000000000015,47024.39234604046,52142.6306524062,48367.88855072247,54071.70595562112,NA,NA,471.99999999999983,654.243216791351,1.386108510151168,52142.6306524062,54071.70595562112,1929.0753032149223,3.6996125417502417,gignod,Gignod,7030,0,0,NA,NA,NA,46,35,0,0,1929.0753032149223,0
gignod,2025-06-01,GAMM,56577.00000000002,43887.08155330209,49658.99700339604,44799.99166735994,50834.14373413124,NA,NA,751.9999999999999,954.522723772869,1.2693121326766876,49658.99700339604,50834.14373413124,1175.1467307351995,2.366432674133212,gignod,Gignod,7030,0,0,NA,NA,NA,46,35,0,0,1175.1467307351995,0
gignod,2025-07-01,GAMM,55035.00000000002,43783.20202935984,45706.99204075636,45558.433589492626,48907.9438012268,NA,NA,1852,2933.81370217752,1.584132668562376,45706.99204075636,48907.9438012268,3200.951760470438,7.003199330238563,gignod,Gignod,7030,0,0,NA,NA,NA,46,35,0,0,3200.951760470438,0
gignod,2025-08-01,GAMM,50886.00000000004,45958.490962502525,49899.255378698974,48186.050736376994,54090.66014963484,NA,NA,1831.9999999999995,3168.43280249823,1.7294938878265451,49899.255378698974,54090.66014963484,4191.404770935864,8.399734102495437,gignod,Gignod,7030,0,0,NA,NA,NA,46,35,0,0,4191.404770935864,0
gignod,2025-09-01,GAMM,48781,44368.14340045432,49573.52772239239,47792.709597649584,54276.44203355888,NA,NA,619.0000000000002,1464.47169202352,2.365867030732665,49573.52772239239,54276.44203355888,4702.914311166489,9.486745299835064,gignod,Gignod,7030,0,0,NA,NA,NA,46,35,0,0,4702.914311166489,0
hone,2025-01-01,Mixed,194217.99999999985,201717.1542537881,214611.106508618,201570.0102763943,214284.3692491755,NA,NA,82.00000000000003,102.237421779656,1.2467978265811703,201717.1542537881,201570.0102763943,-147.14397739374544,-0.07294569365609016,hone,Hône,7034,0,0,NA,NA,NA,64,65,-0,-0,147.14397739374544,0
hone,2025-02-01,Mixed,166057.00000000006,171701.90507261027,179137.39559761062,171450.20776934436,178357.85585130527,NA,NA,69.00000000000003,107.540874227809,1.558563394605927,171701.90507261027,171450.20776934436,-251.69730326591525,-0.146589697510624,hone,Hône,7034,0,0,NA,NA,NA,64,65,-0,-0,251.69730326591525,0
hone,2025-03-01,Mixed,161678.99999999997,171447.8579311931,175490.87676443165,171245.3380737248,173877.13576086977,NA,NA,40.00000000000001,57.380093650313,1.4345023412578248,171447.8579311931,171245.3380737248,-202.51985746831633,-0.1181232941093957,hone,Hône,7034,0,0,NA,NA,NA,64,65,-0,-0,202.51985746831633,0
hone,2025-04-01,Mixed,132102.0000000001,148651.42137714435,147832.21593673955,148463.87070846555,146587.0856654057,NA,NA,52.00000000000001,76.306514561603,1.4674329723385189,148651.42137714435,148463.87070846555,-187.5506686787994,-0.1261680964374845,hone,Hône,7034,0,0,NA,NA,NA,64,65,-0,-0,187.5506686787994,0
hone,2025-05-01,Mixed,122498.9999999999,135506.65111894312,136041.22818955124,135366.94697752057,136699.21685100812,NA,NA,112.00000000000004,152.824609110278,1.364505438484625,135506.65111894312,135366.94697752057,-139.70414142255322,-0.1030976267725192,hone,Hône,7034,0,0,NA,NA,NA,64,65,-0,-0,139.70414142255322,0
hone,2025-06-01,Mixed,129402.00000000004,125172.763637803,132459.77426024113,125079.59470474816,132605.94144616197,NA,NA,99.00000000000004,123.936864695531,1.2518875221770802,125172.763637803,125079.59470474816,-93.16893305483973,-0.07443227292195376,hone,Hône,7034,0,0,NA,NA,NA,64,65,-0,-0,93.16893305483973,0
hone,2025-07-01,Mixed,137704.9999999999,142156.98014585732,142191.5123215412,141925.42927546852,145387.7917854548,NA,NA,183.00000000000009,298.574385970437,1.6315540216963764,142156.98014585732,141925.42927546852,-231.55087038880447,-0.1628839260310877,hone,Hône,7034,0,0,NA,NA,NA,64,65,-0,-0,231.55087038880447,0
hone,2025-08-01,Mixed,139521,140036.8030395484,146372.9335071286,139770.7751413181,151518.9422802437,NA,NA,322.9999999999999,571.093292028424,1.768090687394502,140036.8030395484,139770.7751413181,-266.0278982302989,-0.18996998821457775,hone,Hône,7034,0,0,NA,NA,NA,64,65,-0,-0,266.0278982302989,0
hone,2025-09-01,Mixed,86678.00000000007,135489.6796457658,135297.28453082184,135103.09578818895,135727.26697852073,NA,NA,70,165.838852656652,2.3691264665236,135489.6796457658,135103.09578818895,-386.5838575768575,-0.28532347156445814,hone,Hône,7034,0,0,NA,NA,NA,64,65,-0,-0,386.5838575768575,0
introd,2025-01-01,Mixed,126187.00000000004,121446.26496532912,132177.2961531445,121823.89824085768,133799.4558617859,NA,NA,409.00000000000017,522.457304453734,1.2774017223807672,121446.26496532912,121823.89824085768,377.6332755285548,0.31094680074053027,introd,Introd,7035,0,0,NA,0,0,34,59,0,0,377.6332755285548,0
introd,2025-02-01,Mixed,109278.00000000007,106802.83804690903,115016.83154814351,107449.93730616527,118391.61996347764,NA,NA,527,848.30127643775,1.6096798414378557,106802.83804690903,107449.93730616527,647.0992592562252,0.6058820824330624,introd,Introd,7035,0,0,NA,0,0,34,59,0,0,647.0992592562252,0
introd,2025-03-01,Mixed,106510.00000000007,104219.33265267855,111228.09218771718,104681.16420156242,112939.87481902288,NA,NA,301.9999999999999,428.085265092593,1.4175008777900435,104219.33265267855,104681.16420156242,461.83154888385616,0.4431342411517436,introd,Introd,7035,0,0,NA,0,0,34,59,0,0,461.83154888385616,0
introd,2025-04-01,Mixed,94695,95325.92279202706,101603.05676625224,95834.42239152984,103188.13963360323,NA,NA,213.99999999999991,325.774130700658,1.5223090219656925,95325.92279202706,95834.42239152984,508.4995995027712,0.5334326535838096,introd,Introd,7035,0,0,NA,0,0,34,59,0,0,508.4995995027712,0
introd,2025-05-01,Mixed,89669,88249.06330672198,95016.95113358012,88607.37543526456,96364.08495922686,NA,NA,309.99999999999994,426.792028552502,1.3767484792016196,88249.06330672198,88607.37543526456,358.31212854258774,0.4060237186849447,introd,Introd,7035,0,0,NA,0,0,34,59,0,0,358.31212854258774,0
introd,2025-06-01,Mixed,78663.99999999999,82638.37737777815,90054.63387195207,82884.74798299224,91417.12481287312,NA,NA,658,831.944522690304,1.2643533779487903,82638.37737777815,82884.74798299224,246.37060521409148,0.29813098106683533,introd,Introd,7035,0,0,NA,0,0,34,59,0,0,246.37060521409148,0
introd,2025-07-01,Mixed,86839.00000000003,85147.03749076037,90959.9712478677,85654.33214714084,94676.6593446794,NA,NA,1109,1770.41761316399,1.596409029002696,85147.03749076037,85654.33214714084,507.2946563804726,0.5957866196290462,introd,Introd,7035,0,0,NA,0,0,34,59,0,0,507.2946563804726,0
introd,2025-08-01,Mixed,94603.00000000004,90431.52687421611,96428.21978967047,91075.72013569452,100650.11132205078,NA,NA,803.0000000000001,1404.50026619439,1.7490663339905228,90431.52687421611,91075.72013569452,644.1932614784018,0.7123547326303825,introd,Introd,7035,0,0,NA,0,0,34,59,0,0,644.1932614784018,0
introd,2025-09-01,Mixed,58133.000000000015,83868.91700432889,88454.86280279179,84780.40650675588,92661.10623994806,NA,NA,351.99999999999994,825.363577974321,2.344782891972503,83868.91700432889,84780.40650675588,911.4895024269936,1.0868025187209085,introd,Introd,7035,0,0,NA,0,0,34,59,0,0,911.4895024269936,0
issime,2025-01-01,Mixed,86930.99999999996,76260.5701239795,79113.26111135309,76366.6535305685,80034.06667400374,NA,NA,107.00000000000004,143.968978440724,1.345504471408635,76260.5701239795,76366.6535305685,106.08340658899397,0.1391064955540422,issime,Issime,7036,0,0,NA,NA,NA,62,72,0,0,106.08340658899397,0
issime,2025-02-01,Mixed,73045.99999999999,66530.54542321968,66835.32220966257,66690.06558618692,68284.59067604748,NA,NA,115,191.626829911411,1.6663202600992262,66530.54542321968,66690.06558618692,159.5201629672374,0.2397698109229074,issime,Issime,7036,0,0,NA,NA,NA,62,72,0,0,159.5201629672374,0
issime,2025-03-01,Mixed,73536.00000000006,66898.43565273767,67492.59151556499,67024.06519366724,68573.60661293581,NA,NA,105.99999999999996,158.198386777985,1.4924376111130666,66898.43565273767,67024.06519366724,125.6295409295708,0.18779144789229377,issime,Issime,7036,0,0,NA,NA,NA,62,72,0,0,125.6295409295708,0
issime,2025-04-01,Mixed,64428.99999999995,64188.36048587855,62761.639546815866,64308.80128789305,63585.97992154342,NA,NA,53.00000000000001,79.3167832072624,1.4965430793823091,64188.36048587855,64308.80128789305,120.44080201450561,0.18763651400786063,issime,Issime,7036,0,0,NA,NA,NA,62,72,0,0,120.44080201450561,0
issime,2025-05-01,Mixed,61815.00000000001,59762.0271352829,57224.686545891935,59850.34980774368,57869.80090505602,NA,NA,80.00000000000003,109.741767511955,1.371772093899437,59762.0271352829,59850.34980774368,88.32267246078118,0.14779062340180005,issime,Issime,7036,0,0,NA,NA,NA,62,72,0,0,88.32267246078118,0
issime,2025-06-01,Mixed,59488,60437.75138042132,58640.40588654779,60489.279640819565,59031.420942173965,NA,NA,94,112.79011077624,1.1998947954919148,60437.75138042132,60489.279640819565,51.5282603982414,0.08525840095192638,issime,Issime,7036,0,0,NA,NA,NA,62,72,0,0,51.5282603982414,0
issime,2025-07-01,Mixed,71822,64941.641823316866,62097.583887597226,65067.13039443901,63046.2911708857,NA,NA,84.99999999999997,128.433985514221,1.5109880648731888,64941.641823316866,65067.13039443901,125.48857112214318,0.19323282811904985,issime,Issime,7036,0,0,NA,NA,NA,62,72,0,0,125.48857112214318,0
issime,2025-08-01,Mixed,77985.00000000003,68308.44290535855,67227.60353835291,68465.08018420641,68529.18848564022,NA,NA,98,159.803432824258,1.6306472737169186,68308.44290535855,68465.08018420641,156.63727884786204,0.22930881189149321,issime,Issime,7036,0,0,NA,NA,NA,62,72,0,0,156.63727884786204,0
issime,2025-09-01,Mixed,41566.999999999985,60357.73878025538,59226.056363083895,60603.52643307702,61595.8547642923,NA,NA,113.00000000000004,268.571035455526,2.3767348270400523,60357.73878025538,60603.52643307702,245.78765282164383,0.40721812610722274,issime,Issime,7036,0,0,NA,NA,NA,62,72,0,0,245.78765282164383,0
issogne,2025-01-01,Mixed,213019.9999999999,195138.2946430722,203666.80896883065,195054.95624125737,204005.5856736745,NA,NA,45.99999999999999,57.9661839819719,1.2601344343906935,195138.2946430722,195054.95624125737,-83.33840181483538,-0.0427073537601963,issogne,Issogne,7037,0,0,NA,NA,NA,73,23,-0,-0,83.33840181483538,0
issogne,2025-02-01,Mixed,184622.9999999999,175358.2120181958,177100.93835964304,175220.65503037898,177578.4926450285,NA,NA,35.99999999999999,55.1261080843874,1.5312807801218724,175358.2120181958,175220.65503037898,-137.55698781681713,-0.0784434251659416,issogne,Issogne,7037,0,0,NA,NA,NA,73,23,-0,-0,137.55698781681713,0
issogne,2025-03-01,Mixed,199142.99999999988,183234.69493571337,180811.77253543053,183106.81625152024,181221.06051105287,NA,NA,33.00000000000001,48.2573855278331,1.462345015994942,183234.69493571337,183106.81625152024,-127.87868419309962,-0.06978955827005029,issogne,Issogne,7037,0,0,NA,NA,NA,73,23,-0,-0,127.87868419309962,0
issogne,2025-04-01,Mixed,200998.9999999999,180994.44947556153,180122.55972898786,180848.43130910944,181092.3230568535,NA,NA,12.999999999999996,20.490304547249,1.576177272865308,180994.44947556153,180848.43130910944,-146.01816645209328,-0.08067549412437147,issogne,Issogne,7037,0,0,NA,NA,NA,73,23,-0,-0,146.01816645209328,0
issogne,2025-05-01,Mixed,193144.99999999985,172917.89639982226,180362.99145197743,172812.74574216254,180990.2353632568,NA,NA,55.00000000000002,76.3497434376069,1.388177153411034,172917.89639982226,172812.74574216254,-105.15065765971669,-0.06080958642741274,issogne,Issogne,7037,0,0,NA,NA,NA,73,23,-0,-0,105.15065765971669,0
issogne,2025-06-01,Mixed,187981,175973.2538732226,180576.02780535608,175903.5076182009,181086.94542996943,NA,NA,65.99999999999997,81.6972571803391,1.2378372300051383,175973.2538732226,175903.5076182009,-69.74625502168783,-0.03963457712269358,issogne,Issogne,7037,0,0,NA,NA,NA,73,23,-0,-0,69.74625502168783,0
issogne,2025-07-01,Mixed,205919.99999999997,182550.913828859,176492.65469544305,182391.5301637368,178724.1665284826,NA,NA,89,142.109111551126,1.59673159046209,182550.913828859,182391.5301637368,-159.38366512217908,-0.08730915763676128,issogne,Issogne,7037,0,0,NA,NA,NA,73,23,-0,-0,159.38366512217908,0
issogne,2025-08-01,Mixed,176757.99999999994,179101.11057325808,179248.61853840528,178906.37484951536,183590.4001973404,NA,NA,137.00000000000006,244.894070715588,1.7875479614276488,179101.11057325808,178906.37484951536,-194.73572374272044,-0.10872948979457896,issogne,Issogne,7037,0,0,NA,NA,NA,73,23,-0,-0,194.73572374272044,0
issogne,2025-09-01,Mixed,148842.99999999994,171643.44499745415,180360.0560341768,171369.94334888607,185308.0333627012,NA,NA,86,201.889894254189,2.3475569099324303,171643.44499745415,171369.94334888607,-273.5016485680826,-0.15934290329125966,issogne,Issogne,7037,0,0,NA,NA,NA,73,23,-0,-0,273.5016485680826,0
jovencan,2025-01-01,Mixed,158702.00000000012,140953.70212524087,149969.70069684557,141146.01624954728,151404.6190523138,NA,NA,586.9999999999999,789.358931036043,1.3447341244225608,140953.70212524087,141146.01624954728,192.3141243064019,0.13643779582002136,jovencan,Jovençan,7038,0.0555555555555556,0,0,0.222222222222222,2.22222222222222,33,18,0,0,192.3141243064019,0
jovencan,2025-02-01,Mixed,129667.99999999996,121523.89550529011,125294.33719666713,121796.74355432272,128221.50686769656,NA,NA,654.9999999999998,1066.04616955656,1.6275514039031456,121523.89550529011,121796.74355432272,272.8480490326183,0.22452213854577965,jovencan,Jovençan,7038,0.0555555555555556,0,0,0.222222222222222,2.22222222222222,33,18,0,0,272.8480490326183,0
jovencan,2025-03-01,Mixed,126566.00000000004,119451.56889446138,123188.35156157434,119670.37234284011,125343.15686465475,NA,NA,653.0000000000001,971.708536244006,1.48806820251762,119451.56889446138,119670.37234284011,218.80344837873417,0.18317335670330337,jovencan,Jovençan,7038,0.0555555555555556,0,0,0.222222222222222,2.22222222222222,33,18,0,0,218.80344837873417,0
jovencan,2025-04-01,Mixed,105281,106045.90846698036,109812.9148479318,106263.40694548577,111798.90836410812,NA,NA,609.0000000000002,950.370354032079,1.5605424532546448,106045.90846698036,106263.40694548577,217.4984785054112,0.20509841600644396,jovencan,Jovençan,7038,0.0555555555555556,0,0,0.222222222222222,2.22222222222222,33,18,0,0,217.4984785054112,0
jovencan,2025-05-01,Mixed,92181.00000000006,97475.20020879451,102516.2184310771,97616.1843222236,103253.71520858732,NA,NA,499.9999999999999,684.483027524911,1.3689660550498224,97475.20020879451,97616.1843222236,140.9841134290764,0.14463587982080917,jovencan,Jovençan,7038,0.0555555555555556,0,0,0.222222222222222,2.22222222222222,33,18,0,0,140.9841134290764,0
jovencan,2025-06-01,Mixed,90512.99999999996,88770.20546859209,93773.40974039763,88838.93600123592,94064.55728208054,NA,NA,496.99999999999994,588.035121790701,1.1831692591362195,88770.20546859209,88838.93600123592,68.73053264383634,0.077425226494654,jovencan,Jovençan,7038,0.0555555555555556,0,0,0.222222222222222,2.22222222222222,33,18,0,0,68.73053264383634,0
jovencan,2025-07-01,Mixed,94792.00000000004,92157.44169102384,91792.57656710283,92329.1055258789,93680.3440975462,NA,NA,709.9999999999998,1063.6043721981,1.498034327039578,92157.44169102384,92329.1055258789,171.66383485504775,0.1862723527315202,jovencan,Jovençan,7038,0.0555555555555556,0,0,0.222222222222222,2.22222222222222,33,18,0,0,171.66383485504775,0
jovencan,2025-08-01,Mixed,97981.00000000007,95499.84116179412,97288.7478106256,95724.85143216992,100593.75098966427,NA,NA,811.9999999999997,1353.54699073939,1.6669297915509735,95499.84116179412,95724.85143216992,225.0102703758021,0.235613240439414,jovencan,Jovençan,7038,0.0555555555555556,0,0,0.222222222222222,2.22222222222222,33,18,0,0,225.0102703758021,0
jovencan,2025-09-01,Mixed,67792.99999999999,93741.71945440258,94808.45250321832,94104.478376531275,98334.2430295974,NA,NA,516,1193.94271772896,2.3138424762189147,93741.71945440258,94104.478376531275,362.7589221287053,0.38697703033403474,jovencan,Jovençan,7038,0.0555555555555556,0,0,0.222222222222222,2.22222222222222,33,18,0,0,362.7589221287053,0
la salle,2025-01-01,GAMM,559049.9999999995,482971.2670348637,520180.2579845472,486564.9759664611,533840.8781872347,NA,NA,2435.999999999999,3172.15688116905,1.3021990480989536,520180.2579845472,533840.8781872347,13660.62020268751,2.626131998091586,la salle,La Salle,7040,0,0,NA,0,0,27,49,0,0,13660.62020268751,0
la salle,2025-02-01,GAMM,472233.99999999994,421563.15406612353,454173.370315766,427406.85952681367,476696.345158019,NA,NA,2592,4232.37242659321,1.6328597324819485,454173.370315766,476696.345158019,22522.974842252966,4.95911392308046,la salle,La Salle,7040,0,0,NA,0,0,27,49,0,0,22522.974842252966,0
la salle,2025-03-01,GAMM,469141.9999999997,420797.8995372921,449169.6839636976,425272.6584458923,465743.97620483383,NA,NA,1956,2851.08305479965,1.4576089237217027,449169.6839636976,465743.97620483383,16574.292241136252,3.6899846166990713,la salle,La Salle,7040,0,0,NA,0,0,27,49,0,0,16574.292241136252,0
la salle,2025-04-01,GAMM,426522.0000000002,383922.51954641455,403674.56268637447,388106.29061844735,417259.3776984743,NA,NA,1235.9999999999995,1818.58142961195,1.4713441987151703,403674.56268637447,417259.3776984743,13584.815012099803,3.3652888410147908,la salle,La Salle,7040,0,0,NA,0,0,27,49,0,0,13584.815012099803,0
la salle,2025-05-01,GAMM,383372.9999999998,355260.7553942482,371512.06877924624,358287.56792739313,381180.2889328545,NA,NA,1256.9999999999995,1700.65622619897,1.3529484695298095,371512.06877924624,381180.2889328545,9668.220153608245,2.602397328672823,la salle,La Salle,7040,0,0,NA,0,0,27,49,0,0,9668.220153608245,0
la salle,2025-06-01,GAMM,356227.00000000023,348992.89368551265,374615.28966231016,350924.77050891536,381860.0110944508,NA,NA,2320.0000000000005,2824.13293975205,1.2172986809276074,374615.28966231016,381860.0110944508,7244.721432140621,1.9339097020496077,la salle,La Salle,7040,0,0,NA,0,0,27,49,0,0,7244.721432140621,0
la salle,2025-07-01,GAMM,410254.0000000003,377617.6181119521,393183.7006496389,382121.8994443587,409896.87287614273,NA,NA,3129,4773.24690502597,1.5254863870329085,393183.7006496389,409896.87287614273,16713.17222650384,4.250728654033575,la salle,La Salle,7040,0,0,NA,0,0,27,49,0,0,16713.17222650384,0
la salle,2025-08-01,GAMM,479252.0000000003,422801.8272843453,450983.89829725376,428740.6090434461,473110.44912188983,NA,NA,3926.999999999997,6453.54392403932,1.6433776226226957,450983.89829725376,473110.44912188983,22126.55082463607,4.906283995543448,la salle,La Salle,7040,0,0,NA,0,0,27,49,0,0,22126.55082463607,0
la salle,2025-09-01,GAMM,268470.00000000006,350620.8403413543,366149.07323859166,359002.82793210953,396500.5501061649,NA,NA,1488.0000000000005,3452.18141616561,2.3200143925844143,366149.07323859166,396500.5501061649,30351.47686757322,8.289376946693917,la salle,La Salle,7040,0,0,NA,0,0,27,49,0,0,30351.47686757322,0
lillianes,2025-01-01,Mixed,59745.000000000015,49479.41537246608,50384.56010982616,49454.38901947647,50566.65633457623,NA,NA,69.00000000000003,81.8676836918201,1.1864881694466678,49479.41537246608,49454.38901947647,-25.02635298961104,-0.05057932233277773,lillianes,Lillianes,7042,0,0,NA,NA,NA,42,70,-0,-0,25.02635298961104,0
lillianes,2025-02-01,Mixed,52177.00000000001,43547.199768407176,42599.114292304635,43496.761210536904,43002.56225988078,NA,NA,64.99999999999997,96.1456864702523,1.4791644072346517,43547.199768407176,43496.761210536904,-50.438557870271325,-0.1158250315485554,lillianes,Lillianes,7042,0,0,NA,NA,NA,42,70,-0,-0,50.438557870271325,0
lillianes,2025-03-01,Mixed,52437.99999999998,43955.952179350694,42099.64542783092,43914.34977479601,42156.10454962926,NA,NA,35.99999999999999,49.7421566511607,1.381726573643353,43955.952179350694,43914.34977479601,-41.60240455468738,-0.09464566797448004,lillianes,Lillianes,7042,0,0,NA,NA,NA,42,70,-0,-0,41.60240455468738,0
lillianes,2025-04-01,Mixed,45397.000000000015,40699.7883468532,38237.20710521663,40653.66897413311,38372.29991535282,NA,NA,45,66.1426445178802,1.4698365448417825,40699.7883468532,40653.66897413311,-46.11937272009527,-0.11331600136849083,lillianes,Lillianes,7042,0,0,NA,NA,NA,42,70,-0,-0,46.11937272009527,0
lillianes,2025-05-01,Mixed,44166,38851.62827028062,37244.57666551595,38814.55702695804,37866.20450428733,NA,NA,107.99999999999996,148.86919544321,1.378418476326019,38851.62827028062,38814.55702695804,-37.07124332257808,-0.09541747662332734,lillianes,Lillianes,7042,0,0,NA,NA,NA,42,70,-0,-0,37.07124332257808,0
lillianes,2025-06-01,Mixed,39825.99999999999,38182.62552678452,37593.52399140872,38150.28144068769,38427.110899555875,NA,NA,243.00000000000009,322.705028553129,1.3280042327289256,38182.62552678452,38150.28144068769,-32.34408609682578,-0.08470891053350416,lillianes,Lillianes,7042,0,0,NA,NA,NA,42,70,-0,-0,32.34408609682578,0
lillianes,2025-07-01,Mixed,42416.00000000001,39985.145412816775,40250.09178218152,39919.81443344678,42250.71785810225,NA,NA,514.0000000000001,887.549878106396,1.726750735615556,39985.145412816775,39919.81443344678,-65.33097936999548,-0.16338812500368283,lillianes,Lillianes,7042,0,0,NA,NA,NA,42,70,-0,-0,65.33097936999548,0
lillianes,2025-08-01,Mixed,45914.99999999997,41493.38813105601,42909.61640781975,41415.82617145002,45416.676550041135,NA,NA,535,999.451586415755,1.8681338063845887,41493.38813105601,41415.82617145002,-77.56195960599143,-0.1869260696692576,lillianes,Lillianes,7042,0,0,NA,NA,NA,42,70,-0,-0,77.56195960599143,0
lillianes,2025-09-01,Mixed,27020.00000000002,38151.352471384875,36606.130899688,38050.40879807858,39112.18519639469,NA,NA,162,393.431423753479,2.4285890355153024,38151.352471384875,38050.40879807858,-100.94367330629755,-0.2645874045540286,lillianes,Lillianes,7042,0,0,NA,NA,NA,42,70,-0,-0,100.94367330629755,0
montjovet,2025-01-01,Mixed,247312.99999999985,220542.24802077195,239139.4134033458,220728.1309925253,241055.53279393096,NA,NA,510,670.223206666796,1.314163150327051,220542.24802077195,220728.1309925253,185.88297175330808,0.08428451846369533,montjovet,Montjovet,7043,0,0,NA,0,0,49,45,0,0,185.88297175330808,0
montjovet,2025-02-01,Mixed,215738.0000000001,197770.40314878963,210677.061500018,198075.76891279977,213801.77974720125,NA,NA,450.0000000000001,742.167175055623,1.6492603890124953,197770.40314878963,198075.76891279977,305.3657640101155,0.15440417734313705,montjovet,Montjovet,7043,0,0,NA,0,0,49,45,0,0,305.3657640101155,0
montjovet,2025-03-01,Mixed,215133.00000000015,207878.09994016457,215218.453109299,208131.92454850307,217140.54543246052,NA,NA,298.0000000000001,442.844691436119,1.4860560115306,207878.09994016457,208131.92454850307,253.8246083385311,0.12210262091658652,montjovet,Montjovet,7043,0,0,NA,0,0,49,45,0,0,253.8246083385311,0
montjovet,2025-04-01,Mixed,193507.99999999997,190435.32474146015,198043.8634360624,190665.31917942772,200170.60613729048,NA,NA,210.99999999999997,312.349180613034,1.4803278702039526,190435.32474146015,190665.31917942772,229.9944379675435,0.12077299118731231,montjovet,Montjovet,7043,0,0,NA,0,0,49,45,0,0,229.9944379675435,0
montjovet,2025-05-01,Mixed,192988.9999999999,184540.5742636534,200825.94553995068,184719.95889590264,203895.12931595085,NA,NA,733.9999999999999,1005.66106394539,1.3701104413424934,184540.5742636534,184719.95889590264,179.38463224921725,0.0972060659098828,montjovet,Montjovet,7043,0,0,NA,0,0,49,45,0,0,179.38463224921725,0
montjovet,2025-06-01,Mixed,189174.9999999999,179585.0048989945,195912.33480034804,179677.01186128773,196726.17020379312,NA,NA,467.00000000000017,551.403179971994,1.180734860753734,179585.0048989945,179677.01186128773,92.00696229323512,0.05123309841208456,montjovet,Montjovet,7043,0,0,NA,0,0,49,45,0,0,92.00696229323512,0
montjovet,2025-07-01,Mixed,188968,192652.0043202596,200560.32741872384,192914.83264444597,203917.56255825676,NA,NA,565.9999999999998,880.565900441823,1.555770142123363,192652.0043202596,192914.83264444597,262.8283241863828,0.13642646756453214,montjovet,Montjovet,7043,0,0,NA,0,0,49,45,0,0,262.8283241863828,0
montjovet,2025-08-01,Mixed,194705.00000000015,191188.0220737617,208995.0374332461,191499.24185224905,218055.84315818007,NA,NA,1095.0000000000005,1854.58272435905,1.6936828532959354,191188.0220737617,191499.24185224905,311.2197784873133,0.1627820483268705,montjovet,Montjovet,7043,0,0,NA,0,0,49,45,0,0,311.2197784873133,0
montjovet,2025-09-01,Mixed,118587.00000000007,172531.16713219753,184098.24362508388,172985.0035392911,189267.91721745615,NA,NA,394.00000000000006,923.54630137919,2.3440261456324616,172531.16713219753,172985.0035392911,453.8364070935641,0.26304604242652907,montjovet,Montjovet,7043,0,0,NA,0,0,49,45,0,0,453.8364070935641,0
morgex,2025-01-01,Mixed,999514.0000000002,1207615.4308062373,1273146.068720731,1219411.0602292104,1300540.58581605,NA,NA,1334.9999999999995,1721.80890303116,1.2897444966525549,1207615.4308062373,1219411.0602292104,11795.629422973145,0.9767703460942024,morgex,Morgex,7044,0,0,NA,NA,NA,38,27,0,0,11795.629422973145,0
morgex,2025-02-01,Mixed,855066.0000000007,1103846.078055509,1152730.5196873075,1123929.341645935,1197444.6779809569,NA,NA,1419.0000000000005,2274.76851487672,1.6030785869462434,1103846.078055509,1123929.341645935,20083.263590426417,1.8193898578508616,morgex,Morgex,7044,0,0,NA,NA,NA,38,27,0,0,20083.263590426417,0
morgex,2025-03-01,Mixed,950398.9999999992,1110817.2785987149,1154426.2871759494,1126451.3663426412,1190338.4039208677,NA,NA,1256,1810.8289648883,1.4417428064397293,1110817.2785987149,1126451.3663426412,15634.087743926328,1.4074400934461997,morgex,Morgex,7044,0,0,NA,NA,NA,38,27,0,0,15634.087743926328,0
morgex,2025-04-01,Mixed,1000622,1049724.4931486428,1050749.0356468998,1065992.1896743348,1089497.962833847,NA,NA,704.9999999999999,1054.63615741841,1.4959378119410074,1049724.4931486428,1065992.1896743348,16267.696525692008,1.549711055793046,morgex,Morgex,7044,0,0,NA,NA,NA,38,27,0,0,16267.696525692008,0
morgex,2025-05-01,Mixed,1026550,1004701.925470556,1023997.1731619686,1016687.226641173,1053028.9219377306,NA,NA,746.0000000000001,1017.69503628922,1.3642024615136994,1004701.925470556,1016687.226641173,11985.301170616993,1.192921090999555,morgex,Morgex,7044,0,0,NA,NA,NA,38,27,0,0,11985.301170616993,0
morgex,2025-06-01,Mixed,1006171,1045542.604779384,1056305.368374631,1054252.8924367174,1075836.9482467691,NA,NA,1308.9999999999998,1626.51427470705,1.2425624711283807,1045542.604779384,1054252.8924367174,8710.287657333422,0.8330877782997126,morgex,Morgex,7044,0,0,NA,NA,NA,38,27,0,0,8710.287657333422,0
morgex,2025-07-01,Mixed,1187218.000000001,1141359.8407857046,1112368.5528302845,1160700.818248727,1148047.7370898798,NA,NA,2594.999999999999,4028.09139289197,1.5522510184554803,1141359.8407857046,1160700.818248727,19340.977463022107,1.6945556319651,morgex,Morgex,7044,0,0,NA,NA,NA,38,27,0,0,19340.977463022107,0
morgex,2025-08-01,Mixed,1141522.9999999995,1204099.5484442064,1186573.705796118,1228390.258843779,1231177.140850857,NA,NA,2948.0000000000005,4971.55200962484,1.6864152000084258,1204099.5484442064,1228390.258843779,24290.710399572738,2.017334067682208,morgex,Morgex,7044,0,0,NA,NA,NA,38,27,0,0,24290.710399572738,0
morgex,2025-09-01,Mixed,814625.9999999997,986074.8046494354,1018368.6960931368,1019087.8672001224,1091351.8640398462,NA,NA,1191.9999999999998,2822.34488762328,2.36773899968396,986074.8046494354,1019087.8672001224,33013.062550687,3.3479267896337372,morgex,Morgex,7044,0,0,NA,NA,NA,38,27,0,0,33013.062550687,0
nus,2025-01-01,Mixed,389272.9999999997,356114.47111582034,394499.95114172046,357079.7683289388,403721.4584983972,NA,NA,1505,1967.50659828567,1.3073133543426378,356114.47111582034,357079.7683289388,965.2972131184652,0.27106374253589305,nus,Nus,7045,0,0,NA,NA,NA,48,55,0,0,965.2972131184652,0
nus,2025-02-01,Mixed,324910.99999999994,305401.3345109757,334598.315322875,306818.0963322455,348275.680956533,NA,NA,1454.000000000001,2299.00720125481,1.581160386007434,305401.3345109757,306818.0963322455,1416.7618212698144,0.463901647168119,nus,Nus,7045,0,0,NA,NA,NA,48,55,0,0,1416.7618212698144,0
nus,2025-03-01,Mixed,317921.00000000006,308418.35287569184,338844.9737179778,309592.407915577,350348.10126680863,NA,NA,1597,2326.18346489505,1.4565957826518785,308418.35287569184,309592.407915577,1174.0550398851628,0.3806696420424638,nus,Nus,7045,0,0,NA,NA,NA,48,55,0,0,1174.0550398851628,0
nus,2025-04-01,Mixed,279485.9999999998,283995.2831941924,301205.814456876,285274.1281807308,311557.3732803362,NA,NA,1023,1596.16782980373,1.5602813585569208,283995.2831941924,285274.1281807308,1278.8449865384027,0.4503050093490169,nus,Nus,7045,0,0,NA,NA,NA,48,55,0,0,1278.8449865384027,0
nus,2025-05-01,Mixed,270834.0000000002,268406.265060096,293143.99428268895,269299.77050092246,301545.3725954006,NA,NA,1446,2009.32746790566,1.389576395508755,268406.265060096,269299.77050092246,893.5054408264696,0.3328929153819882,nus,Nus,7045,0,0,NA,NA,NA,48,55,0,0,893.5054408264696,0
nus,2025-06-01,Mixed,275680,261949.97922990096,280418.02327637206,262478.3533915143,284687.62004849623,NA,NA,1144.0000000000005,1396.61362528524,1.220816106018566,261949.97922990096,262478.3533915143,528.3741616133193,0.2017080372240132,nus,Nus,7045,0,0,NA,NA,NA,48,55,0,0,528.3741616133193,0
nus,2025-07-01,Mixed,295710.00000000023,278292.44976456737,296170.5683444394,279518.98715751333,308387.8588968295,NA,NA,2260,3492.47936278801,1.545344850791155,278292.44976456737,279518.98715751333,1226.5373929459602,0.44073685577297184,nus,Nus,7045,0,0,NA,NA,NA,48,55,0,0,1226.5373929459602,0
nus,2025-08-01,Mixed,310658.9999999998,294093.89377336396,319129.23963610065,295662.7055589658,335044.96565993165,NA,NA,2532.999999999999,4288.46428764271,1.6930376184929772,294093.89377336396,295662.7055589658,1568.8117856018362,0.5334390882698159,nus,Nus,7045,0,0,NA,NA,NA,48,55,0,0,1568.8117856018362,0
nus,2025-09-01,Mixed,161882.99999999985,257894.31381972565,272805.65194617445,260149.0239131829,292955.46984102397,NA,NA,1036.0000000000002,2452.5850667006,2.3673601029928566,257894.31381972565,260149.0239131829,2254.710093457252,0.8742767764291726,nus,Nus,7045,0,0,NA,NA,NA,48,55,0,0,2254.710093457252,0
ollomont,2025-01-01,Mixed,57831.99999999998,58660.95868876345,64037.19710240824,59123.06316688705,64345.52603406573,NA,NA,40.00000000000001,46.3511369764708,1.1587784244117698,58660.95868876345,59123.06316688705,462.1044781235978,0.7877547323687173,ollomont,Ollomont,7046,0,0,NA,NA,NA,30,28,0,0,462.1044781235978,0
ollomont,2025-02-01,Mixed,41794.000000000015,42522.86990474568,46559.85423735675,43564.006539528615,47121.035018909286,NA,NA,14,22.3832239498988,1.5988017107070571,42522.86990474568,43564.006539528615,1041.1366347829317,2.4484157280897367,ollomont,Ollomont,7046,0,0,NA,NA,NA,30,28,0,0,1041.1366347829317,0
ollomont,2025-03-01,Mixed,37672.00000000002,38193.37995724195,41893.84070988246,38723.99430797836,42220.32189520934,NA,NA,3.999999999999999,5.44091795102594,1.3602294877564851,38193.37995724195,38723.99430797836,530.6143507364104,1.3892835651896809,ollomont,Ollomont,7046,0,0,NA,NA,NA,30,28,0,0,530.6143507364104,0
ollomont,2025-04-01,Mixed,30131,30922.711056669395,34241.37749144351,31231.65224405482,34444.82481981321,NA,NA,2.0000000000000004,2.60049321330592,1.30024660665296,30922.711056669395,31231.65224405482,308.941187385426,0.999075361857038,ollomont,Ollomont,7046,0,0,NA,NA,NA,30,28,0,0,308.941187385426,0
ollomont,2025-05-01,Mixed,31020.999999999996,30934.107665291787,32247.152345306473,31445.800037479567,32510.522903854904,NA,NA,16.999999999999996,23.3245327904818,1.3720313406165767,30934.107665291787,31445.800037479567,511.69237218777926,1.6541365205174463,ollomont,Ollomont,7046,0,0,NA,NA,NA,30,28,0,0,511.69237218777926,0
ollomont,2025-06-01,Mixed,29769.000000000004,30399.2969689607,31430.821957605083,30987.083584287615,31893.07327323643,NA,NA,51.00000000000001,72.9017977216199,1.4294470141494096,30399.2969689607,30987.083584287615,587.7866153269133,1.9335533184437592,ollomont,Ollomont,7046,0,0,NA,NA,NA,30,28,0,0,587.7866153269133,0
ollomont,2025-07-01,Mixed,42253.00000000003,40783.53651313113,43280.11029734911,42068.860568320975,45130.70218752896,NA,NA,314,555.731980550027,1.7698470718153725,40783.53651313113,42068.860568320975,1285.3240551898489,3.1515757707181846,ollomont,Ollomont,7046,0,0,NA,NA,NA,30,28,0,0,1285.3240551898489,0
ollomont,2025-08-01,Mixed,49271.99999999996,43798.94115879036,48400.10762536433,45487.76681478513,50914.41608117389,NA,NA,357.9999999999999,717.901001774636,2.0053100608230063,43798.94115879036,45487.76681478513,1688.8256559947697,3.855859551197915,ollomont,Ollomont,7046,0,0,NA,NA,NA,30,28,0,0,1688.8256559947697,0
ollomont,2025-09-01,Mixed,20058.000000000007,33739.120426108675,34305.403254313365,35585.021639028775,36307.26470601936,NA,NA,61.00000000000001,163.808944274398,2.6853925290884915,33739.120426108675,35585.021639028775,1845.9012129201,5.471100578815524,ollomont,Ollomont,7046,0,0,NA,NA,NA,30,28,0,0,1845.9012129201,0
oyace,2025-01-01,Prophet,32062.99999999998,32771.12172653058,33335.00077689009,32771.09347361447,33335.21913300594,31071.55666275345,31071.554058528836,0,1.9341203622537e-4,193412.03622537,31071.55666275345,31071.554058528836,-0.00260422461360576,-8.381378002741968e-6,oyace,Oyace,7047,0,0,NA,NA,NA,71,50,-0,-0,0.00260422461360576,0
oyace,2025-02-01,Prophet,27610.999999999993,28326.364508683186,29803.170332293157,28270.460747618952,30147.75977219117,25913.56081611536,25908.584494303184,6.999999999999998,11.4607915570473,1.637255936721043,25913.56081611536,25908.584494303184,-4.976321812177048,-0.01920354306954586,oyace,Oyace,7047,0,0,NA,NA,NA,71,50,-0,-0,4.976321812177048,0
oyace,2025-03-01,Prophet,29587.000000000015,28654.260896212527,29145.01349438051,28654.236025403337,29145.20569636372,27528.20388862345,27528.20156576933,0,1.9472002278867e-4,194720.02278866997,27528.20388862345,27528.20156576933,-0.00232285412130295,-8.438088194839821e-6,oyace,Oyace,7047,0,0,NA,NA,NA,71,50,-0,-0,0.00232285412130295,0
oyace,2025-04-01,Prophet,26240.00000000001,27719.96960217759,28227.050024644028,27719.955203406156,28227.161425980845,25640.49131557846,25640.490020777634,0,1.1652658808269e-4,116526.58808269,25640.49131557846,25640.490020777634,-0.00129480082614463,-5.049828455394589e-6,oyace,Oyace,7047,0,0,NA,NA,NA,71,50,-0,-0,0.00129480082614463,0
oyace,2025-05-01,Prophet,25524,25566.972251132633,27250.428771123657,25540.280144268178,27445.13117289914,24903.938768175507,24901.409939835907,3,4.05615913064017,1.3520530435467233,24903.938768175507,24901.409939835907,-2.5288283396002953,-0.01015433085963524,oyace,Oyace,7047,0,0,NA,NA,NA,71,50,-0,-0,2.5288283396002953,0
oyace,2025-06-01,Prophet,22237.000000000007,23318.32170589576,24348.731874790716,23303.334378826392,24436.4006060018,21498.423217543823,21497.079513371416,10.000000000000002,11.7065413014901,1.17065413014901,21498.423217543823,21497.079513371416,-1.343704172410071,-0.00625024523339678,oyace,Oyace,7047,0,0,NA,NA,NA,71,50,-0,-0,1.343704172410071,0
oyace,2025-07-01,Prophet,23680.99999999998,24580.52554509284,25671.929555748586,24539.098326011084,25888.094463122085,22836.753244625368,22833.008661349464,17.999999999999996,26.7383761727199,1.4854653429288835,22836.753244625368,22833.008661349464,-3.744583275904006,-0.01639717886248171,oyace,Oyace,7047,0,0,NA,NA,NA,71,50,-0,-0,3.744583275904006,0
oyace,2025-08-01,Prophet,28939.00000000001,26066.164782246768,28201.58256254761,26013.9633317538,28483.89907957903,24378.126833024744,24373.376299581476,20,31.9241212144797,1.596206060723985,24378.126833024744,24373.376299581476,-4.750533443268068,-0.01948686819051026,oyace,Oyace,7047,0,0,NA,NA,NA,71,50,-0,-0,4.750533443268068,0
oyace,2025-09-01,Prophet,17667.999999999985,24591.571500518727,26029.90580553814,24509.635241697157,26523.081548421986,22574.989496538245,22567.6660489491,6.999999999999998,15.9131647682058,2.273309252600829,22574.989496538245,22567.6660489491,-7.3234475891440525,-0.03244053597574181,oyace,Oyace,7047,0,0,NA,NA,NA,71,50,-0,-0,7.3234475891440525,0
perloz,2025-01-01,GAMM,104022.00000000007,90115.55347787954,95029.39584237892,90299.54760887777,95295.45100112082,NA,NA,60.00000000000001,75.4354630246587,1.2572577170776449,95029.39584237892,95295.45100112082,266.0551587418886,0.2799714302963441,perloz,Perloz,7048,0,0,NA,NA,NA,61,47,0,0,266.0551587418886,0
perloz,2025-02-01,GAMM,91362.99999999996,80424.44703951274,81632.50072879136,80725.55787734917,82050.34925556162,NA,NA,54.000000000000014,82.1478314908253,1.521256138718987,81632.50072879136,82050.34925556162,417.8485267702635,0.5118654004714118,perloz,Perloz,7048,0,0,NA,NA,NA,61,47,0,0,417.8485267702635,0
perloz,2025-03-01,GAMM,93443,80760.99979564465,81075.97865178855,81025.30986978889,81970.74214782978,NA,NA,82.00000000000003,118.126995827864,1.440573119851999,81075.97865178855,81970.74214782978,894.7634960412252,1.103611095321,perloz,Perloz,7048,0,0,NA,NA,NA,61,47,0,0,894.7634960412252,0
perloz,2025-04-01,GAMM,84366.99999999996,76992.92152473574,78461.02126395458,77300.74447352218,79383.69963237773,NA,NA,73.00000000000003,114.046811198187,1.5622850849066707,78461.02126395458,79383.69963237773,922.6783684231486,1.1759703781054842,perloz,Perloz,7048,0,0,NA,NA,NA,61,47,0,0,922.6783684231486,0
perloz,2025-05-01,GAMM,80741.99999999996,74655.91429629292,76601.43711798727,74867.3945476582,77533.55784676936,NA,NA,99.00000000000004,135.729646601532,1.3710065313286055,76601.43711798727,77533.55784676936,932.1207287820872,1.216844962512087,perloz,Perloz,7048,0,0,NA,NA,NA,61,47,0,0,932.1207287820872,0
perloz,2025-06-01,GAMM,73154.00000000006,72325.42667036965,73351.82998943311,72462.62853311995,73707.21716897232,NA,NA,77,95.1879705629825,1.2362074099088636,73351.82998943311,73707.21716897232,355.3871795392042,0.4844966779839144,perloz,Perloz,7048,0,0,NA,NA,NA,61,47,0,0,355.3871795392042,0
perloz,2025-07-01,GAMM,77024.00000000001,75217.50391871265,74255.00178835233,75542.24510786156,76329.6627326815,NA,NA,182.00000000000009,293.690378230456,1.6136833968706368,74255.00178835233,76329.6627326815,2074.660944329182,2.7939679406951523,perloz,Perloz,7048,0,0,NA,NA,NA,61,47,0,0,2074.660944329182,0
perloz,2025-08-01,GAMM,79823.99999999996,78122.20841223221,78744.90039829545,78531.75847189937,81400.37642313422,NA,NA,168,300.315103969313,1.787589904579244,78744.90039829545,81400.37642313422,2655.4760248387756,3.372251423783945,perloz,Perloz,7048,0,0,NA,NA,NA,61,47,0,0,2655.4760248387756,0
perloz,2025-09-01,GAMM,58157.00000000001,70374.26533139913,72263.7713113808,70918.55265955345,75055.59202442439,NA,NA,89,210.000141730233,2.359552154272281,72263.7713113808,75055.59202442439,2791.8207130435912,3.863375329546237,perloz,Perloz,7048,0,0,NA,NA,NA,61,47,0,0,2791.8207130435912,0
pollein,2025-01-01,GAMM,484078.9999999998,431642.5238597327,478086.9691369504,441586.1956409287,499471.9318489654,NA,NA,2204.0000000000005,2929.82786681662,1.3293229885737836,478086.9691369504,499471.9318489654,21384.962712014967,4.47302773188305,pollein,Pollein,7049,0.0434782608695652,0,0,0.173913043478261,1.73913043478261,22,19,0,0,21384.962712014967,0
pollein,2025-02-01,GAMM,415201.99999999977,389304.1500792664,429438.47732685035,404271.030605435,456548.4768048427,NA,NA,2626.000000000001,4207.78741968473,1.602356214655266,429438.47732685035,456548.4768048427,27109.999477992416,6.312894840431049,pollein,Pollein,7049,0.0434782608695652,0,0,0.173913043478261,1.73913043478261,22,19,0,0,27109.999477992416,0
pollein,2025-03-01,GAMM,418980.0000000002,393923.2717851576,429883.65470559546,406412.2677090898,452087.5032336174,NA,NA,2750.0000000000005,4062.02221949347,1.477098988906716,429883.65470559546,452087.5032336174,22203.848528021947,5.165083223093969,pollein,Pollein,7049,0.0434782608695652,0,0,0.173913043478261,1.73913043478261,22,19,0,0,22203.848528021947,0
pollein,2025-04-01,GAMM,381937.9999999997,373653.09755562694,405457.204896759,387430.28099170246,429811.76360141864,NA,NA,2679.9999999999995,4213.68361192959,1.57227000445134,405457.204896759,429811.76360141864,24354.558704659634,6.0066903265070914,pollein,Pollein,7049,0.0434782608695652,0,0,0.173913043478261,1.73913043478261,22,19,0,0,24354.558704659634,0
pollein,2025-05-01,GAMM,389721.0000000002,365965.0711209308,408027.7601689357,375375.027084305,423021.6883451727,NA,NA,3534.000000000002,4853.50811702844,1.3733752453391166,408027.7601689357,423021.6883451727,14993.928176237036,3.6747323687067457,pollein,Pollein,7049,0.0434782608695652,0,0,0.173913043478261,1.73913043478261,22,19,0,0,14993.928176237036,0
pollein,2025-06-01,GAMM,459321.00000000006,377761.1825716187,429368.9422239051,383114.68502018665,438224.5799636872,NA,NA,3643.9999999999977,4344.64619468205,1.1922739282881594,429368.9422239051,438224.5799636872,8855.637739782047,2.062477480069824,pollein,Pollein,7049,0.0434782608695652,0,0,0.173913043478261,1.73913043478261,22,19,0,0,8855.637739782047,0
pollein,2025-07-01,GAMM,482228.0000000001,412255.5706647503,442783.4650081693,426003.1439139174,462029.1878367885,NA,NA,4059.000000000001,6115.7297295899,1.5067084822837888,442783.4650081693,462029.1878367885,19245.72282861924,4.3465315102189095,pollein,Pollein,7049,0.0434782608695652,0,0,0.173913043478261,1.73913043478261,22,19,0,0,19245.72282861924,0
pollein,2025-08-01,GAMM,485216.0000000004,425724.24795361765,462261.0527074723,443525.2122181419,487577.069281696,NA,NA,3847.9999999999977,6420.19244803703,1.668449180882805,462261.0527074723,487577.069281696,25316.01657422364,5.4765627400247485,pollein,Pollein,7049,0.0434782608695652,0,0,0.173913043478261,1.73913043478261,22,19,0,0,25316.01657422364,0
pollein,2025-09-01,GAMM,342987,359225.62008073094,401003.7168946527,384425.56178784743,437520.8772652005,NA,NA,3430.000000000002,8002.99073873269,2.3332334515255644,401003.7168946527,437520.8772652005,36517.16037054779,9.106439375009876,pollein,Pollein,7049,0.0434782608695652,0,0,0.173913043478261,1.73913043478261,22,19,0,0,36517.16037054779,0
pontboset,2025-01-01,GAMM,26693.00000000001,25353.42654399296,27878.607004010988,25556.17972487957,28298.279496927906,NA,NA,141.99999999999994,173.770803141638,1.2237380502932258,27878.607004010988,28298.279496927906,419.6724929169177,1.5053567520663336,pontboset,Pontboset,7050,0,0,NA,0,0,29,29,0,0,419.6724929169177,0
pontboset,2025-02-01,GAMM,22801.00000000001,21745.23914626834,22265.93782982616,22092.68872227662,22929.53225392835,NA,NA,121.00000000000004,180.871267158086,1.4948038608106278,22265.93782982616,22929.53225392835,663.5944241021934,2.980312031650789,pontboset,Pontboset,7050,0,0,NA,0,0,29,29,0,0,663.5944241021934,0
pontboset,2025-03-01,GAMM,22423.000000000004,21348.245224189457,21762.933931968702,21634.560014445353,22294.2594411276,NA,NA,113.00000000000004,158.455639535341,1.4022622967729288,21762.933931968702,22294.2594411276,531.3255091588981,2.44142407829675,pontboset,Pontboset,7050,0,0,NA,0,0,29,29,0,0,531.3255091588981,0
pontboset,2025-04-01,GAMM,21092.000000000004,20802.52899404497,21839.82687252182,21166.56298448044,22518.639577060498,NA,NA,87.00000000000003,135.224209913923,1.5543012633784248,21839.82687252182,22518.639577060498,678.8127045386755,3.1081414175161637,pontboset,Pontboset,7050,0,0,NA,0,0,29,29,0,0,678.8127045386755,0
pontboset,2025-05-01,GAMM,21246.000000000004,20297.827135944823,21491.804106013202,20557.421032375623,22045.894237005512,NA,NA,162,223.492609748671,1.3795840107942654,21491.804106013202,22045.894237005512,554.0901309923138,2.5781462005662226,pontboset,Pontboset,7050,0,0,NA,0,0,29,29,0,0,554.0901309923138,0
pontboset,2025-06-01,GAMM,19708.000000000015,19777.958377044313,20460.272826182805,19978.8132479922,20946.399324864946,NA,NA,236.00000000000009,304.688264959192,1.2910519701660672,20460.272826182805,20946.399324864946,486.126498682137,2.375953159627686,pontboset,Pontboset,7050,0,0,NA,0,0,29,29,0,0,486.126498682137,0
pontboset,2025-07-01,GAMM,24106.000000000015,22276.98983675246,23763.13225239156,22726.790870798093,25305.161156059436,NA,NA,473.00000000000017,783.244398600353,1.6559078194510628,23763.13225239156,25305.161156059436,1542.0289036678732,6.48916517944591,pontboset,Pontboset,7050,0,0,NA,0,0,29,29,0,0,1542.0289036678732,0
pontboset,2025-08-01,GAMM,27320.99999999998,23798.963751847376,26706.030556070786,24361.10199862399,28771.474371263717,NA,NA,494,890.220066732311,1.802064912413585,26706.030556070786,28771.474371263717,2065.4438151929353,7.733997798199255,pontboset,Pontboset,7050,0,0,NA,0,0,29,29,0,0,2065.4438151929353,0
pontboset,2025-09-01,GAMM,14415.000000000002,19912.05980058756,20733.487376183428,20604.583132332897,22410.18734399153,NA,NA,163.00000000000006,386.994619462649,2.3742001194027536,20733.487376183428,22410.18734399153,1676.699967808101,8.086917253168547,pontboset,Pontboset,7050,0,0,NA,0,0,29,29,0,0,1676.699967808101,0
pontey,2025-01-01,Prophet,141698,125981.1019241132,129230.68015325336,125559.4686604017,129813.58979410662,155944.08056957266,155756.71736445234,78,101.177642858688,1.297149267419077,155944.08056957266,155756.71736445234,-187.3632051203167,-0.12014768655276288,pontey,Pontey,7051,0,0,NA,NA,NA,67,71,-0,-0,187.3632051203167,0
pontey,2025-02-01,Prophet,112351.00000000006,110449.43967879492,110270.96631261786,109774.29784956871,112283.93184343184,116751.61047863904,116495.18131730604,86,138.272986057591,1.607825419274314,116751.61047863904,116495.18131730604,-256.4291613330133,-0.2196365088941832,pontey,Pontey,7051,0,0,NA,NA,NA,67,71,-0,-0,256.4291613330133,0
pontey,2025-03-01,Prophet,120796,105016.17777884856,103979.94026519106,104494.02376851068,104331.15158083338,122479.89728209768,122261.16124245888,67.00000000000001,98.6856348928607,1.47291992377404,122479.89728209768,122261.16124245888,-218.73603963881033,-0.1785893395509719,pontey,Pontey,7051,0,0,NA,NA,NA,67,71,-0,-0,218.73603963881033,0
pontey,2025-04-01,Prophet,127822.00000000012,96845.72207822574,96581.24116763187,96317.40331523334,95417.12469681332,108120.30802523416,107908.4213382175,33.00000000000001,50.7354925945194,1.5374391695308909,108120.30802523416,107908.4213382175,-211.886687016653,-0.19597307007968023,pontey,Pontey,7051,0,0,NA,NA,NA,67,71,-0,-0,211.886687016653,0
pontey,2025-05-01,Prophet,115664.00000000006,87938.48992087862,87978.81360273888,87564.65951568559,87718.65830720661,101845.41049538528,101689.93951872732,56.00000000000001,78.04141564111,1.3935967078769642,101845.41049538528,101689.93951872732,-155.47097665794718,-0.1526538858272808,pontey,Pontey,7051,0,0,NA,NA,NA,67,71,-0,-0,155.47097665794718,0
pontey,2025-06-01,Prophet,111952.00000000004,80218.8811446866,81863.14505110888,80019.38587478026,82101.18800195942,91355.77948969918,91274.2418857958,78.99999999999997,95.844628457839,1.213223145035937,91355.77948969918,91274.2418857958,-81.53760390338721,-0.08925281395314455,pontey,Pontey,7051,0,0,NA,NA,NA,67,71,-0,-0,81.53760390338721,0
pontey,2025-07-01,Prophet,122495.9999999999,85177.70269239714,83805.66740206255,84666.03802691007,86585.37025163104,101069.16058105604,100851.02032436346,136.00000000000003,216.532947314693,1.5921540243727423,101069.16058105604,100851.02032436346,-218.14025669256807,-0.21583265898169612,pontey,Pontey,7051,0,0,NA,NA,NA,67,71,-0,-0,218.14025669256807,0
pontey,2025-08-01,Prophet,105827.00000000007,85420.59914610378,93107.23333923703,84793.04098883666,96192.876608332,100842.65206754976,100576.3461261166,349.9999999999999,617.101122400773,1.763146064002209,100842.65206754976,100576.3461261166,-266.305941433151,-0.26408066028922317,pontey,Pontey,7051,0,0,NA,NA,NA,67,71,-0,-0,266.305941433151,0
pontey,2025-09-01,Prophet,91826.99999999993,85052.42711418781,84255.15824404244,84109.13436736116,82910.2822239056,101307.147219168,100902.7852918114,33.99999999999999,81.3686580426564,2.3931958247840126,101307.147219168,100902.7852918114,-404.3619273566146,-0.3991445208518352,pontey,Pontey,7051,0,0,NA,NA,NA,67,71,-0,-0,404.3619273566146,0
quart,2025-01-01,Mixed,903170.0000000006,862354.992458365,898574.3144522706,865257.0804523862,913104.7042975124,NA,NA,747.9999999999998,993.303062949392,1.3279452713227171,862354.992458365,865257.0804523862,2902.0879940211307,0.3365305494142268,quart,Quart,7054,0,0,NA,NA,NA,57,26,0,0,2902.0879940211307,0
quart,2025-02-01,Mixed,738072.0000000002,741756.2439764357,767113.2337707682,746149.627551807,789742.9224451875,NA,NA,738.9999999999998,1216.59097830275,1.646266547094385,741756.2439764357,746149.627551807,4393.383575371234,0.592294788355141,quart,Quart,7054,0,0,NA,NA,NA,57,26,0,0,4393.383575371234,0
quart,2025-03-01,Mixed,704118.9999999995,716258.5473423577,734006.0248536201,719579.1961922289,749387.7065039814,NA,NA,600,886.697485291978,1.4778291421532963,716258.5473423577,719579.1961922289,3320.6488498712424,0.4636103627932098,quart,Quart,7054,0,0,NA,NA,NA,57,26,0,0,3320.6488498712424,0
quart,2025-04-01,Mixed,597630.9999999998,651391.7682945202,663035.5163560209,654601.950727977,676215.2900031741,NA,NA,456.00000000000017,690.755370264925,1.514814408475712,651391.7682945202,654601.950727977,3210.182433456765,0.4928190053524517,quart,Quart,7054,0,0,NA,NA,NA,57,26,0,0,3210.182433456765,0
quart,2025-05-01,Mixed,561443.9999999997,594166.5376090255,622730.0447901456,596403.9065057308,633874.3540487922,NA,NA,712,977.886565495857,1.3734361874941812,594166.5376090255,596403.9065057308,2237.3688967053313,0.3765558568324501,quart,Quart,7054,0,0,NA,NA,NA,57,26,0,0,2237.3688967053313,0
quart,2025-06-01,Mixed,593988.0000000005,572857.807355987,600543.1583477504,574119.1628355961,606771.6627276551,NA,NA,747.0000000000003,899.428793916357,1.2040546103297949,572857.807355987,574119.1628355961,1261.3554796091048,0.2201864866660186,quart,Quart,7054,0,0,NA,NA,NA,57,26,0,0,1261.3554796091048,0
quart,2025-07-01,Mixed,632004.9999999994,614926.7060514753,616653.3280403849,618005.884535286,634196.1846562132,NA,NA,1296.9999999999995,1976.86737584105,1.5241845611727454,614926.7060514753,618005.884535286,3079.1784838107415,0.5007391049223653,quart,Quart,7054,0,0,NA,NA,NA,57,26,0,0,3079.1784838107415,0
quart,2025-08-01,Mixed,638227.9999999995,618784.2501269086,629348.2700495078,622565.676964331,651402.24828829,NA,NA,1287.9999999999995,2153.61822013323,1.6720638355071666,618784.2501269086,622565.676964331,3781.426837422303,0.6111058639011402,quart,Quart,7054,0,0,NA,NA,NA,57,26,0,0,3781.426837422303,0
quart,2025-09-01,Mixed,400132.0000000002,574282.8725848695,586433.2895313703,580172.9670424564,617719.8102417884,NA,NA,698.9999999999998,1653.98767081106,2.3662198437926474,574282.8725848695,580172.9670424564,5890.094457586878,1.025643413510724,quart,Quart,7054,0,0,NA,NA,NA,57,26,0,0,5890.094457586878,0
rhemes saint georges,2025-01-01,Prophet,70528.99999999994,64625.76254401808,69460.04925862,64737.67612425695,70139.15170305916,60497.69673314404,60546.36057166833,137.99999999999997,160.120557242643,1.1602938930626308,60497.69673314404,60546.36057166833,48.66383852429135,0.08043915909550226,rhemes saint georges,Rhêmes-Saint-Georges,7056,0,0,0,0,0,19,40,0,0,48.66383852429135,0
rhemes saint georges,2025-02-01,Prophet,59953.00000000005,57449.03857204229,60370.968738611184,57741.14846180218,62520.328693905954,52968.60272366453,53093.59520340487,194.99999999999991,301.174676186624,1.544485518905765,52968.60272366453,53093.59520340487,124.9924797403437,0.23597465916256333,rhemes saint georges,Rhêmes-Saint-Georges,7056,0,0,0,0,0,19,40,0,0,124.9924797403437,0
rhemes saint georges,2025-03-01,Prophet,63210,55609.808495366335,57567.505321514705,55792.89690945352,57888.73732065548,54916.05937676179,55000.00882134343,69.00000000000003,91.6701265390961,1.328552558537624,54916.05937676179,55000.00882134343,83.94944458163809,0.15286866088786155,rhemes saint georges,Rhêmes-Saint-Georges,7056,0,0,0,0,0,19,40,0,0,83.94944458163809,0
rhemes saint georges,2025-04-01,Prophet,51548.999999999985,54658.86105395752,56652.717896888746,54832.76089568902,56563.43618870359,49943.87417484597,50017.65497084286,20,26.5401352536831,1.327006762684155,49943.87417484597,50017.65497084286,73.78079599688499,0.14772741845894277,rhemes saint georges,Rhêmes-Saint-Georges,7056,0,0,0,0,0,19,40,0,0,73.78079599688499,0
rhemes saint georges,2025-05-01,Prophet,46993.99999999999,54267.482946858945,55795.986243133295,54466.96904481245,57154.66638274092,50019.82961564358,50105.19470003699,165.00000000000006,226.0490990016,1.369994539403636,50019.82961564358,50105.19470003699,85.36508439340832,0.17066248535702044,rhemes saint georges,Rhêmes-Saint-Georges,7056,0,0,0,0,0,19,40,0,0,85.36508439340832,0
rhemes saint georges,2025-06-01,Prophet,50173.99999999995,58351.68926580146,61886.9578825936,58595.232048870355,63528.7371867388,51573.19954123507,51673.11981901039,586.0000000000002,836.582648754178,1.4276154415600302,51573.19954123507,51673.11981901039,99.9202777753162,0.1937445779283564,rhemes saint georges,Rhêmes-Saint-Georges,7056,0,0,0,0,0,19,40,0,0,99.9202777753162,0
rhemes saint georges,2025-07-01,Prophet,62844.99999999997,64550.818917852965,72063.82845926935,64971.665536697285,76004.56538517957,60830.742329312576,61014.726638226006,1640.9999999999995,2858.2970625201,1.741801988129251,60830.742329312576,61014.726638226006,183.98430891343017,0.3024528418828387,rhemes saint georges,Rhêmes-Saint-Georges,7056,0,0,0,0,0,19,40,0,0,183.98430891343017,0
rhemes saint georges,2025-08-01,Prophet,65467.00000000005,70204.88000642572,78478.85244099192,70709.92449385239,83308.03808594681,65928.72947826183,66148.7152773898,1854,3419.21463700553,1.8442365895391208,65928.72947826183,66148.7152773898,219.9857991279714,0.3336721348475402,rhemes saint georges,Rhêmes-Saint-Georges,7056,0,0,0,0,0,19,40,0,0,219.9857991279714,0
rhemes saint georges,2025-09-01,Prophet,33470.00000000001,54894.923586166464,52361.77876240093,55472.34710925536,53837.9654402314,48469.70368313177,48705.97283499537,58.000000000000014,143.119955315421,2.4675854364727754,48469.70368313177,48705.97283499537,236.26915186360569,0.4874573886570533,rhemes saint georges,Rhêmes-Saint-Georges,7056,0,0,0,0,0,19,40,0,0,236.26915186360569,0
roisan,2025-01-01,Mixed,175000.00000000012,158586.9278569158,167828.29828580417,159173.6292079245,169122.3600676397,NA,NA,105.99999999999996,131.178077043913,1.2375290287161609,158586.9278569158,159173.6292079245,586.7013510086981,0.36995568231075193,roisan,Roisan,7057,0,0,NA,NA,NA,68,64,0,0,586.7013510086981,0
roisan,2025-02-01,Mixed,142487.0000000001,133121.2457107529,138829.0464336153,134110.84333371604,141369.84099348244,NA,NA,132,202.198712905783,1.531808431104417,133121.2457107529,134110.84333371604,989.5976229631342,0.7433806810321908,roisan,Roisan,7057,0,0,NA,NA,NA,68,64,0,0,989.5976229631342,0
roisan,2025-03-01,Mixed,134054.00000000006,127480.698829939,134219.8204638186,128256.87503283349,135562.44512423326,NA,NA,76.00000000000001,107.981178740189,1.4208049834235392,127480.698829939,128256.87503283349,776.1762028944795,0.6088578192765537,roisan,Roisan,7057,0,0,NA,NA,NA,68,64,0,0,776.1762028944795,0
roisan,2025-04-01,Mixed,110465.99999999993,111517.1429434106,120726.82449375962,112348.9089826191,122505.39406028252,NA,NA,89,136.696889897199,1.535920111204483,111517.1429434106,112348.9089826191,831.766039208509,0.7458638351509617,roisan,Roisan,7057,0,0,NA,NA,NA,68,64,0,0,831.766039208509,0
roisan,2025-05-01,Mixed,96538.99999999993,98843.91040859738,107899.8619159806,99450.15410239848,109103.08758613032,NA,NA,84.00000000000001,119.610512400344,1.4239346714326666,98843.91040859738,99450.15410239848,606.2436938011087,0.6133343888308662,roisan,Roisan,7057,0,0,NA,NA,NA,68,64,0,0,606.2436938011087,0
roisan,2025-06-01,Mixed,86731.99999999996,88523.06454547208,99177.97061846388,88935.30628895773,100357.87600433534,NA,NA,163.00000000000006,212.950087849356,1.3064422567445149,88523.06454547208,88935.30628895773,412.241743485647,0.46568851361206143,roisan,Roisan,7057,0,0,NA,NA,NA,68,64,0,0,412.241743485647,0
roisan,2025-07-01,Mixed,88005.99999999993,90076.23587391656,94927.98001054452,90855.96502860484,97089.43713705106,NA,NA,207.99999999999997,341.259593673745,1.6406711234314664,90076.23587391656,90855.96502860484,779.7291546882625,0.8656324802245097,roisan,Roisan,7057,0,0,NA,NA,NA,68,64,0,0,779.7291546882625,0
roisan,2025-08-01,Mixed,94749.00000000004,94868.82231390465,103406.82079165064,95898.03356966104,106392.0692155012,NA,NA,298.0000000000001,553.425845244455,1.8571337088740096,94868.82231390465,95898.03356966104,1029.2112557563814,1.084878288412705,roisan,Roisan,7057,0,0,NA,NA,NA,68,64,0,0,1029.2112557563814,0
roisan,2025-09-01,Mixed,55213.00000000002,95546.17185328556,102062.43520128186,97059.9569141577,106275.68903133542,NA,NA,148.99999999999997,367.775659489516,2.4682930167081616,95546.17185328556,97059.9569141577,1513.7850608721346,1.5843492538838655,roisan,Roisan,7057,0,0,NA,NA,NA,68,64,0,0,1513.7850608721346,0
saint christophe,2025-01-01,GAMM,372972.9999999998,324431.5512197786,341587.5277881572,329200.03053074447,357789.21476038353,NA,NA,690.0000000000002,921.233743434792,1.3351213672967996,341587.5277881572,357789.21476038353,16201.686972226307,4.743055777573391,saint christophe,Saint-Christophe,7058,0,0,NA,NA,NA,59,24,0,0,16201.686972226307,0
saint christophe,2025-02-01,GAMM,319903.9999999999,294905.49063915765,312824.00580601953,302050.4016749346,334084.0005864253,NA,NA,808.9999999999998,1299.66056859005,1.606502556971632,312824.00580601953,334084.0005864253,21259.994780405777,6.7961519531173575,saint christophe,Saint-Christophe,7058,0,0,NA,NA,NA,59,24,0,0,21259.994780405777,0
saint christophe,2025-03-01,GAMM,315811.99999999977,300835.3956518126,302192.2998276211,306907.1634269453,323487.49376878975,NA,NA,541.0000000000001,803.787436417074,1.4857438750777705,302192.2998276211,323487.49376878975,21295.19394116866,7.046901576683462,saint christophe,Saint-Christophe,7058,0,0,NA,NA,NA,59,24,0,0,21295.19394116866,0
saint christophe,2025-04-01,GAMM,283889.9999999998,280748.5453320577,288781.50932646013,287235.8932310531,310760.80075872684,NA,NA,616.0000000000001,968.526676906254,1.5722835664062562,288781.50932646013,310760.80075872684,21979.291432266706,7.611045279017392,saint christophe,Saint-Christophe,7058,0,0,NA,NA,NA,59,24,0,0,21979.291432266706,0
saint christophe,2025-05-01,GAMM,280139.99999999994,266668.34209197236,289180.5556883966,271041.44548364764,302924.62174907734,NA,NA,823.9999999999999,1137.17340561009,1.3800648126336046,289180.5556883966,302924.62174907734,13744.06606068072,4.752762864004767,saint christophe,Saint-Christophe,7058,0,0,NA,NA,NA,59,24,0,0,13744.06606068072,0
saint christophe,2025-06-01,GAMM,331005.0000000001,273254.9110855628,303746.18999091844,275541.0597583833,312087.1594980044,NA,NA,698.9999999999998,824.431685159954,1.1794444709012222,303746.18999091844,312087.1594980044,8340.969507085974,2.746032635779017,saint christophe,Saint-Christophe,7058,0,0,NA,NA,NA,59,24,0,0,8340.969507085974,0
saint christophe,2025-07-01,GAMM,351986.0000000002,309160.1401697044,337836.7532687364,315684.21569479804,354751.2174536341,NA,NA,1040.0000000000005,1572.52439701411,1.5120426894366437,337836.7532687364,354751.2174536341,16914.46418489766,5.006697471853472,saint christophe,Saint-Christophe,7058,0,0,NA,NA,NA,59,24,0,0,16914.46418489766,0
saint christophe,2025-08-01,GAMM,365178.0000000002,317205.4508657531,360469.60172002274,325698.0068155105,380079.70892823633,NA,NA,1197.9999999999998,2021.19338547549,1.6871397207641825,360469.60172002274,380079.70892823633,19610.10720821359,5.440155595545826,saint christophe,Saint-Christophe,7058,0,0,NA,NA,NA,59,24,0,0,19610.10720821359,0
saint christophe,2025-09-01,GAMM,306860,252115.42628514225,282845.93061638495,263088.38306371804,317914.67965486797,NA,NA,668.0000000000002,1553.04210598244,2.324913332309041,282845.93061638495,317914.67965486797,35068.749038483016,12.398534057767897,saint christophe,Saint-Christophe,7058,0,0,NA,NA,NA,59,24,0,0,35068.749038483016,0
saint marcel,2025-01-01,GAMM,391234.00000000006,370665.6397272647,389031.8325286999,369610.1167912911,388990.85663328646,NA,NA,103.99999999999996,132.683688487935,1.2758046969993753,389031.8325286999,388990.85663328646,-40.97589541343041,-0.01053278729071793,saint marcel,Saint-Marcel,7060,0,0,NA,NA,NA,72,57,-0,-0,40.97589541343041,0
saint marcel,2025-02-01,GAMM,364271.0000000001,331907.202013146,345765.23072832567,330252.4673565133,346284.7961933045,NA,NA,104.99999999999996,160.859581327118,1.5319960126392196,345765.23072832567,346284.7961933045,519.5654649788048,0.15026538784259635,saint marcel,Saint-Marcel,7060,0,0,NA,NA,NA,72,57,0,0,519.5654649788048,0
saint marcel,2025-03-01,GAMM,387049.9999999997,344103.99913911667,360673.1554100528,342672.98773398914,359299.8210542505,NA,NA,70,100.050341860277,1.4292905980039572,360673.1554100528,359299.8210542505,-1373.3343558022752,-0.3807697731872839,saint marcel,Saint-Marcel,7060,0,0,NA,NA,NA,72,57,-0,-0,1373.3343558022752,0
saint marcel,2025-04-01,GAMM,358200.0000000001,330634.5745028376,343736.01469446695,328843.77904679795,342050.70869547076,NA,NA,65.99999999999997,105.128485625117,1.5928558428048036,343736.01469446695,342050.70869547076,-1685.3059989961912,-0.49029078331934706,saint marcel,Saint-Marcel,7060,0,0,NA,NA,NA,72,57,-0,-0,1685.3059989961912,0
saint marcel,2025-05-01,GAMM,356186.9999999998,304220.3878752893,314316.7582489854,303054.81405272137,314288.78758602974,NA,NA,100.00000000000004,138.802041207418,1.3880204120741797,314316.7582489854,314288.78758602974,-27.970662955660373,-0.00889887739726758,saint marcel,Saint-Marcel,7060,0,0,NA,NA,NA,72,57,-0,-0,27.970662955660373,0
saint marcel,2025-06-01,GAMM,292520,259060.7370187462,264793.5612482376,258386.11229595973,264909.557972655,NA,NA,112.00000000000004,139.924295513652,1.2493240670861785,264793.5612482376,264909.557972655,115.99672441737494,0.04380647470072496,saint marcel,Saint-Marcel,7060,0,0,NA,NA,NA,72,57,0,0,115.99672441737494,0
saint marcel,2025-07-01,GAMM,307222.0000000001,260344.33082787637,254435.41547788048,258978.32553343807,257237.38114716273,NA,NA,174.99999999999991,273.79479422964,1.5645416813122293,254435.41547788048,257237.38114716273,2801.9656692822464,1.1012482928210332,saint marcel,Saint-Marcel,7060,0,0,NA,NA,NA,72,57,0,0,2801.9656692822464,0
saint marcel,2025-08-01,GAMM,261917.99999999985,265002.8162783026,266571.0119507328,263306.09672740434,272756.21851372777,NA,NA,272,469.34511376018,1.72553350647125,266571.0119507328,272756.21851372777,6185.206562994979,2.320284759296376,saint marcel,Saint-Marcel,7060,0,0,NA,NA,NA,72,57,0,0,6185.206562994979,0
saint marcel,2025-09-01,GAMM,186112.99999999997,241197.18782478216,245234.01759579792,238796.9006580929,244395.04326241932,NA,NA,67.00000000000001,157.625160875675,2.3526143414279845,245234.01759579792,244395.04326241932,-838.9743333786028,-0.342111727240646,saint marcel,Saint-Marcel,7060,0,0,NA,NA,NA,72,57,-0,-0,838.9743333786028,0
saint nicolas,2025-01-01,Prophet,80247.00000000004,71599.26815074268,80950.31969338548,71944.7532809709,82384.13924188355,72188.30077355154,72503.53449637326,476.00000000000017,603.727038935689,1.268334115411111,72188.30077355154,72503.53449637326,315.23372282172204,0.4366825641326289,saint nicolas,Saint-Nicolas,7061,0,0,0,0,0,20,39,0,0,315.23372282172204,0
saint nicolas,2025-02-01,Prophet,66250.99999999994,61597.26693488345,66829.3127053699,62219.467493553726,69697.39208771745,59054.19319853034,59593.89897631162,539.9999999999998,886.842787141913,1.64230145767021,59054.19319853034,59593.89897631162,539.7057777812806,0.9139160973157034,saint nicolas,Saint-Nicolas,7061,0,0,0,0,0,20,39,0,0,539.7057777812806,0
saint nicolas,2025-03-01,Prophet,65414.00000000004,62477.704644214726,66938.19104370307,62935.59337209863,68595.36643979672,62035.31213737972,62446.715378197456,393.00000000000006,563.682933348897,1.4343077184450304,62035.31213737972,62446.715378197456,411.4032408177373,0.6631759019873451,saint nicolas,Saint-Nicolas,7061,0,0,0,0,0,20,39,0,0,411.4032408177373,0
saint nicolas,2025-04-01,Prophet,57326.000000000015,60503.02898159518,63586.418425366144,60948.69773053934,64799.68801522493,57307.04162557701,57689.017991070206,282,405.336439499969,1.437363260638188,57307.04162557701,57689.017991070206,381.9763654931958,0.6665435078447857,saint nicolas,Saint-Nicolas,7061,0,0,0,0,0,20,39,0,0,381.9763654931958,0
saint nicolas,2025-05-01,Prophet,54499.99999999998,58644.00377504019,60188.18138687461,59010.816774686544,60726.44837348731,56599.47567827936,56919.84401516695,170.99999999999994,232.885604918225,1.3619041223288015,56599.47567827936,56919.84401516695,320.36833688758634,0.5660270400888789,saint nicolas,Saint-Nicolas,7061,0,0,0,0,0,20,39,0,0,320.36833688758634,0
saint nicolas,2025-06-01,Prophet,54544.999999999985,58023.70230579317,59539.49654645405,58289.8718071361,60350.14786530877,52972.64824165251,53192.56344881742,355,445.087241968896,1.2537668787856229,52972.64824165251,53192.56344881742,219.91520716490777,0.41514859925766423,saint nicolas,Saint-Nicolas,7061,0,0,0,0,0,20,39,0,0,219.91520716490777,0
saint nicolas,2025-07-01,Prophet,66231.99999999999,65070.10043223513,65227.66377052882,65672.26303226926,67243.97660892787,65762.42340288045,66313.05918730368,367.99999999999994,580.041707756271,1.576200292815954,65762.42340288045,66313.05918730368,550.6357844232261,0.8373106645566564,saint nicolas,Saint-Nicolas,7061,0,0,0,0,0,20,39,0,0,550.6357844232261,0
saint nicolas,2025-08-01,Prophet,74565.99999999999,70836.15085258776,72290.88929330827,71588.6836124695,75065.73748147603,73311.18588091072,74015.82521699963,398.9999999999999,672.392651337706,1.685194614881469,73311.18588091072,74015.82521699963,704.6393360889051,0.9611621031933026,saint nicolas,Saint-Nicolas,7061,0,0,0,0,0,20,39,0,0,704.6393360889051,0
saint nicolas,2025-09-01,Prophet,44126.999999999985,58024.87037105025,59358.111444640694,59025.26117279021,62491.8317882821,57616.01145854696,58514.45379703184,266.99999999999994,621.361722077923,2.327197460966004,57616.01145854696,58514.45379703184,898.4423384848778,1.5593622601441035,saint nicolas,Saint-Nicolas,7061,0,0,0,0,0,20,39,0,0,898.4423384848778,0
saint oyen,2025-01-01,Mixed,50047.999999999985,43302.54370897708,47538.86629549151,43596.2510303013,48446.26383982712,NA,NA,335,408.95502100138,1.2207612567205373,43302.54370897708,43596.2510303013,293.70732132421836,0.6782680557939846,saint oyen,Saint-Oyen,7062,0,0,NA,0,0,21,33,0,0,293.70732132421836,0
saint oyen,2025-02-01,Mixed,39316.00000000001,35713.72679147919,37283.64104768665,36319.377492377214,38568.8254899343,NA,NA,200,328.704223915625,1.643521119578125,35713.72679147919,36319.377492377214,605.6507008980261,1.695848502269803,saint oyen,Saint-Oyen,7062,0,0,NA,0,0,21,33,0,0,605.6507008980261,0
saint oyen,2025-03-01,Mixed,37442.99999999999,37403.7263753782,40202.35339395042,37853.73551007565,41615.77266160275,NA,NA,326,463.943010431492,1.4231380688082576,37403.7263753782,37853.73551007565,450.0091346974441,1.2031131074514256,saint oyen,Saint-Oyen,7062,0,0,NA,0,0,21,33,0,0,450.0091346974441,0
saint oyen,2025-04-01,Mixed,33300.00000000003,35537.51305822714,37336.262010705446,35924.004092774376,38118.411024476656,NA,NA,208.99999999999991,287.714917433879,1.376626399205163,35537.51305822714,35924.004092774376,386.4910345472381,1.0875579107462618,saint oyen,Saint-Oyen,7062,0,0,NA,0,0,21,33,0,0,386.4910345472381,0
saint oyen,2025-05-01,Mixed,34203.00000000001,34828.8541363328,35639.31130179241,35193.449339422325,36330.249742575295,NA,NA,202.99999999999991,276.158515558163,1.3603867761485866,34828.8541363328,35193.449339422325,364.5952030895278,1.0468194034244371,saint oyen,Saint-Oyen,7062,0,0,NA,0,0,21,33,0,0,364.5952030895278,0
saint oyen,2025-06-01,Mixed,35469.00000000002,34636.69567309575,33713.31009357143,34979.17636590495,34558.04218374837,NA,NA,279.9999999999999,374.371329672737,1.3370404631169184,34636.69567309575,34979.17636590495,342.480692809193,0.988779923008698,saint oyen,Saint-Oyen,7062,0,0,NA,0,0,21,33,0,0,342.480692809193,0
saint oyen,2025-07-01,Mixed,43008.00000000001,40279.89257482153,43773.19683477502,40955.866130365306,46412.759826333815,NA,NA,822,1342.10389116337,1.63272979460264,40279.89257482153,40955.866130365306,675.9735555437728,1.678191058449641,saint oyen,Saint-Oyen,7062,0,0,NA,0,0,21,33,0,0,675.9735555437728,0
saint oyen,2025-08-01,Mixed,51176.00000000001,45190.35772319411,52101.20626332869,46068.12888953399,55475.65460962855,NA,NA,1064.9999999999998,1876.73375795227,1.7621913220209111,45190.35772319411,46068.12888953399,877.7711663398804,1.942385965865823,saint oyen,Saint-Oyen,7062,0,0,NA,0,0,21,33,0,0,877.7711663398804,0
saint oyen,2025-09-01,Mixed,25246.999999999975,34803.56589924723,37971.388346225554,35873.8126884926,41080.06110076489,NA,NA,218.00000000000003,533.011055778723,2.4450048430216644,34803.56589924723,35873.8126884926,1070.2467892453717,3.075106707007058,saint oyen,Saint-Oyen,7062,0,0,NA,0,0,21,33,0,0,1070.2467892453717,0
saint pierre,2025-01-01,GAMM,514408.0000000002,477295.8585438443,514672.61868545064,479817.3582370347,524775.3522951719,NA,NA,1084.0000000000002,1422.3682416615,1.3121478244109774,514672.61868545064,524775.3522951719,10102.733609721296,1.9629436738882955,saint pierre,Saint-Pierre,7063,0,0,NA,NA,NA,45,34,0,0,10102.733609721296,0
saint pierre,2025-02-01,GAMM,446421.0000000001,412197.7392787683,434733.0879888483,416071.7099243828,448705.99653472553,NA,NA,806.9999999999997,1307.29722783914,1.6199469985615125,434733.0879888483,448705.99653472553,13972.90854587726,3.2141350479022446,saint pierre,Saint-Pierre,7063,0,0,NA,NA,NA,45,34,0,0,13972.90854587726,0
saint pierre,2025-03-01,GAMM,443933.0000000001,412757.6646128347,434429.7577862121,415720.4715925,444610.8523875146,NA,NA,782.9999999999998,1132.29718109307,1.4461011252785063,434429.7577862121,444610.8523875146,10181.094601302524,2.343553685913191,saint pierre,Saint-Pierre,7063,0,0,NA,NA,NA,45,34,0,0,10181.094601302524,0
saint pierre,2025-04-01,GAMM,383365.0000000001,379560.3188770006,398537.45117442665,382765.16284752503,408182.93268105295,NA,NA,596.9999999999998,921.196319362698,1.5430424109927945,398537.45117442665,408182.93268105295,9645.481506626296,2.4202195999905696,saint pierre,Saint-Pierre,7063,0,0,NA,NA,NA,45,34,0,0,9645.481506626296,0
saint pierre,2025-05-01,GAMM,370172,357859.6457206236,380153.43852387805,360039.69854451175,387144.1320278367,NA,NA,697.9999999999999,954.792247631055,1.367897202909821,380153.43852387805,387144.1320278367,6990.693503958697,1.8389136584173291,saint pierre,Saint-Pierre,7063,0,0,NA,NA,NA,45,34,0,0,6990.693503958697,0
saint pierre,2025-06-01,GAMM,349017.0000000002,348545.3303516809,368579.4404659937,349930.1623007654,373736.19846769056,NA,NA,997.0000000000002,1223.19245334876,1.226873072566459,368579.4404659937,373736.19846769056,5156.758001696842,1.3990899750613297,saint pierre,Saint-Pierre,7063,0,0,NA,NA,NA,45,34,0,0,5156.758001696842,0
saint pierre,2025-07-01,GAMM,375088.00000000006,365001.847593997,370265.3321892467,368039.79858211335,383239.1219764993,NA,NA,1426.9999999999998,2187.65685115483,1.5330461465696077,370265.3321892467,383239.1219764993,12973.78978725255,3.503916964232956,saint pierre,Saint-Pierre,7063,0,0,NA,NA,NA,45,34,0,0,12973.78978725255,0
saint pierre,2025-08-01,GAMM,392681.00000000006,380117.0050268695,389934.10593548114,383927.7944085987,406525.7291968564,NA,NA,1402.0000000000002,2344.55505888433,1.672293194639322,389934.10593548114,406525.7291968564,16591.623261375236,4.2549812926906405,saint pierre,Saint-Pierre,7063,0,0,NA,NA,NA,45,34,0,0,16591.623261375236,0
saint pierre,2025-09-01,GAMM,296119.99999999977,362397.8425665671,375399.24513796886,368421.8986779509,396589.7164667761,NA,NA,653.0000000000001,1528.10057276119,2.3401233886082538,375399.24513796886,396589.7164667761,21190.47132880724,5.644782615644095,saint pierre,Saint-Pierre,7063,0,0,NA,NA,NA,45,34,0,0,21190.47132880724,0
saint rhemy en bosses,2025-01-01,GAMM,321135.9999999999,257253.4227420528,286231.24311706296,258049.42908391723,289474.6402495766,NA,NA,547.0000000000002,661.885495346722,1.2100283278733486,286231.24311706296,289474.6402495766,3243.397132513637,1.1331387507502733,saint rhemy en bosses,NA,NA,0,0,NA,NA,NA,NA,NA,0,0,3243.397132513637,0
saint rhemy en bosses,2025-02-01,GAMM,240838.00000000012,223321.11340987656,246710.88244741285,225130.49978270623,254288.77120597655,NA,NA,527,867.023935921045,1.6452067095275995,246710.88244741285,254288.77120597655,7577.888758563728,3.071566476269627,saint rhemy en bosses,NA,NA,0,0,NA,NA,NA,NA,NA,0,0,7577.888758563728,0
saint rhemy en bosses,2025-03-01,GAMM,244127.0000000001,211137.68981557427,230391.23972180055,212373.2525143095,235014.1958103116,NA,NA,328,470.309428564268,1.4338702090374025,230391.23972180055,235014.1958103116,4622.9560885110695,2.006567651657809,saint rhemy en bosses,NA,NA,0,0,NA,NA,NA,NA,NA,0,0,4622.9560885110695,0
saint rhemy en bosses,2025-04-01,GAMM,120154.99999999994,169416.11081021704,183253.92282860764,170177.79111013576,185191.4656781616,NA,NA,148,195.4279770273,1.3204593042385135,183253.92282860764,185191.4656781616,1937.5428495539816,1.0572995216948875,saint rhemy en bosses,NA,NA,0,0,NA,NA,NA,NA,NA,0,0,1937.5428495539816,0
saint rhemy en bosses,2025-05-01,GAMM,156355.00000000012,146998.99409488094,154796.84799631068,147720.91385610154,154946.70840353405,NA,NA,68.00000000000001,92.3084412207679,1.3574770767759985,154796.84799631068,154946.70840353405,149.86040722337202,0.096811019838694,saint rhemy en bosses,NA,NA,0,0,NA,NA,NA,NA,NA,0,0,149.86040722337202,0
saint rhemy en bosses,2025-06-01,GAMM,159259.99999999997,139081.60870057752,152936.50921844898,139691.21578022692,155337.0428792815,NA,NA,459.0000000000001,601.239865373761,1.309890774234773,152936.50921844898,155337.0428792815,2400.5336608325306,1.56962760108752,saint rhemy en bosses,NA,NA,0,0,NA,NA,NA,NA,NA,0,0,2400.5336608325306,0
saint rhemy en bosses,2025-07-01,GAMM,172677.00000000006,153857.4561873216,171088.87622861064,155079.27370441132,178117.6562829062,NA,NA,1605,2613.39485887468,1.6282834011680247,171088.87622861064,178117.6562829062,7028.780054295552,4.108262447702105,saint rhemy en bosses,NA,NA,0,0,NA,NA,NA,NA,NA,0,0,7028.780054295552,0
saint rhemy en bosses,2025-08-01,GAMM,174824.9999999999,158968.36399043736,179924.61654424926,160481.33700344354,189122.01891368168,NA,NA,1932,3463.68486341075,1.7927975483492495,179924.61654424926,189122.01891368168,9197.402369432411,5.11180879308446,saint rhemy en bosses,NA,NA,0,0,NA,NA,NA,NA,NA,0,0,9197.402369432411,0
saint rhemy en bosses,2025-09-01,GAMM,149804.00000000012,153264.31193410818,169572.42026387862,155469.28047001985,180214.25460338715,NA,NA,679.9999999999998,1640.783202406,2.4129164741264715,169572.42026387862,180214.25460338715,10641.834339508525,6.275687003198005,saint rhemy en bosses,NA,NA,0,0,NA,NA,NA,NA,NA,0,0,10641.834339508525,0
sarre,2025-01-01,Mixed,602481.9999999998,568125.7267976663,604994.0719790276,569625.6387090201,613797.9119798178,NA,NA,1122.9999999999998,1401.9189124221,1.2483694678736423,568125.7267976663,569625.6387090201,1499.911911353818,0.2640105597414788,sarre,Sarre,7066,0,0,NA,NA,NA,41,46,0,0,1499.911911353818,0
sarre,2025-02-01,Mixed,511459.0000000001,501600.4907523502,535305.7593790689,504242.2957027623,554084.6849145207,NA,NA,1384.0000000000002,2152.97288123754,1.5556162436687426,501600.4907523502,504242.2957027623,2641.80495041213,0.5266751127874114,sarre,Sarre,7066,0,0,NA,NA,NA,41,46,0,0,2641.80495041213,0
sarre,2025-03-01,Mixed,498993.0000000004,498322.3320234303,517722.2504397776,500334.820348344,526470.3808306106,NA,NA,758.0000000000003,1064.11389990195,1.4038441951213054,498322.3320234303,500334.820348344,2012.48832491372,0.40385272655592,sarre,Sarre,7066,0,0,NA,NA,NA,41,46,0,0,2012.48832491372,0
sarre,2025-04-01,Mixed,433984.9999999997,468441.25577151816,482248.0246080474,470746.77442438464,492117.91757938423,NA,NA,724,1094.45214449106,1.5116742327224584,468441.25577151816,470746.77442438464,2305.518652866478,0.4921681479717943,sarre,Sarre,7066,0,0,NA,NA,NA,41,46,0,0,2305.518652866478,0
sarre,2025-05-01,Mixed,427902.0000000003,453284.3776069356,480356.57072281215,455032.4726574793,493395.0623063051,NA,NA,1696.0000000000005,2344.39777761505,1.382310010386232,453284.3776069356,455032.4726574793,1748.0950505437213,0.38565084898196655,sarre,Sarre,7066,0,0,NA,NA,NA,41,46,0,0,1748.0950505437213,0
sarre,2025-06-01,Mixed,449762.00000000023,454330.9522042941,489476.6353156103,455727.18338613614,500935.6008748771,NA,NA,3402.999999999998,4404.77173698285,1.2943789999949609,454330.9522042941,455727.18338613614,1396.231181842042,0.30731588395374043,sarre,Sarre,7066,0,0,NA,NA,NA,41,46,0,0,1396.231181842042,0
sarre,2025-07-01,Mixed,534583.9999999997,484591.2945872388,519111.57766041294,487304.9831172754,538950.6286472854,NA,NA,6655.999999999995,10644.5680736725,1.5992440014532012,484591.2945872388,487304.9831172754,2713.6885300365975,0.5599953115847933,sarre,Sarre,7066,0,0,NA,NA,NA,41,46,0,0,2713.6885300365975,0
sarre,2025-08-01,Mixed,503642,506123.0688828178,551804.3831066554,509450.36406528146,576059.1853177595,NA,NA,7829.999999999995,13583.9781259997,1.7348631067688007,506123.0688828178,509450.36406528146,3327.295182463655,0.6574083235937334,sarre,Sarre,7066,0,0,NA,NA,NA,41,46,0,0,3327.295182463655,0
sarre,2025-09-01,Mixed,295231.0000000002,453876.5376605752,482165.7510540802,458634.98406141496,520962.51200254593,NA,NA,2664.999999999999,6405.93880902325,2.403729384248875,453876.5376605752,458634.98406141496,4758.446400839719,1.0484010531512045,sarre,Sarre,7066,0,0,NA,NA,NA,41,46,0,0,4758.446400839719,0
verrayes,2025-01-01,GAMM,219835.00000000003,199888.70512086744,204760.15866516487,198005.2432945393,208208.96486239947,NA,NA,494,658.642121057653,1.3332836458656945,204760.15866516487,208208.96486239947,3448.806197234604,1.684315063886177,verrayes,Verrayes,7072,0,0,NA,NA,NA,50,67,0,0,3448.806197234604,0
verrayes,2025-02-01,GAMM,177909.00000000012,180686.8970030401,174653.46676861204,177738.95764274956,178810.2620718677,NA,NA,364,600.132543667041,1.6487157793050575,174653.46676861204,178810.2620718677,4156.795303255669,2.3800245023265276,verrayes,Verrayes,7072,0,0,NA,NA,NA,50,67,0,0,4156.795303255669,0
verrayes,2025-03-01,GAMM,167328.00000000006,171604.79037974234,159138.2023418929,169391.1604161233,161170.4126856393,NA,NA,291,431.914995212368,1.4842439698019518,159138.2023418929,161170.4126856393,2032.2103437464104,1.2770097398614677,verrayes,Verrayes,7072,0,0,NA,NA,NA,50,67,0,0,2032.2103437464104,0
verrayes,2025-04-01,GAMM,145468.99999999994,160269.7034535511,145284.44144562233,157998.98527422137,145914.91653338468,NA,NA,183.00000000000009,282.645487203711,1.5445108590366716,145284.44144562233,145914.91653338468,630.4750877623446,0.4339591228688544,verrayes,Verrayes,7072,0,0,NA,NA,NA,50,67,0,0,630.4750877623446,0
verrayes,2025-05-01,GAMM,143842,150604.86635511232,142322.69330775132,148945.52998117646,143900.26855513718,NA,NA,303.00000000000006,424.408762992264,1.4006889867731482,142322.69330775132,143900.26855513718,1577.5752473858593,1.1084495456916257,verrayes,Verrayes,7072,0,0,NA,NA,NA,50,67,0,0,1577.5752473858593,0
verrayes,2025-06-01,GAMM,138548.00000000006,143900.9214914406,137098.83965156192,143069.0744719244,138288.0089530706,NA,NA,443.99999999999994,529.547927060031,1.1926755113964664,137098.83965156192,138288.0089530706,1189.169301508664,0.8673810110508162,verrayes,Verrayes,7072,0,0,NA,NA,NA,50,67,0,0,1189.169301508664,0
verrayes,2025-07-01,GAMM,152713.00000000003,147492.92004737607,135268.78795430297,145324.97108629972,140147.98409019745,NA,NA,666.9999999999998,1045.70744451732,1.567777278136912,135268.78795430297,140147.98409019745,4879.196135894483,3.6070376689874672,verrayes,Verrayes,7072,0,0,NA,NA,NA,50,67,0,0,4879.196135894483,0
verrayes,2025-08-01,GAMM,150690.00000000012,148596.70521151478,139553.01121195353,145966.8597732431,146107.64071105496,NA,NA,716.9999999999999,1233.04092610124,1.719722351605635,139553.01121195353,146107.64071105496,6554.629499101429,4.696874286106412,verrayes,Verrayes,7072,0,0,NA,NA,NA,50,67,0,0,6554.629499101429,0
verrayes,2025-09-01,GAMM,118876,153520.6334896919,141215.03878626495,149232.35099865412,146412.925779034,NA,NA,276,653.110262294355,2.366341530052011,141215.03878626495,146412.925779034,5197.886992769054,3.680831048480804,verrayes,Verrayes,7072,0,0,NA,NA,NA,50,67,0,0,5197.886992769054,0
verres,2025-01-01,GAMM,896243.0000000003,728936.4347378532,855020.9366414364,743990.1422154243,854348.6214648233,NA,NA,109.00000000000004,138.281807300526,1.2686404339497792,855020.9366414364,854348.6214648233,-672.3151766131632,-0.07863142851847194,verres,Verrès,7073,0,0,NA,NA,NA,66,58,-0,-0,672.3151766131632,0
verres,2025-02-01,GAMM,887872.9999999993,729534.884123719,793322.1000997773,759375.065688129,789555.0857944203,NA,NA,180.00000000000006,286.541898114808,1.5918994339711552,793322.1000997773,789555.0857944203,-3767.0143053570064,-0.4748404594909439,verres,Verrès,7073,0,0,NA,NA,NA,66,58,-0,-0,3767.0143053570064,0
verres,2025-03-01,GAMM,927835.0000000008,702079.6684780974,790463.0745087502,724890.6523844538,789334.528209809,NA,NA,103.99999999999996,150.887172429679,1.4508381964392216,790463.0745087502,789334.528209809,-1128.546298941248,-0.1427702742019421,verres,Verrès,7073,0,0,NA,NA,NA,66,58,-0,-0,1128.546298941248,0
verres,2025-04-01,GAMM,899342.0000000002,632443.9933299834,709015.45580538,654338.7236106067,705630.1641466875,NA,NA,155.99999999999994,231.57278692425,1.484440941822116,709015.45580538,705630.1641466875,-3385.2916586925276,-0.47746373241569495,verres,Verrès,7073,0,0,NA,NA,NA,66,58,-0,-0,3385.2916586925276,0
verres,2025-05-01,GAMM,848325.9999999994,683363.6909857622,781766.6916273208,703139.9821055332,778901.6425498823,NA,NA,187,260.344944090596,1.3922189523561284,781766.6916273208,778901.6425498823,-2865.04907743854,-0.3664839021824573,verres,Verrès,7073,0,0,NA,NA,NA,66,58,-0,-0,2865.04907743854,0
verres,2025-06-01,GAMM,835109.9999999993,654096.3206269789,757836.0466435297,666978.5009352731,756113.9823491313,NA,NA,210.99999999999997,264.54229299526,1.253754943105498,757836.0466435297,756113.9823491313,-1722.064294398413,-0.2272344133042337,verres,Verrès,7073,0,0,NA,NA,NA,66,58,-0,-0,1722.064294398413,0
verres,2025-07-01,GAMM,858364.0000000002,669067.8879669596,716097.475977027,696292.9745103087,719653.1655693732,NA,NA,328.99999999999994,522.016390938948,1.586675960300754,716097.475977027,719653.1655693732,3555.6895923462,0.49653709329096074,verres,Verrès,7073,0,0,NA,NA,NA,66,58,0,0,3555.6895923462,0
verres,2025-08-01,GAMM,677259.0000000003,671489.3082434004,703751.6555946334,703978.0911180148,709655.6810001304,NA,NA,350.9999999999999,606.395073741301,1.7276212927102597,703751.6555946334,709655.6810001304,5904.025405496941,0.8389359170328792,verres,Verrès,7073,0,0,NA,NA,NA,66,58,0,0,5904.025405496941,0
verres,2025-09-01,GAMM,800023,647435.8418926542,726555.5840447531,697878.3151077125,730799.4942326488,NA,NA,243.00000000000009,579.22897252360406,2.383658323142403,726555.5840447531,730799.4942326488,4243.910187895643,0.5841136288939675,verres,Verrès,7073,0,0,NA,NA,NA,66,58,0,0,4243.910187895643,0
villeneuve,2025-01-01,Mixed,266735,236563.14922802465,239690.16660850935,236240.4471479325,242440.2441169253,NA,NA,369.99999999999994,477.974807167262,1.2918238031547624,236563.14922802465,236240.4471479325,-322.7020800921309,-0.1364126581613445,villeneuve,Villeneuve,7074,0,0,NA,NA,NA,51,69,-0,-0,322.7020800921309,0
villeneuve,2025-02-01,Mixed,219182.0000000001,202076.84553700607,199827.4236064881,201546.53708457973,205341.14111093155,NA,NA,403.00000000000017,659.600144086455,1.636724923291451,202076.84553700607,201546.53708457973,-530.3084524263395,-0.2624291026599668,villeneuve,Villeneuve,7074,0,0,NA,NA,NA,51,69,-0,-0,530.3084524263395,0
villeneuve,2025-03-01,Mixed,211482.00000000012,200149.4527378312,192864.03532571608,199730.53162017983,193716.0582231609,NA,NA,182.00000000000009,269.851653074637,1.4827013905199828,200149.4527378312,199730.53162017983,-418.9211176513345,-0.20930415343182185,villeneuve,Villeneuve,7074,0,0,NA,NA,NA,51,69,-0,-0,418.9211176513345,0
villeneuve,2025-04-01,Mixed,185376.9999999999,187490.45877401024,182372.06916842915,187083.0401302498,183018.43956853604,NA,NA,170.99999999999994,257.417394393642,1.5053648794949828,187490.45877401024,187083.0401302498,-407.4186437604367,-0.21730100103467545,villeneuve,Villeneuve,7074,0,0,NA,NA,NA,51,69,-0,-0,407.4186437604367,0
villeneuve,2025-05-01,Mixed,173915,168293.8915381535,164631.6710341223,168000.75100731934,164663.07048671617,NA,NA,148,205.475820836469,1.3883501407869527,168293.8915381535,168000.75100731934,-293.1405308341491,-0.17418370218605927,villeneuve,Villeneuve,7074,0,0,NA,NA,NA,51,69,-0,-0,293.1405308341491,0
villeneuve,2025-06-01,Mixed,168163.00000000012,157899.25268514056,160066.85445471763,157756.1139257416,161164.4020676418,NA,NA,355.9999999999999,422.033398988763,1.1854870758111324,157899.25268514056,157756.1139257416,-143.13875939894933,-0.09065195494266652,villeneuve,Villeneuve,7074,0,0,NA,NA,NA,51,69,-0,-0,143.13875939894933,0
villeneuve,2025-07-01,Mixed,183283.9999999999,165914.24697206824,158079.70835166727,165511.2693136361,161395.57927613638,NA,NA,340.9999999999999,538.085751881126,1.5779640817628335,165914.24697206824,165511.2693136361,-402.97765843215166,-0.24288309520519305,villeneuve,Villeneuve,7074,0,0,NA,NA,NA,51,69,-0,-0,402.97765843215166,0
villeneuve,2025-08-01,Mixed,182452.9999999999,170292.04996952388,166825.05698122623,169768.87445649013,173229.56580043453,NA,NA,474.00000000000006,843.808754238951,1.7801872452298542,170292.04996952388,169768.87445649013,-523.1755130337551,-0.30722251163656233,villeneuve,Villeneuve,7074,0,0,NA,NA,NA,51,69,-0,-0,523.1755130337551,0
villeneuve,2025-09-01,Mixed,133573,162792.69087718715,157856.19459385757,162041.3399196787,159149.3304472315,NA,NA,136.00000000000003,324.598344578446,2.3867525336650437,162792.69087718715,162041.3399196787,-751.3509575084609,-0.4615385085533608,villeneuve,Villeneuve,7074,0,0,NA,NA,NA,51,69,-0,-0,751.3509575084609,0
