"date","comune_key","comune_nome","forecast","method"
2025-01-01,"allein","Allein",17.1808321250374,"BASE_static_share"
2025-02-01,"allein","Allein",3.52492328574492,"BASE_static_share"
2025-03-01,"allein","Allein",7.2539949863061,"BASE_static_share"
2025-04-01,"allein","Allein",11.0040602303779,"BASE_static_share"
2025-05-01,"allein","Allein",1.1019348704965,"BASE_static_share"
2025-06-01,"allein","Allein",26.8230777745427,"BASE_static_share"
2025-07-01,"allein","Allein",80.8125170712449,"BASE_static_share"
2025-08-01,"allein","Allein",88.6914593880598,"BASE_static_share"
2025-09-01,"allein","Allein",11.0144783407722,"BASE_static_share"
2025-01-01,"antey saint andre","Antey-Saint-André",2692.98073701824,"BASE_static_share"
2025-02-01,"antey saint andre","Antey-Saint-André",2779.56301398967,"BASE_static_share"
2025-03-01,"antey saint andre","Antey-Saint-André",2396.03592518434,"BASE_static_share"
2025-04-01,"antey saint andre","Antey-Saint-André",1186.76920142658,"BASE_static_share"
2025-05-01,"antey saint andre","Antey-Saint-André",388.278700962246,"BASE_static_share"
2025-06-01,"antey saint andre","Antey-Saint-André",1569.02485845056,"BASE_static_share"
2025-07-01,"antey saint andre","Antey-Saint-André",3141.53193963242,"BASE_static_share"
2025-08-01,"antey saint andre","Antey-Saint-André",3522.21406886769,"BASE_static_share"
2025-09-01,"antey saint andre","Antey-Saint-André",1205.94062058441,"BASE_static_share"
2025-01-01,"aosta","Aosta",11924.7689453209,"BASE_static_share"
2025-02-01,"aosta","Aosta",11005.0092374505,"BASE_static_share"
2025-03-01,"aosta","Aosta",9829.5774018398,"BASE_static_share"
2025-04-01,"aosta","Aosta",9703.35825143555,"BASE_static_share"
2025-05-01,"aosta","Aosta",12726.9519660475,"BASE_static_share"
2025-06-01,"aosta","Aosta",12613.0331034608,"BASE_static_share"
2025-07-01,"aosta","Aosta",16968.2735328403,"BASE_static_share"
2025-08-01,"aosta","Aosta",17303.1013731849,"BASE_static_share"
2025-09-01,"aosta","Aosta",12358.6367865379,"BASE_static_share"
2025-01-01,"arnad","Arnad",228.994383707028,"BASE_static_share"
2025-02-01,"arnad","Arnad",235.724361758647,"BASE_static_share"
2025-03-01,"arnad","Arnad",247.559127034754,"BASE_static_share"
2025-04-01,"arnad","Arnad",211.608377696684,"BASE_static_share"
2025-05-01,"arnad","Arnad",375.796017353694,"BASE_static_share"
2025-06-01,"arnad","Arnad",440.216849662251,"BASE_static_share"
2025-07-01,"arnad","Arnad",582.803607066076,"BASE_static_share"
2025-08-01,"arnad","Arnad",697.99833606441,"BASE_static_share"
2025-09-01,"arnad","Arnad",298.74644695923,"BASE_static_share"
2025-01-01,"arvier","Arvier",710.450313533599,"BASE_static_share"
2025-02-01,"arvier","Arvier",879.628237863585,"BASE_static_share"
2025-03-01,"arvier","Arvier",580.165881512593,"BASE_static_share"
2025-04-01,"arvier","Arvier",401.699641419329,"BASE_static_share"
2025-05-01,"arvier","Arvier",276.407223393903,"BASE_static_share"
2025-06-01,"arvier","Arvier",745.114602779344,"BASE_static_share"
2025-07-01,"arvier","Arvier",2529.72064903534,"BASE_static_share"
2025-08-01,"arvier","Arvier",2744.04154551542,"BASE_static_share"
2025-09-01,"arvier","Arvier",611.496046516723,"BASE_static_share"
2025-01-01,"avise","Avise",76.2959671093769,"BASE_static_share"
2025-02-01,"avise","Avise",97.4237779211446,"BASE_static_share"
2025-03-01,"avise","Avise",75.4063520516787,"BASE_static_share"
2025-04-01,"avise","Avise",19.6316609251086,"BASE_static_share"
2025-05-01,"avise","Avise",20.048726312101,"BASE_static_share"
2025-06-01,"avise","Avise",96.7046535261956,"BASE_static_share"
2025-07-01,"avise","Avise",209.783580264844,"BASE_static_share"
2025-08-01,"avise","Avise",212.008859122629,"BASE_static_share"
2025-09-01,"avise","Avise",91.5989738299365,"BASE_static_share"
2025-01-01,"ayas","Ayas",12671.9204454176,"BASE_static_share"
2025-02-01,"ayas","Ayas",11118.7972615552,"BASE_static_share"
2025-03-01,"ayas","Ayas",9545.22993999352,"BASE_static_share"
2025-04-01,"ayas","Ayas",2288.64424115425,"BASE_static_share"
2025-05-01,"ayas","Ayas",759.49514620302,"BASE_static_share"
2025-06-01,"ayas","Ayas",5497.54840498379,"BASE_static_share"
2025-07-01,"ayas","Ayas",12773.8973212458,"BASE_static_share"
2025-08-01,"ayas","Ayas",13025.0618647196,"BASE_static_share"
2025-09-01,"ayas","Ayas",4910.83436377016,"BASE_static_share"
2025-01-01,"aymavilles","Aymavilles",569.136024219806,"BASE_static_share"
2025-02-01,"aymavilles","Aymavilles",557.692130102799,"BASE_static_share"
2025-03-01,"aymavilles","Aymavilles",329.005718247458,"BASE_static_share"
2025-04-01,"aymavilles","Aymavilles",298.832448195486,"BASE_static_share"
2025-05-01,"aymavilles","Aymavilles",247.107110417832,"BASE_static_share"
2025-06-01,"aymavilles","Aymavilles",439.489995128711,"BASE_static_share"
2025-07-01,"aymavilles","Aymavilles",1084.02984745114,"BASE_static_share"
2025-08-01,"aymavilles","Aymavilles",1251.51070059666,"BASE_static_share"
2025-09-01,"aymavilles","Aymavilles",357.503979680776,"BASE_static_share"
2025-01-01,"bard","Bard",599.16230767575,"BASE_static_share"
2025-02-01,"bard","Bard",515.552253678346,"BASE_static_share"
2025-03-01,"bard","Bard",331.431115826511,"BASE_static_share"
2025-04-01,"bard","Bard",312.788922128447,"BASE_static_share"
2025-05-01,"bard","Bard",626.250241423303,"BASE_static_share"
2025-06-01,"bard","Bard",325.817431719304,"BASE_static_share"
2025-07-01,"bard","Bard",869.790887944595,"BASE_static_share"
2025-08-01,"bard","Bard",1137.93986000622,"BASE_static_share"
2025-09-01,"bard","Bard",633.636918745172,"BASE_static_share"
2025-01-01,"bionaz","Bionaz",161.294060030801,"BASE_static_share"
2025-02-01,"bionaz","Bionaz",127.077998390708,"BASE_static_share"
2025-03-01,"bionaz","Bionaz",408.579160792042,"BASE_static_share"
2025-04-01,"bionaz","Bionaz",620.08381968225,"BASE_static_share"
2025-05-01,"bionaz","Bionaz",177.651257977992,"BASE_static_share"
2025-06-01,"bionaz","Bionaz",590.891398997889,"BASE_static_share"
2025-07-01,"bionaz","Bionaz",2597.07836271534,"BASE_static_share"
2025-08-01,"bionaz","Bionaz",2851.91508273916,"BASE_static_share"
2025-09-01,"bionaz","Bionaz",513.619462948401,"BASE_static_share"
2025-01-01,"brissogne","Brissogne",70.0648129776242,"BASE_static_share"
2025-02-01,"brissogne","Brissogne",45.9726521913809,"BASE_static_share"
2025-03-01,"brissogne","Brissogne",39.897500942561,"BASE_static_share"
2025-04-01,"brissogne","Brissogne",55.2527583291757,"BASE_static_share"
2025-05-01,"brissogne","Brissogne",45.3113672248879,"BASE_static_share"
2025-06-01,"brissogne","Brissogne",62.2287758788226,"BASE_static_share"
2025-07-01,"brissogne","Brissogne",91.6003224709098,"BASE_static_share"
2025-08-01,"brissogne","Brissogne",89.2782713133681,"BASE_static_share"
2025-09-01,"brissogne","Brissogne",40.8017336520201,"BASE_static_share"
2025-01-01,"brusson","Brusson",3270.89207023893,"BASE_static_share"
2025-02-01,"brusson","Brusson",3741.56056864833,"BASE_static_share"
2025-03-01,"brusson","Brusson",2186.98456423734,"BASE_static_share"
2025-04-01,"brusson","Brusson",904.300819357378,"BASE_static_share"
2025-05-01,"brusson","Brusson",495.759416847885,"BASE_static_share"
2025-06-01,"brusson","Brusson",2439.8780132698,"BASE_static_share"
2025-07-01,"brusson","Brusson",4824.25478798015,"BASE_static_share"
2025-08-01,"brusson","Brusson",5003.44804048594,"BASE_static_share"
2025-09-01,"brusson","Brusson",1910.36579255929,"BASE_static_share"
2025-01-01,"challand saint anselme","Challand-Saint-Anselme",589.959134193004,"BASE_static_share"
2025-02-01,"challand saint anselme","Challand-Saint-Anselme",545.567319289949,"BASE_static_share"
2025-03-01,"challand saint anselme","Challand-Saint-Anselme",381.286840266061,"BASE_static_share"
2025-04-01,"challand saint anselme","Challand-Saint-Anselme",273.936403108753,"BASE_static_share"
2025-05-01,"challand saint anselme","Challand-Saint-Anselme",216.852563961193,"BASE_static_share"
2025-06-01,"challand saint anselme","Challand-Saint-Anselme",622.803930848276,"BASE_static_share"
2025-07-01,"challand saint anselme","Challand-Saint-Anselme",981.634767088805,"BASE_static_share"
2025-08-01,"challand saint anselme","Challand-Saint-Anselme",992.917430741846,"BASE_static_share"
2025-09-01,"challand saint anselme","Challand-Saint-Anselme",476.543815026348,"BASE_static_share"
2025-01-01,"challand saint victor","Challand-Saint-Victor",82.2076741044386,"BASE_static_share"
2025-02-01,"challand saint victor","Challand-Saint-Victor",56.9295992681466,"BASE_static_share"
2025-03-01,"challand saint victor","Challand-Saint-Victor",48.3377049377448,"BASE_static_share"
2025-04-01,"challand saint victor","Challand-Saint-Victor",58.5411082331179,"BASE_static_share"
2025-05-01,"challand saint victor","Challand-Saint-Victor",54.0361176946159,"BASE_static_share"
2025-06-01,"challand saint victor","Challand-Saint-Victor",60.2715102783865,"BASE_static_share"
2025-07-01,"challand saint victor","Challand-Saint-Victor",80.9342284694062,"BASE_static_share"
2025-08-01,"challand saint victor","Challand-Saint-Victor",80.4185160872049,"BASE_static_share"
2025-09-01,"challand saint victor","Challand-Saint-Victor",21.9962009117186,"BASE_static_share"
2025-01-01,"chambave","Chambave",116.185227803973,"BASE_static_share"
2025-02-01,"chambave","Chambave",104.749816390451,"BASE_static_share"
2025-03-01,"chambave","Chambave",112.370665892734,"BASE_static_share"
2025-04-01,"chambave","Chambave",92.3230068225101,"BASE_static_share"
2025-05-01,"chambave","Chambave",119.873427971889,"BASE_static_share"
2025-06-01,"chambave","Chambave",127.039148228428,"BASE_static_share"
2025-07-01,"chambave","Chambave",137.508380740009,"BASE_static_share"
2025-08-01,"chambave","Chambave",176.820327370738,"BASE_static_share"
2025-09-01,"chambave","Chambave",105.670367615337,"BASE_static_share"
2025-01-01,"chamois","Chamois",808.311864819038,"BASE_static_share"
2025-02-01,"chamois","Chamois",827.009698441566,"BASE_static_share"
2025-03-01,"chamois","Chamois",636.369216010182,"BASE_static_share"
2025-04-01,"chamois","Chamois",49.7713350683508,"BASE_static_share"
2025-05-01,"chamois","Chamois",11.2332473481291,"BASE_static_share"
2025-06-01,"chamois","Chamois",178.94643720069,"BASE_static_share"
2025-07-01,"chamois","Chamois",627.29248103178,"BASE_static_share"
2025-08-01,"chamois","Chamois",824.800276570939,"BASE_static_share"
2025-09-01,"chamois","Chamois",231.678820164517,"BASE_static_share"
2025-01-01,"champdepraz","Champdepraz",348.545228670658,"BASE_static_share"
2025-02-01,"champdepraz","Champdepraz",286.814192302543,"BASE_static_share"
2025-03-01,"champdepraz","Champdepraz",201.72740994054,"BASE_static_share"
2025-04-01,"champdepraz","Champdepraz",197.610690054995,"BASE_static_share"
2025-05-01,"champdepraz","Champdepraz",39.998613716289,"BASE_static_share"
2025-06-01,"champdepraz","Champdepraz",205.253342915183,"BASE_static_share"
2025-07-01,"champdepraz","Champdepraz",308.875476915765,"BASE_static_share"
2025-08-01,"champdepraz","Champdepraz",330.086380862679,"BASE_static_share"
2025-09-01,"champdepraz","Champdepraz",241.734378935094,"BASE_static_share"
2025-01-01,"champorcher","Champorcher",853.281882960044,"BASE_static_share"
2025-02-01,"champorcher","Champorcher",849.815489455279,"BASE_static_share"
2025-03-01,"champorcher","Champorcher",240.660261214761,"BASE_static_share"
2025-04-01,"champorcher","Champorcher",118.549305896352,"BASE_static_share"
2025-05-01,"champorcher","Champorcher",78.8466300800675,"BASE_static_share"
2025-06-01,"champorcher","Champorcher",302.361110714561,"BASE_static_share"
2025-07-01,"champorcher","Champorcher",1699.59252337925,"BASE_static_share"
2025-08-01,"champorcher","Champorcher",1640.17119480374,"BASE_static_share"
2025-09-01,"champorcher","Champorcher",328.241223338136,"BASE_static_share"
2025-01-01,"charvensod","Charvensod",1492.9781505026,"BASE_static_share"
2025-02-01,"charvensod","Charvensod",1420.2681172793,"BASE_static_share"
2025-03-01,"charvensod","Charvensod",1482.23826071399,"BASE_static_share"
2025-04-01,"charvensod","Charvensod",1328.74805598255,"BASE_static_share"
2025-05-01,"charvensod","Charvensod",1944.8217225997,"BASE_static_share"
2025-06-01,"charvensod","Charvensod",1896.06290328362,"BASE_static_share"
2025-07-01,"charvensod","Charvensod",2825.47070252082,"BASE_static_share"
2025-08-01,"charvensod","Charvensod",2918.54606785831,"BASE_static_share"
2025-09-01,"charvensod","Charvensod",1961.64890998962,"BASE_static_share"
2025-01-01,"chatillon","Châtillon",3515.9587083507,"BASE_static_share"
2025-02-01,"chatillon","Châtillon",3145.57234145963,"BASE_static_share"
2025-03-01,"chatillon","Châtillon",2593.91742088058,"BASE_static_share"
2025-04-01,"chatillon","Châtillon",2626.98121517154,"BASE_static_share"
2025-05-01,"chatillon","Châtillon",2608.65432329902,"BASE_static_share"
2025-06-01,"chatillon","Châtillon",3084.69925298545,"BASE_static_share"
2025-07-01,"chatillon","Châtillon",3869.63842586317,"BASE_static_share"
2025-08-01,"chatillon","Châtillon",4061.30556261995,"BASE_static_share"
2025-09-01,"chatillon","Châtillon",2829.76811377918,"BASE_static_share"
2025-01-01,"cogne","Cogne",8816.17090791464,"BASE_static_share"
2025-02-01,"cogne","Cogne",7850.38433187842,"BASE_static_share"
2025-03-01,"cogne","Cogne",4932.80550946511,"BASE_static_share"
2025-04-01,"cogne","Cogne",1640.86703296805,"BASE_static_share"
2025-05-01,"cogne","Cogne",3140.63819989703,"BASE_static_share"
2025-06-01,"cogne","Cogne",7004.36763720589,"BASE_static_share"
2025-07-01,"cogne","Cogne",7209.53355926375,"BASE_static_share"
2025-08-01,"cogne","Cogne",12041.3394501765,"BASE_static_share"
2025-09-01,"cogne","Cogne",7181.89248118555,"BASE_static_share"
2025-01-01,"courmayeur","Courmayeur",25013.7523478702,"BASE_static_share"
2025-02-01,"courmayeur","Courmayeur",22083.8889615107,"BASE_static_share"
2025-03-01,"courmayeur","Courmayeur",19587.2708838918,"BASE_static_share"
2025-04-01,"courmayeur","Courmayeur",5228.55966419005,"BASE_static_share"
2025-05-01,"courmayeur","Courmayeur",2558.5591096756,"BASE_static_share"
2025-06-01,"courmayeur","Courmayeur",28055.9362959872,"BASE_static_share"
2025-07-01,"courmayeur","Courmayeur",53673.6789528588,"BASE_static_share"
2025-08-01,"courmayeur","Courmayeur",50442.3172374425,"BASE_static_share"
2025-09-01,"courmayeur","Courmayeur",23794.2513326387,"BASE_static_share"
2025-01-01,"donnas","Donnas",153.976205144415,"BASE_static_share"
2025-02-01,"donnas","Donnas",136.102502270413,"BASE_static_share"
2025-03-01,"donnas","Donnas",88.81717956593,"BASE_static_share"
2025-04-01,"donnas","Donnas",208.754105991144,"BASE_static_share"
2025-05-01,"donnas","Donnas",232.255320907137,"BASE_static_share"
2025-06-01,"donnas","Donnas",248.322375015967,"BASE_static_share"
2025-07-01,"donnas","Donnas",434.912734582696,"BASE_static_share"
2025-08-01,"donnas","Donnas",471.865623201171,"BASE_static_share"
2025-09-01,"donnas","Donnas",150.749982440787,"BASE_static_share"
2025-01-01,"doues","Doues",130.022319735016,"BASE_static_share"
2025-02-01,"doues","Doues",137.461454616263,"BASE_static_share"
2025-03-01,"doues","Doues",80.5985349112835,"BASE_static_share"
2025-04-01,"doues","Doues",75.9177269875009,"BASE_static_share"
2025-05-01,"doues","Doues",51.2399714780871,"BASE_static_share"
2025-06-01,"doues","Doues",181.196576860993,"BASE_static_share"
2025-07-01,"doues","Doues",613.850228373315,"BASE_static_share"
2025-08-01,"doues","Doues",600.385508350327,"BASE_static_share"
2025-09-01,"doues","Doues",290.960851854672,"BASE_static_share"
2025-01-01,"emarese","Emarèse",45.4919752942289,"BASE_static_share"
2025-02-01,"emarese","Emarèse",32.8072950416517,"BASE_static_share"
2025-03-01,"emarese","Emarèse",38.9127037081011,"BASE_static_share"
2025-04-01,"emarese","Emarèse",6.30021215760477,"BASE_static_share"
2025-05-01,"emarese","Emarèse",32.1537890602245,"BASE_static_share"
2025-06-01,"emarese","Emarèse",18.8303683705768,"BASE_static_share"
2025-07-01,"emarese","Emarèse",82.2842503312092,"BASE_static_share"
2025-08-01,"emarese","Emarèse",106.361467000489,"BASE_static_share"
2025-09-01,"emarese","Emarèse",19.3464095938227,"BASE_static_share"
2025-01-01,"etroubles","Etroubles",714.754330103943,"BASE_static_share"
2025-02-01,"etroubles","Etroubles",827.667167471256,"BASE_static_share"
2025-03-01,"etroubles","Etroubles",483.892238150185,"BASE_static_share"
2025-04-01,"etroubles","Etroubles",318.270345389272,"BASE_static_share"
2025-05-01,"etroubles","Etroubles",612.548292293176,"BASE_static_share"
2025-06-01,"etroubles","Etroubles",1736.04862194616,"BASE_static_share"
2025-07-01,"etroubles","Etroubles",3584.21425241225,"BASE_static_share"
2025-08-01,"etroubles","Etroubles",3516.87709834661,"BASE_static_share"
2025-09-01,"etroubles","Etroubles",1931.09462373495,"BASE_static_share"
2025-01-01,"fenis","Fénis",712.076978474563,"BASE_static_share"
2025-02-01,"fenis","Fénis",636.078896544683,"BASE_static_share"
2025-03-01,"fenis","Fénis",574.280416779218,"BASE_static_share"
2025-04-01,"fenis","Fénis",556.523682280115,"BASE_static_share"
2025-05-01,"fenis","Fénis",750.703998480055,"BASE_static_share"
2025-06-01,"fenis","Fénis",817.364274954739,"BASE_static_share"
2025-07-01,"fenis","Fénis",1238.63218527049,"BASE_static_share"
2025-08-01,"fenis","Fénis",1332.78670152854,"BASE_static_share"
2025-09-01,"fenis","Fénis",689.266971838862,"BASE_static_share"
2025-01-01,"fontainemore","Fontainemore",75.3480804405657,"BASE_static_share"
2025-02-01,"fontainemore","Fontainemore",73.3863519607867,"BASE_static_share"
2025-03-01,"fontainemore","Fontainemore",38.2628880738344,"BASE_static_share"
2025-04-01,"fontainemore","Fontainemore",43.2981142845389,"BASE_static_share"
2025-05-01,"fontainemore","Fontainemore",28.4777170300323,"BASE_static_share"
2025-06-01,"fontainemore","Fontainemore",175.147781360237,"BASE_static_share"
2025-07-01,"fontainemore","Fontainemore",644.715636834061,"BASE_static_share"
2025-08-01,"fontainemore","Fontainemore",897.885131068429,"BASE_static_share"
2025-09-01,"fontainemore","Fontainemore",242.089639759602,"BASE_static_share"
2025-01-01,"gaby","Gaby",932.51753771349,"BASE_static_share"
2025-02-01,"gaby","Gaby",813.355953728677,"BASE_static_share"
2025-03-01,"gaby","Gaby",479.038207998038,"BASE_static_share"
2025-04-01,"gaby","Gaby",281.993090162075,"BASE_static_share"
2025-05-01,"gaby","Gaby",131.041035038724,"BASE_static_share"
2025-06-01,"gaby","Gaby",546.194476704129,"BASE_static_share"
2025-07-01,"gaby","Gaby",1335.45833483389,"BASE_static_share"
2025-08-01,"gaby","Gaby",1287.03959187442,"BASE_static_share"
2025-09-01,"gaby","Gaby",409.637237433279,"BASE_static_share"
2025-01-01,"gignod","Gignod",553.404126434279,"BASE_static_share"
2025-02-01,"gignod","Gignod",421.409092750409,"BASE_static_share"
2025-03-01,"gignod","Gignod",328.422687526078,"BASE_static_share"
2025-04-01,"gignod","Gignod",257.073769707463,"BASE_static_share"
2025-05-01,"gignod","Gignod",382.752048810484,"BASE_static_share"
2025-06-01,"gignod","Gignod",642.756551475453,"BASE_static_share"
2025-07-01,"gignod","Gignod",1688.12004605542,"BASE_static_share"
2025-08-01,"gignod","Gignod",1848.31882284865,"BASE_static_share"
2025-09-01,"gignod","Gignod",597.481975328518,"BASE_static_share"
2025-01-01,"gressan","Gressan",8441.18862002002,"BASE_static_share"
2025-02-01,"gressan","Gressan",7144.5376382773,"BASE_static_share"
2025-03-01,"gressan","Gressan",5853.76917940701,"BASE_static_share"
2025-04-01,"gressan","Gressan",1089.29062649355,"BASE_static_share"
2025-05-01,"gressan","Gressan",416.978427049112,"BASE_static_share"
2025-06-01,"gressan","Gressan",1384.08303253802,"BASE_static_share"
2025-07-01,"gressan","Gressan",6807.97130340359,"BASE_static_share"
2025-08-01,"gressan","Gressan",4878.68124542802,"BASE_static_share"
2025-09-01,"gressan","Gressan",578.326641058679,"BASE_static_share"
2025-01-01,"gressoney la trinite","Gressoney-La-Trinité",4527.40484338848,"BASE_static_share"
2025-02-01,"gressoney la trinite","Gressoney-La-Trinité",5190.94625163338,"BASE_static_share"
2025-03-01,"gressoney la trinite","Gressoney-La-Trinité",4847.60627870164,"BASE_static_share"
2025-04-01,"gressoney la trinite","Gressoney-La-Trinité",2418.62190092983,"BASE_static_share"
2025-05-01,"gressoney la trinite","Gressoney-La-Trinité",98.5501771864154,"BASE_static_share"
2025-06-01,"gressoney la trinite","Gressoney-La-Trinité",7739.64605893824,"BASE_static_share"
2025-07-01,"gressoney la trinite","Gressoney-La-Trinité",16808.2793186629,"BASE_static_share"
2025-08-01,"gressoney la trinite","Gressoney-La-Trinité",14261.9473123765,"BASE_static_share"
2025-09-01,"gressoney la trinite","Gressoney-La-Trinité",3732.47463002594,"BASE_static_share"
2025-01-01,"gressoney saint jean","Gressoney-Saint-Jean",4513.73696228391,"BASE_static_share"
2025-02-01,"gressoney saint jean","Gressoney-Saint-Jean",4634.1848571732,"BASE_static_share"
2025-03-01,"gressoney saint jean","Gressoney-Saint-Jean",3239.09366133234,"BASE_static_share"
2025-04-01,"gressoney saint jean","Gressoney-Saint-Jean",1308.24260513211,"BASE_static_share"
2025-05-01,"gressoney saint jean","Gressoney-Saint-Jean",506.358321708248,"BASE_static_share"
2025-06-01,"gressoney saint jean","Gressoney-Saint-Jean",3028.72640133679,"BASE_static_share"
2025-07-01,"gressoney saint jean","Gressoney-Saint-Jean",5205.37205621268,"BASE_static_share"
2025-08-01,"gressoney saint jean","Gressoney-Saint-Jean",5001.17154119125,"BASE_static_share"
2025-09-01,"gressoney saint jean","Gressoney-Saint-Jean",1822.01248650187,"BASE_static_share"
2025-01-01,"hone","Hône",104.447386710223,"BASE_static_share"
2025-02-01,"hone","Hône",93.0071827971322,"BASE_static_share"
2025-03-01,"hone","Hône",93.1846247974991,"BASE_static_share"
2025-04-01,"hone","Hône",112.055330007426,"BASE_static_share"
2025-05-01,"hone","Hône",73.5014349167926,"BASE_static_share"
2025-06-01,"hone","Hône",131.430532568204,"BASE_static_share"
2025-07-01,"hone","Hône",216.601497764702,"BASE_static_share"
2025-08-01,"hone","Hône",325.740318492723,"BASE_static_share"
2025-09-01,"hone","Hône",119.195425252245,"BASE_static_share"
2025-01-01,"introd","Introd",400.758951026076,"BASE_static_share"
2025-02-01,"introd","Introd",520.117498279055,"BASE_static_share"
2025-03-01,"introd","Introd",298.891518808117,"BASE_static_share"
2025-04-01,"introd","Introd",256.874965450614,"BASE_static_share"
2025-05-01,"introd","Introd",206.951370954062,"BASE_static_share"
2025-06-01,"introd","Introd",547.398184376573,"BASE_static_share"
2025-07-01,"introd","Introd",984.600445334771,"BASE_static_share"
2025-08-01,"introd","Introd",858.914190152008,"BASE_static_share"
2025-09-01,"introd","Introd",389.280044967037,"BASE_static_share"
2025-01-01,"issime","Issime",112.883306575027,"BASE_static_share"
2025-02-01,"issime","Issime",93.6972124978457,"BASE_static_share"
2025-03-01,"issime","Issime",73.8162624582105,"BASE_static_share"
2025-04-01,"issime","Issime",42.675609381845,"BASE_static_share"
2025-05-01,"issime","Issime",44.373911543599,"BASE_static_share"
2025-06-01,"issime","Issime",92.2051103761225,"BASE_static_share"
2025-07-01,"issime","Issime",64.6881884249467,"BASE_static_share"
2025-08-01,"issime","Issime",66.7289289988924,"BASE_static_share"
2025-09-01,"issime","Issime",61.7380180365804,"BASE_static_share"
2025-01-01,"issogne","Issogne",17.2445280557479,"BASE_static_share"
2025-02-01,"issogne","Issogne",23.5809240024784,"BASE_static_share"
2025-03-01,"issogne","Issogne",20.7994493620876,"BASE_static_share"
2025-04-01,"issogne","Issogne",29.4913736099056,"BASE_static_share"
2025-05-01,"issogne","Issogne",48.4032731932133,"BASE_static_share"
2025-06-01,"issogne","Issogne",15.2634632509626,"BASE_static_share"
2025-07-01,"issogne","Issogne",41.2714661809033,"BASE_static_share"
2025-08-01,"issogne","Issogne",58.0661233322724,"BASE_static_share"
2025-09-01,"issogne","Issogne",32.4534245140567,"BASE_static_share"
2025-01-01,"jovencan","Jovençan",583.358194184528,"BASE_static_share"
2025-02-01,"jovencan","Jovençan",577.917437307977,"BASE_static_share"
2025-03-01,"jovencan","Jovençan",549.896907645604,"BASE_static_share"
2025-04-01,"jovencan","Jovençan",463.849321178161,"BASE_static_share"
2025-05-01,"jovencan","Jovençan",665.377039739598,"BASE_static_share"
2025-06-01,"jovencan","Jovençan",604.458132166726,"BASE_static_share"
2025-07-01,"jovencan","Jovençan",766.68621543056,"BASE_static_share"
2025-08-01,"jovencan","Jovençan",803.744733866343,"BASE_static_share"
2025-09-01,"jovencan","Jovençan",564.818367958079,"BASE_static_share"
2025-01-01,"la magdeleine","La Magdeleine",109.996860120407,"BASE_static_share"
2025-02-01,"la magdeleine","La Magdeleine",133.034080942548,"BASE_static_share"
2025-03-01,"la magdeleine","La Magdeleine",69.5622394862973,"BASE_static_share"
2025-04-01,"la magdeleine","La Magdeleine",10.5416661385698,"BASE_static_share"
2025-05-01,"la magdeleine","La Magdeleine",41.9480327457729,"BASE_static_share"
2025-06-01,"la magdeleine","La Magdeleine",69.6603591544887,"BASE_static_share"
2025-07-01,"la magdeleine","La Magdeleine",154.161088691512,"BASE_static_share"
2025-08-01,"la magdeleine","La Magdeleine",164.694226498807,"BASE_static_share"
2025-09-01,"la magdeleine","La Magdeleine",37.7066031425952,"BASE_static_share"
2025-01-01,"la salle","La Salle",2653.10386603118,"BASE_static_share"
2025-02-01,"la salle","La Salle",2761.22771084848,"BASE_static_share"
2025-03-01,"la salle","La Salle",2306.50637321428,"BASE_static_share"
2025-04-01,"la salle","La Salle",1311.39886361707,"BASE_static_share"
2025-05-01,"la salle","La Salle",967.817609622541,"BASE_static_share"
2025-06-01,"la salle","La Salle",1862.37916631485,"BASE_static_share"
2025-07-01,"la salle","La Salle",3604.62936093878,"BASE_static_share"
2025-08-01,"la salle","La Salle",3739.19192261861,"BASE_static_share"
2025-09-01,"la salle","La Salle",1369.79256530185,"BASE_static_share"
2025-01-01,"la thuile","La Thuile",10970.5809008722,"BASE_static_share"
2025-02-01,"la thuile","La Thuile",9943.66041215573,"BASE_static_share"
2025-03-01,"la thuile","La Thuile",9333.74149018739,"BASE_static_share"
2025-04-01,"la thuile","La Thuile",1495.37834188641,"BASE_static_share"
2025-05-01,"la thuile","La Thuile",52.9592710370688,"BASE_static_share"
2025-06-01,"la thuile","La Thuile",5415.04179587637,"BASE_static_share"
2025-07-01,"la thuile","La Thuile",12242.3591531708,"BASE_static_share"
2025-08-01,"la thuile","La Thuile",13691.5574161296,"BASE_static_share"
2025-09-01,"la thuile","La Thuile",2816.22929099257,"BASE_static_share"
2025-01-01,"lillianes","Lillianes",120.914206406767,"BASE_static_share"
2025-02-01,"lillianes","Lillianes",88.9619863429478,"BASE_static_share"
2025-03-01,"lillianes","Lillianes",72.4964836235575,"BASE_static_share"
2025-04-01,"lillianes","Lillianes",71.8131084495428,"BASE_static_share"
2025-05-01,"lillianes","Lillianes",84.6188655577282,"BASE_static_share"
2025-06-01,"lillianes","Lillianes",230.158474010435,"BASE_static_share"
2025-07-01,"lillianes","Lillianes",631.097769570117,"BASE_static_share"
2025-08-01,"lillianes","Lillianes",601.182441895186,"BASE_static_share"
2025-09-01,"lillianes","Lillianes",164.27231043021,"BASE_static_share"
2025-01-01,"montjovet","Montjovet",823.980066673855,"BASE_static_share"
2025-02-01,"montjovet","Montjovet",700.292320170982,"BASE_static_share"
2025-03-01,"montjovet","Montjovet",397.653116519447,"BASE_static_share"
2025-04-01,"montjovet","Montjovet",401.655907447837,"BASE_static_share"
2025-05-01,"montjovet","Montjovet",423.918237678564,"BASE_static_share"
2025-06-01,"montjovet","Montjovet",450.411927084718,"BASE_static_share"
2025-07-01,"montjovet","Montjovet",698.012879871532,"BASE_static_share"
2025-08-01,"montjovet","Montjovet",975.08085444321,"BASE_static_share"
2025-09-01,"montjovet","Montjovet",315.811974297092,"BASE_static_share"
2025-01-01,"morgex","Morgex",1334.97168702693,"BASE_static_share"
2025-02-01,"morgex","Morgex",1276.214443159,"BASE_static_share"
2025-03-01,"morgex","Morgex",1361.9955591601,"BASE_static_share"
2025-04-01,"morgex","Morgex",610.410013438981,"BASE_static_share"
2025-05-01,"morgex","Morgex",751.082376312427,"BASE_static_share"
2025-06-01,"morgex","Morgex",1305.6476212541,"BASE_static_share"
2025-07-01,"morgex","Morgex",2271.57798781513,"BASE_static_share"
2025-08-01,"morgex","Morgex",2824.31070172975,"BASE_static_share"
2025-09-01,"morgex","Morgex",1034.91219880306,"BASE_static_share"
2025-01-01,"nus","Nus",1102.02990300887,"BASE_static_share"
2025-02-01,"nus","Nus",1078.09592376363,"BASE_static_share"
2025-03-01,"nus","Nus",1307.50419280168,"BASE_static_share"
2025-04-01,"nus","Nus",788.502899145497,"BASE_static_share"
2025-05-01,"nus","Nus",1169.22026809966,"BASE_static_share"
2025-06-01,"nus","Nus",946.292585064985,"BASE_static_share"
2025-07-01,"nus","Nus",1787.02802135835,"BASE_static_share"
2025-08-01,"nus","Nus",1919.89181756974,"BASE_static_share"
2025-09-01,"nus","Nus",748.876561227275,"BASE_static_share"
2025-01-01,"ollomont","Ollomont",56.6650727865696,"BASE_static_share"
2025-02-01,"ollomont","Ollomont",11.0207182873257,"BASE_static_share"
2025-03-01,"ollomont","Ollomont",10.2094437254406,"BASE_static_share"
2025-04-01,"ollomont","Ollomont",12.3446917700447,"BASE_static_share"
2025-05-01,"ollomont","Ollomont",8.25640111505471,"BASE_static_share"
2025-06-01,"ollomont","Ollomont",32.3683167419421,"BASE_static_share"
2025-07-01,"ollomont","Ollomont",414.393882393775,"BASE_static_share"
2025-08-01,"ollomont","Ollomont",506.488588594404,"BASE_static_share"
2025-09-01,"ollomont","Ollomont",89.9954508017715,"BASE_static_share"
2025-01-01,"oyace","Oyace",3.77063719272074,"BASE_static_share"
2025-02-01,"oyace","Oyace",5.06441071357188,"BASE_static_share"
2025-03-01,"oyace","Oyace",3.35827228797015,"BASE_static_share"
2025-04-01,"oyace","Oyace",0,"BASE_static_share"
2025-05-01,"oyace","Oyace",0,"BASE_static_share"
2025-06-01,"oyace","Oyace",4.65755500519039,"BASE_static_share"
2025-07-01,"oyace","Oyace",5.21616609922081,"BASE_static_share"
2025-08-01,"oyace","Oyace",1.04232414425449,"BASE_static_share"
2025-09-01,"oyace","Oyace",2.622494843041,"BASE_static_share"
2025-01-01,"perloz","Perloz",75.9128240419754,"BASE_static_share"
2025-02-01,"perloz","Perloz",62.9707851080375,"BASE_static_share"
2025-03-01,"perloz","Perloz",43.904531829043,"BASE_static_share"
2025-04-01,"perloz","Perloz",43.5642243822611,"BASE_static_share"
2025-05-01,"perloz","Perloz",34.7109484206397,"BASE_static_share"
2025-06-01,"perloz","Perloz",90.7879026566372,"BASE_static_share"
2025-07-01,"perloz","Perloz",177.793605002845,"BASE_static_share"
2025-08-01,"perloz","Perloz",188.733331669841,"BASE_static_share"
2025-09-01,"perloz","Perloz",74.93238167635,"BASE_static_share"
2025-01-01,"pollein","Pollein",3280.62203829059,"BASE_static_share"
2025-02-01,"pollein","Pollein",2691.63034539007,"BASE_static_share"
2025-03-01,"pollein","Pollein",2844.48715417405,"BASE_static_share"
2025-04-01,"pollein","Pollein",2629.3060834459,"BASE_static_share"
2025-05-01,"pollein","Pollein",4189.13171636797,"BASE_static_share"
2025-06-01,"pollein","Pollein",3615.89717327457,"BASE_static_share"
2025-07-01,"pollein","Pollein",4217.37994273838,"BASE_static_share"
2025-08-01,"pollein","Pollein",3911.35025906031,"BASE_static_share"
2025-09-01,"pollein","Pollein",3231.36003294539,"BASE_static_share"
2025-01-01,"pont saint martin","Pont-Saint-Martin",538.311122922134,"BASE_static_share"
2025-02-01,"pont saint martin","Pont-Saint-Martin",508.013794521782,"BASE_static_share"
2025-03-01,"pont saint martin","Pont-Saint-Martin",552.183450220107,"BASE_static_share"
2025-04-01,"pont saint martin","Pont-Saint-Martin",522.907231528638,"BASE_static_share"
2025-05-01,"pont saint martin","Pont-Saint-Martin",663.156949171267,"BASE_static_share"
2025-06-01,"pont saint martin","Pont-Saint-Martin",847.077256360176,"BASE_static_share"
2025-07-01,"pont saint martin","Pont-Saint-Martin",1032.78526593541,"BASE_static_share"
2025-08-01,"pont saint martin","Pont-Saint-Martin",1137.60651218695,"BASE_static_share"
2025-09-01,"pont saint martin","Pont-Saint-Martin",746.013857405511,"BASE_static_share"
2025-01-01,"pontboset","Pontboset",121.458040525653,"BASE_static_share"
2025-02-01,"pontboset","Pontboset",114.252154305527,"BASE_static_share"
2025-03-01,"pontboset","Pontboset",85.6380574147485,"BASE_static_share"
2025-04-01,"pontboset","Pontboset",51.45042307214,"BASE_static_share"
2025-05-01,"pontboset","Pontboset",88.1142375713747,"BASE_static_share"
2025-06-01,"pontboset","Pontboset",188.295967155646,"BASE_static_share"
2025-07-01,"pontboset","Pontboset",417.396850362035,"BASE_static_share"
2025-08-01,"pontboset","Pontboset",483.963466799855,"BASE_static_share"
2025-09-01,"pontboset","Pontboset",110.937194481303,"BASE_static_share"
2025-01-01,"pontey","Pontey",87.6078786875392,"BASE_static_share"
2025-02-01,"pontey","Pontey",67.7911145509868,"BASE_static_share"
2025-03-01,"pontey","Pontey",51.2486304016209,"BASE_static_share"
2025-04-01,"pontey","Pontey",61.0647807643297,"BASE_static_share"
2025-05-01,"pontey","Pontey",85.6883587735486,"BASE_static_share"
2025-06-01,"pontey","Pontey",79.2388222567317,"BASE_static_share"
2025-07-01,"pontey","Pontey",156.953860833497,"BASE_static_share"
2025-08-01,"pontey","Pontey",251.917168596958,"BASE_static_share"
2025-09-01,"pontey","Pontey",52.8706692249797,"BASE_static_share"
2025-01-01,"pre saint didier","Pré-Saint-Didier",8393.52886054209,"BASE_static_share"
2025-02-01,"pre saint didier","Pré-Saint-Didier",7537.67324502532,"BASE_static_share"
2025-03-01,"pre saint didier","Pré-Saint-Didier",7518.33141388201,"BASE_static_share"
2025-04-01,"pre saint didier","Pré-Saint-Didier",3744.41472644554,"BASE_static_share"
2025-05-01,"pre saint didier","Pré-Saint-Didier",3688.00201614386,"BASE_static_share"
2025-06-01,"pre saint didier","Pré-Saint-Didier",3982.36629668804,"BASE_static_share"
2025-07-01,"pre saint didier","Pré-Saint-Didier",6014.07391119664,"BASE_static_share"
2025-08-01,"pre saint didier","Pré-Saint-Didier",5955.60477546215,"BASE_static_share"
2025-09-01,"pre saint didier","Pré-Saint-Didier",4447.62412440534,"BASE_static_share"
2025-01-01,"quart","Quart",724.933852029871,"BASE_static_share"
2025-02-01,"quart","Quart",609.950049404693,"BASE_static_share"
2025-03-01,"quart","Quart",574.66203572618,"BASE_static_share"
2025-04-01,"quart","Quart",478.115935681838,"BASE_static_share"
2025-05-01,"quart","Quart",714.18302200619,"BASE_static_share"
2025-06-01,"quart","Quart",688.683884836109,"BASE_static_share"
2025-07-01,"quart","Quart",1061.18303822486,"BASE_static_share"
2025-08-01,"quart","Quart",1001.26112244925,"BASE_static_share"
2025-09-01,"quart","Quart",655.004894083834,"BASE_static_share"
2025-01-01,"rhemes notre dame","Rhêmes-Notre-Dame",1615.78522779758,"BASE_static_share"
2025-02-01,"rhemes notre dame","Rhêmes-Notre-Dame",1259.94990418569,"BASE_static_share"
2025-03-01,"rhemes notre dame","Rhêmes-Notre-Dame",1093.4366280246,"BASE_static_share"
2025-04-01,"rhemes notre dame","Rhêmes-Notre-Dame",273.691048116145,"BASE_static_share"
2025-05-01,"rhemes notre dame","Rhêmes-Notre-Dame",110.366833624469,"BASE_static_share"
2025-06-01,"rhemes notre dame","Rhêmes-Notre-Dame",844.832751846977,"BASE_static_share"
2025-07-01,"rhemes notre dame","Rhêmes-Notre-Dame",1527.97369766466,"BASE_static_share"
2025-08-01,"rhemes notre dame","Rhêmes-Notre-Dame",1588.89844902249,"BASE_static_share"
2025-09-01,"rhemes notre dame","Rhêmes-Notre-Dame",621.655331891749,"BASE_static_share"
2025-01-01,"rhemes saint georges","Rhêmes-Saint-Georges",151.527110429784,"BASE_static_share"
2025-02-01,"rhemes saint georges","Rhêmes-Saint-Georges",183.582756284341,"BASE_static_share"
2025-03-01,"rhemes saint georges","Rhêmes-Saint-Georges",40.1434359922373,"BASE_static_share"
2025-04-01,"rhemes saint georges","Rhêmes-Saint-Georges",31.5139586033452,"BASE_static_share"
2025-05-01,"rhemes saint georges","Rhêmes-Saint-Georges",57.3257014787673,"BASE_static_share"
2025-06-01,"rhemes saint georges","Rhêmes-Saint-Georges",319.418192563738,"BASE_static_share"
2025-07-01,"rhemes saint georges","Rhêmes-Saint-Georges",1606.49419317009,"BASE_static_share"
2025-08-01,"rhemes saint georges","Rhêmes-Saint-Georges",1711.84213340458,"BASE_static_share"
2025-09-01,"rhemes saint georges","Rhêmes-Saint-Georges",189.508313168084,"BASE_static_share"
2025-01-01,"roisan","Roisan",100.55032513922,"BASE_static_share"
2025-02-01,"roisan","Roisan",51.2068194372268,"BASE_static_share"
2025-03-01,"roisan","Roisan",44.2172517916069,"BASE_static_share"
2025-04-01,"roisan","Roisan",26.905732264851,"BASE_static_share"
2025-05-01,"roisan","Roisan",30.6321673170688,"BASE_static_share"
2025-06-01,"roisan","Roisan",124.765858917757,"BASE_static_share"
2025-07-01,"roisan","Roisan",180.508907960726,"BASE_static_share"
2025-08-01,"roisan","Roisan",176.525433931445,"BASE_static_share"
2025-09-01,"roisan","Roisan",109.877277954144,"BASE_static_share"
2025-01-01,"saint christophe","Saint-Christophe",675.011435787015,"BASE_static_share"
2025-02-01,"saint christophe","Saint-Christophe",523.865395779845,"BASE_static_share"
2025-03-01,"saint christophe","Saint-Christophe",418.677296329337,"BASE_static_share"
2025-04-01,"saint christophe","Saint-Christophe",376.994839801155,"BASE_static_share"
2025-05-01,"saint christophe","Saint-Christophe",591.850516609856,"BASE_static_share"
2025-06-01,"saint christophe","Saint-Christophe",542.63810570819,"BASE_static_share"
2025-07-01,"saint christophe","Saint-Christophe",755.500048866364,"BASE_static_share"
2025-08-01,"saint christophe","Saint-Christophe",790.396568103943,"BASE_static_share"
2025-09-01,"saint christophe","Saint-Christophe",574.540503084031,"BASE_static_share"
2025-01-01,"saint denis","Saint-Denis",11.1626427510787,"BASE_static_share"
2025-02-01,"saint denis","Saint-Denis",17.1786679986336,"BASE_static_share"
2025-03-01,"saint denis","Saint-Denis",3.35827228797015,"BASE_static_share"
2025-04-01,"saint denis","Saint-Denis",5.8249202504753,"BASE_static_share"
2025-05-01,"saint denis","Saint-Denis",45.1055789953928,"BASE_static_share"
2025-06-01,"saint denis","Saint-Denis",22.7898536396991,"BASE_static_share"
2025-07-01,"saint denis","Saint-Denis",103.727134488368,"BASE_static_share"
2025-08-01,"saint denis","Saint-Denis",76.2906488434417,"BASE_static_share"
2025-09-01,"saint denis","Saint-Denis",17.8329649326788,"BASE_static_share"
2025-01-01,"saint marcel","Saint-Marcel",40.8057831396215,"BASE_static_share"
2025-02-01,"saint marcel","Saint-Marcel",49.1789444462403,"BASE_static_share"
2025-03-01,"saint marcel","Saint-Marcel",64.4357845038252,"BASE_static_share"
2025-04-01,"saint marcel","Saint-Marcel",50.171760346316,"BASE_static_share"
2025-05-01,"saint marcel","Saint-Marcel",55.8534991895682,"BASE_static_share"
2025-06-01,"saint marcel","Saint-Marcel",50.9880026390291,"BASE_static_share"
2025-07-01,"saint marcel","Saint-Marcel",115.336582444631,"BASE_static_share"
2025-08-01,"saint marcel","Saint-Marcel",164.518522505913,"BASE_static_share"
2025-09-01,"saint marcel","Saint-Marcel",48.6582995912012,"BASE_static_share"
2025-01-01,"saint nicolas","Saint-Nicolas",751.164718878017,"BASE_static_share"
2025-02-01,"saint nicolas","Saint-Nicolas",709.880886483682,"BASE_static_share"
2025-03-01,"saint nicolas","Saint-Nicolas",682.518938245735,"BASE_static_share"
2025-04-01,"saint nicolas","Saint-Nicolas",524.453931611945,"BASE_static_share"
2025-05-01,"saint nicolas","Saint-Nicolas",610.446289347865,"BASE_static_share"
2025-06-01,"saint nicolas","Saint-Nicolas",674.660630605184,"BASE_static_share"
2025-07-01,"saint nicolas","Saint-Nicolas",1100.94665443624,"BASE_static_share"
2025-08-01,"saint nicolas","Saint-Nicolas",927.747951206015,"BASE_static_share"
2025-09-01,"saint nicolas","Saint-Nicolas",519.203335574078,"BASE_static_share"
2025-01-01,"saint oyen","Saint-Oyen",425.790049931984,"BASE_static_share"
2025-02-01,"saint oyen","Saint-Oyen",346.589463705424,"BASE_static_share"
2025-03-01,"saint oyen","Saint-Oyen",328.627270407761,"BASE_static_share"
2025-04-01,"saint oyen","Saint-Oyen",166.964591346951,"BASE_static_share"
2025-05-01,"saint oyen","Saint-Oyen",142.676991460232,"BASE_static_share"
2025-06-01,"saint oyen","Saint-Oyen",363.412146144859,"BASE_static_share"
2025-07-01,"saint oyen","Saint-Oyen",1021.87574913758,"BASE_static_share"
2025-08-01,"saint oyen","Saint-Oyen",962.554694098783,"BASE_static_share"
2025-09-01,"saint oyen","Saint-Oyen",292.343273436512,"BASE_static_share"
2025-01-01,"saint pierre","Saint-Pierre",1211.03125259659,"BASE_static_share"
2025-02-01,"saint pierre","Saint-Pierre",1084.55184749408,"BASE_static_share"
2025-03-01,"saint pierre","Saint-Pierre",1048.09889510125,"BASE_static_share"
2025-04-01,"saint pierre","Saint-Pierre",732.828960433241,"BASE_static_share"
2025-05-01,"saint pierre","Saint-Pierre",935.707400518431,"BASE_static_share"
2025-06-01,"saint pierre","Saint-Pierre",1301.06944026174,"BASE_static_share"
2025-07-01,"saint pierre","Saint-Pierre",1950.61858684521,"BASE_static_share"
2025-08-01,"saint pierre","Saint-Pierre",1816.80880647498,"BASE_static_share"
2025-09-01,"saint pierre","Saint-Pierre",1119.82684541927,"BASE_static_share"
2025-01-01,"saint rhemy en bosses","Saint-Rhémy-en-Bosses",367.305289446042,"BASE_static_share"
2025-02-01,"saint rhemy en bosses","Saint-Rhémy-en-Bosses",561.482466736658,"BASE_static_share"
2025-03-01,"saint rhemy en bosses","Saint-Rhémy-en-Bosses",487.836712266799,"BASE_static_share"
2025-04-01,"saint rhemy en bosses","Saint-Rhémy-en-Bosses",138.281629081268,"BASE_static_share"
2025-05-01,"saint rhemy en bosses","Saint-Rhémy-en-Bosses",86.4945338922485,"BASE_static_share"
2025-06-01,"saint rhemy en bosses","Saint-Rhémy-en-Bosses",461.60492868271,"BASE_static_share"
2025-07-01,"saint rhemy en bosses","Saint-Rhémy-en-Bosses",1552.31020788667,"BASE_static_share"
2025-08-01,"saint rhemy en bosses","Saint-Rhémy-en-Bosses",1575.85920011258,"BASE_static_share"
2025-09-01,"saint rhemy en bosses","Saint-Rhémy-en-Bosses",409.342028853452,"BASE_static_share"
2025-01-01,"saint vincent","Saint-Vincent",9055.44277615151,"BASE_static_share"
2025-02-01,"saint vincent","Saint-Vincent",7450.08188966558,"BASE_static_share"
2025-03-01,"saint vincent","Saint-Vincent",7245.98489712905,"BASE_static_share"
2025-04-01,"saint vincent","Saint-Vincent",5243.54381232769,"BASE_static_share"
2025-05-01,"saint vincent","Saint-Vincent",5587.70929236256,"BASE_static_share"
2025-06-01,"saint vincent","Saint-Vincent",7168.33368726234,"BASE_static_share"
2025-07-01,"saint vincent","Saint-Vincent",8121.34171790391,"BASE_static_share"
2025-08-01,"saint vincent","Saint-Vincent",8869.53389758428,"BASE_static_share"
2025-09-01,"saint vincent","Saint-Vincent",6223.66399470262,"BASE_static_share"
2025-01-01,"sarre","Sarre",1683.30298345666,"BASE_static_share"
2025-02-01,"sarre","Sarre",1546.97539206592,"BASE_static_share"
2025-03-01,"sarre","Sarre",1251.01674219368,"BASE_static_share"
2025-04-01,"sarre","Sarre",786.043419189391,"BASE_static_share"
2025-05-01,"sarre","Sarre",2156.19705386309,"BASE_static_share"
2025-06-01,"sarre","Sarre",3251.45194683907,"BASE_static_share"
2025-07-01,"sarre","Sarre",5081.87214087269,"BASE_static_share"
2025-08-01,"sarre","Sarre",3914.17128959386,"BASE_static_share"
2025-09-01,"sarre","Sarre",2118.15513949906,"BASE_static_share"
2025-01-01,"torgnon","Torgnon",3129.74892671788,"BASE_static_share"
2025-02-01,"torgnon","Torgnon",2751.43907755163,"BASE_static_share"
2025-03-01,"torgnon","Torgnon",1954.92985180297,"BASE_static_share"
2025-04-01,"torgnon","Torgnon",305.15059869394,"BASE_static_share"
2025-05-01,"torgnon","Torgnon",160.735746674504,"BASE_static_share"
2025-06-01,"torgnon","Torgnon",898.367931012214,"BASE_static_share"
2025-07-01,"torgnon","Torgnon",2562.15882591694,"BASE_static_share"
2025-08-01,"torgnon","Torgnon",2140.22206103308,"BASE_static_share"
2025-09-01,"torgnon","Torgnon",433.223313135736,"BASE_static_share"
2025-01-01,"valgrisenche","Valgrisenche",630.125055576105,"BASE_static_share"
2025-02-01,"valgrisenche","Valgrisenche",539.749107665103,"BASE_static_share"
2025-03-01,"valgrisenche","Valgrisenche",508.725208179403,"BASE_static_share"
2025-04-01,"valgrisenche","Valgrisenche",312.972308307212,"BASE_static_share"
2025-05-01,"valgrisenche","Valgrisenche",121.879619897056,"BASE_static_share"
2025-06-01,"valgrisenche","Valgrisenche",518.038464199497,"BASE_static_share"
2025-07-01,"valgrisenche","Valgrisenche",3489.69421063622,"BASE_static_share"
2025-08-01,"valgrisenche","Valgrisenche",3605.65162684803,"BASE_static_share"
2025-09-01,"valgrisenche","Valgrisenche",797.660831254203,"BASE_static_share"
2025-01-01,"valpelline","Valpelline",239.623647080483,"BASE_static_share"
2025-02-01,"valpelline","Valpelline",329.47456691735,"BASE_static_share"
2025-03-01,"valpelline","Valpelline",255.169308223128,"BASE_static_share"
2025-04-01,"valpelline","Valpelline",194.583113221745,"BASE_static_share"
2025-05-01,"valpelline","Valpelline",239.245307962487,"BASE_static_share"
2025-06-01,"valpelline","Valpelline",495.471908559981,"BASE_static_share"
2025-07-01,"valpelline","Valpelline",1354.4249136012,"BASE_static_share"
2025-08-01,"valpelline","Valpelline",1899.51593211684,"BASE_static_share"
2025-09-01,"valpelline","Valpelline",328.525513328021,"BASE_static_share"
2025-01-01,"valsavarenche","Valsavarenche",200.245888797848,"BASE_static_share"
2025-02-01,"valsavarenche","Valsavarenche",228.992696174214,"BASE_static_share"
2025-03-01,"valsavarenche","Valsavarenche",204.006553264759,"BASE_static_share"
2025-04-01,"valsavarenche","Valsavarenche",1561.32398211999,"BASE_static_share"
2025-05-01,"valsavarenche","Valsavarenche",747.248421562811,"BASE_static_share"
2025-06-01,"valsavarenche","Valsavarenche",4211.20237009206,"BASE_static_share"
2025-07-01,"valsavarenche","Valsavarenche",9204.94593793752,"BASE_static_share"
2025-08-01,"valsavarenche","Valsavarenche",8634.53165328186,"BASE_static_share"
2025-09-01,"valsavarenche","Valsavarenche",2263.56186494429,"BASE_static_share"
2025-01-01,"valtournenche","Valtournenche",25042.7397420086,"BASE_static_share"
2025-02-01,"valtournenche","Valtournenche",23413.90933973,"BASE_static_share"
2025-03-01,"valtournenche","Valtournenche",25840.0426834276,"BASE_static_share"
2025-04-01,"valtournenche","Valtournenche",13187.597505965,"BASE_static_share"
2025-05-01,"valtournenche","Valtournenche",1821.51629197963,"BASE_static_share"
2025-06-01,"valtournenche","Valtournenche",4034.17045293516,"BASE_static_share"
2025-07-01,"valtournenche","Valtournenche",17309.154148599,"BASE_static_share"
2025-08-01,"valtournenche","Valtournenche",20264.8265633761,"BASE_static_share"
2025-09-01,"valtournenche","Valtournenche",3276.67794040486,"BASE_static_share"
2025-01-01,"verrayes","Verrayes",660.16276125645,"BASE_static_share"
2025-02-01,"verrayes","Verrayes",397.849500825422,"BASE_static_share"
2025-03-01,"verrayes","Verrayes",528.296039328864,"BASE_static_share"
2025-04-01,"verrayes","Verrayes",261.914749724745,"BASE_static_share"
2025-05-01,"verrayes","Verrayes",170.397952825521,"BASE_static_share"
2025-06-01,"verrayes","Verrayes",346.833998837604,"BASE_static_share"
2025-07-01,"verrayes","Verrayes",704.566698337797,"BASE_static_share"
2025-08-01,"verrayes","Verrayes",716.27342621552,"BASE_static_share"
2025-09-01,"verrayes","Verrayes",201.473522136595,"BASE_static_share"
2025-01-01,"verres","Verrès",175.993465734282,"BASE_static_share"
2025-02-01,"verres","Verrès",88.9512077932449,"BASE_static_share"
2025-03-01,"verres","Verrès",63.7414455943,"BASE_static_share"
2025-04-01,"verres","Verrès",142.409522987105,"BASE_static_share"
2025-05-01,"verres","Verrès",251.795145796219,"BASE_static_share"
2025-06-01,"verres","Verrès",291.654760208614,"BASE_static_share"
2025-07-01,"verres","Verrès",347.388752175479,"BASE_static_share"
2025-08-01,"verres","Verrès",418.259653131888,"BASE_static_share"
2025-09-01,"verres","Verrès",282.85042869934,"BASE_static_share"
2025-01-01,"villeneuve","Villeneuve",359.985499593379,"BASE_static_share"
2025-02-01,"villeneuve","Villeneuve",544.325130815516,"BASE_static_share"
2025-03-01,"villeneuve","Villeneuve",529.635965729637,"BASE_static_share"
2025-04-01,"villeneuve","Villeneuve",228.013954033195,"BASE_static_share"
2025-05-01,"villeneuve","Villeneuve",241.876974989808,"BASE_static_share"
2025-06-01,"villeneuve","Villeneuve",289.476278011014,"BASE_static_share"
2025-07-01,"villeneuve","Villeneuve",302.543050757803,"BASE_static_share"
2025-08-01,"villeneuve","Villeneuve",404.746831836514,"BASE_static_share"
2025-09-01,"villeneuve","Villeneuve",200.39995737201,"BASE_static_share"
2025-01-01,"allein","Allein",59.1297357034009,"METHOD_A_expw_weather"
2025-02-01,"allein","Allein",21.6456290597301,"METHOD_A_expw_weather"
2025-03-01,"allein","Allein",12.6978062931065,"METHOD_A_expw_weather"
2025-04-01,"allein","Allein",27.4149756025452,"METHOD_A_expw_weather"
2025-05-01,"allein","Allein",4.18482135091179,"METHOD_A_expw_weather"
2025-06-01,"allein","Allein",12.9698941636509,"METHOD_A_expw_weather"
2025-07-01,"allein","Allein",176.491203553264,"METHOD_A_expw_weather"
2025-08-01,"allein","Allein",185.181943448855,"METHOD_A_expw_weather"
2025-09-01,"allein","Allein",4.91105383025335,"METHOD_A_expw_weather"
2025-01-01,"antey saint andre","Antey-Saint-André",3098.06726215852,"METHOD_A_expw_weather"
2025-02-01,"antey saint andre","Antey-Saint-André",2488.02800493297,"METHOD_A_expw_weather"
2025-03-01,"antey saint andre","Antey-Saint-André",2568.59216193874,"METHOD_A_expw_weather"
2025-04-01,"antey saint andre","Antey-Saint-André",947.060844558612,"METHOD_A_expw_weather"
2025-05-01,"antey saint andre","Antey-Saint-André",504.152632836875,"METHOD_A_expw_weather"
2025-06-01,"antey saint andre","Antey-Saint-André",1230.38406497738,"METHOD_A_expw_weather"
2025-07-01,"antey saint andre","Antey-Saint-André",4694.94161476023,"METHOD_A_expw_weather"
2025-08-01,"antey saint andre","Antey-Saint-André",5984.6102449717,"METHOD_A_expw_weather"
2025-09-01,"antey saint andre","Antey-Saint-André",825.429747220756,"METHOD_A_expw_weather"
2025-01-01,"aosta","Aosta",15755.7113636626,"METHOD_A_expw_weather"
2025-02-01,"aosta","Aosta",14897.522340634,"METHOD_A_expw_weather"
2025-03-01,"aosta","Aosta",13665.5835992908,"METHOD_A_expw_weather"
2025-04-01,"aosta","Aosta",10314.6057516668,"METHOD_A_expw_weather"
2025-05-01,"aosta","Aosta",13228.1505123742,"METHOD_A_expw_weather"
2025-06-01,"aosta","Aosta",11895.7243387438,"METHOD_A_expw_weather"
2025-07-01,"aosta","Aosta",23314.1689365359,"METHOD_A_expw_weather"
2025-08-01,"aosta","Aosta",24288.6881571402,"METHOD_A_expw_weather"
2025-09-01,"aosta","Aosta",8850.95308706489,"METHOD_A_expw_weather"
2025-01-01,"arnad","Arnad",290.888541308851,"METHOD_A_expw_weather"
2025-02-01,"arnad","Arnad",282.447696073583,"METHOD_A_expw_weather"
2025-03-01,"arnad","Arnad",220.549697225377,"METHOD_A_expw_weather"
2025-04-01,"arnad","Arnad",112.969639577647,"METHOD_A_expw_weather"
2025-05-01,"arnad","Arnad",286.494523935143,"METHOD_A_expw_weather"
2025-06-01,"arnad","Arnad",253.085225476199,"METHOD_A_expw_weather"
2025-07-01,"arnad","Arnad",688.394347994972,"METHOD_A_expw_weather"
2025-08-01,"arnad","Arnad",749.47713402224,"METHOD_A_expw_weather"
2025-09-01,"arnad","Arnad",209.828600126566,"METHOD_A_expw_weather"
2025-01-01,"arvier","Arvier",462.340466100467,"METHOD_A_expw_weather"
2025-02-01,"arvier","Arvier",571.038172588346,"METHOD_A_expw_weather"
2025-03-01,"arvier","Arvier",525.776568675755,"METHOD_A_expw_weather"
2025-04-01,"arvier","Arvier",609.873935167701,"METHOD_A_expw_weather"
2025-05-01,"arvier","Arvier",215.88627045893,"METHOD_A_expw_weather"
2025-06-01,"arvier","Arvier",1637.63138972567,"METHOD_A_expw_weather"
2025-07-01,"arvier","Arvier",1513.0152331207,"METHOD_A_expw_weather"
2025-08-01,"arvier","Arvier",1795.52735217509,"METHOD_A_expw_weather"
2025-09-01,"arvier","Arvier",747.243634751521,"METHOD_A_expw_weather"
2025-01-01,"avise","Avise",123.709723466495,"METHOD_A_expw_weather"
2025-02-01,"avise","Avise",134.466877376049,"METHOD_A_expw_weather"
2025-03-01,"avise","Avise",98.5018457809246,"METHOD_A_expw_weather"
2025-04-01,"avise","Avise",37.4402553628047,"METHOD_A_expw_weather"
2025-05-01,"avise","Avise",25.0585091101911,"METHOD_A_expw_weather"
2025-06-01,"avise","Avise",135.82184579961,"METHOD_A_expw_weather"
2025-07-01,"avise","Avise",263.327264322305,"METHOD_A_expw_weather"
2025-08-01,"avise","Avise",237.019736237257,"METHOD_A_expw_weather"
2025-09-01,"avise","Avise",83.7981508316295,"METHOD_A_expw_weather"
2025-01-01,"ayas","Ayas",10239.3424033623,"METHOD_A_expw_weather"
2025-02-01,"ayas","Ayas",10120.7478171667,"METHOD_A_expw_weather"
2025-03-01,"ayas","Ayas",8781.94923017362,"METHOD_A_expw_weather"
2025-04-01,"ayas","Ayas",2144.54100653057,"METHOD_A_expw_weather"
2025-05-01,"ayas","Ayas",802.533993419569,"METHOD_A_expw_weather"
2025-06-01,"ayas","Ayas",4764.75160368028,"METHOD_A_expw_weather"
2025-07-01,"ayas","Ayas",10563.2046705953,"METHOD_A_expw_weather"
2025-08-01,"ayas","Ayas",10495.8814806395,"METHOD_A_expw_weather"
2025-09-01,"ayas","Ayas",6119.97417246741,"METHOD_A_expw_weather"
2025-01-01,"aymavilles","Aymavilles",597.101679384554,"METHOD_A_expw_weather"
2025-02-01,"aymavilles","Aymavilles",497.59725270341,"METHOD_A_expw_weather"
2025-03-01,"aymavilles","Aymavilles",325.684398485326,"METHOD_A_expw_weather"
2025-04-01,"aymavilles","Aymavilles",501.458160424513,"METHOD_A_expw_weather"
2025-05-01,"aymavilles","Aymavilles",180.261339196879,"METHOD_A_expw_weather"
2025-06-01,"aymavilles","Aymavilles",392.92110955605,"METHOD_A_expw_weather"
2025-07-01,"aymavilles","Aymavilles",921.196666451586,"METHOD_A_expw_weather"
2025-08-01,"aymavilles","Aymavilles",1012.33555016524,"METHOD_A_expw_weather"
2025-09-01,"aymavilles","Aymavilles",314.223619185511,"METHOD_A_expw_weather"
2025-01-01,"bard","Bard",576.462002961972,"METHOD_A_expw_weather"
2025-02-01,"bard","Bard",838.567969700703,"METHOD_A_expw_weather"
2025-03-01,"bard","Bard",540.656970674407,"METHOD_A_expw_weather"
2025-04-01,"bard","Bard",215.756202348067,"METHOD_A_expw_weather"
2025-05-01,"bard","Bard",840.657166166022,"METHOD_A_expw_weather"
2025-06-01,"bard","Bard",460.771734729531,"METHOD_A_expw_weather"
2025-07-01,"bard","Bard",1852.58641139629,"METHOD_A_expw_weather"
2025-08-01,"bard","Bard",1917.67178313796,"METHOD_A_expw_weather"
2025-09-01,"bard","Bard",583.827245252109,"METHOD_A_expw_weather"
2025-01-01,"bionaz","Bionaz",485.009313037206,"METHOD_A_expw_weather"
2025-02-01,"bionaz","Bionaz",265.738902768877,"METHOD_A_expw_weather"
2025-03-01,"bionaz","Bionaz",482.923326311879,"METHOD_A_expw_weather"
2025-04-01,"bionaz","Bionaz",729.253864824726,"METHOD_A_expw_weather"
2025-05-01,"bionaz","Bionaz",219.563034506668,"METHOD_A_expw_weather"
2025-06-01,"bionaz","Bionaz",690.56124202025,"METHOD_A_expw_weather"
2025-07-01,"bionaz","Bionaz",5384.37784857292,"METHOD_A_expw_weather"
2025-08-01,"bionaz","Bionaz",7187.12788294388,"METHOD_A_expw_weather"
2025-09-01,"bionaz","Bionaz",559.459601608176,"METHOD_A_expw_weather"
2025-01-01,"brissogne","Brissogne",65.4175041938259,"METHOD_A_expw_weather"
2025-02-01,"brissogne","Brissogne",70.1280531943395,"METHOD_A_expw_weather"
2025-03-01,"brissogne","Brissogne",66.6364312348134,"METHOD_A_expw_weather"
2025-04-01,"brissogne","Brissogne",35.5907249205441,"METHOD_A_expw_weather"
2025-05-01,"brissogne","Brissogne",45.5089724888841,"METHOD_A_expw_weather"
2025-06-01,"brissogne","Brissogne",54.2804800237031,"METHOD_A_expw_weather"
2025-07-01,"brissogne","Brissogne",71.4212829897256,"METHOD_A_expw_weather"
2025-08-01,"brissogne","Brissogne",86.8530856743228,"METHOD_A_expw_weather"
2025-09-01,"brissogne","Brissogne",29.5192286880284,"METHOD_A_expw_weather"
2025-01-01,"brusson","Brusson",3185.4353258728,"METHOD_A_expw_weather"
2025-02-01,"brusson","Brusson",2672.07012142004,"METHOD_A_expw_weather"
2025-03-01,"brusson","Brusson",1690.36646390036,"METHOD_A_expw_weather"
2025-04-01,"brusson","Brusson",835.990695817499,"METHOD_A_expw_weather"
2025-05-01,"brusson","Brusson",537.402772836808,"METHOD_A_expw_weather"
2025-06-01,"brusson","Brusson",1998.70380054458,"METHOD_A_expw_weather"
2025-07-01,"brusson","Brusson",4194.68937312815,"METHOD_A_expw_weather"
2025-08-01,"brusson","Brusson",4289.70511138744,"METHOD_A_expw_weather"
2025-09-01,"brusson","Brusson",1343.46837994384,"METHOD_A_expw_weather"
2025-01-01,"challand saint anselme","Challand-Saint-Anselme",789.205701201111,"METHOD_A_expw_weather"
2025-02-01,"challand saint anselme","Challand-Saint-Anselme",542.571977639472,"METHOD_A_expw_weather"
2025-03-01,"challand saint anselme","Challand-Saint-Anselme",477.215409384798,"METHOD_A_expw_weather"
2025-04-01,"challand saint anselme","Challand-Saint-Anselme",318.965344972436,"METHOD_A_expw_weather"
2025-05-01,"challand saint anselme","Challand-Saint-Anselme",297.767092347999,"METHOD_A_expw_weather"
2025-06-01,"challand saint anselme","Challand-Saint-Anselme",944.145977277009,"METHOD_A_expw_weather"
2025-07-01,"challand saint anselme","Challand-Saint-Anselme",1267.13051637604,"METHOD_A_expw_weather"
2025-08-01,"challand saint anselme","Challand-Saint-Anselme",1413.1493483209,"METHOD_A_expw_weather"
2025-09-01,"challand saint anselme","Challand-Saint-Anselme",737.329639295192,"METHOD_A_expw_weather"
2025-01-01,"challand saint victor","Challand-Saint-Victor",173.383681381842,"METHOD_A_expw_weather"
2025-02-01,"challand saint victor","Challand-Saint-Victor",53.4059150042824,"METHOD_A_expw_weather"
2025-03-01,"challand saint victor","Challand-Saint-Victor",61.9979560184372,"METHOD_A_expw_weather"
2025-04-01,"challand saint victor","Challand-Saint-Victor",128.559903074941,"METHOD_A_expw_weather"
2025-05-01,"challand saint victor","Challand-Saint-Victor",47.8674256692707,"METHOD_A_expw_weather"
2025-06-01,"challand saint victor","Challand-Saint-Victor",46.7284917973937,"METHOD_A_expw_weather"
2025-07-01,"challand saint victor","Challand-Saint-Victor",262.670358975515,"METHOD_A_expw_weather"
2025-08-01,"challand saint victor","Challand-Saint-Victor",374.708670266896,"METHOD_A_expw_weather"
2025-09-01,"challand saint victor","Challand-Saint-Victor",24.6324770036251,"METHOD_A_expw_weather"
2025-01-01,"chambave","Chambave",144.679193532503,"METHOD_A_expw_weather"
2025-02-01,"chambave","Chambave",142.42330805974,"METHOD_A_expw_weather"
2025-03-01,"chambave","Chambave",104.406943908235,"METHOD_A_expw_weather"
2025-04-01,"chambave","Chambave",63.9433909966486,"METHOD_A_expw_weather"
2025-05-01,"chambave","Chambave",119.0260631432,"METHOD_A_expw_weather"
2025-06-01,"chambave","Chambave",103.015444969059,"METHOD_A_expw_weather"
2025-07-01,"chambave","Chambave",171.990444728588,"METHOD_A_expw_weather"
2025-08-01,"chambave","Chambave",208.079149131776,"METHOD_A_expw_weather"
2025-09-01,"chambave","Chambave",79.3776196867301,"METHOD_A_expw_weather"
2025-01-01,"chamois","Chamois",545.002698982684,"METHOD_A_expw_weather"
2025-02-01,"chamois","Chamois",477.35917591112,"METHOD_A_expw_weather"
2025-03-01,"chamois","Chamois",322.124053447574,"METHOD_A_expw_weather"
2025-04-01,"chamois","Chamois",36.1390332337935,"METHOD_A_expw_weather"
2025-05-01,"chamois","Chamois",12.4500732029642,"METHOD_A_expw_weather"
2025-06-01,"chamois","Chamois",202.847432598098,"METHOD_A_expw_weather"
2025-07-01,"chamois","Chamois",346.318342774778,"METHOD_A_expw_weather"
2025-08-01,"chamois","Chamois",477.076167279472,"METHOD_A_expw_weather"
2025-09-01,"chamois","Chamois",592.133110579849,"METHOD_A_expw_weather"
2025-01-01,"champdepraz","Champdepraz",385.721349625553,"METHOD_A_expw_weather"
2025-02-01,"champdepraz","Champdepraz",202.266300029867,"METHOD_A_expw_weather"
2025-03-01,"champdepraz","Champdepraz",190.606141410264,"METHOD_A_expw_weather"
2025-04-01,"champdepraz","Champdepraz",380.342411376407,"METHOD_A_expw_weather"
2025-05-01,"champdepraz","Champdepraz",16.233827634729,"METHOD_A_expw_weather"
2025-06-01,"champdepraz","Champdepraz",305.158335094049,"METHOD_A_expw_weather"
2025-07-01,"champdepraz","Champdepraz",374.051050470617,"METHOD_A_expw_weather"
2025-08-01,"champdepraz","Champdepraz",364.071019653064,"METHOD_A_expw_weather"
2025-09-01,"champdepraz","Champdepraz",388.212706154352,"METHOD_A_expw_weather"
2025-01-01,"champorcher","Champorcher",1052.69111690587,"METHOD_A_expw_weather"
2025-02-01,"champorcher","Champorcher",1040.38613578103,"METHOD_A_expw_weather"
2025-03-01,"champorcher","Champorcher",455.003925603248,"METHOD_A_expw_weather"
2025-04-01,"champorcher","Champorcher",196.53823924377,"METHOD_A_expw_weather"
2025-05-01,"champorcher","Champorcher",158.231535891433,"METHOD_A_expw_weather"
2025-06-01,"champorcher","Champorcher",728.355435863477,"METHOD_A_expw_weather"
2025-07-01,"champorcher","Champorcher",1898.64956657106,"METHOD_A_expw_weather"
2025-08-01,"champorcher","Champorcher",1543.24659691243,"METHOD_A_expw_weather"
2025-09-01,"champorcher","Champorcher",535.50955335602,"METHOD_A_expw_weather"
2025-01-01,"charvensod","Charvensod",1836.42603821078,"METHOD_A_expw_weather"
2025-02-01,"charvensod","Charvensod",1637.36881891934,"METHOD_A_expw_weather"
2025-03-01,"charvensod","Charvensod",2056.87708644191,"METHOD_A_expw_weather"
2025-04-01,"charvensod","Charvensod",2424.96974456977,"METHOD_A_expw_weather"
2025-05-01,"charvensod","Charvensod",2446.36998563189,"METHOD_A_expw_weather"
2025-06-01,"charvensod","Charvensod",2684.23493064104,"METHOD_A_expw_weather"
2025-07-01,"charvensod","Charvensod",3720.58318452657,"METHOD_A_expw_weather"
2025-08-01,"charvensod","Charvensod",3774.33091491132,"METHOD_A_expw_weather"
2025-09-01,"charvensod","Charvensod",1864.10037959736,"METHOD_A_expw_weather"
2025-01-01,"chatillon","Châtillon",3912.79528829558,"METHOD_A_expw_weather"
2025-02-01,"chatillon","Châtillon",3318.85443457507,"METHOD_A_expw_weather"
2025-03-01,"chatillon","Châtillon",3145.37617892179,"METHOD_A_expw_weather"
2025-04-01,"chatillon","Châtillon",2227.03660216176,"METHOD_A_expw_weather"
2025-05-01,"chatillon","Châtillon",2630.4017778041,"METHOD_A_expw_weather"
2025-06-01,"chatillon","Châtillon",2772.11693908006,"METHOD_A_expw_weather"
2025-07-01,"chatillon","Châtillon",4845.68239112652,"METHOD_A_expw_weather"
2025-08-01,"chatillon","Châtillon",4889.27863496602,"METHOD_A_expw_weather"
2025-09-01,"chatillon","Châtillon",1949.9564121199,"METHOD_A_expw_weather"
2025-01-01,"cogne","Cogne",9235.54696975537,"METHOD_A_expw_weather"
2025-02-01,"cogne","Cogne",6512.47985717515,"METHOD_A_expw_weather"
2025-03-01,"cogne","Cogne",4105.12857337878,"METHOD_A_expw_weather"
2025-04-01,"cogne","Cogne",1800.62393429001,"METHOD_A_expw_weather"
2025-05-01,"cogne","Cogne",2852.3845729159,"METHOD_A_expw_weather"
2025-06-01,"cogne","Cogne",6204.10184216656,"METHOD_A_expw_weather"
2025-07-01,"cogne","Cogne",5219.21237310426,"METHOD_A_expw_weather"
2025-08-01,"cogne","Cogne",11632.2873636486,"METHOD_A_expw_weather"
2025-09-01,"cogne","Cogne",4452.19057650272,"METHOD_A_expw_weather"
2025-01-01,"courmayeur","Courmayeur",24390.6658729282,"METHOD_A_expw_weather"
2025-02-01,"courmayeur","Courmayeur",26212.2125186155,"METHOD_A_expw_weather"
2025-03-01,"courmayeur","Courmayeur",19703.6482403137,"METHOD_A_expw_weather"
2025-04-01,"courmayeur","Courmayeur",4259.02306662409,"METHOD_A_expw_weather"
2025-05-01,"courmayeur","Courmayeur",2768.18772094481,"METHOD_A_expw_weather"
2025-06-01,"courmayeur","Courmayeur",22441.6144191625,"METHOD_A_expw_weather"
2025-07-01,"courmayeur","Courmayeur",49524.9803203674,"METHOD_A_expw_weather"
2025-08-01,"courmayeur","Courmayeur",41834.1489029311,"METHOD_A_expw_weather"
2025-09-01,"courmayeur","Courmayeur",20852.2515886255,"METHOD_A_expw_weather"
2025-01-01,"donnas","Donnas",161.910416425216,"METHOD_A_expw_weather"
2025-02-01,"donnas","Donnas",131.265268577877,"METHOD_A_expw_weather"
2025-03-01,"donnas","Donnas",83.8680374271672,"METHOD_A_expw_weather"
2025-04-01,"donnas","Donnas",153.892371586232,"METHOD_A_expw_weather"
2025-05-01,"donnas","Donnas",203.543039176554,"METHOD_A_expw_weather"
2025-06-01,"donnas","Donnas",277.328891009012,"METHOD_A_expw_weather"
2025-07-01,"donnas","Donnas",555.701174612707,"METHOD_A_expw_weather"
2025-08-01,"donnas","Donnas",623.870630150165,"METHOD_A_expw_weather"
2025-09-01,"donnas","Donnas",196.141015759682,"METHOD_A_expw_weather"
2025-01-01,"doues","Doues",170.948333299601,"METHOD_A_expw_weather"
2025-02-01,"doues","Doues",121.390094156219,"METHOD_A_expw_weather"
2025-03-01,"doues","Doues",49.0716508281346,"METHOD_A_expw_weather"
2025-04-01,"doues","Doues",59.6350386393769,"METHOD_A_expw_weather"
2025-05-01,"doues","Doues",43.5059155234034,"METHOD_A_expw_weather"
2025-06-01,"doues","Doues",159.999960097695,"METHOD_A_expw_weather"
2025-07-01,"doues","Doues",696.576644323828,"METHOD_A_expw_weather"
2025-08-01,"doues","Doues",535.008881543789,"METHOD_A_expw_weather"
2025-09-01,"doues","Doues",166.746007141159,"METHOD_A_expw_weather"
2025-01-01,"emarese","Emarèse",31.9362815997645,"METHOD_A_expw_weather"
2025-02-01,"emarese","Emarèse",18.8448464870314,"METHOD_A_expw_weather"
2025-03-01,"emarese","Emarèse",27.4523034391542,"METHOD_A_expw_weather"
2025-04-01,"emarese","Emarèse",8.09425963303219,"METHOD_A_expw_weather"
2025-05-01,"emarese","Emarèse",32.4660244117741,"METHOD_A_expw_weather"
2025-06-01,"emarese","Emarèse",20.6114977284422,"METHOD_A_expw_weather"
2025-07-01,"emarese","Emarèse",67.5943162188611,"METHOD_A_expw_weather"
2025-08-01,"emarese","Emarèse",106.033431749813,"METHOD_A_expw_weather"
2025-09-01,"emarese","Emarèse",15.699053200168,"METHOD_A_expw_weather"
2025-01-01,"etroubles","Etroubles",685.48679052208,"METHOD_A_expw_weather"
2025-02-01,"etroubles","Etroubles",576.372266421536,"METHOD_A_expw_weather"
2025-03-01,"etroubles","Etroubles",451.433409836527,"METHOD_A_expw_weather"
2025-04-01,"etroubles","Etroubles",561.914587570577,"METHOD_A_expw_weather"
2025-05-01,"etroubles","Etroubles",749.936175168677,"METHOD_A_expw_weather"
2025-06-01,"etroubles","Etroubles",2480.6791156619,"METHOD_A_expw_weather"
2025-07-01,"etroubles","Etroubles",1935.57470658624,"METHOD_A_expw_weather"
2025-08-01,"etroubles","Etroubles",3058.89784654592,"METHOD_A_expw_weather"
2025-09-01,"etroubles","Etroubles",2167.56516656819,"METHOD_A_expw_weather"
2025-01-01,"fenis","Fénis",771.813574402789,"METHOD_A_expw_weather"
2025-02-01,"fenis","Fénis",456.299118281163,"METHOD_A_expw_weather"
2025-03-01,"fenis","Fénis",536.603286797263,"METHOD_A_expw_weather"
2025-04-01,"fenis","Fénis",1057.37848402769,"METHOD_A_expw_weather"
2025-05-01,"fenis","Fénis",612.619385027004,"METHOD_A_expw_weather"
2025-06-01,"fenis","Fénis",1312.0320511115,"METHOD_A_expw_weather"
2025-07-01,"fenis","Fénis",928.61567440096,"METHOD_A_expw_weather"
2025-08-01,"fenis","Fénis",1057.67564963219,"METHOD_A_expw_weather"
2025-09-01,"fenis","Fénis",694.265427476122,"METHOD_A_expw_weather"
2025-01-01,"fontainemore","Fontainemore",86.0195019031516,"METHOD_A_expw_weather"
2025-02-01,"fontainemore","Fontainemore",41.8066699638654,"METHOD_A_expw_weather"
2025-03-01,"fontainemore","Fontainemore",40.0489413171363,"METHOD_A_expw_weather"
2025-04-01,"fontainemore","Fontainemore",53.472355364473,"METHOD_A_expw_weather"
2025-05-01,"fontainemore","Fontainemore",25.3792201202849,"METHOD_A_expw_weather"
2025-06-01,"fontainemore","Fontainemore",298.170079188613,"METHOD_A_expw_weather"
2025-07-01,"fontainemore","Fontainemore",617.560663654753,"METHOD_A_expw_weather"
2025-08-01,"fontainemore","Fontainemore",1198.78078617347,"METHOD_A_expw_weather"
2025-09-01,"fontainemore","Fontainemore",171.625912339084,"METHOD_A_expw_weather"
2025-01-01,"gaby","Gaby",765.930261314954,"METHOD_A_expw_weather"
2025-02-01,"gaby","Gaby",822.010282621975,"METHOD_A_expw_weather"
2025-03-01,"gaby","Gaby",933.424254871639,"METHOD_A_expw_weather"
2025-04-01,"gaby","Gaby",243.983010997858,"METHOD_A_expw_weather"
2025-05-01,"gaby","Gaby",198.592578894672,"METHOD_A_expw_weather"
2025-06-01,"gaby","Gaby",802.393628821286,"METHOD_A_expw_weather"
2025-07-01,"gaby","Gaby",1746.63736211367,"METHOD_A_expw_weather"
2025-08-01,"gaby","Gaby",1341.62160525789,"METHOD_A_expw_weather"
2025-09-01,"gaby","Gaby",511.156020329769,"METHOD_A_expw_weather"
2025-01-01,"gignod","Gignod",697.941701031771,"METHOD_A_expw_weather"
2025-02-01,"gignod","Gignod",463.680028701152,"METHOD_A_expw_weather"
2025-03-01,"gignod","Gignod",429.284401114603,"METHOD_A_expw_weather"
2025-04-01,"gignod","Gignod",455.62441900933,"METHOD_A_expw_weather"
2025-05-01,"gignod","Gignod",448.966601722122,"METHOD_A_expw_weather"
2025-06-01,"gignod","Gignod",674.273432302087,"METHOD_A_expw_weather"
2025-07-01,"gignod","Gignod",2088.53001809349,"METHOD_A_expw_weather"
2025-08-01,"gignod","Gignod",2334.33395664763,"METHOD_A_expw_weather"
2025-09-01,"gignod","Gignod",436.489133941044,"METHOD_A_expw_weather"
2025-01-01,"gressan","Gressan",6674.13978073172,"METHOD_A_expw_weather"
2025-02-01,"gressan","Gressan",5196.7289294223,"METHOD_A_expw_weather"
2025-03-01,"gressan","Gressan",4675.66708319427,"METHOD_A_expw_weather"
2025-04-01,"gressan","Gressan",1565.9771579687,"METHOD_A_expw_weather"
2025-05-01,"gressan","Gressan",325.478994375888,"METHOD_A_expw_weather"
2025-06-01,"gressan","Gressan",1345.80893799997,"METHOD_A_expw_weather"
2025-07-01,"gressan","Gressan",5144.82318481108,"METHOD_A_expw_weather"
2025-08-01,"gressan","Gressan",3689.97376087017,"METHOD_A_expw_weather"
2025-09-01,"gressan","Gressan",353.760565403146,"METHOD_A_expw_weather"
2025-01-01,"gressoney la trinite","Gressoney-La-Trinité",4924.84862248025,"METHOD_A_expw_weather"
2025-02-01,"gressoney la trinite","Gressoney-La-Trinité",7119.50445564211,"METHOD_A_expw_weather"
2025-03-01,"gressoney la trinite","Gressoney-La-Trinité",8886.70108344652,"METHOD_A_expw_weather"
2025-04-01,"gressoney la trinite","Gressoney-La-Trinité",1398.55353598173,"METHOD_A_expw_weather"
2025-05-01,"gressoney la trinite","Gressoney-La-Trinité",358.171708381821,"METHOD_A_expw_weather"
2025-06-01,"gressoney la trinite","Gressoney-La-Trinité",8888.98110253456,"METHOD_A_expw_weather"
2025-07-01,"gressoney la trinite","Gressoney-La-Trinité",18062.0258711821,"METHOD_A_expw_weather"
2025-08-01,"gressoney la trinite","Gressoney-La-Trinité",14851.0142140895,"METHOD_A_expw_weather"
2025-09-01,"gressoney la trinite","Gressoney-La-Trinité",13705.8331928517,"METHOD_A_expw_weather"
2025-01-01,"gressoney saint jean","Gressoney-Saint-Jean",4585.96602901018,"METHOD_A_expw_weather"
2025-02-01,"gressoney saint jean","Gressoney-Saint-Jean",4543.19329331621,"METHOD_A_expw_weather"
2025-03-01,"gressoney saint jean","Gressoney-Saint-Jean",3722.71521049982,"METHOD_A_expw_weather"
2025-04-01,"gressoney saint jean","Gressoney-Saint-Jean",1223.86115669304,"METHOD_A_expw_weather"
2025-05-01,"gressoney saint jean","Gressoney-Saint-Jean",610.515326058196,"METHOD_A_expw_weather"
2025-06-01,"gressoney saint jean","Gressoney-Saint-Jean",3532.63311335699,"METHOD_A_expw_weather"
2025-07-01,"gressoney saint jean","Gressoney-Saint-Jean",5136.69032935483,"METHOD_A_expw_weather"
2025-08-01,"gressoney saint jean","Gressoney-Saint-Jean",4758.38394867169,"METHOD_A_expw_weather"
2025-09-01,"gressoney saint jean","Gressoney-Saint-Jean",1720.97602440874,"METHOD_A_expw_weather"
2025-01-01,"hone","Hône",62.4003025968052,"METHOD_A_expw_weather"
2025-02-01,"hone","Hône",72.4356506763527,"METHOD_A_expw_weather"
2025-03-01,"hone","Hône",87.7839473843017,"METHOD_A_expw_weather"
2025-04-01,"hone","Hône",50.2390569386212,"METHOD_A_expw_weather"
2025-05-01,"hone","Hône",86.3313460836835,"METHOD_A_expw_weather"
2025-06-01,"hone","Hône",133.591143466156,"METHOD_A_expw_weather"
2025-07-01,"hone","Hône",274.869244188233,"METHOD_A_expw_weather"
2025-08-01,"hone","Hône",318.822912262799,"METHOD_A_expw_weather"
2025-09-01,"hone","Hône",63.9697754532519,"METHOD_A_expw_weather"
2025-01-01,"introd","Introd",376.429707918333,"METHOD_A_expw_weather"
2025-02-01,"introd","Introd",424.276640581309,"METHOD_A_expw_weather"
2025-03-01,"introd","Introd",269.717716542688,"METHOD_A_expw_weather"
2025-04-01,"introd","Introd",304.60741468147,"METHOD_A_expw_weather"
2025-05-01,"introd","Introd",157.857654164181,"METHOD_A_expw_weather"
2025-06-01,"introd","Introd",552.16012589079,"METHOD_A_expw_weather"
2025-07-01,"introd","Introd",828.975530383182,"METHOD_A_expw_weather"
2025-08-01,"introd","Introd",772.895569403542,"METHOD_A_expw_weather"
2025-09-01,"introd","Introd",266.544898971637,"METHOD_A_expw_weather"
2025-01-01,"issime","Issime",118.508011881563,"METHOD_A_expw_weather"
2025-02-01,"issime","Issime",178.146610439085,"METHOD_A_expw_weather"
2025-03-01,"issime","Issime",145.193160863238,"METHOD_A_expw_weather"
2025-04-01,"issime","Issime",38.0380089002361,"METHOD_A_expw_weather"
2025-05-01,"issime","Issime",60.2545250369525,"METHOD_A_expw_weather"
2025-06-01,"issime","Issime",127.639848721445,"METHOD_A_expw_weather"
2025-07-01,"issime","Issime",89.7621755974331,"METHOD_A_expw_weather"
2025-08-01,"issime","Issime",66.6371077468482,"METHOD_A_expw_weather"
2025-09-01,"issime","Issime",60.9444872368649,"METHOD_A_expw_weather"
2025-01-01,"issogne","Issogne",14.0841762477039,"METHOD_A_expw_weather"
2025-02-01,"issogne","Issogne",15.0723680945242,"METHOD_A_expw_weather"
2025-03-01,"issogne","Issogne",19.2989199584383,"METHOD_A_expw_weather"
2025-04-01,"issogne","Issogne",14.8225453023411,"METHOD_A_expw_weather"
2025-05-01,"issogne","Issogne",31.7578325994775,"METHOD_A_expw_weather"
2025-06-01,"issogne","Issogne",8.14453588814822,"METHOD_A_expw_weather"
2025-07-01,"issogne","Issogne",45.2469308553698,"METHOD_A_expw_weather"
2025-08-01,"issogne","Issogne",59.7350742409024,"METHOD_A_expw_weather"
2025-09-01,"issogne","Issogne",17.1099180436032,"METHOD_A_expw_weather"
2025-01-01,"jovencan","Jovençan",643.849523036506,"METHOD_A_expw_weather"
2025-02-01,"jovencan","Jovençan",532.984796141524,"METHOD_A_expw_weather"
2025-03-01,"jovencan","Jovençan",630.239079312495,"METHOD_A_expw_weather"
2025-04-01,"jovencan","Jovençan",400.2846792237,"METHOD_A_expw_weather"
2025-05-01,"jovencan","Jovençan",587.17695442393,"METHOD_A_expw_weather"
2025-06-01,"jovencan","Jovençan",464.192521521735,"METHOD_A_expw_weather"
2025-07-01,"jovencan","Jovençan",849.155857889014,"METHOD_A_expw_weather"
2025-08-01,"jovencan","Jovençan",893.488111846822,"METHOD_A_expw_weather"
2025-09-01,"jovencan","Jovençan",268.483811200489,"METHOD_A_expw_weather"
2025-01-01,"la magdeleine","La Magdeleine",167.151253113948,"METHOD_A_expw_weather"
2025-02-01,"la magdeleine","La Magdeleine",103.467379267379,"METHOD_A_expw_weather"
2025-03-01,"la magdeleine","La Magdeleine",44.656219747881,"METHOD_A_expw_weather"
2025-04-01,"la magdeleine","La Magdeleine",17.1785987585041,"METHOD_A_expw_weather"
2025-05-01,"la magdeleine","La Magdeleine",11.3499783227289,"METHOD_A_expw_weather"
2025-06-01,"la magdeleine","La Magdeleine",39.0319148767856,"METHOD_A_expw_weather"
2025-07-01,"la magdeleine","La Magdeleine",167.558110033585,"METHOD_A_expw_weather"
2025-08-01,"la magdeleine","La Magdeleine",190.482889957999,"METHOD_A_expw_weather"
2025-09-01,"la magdeleine","La Magdeleine",45.5248735125492,"METHOD_A_expw_weather"
2025-01-01,"la salle","La Salle",2685.24106965975,"METHOD_A_expw_weather"
2025-02-01,"la salle","La Salle",2324.53048301819,"METHOD_A_expw_weather"
2025-03-01,"la salle","La Salle",1455.19845618976,"METHOD_A_expw_weather"
2025-04-01,"la salle","La Salle",1314.88413566773,"METHOD_A_expw_weather"
2025-05-01,"la salle","La Salle",817.53453392896,"METHOD_A_expw_weather"
2025-06-01,"la salle","La Salle",1749.80662852401,"METHOD_A_expw_weather"
2025-07-01,"la salle","La Salle",2395.64083087223,"METHOD_A_expw_weather"
2025-08-01,"la salle","La Salle",2490.4795157602,"METHOD_A_expw_weather"
2025-09-01,"la salle","La Salle",838.977924913412,"METHOD_A_expw_weather"
2025-01-01,"la thuile","La Thuile",8327.49140866339,"METHOD_A_expw_weather"
2025-02-01,"la thuile","La Thuile",9419.00166186435,"METHOD_A_expw_weather"
2025-03-01,"la thuile","La Thuile",7038.90608984588,"METHOD_A_expw_weather"
2025-04-01,"la thuile","La Thuile",1014.38804041625,"METHOD_A_expw_weather"
2025-05-01,"la thuile","La Thuile",81.9480368144856,"METHOD_A_expw_weather"
2025-06-01,"la thuile","La Thuile",5509.17586995372,"METHOD_A_expw_weather"
2025-07-01,"la thuile","La Thuile",8650.38710223926,"METHOD_A_expw_weather"
2025-08-01,"la thuile","La Thuile",5987.07406910166,"METHOD_A_expw_weather"
2025-09-01,"la thuile","La Thuile",2636.98555825505,"METHOD_A_expw_weather"
2025-01-01,"lillianes","Lillianes",154.933077451249,"METHOD_A_expw_weather"
2025-02-01,"lillianes","Lillianes",194.787197223953,"METHOD_A_expw_weather"
2025-03-01,"lillianes","Lillianes",125.586368054827,"METHOD_A_expw_weather"
2025-04-01,"lillianes","Lillianes",61.6653617583422,"METHOD_A_expw_weather"
2025-05-01,"lillianes","Lillianes",81.3354754851245,"METHOD_A_expw_weather"
2025-06-01,"lillianes","Lillianes",385.545788690114,"METHOD_A_expw_weather"
2025-07-01,"lillianes","Lillianes",803.332397297271,"METHOD_A_expw_weather"
2025-08-01,"lillianes","Lillianes",618.944323175312,"METHOD_A_expw_weather"
2025-09-01,"lillianes","Lillianes",200.500533688616,"METHOD_A_expw_weather"
2025-01-01,"montjovet","Montjovet",675.705616093597,"METHOD_A_expw_weather"
2025-02-01,"montjovet","Montjovet",654.258334750779,"METHOD_A_expw_weather"
2025-03-01,"montjovet","Montjovet",573.317154297829,"METHOD_A_expw_weather"
2025-04-01,"montjovet","Montjovet",247.067813329167,"METHOD_A_expw_weather"
2025-05-01,"montjovet","Montjovet",430.15549952488,"METHOD_A_expw_weather"
2025-06-01,"montjovet","Montjovet",359.027660438274,"METHOD_A_expw_weather"
2025-07-01,"montjovet","Montjovet",913.191933840912,"METHOD_A_expw_weather"
2025-08-01,"montjovet","Montjovet",1179.78376214213,"METHOD_A_expw_weather"
2025-09-01,"montjovet","Montjovet",198.69735263459,"METHOD_A_expw_weather"
2025-01-01,"morgex","Morgex",1535.54867460478,"METHOD_A_expw_weather"
2025-02-01,"morgex","Morgex",1320.2537665641,"METHOD_A_expw_weather"
2025-03-01,"morgex","Morgex",1176.28575049675,"METHOD_A_expw_weather"
2025-04-01,"morgex","Morgex",744.263751715189,"METHOD_A_expw_weather"
2025-05-01,"morgex","Morgex",696.476972642607,"METHOD_A_expw_weather"
2025-06-01,"morgex","Morgex",1265.28335394461,"METHOD_A_expw_weather"
2025-07-01,"morgex","Morgex",1993.95762072195,"METHOD_A_expw_weather"
2025-08-01,"morgex","Morgex",2479.80177199362,"METHOD_A_expw_weather"
2025-09-01,"morgex","Morgex",745.520909382629,"METHOD_A_expw_weather"
2025-01-01,"nus","Nus",1666.41326831535,"METHOD_A_expw_weather"
2025-02-01,"nus","Nus",1120.46985545005,"METHOD_A_expw_weather"
2025-03-01,"nus","Nus",1140.97822170517,"METHOD_A_expw_weather"
2025-04-01,"nus","Nus",1338.57505094037,"METHOD_A_expw_weather"
2025-05-01,"nus","Nus",1157.96445865519,"METHOD_A_expw_weather"
2025-06-01,"nus","Nus",1220.06174458787,"METHOD_A_expw_weather"
2025-07-01,"nus","Nus",2042.83225205638,"METHOD_A_expw_weather"
2025-08-01,"nus","Nus",2654.92221989723,"METHOD_A_expw_weather"
2025-09-01,"nus","Nus",751.806056846213,"METHOD_A_expw_weather"
2025-01-01,"ollomont","Ollomont",48.2117622835323,"METHOD_A_expw_weather"
2025-02-01,"ollomont","Ollomont",20.3689408772896,"METHOD_A_expw_weather"
2025-03-01,"ollomont","Ollomont",12.5025864032577,"METHOD_A_expw_weather"
2025-04-01,"ollomont","Ollomont",10.8759720189633,"METHOD_A_expw_weather"
2025-05-01,"ollomont","Ollomont",12.3572581903159,"METHOD_A_expw_weather"
2025-06-01,"ollomont","Ollomont",35.9645883345981,"METHOD_A_expw_weather"
2025-07-01,"ollomont","Ollomont",653.025722273064,"METHOD_A_expw_weather"
2025-08-01,"ollomont","Ollomont",794.336600857469,"METHOD_A_expw_weather"
2025-09-01,"ollomont","Ollomont",97.4750130902746,"METHOD_A_expw_weather"
2025-01-01,"oyace","Oyace",6.89335428232865,"METHOD_A_expw_weather"
2025-02-01,"oyace","Oyace",6.82567981855667,"METHOD_A_expw_weather"
2025-03-01,"oyace","Oyace",6.19016917433788,"METHOD_A_expw_weather"
2025-04-01,"oyace","Oyace",1.26363821656289,"METHOD_A_expw_weather"
2025-05-01,"oyace","Oyace",2.08843600501615,"METHOD_A_expw_weather"
2025-06-01,"oyace","Oyace",2.85346363524493,"METHOD_A_expw_weather"
2025-07-01,"oyace","Oyace",5.94589492359489,"METHOD_A_expw_weather"
2025-08-01,"oyace","Oyace",4.0708216861604,"METHOD_A_expw_weather"
2025-09-01,"oyace","Oyace",1.9501593424401,"METHOD_A_expw_weather"
2025-01-01,"perloz","Perloz",137.343720525193,"METHOD_A_expw_weather"
2025-02-01,"perloz","Perloz",109.315593315446,"METHOD_A_expw_weather"
2025-03-01,"perloz","Perloz",75.8727370389862,"METHOD_A_expw_weather"
2025-04-01,"perloz","Perloz",57.7065028858221,"METHOD_A_expw_weather"
2025-05-01,"perloz","Perloz",33.7634966703243,"METHOD_A_expw_weather"
2025-06-01,"perloz","Perloz",84.7531434552656,"METHOD_A_expw_weather"
2025-07-01,"perloz","Perloz",443.519539360024,"METHOD_A_expw_weather"
2025-08-01,"perloz","Perloz",468.221064211572,"METHOD_A_expw_weather"
2025-09-01,"perloz","Perloz",76.9806542302166,"METHOD_A_expw_weather"
2025-01-01,"pollein","Pollein",4368.69870836556,"METHOD_A_expw_weather"
2025-02-01,"pollein","Pollein",3229.23780539275,"METHOD_A_expw_weather"
2025-03-01,"pollein","Pollein",3488.2223069511,"METHOD_A_expw_weather"
2025-04-01,"pollein","Pollein",2901.12568952776,"METHOD_A_expw_weather"
2025-05-01,"pollein","Pollein",3646.68603341021,"METHOD_A_expw_weather"
2025-06-01,"pollein","Pollein",2702.4315632215,"METHOD_A_expw_weather"
2025-07-01,"pollein","Pollein",5070.09379419356,"METHOD_A_expw_weather"
2025-08-01,"pollein","Pollein",4587.96629716537,"METHOD_A_expw_weather"
2025-09-01,"pollein","Pollein",1907.94488261488,"METHOD_A_expw_weather"
2025-01-01,"pont saint martin","Pont-Saint-Martin",625.135108099432,"METHOD_A_expw_weather"
2025-02-01,"pont saint martin","Pont-Saint-Martin",584.86229159158,"METHOD_A_expw_weather"
2025-03-01,"pont saint martin","Pont-Saint-Martin",648.273612834646,"METHOD_A_expw_weather"
2025-04-01,"pont saint martin","Pont-Saint-Martin",406.992213163002,"METHOD_A_expw_weather"
2025-05-01,"pont saint martin","Pont-Saint-Martin",551.640371667554,"METHOD_A_expw_weather"
2025-06-01,"pont saint martin","Pont-Saint-Martin",561.280817973805,"METHOD_A_expw_weather"
2025-07-01,"pont saint martin","Pont-Saint-Martin",1163.0524951841,"METHOD_A_expw_weather"
2025-08-01,"pont saint martin","Pont-Saint-Martin",1306.24231255314,"METHOD_A_expw_weather"
2025-09-01,"pont saint martin","Pont-Saint-Martin",423.523693128736,"METHOD_A_expw_weather"
2025-01-01,"pontboset","Pontboset",119.28149954564,"METHOD_A_expw_weather"
2025-02-01,"pontboset","Pontboset",108.615443140004,"METHOD_A_expw_weather"
2025-03-01,"pontboset","Pontboset",103.233675326397,"METHOD_A_expw_weather"
2025-04-01,"pontboset","Pontboset",61.4965110714647,"METHOD_A_expw_weather"
2025-05-01,"pontboset","Pontboset",89.9616013602989,"METHOD_A_expw_weather"
2025-06-01,"pontboset","Pontboset",176.871625417428,"METHOD_A_expw_weather"
2025-07-01,"pontboset","Pontboset",630.75411063,"METHOD_A_expw_weather"
2025-08-01,"pontboset","Pontboset",588.032672028306,"METHOD_A_expw_weather"
2025-09-01,"pontboset","Pontboset",107.285977119517,"METHOD_A_expw_weather"
2025-01-01,"pontey","Pontey",160.206983454426,"METHOD_A_expw_weather"
2025-02-01,"pontey","Pontey",101.74463622329,"METHOD_A_expw_weather"
2025-03-01,"pontey","Pontey",100.884735489604,"METHOD_A_expw_weather"
2025-04-01,"pontey","Pontey",80.506442604958,"METHOD_A_expw_weather"
2025-05-01,"pontey","Pontey",68.928870339071,"METHOD_A_expw_weather"
2025-06-01,"pontey","Pontey",96.927690765351,"METHOD_A_expw_weather"
2025-07-01,"pontey","Pontey",319.597815350852,"METHOD_A_expw_weather"
2025-08-01,"pontey","Pontey",557.678144289635,"METHOD_A_expw_weather"
2025-09-01,"pontey","Pontey",58.3441505600935,"METHOD_A_expw_weather"
2025-01-01,"pre saint didier","Pré-Saint-Didier",7992.28407973148,"METHOD_A_expw_weather"
2025-02-01,"pre saint didier","Pré-Saint-Didier",6511.15638082522,"METHOD_A_expw_weather"
2025-03-01,"pre saint didier","Pré-Saint-Didier",5530.04841634446,"METHOD_A_expw_weather"
2025-04-01,"pre saint didier","Pré-Saint-Didier",3481.46842015314,"METHOD_A_expw_weather"
2025-05-01,"pre saint didier","Pré-Saint-Didier",2799.94834581843,"METHOD_A_expw_weather"
2025-06-01,"pre saint didier","Pré-Saint-Didier",4007.92270152767,"METHOD_A_expw_weather"
2025-07-01,"pre saint didier","Pré-Saint-Didier",4458.64861611806,"METHOD_A_expw_weather"
2025-08-01,"pre saint didier","Pré-Saint-Didier",4426.13973888846,"METHOD_A_expw_weather"
2025-09-01,"pre saint didier","Pré-Saint-Didier",3003.57735748255,"METHOD_A_expw_weather"
2025-01-01,"quart","Quart",852.94804472523,"METHOD_A_expw_weather"
2025-02-01,"quart","Quart",749.295318154442,"METHOD_A_expw_weather"
2025-03-01,"quart","Quart",704.184146192236,"METHOD_A_expw_weather"
2025-04-01,"quart","Quart",401.963556950847,"METHOD_A_expw_weather"
2025-05-01,"quart","Quart",678.926005368019,"METHOD_A_expw_weather"
2025-06-01,"quart","Quart",527.577565847904,"METHOD_A_expw_weather"
2025-07-01,"quart","Quart",1181.8368890707,"METHOD_A_expw_weather"
2025-08-01,"quart","Quart",1082.17451207425,"METHOD_A_expw_weather"
2025-09-01,"quart","Quart",451.797735819768,"METHOD_A_expw_weather"
2025-01-01,"rhemes notre dame","Rhêmes-Notre-Dame",1287.74263170556,"METHOD_A_expw_weather"
2025-02-01,"rhemes notre dame","Rhêmes-Notre-Dame",1240.22624369664,"METHOD_A_expw_weather"
2025-03-01,"rhemes notre dame","Rhêmes-Notre-Dame",1005.39040273149,"METHOD_A_expw_weather"
2025-04-01,"rhemes notre dame","Rhêmes-Notre-Dame",367.319915630169,"METHOD_A_expw_weather"
2025-05-01,"rhemes notre dame","Rhêmes-Notre-Dame",96.8598394771813,"METHOD_A_expw_weather"
2025-06-01,"rhemes notre dame","Rhêmes-Notre-Dame",789.157568817464,"METHOD_A_expw_weather"
2025-07-01,"rhemes notre dame","Rhêmes-Notre-Dame",1293.07348835666,"METHOD_A_expw_weather"
2025-08-01,"rhemes notre dame","Rhêmes-Notre-Dame",868.808923920588,"METHOD_A_expw_weather"
2025-09-01,"rhemes notre dame","Rhêmes-Notre-Dame",708.969489887473,"METHOD_A_expw_weather"
2025-01-01,"rhemes saint georges","Rhêmes-Saint-Georges",164.313096514835,"METHOD_A_expw_weather"
2025-02-01,"rhemes saint georges","Rhêmes-Saint-Georges",127.329624341493,"METHOD_A_expw_weather"
2025-03-01,"rhemes saint georges","Rhêmes-Saint-Georges",47.3464000104722,"METHOD_A_expw_weather"
2025-04-01,"rhemes saint georges","Rhêmes-Saint-Georges",44.1306515652027,"METHOD_A_expw_weather"
2025-05-01,"rhemes saint georges","Rhêmes-Saint-Georges",75.7478441857412,"METHOD_A_expw_weather"
2025-06-01,"rhemes saint georges","Rhêmes-Saint-Georges",406.804788468429,"METHOD_A_expw_weather"
2025-07-01,"rhemes saint georges","Rhêmes-Saint-Georges",1186.02601269474,"METHOD_A_expw_weather"
2025-08-01,"rhemes saint georges","Rhêmes-Saint-Georges",1271.38396695473,"METHOD_A_expw_weather"
2025-09-01,"rhemes saint georges","Rhêmes-Saint-Georges",136.527148653931,"METHOD_A_expw_weather"
2025-01-01,"roisan","Roisan",109.593124079501,"METHOD_A_expw_weather"
2025-02-01,"roisan","Roisan",143.513830163839,"METHOD_A_expw_weather"
2025-03-01,"roisan","Roisan",67.7661865986605,"METHOD_A_expw_weather"
2025-04-01,"roisan","Roisan",56.3315332847047,"METHOD_A_expw_weather"
2025-05-01,"roisan","Roisan",25.6191921568509,"METHOD_A_expw_weather"
2025-06-01,"roisan","Roisan",235.162856218757,"METHOD_A_expw_weather"
2025-07-01,"roisan","Roisan",613.52117982884,"METHOD_A_expw_weather"
2025-08-01,"roisan","Roisan",771.33483765556,"METHOD_A_expw_weather"
2025-09-01,"roisan","Roisan",170.330290945968,"METHOD_A_expw_weather"
2025-01-01,"saint christophe","Saint-Christophe",930.035518168121,"METHOD_A_expw_weather"
2025-02-01,"saint christophe","Saint-Christophe",715.42165916991,"METHOD_A_expw_weather"
2025-03-01,"saint christophe","Saint-Christophe",649.560805090689,"METHOD_A_expw_weather"
2025-04-01,"saint christophe","Saint-Christophe",444.040214074959,"METHOD_A_expw_weather"
2025-05-01,"saint christophe","Saint-Christophe",692.000759447964,"METHOD_A_expw_weather"
2025-06-01,"saint christophe","Saint-Christophe",437.945751940599,"METHOD_A_expw_weather"
2025-07-01,"saint christophe","Saint-Christophe",1302.42010951799,"METHOD_A_expw_weather"
2025-08-01,"saint christophe","Saint-Christophe",1358.2206996389,"METHOD_A_expw_weather"
2025-09-01,"saint christophe","Saint-Christophe",400.411759675958,"METHOD_A_expw_weather"
2025-01-01,"saint denis","Saint-Denis",84.2681539177049,"METHOD_A_expw_weather"
2025-02-01,"saint denis","Saint-Denis",206.074732229144,"METHOD_A_expw_weather"
2025-03-01,"saint denis","Saint-Denis",38.9351496276046,"METHOD_A_expw_weather"
2025-04-01,"saint denis","Saint-Denis",15.2351834627191,"METHOD_A_expw_weather"
2025-05-01,"saint denis","Saint-Denis",163.580880694727,"METHOD_A_expw_weather"
2025-06-01,"saint denis","Saint-Denis",45.6638616685756,"METHOD_A_expw_weather"
2025-07-01,"saint denis","Saint-Denis",635.302102763983,"METHOD_A_expw_weather"
2025-08-01,"saint denis","Saint-Denis",225.905838492617,"METHOD_A_expw_weather"
2025-09-01,"saint denis","Saint-Denis",35.0067267749065,"METHOD_A_expw_weather"
2025-01-01,"saint marcel","Saint-Marcel",97.7789931652045,"METHOD_A_expw_weather"
2025-02-01,"saint marcel","Saint-Marcel",26.6360476034221,"METHOD_A_expw_weather"
2025-03-01,"saint marcel","Saint-Marcel",65.9408471208162,"METHOD_A_expw_weather"
2025-04-01,"saint marcel","Saint-Marcel",206.759380185294,"METHOD_A_expw_weather"
2025-05-01,"saint marcel","Saint-Marcel",58.5274179624535,"METHOD_A_expw_weather"
2025-06-01,"saint marcel","Saint-Marcel",137.474182753393,"METHOD_A_expw_weather"
2025-07-01,"saint marcel","Saint-Marcel",106.713019661784,"METHOD_A_expw_weather"
2025-08-01,"saint marcel","Saint-Marcel",226.273980225224,"METHOD_A_expw_weather"
2025-09-01,"saint marcel","Saint-Marcel",56.7467318373104,"METHOD_A_expw_weather"
2025-01-01,"saint nicolas","Saint-Nicolas",324.252993469784,"METHOD_A_expw_weather"
2025-02-01,"saint nicolas","Saint-Nicolas",465.654274597759,"METHOD_A_expw_weather"
2025-03-01,"saint nicolas","Saint-Nicolas",521.270862818005,"METHOD_A_expw_weather"
2025-04-01,"saint nicolas","Saint-Nicolas",227.345151371047,"METHOD_A_expw_weather"
2025-05-01,"saint nicolas","Saint-Nicolas",292.45134777021,"METHOD_A_expw_weather"
2025-06-01,"saint nicolas","Saint-Nicolas",748.639519168335,"METHOD_A_expw_weather"
2025-07-01,"saint nicolas","Saint-Nicolas",694.801799057622,"METHOD_A_expw_weather"
2025-08-01,"saint nicolas","Saint-Nicolas",694.228295135716,"METHOD_A_expw_weather"
2025-09-01,"saint nicolas","Saint-Nicolas",277.323888933174,"METHOD_A_expw_weather"
2025-01-01,"saint oyen","Saint-Oyen",403.102950558211,"METHOD_A_expw_weather"
2025-02-01,"saint oyen","Saint-Oyen",330.095843503493,"METHOD_A_expw_weather"
2025-03-01,"saint oyen","Saint-Oyen",299.183460772507,"METHOD_A_expw_weather"
2025-04-01,"saint oyen","Saint-Oyen",228.074526012151,"METHOD_A_expw_weather"
2025-05-01,"saint oyen","Saint-Oyen",104.915923384751,"METHOD_A_expw_weather"
2025-06-01,"saint oyen","Saint-Oyen",731.545992282865,"METHOD_A_expw_weather"
2025-07-01,"saint oyen","Saint-Oyen",838.71696716574,"METHOD_A_expw_weather"
2025-08-01,"saint oyen","Saint-Oyen",1030.43617162649,"METHOD_A_expw_weather"
2025-09-01,"saint oyen","Saint-Oyen",264.620196319717,"METHOD_A_expw_weather"
2025-01-01,"saint pierre","Saint-Pierre",1139.17083887567,"METHOD_A_expw_weather"
2025-02-01,"saint pierre","Saint-Pierre",1017.04650478644,"METHOD_A_expw_weather"
2025-03-01,"saint pierre","Saint-Pierre",1015.95172901677,"METHOD_A_expw_weather"
2025-04-01,"saint pierre","Saint-Pierre",857.401675401321,"METHOD_A_expw_weather"
2025-05-01,"saint pierre","Saint-Pierre",831.597880314257,"METHOD_A_expw_weather"
2025-06-01,"saint pierre","Saint-Pierre",1279.38655583172,"METHOD_A_expw_weather"
2025-07-01,"saint pierre","Saint-Pierre",1855.45509492294,"METHOD_A_expw_weather"
2025-08-01,"saint pierre","Saint-Pierre",1774.47574887665,"METHOD_A_expw_weather"
2025-09-01,"saint pierre","Saint-Pierre",746.59364606736,"METHOD_A_expw_weather"
2025-01-01,"saint rhemy en bosses","Saint-Rhémy-en-Bosses",371.761636170778,"METHOD_A_expw_weather"
2025-02-01,"saint rhemy en bosses","Saint-Rhémy-en-Bosses",539.519248350149,"METHOD_A_expw_weather"
2025-03-01,"saint rhemy en bosses","Saint-Rhémy-en-Bosses",409.008345633356,"METHOD_A_expw_weather"
2025-04-01,"saint rhemy en bosses","Saint-Rhémy-en-Bosses",95.3453952590671,"METHOD_A_expw_weather"
2025-05-01,"saint rhemy en bosses","Saint-Rhémy-en-Bosses",90.6987146264369,"METHOD_A_expw_weather"
2025-06-01,"saint rhemy en bosses","Saint-Rhémy-en-Bosses",325.502761404505,"METHOD_A_expw_weather"
2025-07-01,"saint rhemy en bosses","Saint-Rhémy-en-Bosses",1261.37030724789,"METHOD_A_expw_weather"
2025-08-01,"saint rhemy en bosses","Saint-Rhémy-en-Bosses",1468.99440954638,"METHOD_A_expw_weather"
2025-09-01,"saint rhemy en bosses","Saint-Rhémy-en-Bosses",303.864224249314,"METHOD_A_expw_weather"
2025-01-01,"saint vincent","Saint-Vincent",10951.2066153821,"METHOD_A_expw_weather"
2025-02-01,"saint vincent","Saint-Vincent",7855.57587626367,"METHOD_A_expw_weather"
2025-03-01,"saint vincent","Saint-Vincent",10164.3196565151,"METHOD_A_expw_weather"
2025-04-01,"saint vincent","Saint-Vincent",4834.99883058127,"METHOD_A_expw_weather"
2025-05-01,"saint vincent","Saint-Vincent",5990.44670004193,"METHOD_A_expw_weather"
2025-06-01,"saint vincent","Saint-Vincent",8771.0110493472,"METHOD_A_expw_weather"
2025-07-01,"saint vincent","Saint-Vincent",13261.5392059555,"METHOD_A_expw_weather"
2025-08-01,"saint vincent","Saint-Vincent",16897.3252317361,"METHOD_A_expw_weather"
2025-09-01,"saint vincent","Saint-Vincent",7391.08413872882,"METHOD_A_expw_weather"
2025-01-01,"sarre","Sarre",1889.05717173635,"METHOD_A_expw_weather"
2025-02-01,"sarre","Sarre",1323.15376532933,"METHOD_A_expw_weather"
2025-03-01,"sarre","Sarre",1222.04575258207,"METHOD_A_expw_weather"
2025-04-01,"sarre","Sarre",1117.57863266087,"METHOD_A_expw_weather"
2025-05-01,"sarre","Sarre",2039.36632404997,"METHOD_A_expw_weather"
2025-06-01,"sarre","Sarre",4434.14898350055,"METHOD_A_expw_weather"
2025-07-01,"sarre","Sarre",4441.92929860744,"METHOD_A_expw_weather"
2025-08-01,"sarre","Sarre",4193.11467375164,"METHOD_A_expw_weather"
2025-09-01,"sarre","Sarre",1898.28155376533,"METHOD_A_expw_weather"
2025-01-01,"torgnon","Torgnon",2786.8786344784,"METHOD_A_expw_weather"
2025-02-01,"torgnon","Torgnon",2016.43096329431,"METHOD_A_expw_weather"
2025-03-01,"torgnon","Torgnon",1541.7861218391,"METHOD_A_expw_weather"
2025-04-01,"torgnon","Torgnon",366.876817023883,"METHOD_A_expw_weather"
2025-05-01,"torgnon","Torgnon",195.066433289142,"METHOD_A_expw_weather"
2025-06-01,"torgnon","Torgnon",744.057276372746,"METHOD_A_expw_weather"
2025-07-01,"torgnon","Torgnon",2002.4130857085,"METHOD_A_expw_weather"
2025-08-01,"torgnon","Torgnon",1630.23187415045,"METHOD_A_expw_weather"
2025-09-01,"torgnon","Torgnon",610.012306089439,"METHOD_A_expw_weather"
2025-01-01,"valgrisenche","Valgrisenche",664.433935307435,"METHOD_A_expw_weather"
2025-02-01,"valgrisenche","Valgrisenche",580.356709684096,"METHOD_A_expw_weather"
2025-03-01,"valgrisenche","Valgrisenche",444.020677108139,"METHOD_A_expw_weather"
2025-04-01,"valgrisenche","Valgrisenche",581.991859857228,"METHOD_A_expw_weather"
2025-05-01,"valgrisenche","Valgrisenche",155.713011780159,"METHOD_A_expw_weather"
2025-06-01,"valgrisenche","Valgrisenche",897.222966166077,"METHOD_A_expw_weather"
2025-07-01,"valgrisenche","Valgrisenche",3153.17724096361,"METHOD_A_expw_weather"
2025-08-01,"valgrisenche","Valgrisenche",3096.99412420737,"METHOD_A_expw_weather"
2025-09-01,"valgrisenche","Valgrisenche",1057.631959075,"METHOD_A_expw_weather"
2025-01-01,"valpelline","Valpelline",188.623473942184,"METHOD_A_expw_weather"
2025-02-01,"valpelline","Valpelline",152.683772611278,"METHOD_A_expw_weather"
2025-03-01,"valpelline","Valpelline",154.900023750465,"METHOD_A_expw_weather"
2025-04-01,"valpelline","Valpelline",292.341024086359,"METHOD_A_expw_weather"
2025-05-01,"valpelline","Valpelline",139.211476408076,"METHOD_A_expw_weather"
2025-06-01,"valpelline","Valpelline",872.718429976264,"METHOD_A_expw_weather"
2025-07-01,"valpelline","Valpelline",553.14692660227,"METHOD_A_expw_weather"
2025-08-01,"valpelline","Valpelline",1048.64673985601,"METHOD_A_expw_weather"
2025-09-01,"valpelline","Valpelline",443.295951015857,"METHOD_A_expw_weather"
2025-01-01,"valsavarenche","Valsavarenche",283.026921281394,"METHOD_A_expw_weather"
2025-02-01,"valsavarenche","Valsavarenche",197.785972439226,"METHOD_A_expw_weather"
2025-03-01,"valsavarenche","Valsavarenche",215.928688991126,"METHOD_A_expw_weather"
2025-04-01,"valsavarenche","Valsavarenche",2515.48343896486,"METHOD_A_expw_weather"
2025-05-01,"valsavarenche","Valsavarenche",868.623746302148,"METHOD_A_expw_weather"
2025-06-01,"valsavarenche","Valsavarenche",5969.34858880168,"METHOD_A_expw_weather"
2025-07-01,"valsavarenche","Valsavarenche",8806.18795600011,"METHOD_A_expw_weather"
2025-08-01,"valsavarenche","Valsavarenche",9447.80654477255,"METHOD_A_expw_weather"
2025-09-01,"valsavarenche","Valsavarenche",3839.61932302428,"METHOD_A_expw_weather"
2025-01-01,"valtournenche","Valtournenche",23019.6056954372,"METHOD_A_expw_weather"
2025-02-01,"valtournenche","Valtournenche",21017.7221786641,"METHOD_A_expw_weather"
2025-03-01,"valtournenche","Valtournenche",20542.505873227,"METHOD_A_expw_weather"
2025-04-01,"valtournenche","Valtournenche",10858.5195396025,"METHOD_A_expw_weather"
2025-05-01,"valtournenche","Valtournenche",1899.96341580328,"METHOD_A_expw_weather"
2025-06-01,"valtournenche","Valtournenche",2830.07748112858,"METHOD_A_expw_weather"
2025-07-01,"valtournenche","Valtournenche",15495.759295667,"METHOD_A_expw_weather"
2025-08-01,"valtournenche","Valtournenche",16728.8987207352,"METHOD_A_expw_weather"
2025-09-01,"valtournenche","Valtournenche",5216.62292976039,"METHOD_A_expw_weather"
2025-01-01,"verrayes","Verrayes",604.06693711091,"METHOD_A_expw_weather"
2025-02-01,"verrayes","Verrayes",366.473127111593,"METHOD_A_expw_weather"
2025-03-01,"verrayes","Verrayes",423.2260487243,"METHOD_A_expw_weather"
2025-04-01,"verrayes","Verrayes",397.648220317413,"METHOD_A_expw_weather"
2025-05-01,"verrayes","Verrayes",180.563948453562,"METHOD_A_expw_weather"
2025-06-01,"verrayes","Verrayes",321.456998769563,"METHOD_A_expw_weather"
2025-07-01,"verrayes","Verrayes",749.138259370761,"METHOD_A_expw_weather"
2025-08-01,"verrayes","Verrayes",1061.93705295895,"METHOD_A_expw_weather"
2025-09-01,"verrayes","Verrayes",175.444476989197,"METHOD_A_expw_weather"
2025-01-01,"verres","Verrès",156.536908772205,"METHOD_A_expw_weather"
2025-02-01,"verres","Verrès",72.9768971298292,"METHOD_A_expw_weather"
2025-03-01,"verres","Verrès",86.1368481006184,"METHOD_A_expw_weather"
2025-04-01,"verres","Verrès",104.777157560299,"METHOD_A_expw_weather"
2025-05-01,"verres","Verrès",176.500040556061,"METHOD_A_expw_weather"
2025-06-01,"verres","Verrès",214.90675432024,"METHOD_A_expw_weather"
2025-07-01,"verres","Verrès",423.581222251298,"METHOD_A_expw_weather"
2025-08-01,"verres","Verrès",528.18992633028,"METHOD_A_expw_weather"
2025-09-01,"verres","Verrès",112.92914650167,"METHOD_A_expw_weather"
2025-01-01,"villeneuve","Villeneuve",419.108666154641,"METHOD_A_expw_weather"
2025-02-01,"villeneuve","Villeneuve",637.645919610385,"METHOD_A_expw_weather"
2025-03-01,"villeneuve","Villeneuve",679.405197567304,"METHOD_A_expw_weather"
2025-04-01,"villeneuve","Villeneuve",191.05137831689,"METHOD_A_expw_weather"
2025-05-01,"villeneuve","Villeneuve",313.360649694458,"METHOD_A_expw_weather"
2025-06-01,"villeneuve","Villeneuve",358.417038699978,"METHOD_A_expw_weather"
2025-07-01,"villeneuve","Villeneuve",1059.74917458137,"METHOD_A_expw_weather"
2025-08-01,"villeneuve","Villeneuve",1618.31032401371,"METHOD_A_expw_weather"
2025-09-01,"villeneuve","Villeneuve",318.641546318766,"METHOD_A_expw_weather"
2025-01-01,"allein","Allein",32.564547503753,"METHOD_B_ets_reconcile"
2025-02-01,"allein","Allein",17.5814197627808,"METHOD_B_ets_reconcile"
2025-03-01,"allein","Allein",10.972649611057,"METHOD_B_ets_reconcile"
2025-04-01,"allein","Allein",17.4706761988651,"METHOD_B_ets_reconcile"
2025-05-01,"allein","Allein",5.51279729095286,"METHOD_B_ets_reconcile"
2025-06-01,"allein","Allein",19.566147400995,"METHOD_B_ets_reconcile"
2025-07-01,"allein","Allein",138.837658980123,"METHOD_B_ets_reconcile"
2025-08-01,"allein","Allein",121.929866329484,"METHOD_B_ets_reconcile"
2025-09-01,"allein","Allein",4.36690525016327,"METHOD_B_ets_reconcile"
2025-01-01,"antey saint andre","Antey-Saint-André",2554.51631234999,"METHOD_B_ets_reconcile"
2025-02-01,"antey saint andre","Antey-Saint-André",2544.14088377947,"METHOD_B_ets_reconcile"
2025-03-01,"antey saint andre","Antey-Saint-André",1728.37703780612,"METHOD_B_ets_reconcile"
2025-04-01,"antey saint andre","Antey-Saint-André",863.030773388894,"METHOD_B_ets_reconcile"
2025-05-01,"antey saint andre","Antey-Saint-André",593.685990019209,"METHOD_B_ets_reconcile"
2025-06-01,"antey saint andre","Antey-Saint-André",1990.83252869869,"METHOD_B_ets_reconcile"
2025-07-01,"antey saint andre","Antey-Saint-André",4161.89407614682,"METHOD_B_ets_reconcile"
2025-08-01,"antey saint andre","Antey-Saint-André",4993.74560182037,"METHOD_B_ets_reconcile"
2025-09-01,"antey saint andre","Antey-Saint-André",1883.08365515798,"METHOD_B_ets_reconcile"
2025-01-01,"aosta","Aosta",14379.7046454845,"METHOD_B_ets_reconcile"
2025-02-01,"aosta","Aosta",12301.0076397518,"METHOD_B_ets_reconcile"
2025-03-01,"aosta","Aosta",11613.1162242334,"METHOD_B_ets_reconcile"
2025-04-01,"aosta","Aosta",8619.54152674462,"METHOD_B_ets_reconcile"
2025-05-01,"aosta","Aosta",10492.9441216763,"METHOD_B_ets_reconcile"
2025-06-01,"aosta","Aosta",12020.5078366567,"METHOD_B_ets_reconcile"
2025-07-01,"aosta","Aosta",17966.5693264056,"METHOD_B_ets_reconcile"
2025-08-01,"aosta","Aosta",17972.8573116945,"METHOD_B_ets_reconcile"
2025-09-01,"aosta","Aosta",12768.3669029988,"METHOD_B_ets_reconcile"
2025-01-01,"arnad","Arnad",276.110991070748,"METHOD_B_ets_reconcile"
2025-02-01,"arnad","Arnad",247.686241606369,"METHOD_B_ets_reconcile"
2025-03-01,"arnad","Arnad",183.639503114597,"METHOD_B_ets_reconcile"
2025-04-01,"arnad","Arnad",171.14848925777,"METHOD_B_ets_reconcile"
2025-05-01,"arnad","Arnad",309.248547479875,"METHOD_B_ets_reconcile"
2025-06-01,"arnad","Arnad",371.93051730919,"METHOD_B_ets_reconcile"
2025-07-01,"arnad","Arnad",641.413673122725,"METHOD_B_ets_reconcile"
2025-08-01,"arnad","Arnad",729.961756694566,"METHOD_B_ets_reconcile"
2025-09-01,"arnad","Arnad",281.014371984006,"METHOD_B_ets_reconcile"
2025-01-01,"arvier","Arvier",725.720086191009,"METHOD_B_ets_reconcile"
2025-02-01,"arvier","Arvier",913.187851325622,"METHOD_B_ets_reconcile"
2025-03-01,"arvier","Arvier",929.78882284842,"METHOD_B_ets_reconcile"
2025-04-01,"arvier","Arvier",367.334455697849,"METHOD_B_ets_reconcile"
2025-05-01,"arvier","Arvier",357.060945873127,"METHOD_B_ets_reconcile"
2025-06-01,"arvier","Arvier",1631.65554470915,"METHOD_B_ets_reconcile"
2025-07-01,"arvier","Arvier",4173.41530388903,"METHOD_B_ets_reconcile"
2025-08-01,"arvier","Arvier",4390.52063257776,"METHOD_B_ets_reconcile"
2025-09-01,"arvier","Arvier",957.136472848046,"METHOD_B_ets_reconcile"
2025-01-01,"avise","Avise",74.8973324103268,"METHOD_B_ets_reconcile"
2025-02-01,"avise","Avise",53.0501198754701,"METHOD_B_ets_reconcile"
2025-03-01,"avise","Avise",52.4745489920176,"METHOD_B_ets_reconcile"
2025-04-01,"avise","Avise",19.2597760145449,"METHOD_B_ets_reconcile"
2025-05-01,"avise","Avise",21.820858809929,"METHOD_B_ets_reconcile"
2025-06-01,"avise","Avise",86.2732659044422,"METHOD_B_ets_reconcile"
2025-07-01,"avise","Avise",273.90204738846,"METHOD_B_ets_reconcile"
2025-08-01,"avise","Avise",304.564349700953,"METHOD_B_ets_reconcile"
2025-09-01,"avise","Avise",83.1771339373201,"METHOD_B_ets_reconcile"
2025-01-01,"ayas","Ayas",8954.09466970545,"METHOD_B_ets_reconcile"
2025-02-01,"ayas","Ayas",7907.6116435303,"METHOD_B_ets_reconcile"
2025-03-01,"ayas","Ayas",6425.32354853722,"METHOD_B_ets_reconcile"
2025-04-01,"ayas","Ayas",1602.66337686355,"METHOD_B_ets_reconcile"
2025-05-01,"ayas","Ayas",661.974270316275,"METHOD_B_ets_reconcile"
2025-06-01,"ayas","Ayas",5488.29474719381,"METHOD_B_ets_reconcile"
2025-07-01,"ayas","Ayas",11697.3192073913,"METHOD_B_ets_reconcile"
2025-08-01,"ayas","Ayas",11380.5316306646,"METHOD_B_ets_reconcile"
2025-09-01,"ayas","Ayas",4510.96607837562,"METHOD_B_ets_reconcile"
2025-01-01,"aymavilles","Aymavilles",798.134577727402,"METHOD_B_ets_reconcile"
2025-02-01,"aymavilles","Aymavilles",728.837979674555,"METHOD_B_ets_reconcile"
2025-03-01,"aymavilles","Aymavilles",490.728182090134,"METHOD_B_ets_reconcile"
2025-04-01,"aymavilles","Aymavilles",505.760896093314,"METHOD_B_ets_reconcile"
2025-05-01,"aymavilles","Aymavilles",279.763593907455,"METHOD_B_ets_reconcile"
2025-06-01,"aymavilles","Aymavilles",454.841891999707,"METHOD_B_ets_reconcile"
2025-07-01,"aymavilles","Aymavilles",1305.33142124931,"METHOD_B_ets_reconcile"
2025-08-01,"aymavilles","Aymavilles",1335.17348385809,"METHOD_B_ets_reconcile"
2025-09-01,"aymavilles","Aymavilles",405.057210588872,"METHOD_B_ets_reconcile"
2025-01-01,"bard","Bard",919.958714871656,"METHOD_B_ets_reconcile"
2025-02-01,"bard","Bard",729.250154696606,"METHOD_B_ets_reconcile"
2025-03-01,"bard","Bard",804.829204318541,"METHOD_B_ets_reconcile"
2025-04-01,"bard","Bard",557.341509435252,"METHOD_B_ets_reconcile"
2025-05-01,"bard","Bard",532.56567506873,"METHOD_B_ets_reconcile"
2025-06-01,"bard","Bard",477.565247632193,"METHOD_B_ets_reconcile"
2025-07-01,"bard","Bard",435.854683534134,"METHOD_B_ets_reconcile"
2025-08-01,"bard","Bard",447.780433340175,"METHOD_B_ets_reconcile"
2025-09-01,"bard","Bard",473.354980816307,"METHOD_B_ets_reconcile"
2025-01-01,"bionaz","Bionaz",556.91610040236,"METHOD_B_ets_reconcile"
2025-02-01,"bionaz","Bionaz",296.726818405623,"METHOD_B_ets_reconcile"
2025-03-01,"bionaz","Bionaz",600.985279669138,"METHOD_B_ets_reconcile"
2025-04-01,"bionaz","Bionaz",605.9657552912,"METHOD_B_ets_reconcile"
2025-05-01,"bionaz","Bionaz",173.189872711522,"METHOD_B_ets_reconcile"
2025-06-01,"bionaz","Bionaz",1062.64364829502,"METHOD_B_ets_reconcile"
2025-07-01,"bionaz","Bionaz",3863.71130315835,"METHOD_B_ets_reconcile"
2025-08-01,"bionaz","Bionaz",4396.97647642445,"METHOD_B_ets_reconcile"
2025-09-01,"bionaz","Bionaz",815.805721790401,"METHOD_B_ets_reconcile"
2025-01-01,"brissogne","Brissogne",64.7026053729985,"METHOD_B_ets_reconcile"
2025-02-01,"brissogne","Brissogne",51.2452501031938,"METHOD_B_ets_reconcile"
2025-03-01,"brissogne","Brissogne",56.5133752857935,"METHOD_B_ets_reconcile"
2025-04-01,"brissogne","Brissogne",39.1093343091501,"METHOD_B_ets_reconcile"
2025-05-01,"brissogne","Brissogne",37.3490687572494,"METHOD_B_ets_reconcile"
2025-06-01,"brissogne","Brissogne",33.4748407574176,"METHOD_B_ets_reconcile"
2025-07-01,"brissogne","Brissogne",30.537567773041,"METHOD_B_ets_reconcile"
2025-08-01,"brissogne","Brissogne",31.3609386983871,"METHOD_B_ets_reconcile"
2025-09-01,"brissogne","Brissogne",33.140830020363,"METHOD_B_ets_reconcile"
2025-01-01,"brusson","Brusson",3186.20040311789,"METHOD_B_ets_reconcile"
2025-02-01,"brusson","Brusson",3867.00525096103,"METHOD_B_ets_reconcile"
2025-03-01,"brusson","Brusson",1833.46627488414,"METHOD_B_ets_reconcile"
2025-04-01,"brusson","Brusson",839.50496758476,"METHOD_B_ets_reconcile"
2025-05-01,"brusson","Brusson",920.761901631337,"METHOD_B_ets_reconcile"
2025-06-01,"brusson","Brusson",3360.09682605417,"METHOD_B_ets_reconcile"
2025-07-01,"brusson","Brusson",6290.96220548779,"METHOD_B_ets_reconcile"
2025-08-01,"brusson","Brusson",5918.71554613689,"METHOD_B_ets_reconcile"
2025-09-01,"brusson","Brusson",2340.15199183541,"METHOD_B_ets_reconcile"
2025-01-01,"challand saint anselme","Challand-Saint-Anselme",558.64794000123,"METHOD_B_ets_reconcile"
2025-02-01,"challand saint anselme","Challand-Saint-Anselme",606.427383971676,"METHOD_B_ets_reconcile"
2025-03-01,"challand saint anselme","Challand-Saint-Anselme",499.901352668762,"METHOD_B_ets_reconcile"
2025-04-01,"challand saint anselme","Challand-Saint-Anselme",358.458157212935,"METHOD_B_ets_reconcile"
2025-05-01,"challand saint anselme","Challand-Saint-Anselme",499.466334141378,"METHOD_B_ets_reconcile"
2025-06-01,"challand saint anselme","Challand-Saint-Anselme",1277.49539451013,"METHOD_B_ets_reconcile"
2025-07-01,"challand saint anselme","Challand-Saint-Anselme",1546.09810539539,"METHOD_B_ets_reconcile"
2025-08-01,"challand saint anselme","Challand-Saint-Anselme",1273.0980284433,"METHOD_B_ets_reconcile"
2025-09-01,"challand saint anselme","Challand-Saint-Anselme",421.413019365815,"METHOD_B_ets_reconcile"
2025-01-01,"challand saint victor","Challand-Saint-Victor",103.493342787009,"METHOD_B_ets_reconcile"
2025-02-01,"challand saint victor","Challand-Saint-Victor",83.8895300740665,"METHOD_B_ets_reconcile"
2025-03-01,"challand saint victor","Challand-Saint-Victor",94.6016310426032,"METHOD_B_ets_reconcile"
2025-04-01,"challand saint victor","Challand-Saint-Victor",66.8904277828221,"METHOD_B_ets_reconcile"
2025-05-01,"challand saint victor","Challand-Saint-Victor",65.2161672803846,"METHOD_B_ets_reconcile"
2025-06-01,"challand saint victor","Challand-Saint-Victor",59.6285408979992,"METHOD_B_ets_reconcile"
2025-07-01,"challand saint victor","Challand-Saint-Victor",55.4511505100397,"METHOD_B_ets_reconcile"
2025-08-01,"challand saint victor","Challand-Saint-Victor",58.0092945927867,"METHOD_B_ets_reconcile"
2025-09-01,"challand saint victor","Challand-Saint-Victor",62.4033014406289,"METHOD_B_ets_reconcile"
2025-01-01,"chambave","Chambave",151.793961544955,"METHOD_B_ets_reconcile"
2025-02-01,"chambave","Chambave",120.219360205449,"METHOD_B_ets_reconcile"
2025-03-01,"chambave","Chambave",132.57526310895,"METHOD_B_ets_reconcile"
2025-04-01,"chambave","Chambave",91.7453454887169,"METHOD_B_ets_reconcile"
2025-05-01,"chambave","Chambave",87.6147623902676,"METHOD_B_ets_reconcile"
2025-06-01,"chambave","Chambave",78.5255784585026,"METHOD_B_ets_reconcile"
2025-07-01,"chambave","Chambave",71.6346528763751,"METHOD_B_ets_reconcile"
2025-08-01,"chambave","Chambave",73.5655768315428,"METHOD_B_ets_reconcile"
2025-09-01,"chambave","Chambave",77.7403464847769,"METHOD_B_ets_reconcile"
2025-01-01,"chamois","Chamois",350.111493142457,"METHOD_B_ets_reconcile"
2025-02-01,"chamois","Chamois",285.247055658555,"METHOD_B_ets_reconcile"
2025-03-01,"chamois","Chamois",252.498284979021,"METHOD_B_ets_reconcile"
2025-04-01,"chamois","Chamois",23.494345187248,"METHOD_B_ets_reconcile"
2025-05-01,"chamois","Chamois",31.0441892045688,"METHOD_B_ets_reconcile"
2025-06-01,"chamois","Chamois",525.899676639514,"METHOD_B_ets_reconcile"
2025-07-01,"chamois","Chamois",1486.60061608992,"METHOD_B_ets_reconcile"
2025-08-01,"chamois","Chamois",2129.29812786837,"METHOD_B_ets_reconcile"
2025-09-01,"chamois","Chamois",470.732088126074,"METHOD_B_ets_reconcile"
2025-01-01,"champdepraz","Champdepraz",540.871443607106,"METHOD_B_ets_reconcile"
2025-02-01,"champdepraz","Champdepraz",355.316369875362,"METHOD_B_ets_reconcile"
2025-03-01,"champdepraz","Champdepraz",342.203853215812,"METHOD_B_ets_reconcile"
2025-04-01,"champdepraz","Champdepraz",311.603750166023,"METHOD_B_ets_reconcile"
2025-05-01,"champdepraz","Champdepraz",43.722158182705,"METHOD_B_ets_reconcile"
2025-06-01,"champdepraz","Champdepraz",917.808976105215,"METHOD_B_ets_reconcile"
2025-07-01,"champdepraz","Champdepraz",1541.36119895987,"METHOD_B_ets_reconcile"
2025-08-01,"champdepraz","Champdepraz",1289.7319439646,"METHOD_B_ets_reconcile"
2025-09-01,"champdepraz","Champdepraz",673.991980297001,"METHOD_B_ets_reconcile"
2025-01-01,"champorcher","Champorcher",901.685425624438,"METHOD_B_ets_reconcile"
2025-02-01,"champorcher","Champorcher",685.515631960843,"METHOD_B_ets_reconcile"
2025-03-01,"champorcher","Champorcher",336.439150514105,"METHOD_B_ets_reconcile"
2025-04-01,"champorcher","Champorcher",72.8716129723361,"METHOD_B_ets_reconcile"
2025-05-01,"champorcher","Champorcher",122.290765743235,"METHOD_B_ets_reconcile"
2025-06-01,"champorcher","Champorcher",311.251179845788,"METHOD_B_ets_reconcile"
2025-07-01,"champorcher","Champorcher",1840.04208168224,"METHOD_B_ets_reconcile"
2025-08-01,"champorcher","Champorcher",1633.41680292312,"METHOD_B_ets_reconcile"
2025-09-01,"champorcher","Champorcher",325.788803580581,"METHOD_B_ets_reconcile"
2025-01-01,"charvensod","Charvensod",2917.17149549149,"METHOD_B_ets_reconcile"
2025-02-01,"charvensod","Charvensod",2311.90794256923,"METHOD_B_ets_reconcile"
2025-03-01,"charvensod","Charvensod",2550.99332512363,"METHOD_B_ets_reconcile"
2025-04-01,"charvensod","Charvensod",1766.23526333225,"METHOD_B_ets_reconcile"
2025-05-01,"charvensod","Charvensod",1687.449487701,"METHOD_B_ets_reconcile"
2025-06-01,"charvensod","Charvensod",1512.96427503694,"METHOD_B_ets_reconcile"
2025-07-01,"charvensod","Charvensod",1380.64824954937,"METHOD_B_ets_reconcile"
2025-08-01,"charvensod","Charvensod",1418.26718714211,"METHOD_B_ets_reconcile"
2025-09-01,"charvensod","Charvensod",1499.1222544967,"METHOD_B_ets_reconcile"
2025-01-01,"chatillon","Châtillon",3601.25912539029,"METHOD_B_ets_reconcile"
2025-02-01,"chatillon","Châtillon",3399.6805696669,"METHOD_B_ets_reconcile"
2025-03-01,"chatillon","Châtillon",2899.63369395452,"METHOD_B_ets_reconcile"
2025-04-01,"chatillon","Châtillon",2370.99310891491,"METHOD_B_ets_reconcile"
2025-05-01,"chatillon","Châtillon",2347.9305945074,"METHOD_B_ets_reconcile"
2025-06-01,"chatillon","Châtillon",3044.56545256103,"METHOD_B_ets_reconcile"
2025-07-01,"chatillon","Châtillon",3898.77799502068,"METHOD_B_ets_reconcile"
2025-08-01,"chatillon","Châtillon",3427.45464564725,"METHOD_B_ets_reconcile"
2025-09-01,"chatillon","Châtillon",2175.49341567711,"METHOD_B_ets_reconcile"
2025-01-01,"cogne","Cogne",6734.1835537793,"METHOD_B_ets_reconcile"
2025-02-01,"cogne","Cogne",6945.08374132386,"METHOD_B_ets_reconcile"
2025-03-01,"cogne","Cogne",4632.31246631532,"METHOD_B_ets_reconcile"
2025-04-01,"cogne","Cogne",1067.68285373377,"METHOD_B_ets_reconcile"
2025-05-01,"cogne","Cogne",2845.61213660703,"METHOD_B_ets_reconcile"
2025-06-01,"cogne","Cogne",6653.01130976534,"METHOD_B_ets_reconcile"
2025-07-01,"cogne","Cogne",7186.1651981228,"METHOD_B_ets_reconcile"
2025-08-01,"cogne","Cogne",10098.7884328125,"METHOD_B_ets_reconcile"
2025-09-01,"cogne","Cogne",6639.50053670462,"METHOD_B_ets_reconcile"
2025-01-01,"courmayeur","Courmayeur",28472.3561191083,"METHOD_B_ets_reconcile"
2025-02-01,"courmayeur","Courmayeur",27006.121873007,"METHOD_B_ets_reconcile"
2025-03-01,"courmayeur","Courmayeur",17466.2800350871,"METHOD_B_ets_reconcile"
2025-04-01,"courmayeur","Courmayeur",4175.68096594196,"METHOD_B_ets_reconcile"
2025-05-01,"courmayeur","Courmayeur",2408.35086158491,"METHOD_B_ets_reconcile"
2025-06-01,"courmayeur","Courmayeur",18985.7362973164,"METHOD_B_ets_reconcile"
2025-07-01,"courmayeur","Courmayeur",35315.1837315523,"METHOD_B_ets_reconcile"
2025-08-01,"courmayeur","Courmayeur",34960.2905761824,"METHOD_B_ets_reconcile"
2025-09-01,"courmayeur","Courmayeur",17032.9410424857,"METHOD_B_ets_reconcile"
2025-01-01,"donnas","Donnas",227.509693094548,"METHOD_B_ets_reconcile"
2025-02-01,"donnas","Donnas",180.181231898049,"METHOD_B_ets_reconcile"
2025-03-01,"donnas","Donnas",198.696135500109,"METHOD_B_ets_reconcile"
2025-04-01,"donnas","Donnas",137.500535354156,"METHOD_B_ets_reconcile"
2025-05-01,"donnas","Donnas",131.308359708981,"METHOD_B_ets_reconcile"
2025-06-01,"donnas","Donnas",117.685247378364,"METHOD_B_ets_reconcile"
2025-07-01,"donnas","Donnas",107.357075856714,"METHOD_B_ets_reconcile"
2025-08-01,"donnas","Donnas",110.25021974043,"METHOD_B_ets_reconcile"
2025-09-01,"donnas","Donnas",116.506226323205,"METHOD_B_ets_reconcile"
2025-01-01,"doues","Doues",207.742087492521,"METHOD_B_ets_reconcile"
2025-02-01,"doues","Doues",164.525848249987,"METHOD_B_ets_reconcile"
2025-03-01,"doues","Doues",181.432049791107,"METHOD_B_ets_reconcile"
2025-04-01,"doues","Doues",125.553543927206,"METHOD_B_ets_reconcile"
2025-05-01,"doues","Doues",119.899387055242,"METHOD_B_ets_reconcile"
2025-06-01,"doues","Doues",107.459944343096,"METHOD_B_ets_reconcile"
2025-07-01,"doues","Doues",98.0291553393207,"METHOD_B_ets_reconcile"
2025-08-01,"doues","Doues",100.670923000488,"METHOD_B_ets_reconcile"
2025-09-01,"doues","Doues",106.383364739542,"METHOD_B_ets_reconcile"
2025-01-01,"emarese","Emarèse",98.9180439603501,"METHOD_B_ets_reconcile"
2025-02-01,"emarese","Emarèse",78.3402886061399,"METHOD_B_ets_reconcile"
2025-03-01,"emarese","Emarèse",86.3903106668225,"METHOD_B_ets_reconcile"
2025-04-01,"emarese","Emarèse",59.783316551184,"METHOD_B_ets_reconcile"
2025-05-01,"emarese","Emarèse",57.0910448754226,"METHOD_B_ets_reconcile"
2025-06-01,"emarese","Emarèse",51.1679054870856,"METHOD_B_ets_reconcile"
2025-07-01,"emarese","Emarèse",46.6773604438726,"METHOD_B_ets_reconcile"
2025-08-01,"emarese","Emarèse",47.9352590853783,"METHOD_B_ets_reconcile"
2025-09-01,"emarese","Emarèse",50.6552835632541,"METHOD_B_ets_reconcile"
2025-01-01,"etroubles","Etroubles",749.282748035818,"METHOD_B_ets_reconcile"
2025-02-01,"etroubles","Etroubles",1488.07973071439,"METHOD_B_ets_reconcile"
2025-03-01,"etroubles","Etroubles",968.828098888769,"METHOD_B_ets_reconcile"
2025-04-01,"etroubles","Etroubles",443.478422606816,"METHOD_B_ets_reconcile"
2025-05-01,"etroubles","Etroubles",1096.96907403364,"METHOD_B_ets_reconcile"
2025-06-01,"etroubles","Etroubles",3959.03662115937,"METHOD_B_ets_reconcile"
2025-07-01,"etroubles","Etroubles",7524.05346660768,"METHOD_B_ets_reconcile"
2025-08-01,"etroubles","Etroubles",7941.25961185717,"METHOD_B_ets_reconcile"
2025-09-01,"etroubles","Etroubles",4402.43176667022,"METHOD_B_ets_reconcile"
2025-01-01,"fenis","Fénis",1059.28162881108,"METHOD_B_ets_reconcile"
2025-02-01,"fenis","Fénis",838.921042044717,"METHOD_B_ets_reconcile"
2025-03-01,"fenis","Fénis",925.126148201315,"METHOD_B_ets_reconcile"
2025-04-01,"fenis","Fénis",640.200375954164,"METHOD_B_ets_reconcile"
2025-05-01,"fenis","Fénis",611.3697014713,"METHOD_B_ets_reconcile"
2025-06-01,"fenis","Fénis",547.940700171319,"METHOD_B_ets_reconcile"
2025-07-01,"fenis","Fénis",499.85289255625,"METHOD_B_ets_reconcile"
2025-08-01,"fenis","Fénis",513.323325942373,"METHOD_B_ets_reconcile"
2025-09-01,"fenis","Fénis",542.451196288102,"METHOD_B_ets_reconcile"
2025-01-01,"fontainemore","Fontainemore",63.7254633784903,"METHOD_B_ets_reconcile"
2025-02-01,"fontainemore","Fontainemore",43.43733931686,"METHOD_B_ets_reconcile"
2025-03-01,"fontainemore","Fontainemore",28.5697833595567,"METHOD_B_ets_reconcile"
2025-04-01,"fontainemore","Fontainemore",18.5731418008192,"METHOD_B_ets_reconcile"
2025-05-01,"fontainemore","Fontainemore",15.8923603700911,"METHOD_B_ets_reconcile"
2025-06-01,"fontainemore","Fontainemore",279.465778410599,"METHOD_B_ets_reconcile"
2025-07-01,"fontainemore","Fontainemore",441.889416776501,"METHOD_B_ets_reconcile"
2025-08-01,"fontainemore","Fontainemore",762.603272333394,"METHOD_B_ets_reconcile"
2025-09-01,"fontainemore","Fontainemore",160.474667571268,"METHOD_B_ets_reconcile"
2025-01-01,"gaby","Gaby",645.918120578631,"METHOD_B_ets_reconcile"
2025-02-01,"gaby","Gaby",699.797638814037,"METHOD_B_ets_reconcile"
2025-03-01,"gaby","Gaby",899.584727866437,"METHOD_B_ets_reconcile"
2025-04-01,"gaby","Gaby",267.811033298889,"METHOD_B_ets_reconcile"
2025-05-01,"gaby","Gaby",192.448551197023,"METHOD_B_ets_reconcile"
2025-06-01,"gaby","Gaby",658.327953741548,"METHOD_B_ets_reconcile"
2025-07-01,"gaby","Gaby",1612.16726261396,"METHOD_B_ets_reconcile"
2025-08-01,"gaby","Gaby",1506.5126258154,"METHOD_B_ets_reconcile"
2025-09-01,"gaby","Gaby",406.218274818775,"METHOD_B_ets_reconcile"
2025-01-01,"gignod","Gignod",666.625288722537,"METHOD_B_ets_reconcile"
2025-02-01,"gignod","Gignod",611.597273798557,"METHOD_B_ets_reconcile"
2025-03-01,"gignod","Gignod",469.078968373353,"METHOD_B_ets_reconcile"
2025-04-01,"gignod","Gignod",327.509844481029,"METHOD_B_ets_reconcile"
2025-05-01,"gignod","Gignod",399.486707667238,"METHOD_B_ets_reconcile"
2025-06-01,"gignod","Gignod",602.991167936209,"METHOD_B_ets_reconcile"
2025-07-01,"gignod","Gignod",1802.42036374852,"METHOD_B_ets_reconcile"
2025-08-01,"gignod","Gignod",2014.32837053124,"METHOD_B_ets_reconcile"
2025-09-01,"gignod","Gignod",590.580249931701,"METHOD_B_ets_reconcile"
2025-01-01,"gressan","Gressan",10420.0352375084,"METHOD_B_ets_reconcile"
2025-02-01,"gressan","Gressan",6436.54560888281,"METHOD_B_ets_reconcile"
2025-03-01,"gressan","Gressan",6148.01977805293,"METHOD_B_ets_reconcile"
2025-04-01,"gressan","Gressan",1436.87252448046,"METHOD_B_ets_reconcile"
2025-05-01,"gressan","Gressan",311.173887417526,"METHOD_B_ets_reconcile"
2025-06-01,"gressan","Gressan",1574.20727807454,"METHOD_B_ets_reconcile"
2025-07-01,"gressan","Gressan",4956.08419309867,"METHOD_B_ets_reconcile"
2025-08-01,"gressan","Gressan",3852.60358866887,"METHOD_B_ets_reconcile"
2025-09-01,"gressan","Gressan",578.590837937859,"METHOD_B_ets_reconcile"
2025-01-01,"gressoney la trinite","Gressoney-La-Trinité",2064.26669236287,"METHOD_B_ets_reconcile"
2025-02-01,"gressoney la trinite","Gressoney-La-Trinité",1643.65959120613,"METHOD_B_ets_reconcile"
2025-03-01,"gressoney la trinite","Gressoney-La-Trinité",3301.60191600276,"METHOD_B_ets_reconcile"
2025-04-01,"gressoney la trinite","Gressoney-La-Trinité",353.275590839642,"METHOD_B_ets_reconcile"
2025-05-01,"gressoney la trinite","Gressoney-La-Trinité",147.150239961948,"METHOD_B_ets_reconcile"
2025-06-01,"gressoney la trinite","Gressoney-La-Trinité",4354.83907482671,"METHOD_B_ets_reconcile"
2025-07-01,"gressoney la trinite","Gressoney-La-Trinité",10922.8229959735,"METHOD_B_ets_reconcile"
2025-08-01,"gressoney la trinite","Gressoney-La-Trinité",12350.5819308956,"METHOD_B_ets_reconcile"
2025-09-01,"gressoney la trinite","Gressoney-La-Trinité",3015.2283516859,"METHOD_B_ets_reconcile"
2025-01-01,"gressoney saint jean","Gressoney-Saint-Jean",4711.51186429361,"METHOD_B_ets_reconcile"
2025-02-01,"gressoney saint jean","Gressoney-Saint-Jean",4729.17395182426,"METHOD_B_ets_reconcile"
2025-03-01,"gressoney saint jean","Gressoney-Saint-Jean",3574.51700836875,"METHOD_B_ets_reconcile"
2025-04-01,"gressoney saint jean","Gressoney-Saint-Jean",1057.78122182546,"METHOD_B_ets_reconcile"
2025-05-01,"gressoney saint jean","Gressoney-Saint-Jean",525.333012127964,"METHOD_B_ets_reconcile"
2025-06-01,"gressoney saint jean","Gressoney-Saint-Jean",3307.80293440685,"METHOD_B_ets_reconcile"
2025-07-01,"gressoney saint jean","Gressoney-Saint-Jean",5572.94417340153,"METHOD_B_ets_reconcile"
2025-08-01,"gressoney saint jean","Gressoney-Saint-Jean",4546.10534934305,"METHOD_B_ets_reconcile"
2025-09-01,"gressoney saint jean","Gressoney-Saint-Jean",1777.94592927984,"METHOD_B_ets_reconcile"
2025-01-01,"hone","Hône",159.108995066452,"METHOD_B_ets_reconcile"
2025-02-01,"hone","Hône",126.010132944435,"METHOD_B_ets_reconcile"
2025-03-01,"hone","Hône",138.958860374561,"METHOD_B_ets_reconcile"
2025-04-01,"hone","Hône",96.1616628217737,"METHOD_B_ets_reconcile"
2025-05-01,"hone","Hône",91.8312670443971,"METHOD_B_ets_reconcile"
2025-06-01,"hone","Hône",82.3039623870994,"METHOD_B_ets_reconcile"
2025-07-01,"hone","Hône",75.0809613420134,"METHOD_B_ets_reconcile"
2025-08-01,"hone","Hône",77.1043664372553,"METHOD_B_ets_reconcile"
2025-09-01,"hone","Hône",81.4796101626211,"METHOD_B_ets_reconcile"
2025-01-01,"introd","Introd",625.469856372269,"METHOD_B_ets_reconcile"
2025-02-01,"introd","Introd",495.354407556675,"METHOD_B_ets_reconcile"
2025-03-01,"introd","Introd",546.255597476151,"METHOD_B_ets_reconcile"
2025-04-01,"introd","Introd",378.016597575618,"METHOD_B_ets_reconcile"
2025-05-01,"introd","Introd",360.993062627549,"METHOD_B_ets_reconcile"
2025-06-01,"introd","Introd",323.54038974634,"METHOD_B_ets_reconcile"
2025-07-01,"introd","Introd",295.146171151222,"METHOD_B_ets_reconcile"
2025-08-01,"introd","Introd",303.100004962866,"METHOD_B_ets_reconcile"
2025-09-01,"introd","Introd",320.299023982975,"METHOD_B_ets_reconcile"
2025-01-01,"issime","Issime",78.5838867243033,"METHOD_B_ets_reconcile"
2025-02-01,"issime","Issime",62.2392109115499,"METHOD_B_ets_reconcile"
2025-03-01,"issime","Issime",68.6373793000418,"METHOD_B_ets_reconcile"
2025-04-01,"issime","Issime",47.499502795513,"METHOD_B_ets_reconcile"
2025-05-01,"issime","Issime",45.3615385418834,"METHOD_B_ets_reconcile"
2025-06-01,"issime","Issime",40.6561273510159,"METHOD_B_ets_reconcile"
2025-07-01,"issime","Issime",37.0886927872034,"METHOD_B_ets_reconcile"
2025-08-01,"issime","Issime",38.0886705154153,"METHOD_B_ets_reconcile"
2025-09-01,"issime","Issime",40.2503707615722,"METHOD_B_ets_reconcile"
2025-01-01,"issogne","Issogne",17.2604422565523,"METHOD_B_ets_reconcile"
2025-02-01,"issogne","Issogne",13.6654254955063,"METHOD_B_ets_reconcile"
2025-03-01,"issogne","Issogne",15.0658034940942,"METHOD_B_ets_reconcile"
2025-04-01,"issogne","Issogne",10.4236226892245,"METHOD_B_ets_reconcile"
2025-05-01,"issogne","Issogne",9.95258283608815,"METHOD_B_ets_reconcile"
2025-06-01,"issogne","Issogne",8.9188478186985,"METHOD_B_ets_reconcile"
2025-07-01,"issogne","Issogne",8.13527140100457,"METHOD_B_ets_reconcile"
2025-08-01,"issogne","Issogne",8.35380916656385,"METHOD_B_ets_reconcile"
2025-09-01,"issogne","Issogne",8.82724525315153,"METHOD_B_ets_reconcile"
2025-01-01,"jovencan","Jovençan",775.754706417651,"METHOD_B_ets_reconcile"
2025-02-01,"jovencan","Jovençan",614.375751432065,"METHOD_B_ets_reconcile"
2025-03-01,"jovencan","Jovençan",677.507231294765,"METHOD_B_ets_reconcile"
2025-04-01,"jovencan","Jovençan",468.844584092533,"METHOD_B_ets_reconcile"
2025-05-01,"jovencan","Jovençan",447.730717099126,"METHOD_B_ets_reconcile"
2025-06-01,"jovencan","Jovençan",401.279098432748,"METHOD_B_ets_reconcile"
2025-07-01,"jovencan","Jovençan",366.062455319088,"METHOD_B_ets_reconcile"
2025-08-01,"jovencan","Jovençan",375.927397571036,"METHOD_B_ets_reconcile"
2025-09-01,"jovencan","Jovençan",397.258913094423,"METHOD_B_ets_reconcile"
2025-01-01,"la magdeleine","La Magdeleine",85.3723565407097,"METHOD_B_ets_reconcile"
2025-02-01,"la magdeleine","La Magdeleine",93.3455298905266,"METHOD_B_ets_reconcile"
2025-03-01,"la magdeleine","La Magdeleine",43.5287331763535,"METHOD_B_ets_reconcile"
2025-04-01,"la magdeleine","La Magdeleine",10.670300358835,"METHOD_B_ets_reconcile"
2025-05-01,"la magdeleine","La Magdeleine",9.30330330693747,"METHOD_B_ets_reconcile"
2025-06-01,"la magdeleine","La Magdeleine",56.4579370387766,"METHOD_B_ets_reconcile"
2025-07-01,"la magdeleine","La Magdeleine",198.775726583657,"METHOD_B_ets_reconcile"
2025-08-01,"la magdeleine","La Magdeleine",228.354998214629,"METHOD_B_ets_reconcile"
2025-09-01,"la magdeleine","La Magdeleine",51.5839147183658,"METHOD_B_ets_reconcile"
2025-01-01,"la salle","La Salle",4192.68773932827,"METHOD_B_ets_reconcile"
2025-02-01,"la salle","La Salle",3320.489916542,"METHOD_B_ets_reconcile"
2025-03-01,"la salle","La Salle",3661.69388139875,"METHOD_B_ets_reconcile"
2025-04-01,"la salle","La Salle",2533.94394273506,"METHOD_B_ets_reconcile"
2025-05-01,"la salle","La Salle",2419.83074362621,"METHOD_B_ets_reconcile"
2025-06-01,"la salle","La Salle",2168.77569949526,"METHOD_B_ets_reconcile"
2025-07-01,"la salle","La Salle",1978.44183934405,"METHOD_B_ets_reconcile"
2025-08-01,"la salle","La Salle",2031.75846389915,"METHOD_B_ets_reconcile"
2025-09-01,"la salle","La Salle",2147.0479785567,"METHOD_B_ets_reconcile"
2025-01-01,"la thuile","La Thuile",8387.97981249772,"METHOD_B_ets_reconcile"
2025-02-01,"la thuile","La Thuile",6817.44149406866,"METHOD_B_ets_reconcile"
2025-03-01,"la thuile","La Thuile",5233.70514493727,"METHOD_B_ets_reconcile"
2025-04-01,"la thuile","La Thuile",764.700075924184,"METHOD_B_ets_reconcile"
2025-05-01,"la thuile","La Thuile",92.6819818707217,"METHOD_B_ets_reconcile"
2025-06-01,"la thuile","La Thuile",4143.23634544307,"METHOD_B_ets_reconcile"
2025-07-01,"la thuile","La Thuile",7302.72237816447,"METHOD_B_ets_reconcile"
2025-08-01,"la thuile","La Thuile",10988.720844364,"METHOD_B_ets_reconcile"
2025-09-01,"la thuile","La Thuile",2588.9034145641,"METHOD_B_ets_reconcile"
2025-01-01,"lillianes","Lillianes",69.6956966391627,"METHOD_B_ets_reconcile"
2025-02-01,"lillianes","Lillianes",100.41026914222,"METHOD_B_ets_reconcile"
2025-03-01,"lillianes","Lillianes",52.5208972713486,"METHOD_B_ets_reconcile"
2025-04-01,"lillianes","Lillianes",41.5642930966865,"METHOD_B_ets_reconcile"
2025-05-01,"lillianes","Lillianes",35.3614566442344,"METHOD_B_ets_reconcile"
2025-06-01,"lillianes","Lillianes",221.02475370187,"METHOD_B_ets_reconcile"
2025-07-01,"lillianes","Lillianes",435.965323489336,"METHOD_B_ets_reconcile"
2025-08-01,"lillianes","Lillianes",457.428506907992,"METHOD_B_ets_reconcile"
2025-09-01,"lillianes","Lillianes",115.27951158797,"METHOD_B_ets_reconcile"
2025-01-01,"montjovet","Montjovet",591.370011261357,"METHOD_B_ets_reconcile"
2025-02-01,"montjovet","Montjovet",465.574499212054,"METHOD_B_ets_reconcile"
2025-03-01,"montjovet","Montjovet",510.981548108647,"METHOD_B_ets_reconcile"
2025-04-01,"montjovet","Montjovet",352.264679499214,"METHOD_B_ets_reconcile"
2025-05-01,"montjovet","Montjovet",335.379263397362,"METHOD_B_ets_reconcile"
2025-06-01,"montjovet","Montjovet",299.853514256786,"METHOD_B_ets_reconcile"
2025-07-01,"montjovet","Montjovet",273.006142280514,"METHOD_B_ets_reconcile"
2025-08-01,"montjovet","Montjovet",279.92707469999,"METHOD_B_ets_reconcile"
2025-09-01,"montjovet","Montjovet",295.442883712114,"METHOD_B_ets_reconcile"
2025-01-01,"morgex","Morgex",1704.06643171612,"METHOD_B_ets_reconcile"
2025-02-01,"morgex","Morgex",1674.49899903515,"METHOD_B_ets_reconcile"
2025-03-01,"morgex","Morgex",1579.08665391093,"METHOD_B_ets_reconcile"
2025-04-01,"morgex","Morgex",822.98026405183,"METHOD_B_ets_reconcile"
2025-05-01,"morgex","Morgex",1070.94011521404,"METHOD_B_ets_reconcile"
2025-06-01,"morgex","Morgex",1962.8121799588,"METHOD_B_ets_reconcile"
2025-07-01,"morgex","Morgex",3180.10405360769,"METHOD_B_ets_reconcile"
2025-08-01,"morgex","Morgex",4158.08386983454,"METHOD_B_ets_reconcile"
2025-09-01,"morgex","Morgex",1669.95057120918,"METHOD_B_ets_reconcile"
2025-01-01,"nus","Nus",1726.72048080004,"METHOD_B_ets_reconcile"
2025-02-01,"nus","Nus",1367.5137052066,"METHOD_B_ets_reconcile"
2025-03-01,"nus","Nus",1508.03546854277,"METHOD_B_ets_reconcile"
2025-04-01,"nus","Nus",1043.58186804077,"METHOD_B_ets_reconcile"
2025-05-01,"nus","Nus",996.585380278859,"METHOD_B_ets_reconcile"
2025-06-01,"nus","Nus",893.19063364826,"METHOD_B_ets_reconcile"
2025-07-01,"nus","Nus",814.803356811497,"METHOD_B_ets_reconcile"
2025-08-01,"nus","Nus",836.761325854326,"METHOD_B_ets_reconcile"
2025-09-01,"nus","Nus",884.242268523473,"METHOD_B_ets_reconcile"
2025-01-01,"ollomont","Ollomont",39.8504018509138,"METHOD_B_ets_reconcile"
2025-02-01,"ollomont","Ollomont",12.9374489895443,"METHOD_B_ets_reconcile"
2025-03-01,"ollomont","Ollomont",7.46972638392261,"METHOD_B_ets_reconcile"
2025-04-01,"ollomont","Ollomont",11.3299051642784,"METHOD_B_ets_reconcile"
2025-05-01,"ollomont","Ollomont",9.50359774569486,"METHOD_B_ets_reconcile"
2025-06-01,"ollomont","Ollomont",30.8527477144227,"METHOD_B_ets_reconcile"
2025-07-01,"ollomont","Ollomont",465.30133974813,"METHOD_B_ets_reconcile"
2025-08-01,"ollomont","Ollomont",592.218104385709,"METHOD_B_ets_reconcile"
2025-09-01,"ollomont","Ollomont",92.589875669627,"METHOD_B_ets_reconcile"
2025-01-01,"oyace","Oyace",3.30771380206888,"METHOD_B_ets_reconcile"
2025-02-01,"oyace","Oyace",2.61961562831202,"METHOD_B_ets_reconcile"
2025-03-01,"oyace","Oyace",2.88879977319616,"METHOD_B_ets_reconcile"
2025-04-01,"oyace","Oyace",1.99909029104,"METHOD_B_ets_reconcile"
2025-05-01,"oyace","Oyace",1.90906360001076,"METHOD_B_ets_reconcile"
2025-06-01,"oyace","Oyace",1.71100014139412,"METHOD_B_ets_reconcile"
2025-07-01,"oyace","Oyace",1.56084110848601,"METHOD_B_ets_reconcile"
2025-08-01,"oyace","Oyace",1.60290389634078,"METHOD_B_ets_reconcile"
2025-09-01,"oyace","Oyace",1.69385861144858,"METHOD_B_ets_reconcile"
2025-01-01,"perloz","Perloz",80.0302387238191,"METHOD_B_ets_reconcile"
2025-02-01,"perloz","Perloz",63.5810618278735,"METHOD_B_ets_reconcile"
2025-03-01,"perloz","Perloz",70.3146223268334,"METHOD_B_ets_reconcile"
2025-04-01,"perloz","Perloz",48.7847691449891,"METHOD_B_ets_reconcile"
2025-05-01,"perloz","Perloz",46.6973334880672,"METHOD_B_ets_reconcile"
2025-06-01,"perloz","Perloz",41.9418291893711,"METHOD_B_ets_reconcile"
2025-07-01,"perloz","Perloz",38.3350605850966,"METHOD_B_ets_reconcile"
2025-08-01,"perloz","Perloz",39.4373279607753,"METHOD_B_ets_reconcile"
2025-09-01,"perloz","Perloz",41.7416163819186,"METHOD_B_ets_reconcile"
2025-01-01,"pollein","Pollein",4101.18132866014,"METHOD_B_ets_reconcile"
2025-02-01,"pollein","Pollein",3248.01943154205,"METHOD_B_ets_reconcile"
2025-03-01,"pollein","Pollein",3581.77653842345,"METHOD_B_ets_reconcile"
2025-04-01,"pollein","Pollein",2478.64001135498,"METHOD_B_ets_reconcile"
2025-05-01,"pollein","Pollein",2367.01736005449,"METHOD_B_ets_reconcile"
2025-06-01,"pollein","Pollein",2121.4416521863,"METHOD_B_ets_reconcile"
2025-07-01,"pollein","Pollein",1935.26187396389,"METHOD_B_ets_reconcile"
2025-08-01,"pollein","Pollein",1987.41485046187,"METHOD_B_ets_reconcile"
2025-09-01,"pollein","Pollein",2100.18814394344,"METHOD_B_ets_reconcile"
2025-01-01,"pont saint martin","Pont-Saint-Martin",485.39576215134,"METHOD_B_ets_reconcile"
2025-02-01,"pont saint martin","Pont-Saint-Martin",546.197040158688,"METHOD_B_ets_reconcile"
2025-03-01,"pont saint martin","Pont-Saint-Martin",625.675711024537,"METHOD_B_ets_reconcile"
2025-04-01,"pont saint martin","Pont-Saint-Martin",484.550120731351,"METHOD_B_ets_reconcile"
2025-05-01,"pont saint martin","Pont-Saint-Martin",583.873897078883,"METHOD_B_ets_reconcile"
2025-06-01,"pont saint martin","Pont-Saint-Martin",727.880826558271,"METHOD_B_ets_reconcile"
2025-07-01,"pont saint martin","Pont-Saint-Martin",1016.27724838772,"METHOD_B_ets_reconcile"
2025-08-01,"pont saint martin","Pont-Saint-Martin",1190.57115164325,"METHOD_B_ets_reconcile"
2025-09-01,"pont saint martin","Pont-Saint-Martin",762.060332082686,"METHOD_B_ets_reconcile"
2025-01-01,"pontboset","Pontboset",157.474894064458,"METHOD_B_ets_reconcile"
2025-02-01,"pontboset","Pontboset",152.725936188595,"METHOD_B_ets_reconcile"
2025-03-01,"pontboset","Pontboset",110.336610101941,"METHOD_B_ets_reconcile"
2025-04-01,"pontboset","Pontboset",43.6163712558806,"METHOD_B_ets_reconcile"
2025-05-01,"pontboset","Pontboset",62.7861209894121,"METHOD_B_ets_reconcile"
2025-06-01,"pontboset","Pontboset",136.276808643917,"METHOD_B_ets_reconcile"
2025-07-01,"pontboset","Pontboset",358.114509909684,"METHOD_B_ets_reconcile"
2025-08-01,"pontboset","Pontboset",390.902309188873,"METHOD_B_ets_reconcile"
2025-09-01,"pontboset","Pontboset",107.177646330094,"METHOD_B_ets_reconcile"
2025-01-01,"pontey","Pontey",80.2478894784287,"METHOD_B_ets_reconcile"
2025-02-01,"pontey","Pontey",46.6053129463121,"METHOD_B_ets_reconcile"
2025-03-01,"pontey","Pontey",51.0175173917806,"METHOD_B_ets_reconcile"
2025-04-01,"pontey","Pontey",49.2515061618477,"METHOD_B_ets_reconcile"
2025-05-01,"pontey","Pontey",34.3015175346587,"METHOD_B_ets_reconcile"
2025-06-01,"pontey","Pontey",93.4603147899001,"METHOD_B_ets_reconcile"
2025-07-01,"pontey","Pontey",173.647240467667,"METHOD_B_ets_reconcile"
2025-08-01,"pontey","Pontey",286.753983231661,"METHOD_B_ets_reconcile"
2025-09-01,"pontey","Pontey",48.4799548148708,"METHOD_B_ets_reconcile"
2025-01-01,"pre saint didier","Pré-Saint-Didier",8780.35676803874,"METHOD_B_ets_reconcile"
2025-02-01,"pre saint didier","Pré-Saint-Didier",6953.79382500473,"METHOD_B_ets_reconcile"
2025-03-01,"pre saint didier","Pré-Saint-Didier",7668.34561812053,"METHOD_B_ets_reconcile"
2025-04-01,"pre saint didier","Pré-Saint-Didier",5306.60359910066,"METHOD_B_ets_reconcile"
2025-05-01,"pre saint didier","Pré-Saint-Didier",5067.62691817128,"METHOD_B_ets_reconcile"
2025-06-01,"pre saint didier","Pré-Saint-Didier",4541.86564212676,"METHOD_B_ets_reconcile"
2025-07-01,"pre saint didier","Pré-Saint-Didier",4143.26710556287,"METHOD_B_ets_reconcile"
2025-08-01,"pre saint didier","Pré-Saint-Didier",4254.9231635302,"METHOD_B_ets_reconcile"
2025-09-01,"pre saint didier","Pré-Saint-Didier",4496.36329292783,"METHOD_B_ets_reconcile"
2025-01-01,"quart","Quart",1224.27988816241,"METHOD_B_ets_reconcile"
2025-02-01,"quart","Quart",969.594989280017,"METHOD_B_ets_reconcile"
2025-03-01,"quart","Quart",1069.22777328561,"METHOD_B_ets_reconcile"
2025-04-01,"quart","Quart",739.920738127407,"METHOD_B_ets_reconcile"
2025-05-01,"quart","Quart",706.599273871349,"METHOD_B_ets_reconcile"
2025-06-01,"quart","Quart",633.290298707725,"METHOD_B_ets_reconcile"
2025-07-01,"quart","Quart",577.712127494627,"METHOD_B_ets_reconcile"
2025-08-01,"quart","Quart",593.280773481598,"METHOD_B_ets_reconcile"
2025-09-01,"quart","Quart",626.945726105485,"METHOD_B_ets_reconcile"
2025-01-01,"rhemes notre dame","Rhêmes-Notre-Dame",1718.12711536104,"METHOD_B_ets_reconcile"
2025-02-01,"rhemes notre dame","Rhêmes-Notre-Dame",1936.42697794898,"METHOD_B_ets_reconcile"
2025-03-01,"rhemes notre dame","Rhêmes-Notre-Dame",1491.63104304032,"METHOD_B_ets_reconcile"
2025-04-01,"rhemes notre dame","Rhêmes-Notre-Dame",520.43382837375,"METHOD_B_ets_reconcile"
2025-05-01,"rhemes notre dame","Rhêmes-Notre-Dame",161.646521654168,"METHOD_B_ets_reconcile"
2025-06-01,"rhemes notre dame","Rhêmes-Notre-Dame",1597.92266771784,"METHOD_B_ets_reconcile"
2025-07-01,"rhemes notre dame","Rhêmes-Notre-Dame",2774.9061685465,"METHOD_B_ets_reconcile"
2025-08-01,"rhemes notre dame","Rhêmes-Notre-Dame",2627.80472126434,"METHOD_B_ets_reconcile"
2025-09-01,"rhemes notre dame","Rhêmes-Notre-Dame",1299.64776641114,"METHOD_B_ets_reconcile"
2025-01-01,"rhemes saint georges","Rhêmes-Saint-Georges",202.741192861178,"METHOD_B_ets_reconcile"
2025-02-01,"rhemes saint georges","Rhêmes-Saint-Georges",131.863213007951,"METHOD_B_ets_reconcile"
2025-03-01,"rhemes saint georges","Rhêmes-Saint-Georges",47.4311915273057,"METHOD_B_ets_reconcile"
2025-04-01,"rhemes saint georges","Rhêmes-Saint-Georges",31.9724785094848,"METHOD_B_ets_reconcile"
2025-05-01,"rhemes saint georges","Rhêmes-Saint-Georges",90.845460853242,"METHOD_B_ets_reconcile"
2025-06-01,"rhemes saint georges","Rhêmes-Saint-Georges",420.43489713253,"METHOD_B_ets_reconcile"
2025-07-01,"rhemes saint georges","Rhêmes-Saint-Georges",2392.5432998622,"METHOD_B_ets_reconcile"
2025-08-01,"rhemes saint georges","Rhêmes-Saint-Georges",2541.63199135744,"METHOD_B_ets_reconcile"
2025-09-01,"rhemes saint georges","Rhêmes-Saint-Georges",245.056979689677,"METHOD_B_ets_reconcile"
2025-01-01,"roisan","Roisan",102.97954972045,"METHOD_B_ets_reconcile"
2025-02-01,"roisan","Roisan",251.213578699841,"METHOD_B_ets_reconcile"
2025-03-01,"roisan","Roisan",114.458234767653,"METHOD_B_ets_reconcile"
2025-04-01,"roisan","Roisan",83.3017387841603,"METHOD_B_ets_reconcile"
2025-05-01,"roisan","Roisan",39.2801525363665,"METHOD_B_ets_reconcile"
2025-06-01,"roisan","Roisan",768.796313192315,"METHOD_B_ets_reconcile"
2025-07-01,"roisan","Roisan",878.184378655648,"METHOD_B_ets_reconcile"
2025-08-01,"roisan","Roisan",782.272412156572,"METHOD_B_ets_reconcile"
2025-09-01,"roisan","Roisan",433.354737937334,"METHOD_B_ets_reconcile"
2025-01-01,"saint christophe","Saint-Christophe",903.237618647385,"METHOD_B_ets_reconcile"
2025-02-01,"saint christophe","Saint-Christophe",757.450359374076,"METHOD_B_ets_reconcile"
2025-03-01,"saint christophe","Saint-Christophe",661.338094168115,"METHOD_B_ets_reconcile"
2025-04-01,"saint christophe","Saint-Christophe",496.725138385467,"METHOD_B_ets_reconcile"
2025-05-01,"saint christophe","Saint-Christophe",523.439098529462,"METHOD_B_ets_reconcile"
2025-06-01,"saint christophe","Saint-Christophe",490.796846275085,"METHOD_B_ets_reconcile"
2025-07-01,"saint christophe","Saint-Christophe",709.787103932491,"METHOD_B_ets_reconcile"
2025-08-01,"saint christophe","Saint-Christophe",837.571918021361,"METHOD_B_ets_reconcile"
2025-09-01,"saint christophe","Saint-Christophe",562.042915109493,"METHOD_B_ets_reconcile"
2025-01-01,"saint denis","Saint-Denis",48.7113767279596,"METHOD_B_ets_reconcile"
2025-02-01,"saint denis","Saint-Denis",42.3138222654847,"METHOD_B_ets_reconcile"
2025-03-01,"saint denis","Saint-Denis",51.1686965530153,"METHOD_B_ets_reconcile"
2025-04-01,"saint denis","Saint-Denis",38.8213466400751,"METHOD_B_ets_reconcile"
2025-05-01,"saint denis","Saint-Denis",40.6375088087727,"METHOD_B_ets_reconcile"
2025-06-01,"saint denis","Saint-Denis",39.9162605864847,"METHOD_B_ets_reconcile"
2025-07-01,"saint denis","Saint-Denis",39.9009262165373,"METHOD_B_ets_reconcile"
2025-08-01,"saint denis","Saint-Denis",44.8945583827621,"METHOD_B_ets_reconcile"
2025-09-01,"saint denis","Saint-Denis",51.9718666868751,"METHOD_B_ets_reconcile"
2025-01-01,"saint marcel","Saint-Marcel",185.261762433034,"METHOD_B_ets_reconcile"
2025-02-01,"saint marcel","Saint-Marcel",146.722067639182,"METHOD_B_ets_reconcile"
2025-03-01,"saint marcel","Saint-Marcel",161.798804045177,"METHOD_B_ets_reconcile"
2025-04-01,"saint marcel","Saint-Marcel",111.967060254485,"METHOD_B_ets_reconcile"
2025-05-01,"saint marcel","Saint-Marcel",106.924754769755,"METHOD_B_ets_reconcile"
2025-06-01,"saint marcel","Saint-Marcel",95.8314173129436,"METHOD_B_ets_reconcile"
2025-07-01,"saint marcel","Saint-Marcel",87.421159126641,"METHOD_B_ets_reconcile"
2025-08-01,"saint marcel","Saint-Marcel",89.7770540671121,"METHOD_B_ets_reconcile"
2025-09-01,"saint marcel","Saint-Marcel",94.8713372580963,"METHOD_B_ets_reconcile"
2025-01-01,"saint nicolas","Saint-Nicolas",775.147518467855,"METHOD_B_ets_reconcile"
2025-02-01,"saint nicolas","Saint-Nicolas",613.894875776616,"METHOD_B_ets_reconcile"
2025-03-01,"saint nicolas","Saint-Nicolas",676.976942244194,"METHOD_B_ets_reconcile"
2025-04-01,"saint nicolas","Saint-Nicolas",468.477616571185,"METHOD_B_ets_reconcile"
2025-05-01,"saint nicolas","Saint-Nicolas",447.380275530513,"METHOD_B_ets_reconcile"
2025-06-01,"saint nicolas","Saint-Nicolas",400.965014829958,"METHOD_B_ets_reconcile"
2025-07-01,"saint nicolas","Saint-Nicolas",365.775935998092,"METHOD_B_ets_reconcile"
2025-08-01,"saint nicolas","Saint-Nicolas",375.633156899449,"METHOD_B_ets_reconcile"
2025-09-01,"saint nicolas","Saint-Nicolas",396.947976115267,"METHOD_B_ets_reconcile"
2025-01-01,"saint oyen","Saint-Oyen",355.683671168983,"METHOD_B_ets_reconcile"
2025-02-01,"saint oyen","Saint-Oyen",506.939232960607,"METHOD_B_ets_reconcile"
2025-03-01,"saint oyen","Saint-Oyen",423.878157752253,"METHOD_B_ets_reconcile"
2025-04-01,"saint oyen","Saint-Oyen",166.51217392075,"METHOD_B_ets_reconcile"
2025-05-01,"saint oyen","Saint-Oyen",108.397512862337,"METHOD_B_ets_reconcile"
2025-06-01,"saint oyen","Saint-Oyen",689.009993965535,"METHOD_B_ets_reconcile"
2025-07-01,"saint oyen","Saint-Oyen",2079.45024699724,"METHOD_B_ets_reconcile"
2025-08-01,"saint oyen","Saint-Oyen",1989.77408971189,"METHOD_B_ets_reconcile"
2025-09-01,"saint oyen","Saint-Oyen",503.659007425821,"METHOD_B_ets_reconcile"
2025-01-01,"saint pierre","Saint-Pierre",1262.86613689896,"METHOD_B_ets_reconcile"
2025-02-01,"saint pierre","Saint-Pierre",963.290395069606,"METHOD_B_ets_reconcile"
2025-03-01,"saint pierre","Saint-Pierre",923.279889951158,"METHOD_B_ets_reconcile"
2025-04-01,"saint pierre","Saint-Pierre",546.067417582591,"METHOD_B_ets_reconcile"
2025-05-01,"saint pierre","Saint-Pierre",684.901626945255,"METHOD_B_ets_reconcile"
2025-06-01,"saint pierre","Saint-Pierre",1124.98711623552,"METHOD_B_ets_reconcile"
2025-07-01,"saint pierre","Saint-Pierre",1759.99528362395,"METHOD_B_ets_reconcile"
2025-08-01,"saint pierre","Saint-Pierre",1656.48477528453,"METHOD_B_ets_reconcile"
2025-09-01,"saint pierre","Saint-Pierre",1114.19934158602,"METHOD_B_ets_reconcile"
2025-01-01,"saint rhemy en bosses","Saint-Rhémy-en-Bosses",412.451841677713,"METHOD_B_ets_reconcile"
2025-02-01,"saint rhemy en bosses","Saint-Rhémy-en-Bosses",608.756710153574,"METHOD_B_ets_reconcile"
2025-03-01,"saint rhemy en bosses","Saint-Rhémy-en-Bosses",446.67502385623,"METHOD_B_ets_reconcile"
2025-04-01,"saint rhemy en bosses","Saint-Rhémy-en-Bosses",103.874602316986,"METHOD_B_ets_reconcile"
2025-05-01,"saint rhemy en bosses","Saint-Rhémy-en-Bosses",93.5857889324062,"METHOD_B_ets_reconcile"
2025-06-01,"saint rhemy en bosses","Saint-Rhémy-en-Bosses",317.168829059845,"METHOD_B_ets_reconcile"
2025-07-01,"saint rhemy en bosses","Saint-Rhémy-en-Bosses",1484.84787798438,"METHOD_B_ets_reconcile"
2025-08-01,"saint rhemy en bosses","Saint-Rhémy-en-Bosses",1591.21522857122,"METHOD_B_ets_reconcile"
2025-09-01,"saint rhemy en bosses","Saint-Rhémy-en-Bosses",474.022254046075,"METHOD_B_ets_reconcile"
2025-01-01,"saint vincent","Saint-Vincent",10249.5552632742,"METHOD_B_ets_reconcile"
2025-02-01,"saint vincent","Saint-Vincent",8117.35741288349,"METHOD_B_ets_reconcile"
2025-03-01,"saint vincent","Saint-Vincent",8951.47364363524,"METHOD_B_ets_reconcile"
2025-04-01,"saint vincent","Saint-Vincent",6194.54633634678,"METHOD_B_ets_reconcile"
2025-05-01,"saint vincent","Saint-Vincent",5915.58219371245,"METHOD_B_ets_reconcile"
2025-06-01,"saint vincent","Saint-Vincent",5301.84639726695,"METHOD_B_ets_reconcile"
2025-07-01,"saint vincent","Saint-Vincent",4836.5512120823,"METHOD_B_ets_reconcile"
2025-08-01,"saint vincent","Saint-Vincent",4966.89044166593,"METHOD_B_ets_reconcile"
2025-09-01,"saint vincent","Saint-Vincent",5248.73023638145,"METHOD_B_ets_reconcile"
2025-01-01,"sarre","Sarre",1475.7468727958,"METHOD_B_ets_reconcile"
2025-02-01,"sarre","Sarre",1063.84142140702,"METHOD_B_ets_reconcile"
2025-03-01,"sarre","Sarre",1002.49736719137,"METHOD_B_ets_reconcile"
2025-04-01,"sarre","Sarre",561.964342604473,"METHOD_B_ets_reconcile"
2025-05-01,"sarre","Sarre",1251.40025982033,"METHOD_B_ets_reconcile"
2025-06-01,"sarre","Sarre",2670.79349224338,"METHOD_B_ets_reconcile"
2025-07-01,"sarre","Sarre",4443.11796982735,"METHOD_B_ets_reconcile"
2025-08-01,"sarre","Sarre",4357.25298447807,"METHOD_B_ets_reconcile"
2025-09-01,"sarre","Sarre",2400.4881914508,"METHOD_B_ets_reconcile"
2025-01-01,"torgnon","Torgnon",3987.02707666406,"METHOD_B_ets_reconcile"
2025-02-01,"torgnon","Torgnon",4295.62637405227,"METHOD_B_ets_reconcile"
2025-03-01,"torgnon","Torgnon",3132.19464648264,"METHOD_B_ets_reconcile"
2025-04-01,"torgnon","Torgnon",702.589896140307,"METHOD_B_ets_reconcile"
2025-05-01,"torgnon","Torgnon",477.141003359662,"METHOD_B_ets_reconcile"
2025-06-01,"torgnon","Torgnon",1753.36569116616,"METHOD_B_ets_reconcile"
2025-07-01,"torgnon","Torgnon",5018.06796794496,"METHOD_B_ets_reconcile"
2025-08-01,"torgnon","Torgnon",3716.67956879073,"METHOD_B_ets_reconcile"
2025-09-01,"torgnon","Torgnon",748.689146247141,"METHOD_B_ets_reconcile"
2025-01-01,"valgrisenche","Valgrisenche",728.031389612519,"METHOD_B_ets_reconcile"
2025-02-01,"valgrisenche","Valgrisenche",1074.50510839322,"METHOD_B_ets_reconcile"
2025-03-01,"valgrisenche","Valgrisenche",1141.02729499833,"METHOD_B_ets_reconcile"
2025-04-01,"valgrisenche","Valgrisenche",680.183231760917,"METHOD_B_ets_reconcile"
2025-05-01,"valgrisenche","Valgrisenche",381.384207535314,"METHOD_B_ets_reconcile"
2025-06-01,"valgrisenche","Valgrisenche",2066.31670068398,"METHOD_B_ets_reconcile"
2025-07-01,"valgrisenche","Valgrisenche",10372.8581348782,"METHOD_B_ets_reconcile"
2025-08-01,"valgrisenche","Valgrisenche",11014.70815197,"METHOD_B_ets_reconcile"
2025-09-01,"valgrisenche","Valgrisenche",2349.52205523645,"METHOD_B_ets_reconcile"
2025-01-01,"valpelline","Valpelline",406.131246808038,"METHOD_B_ets_reconcile"
2025-02-01,"valpelline","Valpelline",321.644442339219,"METHOD_B_ets_reconcile"
2025-03-01,"valpelline","Valpelline",354.695697352386,"METHOD_B_ets_reconcile"
2025-04-01,"valpelline","Valpelline",245.454438009148,"METHOD_B_ets_reconcile"
2025-05-01,"valpelline","Valpelline",234.400684733748,"METHOD_B_ets_reconcile"
2025-06-01,"valpelline","Valpelline",210.081845738434,"METHOD_B_ets_reconcile"
2025-07-01,"valpelline","Valpelline",191.644859075224,"METHOD_B_ets_reconcile"
2025-08-01,"valpelline","Valpelline",196.80945719281,"METHOD_B_ets_reconcile"
2025-09-01,"valpelline","Valpelline",207.977156111229,"METHOD_B_ets_reconcile"
2025-01-01,"valsavarenche","Valsavarenche",202.790507126035,"METHOD_B_ets_reconcile"
2025-02-01,"valsavarenche","Valsavarenche",171.242009475401,"METHOD_B_ets_reconcile"
2025-03-01,"valsavarenche","Valsavarenche",355.396385083371,"METHOD_B_ets_reconcile"
2025-04-01,"valsavarenche","Valsavarenche",1039.89920829145,"METHOD_B_ets_reconcile"
2025-05-01,"valsavarenche","Valsavarenche",1151.25179182768,"METHOD_B_ets_reconcile"
2025-06-01,"valsavarenche","Valsavarenche",7406.1148796428,"METHOD_B_ets_reconcile"
2025-07-01,"valsavarenche","Valsavarenche",16292.3049161647,"METHOD_B_ets_reconcile"
2025-08-01,"valsavarenche","Valsavarenche",17597.1927333677,"METHOD_B_ets_reconcile"
2025-09-01,"valsavarenche","Valsavarenche",4146.66286788419,"METHOD_B_ets_reconcile"
2025-01-01,"valtournenche","Valtournenche",18201.31166527,"METHOD_B_ets_reconcile"
2025-02-01,"valtournenche","Valtournenche",21858.4398928249,"METHOD_B_ets_reconcile"
2025-03-01,"valtournenche","Valtournenche",23523.8579998862,"METHOD_B_ets_reconcile"
2025-04-01,"valtournenche","Valtournenche",14032.3151815653,"METHOD_B_ets_reconcile"
2025-05-01,"valtournenche","Valtournenche",2916.52443526756,"METHOD_B_ets_reconcile"
2025-06-01,"valtournenche","Valtournenche",9353.7317036006,"METHOD_B_ets_reconcile"
2025-07-01,"valtournenche","Valtournenche",33888.5669324496,"METHOD_B_ets_reconcile"
2025-08-01,"valtournenche","Valtournenche",29193.0069866606,"METHOD_B_ets_reconcile"
2025-09-01,"valtournenche","Valtournenche",4088.57985802016,"METHOD_B_ets_reconcile"
2025-01-01,"verrayes","Verrayes",527.573018857975,"METHOD_B_ets_reconcile"
2025-02-01,"verrayes","Verrayes",417.906089901943,"METHOD_B_ets_reconcile"
2025-03-01,"verrayes","Verrayes",460.926664782562,"METHOD_B_ets_reconcile"
2025-04-01,"verrayes","Verrayes",319.013361200631,"METHOD_B_ets_reconcile"
2025-05-01,"verrayes","Verrayes",304.683859616176,"METHOD_B_ets_reconcile"
2025-06-01,"verrayes","Verrayes",273.101226730064,"METHOD_B_ets_reconcile"
2025-07-01,"verrayes","Verrayes",249.155252776656,"METHOD_B_ets_reconcile"
2025-08-01,"verrayes","Verrayes",255.888529082324,"METHOD_B_ets_reconcile"
2025-09-01,"verrayes","Verrayes",270.425464448504,"METHOD_B_ets_reconcile"
2025-01-01,"verres","Verrès",158.46789332734,"METHOD_B_ets_reconcile"
2025-02-01,"verres","Verrès",82.6806630519138,"METHOD_B_ets_reconcile"
2025-03-01,"verres","Verrès",79.2543691094512,"METHOD_B_ets_reconcile"
2025-04-01,"verres","Verrès",98.1854691811817,"METHOD_B_ets_reconcile"
2025-05-01,"verres","Verrès",156.031555315048,"METHOD_B_ets_reconcile"
2025-06-01,"verres","Verrès",199.517385296696,"METHOD_B_ets_reconcile"
2025-07-01,"verres","Verrès",286.442346012853,"METHOD_B_ets_reconcile"
2025-08-01,"verres","Verrès",417.800290773336,"METHOD_B_ets_reconcile"
2025-09-01,"verres","Verrès",205.625663532136,"METHOD_B_ets_reconcile"
2025-01-01,"villeneuve","Villeneuve",535.048998401027,"METHOD_B_ets_reconcile"
2025-02-01,"villeneuve","Villeneuve",423.743649540462,"METHOD_B_ets_reconcile"
2025-03-01,"villeneuve","Villeneuve",467.286324549289,"METHOD_B_ets_reconcile"
2025-04-01,"villeneuve","Villeneuve",323.368744074884,"METHOD_B_ets_reconcile"
2025-05-01,"villeneuve","Villeneuve",308.806211235911,"METHOD_B_ets_reconcile"
2025-06-01,"villeneuve","Villeneuve",276.76787252402,"METHOD_B_ets_reconcile"
2025-07-01,"villeneuve","Villeneuve",252.478455432343,"METHOD_B_ets_reconcile"
2025-08-01,"villeneuve","Villeneuve",259.282445698239,"METHOD_B_ets_reconcile"
2025-09-01,"villeneuve","Villeneuve",273.995093808194,"METHOD_B_ets_reconcile"
2025-01-01,"allein","Allein",19.4713842793408,"METHOD_C_base+shrunkA_l0.10"
2025-02-01,"allein","Allein",4.23461355789133,"METHOD_C_base+shrunkA_l0.10"
2025-03-01,"allein","Allein",7.69641748575053,"METHOD_C_base+shrunkA_l0.10"
2025-04-01,"allein","Allein",12.0976900573152,"METHOD_C_base+shrunkA_l0.10"
2025-05-01,"allein","Allein",1.26120198053328,"METHOD_C_base+shrunkA_l0.10"
2025-06-01,"allein","Allein",25.0085004290497,"METHOD_C_base+shrunkA_l0.10"
2025-07-01,"allein","Allein",87.6883431632917,"METHOD_C_base+shrunkA_l0.10"
2025-08-01,"allein","Allein",95.9869021031271,"METHOD_C_base+shrunkA_l0.10"
2025-09-01,"allein","Allein",10.2486787538034,"METHOD_C_base+shrunkA_l0.10"
2025-01-01,"antey saint andre","Antey-Saint-André",2735.21466957134,"METHOD_C_base+shrunkA_l0.10"
2025-02-01,"antey saint andre","Antey-Saint-André",2754.15576856718,"METHOD_C_base+shrunkA_l0.10"
2025-03-01,"antey saint andre","Antey-Saint-André",2420.48053931113,"METHOD_C_base+shrunkA_l0.10"
2025-04-01,"antey saint andre","Antey-Saint-André",1164.31580484827,"METHOD_C_base+shrunkA_l0.10"
2025-05-01,"antey saint andre","Antey-Saint-André",399.154292872211,"METHOD_C_base+shrunkA_l0.10"
2025-06-01,"antey saint andre","Antey-Saint-André",1535.34109133677,"METHOD_C_base+shrunkA_l0.10"
2025-07-01,"antey saint andre","Antey-Saint-André",3281.91928878166,"METHOD_C_base+shrunkA_l0.10"
2025-08-01,"antey saint andre","Antey-Saint-André",3734.17866764233,"METHOD_C_base+shrunkA_l0.10"
2025-09-01,"antey saint andre","Antey-Saint-André",1171.22270134446,"METHOD_C_base+shrunkA_l0.10"
2025-01-01,"aosta","Aosta",12280.644690025,"METHOD_C_base+shrunkA_l0.10"
2025-02-01,"aosta","Aosta",11364.932401321,"METHOD_C_base+shrunkA_l0.10"
2025-03-01,"aosta","Aosta",10191.3624676285,"METHOD_C_base+shrunkA_l0.10"
2025-04-01,"aosta","Aosta",9796.669638415,"METHOD_C_base+shrunkA_l0.10"
2025-05-01,"aosta","Aosta",12795.498340849,"METHOD_C_base+shrunkA_l0.10"
2025-06-01,"aosta","Aosta",12572.1802907811,"METHOD_C_base+shrunkA_l0.10"
2025-07-01,"aosta","Aosta",17578.1595755668,"METHOD_C_base+shrunkA_l0.10"
2025-08-01,"aosta","Aosta",17997.3794221924,"METHOD_C_base+shrunkA_l0.10"
2025-09-01,"aosta","Aosta",12057.3152862996,"METHOD_C_base+shrunkA_l0.10"
2025-01-01,"arnad","Arnad",234.902540853627,"METHOD_C_base+shrunkA_l0.10"
2025-02-01,"arnad","Arnad",240.481786693494,"METHOD_C_base+shrunkA_l0.10"
2025-03-01,"arnad","Arnad",245.499159311079,"METHOD_C_base+shrunkA_l0.10"
2025-04-01,"arnad","Arnad",199.42483612783,"METHOD_C_base+shrunkA_l0.10"
2025-05-01,"arnad","Arnad",366.289090140749,"METHOD_C_base+shrunkA_l0.10"
2025-06-01,"arnad","Arnad",417.600237892666,"METHOD_C_base+shrunkA_l0.10"
2025-07-01,"arnad","Arnad",594.691092269637,"METHOD_C_base+shrunkA_l0.10"
2025-08-01,"arnad","Arnad",706.8092896923,"METHOD_C_base+shrunkA_l0.10"
2025-09-01,"arnad","Arnad",290.895634081552,"METHOD_C_base+shrunkA_l0.10"
2025-01-01,"arvier","Arvier",681.630515103677,"METHOD_C_base+shrunkA_l0.10"
2025-02-01,"arvier","Arvier",844.033956772721,"METHOD_C_base+shrunkA_l0.10"
2025-03-01,"arvier","Arvier",576.322080052256,"METHOD_C_base+shrunkA_l0.10"
2025-04-01,"arvier","Arvier",420.279995775106,"METHOD_C_base+shrunkA_l0.10"
2025-05-01,"arvier","Arvier",270.067529507118,"METHOD_C_base+shrunkA_l0.10"
2025-06-01,"arvier","Arvier",808.269850273866,"METHOD_C_base+shrunkA_l0.10"
2025-07-01,"arvier","Arvier",2411.49961480906,"METHOD_C_base+shrunkA_l0.10"
2025-08-01,"arvier","Arvier",2644.40617621166,"METHOD_C_base+shrunkA_l0.10"
2025-09-01,"arvier","Arvier",629.330360064795,"METHOD_C_base+shrunkA_l0.10"
2025-01-01,"avise","Avise",80.1982960151057,"METHOD_C_base+shrunkA_l0.10"
2025-02-01,"avise","Avise",100.80562544707,"METHOD_C_base+shrunkA_l0.10"
2025-03-01,"avise","Avise",77.6963178682585,"METHOD_C_base+shrunkA_l0.10"
2025-04-01,"avise","Avise",21.0135811720479,"METHOD_C_base+shrunkA_l0.10"
2025-05-01,"avise","Avise",20.531949863784,"METHOD_C_base+shrunkA_l0.10"
2025-06-01,"avise","Avise",100.307658295773,"METHOD_C_base+shrunkA_l0.10"
2025-07-01,"avise","Avise",215.368382885977,"METHOD_C_base+shrunkA_l0.10"
2025-08-01,"avise","Avise",215.553401737144,"METHOD_C_base+shrunkA_l0.10"
2025-09-01,"avise","Avise",91.5806251997099,"METHOD_C_base+shrunkA_l0.10"
2025-01-01,"ayas","Ayas",12423.8954942308,"METHOD_C_base+shrunkA_l0.10"
2025-02-01,"ayas","Ayas",11035.6361427435,"METHOD_C_base+shrunkA_l0.10"
2025-03-01,"ayas","Ayas",9496.31070243748,"METHOD_C_base+shrunkA_l0.10"
2025-04-01,"ayas","Ayas",2281.69319144409,"METHOD_C_base+shrunkA_l0.10"
2025-05-01,"ayas","Ayas",764.846361292053,"METHOD_C_base+shrunkA_l0.10"
2025-06-01,"ayas","Ayas",5433.63069221921,"METHOD_C_base+shrunkA_l0.10"
2025-07-01,"ayas","Ayas",12577.9009012932,"METHOD_C_base+shrunkA_l0.10"
2025-08-01,"ayas","Ayas",12816.251443078,"METHOD_C_base+shrunkA_l0.10"
2025-09-01,"ayas","Ayas",5063.98981511901,"METHOD_C_base+shrunkA_l0.10"
2025-01-01,"aymavilles","Aymavilles",572.758854945086,"METHOD_C_base+shrunkA_l0.10"
2025-02-01,"aymavilles","Aymavilles",552.417035900459,"METHOD_C_base+shrunkA_l0.10"
2025-03-01,"aymavilles","Aymavilles",329.724369681694,"METHOD_C_base+shrunkA_l0.10"
2025-04-01,"aymavilles","Aymavilles",315.799825218447,"METHOD_C_base+shrunkA_l0.10"
2025-05-01,"aymavilles","Aymavilles",239.796262161368,"METHOD_C_base+shrunkA_l0.10"
2025-06-01,"aymavilles","Aymavilles",435.731226710017,"METHOD_C_base+shrunkA_l0.10"
2025-07-01,"aymavilles","Aymavilles",1070.31094344876,"METHOD_C_base+shrunkA_l0.10"
2025-08-01,"aymavilles","Aymavilles",1231.91559677599,"METHOD_C_base+shrunkA_l0.10"
2025-09-01,"aymavilles","Aymavilles",356.004022876908,"METHOD_C_base+shrunkA_l0.10"
2025-01-01,"bard","Bard",597.777568508995,"METHOD_C_base+shrunkA_l0.10"
2025-02-01,"bard","Bard",542.279831771873,"METHOD_C_base+shrunkA_l0.10"
2025-03-01,"bard","Bard",349.16794956869,"METHOD_C_base+shrunkA_l0.10"
2025-04-01,"bard","Bard",302.430785593364,"METHOD_C_base+shrunkA_l0.10"
2025-05-01,"bard","Bard",645.937313039321,"METHOD_C_base+shrunkA_l0.10"
2025-06-01,"bard","Bard",338.189064764085,"METHOD_C_base+shrunkA_l0.10"
2025-07-01,"bard","Bard",941.431761142498,"METHOD_C_base+shrunkA_l0.10"
2025-08-01,"bard","Bard",1205.43057855476,"METHOD_C_base+shrunkA_l0.10"
2025-09-01,"bard","Bard",633.961718563266,"METHOD_C_base+shrunkA_l0.10"
2025-01-01,"bionaz","Bionaz",180.345106833402,"METHOD_C_base+shrunkA_l0.10"
2025-02-01,"bionaz","Bionaz",137.067166431338,"METHOD_C_base+shrunkA_l0.10"
2025-03-01,"bionaz","Bionaz",416.797033914371,"METHOD_C_base+shrunkA_l0.10"
2025-04-01,"bionaz","Bionaz",632.406929447805,"METHOD_C_base+shrunkA_l0.10"
2025-05-01,"bionaz","Bionaz",181.728418152333,"METHOD_C_base+shrunkA_l0.10"
2025-06-01,"bionaz","Bionaz",601.743129934951,"METHOD_C_base+shrunkA_l0.10"
2025-07-01,"bionaz","Bionaz",2803.41667963241,"METHOD_C_base+shrunkA_l0.10"
2025-08-01,"bionaz","Bionaz",3145.10977474059,"METHOD_C_base+shrunkA_l0.10"
2025-09-01,"bionaz","Bionaz",522.555455742355,"METHOD_C_base+shrunkA_l0.10"
2025-01-01,"brissogne","Brissogne",69.6935896503895,"METHOD_C_base+shrunkA_l0.10"
2025-02-01,"brissogne","Brissogne",48.0467825594676,"METHOD_C_base+shrunkA_l0.10"
2025-03-01,"brissogne","Brissogne",42.1319778045062,"METHOD_C_base+shrunkA_l0.10"
2025-04-01,"brissogne","Brissogne",53.0586485853763,"METHOD_C_base+shrunkA_l0.10"
2025-05-01,"brissogne","Brissogne",45.3996011482643,"METHOD_C_base+shrunkA_l0.10"
2025-06-01,"brissogne","Brissogne",61.544797569772,"METHOD_C_base+shrunkA_l0.10"
2025-07-01,"brissogne","Brissogne",89.6662076871459,"METHOD_C_base+shrunkA_l0.10"
2025-08-01,"brissogne","Brissogne",89.5175673348602,"METHOD_C_base+shrunkA_l0.10"
2025-09-01,"brissogne","Brissogne",39.8474507972052,"METHOD_C_base+shrunkA_l0.10"
2025-01-01,"brusson","Brusson",3267.29898443428,"METHOD_C_base+shrunkA_l0.10"
2025-02-01,"brusson","Brusson",3624.56908794613,"METHOD_C_base+shrunkA_l0.10"
2025-03-01,"brusson","Brusson",2138.19506760302,"METHOD_C_base+shrunkA_l0.10"
2025-04-01,"brusson","Brusson",900.337104015798,"METHOD_C_base+shrunkA_l0.10"
2025-05-01,"brusson","Brusson",500.528996108234,"METHOD_C_base+shrunkA_l0.10"
2025-06-01,"brusson","Brusson",2397.9498398394,"METHOD_C_base+shrunkA_l0.10"
2025-07-01,"brusson","Brusson",4774.13535781533,"METHOD_C_base+shrunkA_l0.10"
2025-08-01,"brusson","Brusson",4953.84626266789,"METHOD_C_base+shrunkA_l0.10"
2025-09-01,"brusson","Brusson",1860.39750243579,"METHOD_C_base+shrunkA_l0.10"
2025-01-01,"challand saint anselme","Challand-Saint-Anselme",608.318837859668,"METHOD_C_base+shrunkA_l0.10"
2025-02-01,"challand saint anselme","Challand-Saint-Anselme",546.302831270522,"METHOD_C_base+shrunkA_l0.10"
2025-03-01,"challand saint anselme","Challand-Saint-Anselme",391.188699830631,"METHOD_C_base+shrunkA_l0.10"
2025-04-01,"challand saint anselme","Challand-Saint-Anselme",279.101759085377,"METHOD_C_base+shrunkA_l0.10"
2025-05-01,"challand saint anselme","Challand-Saint-Anselme",224.177083347704,"METHOD_C_base+shrunkA_l0.10"
2025-06-01,"challand saint anselme","Challand-Saint-Anselme",650.959752170538,"METHOD_C_base+shrunkA_l0.10"
2025-07-01,"challand saint anselme","Challand-Saint-Anselme",1010.58929545687,"METHOD_C_base+shrunkA_l0.10"
2025-08-01,"challand saint anselme","Challand-Saint-Anselme",1034.18453622723,"METHOD_C_base+shrunkA_l0.10"
2025-09-01,"challand saint anselme","Challand-Saint-Anselme",502.153986878852,"METHOD_C_base+shrunkA_l0.10"
2025-01-01,"challand saint victor","Challand-Saint-Victor",88.7146203820741,"METHOD_C_base+shrunkA_l0.10"
2025-02-01,"challand saint victor","Challand-Saint-Victor",56.6746111870539,"METHOD_C_base+shrunkA_l0.10"
2025-03-01,"challand saint victor","Challand-Saint-Victor",49.7146600060147,"METHOD_C_base+shrunkA_l0.10"
2025-04-01,"challand saint victor","Challand-Saint-Victor",63.5520026884161,"METHOD_C_base+shrunkA_l0.10"
2025-05-01,"challand saint victor","Challand-Saint-Victor",53.4657339001203,"METHOD_C_base+shrunkA_l0.10"
2025-06-01,"challand saint victor","Challand-Saint-Victor",58.9106661939472,"METHOD_C_base+shrunkA_l0.10"
2025-07-01,"challand saint victor","Challand-Saint-Victor",91.3690017129839,"METHOD_C_base+shrunkA_l0.10"
2025-08-01,"challand saint victor","Challand-Saint-Victor",94.3079707319715,"METHOD_C_base+shrunkA_l0.10"
2025-09-01,"challand saint victor","Challand-Saint-Victor",22.4410885587322,"METHOD_C_base+shrunkA_l0.10"
2025-01-01,"chambave","Chambave",118.945892499171,"METHOD_C_base+shrunkA_l0.10"
2025-02-01,"chambave","Chambave",108.223299166306,"METHOD_C_base+shrunkA_l0.10"
2025-03-01,"chambave","Chambave",111.904928329398,"METHOD_C_base+shrunkA_l0.10"
2025-04-01,"chambave","Chambave",89.3022092557739,"METHOD_C_base+shrunkA_l0.10"
2025-05-01,"chambave","Chambave",119.969369472312,"METHOD_C_base+shrunkA_l0.10"
2025-06-01,"chambave","Chambave",124.729284414745,"METHOD_C_base+shrunkA_l0.10"
2025-07-01,"chambave","Chambave",141.118831441514,"METHOD_C_base+shrunkA_l0.10"
2025-08-01,"chambave","Chambave",180.700664595353,"METHOD_C_base+shrunkA_l0.10"
2025-09-01,"chambave","Chambave",103.587239220071,"METHOD_C_base+shrunkA_l0.10"
2025-01-01,"chamois","Chamois",778.275580888484,"METHOD_C_base+shrunkA_l0.10"
2025-02-01,"chamois","Chamois",784.274754698622,"METHOD_C_base+shrunkA_l0.10"
2025-03-01,"chamois","Chamois",596.387771720097,"METHOD_C_base+shrunkA_l0.10"
2025-04-01,"chamois","Chamois",48.3707701898521,"METHOD_C_base+shrunkA_l0.10"
2025-05-01,"chamois","Chamois",11.3665728190284,"METHOD_C_base+shrunkA_l0.10"
2025-06-01,"chamois","Chamois",181.677832209962,"METHOD_C_base+shrunkA_l0.10"
2025-07-01,"chamois","Chamois",593.209807744465,"METHOD_C_base+shrunkA_l0.10"
2025-08-01,"chamois","Chamois",785.109329699593,"METHOD_C_base+shrunkA_l0.10"
2025-09-01,"chamois","Chamois",256.695302671345,"METHOD_C_base+shrunkA_l0.10"
2025-01-01,"champdepraz","Champdepraz",352.64131525247,"METHOD_C_base+shrunkA_l0.10"
2025-02-01,"champdepraz","Champdepraz",277.496336553072,"METHOD_C_base+shrunkA_l0.10"
2025-03-01,"champdepraz","Champdepraz",201.228958784946,"METHOD_C_base+shrunkA_l0.10"
2025-04-01,"champdepraz","Champdepraz",211.714378721357,"METHOD_C_base+shrunkA_l0.10"
2025-05-01,"champdepraz","Champdepraz",36.6048465243342,"METHOD_C_base+shrunkA_l0.10"
2025-06-01,"champdepraz","Champdepraz",214.11541268163,"METHOD_C_base+shrunkA_l0.10"
2025-07-01,"champdepraz","Champdepraz",315.962857161394,"METHOD_C_base+shrunkA_l0.10"
2025-08-01,"champdepraz","Champdepraz",335.151442754879,"METHOD_C_base+shrunkA_l0.10"
2025-09-01,"champdepraz","Champdepraz",255.675924932157,"METHOD_C_base+shrunkA_l0.10"
2025-01-01,"champorcher","Champorcher",872.74192185977,"METHOD_C_base+shrunkA_l0.10"
2025-02-01,"champorcher","Champorcher",868.831963561458,"METHOD_C_base+shrunkA_l0.10"
2025-03-01,"champorcher","Champorcher",257.308282582365,"METHOD_C_base+shrunkA_l0.10"
2025-04-01,"champorcher","Champorcher",125.128837610695,"METHOD_C_base+shrunkA_l0.10"
2025-05-01,"champorcher","Champorcher",84.6622405446155,"METHOD_C_base+shrunkA_l0.10"
2025-06-01,"champorcher","Champorcher",331.010504620074,"METHOD_C_base+shrunkA_l0.10"
2025-07-01,"champorcher","Champorcher",1724.61590636262,"METHOD_C_base+shrunkA_l0.10"
2025-08-01,"champorcher","Champorcher",1639.08383349179,"METHOD_C_base+shrunkA_l0.10"
2025-09-01,"champorcher","Champorcher",347.719276455367,"METHOD_C_base+shrunkA_l0.10"
2025-01-01,"charvensod","Charvensod",1526.57407744746,"METHOD_C_base+shrunkA_l0.10"
2025-02-01,"charvensod","Charvensod",1443.35140638651,"METHOD_C_base+shrunkA_l0.10"
2025-03-01,"charvensod","Charvensod",1536.50915947778,"METHOD_C_base+shrunkA_l0.10"
2025-04-01,"charvensod","Charvensod",1416.02972485785,"METHOD_C_base+shrunkA_l0.10"
2025-05-01,"charvensod","Charvensod",1992.96361206009,"METHOD_C_base+shrunkA_l0.10"
2025-06-01,"charvensod","Charvensod",1968.26456185816,"METHOD_C_base+shrunkA_l0.10"
2025-07-01,"charvensod","Charvensod",2914.60951809997,"METHOD_C_base+shrunkA_l0.10"
2025-08-01,"charvensod","Charvensod",3010.86467031267,"METHOD_C_base+shrunkA_l0.10"
2025-09-01,"charvensod","Charvensod",1968.7211380855,"METHOD_C_base+shrunkA_l0.10"
2025-01-01,"chatillon","Châtillon",3559.26649400507,"METHOD_C_base+shrunkA_l0.10"
2025-02-01,"chatillon","Châtillon",3168.49209543845,"METHOD_C_base+shrunkA_l0.10"
2025-03-01,"chatillon","Châtillon",2652.86943194356,"METHOD_C_base+shrunkA_l0.10"
2025-04-01,"chatillon","Châtillon",2592.90947879393,"METHOD_C_base+shrunkA_l0.10"
2025-05-01,"chatillon","Châtillon",2614.76356496914,"METHOD_C_base+shrunkA_l0.10"
2025-06-01,"chatillon","Châtillon",3059.89584127268,"METHOD_C_base+shrunkA_l0.10"
2025-07-01,"chatillon","Châtillon",3971.69949883564,"METHOD_C_base+shrunkA_l0.10"
2025-08-01,"chatillon","Châtillon",4159.88101361298,"METHOD_C_base+shrunkA_l0.10"
2025-09-01,"chatillon","Châtillon",2750.14991829953,"METHOD_C_base+shrunkA_l0.10"
2025-01-01,"cogne","Cogne",8870.96067889018,"METHOD_C_base+shrunkA_l0.10"
2025-02-01,"cogne","Cogne",7719.70227710233,"METHOD_C_base+shrunkA_l0.10"
2025-03-01,"cogne","Cogne",4858.53509157587,"METHOD_C_base+shrunkA_l0.10"
2025-04-01,"cogne","Cogne",1661.92610091284,"METHOD_C_base+shrunkA_l0.10"
2025-05-01,"cogne","Cogne",3115.24537188394,"METHOD_C_base+shrunkA_l0.10"
2025-06-01,"cogne","Cogne",6937.99310947148,"METHOD_C_base+shrunkA_l0.10"
2025-07-01,"cogne","Cogne",7005.10219202797,"METHOD_C_base+shrunkA_l0.10"
2025-08-01,"cogne","Cogne",12065.106075426,"METHOD_C_base+shrunkA_l0.10"
2025-09-01,"cogne","Cogne",6906.38028904482,"METHOD_C_base+shrunkA_l0.10"
2025-01-01,"courmayeur","Courmayeur",24989.3933274436,"METHOD_C_base+shrunkA_l0.10"
2025-02-01,"courmayeur","Courmayeur",22508.2871170198,"METHOD_C_base+shrunkA_l0.10"
2025-03-01,"courmayeur","Courmayeur",19661.6185274775,"METHOD_C_base+shrunkA_l0.10"
2025-04-01,"courmayeur","Courmayeur",5140.17853770801,"METHOD_C_base+shrunkA_l0.10"
2025-05-01,"courmayeur","Courmayeur",2582.6811839894,"METHOD_C_base+shrunkA_l0.10"
2025-06-01,"courmayeur","Courmayeur",27508.165367146,"METHOD_C_base+shrunkA_l0.10"
2025-07-01,"courmayeur","Courmayeur",53432.4604082073,"METHOD_C_base+shrunkA_l0.10"
2025-08-01,"courmayeur","Courmayeur",49776.6798899412,"METHOD_C_base+shrunkA_l0.10"
2025-09-01,"courmayeur","Courmayeur",23687.4459031217,"METHOD_C_base+shrunkA_l0.10"
2025-01-01,"donnas","Donnas",154.99175639799,"METHOD_C_base+shrunkA_l0.10"
2025-02-01,"donnas","Donnas",135.868589907562,"METHOD_C_base+shrunkA_l0.10"
2025-03-01,"donnas","Donnas",88.5922414887988,"METHOD_C_base+shrunkA_l0.10"
2025-04-01,"donnas","Donnas",203.187377543126,"METHOD_C_base+shrunkA_l0.10"
2025-05-01,"donnas","Donnas",229.556802472684,"METHOD_C_base+shrunkA_l0.10"
2025-06-01,"donnas","Donnas",251.737508558278,"METHOD_C_base+shrunkA_l0.10"
2025-07-01,"donnas","Donnas",447.284450203556,"METHOD_C_base+shrunkA_l0.10"
2025-08-01,"donnas","Donnas",487.8693022084,"METHOD_C_base+shrunkA_l0.10"
2025-09-01,"donnas","Donnas",156.122963340946,"METHOD_C_base+shrunkA_l0.10"
2025-01-01,"doues","Doues",133.836803304639,"METHOD_C_base+shrunkA_l0.10"
2025-02-01,"doues","Doues",136.020933955069,"METHOD_C_base+shrunkA_l0.10"
2025-03-01,"doues","Doues",76.9425149613155,"METHOD_C_base+shrunkA_l0.10"
2025-04-01,"doues","Doues",74.3640076940689,"METHOD_C_base+shrunkA_l0.10"
2025-05-01,"doues","Doues",50.4845688124451,"METHOD_C_base+shrunkA_l0.10"
2025-06-01,"doues","Doues",179.424282625111,"METHOD_C_base+shrunkA_l0.10"
2025-07-01,"doues","Doues",623.865195399605,"METHOD_C_base+shrunkA_l0.10"
2025-08-01,"doues","Doues",596.733982949834,"METHOD_C_base+shrunkA_l0.10"
2025-09-01,"doues","Doues",277.609879957238,"METHOD_C_base+shrunkA_l0.10"
2025-01-01,"emarese","Emarèse",43.978849143087,"METHOD_C_base+shrunkA_l0.10"
2025-02-01,"emarese","Emarèse",31.0970350599083,"METHOD_C_base+shrunkA_l0.10"
2025-03-01,"emarese","Emarèse",37.6990028189415,"METHOD_C_base+shrunkA_l0.10"
2025-04-01,"emarese","Emarèse",6.4825451846604,"METHOD_C_base+shrunkA_l0.10"
2025-05-01,"emarese","Emarèse",32.2335372003813,"METHOD_C_base+shrunkA_l0.10"
2025-06-01,"emarese","Emarèse",19.051132331507,"METHOD_C_base+shrunkA_l0.10"
2025-07-01,"emarese","Emarèse",80.9682826762023,"METHOD_C_base+shrunkA_l0.10"
2025-08-01,"emarese","Emarèse",106.907584423143,"METHOD_C_base+shrunkA_l0.10"
2025-09-01,"emarese","Emarèse",19.1120933305299,"METHOD_C_base+shrunkA_l0.10"
2025-01-01,"etroubles","Etroubles",712.875211483727,"METHOD_C_base+shrunkA_l0.10"
2025-02-01,"etroubles","Etroubles",799.76910906225,"METHOD_C_base+shrunkA_l0.10"
2025-03-01,"etroubles","Etroubles",482.082481918769,"METHOD_C_base+shrunkA_l0.10"
2025-04-01,"etroubles","Etroubles",338.05473212764,"METHOD_C_base+shrunkA_l0.10"
2025-05-01,"etroubles","Etroubles",626.014073306591,"METHOD_C_base+shrunkA_l0.10"
2025-06-01,"etroubles","Etroubles",1803.83459288653,"METHOD_C_base+shrunkA_l0.10"
2025-07-01,"etroubles","Etroubles",3381.99611772184,"METHOD_C_base+shrunkA_l0.10"
2025-08-01,"etroubles","Etroubles",3487.02696189529,"METHOD_C_base+shrunkA_l0.10"
2025-09-01,"etroubles","Etroubles",1970.60026683028,"METHOD_C_base+shrunkA_l0.10"
2025-01-01,"fenis","Fénis",718.948827725132,"METHOD_C_base+shrunkA_l0.10"
2025-02-01,"fenis","Fénis",616.465874199435,"METHOD_C_base+shrunkA_l0.10"
2025-03-01,"fenis","Fénis",572.222735249406,"METHOD_C_base+shrunkA_l0.10"
2025-04-01,"fenis","Fénis",595.472517535475,"METHOD_C_base+shrunkA_l0.10"
2025-05-01,"fenis","Fénis",736.709533136648,"METHOD_C_base+shrunkA_l0.10"
2025-06-01,"fenis","Fénis",859.216329775477,"METHOD_C_base+shrunkA_l0.10"
2025-07-01,"fenis","Fénis",1207.72853725816,"METHOD_C_base+shrunkA_l0.10"
2025-08-01,"fenis","Fénis",1309.41473939132,"METHOD_C_base+shrunkA_l0.10"
2025-09-01,"fenis","Fénis",695.792016123993,"METHOD_C_base+shrunkA_l0.10"
2025-01-01,"fontainemore","Fontainemore",76.4712231592276,"METHOD_C_base+shrunkA_l0.10"
2025-02-01,"fontainemore","Fontainemore",69.5029785989498,"METHOD_C_base+shrunkA_l0.10"
2025-03-01,"fontainemore","Fontainemore",38.5610407885078,"METHOD_C_base+shrunkA_l0.10"
2025-04-01,"fontainemore","Fontainemore",44.375070917838,"METHOD_C_base+shrunkA_l0.10"
2025-05-01,"fontainemore","Fontainemore",28.1941305535862,"METHOD_C_base+shrunkA_l0.10"
2025-06-01,"fontainemore","Fontainemore",185.201635202576,"METHOD_C_base+shrunkA_l0.10"
2025-07-01,"fontainemore","Fontainemore",644.224188776223,"METHOD_C_base+shrunkA_l0.10"
2025-08-01,"fontainemore","Fontainemore",929.244722359737,"METHOD_C_base+shrunkA_l0.10"
2025-09-01,"fontainemore","Fontainemore",235.947385019363,"METHOD_C_base+shrunkA_l0.10"
2025-01-01,"gaby","Gaby",915.762163449483,"METHOD_C_base+shrunkA_l0.10"
2025-02-01,"gaby","Gaby",815.763878183148,"METHOD_C_base+shrunkA_l0.10"
2025-03-01,"gaby","Gaby",513.723261480404,"METHOD_C_base+shrunkA_l0.10"
2025-04-01,"gaby","Gaby",278.903541106245,"METHOD_C_base+shrunkA_l0.10"
2025-05-01,"gaby","Gaby",136.810174588208,"METHOD_C_base+shrunkA_l0.10"
2025-06-01,"gaby","Gaby",569.095754630186,"METHOD_C_base+shrunkA_l0.10"
2025-07-01,"gaby","Gaby",1376.65518439684,"METHOD_C_base+shrunkA_l0.10"
2025-08-01,"gaby","Gaby",1299.43066078095,"METHOD_C_base+shrunkA_l0.10"
2025-09-01,"gaby","Gaby",422.467245774154,"METHOD_C_base+shrunkA_l0.10"
2025-01-01,"gignod","Gignod",567.273615957424,"METHOD_C_base+shrunkA_l0.10"
2025-02-01,"gignod","Gignod",426.264916371246,"METHOD_C_base+shrunkA_l0.10"
2025-03-01,"gignod","Gignod",338.417327683935,"METHOD_C_base+shrunkA_l0.10"
2025-04-01,"gignod","Gignod",273.159394900474,"METHOD_C_base+shrunkA_l0.10"
2025-05-01,"gignod","Gignod",389.495608997431,"METHOD_C_base+shrunkA_l0.10"
2025-06-01,"gignod","Gignod",647.529379578907,"METHOD_C_base+shrunkA_l0.10"
2025-07-01,"gignod","Gignod",1730.55195195372,"METHOD_C_base+shrunkA_l0.10"
2025-08-01,"gignod","Gignod",1902.27306563025,"METHOD_C_base+shrunkA_l0.10"
2025-09-01,"gignod","Gignod",584.073967427939,"METHOD_C_base+shrunkA_l0.10"
2025-01-01,"gressan","Gressan",8258.00546987023,"METHOD_C_base+shrunkA_l0.10"
2025-02-01,"gressan","Gressan",6933.83987256792,"METHOD_C_base+shrunkA_l0.10"
2025-03-01,"gressan","Gressan",5742.0168782655,"METHOD_C_base+shrunkA_l0.10"
2025-04-01,"gressan","Gressan",1133.4733071984,"METHOD_C_base+shrunkA_l0.10"
2025-05-01,"gressan","Gressan",407.389576240452,"METHOD_C_base+shrunkA_l0.10"
2025-06-01,"gressan","Gressan",1383.81564635337,"METHOD_C_base+shrunkA_l0.10"
2025-07-01,"gressan","Gressan",6643.40177836073,"METHOD_C_base+shrunkA_l0.10"
2025-08-01,"gressan","Gressan",4770.14800528895,"METHOD_C_base+shrunkA_l0.10"
2025-09-01,"gressan","Gressan",555.398886390759,"METHOD_C_base+shrunkA_l0.10"
2025-01-01,"gressoney la trinite","Gressoney-La-Trinité",4572.73555011319,"METHOD_C_base+shrunkA_l0.10"
2025-02-01,"gressoney la trinite","Gressoney-La-Trinité",5367.73348510795,"METHOD_C_base+shrunkA_l0.10"
2025-03-01,"gressoney la trinite","Gressoney-La-Trinité",5166.97947340293,"METHOD_C_base+shrunkA_l0.10"
2025-04-01,"gressoney la trinite","Gressoney-La-Trinité",2297.64243538874,"METHOD_C_base+shrunkA_l0.10"
2025-05-01,"gressoney la trinite","Gressoney-La-Trinité",112.293950430057,"METHOD_C_base+shrunkA_l0.10"
2025-06-01,"gressoney la trinite","Gressoney-La-Trinité",7868.06828879442,"METHOD_C_base+shrunkA_l0.10"
2025-07-01,"gressoney la trinite","Gressoney-La-Trinité",16989.6759310319,"METHOD_C_base+shrunkA_l0.10"
2025-08-01,"gressoney la trinite","Gressoney-La-Trinité",14397.7247806362,"METHOD_C_base+shrunkA_l0.10"
2025-09-01,"gressoney la trinite","Gressoney-La-Trinité",4288.1091513897,"METHOD_C_base+shrunkA_l0.10"
2025-01-01,"gressoney saint jean","Gressoney-Saint-Jean",4527.91332916892,"METHOD_C_base+shrunkA_l0.10"
2025-02-01,"gressoney saint jean","Gressoney-Saint-Jean",4633.78874897164,"METHOD_C_base+shrunkA_l0.10"
2025-03-01,"gressoney saint jean","Gressoney-Saint-Jean",3294.99847002873,"METHOD_C_base+shrunkA_l0.10"
2025-04-01,"gressoney saint jean","Gressoney-Saint-Jean",1304.05538263712,"METHOD_C_base+shrunkA_l0.10"
2025-05-01,"gressoney saint jean","Gressoney-Saint-Jean",516.69848527746,"METHOD_C_base+shrunkA_l0.10"
2025-06-01,"gressoney saint jean","Gressoney-Saint-Jean",3083.74057847213,"METHOD_C_base+shrunkA_l0.10"
2025-07-01,"gressoney saint jean","Gressoney-Saint-Jean",5216.89949298983,"METHOD_C_base+shrunkA_l0.10"
2025-08-01,"gressoney saint jean","Gressoney-Saint-Jean",5003.43025186904,"METHOD_C_base+shrunkA_l0.10"
2025-09-01,"gressoney saint jean","Gressoney-Saint-Jean",1827.47657831475,"METHOD_C_base+shrunkA_l0.10"
2025-01-01,"hone","Hône",99.357268467556,"METHOD_C_base+shrunkA_l0.10"
2025-02-01,"hone","Hône",90.8834737385954,"METHOD_C_base+shrunkA_l0.10"
2025-03-01,"hone","Hône",92.9266058157764,"METHOD_C_base+shrunkA_l0.10"
2025-04-01,"hone","Hône",103.776032977538,"METHOD_C_base+shrunkA_l0.10"
2025-05-01,"hone","Hône",74.8063994813067,"METHOD_C_base+shrunkA_l0.10"
2025-06-01,"hone","Hône",131.989311135532,"METHOD_C_base+shrunkA_l0.10"
2025-07-01,"hone","Hône",222.610645462269,"METHOD_C_base+shrunkA_l0.10"
2025-08-01,"hone","Hône",326.811223370267,"METHOD_C_base+shrunkA_l0.10"
2025-09-01,"hone","Hône",112.982098044733,"METHOD_C_base+shrunkA_l0.10"
2025-01-01,"introd","Introd",398.87412948126,"METHOD_C_base+shrunkA_l0.10"
2025-02-01,"introd","Introd",510.599567460831,"METHOD_C_base+shrunkA_l0.10"
2025-03-01,"introd","Introd",296.784660738998,"METHOD_C_base+shrunkA_l0.10"
2025-04-01,"introd","Introd",262.196630732861,"METHOD_C_base+shrunkA_l0.10"
2025-05-01,"introd","Introd",201.726750700414,"METHOD_C_base+shrunkA_l0.10"
2025-06-01,"introd","Introd",549.304996528523,"METHOD_C_base+shrunkA_l0.10"
2025-07-01,"introd","Introd",971.238345979044,"METHOD_C_base+shrunkA_l0.10"
2025-08-01,"introd","Introd",854.524100938086,"METHOD_C_base+shrunkA_l0.10"
2025-09-01,"introd","Introd",378.086515531814,"METHOD_C_base+shrunkA_l0.10"
2025-01-01,"issime","Issime",113.609479160763,"METHOD_C_base+shrunkA_l0.10"
2025-02-01,"issime","Issime",100.105177346742,"METHOD_C_base+shrunkA_l0.10"
2025-03-01,"issime","Issime",79.2355944927607,"METHOD_C_base+shrunkA_l0.10"
2025-04-01,"issime","Issime",42.333835062219,"METHOD_C_base+shrunkA_l0.10"
2025-05-01,"issime","Issime",45.8215514910622,"METHOD_C_base+shrunkA_l0.10"
2025-06-01,"issime","Issime",95.5020386385827,"METHOD_C_base+shrunkA_l0.10"
2025-07-01,"issime","Issime",67.0796791489874,"METHOD_C_base+shrunkA_l0.10"
2025-08-01,"issime","Issime",67.0831305112067,"METHOD_C_base+shrunkA_l0.10"
2025-09-01,"issime","Issime",62.1970395776051,"METHOD_C_base+shrunkA_l0.10"
2025-01-01,"issogne","Issogne",16.9252923657934,"METHOD_C_base+shrunkA_l0.10"
2025-02-01,"issogne","Issogne",22.59175977575,"METHOD_C_base+shrunkA_l0.10"
2025-03-01,"issogne","Issogne",20.7105204415301,"METHOD_C_base+shrunkA_l0.10"
2025-04-01,"issogne","Issogne",27.6262717874162,"METHOD_C_base+shrunkA_l0.10"
2025-05-01,"issogne","Issogne",46.4759440071292,"METHOD_C_base+shrunkA_l0.10"
2025-06-01,"issogne","Issogne",14.3718398009016,"METHOD_C_base+shrunkA_l0.10"
2025-07-01,"issogne","Issogne",41.8007380370461,"METHOD_C_base+shrunkA_l0.10"
2025-08-01,"issogne","Issogne",58.548085833843,"METHOD_C_base+shrunkA_l0.10"
2025-09-01,"issogne","Issogne",30.7071095531618,"METHOD_C_base+shrunkA_l0.10"
2025-01-01,"jovencan","Jovençan",590.055307420729,"METHOD_C_base+shrunkA_l0.10"
2025-02-01,"jovencan","Jovençan",574.347714675245,"METHOD_C_base+shrunkA_l0.10"
2025-03-01,"jovencan","Jovençan",559.231794910212,"METHOD_C_base+shrunkA_l0.10"
2025-04-01,"jovencan","Jovençan",458.648032918087,"METHOD_C_base+shrunkA_l0.10"
2025-05-01,"jovencan","Jovençan",658.102126055681,"METHOD_C_base+shrunkA_l0.10"
2025-06-01,"jovencan","Jovençan",590.2465229603,"METHOD_C_base+shrunkA_l0.10"
2025-07-01,"jovencan","Jovençan",777.306470569253,"METHOD_C_base+shrunkA_l0.10"
2025-08-01,"jovencan","Jovençan",816.718972721776,"METHOD_C_base+shrunkA_l0.10"
2025-09-01,"jovencan","Jovençan",528.917492648283,"METHOD_C_base+shrunkA_l0.10"
2025-01-01,"la magdeleine","La Magdeleine",114.875196686124,"METHOD_C_base+shrunkA_l0.10"
2025-02-01,"la magdeleine","La Magdeleine",129.978517150569,"METHOD_C_base+shrunkA_l0.10"
2025-03-01,"la magdeleine","La Magdeleine",66.7595492119692,"METHOD_C_base+shrunkA_l0.10"
2025-04-01,"la magdeleine","La Magdeleine",11.1076782109862,"METHOD_C_base+shrunkA_l0.10"
2025-05-01,"la magdeleine","La Magdeleine",36.8634547619272,"METHOD_C_base+shrunkA_l0.10"
2025-06-01,"la magdeleine","La Magdeleine",65.9119142748708,"METHOD_C_base+shrunkA_l0.10"
2025-07-01,"la magdeleine","La Magdeleine",156.002676734244,"METHOD_C_base+shrunkA_l0.10"
2025-08-01,"la magdeleine","La Magdeleine",168.017339426674,"METHOD_C_base+shrunkA_l0.10"
2025-09-01,"la magdeleine","La Magdeleine",38.7596512266753,"METHOD_C_base+shrunkA_l0.10"
2025-01-01,"la salle","La Salle",2660.41609525677,"METHOD_C_base+shrunkA_l0.10"
2025-02-01,"la salle","La Salle",2719.253066153,"METHOD_C_base+shrunkA_l0.10"
2025-03-01,"la salle","La Salle",2209.73149388384,"METHOD_C_base+shrunkA_l0.10"
2025-04-01,"la salle","La Salle",1316.29560817424,"METHOD_C_base+shrunkA_l0.10"
2025-05-01,"la salle","La Salle",953.05975485829,"METHOD_C_base+shrunkA_l0.10"
2025-06-01,"la salle","La Salle",1855.64226327782,"METHOD_C_base+shrunkA_l0.10"
2025-07-01,"la salle","La Salle",3472.59606178386,"METHOD_C_base+shrunkA_l0.10"
2025-08-01,"la salle","La Salle",3609.82055267977,"METHOD_C_base+shrunkA_l0.10"
2025-09-01,"la salle","La Salle",1315.65648767195,"METHOD_C_base+shrunkA_l0.10"
2025-01-01,"la thuile","La Thuile",10688.8374184114,"METHOD_C_base+shrunkA_l0.10"
2025-02-01,"la thuile","La Thuile",9908.68964969552,"METHOD_C_base+shrunkA_l0.10"
2025-03-01,"la thuile","La Thuile",9103.08875153908,"METHOD_C_base+shrunkA_l0.10"
2025-04-01,"la thuile","La Thuile",1443.44336578904,"METHOD_C_base+shrunkA_l0.10"
2025-05-01,"la thuile","La Thuile",55.4060820787975,"METHOD_C_base+shrunkA_l0.10"
2025-06-01,"la thuile","La Thuile",5438.56383655479,"METHOD_C_base+shrunkA_l0.10"
2025-07-01,"la thuile","La Thuile",11866.4190195755,"METHOD_C_base+shrunkA_l0.10"
2025-08-01,"la thuile","La Thuile",12673.2015720345,"METHOD_C_base+shrunkA_l0.10"
2025-09-01,"la thuile","La Thuile",2822.21502490974,"METHOD_C_base+shrunkA_l0.10"
2025-01-01,"lillianes","Lillianes",124.14150446033,"METHOD_C_base+shrunkA_l0.10"
2025-02-01,"lillianes","Lillianes",96.3973014420326,"METHOD_C_base+shrunkA_l0.10"
2025-03-01,"lillianes","Lillianes",76.8366419700251,"METHOD_C_base+shrunkA_l0.10"
2025-04-01,"lillianes","Lillianes",70.9726890922998,"METHOD_C_base+shrunkA_l0.10"
2025-05-01,"lillianes","Lillianes",84.4119836037443,"METHOD_C_base+shrunkA_l0.10"
2025-06-01,"lillianes","Lillianes",242.977483359884,"METHOD_C_base+shrunkA_l0.10"
2025-07-01,"lillianes","Lillianes",648.805002308904,"METHOD_C_base+shrunkA_l0.10"
2025-08-01,"lillianes","Lillianes",606.217271375446,"METHOD_C_base+shrunkA_l0.10"
2025-09-01,"lillianes","Lillianes",169.043259953519,"METHOD_C_base+shrunkA_l0.10"
2025-01-01,"montjovet","Montjovet",809.046091781058,"METHOD_C_base+shrunkA_l0.10"
2025-02-01,"montjovet","Montjovet",696.868010920277,"METHOD_C_base+shrunkA_l0.10"
2025-03-01,"montjovet","Montjovet",413.791587724321,"METHOD_C_base+shrunkA_l0.10"
2025-04-01,"montjovet","Montjovet",383.931530285437,"METHOD_C_base+shrunkA_l0.10"
2025-05-01,"montjovet","Montjovet",425.17901762151,"METHOD_C_base+shrunkA_l0.10"
2025-06-01,"montjovet","Montjovet",441.464451827081,"METHOD_C_base+shrunkA_l0.10"
2025-07-01,"montjovet","Montjovet",719.566545351119,"METHOD_C_base+shrunkA_l0.10"
2025-08-01,"montjovet","Montjovet",999.25015241898,"METHOD_C_base+shrunkA_l0.10"
2025-09-01,"montjovet","Montjovet",304.146761113382,"METHOD_C_base+shrunkA_l0.10"
2025-01-01,"morgex","Morgex",1355.88746856232,"METHOD_C_base+shrunkA_l0.10"
2025-02-01,"morgex","Morgex",1282.98376633734,"METHOD_C_base+shrunkA_l0.10"
2025-03-01,"morgex","Morgex",1346.47257955294,"METHOD_C_base+shrunkA_l0.10"
2025-04-01,"morgex","Morgex",624.792141810855,"METHOD_C_base+shrunkA_l0.10"
2025-05-01,"morgex","Morgex",746.560228869147,"METHOD_C_base+shrunkA_l0.10"
2025-06-01,"morgex","Morgex",1304.95678945438,"METHOD_C_base+shrunkA_l0.10"
2025-07-01,"morgex","Morgex",2250.11149933812,"METHOD_C_base+shrunkA_l0.10"
2025-08-01,"morgex","Morgex",2802.98171339159,"METHOD_C_base+shrunkA_l0.10"
2025-09-01,"morgex","Morgex",1010.2695957616,"METHOD_C_base+shrunkA_l0.10"
2025-01-01,"nus","Nus",1150.33613321478,"METHOD_C_base+shrunkA_l0.10"
2025-02-01,"nus","Nus",1084.31588753748,"METHOD_C_base+shrunkA_l0.10"
2025-03-01,"nus","Nus",1293.94145266696,"METHOD_C_base+shrunkA_l0.10"
2025-04-01,"nus","Nus",834.239238043743,"METHOD_C_base+shrunkA_l0.10"
2025-05-01,"nus","Nus",1169.85375083043,"METHOD_C_base+shrunkA_l0.10"
2025-06-01,"nus","Nus",973.184218194205,"METHOD_C_base+shrunkA_l0.10"
2025-07-01,"nus","Nus",1817.51945680897,"METHOD_C_base+shrunkA_l0.10"
2025-08-01,"nus","Nus",1993.93787035032,"METHOD_C_base+shrunkA_l0.10"
2025-09-01,"nus","Nus",755.71485009314,"METHOD_C_base+shrunkA_l0.10"
2025-01-01,"ollomont","Ollomont",55.8435402654615,"METHOD_C_base+shrunkA_l0.10"
2025-02-01,"ollomont","Ollomont",11.7412901703048,"METHOD_C_base+shrunkA_l0.10"
2025-03-01,"ollomont","Ollomont",10.451914931839,"METHOD_C_base+shrunkA_l0.10"
2025-04-01,"ollomont","Ollomont",12.2316468588165,"METHOD_C_base+shrunkA_l0.10"
2025-05-01,"ollomont","Ollomont",8.60918834631713,"METHOD_C_base+shrunkA_l0.10"
2025-06-01,"ollomont","Ollomont",32.7967846921174,"METHOD_C_base+shrunkA_l0.10"
2025-07-01,"ollomont","Ollomont",435.213938307618,"METHOD_C_base+shrunkA_l0.10"
2025-08-01,"ollomont","Ollomont",532.685249202654,"METHOD_C_base+shrunkA_l0.10"
2025-09-01,"ollomont","Ollomont",91.5095552549573,"METHOD_C_base+shrunkA_l0.10"
2025-01-01,"oyace","Oyace",4.01150927920397,"METHOD_C_base+shrunkA_l0.10"
2025-02-01,"oyace","Oyace",5.2279087955075,"METHOD_C_base+shrunkA_l0.10"
2025-03-01,"oyace","Oyace",3.58162573653099,"METHOD_C_base+shrunkA_l0.10"
2025-04-01,"oyace","Oyace",0.000191704568341594,"METHOD_C_base+shrunkA_l0.10"
2025-05-01,"oyace","Oyace",0.000166684771708103,"METHOD_C_base+shrunkA_l0.10"
2025-06-01,"oyace","Oyace",4.44658164975647,"METHOD_C_base+shrunkA_l0.10"
2025-07-01,"oyace","Oyace",5.30390997403932,"METHOD_C_base+shrunkA_l0.10"
2025-08-01,"oyace","Oyace",1.20123134646665,"METHOD_C_base+shrunkA_l0.10"
2025-09-01,"oyace","Oyace",2.56830579711406,"METHOD_C_base+shrunkA_l0.10"
2025-01-01,"perloz","Perloz",80.6747903523735,"METHOD_C_base+shrunkA_l0.10"
2025-02-01,"perloz","Perloz",66.6681704181508,"METHOD_C_base+shrunkA_l0.10"
2025-03-01,"perloz","Perloz",46.5217883690347,"METHOD_C_base+shrunkA_l0.10"
2025-04-01,"perloz","Perloz",44.961780335996,"METHOD_C_base+shrunkA_l0.10"
2025-05-01,"perloz","Perloz",34.6673488973242,"METHOD_C_base+shrunkA_l0.10"
2025-06-01,"perloz","Perloz",90.4014338807636,"METHOD_C_base+shrunkA_l0.10"
2025-07-01,"perloz","Perloz",195.503207091927,"METHOD_C_base+shrunkA_l0.10"
2025-08-01,"perloz","Perloz",207.810122089781,"METHOD_C_base+shrunkA_l0.10"
2025-09-01,"perloz","Perloz",75.7913185880904,"METHOD_C_base+shrunkA_l0.10"
2025-01-01,"pollein","Pollein",3381.17923366023,"METHOD_C_base+shrunkA_l0.10"
2025-02-01,"pollein","Pollein",2746.30000903542,"METHOD_C_base+shrunkA_l0.10"
2025-03-01,"pollein","Pollein",2912.40707531557,"METHOD_C_base+shrunkA_l0.10"
2025-04-01,"pollein","Pollein",2664.50804028284,"METHOD_C_base+shrunkA_l0.10"
2025-05-01,"pollein","Pollein",4137.67888708687,"METHOD_C_base+shrunkA_l0.10"
2025-06-01,"pollein","Pollein",3521.30688547813,"METHOD_C_base+shrunkA_l0.10"
2025-07-01,"pollein","Pollein",4310.99572221997,"METHOD_C_base+shrunkA_l0.10"
2025-08-01,"pollein","Pollein",3995.88877334996,"METHOD_C_base+shrunkA_l0.10"
2025-09-01,"pollein","Pollein",3092.29921246351,"METHOD_C_base+shrunkA_l0.10"
2025-01-01,"pont saint martin","Pont-Saint-Martin",547.267840624373,"METHOD_C_base+shrunkA_l0.10"
2025-02-01,"pont saint martin","Pont-Saint-Martin",516.199437753927,"METHOD_C_base+shrunkA_l0.10"
2025-03-01,"pont saint martin","Pont-Saint-Martin",562.91011638699,"METHOD_C_base+shrunkA_l0.10"
2025-04-01,"pont saint martin","Pont-Saint-Martin",511.733904538255,"METHOD_C_base+shrunkA_l0.10"
2025-05-01,"pont saint martin","Pont-Saint-Martin",652.042135663542,"METHOD_C_base+shrunkA_l0.10"
2025-06-01,"pont saint martin","Pont-Saint-Martin",815.047151761782,"METHOD_C_base+shrunkA_l0.10"
2025-07-01,"pont saint martin","Pont-Saint-Martin",1048.83356657351,"METHOD_C_base+shrunkA_l0.10"
2025-08-01,"pont saint martin","Pont-Saint-Martin",1159.71863893033,"METHOD_C_base+shrunkA_l0.10"
2025-09-01,"pont saint martin","Pont-Saint-Martin",711.112219537739,"METHOD_C_base+shrunkA_l0.10"
2025-01-01,"pontboset","Pontboset",121.426634206837,"METHOD_C_base+shrunkA_l0.10"
2025-02-01,"pontboset","Pontboset",113.891627872124,"METHOD_C_base+shrunkA_l0.10"
2025-03-01,"pontboset","Pontboset",87.5328435335506,"METHOD_C_base+shrunkA_l0.10"
2025-04-01,"pontboset","Pontboset",52.5580249887799,"METHOD_C_base+shrunkA_l0.10"
2025-05-01,"pontboset","Pontboset",88.4306483511476,"METHOD_C_base+shrunkA_l0.10"
2025-06-01,"pontboset","Pontboset",187.610422118329,"METHOD_C_base+shrunkA_l0.10"
2025-07-01,"pontboset","Pontboset",436.533948580193,"METHOD_C_base+shrunkA_l0.10"
2025-08-01,"pontboset","Pontboset",496.168279291736,"METHOD_C_base+shrunkA_l0.10"
2025-09-01,"pontboset","Pontboset",111.532715873761,"METHOD_C_base+shrunkA_l0.10"
2025-01-01,"pontey","Pontey",93.2030655111158,"METHOD_C_base+shrunkA_l0.10"
2025-02-01,"pontey","Pontey",70.7345689851045,"METHOD_C_base+shrunkA_l0.10"
2025-03-01,"pontey","Pontey",55.0155921866419,"METHOD_C_base+shrunkA_l0.10"
2025-04-01,"pontey","Pontey",62.9939181445214,"METHOD_C_base+shrunkA_l0.10"
2025-05-01,"pontey","Pontey",83.970238492573,"METHOD_C_base+shrunkA_l0.10"
2025-06-01,"pontey","Pontey",81.0631775124588,"METHOD_C_base+shrunkA_l0.10"
2025-07-01,"pontey","Pontey",169.119370659056,"METHOD_C_base+shrunkA_l0.10"
2025-08-01,"pontey","Pontey",274.238277539676,"METHOD_C_base+shrunkA_l0.10"
2025-09-01,"pontey","Pontey",53.8607048975933,"METHOD_C_base+shrunkA_l0.10"
2025-01-01,"pre saint didier","Pré-Saint-Didier",8365.45586784141,"METHOD_C_base+shrunkA_l0.10"
2025-02-01,"pre saint didier","Pré-Saint-Didier",7442.23662425442,"METHOD_C_base+shrunkA_l0.10"
2025-03-01,"pre saint didier","Pré-Saint-Didier",7314.25812145674,"METHOD_C_base+shrunkA_l0.10"
2025-04-01,"pre saint didier","Pré-Saint-Didier",3730.14008320535,"METHOD_C_base+shrunkA_l0.10"
2025-05-01,"pre saint didier","Pré-Saint-Didier",3593.20809508063,"METHOD_C_base+shrunkA_l0.10"
2025-06-01,"pre saint didier","Pré-Saint-Didier",3995.33275700075,"METHOD_C_base+shrunkA_l0.10"
2025-07-01,"pre saint didier","Pré-Saint-Didier",5857.4655119427,"METHOD_C_base+shrunkA_l0.10"
2025-08-01,"pre saint didier","Pré-Saint-Didier",5812.90355525184,"METHOD_C_base+shrunkA_l0.10"
2025-09-01,"pre saint didier","Pré-Saint-Didier",4313.77272736959,"METHOD_C_base+shrunkA_l0.10"
2025-01-01,"quart","Quart",737.960787209641,"METHOD_C_base+shrunkA_l0.10"
2025-02-01,"quart","Quart",623.812873399122,"METHOD_C_base+shrunkA_l0.10"
2025-03-01,"quart","Quart",588.339555080477,"METHOD_C_base+shrunkA_l0.10"
2025-04-01,"quart","Quart",471.522009063279,"METHOD_C_base+shrunkA_l0.10"
2025-05-01,"quart","Quart",711.649543544601,"METHOD_C_base+shrunkA_l0.10"
2025-06-01,"quart","Quart",672.327027057312,"METHOD_C_base+shrunkA_l0.10"
2025-07-01,"quart","Quart",1076.47670776748,"METHOD_C_base+shrunkA_l0.10"
2025-08-01,"quart","Quart",1014.56473288341,"METHOD_C_base+shrunkA_l0.10"
2025-09-01,"quart","Quart",636.638161757102,"METHOD_C_base+shrunkA_l0.10"
2025-01-01,"rhemes notre dame","Rhêmes-Notre-Dame",1581.97861370735,"METHOD_C_base+shrunkA_l0.10"
2025-02-01,"rhemes notre dame","Rhêmes-Notre-Dame",1260.3529222796,"METHOD_C_base+shrunkA_l0.10"
2025-03-01,"rhemes notre dame","Rhêmes-Notre-Dame",1087.76692176917,"METHOD_C_base+shrunkA_l0.10"
2025-04-01,"rhemes notre dame","Rhêmes-Notre-Dame",282.841042586545,"METHOD_C_base+shrunkA_l0.10"
2025-05-01,"rhemes notre dame","Rhêmes-Notre-Dame",109.099976611775,"METHOD_C_base+shrunkA_l0.10"
2025-06-01,"rhemes notre dame","Rhêmes-Notre-Dame",841.286718093666,"METHOD_C_base+shrunkA_l0.10"
2025-07-01,"rhemes notre dame","Rhêmes-Notre-Dame",1508.00991038805,"METHOD_C_base+shrunkA_l0.10"
2025-08-01,"rhemes notre dame","Rhêmes-Notre-Dame",1503.96016547808,"METHOD_C_base+shrunkA_l0.10"
2025-09-01,"rhemes notre dame","Rhêmes-Notre-Dame",635.383047338753,"METHOD_C_base+shrunkA_l0.10"
2025-01-01,"rhemes saint georges","Rhêmes-Saint-Georges",152.996466887498,"METHOD_C_base+shrunkA_l0.10"
2025-02-01,"rhemes saint georges","Rhêmes-Saint-Georges",177.323425622231,"METHOD_C_base+shrunkA_l0.10"
2025-03-01,"rhemes saint georges","Rhêmes-Saint-Georges",40.9422176817898,"METHOD_C_base+shrunkA_l0.10"
2025-04-01,"rhemes saint georges","Rhêmes-Saint-Georges",32.7062684938253,"METHOD_C_base+shrunkA_l0.10"
2025-05-01,"rhemes saint georges","Rhêmes-Saint-Georges",59.0346814849292,"METHOD_C_base+shrunkA_l0.10"
2025-06-01,"rhemes saint georges","Rhêmes-Saint-Georges",328.09256346377,"METHOD_C_base+shrunkA_l0.10"
2025-07-01,"rhemes saint georges","Rhêmes-Saint-Georges",1564.00539734086,"METHOD_C_base+shrunkA_l0.10"
2025-08-01,"rhemes saint georges","Rhêmes-Saint-Georges",1670.71504668169,"METHOD_C_base+shrunkA_l0.10"
2025-09-01,"rhemes saint georges","Rhêmes-Saint-Georges",184.997430093403,"METHOD_C_base+shrunkA_l0.10"
2025-01-01,"roisan","Roisan",101.577282160086,"METHOD_C_base+shrunkA_l0.10"
2025-02-01,"roisan","Roisan",56.8734714003286,"METHOD_C_base+shrunkA_l0.10"
2025-03-01,"roisan","Roisan",46.2938487379687,"METHOD_C_base+shrunkA_l0.10"
2025-04-01,"roisan","Roisan",29.0696584283719,"METHOD_C_base+shrunkA_l0.10"
2025-05-01,"roisan","Roisan",30.1351019264467,"METHOD_C_base+shrunkA_l0.10"
2025-06-01,"roisan","Roisan",133.277676944434,"METHOD_C_base+shrunkA_l0.10"
2025-07-01,"roisan","Roisan",204.72449279926,"METHOD_C_base+shrunkA_l0.10"
2025-08-01,"roisan","Roisan",205.687896996458,"METHOD_C_base+shrunkA_l0.10"
2025-09-01,"roisan","Roisan",115.804330393171,"METHOD_C_base+shrunkA_l0.10"
2025-01-01,"saint christophe","Saint-Christophe",698.075606784559,"METHOD_C_base+shrunkA_l0.10"
2025-02-01,"saint christophe","Saint-Christophe",541.474680272834,"METHOD_C_base+shrunkA_l0.10"
2025-03-01,"saint christophe","Saint-Christophe",438.875821057718,"METHOD_C_base+shrunkA_l0.10"
2025-04-01,"saint christophe","Saint-Christophe",384.545305853131,"METHOD_C_base+shrunkA_l0.10"
2025-05-01,"saint christophe","Saint-Christophe",602.083676327927,"METHOD_C_base+shrunkA_l0.10"
2025-06-01,"saint christophe","Saint-Christophe",532.519263233821,"METHOD_C_base+shrunkA_l0.10"
2025-07-01,"saint christophe","Saint-Christophe",800.615154294545,"METHOD_C_base+shrunkA_l0.10"
2025-08-01,"saint christophe","Saint-Christophe",838.909309658379,"METHOD_C_base+shrunkA_l0.10"
2025-09-01,"saint christophe","Saint-Christophe",559.007262687206,"METHOD_C_base+shrunkA_l0.10"
2025-01-01,"saint denis","Saint-Denis",13.6846981169913,"METHOD_C_base+shrunkA_l0.10"
2025-02-01,"saint denis","Saint-Denis",22.0658543053544,"METHOD_C_base+shrunkA_l0.10"
2025-03-01,"saint denis","Saint-Denis",4.30470400937394,"METHOD_C_base+shrunkA_l0.10"
2025-04-01,"saint denis","Saint-Denis",6.43508251142917,"METHOD_C_base+shrunkA_l0.10"
2025-05-01,"saint denis","Saint-Denis",51.3849971122838,"METHOD_C_base+shrunkA_l0.10"
2025-06-01,"saint denis","Saint-Denis",24.4940685904343,"METHOD_C_base+shrunkA_l0.10"
2025-07-01,"saint denis","Saint-Denis",124.778467159889,"METHOD_C_base+shrunkA_l0.10"
2025-08-01,"saint denis","Saint-Denis",85.5018646892853,"METHOD_C_base+shrunkA_l0.10"
2025-09-01,"saint denis","Saint-Denis",19.2440706152397,"METHOD_C_base+shrunkA_l0.10"
2025-01-01,"saint marcel","Saint-Marcel",44.60137259546,"METHOD_C_base+shrunkA_l0.10"
2025-02-01,"saint marcel","Saint-Marcel",46.3419028825211,"METHOD_C_base+shrunkA_l0.10"
2025-03-01,"saint marcel","Saint-Marcel",64.791626092239,"METHOD_C_base+shrunkA_l0.10"
2025-04-01,"saint marcel","Saint-Marcel",58.0047874467668,"METHOD_C_base+shrunkA_l0.10"
2025-05-01,"saint marcel","Saint-Marcel",56.200096518818,"METHOD_C_base+shrunkA_l0.10"
2025-06-01,"saint marcel","Saint-Marcel",56.451863030314,"METHOD_C_base+shrunkA_l0.10"
2025-07-01,"saint marcel","Saint-Marcel",114.849888001891,"METHOD_C_base+shrunkA_l0.10"
2025-08-01,"saint marcel","Saint-Marcel",170.771244112665,"METHOD_C_base+shrunkA_l0.10"
2025-09-01,"saint marcel","Saint-Marcel",49.8441696794713,"METHOD_C_base+shrunkA_l0.10"
2025-01-01,"saint nicolas","Saint-Nicolas",691.707618916336,"METHOD_C_base+shrunkA_l0.10"
2025-02-01,"saint nicolas","Saint-Nicolas",681.863545847589,"METHOD_C_base+shrunkA_l0.10"
2025-03-01,"saint nicolas","Saint-Nicolas",666.496289157119,"METHOD_C_base+shrunkA_l0.10"
2025-04-01,"saint nicolas","Saint-Nicolas",484.070464583054,"METHOD_C_base+shrunkA_l0.10"
2025-05-01,"saint nicolas","Saint-Nicolas",567.993605800276,"METHOD_C_base+shrunkA_l0.10"
2025-06-01,"saint nicolas","Saint-Nicolas",683.499362376692,"METHOD_C_base+shrunkA_l0.10"
2025-07-01,"saint nicolas","Saint-Nicolas",1055.14794723766,"METHOD_C_base+shrunkA_l0.10"
2025-08-01,"saint nicolas","Saint-Nicolas",906.138664321171,"METHOD_C_base+shrunkA_l0.10"
2025-09-01,"saint nicolas","Saint-Nicolas",491.904335485673,"METHOD_C_base+shrunkA_l0.10"
2025-01-01,"saint oyen","Saint-Oyen",424.121331568366,"METHOD_C_base+shrunkA_l0.10"
2025-02-01,"saint oyen","Saint-Oyen",345.558915687369,"METHOD_C_base+shrunkA_l0.10"
2025-03-01,"saint oyen","Saint-Oyen",326.599299770536,"METHOD_C_base+shrunkA_l0.10"
2025-04-01,"saint oyen","Saint-Oyen",172.851494255156,"METHOD_C_base+shrunkA_l0.10"
2025-05-01,"saint oyen","Saint-Oyen",138.566484546281,"METHOD_C_base+shrunkA_l0.10"
2025-06-01,"saint oyen","Saint-Oyen",390.766865011341,"METHOD_C_base+shrunkA_l0.10"
2025-07-01,"saint oyen","Saint-Oyen",1005.44298185806,"METHOD_C_base+shrunkA_l0.10"
2025-08-01,"saint oyen","Saint-Oyen",974.411503278657,"METHOD_C_base+shrunkA_l0.10"
2025-09-01,"saint oyen","Saint-Oyen",291.974116581233,"METHOD_C_base+shrunkA_l0.10"
2025-01-01,"saint pierre","Saint-Pierre",1205.51091608997,"METHOD_C_base+shrunkA_l0.10"
2025-02-01,"saint pierre","Saint-Pierre",1079.65128988433,"METHOD_C_base+shrunkA_l0.10"
2025-03-01,"saint pierre","Saint-Pierre",1048.18385215564,"METHOD_C_base+shrunkA_l0.10"
2025-04-01,"saint pierre","Saint-Pierre",747.006143180902,"METHOD_C_base+shrunkA_l0.10"
2025-05-01,"saint pierre","Saint-Pierre",926.131696991998,"METHOD_C_base+shrunkA_l0.10"
2025-06-01,"saint pierre","Saint-Pierre",1302.28061250548,"METHOD_C_base+shrunkA_l0.10"
2025-07-01,"saint pierre","Saint-Pierre",1947.770280633,"METHOD_C_base+shrunkA_l0.10"
2025-08-01,"saint pierre","Saint-Pierre",1822.39567193603,"METHOD_C_base+shrunkA_l0.10"
2025-09-01,"saint pierre","Saint-Pierre",1084.73176375622,"METHOD_C_base+shrunkA_l0.10"
2025-01-01,"saint rhemy en bosses","Saint-Rhémy-en-Bosses",368.318479655805,"METHOD_C_base+shrunkA_l0.10"
2025-02-01,"saint rhemy en bosses","Saint-Rhémy-en-Bosses",560.308838593329,"METHOD_C_base+shrunkA_l0.10"
2025-03-01,"saint rhemy en bosses","Saint-Rhémy-en-Bosses",480.848692842446,"METHOD_C_base+shrunkA_l0.10"
2025-04-01,"saint rhemy en bosses","Saint-Rhémy-en-Bosses",133.69697590199,"METHOD_C_base+shrunkA_l0.10"
2025-05-01,"saint rhemy en bosses","Saint-Rhémy-en-Bosses",87.0373233390194,"METHOD_C_base+shrunkA_l0.10"
2025-06-01,"saint rhemy en bosses","Saint-Rhémy-en-Bosses",446.923214396718,"METHOD_C_base+shrunkA_l0.10"
2025-07-01,"saint rhemy en bosses","Saint-Rhémy-en-Bosses",1525.81719889832,"METHOD_C_base+shrunkA_l0.10"
2025-08-01,"saint rhemy en bosses","Saint-Rhémy-en-Bosses",1573.34896645801,"METHOD_C_base+shrunkA_l0.10"
2025-09-01,"saint rhemy en bosses","Saint-Rhémy-en-Bosses",400.796459998409,"METHOD_C_base+shrunkA_l0.10"
2025-01-01,"saint vincent","Saint-Vincent",9243.51839523168,"METHOD_C_base+shrunkA_l0.10"
2025-02-01,"saint vincent","Saint-Vincent",7503.89640483299,"METHOD_C_base+shrunkA_l0.10"
2025-03-01,"saint vincent","Saint-Vincent",7519.406842729,"METHOD_C_base+shrunkA_l0.10"
2025-04-01,"saint vincent","Saint-Vincent",5219.21745193011,"METHOD_C_base+shrunkA_l0.10"
2025-05-01,"saint vincent","Saint-Vincent",5635.23035774281,"METHOD_C_base+shrunkA_l0.10"
2025-06-01,"saint vincent","Saint-Vincent",7333.5674461065,"METHOD_C_base+shrunkA_l0.10"
2025-07-01,"saint vincent","Saint-Vincent",8559.76662164127,"METHOD_C_base+shrunkA_l0.10"
2025-08-01,"saint vincent","Saint-Vincent",9511.51790545016,"METHOD_C_base+shrunkA_l0.10"
2025-09-01,"saint vincent","Saint-Vincent",6386.90481325915,"METHOD_C_base+shrunkA_l0.10"
2025-01-01,"sarre","Sarre",1705.4657466296,"METHOD_C_base+shrunkA_l0.10"
2025-02-01,"sarre","Sarre",1525.87942827879,"METHOD_C_base+shrunkA_l0.10"
2025-03-01,"sarre","Sarre",1252.08458063608,"METHOD_C_base+shrunkA_l0.10"
2025-04-01,"sarre","Sarre",817.020713726527,"METHOD_C_base+shrunkA_l0.10"
2025-05-01,"sarre","Sarre",2147.45694462736,"METHOD_C_base+shrunkA_l0.10"
2025-06-01,"sarre","Sarre",3362.67252676177,"METHOD_C_base+shrunkA_l0.10"
2025-07-01,"sarre","Sarre",5031.71527696411,"METHOD_C_base+shrunkA_l0.10"
2025-08-01,"sarre","Sarre",3962.66035548012,"METHOD_C_base+shrunkA_l0.10"
2025-09-01,"sarre","Sarre",2113.37308470802,"METHOD_C_base+shrunkA_l0.10"
2025-01-01,"torgnon","Torgnon",3098.43765660452,"METHOD_C_base+shrunkA_l0.10"
2025-02-01,"torgnon","Torgnon",2672.30699661338,"METHOD_C_base+shrunkA_l0.10"
2025-03-01,"torgnon","Torgnon",1915.17545726788,"METHOD_C_base+shrunkA_l0.10"
2025-04-01,"torgnon","Torgnon",311.902078213214,"METHOD_C_base+shrunkA_l0.10"
2025-05-01,"torgnon","Torgnon",164.125083298323,"METHOD_C_base+shrunkA_l0.10"
2025-06-01,"torgnon","Torgnon",883.900627668123,"METHOD_C_base+shrunkA_l0.10"
2025-07-01,"torgnon","Torgnon",2508.64013353633,"METHOD_C_base+shrunkA_l0.10"
2025-08-01,"torgnon","Torgnon",2094.08954132782,"METHOD_C_base+shrunkA_l0.10"
2025-09-01,"torgnon","Torgnon",452.223055041987,"METHOD_C_base+shrunkA_l0.10"
2025-01-01,"valgrisenche","Valgrisenche",634.45636163039,"METHOD_C_base+shrunkA_l0.10"
2025-02-01,"valgrisenche","Valgrisenche",544.711374170638,"METHOD_C_base+shrunkA_l0.10"
2025-03-01,"valgrisenche","Valgrisenche",503.458220736641,"METHOD_C_base+shrunkA_l0.10"
2025-04-01,"valgrisenche","Valgrisenche",334.156909085118,"METHOD_C_base+shrunkA_l0.10"
2025-05-01,"valgrisenche","Valgrisenche",125.090981860375,"METHOD_C_base+shrunkA_l0.10"
2025-06-01,"valgrisenche","Valgrisenche",548.718842776597,"METHOD_C_base+shrunkA_l0.10"
2025-07-01,"valgrisenche","Valgrisenche",3466.73797063951,"METHOD_C_base+shrunkA_l0.10"
2025-08-01,"valgrisenche","Valgrisenche",3570.56349144677,"METHOD_C_base+shrunkA_l0.10"
2025-09-01,"valgrisenche","Valgrisenche",827.652538744169,"METHOD_C_base+shrunkA_l0.10"
2025-01-01,"valpelline","Valpelline",234.319799147421,"METHOD_C_base+shrunkA_l0.10"
2025-02-01,"valpelline","Valpelline",305.663305028582,"METHOD_C_base+shrunkA_l0.10"
2025-03-01,"valpelline","Valpelline",243.522481493187,"METHOD_C_base+shrunkA_l0.10"
2025-04-01,"valpelline","Valpelline",203.37009969086,"METHOD_C_base+shrunkA_l0.10"
2025-05-01,"valpelline","Valpelline",226.97709289284,"METHOD_C_base+shrunkA_l0.10"
2025-06-01,"valpelline","Valpelline",525.700731915067,"METHOD_C_base+shrunkA_l0.10"
2025-07-01,"valpelline","Valpelline",1242.79957055385,"METHOD_C_base+shrunkA_l0.10"
2025-08-01,"valpelline","Valpelline",1799.69510033373,"METHOD_C_base+shrunkA_l0.10"
2025-09-01,"valpelline","Valpelline",341.475700914266,"METHOD_C_base+shrunkA_l0.10"
2025-01-01,"valsavarenche","Valsavarenche",207.616932765504,"METHOD_C_base+shrunkA_l0.10"
2025-02-01,"valsavarenche","Valsavarenche",226.091064694531,"METHOD_C_base+shrunkA_l0.10"
2025-03-01,"valsavarenche","Valsavarenche",205.825464563274,"METHOD_C_base+shrunkA_l0.10"
2025-04-01,"valsavarenche","Valsavarenche",1643.27114837481,"METHOD_C_base+shrunkA_l0.10"
2025-05-01,"valsavarenche","Valsavarenche",759.726078771211,"METHOD_C_base+shrunkA_l0.10"
2025-06-01,"valsavarenche","Valsavarenche",4372.12059672593,"METHOD_C_base+shrunkA_l0.10"
2025-07-01,"valsavarenche","Valsavarenche",9196.77235401632,"METHOD_C_base+shrunkA_l0.10"
2025-08-01,"valsavarenche","Valsavarenche",8760.02453970889,"METHOD_C_base+shrunkA_l0.10"
2025-09-01,"valsavarenche","Valsavarenche",2407.24374072314,"METHOD_C_base+shrunkA_l0.10"
2025-01-01,"valtournenche","Valtournenche",24871.1478987993,"METHOD_C_base+shrunkA_l0.10"
2025-02-01,"valtournenche","Valtournenche",23206.4752922317,"METHOD_C_base+shrunkA_l0.10"
2025-03-01,"valtournenche","Valtournenche",25334.7900675494,"METHOD_C_base+shrunkA_l0.10"
2025-04-01,"valtournenche","Valtournenche",12978.6498774094,"METHOD_C_base+shrunkA_l0.10"
2025-05-01,"valtournenche","Valtournenche",1831.97531428336,"METHOD_C_base+shrunkA_l0.10"
2025-06-01,"valtournenche","Valtournenche",3903.84523143913,"METHOD_C_base+shrunkA_l0.10"
2025-07-01,"valtournenche","Valtournenche",17179.3633498343,"METHOD_C_base+shrunkA_l0.10"
2025-08-01,"valtournenche","Valtournenche",19988.1521363153,"METHOD_C_base+shrunkA_l0.10"
2025-09-01,"valtournenche","Valtournenche",3462.64076565221,"METHOD_C_base+shrunkA_l0.10"
2025-01-01,"verrayes","Verrayes",655.340374956672,"METHOD_C_base+shrunkA_l0.10"
2025-02-01,"verrayes","Verrayes",395.344226144477,"METHOD_C_base+shrunkA_l0.10"
2025-03-01,"verrayes","Verrayes",518.364247347322,"METHOD_C_base+shrunkA_l0.10"
2025-04-01,"verrayes","Verrayes",274.029499451706,"METHOD_C_base+shrunkA_l0.10"
2025-05-01,"verrayes","Verrayes",171.647116940146,"METHOD_C_base+shrunkA_l0.10"
2025-06-01,"verrayes","Verrayes",345.108673618361,"METHOD_C_base+shrunkA_l0.10"
2025-07-01,"verrayes","Verrayes",711.416222479202,"METHOD_C_base+shrunkA_l0.10"
2025-08-01,"verrayes","Verrayes",749.097393879206,"METHOD_C_base+shrunkA_l0.10"
2025-09-01,"verrayes","Verrayes",200.441887767017,"METHOD_C_base+shrunkA_l0.10"
2025-01-01,"verres","Verrès",174.213329624686,"METHOD_C_base+shrunkA_l0.10"
2025-02-01,"verres","Verrès",87.373568720597,"METHOD_C_base+shrunkA_l0.10"
2025-03-01,"verres","Verrès",65.9003349385795,"METHOD_C_base+shrunkA_l0.10"
2025-04-01,"verres","Verrès",138.584721729575,"METHOD_C_base+shrunkA_l0.10"
2025-05-01,"verres","Verrès",243.373075009787,"METHOD_C_base+shrunkA_l0.10"
2025-06-01,"verres","Verrès",283.622900703943,"METHOD_C_base+shrunkA_l0.10"
2025-07-01,"verres","Verrès",355.603205464767,"METHOD_C_base+shrunkA_l0.10"
2025-08-01,"verres","Verrès",430.465103814811,"METHOD_C_base+shrunkA_l0.10"
2025-09-01,"verres","Verrès",260.29153807707,"METHOD_C_base+shrunkA_l0.10"
2025-01-01,"villeneuve","Villeneuve",366.067994734145,"METHOD_C_base+shrunkA_l0.10"
2025-02-01,"villeneuve","Villeneuve",554.057332421187,"METHOD_C_base+shrunkA_l0.10"
2025-03-01,"villeneuve","Villeneuve",544.729360602743,"METHOD_C_base+shrunkA_l0.10"
2025-04-01,"villeneuve","Villeneuve",224.793514642326,"METHOD_C_base+shrunkA_l0.10"
2025-05-01,"villeneuve","Villeneuve",248.596465403768,"METHOD_C_base+shrunkA_l0.10"
2025-06-01,"villeneuve","Villeneuve",296.499976407266,"METHOD_C_base+shrunkA_l0.10"
2025-07-01,"villeneuve","Villeneuve",344.164933529901,"METHOD_C_base+shrunkA_l0.10"
2025-08-01,"villeneuve","Villeneuve",467.443203902628,"METHOD_C_base+shrunkA_l0.10"
2025-09-01,"villeneuve","Villeneuve",211.74658986492,"METHOD_C_base+shrunkA_l0.10"
2025-01-01,"allein","Allein",15.8859464279833,"METHOD_D_base+meteoOnly_l0.10"
2025-02-01,"allein","Allein",3.08950104031397,"METHOD_D_base+meteoOnly_l0.10"
2025-03-01,"allein","Allein",6.73147263181512,"METHOD_D_base+meteoOnly_l0.10"
2025-04-01,"allein","Allein",11.3969107933724,"METHOD_D_base+meteoOnly_l0.10"
2025-05-01,"allein","Allein",1.11834240664934,"METHOD_D_base+meteoOnly_l0.10"
2025-06-01,"allein","Allein",27.3449092136394,"METHOD_D_base+meteoOnly_l0.10"
2025-07-01,"allein","Allein",82.2467176414219,"METHOD_D_base+meteoOnly_l0.10"
2025-08-01,"allein","Allein",90.355243036259,"METHOD_D_base+meteoOnly_l0.10"
2025-09-01,"allein","Allein",10.5355417611224,"METHOD_D_base+meteoOnly_l0.10"
2025-01-01,"antey saint andre","Antey-Saint-André",2671.34632162396,"METHOD_D_base+meteoOnly_l0.10"
2025-02-01,"antey saint andre","Antey-Saint-André",2685.10024078008,"METHOD_D_base+meteoOnly_l0.10"
2025-03-01,"antey saint andre","Antey-Saint-André",2394.81649713224,"METHOD_D_base+meteoOnly_l0.10"
2025-04-01,"antey saint andre","Antey-Saint-André",1202.92572949204,"METHOD_D_base+meteoOnly_l0.10"
2025-05-01,"antey saint andre","Antey-Saint-André",385.836201378354,"METHOD_D_base+meteoOnly_l0.10"
2025-06-01,"antey saint andre","Antey-Saint-André",1470.77705372381,"METHOD_D_base+meteoOnly_l0.10"
2025-07-01,"antey saint andre","Antey-Saint-André",3099.08671011734,"METHOD_D_base+meteoOnly_l0.10"
2025-08-01,"antey saint andre","Antey-Saint-André",3479.13203592595,"METHOD_D_base+meteoOnly_l0.10"
2025-09-01,"antey saint andre","Antey-Saint-André",1150.78695593265,"METHOD_D_base+meteoOnly_l0.10"
2025-01-01,"aosta","Aosta",12308.6384045153,"METHOD_D_base+meteoOnly_l0.10"
2025-02-01,"aosta","Aosta",10853.1295500859,"METHOD_D_base+meteoOnly_l0.10"
2025-03-01,"aosta","Aosta",9812.01128586564,"METHOD_D_base+meteoOnly_l0.10"
2025-04-01,"aosta","Aosta",10270.4202430954,"METHOD_D_base+meteoOnly_l0.10"
2025-05-01,"aosta","Aosta",12717.6023037694,"METHOD_D_base+meteoOnly_l0.10"
2025-06-01,"aosta","Aosta",11986.6380922852,"METHOD_D_base+meteoOnly_l0.10"
2025-07-01,"aosta","Aosta",16073.4943006923,"METHOD_D_base+meteoOnly_l0.10"
2025-08-01,"aosta","Aosta",17019.2796611741,"METHOD_D_base+meteoOnly_l0.10"
2025-09-01,"aosta","Aosta",12052.6921595568,"METHOD_D_base+meteoOnly_l0.10"
2025-01-01,"arnad","Arnad",228.804401299583,"METHOD_D_base+meteoOnly_l0.10"
2025-02-01,"arnad","Arnad",228.377695157553,"METHOD_D_base+meteoOnly_l0.10"
2025-03-01,"arnad","Arnad",246.400663570578,"METHOD_D_base+meteoOnly_l0.10"
2025-04-01,"arnad","Arnad",216.279062026384,"METHOD_D_base+meteoOnly_l0.10"
2025-05-01,"arnad","Arnad",380.074861868465,"METHOD_D_base+meteoOnly_l0.10"
2025-06-01,"arnad","Arnad",433.989910127855,"METHOD_D_base+meteoOnly_l0.10"
2025-07-01,"arnad","Arnad",580.088995790776,"METHOD_D_base+meteoOnly_l0.10"
2025-08-01,"arnad","Arnad",710.649490136939,"METHOD_D_base+meteoOnly_l0.10"
2025-09-01,"arnad","Arnad",301.723234982788,"METHOD_D_base+meteoOnly_l0.10"
2025-01-01,"arvier","Arvier",665.710394422494,"METHOD_D_base+meteoOnly_l0.10"
2025-02-01,"arvier","Arvier",817.021689329749,"METHOD_D_base+meteoOnly_l0.10"
2025-03-01,"arvier","Arvier",531.27163340712,"METHOD_D_base+meteoOnly_l0.10"
2025-04-01,"arvier","Arvier",402.914241426383,"METHOD_D_base+meteoOnly_l0.10"
2025-05-01,"arvier","Arvier",275.612220870119,"METHOD_D_base+meteoOnly_l0.10"
2025-06-01,"arvier","Arvier",798.836878256607,"METHOD_D_base+meteoOnly_l0.10"
2025-07-01,"arvier","Arvier",2631.32007511502,"METHOD_D_base+meteoOnly_l0.10"
2025-08-01,"arvier","Arvier",2839.95079800308,"METHOD_D_base+meteoOnly_l0.10"
2025-09-01,"arvier","Arvier",603.351039885241,"METHOD_D_base+meteoOnly_l0.10"
2025-01-01,"avise","Avise",74.6560434021583,"METHOD_D_base+meteoOnly_l0.10"
2025-02-01,"avise","Avise",95.842871671922,"METHOD_D_base+meteoOnly_l0.10"
2025-03-01,"avise","Avise",73.8743755171947,"METHOD_D_base+meteoOnly_l0.10"
2025-04-01,"avise","Avise",19.1925917023041,"METHOD_D_base+meteoOnly_l0.10"
2025-05-01,"avise","Avise",19.8117887760912,"METHOD_D_base+meteoOnly_l0.10"
2025-06-01,"avise","Avise",98.2860020621733,"METHOD_D_base+meteoOnly_l0.10"
2025-07-01,"avise","Avise",207.523750850928,"METHOD_D_base+meteoOnly_l0.10"
2025-08-01,"avise","Avise",206.753349315592,"METHOD_D_base+meteoOnly_l0.10"
2025-09-01,"avise","Avise",91.2118079274268,"METHOD_D_base+meteoOnly_l0.10"
2025-01-01,"ayas","Ayas",12758.6834882965,"METHOD_D_base+meteoOnly_l0.10"
2025-02-01,"ayas","Ayas",11539.3884157079,"METHOD_D_base+meteoOnly_l0.10"
2025-03-01,"ayas","Ayas",9529.61564883058,"METHOD_D_base+meteoOnly_l0.10"
2025-04-01,"ayas","Ayas",2125.10342948347,"METHOD_D_base+meteoOnly_l0.10"
2025-05-01,"ayas","Ayas",742.857632945599,"METHOD_D_base+meteoOnly_l0.10"
2025-06-01,"ayas","Ayas",5490.26788533832,"METHOD_D_base+meteoOnly_l0.10"
2025-07-01,"ayas","Ayas",12690.749532203,"METHOD_D_base+meteoOnly_l0.10"
2025-08-01,"ayas","Ayas",12547.8240084891,"METHOD_D_base+meteoOnly_l0.10"
2025-09-01,"ayas","Ayas",4997.7178686354,"METHOD_D_base+meteoOnly_l0.10"
2025-01-01,"aymavilles","Aymavilles",554.742830461706,"METHOD_D_base+meteoOnly_l0.10"
2025-02-01,"aymavilles","Aymavilles",535.303008087827,"METHOD_D_base+meteoOnly_l0.10"
2025-03-01,"aymavilles","Aymavilles",315.596256988887,"METHOD_D_base+meteoOnly_l0.10"
2025-04-01,"aymavilles","Aymavilles",299.831841836103,"METHOD_D_base+meteoOnly_l0.10"
2025-05-01,"aymavilles","Aymavilles",245.182728473769,"METHOD_D_base+meteoOnly_l0.10"
2025-06-01,"aymavilles","Aymavilles",446.350172387944,"METHOD_D_base+meteoOnly_l0.10"
2025-07-01,"aymavilles","Aymavilles",1077.05106881111,"METHOD_D_base+meteoOnly_l0.10"
2025-08-01,"aymavilles","Aymavilles",1239.74206149254,"METHOD_D_base+meteoOnly_l0.10"
2025-09-01,"aymavilles","Aymavilles",351.120933382826,"METHOD_D_base+meteoOnly_l0.10"
2025-01-01,"bard","Bard",607.951360934651,"METHOD_D_base+meteoOnly_l0.10"
2025-02-01,"bard","Bard",509.528982233217,"METHOD_D_base+meteoOnly_l0.10"
2025-03-01,"bard","Bard",330.359567989131,"METHOD_D_base+meteoOnly_l0.10"
2025-04-01,"bard","Bard",313.670486297863,"METHOD_D_base+meteoOnly_l0.10"
2025-05-01,"bard","Bard",629.049332786646,"METHOD_D_base+meteoOnly_l0.10"
2025-06-01,"bard","Bard",313.727612068909,"METHOD_D_base+meteoOnly_l0.10"
2025-07-01,"bard","Bard",845.920065480772,"METHOD_D_base+meteoOnly_l0.10"
2025-08-01,"bard","Bard",1128.8472723895,"METHOD_D_base+meteoOnly_l0.10"
2025-09-01,"bard","Bard",634.99144144285,"METHOD_D_base+meteoOnly_l0.10"
2025-01-01,"bionaz","Bionaz",152.002226075685,"METHOD_D_base+meteoOnly_l0.10"
2025-02-01,"bionaz","Bionaz",116.638181988847,"METHOD_D_base+meteoOnly_l0.10"
2025-03-01,"bionaz","Bionaz",378.889055954279,"METHOD_D_base+meteoOnly_l0.10"
2025-04-01,"bionaz","Bionaz",609.707292661382,"METHOD_D_base+meteoOnly_l0.10"
2025-05-01,"bionaz","Bionaz",180.687489433847,"METHOD_D_base+meteoOnly_l0.10"
2025-06-01,"bionaz","Bionaz",625.004936201976,"METHOD_D_base+meteoOnly_l0.10"
2025-07-01,"bionaz","Bionaz",2759.82411424402,"METHOD_D_base+meteoOnly_l0.10"
2025-08-01,"bionaz","Bionaz",3149.2734640536,"METHOD_D_base+meteoOnly_l0.10"
2025-09-01,"bionaz","Bionaz",555.00115006791,"METHOD_D_base+meteoOnly_l0.10"
2025-01-01,"brissogne","Brissogne",71.5693681515285,"METHOD_D_base+meteoOnly_l0.10"
2025-02-01,"brissogne","Brissogne",45.3896068467687,"METHOD_D_base+meteoOnly_l0.10"
2025-03-01,"brissogne","Brissogne",39.8140277219073,"METHOD_D_base+meteoOnly_l0.10"
2025-04-01,"brissogne","Brissogne",56.3216008119109,"METHOD_D_base+meteoOnly_l0.10"
2025-05-01,"brissogne","Brissogne",44.6933686005724,"METHOD_D_base+meteoOnly_l0.10"
2025-06-01,"brissogne","Brissogne",58.9881117469888,"METHOD_D_base+meteoOnly_l0.10"
2025-07-01,"brissogne","Brissogne",87.0107359293764,"METHOD_D_base+meteoOnly_l0.10"
2025-08-01,"brissogne","Brissogne",85.0595598463551,"METHOD_D_base+meteoOnly_l0.10"
2025-09-01,"brissogne","Brissogne",39.3402813914658,"METHOD_D_base+meteoOnly_l0.10"
2025-01-01,"brusson","Brusson",3271.72823035173,"METHOD_D_base+meteoOnly_l0.10"
2025-02-01,"brusson","Brusson",3679.23506751623,"METHOD_D_base+meteoOnly_l0.10"
2025-03-01,"brusson","Brusson",2155.16524521322,"METHOD_D_base+meteoOnly_l0.10"
2025-04-01,"brusson","Brusson",890.661297104815,"METHOD_D_base+meteoOnly_l0.10"
2025-05-01,"brusson","Brusson",494.718848418665,"METHOD_D_base+meteoOnly_l0.10"
2025-06-01,"brusson","Brusson",2406.61560409596,"METHOD_D_base+meteoOnly_l0.10"
2025-07-01,"brusson","Brusson",4776.05772013764,"METHOD_D_base+meteoOnly_l0.10"
2025-08-01,"brusson","Brusson",4828.26571518822,"METHOD_D_base+meteoOnly_l0.10"
2025-09-01,"brusson","Brusson",1887.42177846201,"METHOD_D_base+meteoOnly_l0.10"
2025-01-01,"challand saint anselme","Challand-Saint-Anselme",578.906819141951,"METHOD_D_base+meteoOnly_l0.10"
2025-02-01,"challand saint anselme","Challand-Saint-Anselme",513.025065125241,"METHOD_D_base+meteoOnly_l0.10"
2025-03-01,"challand saint anselme","Challand-Saint-Anselme",372.712444853767,"METHOD_D_base+meteoOnly_l0.10"
2025-04-01,"challand saint anselme","Challand-Saint-Anselme",284.322123984248,"METHOD_D_base+meteoOnly_l0.10"
2025-05-01,"challand saint anselme","Challand-Saint-Anselme",220.604113161937,"METHOD_D_base+meteoOnly_l0.10"
2025-06-01,"challand saint anselme","Challand-Saint-Anselme",624.016987687502,"METHOD_D_base+meteoOnly_l0.10"
2025-07-01,"challand saint anselme","Challand-Saint-Anselme",1006.88538365434,"METHOD_D_base+meteoOnly_l0.10"
2025-08-01,"challand saint anselme","Challand-Saint-Anselme",1029.16328548678,"METHOD_D_base+meteoOnly_l0.10"
2025-09-01,"challand saint anselme","Challand-Saint-Anselme",485.108079294572,"METHOD_D_base+meteoOnly_l0.10"
2025-01-01,"challand saint victor","Challand-Saint-Victor",82.3588949284176,"METHOD_D_base+meteoOnly_l0.10"
2025-02-01,"challand saint victor","Challand-Saint-Victor",50.7621891009572,"METHOD_D_base+meteoOnly_l0.10"
2025-03-01,"challand saint victor","Challand-Saint-Victor",48.514676438301,"METHOD_D_base+meteoOnly_l0.10"
2025-04-01,"challand saint victor","Challand-Saint-Victor",68.2723088466496,"METHOD_D_base+meteoOnly_l0.10"
2025-05-01,"challand saint victor","Challand-Saint-Victor",53.9794271671172,"METHOD_D_base+meteoOnly_l0.10"
2025-06-01,"challand saint victor","Challand-Saint-Victor",55.6377873013675,"METHOD_D_base+meteoOnly_l0.10"
2025-07-01,"challand saint victor","Challand-Saint-Victor",78.2629508912275,"METHOD_D_base+meteoOnly_l0.10"
2025-08-01,"challand saint victor","Challand-Saint-Victor",84.5032700024629,"METHOD_D_base+meteoOnly_l0.10"
2025-09-01,"challand saint victor","Challand-Saint-Victor",20.7354655359428,"METHOD_D_base+meteoOnly_l0.10"
2025-01-01,"chambave","Chambave",119.802031316235,"METHOD_D_base+meteoOnly_l0.10"
2025-02-01,"chambave","Chambave",104.376038511067,"METHOD_D_base+meteoOnly_l0.10"
2025-03-01,"chambave","Chambave",113.539899208873,"METHOD_D_base+meteoOnly_l0.10"
2025-04-01,"chambave","Chambave",95.5428235702237,"METHOD_D_base+meteoOnly_l0.10"
2025-05-01,"chambave","Chambave",120.557916682006,"METHOD_D_base+meteoOnly_l0.10"
2025-06-01,"chambave","Chambave",120.596542543561,"METHOD_D_base+meteoOnly_l0.10"
2025-07-01,"chambave","Chambave",132.854492340444,"METHOD_D_base+meteoOnly_l0.10"
2025-08-01,"chambave","Chambave",174.586967334631,"METHOD_D_base+meteoOnly_l0.10"
2025-09-01,"chambave","Chambave",104.284339479723,"METHOD_D_base+meteoOnly_l0.10"
2025-01-01,"chamois","Chamois",786.010823844689,"METHOD_D_base+meteoOnly_l0.10"
2025-02-01,"chamois","Chamois",894.732004608815,"METHOD_D_base+meteoOnly_l0.10"
2025-03-01,"chamois","Chamois",625.321112895816,"METHOD_D_base+meteoOnly_l0.10"
2025-04-01,"chamois","Chamois",42.8069504915876,"METHOD_D_base+meteoOnly_l0.10"
2025-05-01,"chamois","Chamois",10.9462892208719,"METHOD_D_base+meteoOnly_l0.10"
2025-06-01,"chamois","Chamois",191.786862538173,"METHOD_D_base+meteoOnly_l0.10"
2025-07-01,"chamois","Chamois",652.179328466915,"METHOD_D_base+meteoOnly_l0.10"
2025-08-01,"chamois","Chamois",792.626204064753,"METHOD_D_base+meteoOnly_l0.10"
2025-09-01,"chamois","Chamois",248.84363078996,"METHOD_D_base+meteoOnly_l0.10"
2025-01-01,"champdepraz","Champdepraz",340.303855304183,"METHOD_D_base+meteoOnly_l0.10"
2025-02-01,"champdepraz","Champdepraz",273.58591127021,"METHOD_D_base+meteoOnly_l0.10"
2025-03-01,"champdepraz","Champdepraz",193.434796280467,"METHOD_D_base+meteoOnly_l0.10"
2025-04-01,"champdepraz","Champdepraz",198.771064549011,"METHOD_D_base+meteoOnly_l0.10"
2025-05-01,"champdepraz","Champdepraz",39.9613965758529,"METHOD_D_base+meteoOnly_l0.10"
2025-06-01,"champdepraz","Champdepraz",210.606943024691,"METHOD_D_base+meteoOnly_l0.10"
2025-07-01,"champdepraz","Champdepraz",311.764487380574,"METHOD_D_base+meteoOnly_l0.10"
2025-08-01,"champdepraz","Champdepraz",325.93391358578,"METHOD_D_base+meteoOnly_l0.10"
2025-09-01,"champdepraz","Champdepraz",241.429769927494,"METHOD_D_base+meteoOnly_l0.10"
2025-01-01,"champorcher","Champorcher",830.477997435891,"METHOD_D_base+meteoOnly_l0.10"
2025-02-01,"champorcher","Champorcher",812.068587500063,"METHOD_D_base+meteoOnly_l0.10"
2025-03-01,"champorcher","Champorcher",228.321833456013,"METHOD_D_base+meteoOnly_l0.10"
2025-04-01,"champorcher","Champorcher",116.076041844376,"METHOD_D_base+meteoOnly_l0.10"
2025-05-01,"champorcher","Champorcher",77.8421008515402,"METHOD_D_base+meteoOnly_l0.10"
2025-06-01,"champorcher","Champorcher",311.596770395037,"METHOD_D_base+meteoOnly_l0.10"
2025-07-01,"champorcher","Champorcher",1717.65133112146,"METHOD_D_base+meteoOnly_l0.10"
2025-08-01,"champorcher","Champorcher",1609.38035045847,"METHOD_D_base+meteoOnly_l0.10"
2025-09-01,"champorcher","Champorcher",326.103043433905,"METHOD_D_base+meteoOnly_l0.10"
2025-01-01,"charvensod","Charvensod",1501.4199633802,"METHOD_D_base+meteoOnly_l0.10"
2025-02-01,"charvensod","Charvensod",1337.57477383551,"METHOD_D_base+meteoOnly_l0.10"
2025-03-01,"charvensod","Charvensod",1453.82172388363,"METHOD_D_base+meteoOnly_l0.10"
2025-04-01,"charvensod","Charvensod",1444.42235733382,"METHOD_D_base+meteoOnly_l0.10"
2025-05-01,"charvensod","Charvensod",1952.64562495617,"METHOD_D_base+meteoOnly_l0.10"
2025-06-01,"charvensod","Charvensod",1842.41735781135,"METHOD_D_base+meteoOnly_l0.10"
2025-07-01,"charvensod","Charvensod",2720.71802378925,"METHOD_D_base+meteoOnly_l0.10"
2025-08-01,"charvensod","Charvensod",2877.55666477795,"METHOD_D_base+meteoOnly_l0.10"
2025-09-01,"charvensod","Charvensod",1911.32702579133,"METHOD_D_base+meteoOnly_l0.10"
2025-01-01,"chatillon","Châtillon",3590.25308027905,"METHOD_D_base+meteoOnly_l0.10"
2025-02-01,"chatillon","Châtillon",3082.73870068208,"METHOD_D_base+meteoOnly_l0.10"
2025-03-01,"chatillon","Châtillon",2615.27806188324,"METHOD_D_base+meteoOnly_l0.10"
2025-04-01,"chatillon","Châtillon",2725.08934026861,"METHOD_D_base+meteoOnly_l0.10"
2025-05-01,"chatillon","Châtillon",2626.89034314304,"METHOD_D_base+meteoOnly_l0.10"
2025-06-01,"chatillon","Châtillon",2941.41171665671,"METHOD_D_base+meteoOnly_l0.10"
2025-07-01,"chatillon","Châtillon",3746.2182414092,"METHOD_D_base+meteoOnly_l0.10"
2025-08-01,"chatillon","Châtillon",4028.87580826634,"METHOD_D_base+meteoOnly_l0.10"
2025-09-01,"chatillon","Châtillon",2775.68140871951,"METHOD_D_base+meteoOnly_l0.10"
2025-01-01,"cogne","Cogne",8748.26154904156,"METHOD_D_base+meteoOnly_l0.10"
2025-02-01,"cogne","Cogne",7567.17530982359,"METHOD_D_base+meteoOnly_l0.10"
2025-03-01,"cogne","Cogne",4868.40867586598,"METHOD_D_base+meteoOnly_l0.10"
2025-04-01,"cogne","Cogne",1630.10686785895,"METHOD_D_base+meteoOnly_l0.10"
2025-05-01,"cogne","Cogne",3143.22432530947,"METHOD_D_base+meteoOnly_l0.10"
2025-06-01,"cogne","Cogne",6962.80189797442,"METHOD_D_base+meteoOnly_l0.10"
2025-07-01,"cogne","Cogne",7165.05450667245,"METHOD_D_base+meteoOnly_l0.10"
2025-08-01,"cogne","Cogne",12290.3650615249,"METHOD_D_base+meteoOnly_l0.10"
2025-09-01,"cogne","Cogne",7207.84679452488,"METHOD_D_base+meteoOnly_l0.10"
2025-01-01,"courmayeur","Courmayeur",23904.7464675759,"METHOD_D_base+meteoOnly_l0.10"
2025-02-01,"courmayeur","Courmayeur",21952.8533034749,"METHOD_D_base+meteoOnly_l0.10"
2025-03-01,"courmayeur","Courmayeur",19555.5274091863,"METHOD_D_base+meteoOnly_l0.10"
2025-04-01,"courmayeur","Courmayeur",4789.59479459911,"METHOD_D_base+meteoOnly_l0.10"
2025-05-01,"courmayeur","Courmayeur",2529.60891934664,"METHOD_D_base+meteoOnly_l0.10"
2025-06-01,"courmayeur","Courmayeur",28849.6431027871,"METHOD_D_base+meteoOnly_l0.10"
2025-07-01,"courmayeur","Courmayeur",54249.4968080919,"METHOD_D_base+meteoOnly_l0.10"
2025-08-01,"courmayeur","Courmayeur",52240.0497859601,"METHOD_D_base+meteoOnly_l0.10"
2025-09-01,"courmayeur","Courmayeur",24206.8934031369,"METHOD_D_base+meteoOnly_l0.10"
2025-01-01,"donnas","Donnas",150.047077327316,"METHOD_D_base+meteoOnly_l0.10"
2025-02-01,"donnas","Donnas",127.148608474391,"METHOD_D_base+meteoOnly_l0.10"
2025-03-01,"donnas","Donnas",87.0402213406714,"METHOD_D_base+meteoOnly_l0.10"
2025-04-01,"donnas","Donnas",218.654721717769,"METHOD_D_base+meteoOnly_l0.10"
2025-05-01,"donnas","Donnas",235.109173813368,"METHOD_D_base+meteoOnly_l0.10"
2025-06-01,"donnas","Donnas",251.500087489963,"METHOD_D_base+meteoOnly_l0.10"
2025-07-01,"donnas","Donnas",448.180116279314,"METHOD_D_base+meteoOnly_l0.10"
2025-08-01,"donnas","Donnas",497.942041988295,"METHOD_D_base+meteoOnly_l0.10"
2025-09-01,"donnas","Donnas",157.021866192015,"METHOD_D_base+meteoOnly_l0.10"
2025-01-01,"doues","Doues",121.415565006544,"METHOD_D_base+meteoOnly_l0.10"
2025-02-01,"doues","Doues",129.535119939906,"METHOD_D_base+meteoOnly_l0.10"
2025-03-01,"doues","Doues",76.829355117083,"METHOD_D_base+meteoOnly_l0.10"
2025-04-01,"doues","Doues",73.8080834151998,"METHOD_D_base+meteoOnly_l0.10"
2025-05-01,"doues","Doues",51.4682546353872,"METHOD_D_base+meteoOnly_l0.10"
2025-06-01,"doues","Doues",187.60343461506,"METHOD_D_base+meteoOnly_l0.10"
2025-07-01,"doues","Doues",628.461606112646,"METHOD_D_base+meteoOnly_l0.10"
2025-08-01,"doues","Doues",621.850556705299,"METHOD_D_base+meteoOnly_l0.10"
2025-09-01,"doues","Doues",289.384487717484,"METHOD_D_base+meteoOnly_l0.10"
2025-01-01,"emarese","Emarèse",46.2658162807303,"METHOD_D_base+meteoOnly_l0.10"
2025-02-01,"emarese","Emarèse",32.7969208923589,"METHOD_D_base+meteoOnly_l0.10"
2025-03-01,"emarese","Emarèse",39.0887101054477,"METHOD_D_base+meteoOnly_l0.10"
2025-04-01,"emarese","Emarèse",6.37760037408427,"METHOD_D_base+meteoOnly_l0.10"
2025-05-01,"emarese","Emarèse",32.8194296517163,"METHOD_D_base+meteoOnly_l0.10"
2025-06-01,"emarese","Emarèse",18.4883554291219,"METHOD_D_base+meteoOnly_l0.10"
2025-07-01,"emarese","Emarèse",82.5001658670157,"METHOD_D_base+meteoOnly_l0.10"
2025-08-01,"emarese","Emarèse",107.589444798131,"METHOD_D_base+meteoOnly_l0.10"
2025-09-01,"emarese","Emarèse",19.8029365753955,"METHOD_D_base+meteoOnly_l0.10"
2025-01-01,"etroubles","Etroubles",661.171222818417,"METHOD_D_base+meteoOnly_l0.10"
2025-02-01,"etroubles","Etroubles",751.098221772533,"METHOD_D_base+meteoOnly_l0.10"
2025-03-01,"etroubles","Etroubles",447.473574141465,"METHOD_D_base+meteoOnly_l0.10"
2025-04-01,"etroubles","Etroubles",314.964388153884,"METHOD_D_base+meteoOnly_l0.10"
2025-05-01,"etroubles","Etroubles",623.004007721095,"METHOD_D_base+meteoOnly_l0.10"
2025-06-01,"etroubles","Etroubles",1878.62599631105,"METHOD_D_base+meteoOnly_l0.10"
2025-07-01,"etroubles","Etroubles",3765.1198870636,"METHOD_D_base+meteoOnly_l0.10"
2025-08-01,"etroubles","Etroubles",3805.12244064382,"METHOD_D_base+meteoOnly_l0.10"
2025-09-01,"etroubles","Etroubles",2014.4107940414,"METHOD_D_base+meteoOnly_l0.10"
2025-01-01,"fenis","Fénis",708.932295430288,"METHOD_D_base+meteoOnly_l0.10"
2025-02-01,"fenis","Fénis",605.375028889958,"METHOD_D_base+meteoOnly_l0.10"
2025-03-01,"fenis","Fénis",560.255563940947,"METHOD_D_base+meteoOnly_l0.10"
2025-04-01,"fenis","Fénis",585.194976681974,"METHOD_D_base+meteoOnly_l0.10"
2025-05-01,"fenis","Fénis",752.01500130134,"METHOD_D_base+meteoOnly_l0.10"
2025-06-01,"fenis","Fénis",815.576824896127,"METHOD_D_base+meteoOnly_l0.10"
2025-07-01,"fenis","Fénis",1212.85809862333,"METHOD_D_base+meteoOnly_l0.10"
2025-08-01,"fenis","Fénis",1308.63273934707,"METHOD_D_base+meteoOnly_l0.10"
2025-09-01,"fenis","Fénis",685.41015162659,"METHOD_D_base+meteoOnly_l0.10"
2025-01-01,"fontainemore","Fontainemore",68.1271231129569,"METHOD_D_base+meteoOnly_l0.10"
2025-02-01,"fontainemore","Fontainemore",64.3458897678949,"METHOD_D_base+meteoOnly_l0.10"
2025-03-01,"fontainemore","Fontainemore",35.5171047447363,"METHOD_D_base+meteoOnly_l0.10"
2025-04-01,"fontainemore","Fontainemore",43.6642173198271,"METHOD_D_base+meteoOnly_l0.10"
2025-05-01,"fontainemore","Fontainemore",29.0030715040123,"METHOD_D_base+meteoOnly_l0.10"
2025-06-01,"fontainemore","Fontainemore",190.260320202533,"METHOD_D_base+meteoOnly_l0.10"
2025-07-01,"fontainemore","Fontainemore",703.69374082945,"METHOD_D_base+meteoOnly_l0.10"
2025-08-01,"fontainemore","Fontainemore",980.033988368346,"METHOD_D_base+meteoOnly_l0.10"
2025-09-01,"fontainemore","Fontainemore",245.975179316075,"METHOD_D_base+meteoOnly_l0.10"
2025-01-01,"gaby","Gaby",924.103463321096,"METHOD_D_base+meteoOnly_l0.10"
2025-02-01,"gaby","Gaby",780.686450542795,"METHOD_D_base+meteoOnly_l0.10"
2025-03-01,"gaby","Gaby",465.51741958182,"METHOD_D_base+meteoOnly_l0.10"
2025-04-01,"gaby","Gaby",278.890486200313,"METHOD_D_base+meteoOnly_l0.10"
2025-05-01,"gaby","Gaby",130.305951210724,"METHOD_D_base+meteoOnly_l0.10"
2025-06-01,"gaby","Gaby",540.523391057166,"METHOD_D_base+meteoOnly_l0.10"
2025-07-01,"gaby","Gaby",1338.27570812786,"METHOD_D_base+meteoOnly_l0.10"
2025-08-01,"gaby","Gaby",1256.28988387783,"METHOD_D_base+meteoOnly_l0.10"
2025-09-01,"gaby","Gaby",405.648068365678,"METHOD_D_base+meteoOnly_l0.10"
2025-01-01,"gignod","Gignod",537.15862849352,"METHOD_D_base+meteoOnly_l0.10"
2025-02-01,"gignod","Gignod",389.780253553175,"METHOD_D_base+meteoOnly_l0.10"
2025-03-01,"gignod","Gignod",313.971388193713,"METHOD_D_base+meteoOnly_l0.10"
2025-04-01,"gignod","Gignod",269.679764923057,"METHOD_D_base+meteoOnly_l0.10"
2025-05-01,"gignod","Gignod",386.05856946052,"METHOD_D_base+meteoOnly_l0.10"
2025-06-01,"gignod","Gignod",646.321269644704,"METHOD_D_base+meteoOnly_l0.10"
2025-07-01,"gignod","Gignod",1674.35981923448,"METHOD_D_base+meteoOnly_l0.10"
2025-08-01,"gignod","Gignod",1863.02905767944,"METHOD_D_base+meteoOnly_l0.10"
2025-09-01,"gignod","Gignod",584.72476184641,"METHOD_D_base+meteoOnly_l0.10"
2025-01-01,"gressan","Gressan",8268.49085968855,"METHOD_D_base+meteoOnly_l0.10"
2025-02-01,"gressan","Gressan",7030.84354067733,"METHOD_D_base+meteoOnly_l0.10"
2025-03-01,"gressan","Gressan",5669.07833812762,"METHOD_D_base+meteoOnly_l0.10"
2025-04-01,"gressan","Gressan",1067.19485272491,"METHOD_D_base+meteoOnly_l0.10"
2025-05-01,"gressan","Gressan",406.018182832633,"METHOD_D_base+meteoOnly_l0.10"
2025-06-01,"gressan","Gressan",1320.2394549132,"METHOD_D_base+meteoOnly_l0.10"
2025-07-01,"gressan","Gressan",6636.05346162893,"METHOD_D_base+meteoOnly_l0.10"
2025-08-01,"gressan","Gressan",4654.54473058014,"METHOD_D_base+meteoOnly_l0.10"
2025-09-01,"gressan","Gressan",523.179884561342,"METHOD_D_base+meteoOnly_l0.10"
2025-01-01,"gressoney la trinite","Gressoney-La-Trinité",4317.09175293165,"METHOD_D_base+meteoOnly_l0.10"
2025-02-01,"gressoney la trinite","Gressoney-La-Trinité",4995.88012970492,"METHOD_D_base+meteoOnly_l0.10"
2025-03-01,"gressoney la trinite","Gressoney-La-Trinité",4516.62422530867,"METHOD_D_base+meteoOnly_l0.10"
2025-04-01,"gressoney la trinite","Gressoney-La-Trinité",2175.09235665766,"METHOD_D_base+meteoOnly_l0.10"
2025-05-01,"gressoney la trinite","Gressoney-La-Trinité",96.4982394690032,"METHOD_D_base+meteoOnly_l0.10"
2025-06-01,"gressoney la trinite","Gressoney-La-Trinité",8075.36401107896,"METHOD_D_base+meteoOnly_l0.10"
2025-07-01,"gressoney la trinite","Gressoney-La-Trinité",18034.5720746925,"METHOD_D_base+meteoOnly_l0.10"
2025-08-01,"gressoney la trinite","Gressoney-La-Trinité",14475.2716912823,"METHOD_D_base+meteoOnly_l0.10"
2025-09-01,"gressoney la trinite","Gressoney-La-Trinité",3964.0745542847,"METHOD_D_base+meteoOnly_l0.10"
2025-01-01,"gressoney saint jean","Gressoney-Saint-Jean",4562.88504495867,"METHOD_D_base+meteoOnly_l0.10"
2025-02-01,"gressoney saint jean","Gressoney-Saint-Jean",4629.14493092298,"METHOD_D_base+meteoOnly_l0.10"
2025-03-01,"gressoney saint jean","Gressoney-Saint-Jean",3204.5669428576,"METHOD_D_base+meteoOnly_l0.10"
2025-04-01,"gressoney saint jean","Gressoney-Saint-Jean",1260.66321985733,"METHOD_D_base+meteoOnly_l0.10"
2025-05-01,"gressoney saint jean","Gressoney-Saint-Jean",498.717380251288,"METHOD_D_base+meteoOnly_l0.10"
2025-06-01,"gressoney saint jean","Gressoney-Saint-Jean",2952.53993089645,"METHOD_D_base+meteoOnly_l0.10"
2025-07-01,"gressoney saint jean","Gressoney-Saint-Jean",5104.09806597321,"METHOD_D_base+meteoOnly_l0.10"
2025-08-01,"gressoney saint jean","Gressoney-Saint-Jean",4730.35494913849,"METHOD_D_base+meteoOnly_l0.10"
2025-09-01,"gressoney saint jean","Gressoney-Saint-Jean",1795.56938636137,"METHOD_D_base+meteoOnly_l0.10"
2025-01-01,"hone","Hône",100.700483375657,"METHOD_D_base+meteoOnly_l0.10"
2025-02-01,"hone","Hône",87.1283232467583,"METHOD_D_base+meteoOnly_l0.10"
2025-03-01,"hone","Hône",90.9308217644872,"METHOD_D_base+meteoOnly_l0.10"
2025-04-01,"hone","Hône",112.091533607053,"METHOD_D_base+meteoOnly_l0.10"
2025-05-01,"hone","Hône",72.980967212208,"METHOD_D_base+meteoOnly_l0.10"
2025-06-01,"hone","Hône",130.345154824117,"METHOD_D_base+meteoOnly_l0.10"
2025-07-01,"hone","Hône",221.267032831704,"METHOD_D_base+meteoOnly_l0.10"
2025-08-01,"hone","Hône",335.660126035816,"METHOD_D_base+meteoOnly_l0.10"
2025-09-01,"hone","Hône",116.811038110821,"METHOD_D_base+meteoOnly_l0.10"
2025-01-01,"introd","Introd",395.866498426246,"METHOD_D_base+meteoOnly_l0.10"
2025-02-01,"introd","Introd",503.221928709651,"METHOD_D_base+meteoOnly_l0.10"
2025-03-01,"introd","Introd",288.206190617826,"METHOD_D_base+meteoOnly_l0.10"
2025-04-01,"introd","Introd",266.567349836162,"METHOD_D_base+meteoOnly_l0.10"
2025-05-01,"introd","Introd",207.329633832209,"METHOD_D_base+meteoOnly_l0.10"
2025-06-01,"introd","Introd",548.283699602838,"METHOD_D_base+meteoOnly_l0.10"
2025-07-01,"introd","Introd",984.142811625229,"METHOD_D_base+meteoOnly_l0.10"
2025-08-01,"introd","Introd",875.547592904271,"METHOD_D_base+meteoOnly_l0.10"
2025-09-01,"introd","Introd",377.573153231982,"METHOD_D_base+meteoOnly_l0.10"
2025-01-01,"issime","Issime",117.449976326371,"METHOD_D_base+meteoOnly_l0.10"
2025-02-01,"issime","Issime",93.8434368572076,"METHOD_D_base+meteoOnly_l0.10"
2025-03-01,"issime","Issime",74.9402080835644,"METHOD_D_base+meteoOnly_l0.10"
2025-04-01,"issime","Issime",43.5362921068734,"METHOD_D_base+meteoOnly_l0.10"
2025-05-01,"issime","Issime",44.2943493869205,"METHOD_D_base+meteoOnly_l0.10"
2025-06-01,"issime","Issime",87.6459042321728,"METHOD_D_base+meteoOnly_l0.10"
2025-07-01,"issime","Issime",61.1984315325146,"METHOD_D_base+meteoOnly_l0.10"
2025-08-01,"issime","Issime",63.4159340197608,"METHOD_D_base+meteoOnly_l0.10"
2025-09-01,"issime","Issime",60.6974003687098,"METHOD_D_base+meteoOnly_l0.10"
2025-01-01,"issogne","Issogne",16.8038648947936,"METHOD_D_base+meteoOnly_l0.10"
2025-02-01,"issogne","Issogne",21.7037804166265,"METHOD_D_base+meteoOnly_l0.10"
2025-03-01,"issogne","Issogne",20.6904190806818,"METHOD_D_base+meteoOnly_l0.10"
2025-04-01,"issogne","Issogne",31.6869849561793,"METHOD_D_base+meteoOnly_l0.10"
2025-05-01,"issogne","Issogne",48.8942808856394,"METHOD_D_base+meteoOnly_l0.10"
2025-06-01,"issogne","Issogne",14.9676255512144,"METHOD_D_base+meteoOnly_l0.10"
2025-07-01,"issogne","Issogne",41.2607482672244,"METHOD_D_base+meteoOnly_l0.10"
2025-08-01,"issogne","Issogne",60.4930283346001,"METHOD_D_base+meteoOnly_l0.10"
2025-09-01,"issogne","Issogne",31.5147515592023,"METHOD_D_base+meteoOnly_l0.10"
2025-01-01,"jovencan","Jovençan",606.61024009744,"METHOD_D_base+meteoOnly_l0.10"
2025-02-01,"jovencan","Jovençan",565.352231332341,"METHOD_D_base+meteoOnly_l0.10"
2025-03-01,"jovencan","Jovençan",556.634984328445,"METHOD_D_base+meteoOnly_l0.10"
2025-04-01,"jovencan","Jovençan",493.440637697303,"METHOD_D_base+meteoOnly_l0.10"
2025-05-01,"jovencan","Jovençan",662.825042528425,"METHOD_D_base+meteoOnly_l0.10"
2025-06-01,"jovencan","Jovençan",566.560863389506,"METHOD_D_base+meteoOnly_l0.10"
2025-07-01,"jovencan","Jovençan",719.106667949573,"METHOD_D_base+meteoOnly_l0.10"
2025-08-01,"jovencan","Jovençan",780.834797746503,"METHOD_D_base+meteoOnly_l0.10"
2025-09-01,"jovencan","Jovençan",540.603602284736,"METHOD_D_base+meteoOnly_l0.10"
2025-01-01,"la magdeleine","La Magdeleine",108.609203938581,"METHOD_D_base+meteoOnly_l0.10"
2025-02-01,"la magdeleine","La Magdeleine",132.723625479511,"METHOD_D_base+meteoOnly_l0.10"
2025-03-01,"la magdeleine","La Magdeleine",68.4790223341247,"METHOD_D_base+meteoOnly_l0.10"
2025-04-01,"la magdeleine","La Magdeleine",10.2754428034782,"METHOD_D_base+meteoOnly_l0.10"
2025-05-01,"la magdeleine","La Magdeleine",42.1651229845697,"METHOD_D_base+meteoOnly_l0.10"
2025-06-01,"la magdeleine","La Magdeleine",72.2142509633815,"METHOD_D_base+meteoOnly_l0.10"
2025-07-01,"la magdeleine","La Magdeleine",155.419147734868,"METHOD_D_base+meteoOnly_l0.10"
2025-08-01,"la magdeleine","La Magdeleine",164.336516702865,"METHOD_D_base+meteoOnly_l0.10"
2025-09-01,"la magdeleine","La Magdeleine",39.2955079065655,"METHOD_D_base+meteoOnly_l0.10"
2025-01-01,"la salle","La Salle",2671.58880877285,"METHOD_D_base+meteoOnly_l0.10"
2025-02-01,"la salle","La Salle",2710.00241917728,"METHOD_D_base+meteoOnly_l0.10"
2025-03-01,"la salle","La Salle",2286.97824896856,"METHOD_D_base+meteoOnly_l0.10"
2025-04-01,"la salle","La Salle",1315.32013673109,"METHOD_D_base+meteoOnly_l0.10"
2025-05-01,"la salle","La Salle",952.825160320686,"METHOD_D_base+meteoOnly_l0.10"
2025-06-01,"la salle","La Salle",1795.96867770619,"METHOD_D_base+meteoOnly_l0.10"
2025-07-01,"la salle","La Salle",3442.8877148066,"METHOD_D_base+meteoOnly_l0.10"
2025-08-01,"la salle","La Salle",3581.28463692373,"METHOD_D_base+meteoOnly_l0.10"
2025-09-01,"la salle","La Salle",1314.56428902598,"METHOD_D_base+meteoOnly_l0.10"
2025-01-01,"la thuile","La Thuile",10414.7697237398,"METHOD_D_base+meteoOnly_l0.10"
2025-02-01,"la thuile","La Thuile",10341.4485023122,"METHOD_D_base+meteoOnly_l0.10"
2025-03-01,"la thuile","La Thuile",9604.20784407187,"METHOD_D_base+meteoOnly_l0.10"
2025-04-01,"la thuile","La Thuile",1208.40425768175,"METHOD_D_base+meteoOnly_l0.10"
2025-05-01,"la thuile","La Thuile",51.3143534805941,"METHOD_D_base+meteoOnly_l0.10"
2025-06-01,"la thuile","La Thuile",5551.85461995265,"METHOD_D_base+meteoOnly_l0.10"
2025-07-01,"la thuile","La Thuile",12220.8867650669,"METHOD_D_base+meteoOnly_l0.10"
2025-08-01,"la thuile","La Thuile",12865.9680559311,"METHOD_D_base+meteoOnly_l0.10"
2025-09-01,"la thuile","La Thuile",2762.87465574705,"METHOD_D_base+meteoOnly_l0.10"
2025-01-01,"lillianes","Lillianes",110.937516495896,"METHOD_D_base+meteoOnly_l0.10"
2025-02-01,"lillianes","Lillianes",79.0932262115593,"METHOD_D_base+meteoOnly_l0.10"
2025-03-01,"lillianes","Lillianes",68.140399644002,"METHOD_D_base+meteoOnly_l0.10"
2025-04-01,"lillianes","Lillianes",71.953983316481,"METHOD_D_base+meteoOnly_l0.10"
2025-05-01,"lillianes","Lillianes",84.8763618911672,"METHOD_D_base+meteoOnly_l0.10"
2025-06-01,"lillianes","Lillianes",242.136311271413,"METHOD_D_base+meteoOnly_l0.10"
2025-07-01,"lillianes","Lillianes",682.307524129766,"METHOD_D_base+meteoOnly_l0.10"
2025-08-01,"lillianes","Lillianes",654.542652123242,"METHOD_D_base+meteoOnly_l0.10"
2025-09-01,"lillianes","Lillianes",165.026895005608,"METHOD_D_base+meteoOnly_l0.10"
2025-01-01,"montjovet","Montjovet",837.344063684958,"METHOD_D_base+meteoOnly_l0.10"
2025-02-01,"montjovet","Montjovet",694.20402096096,"METHOD_D_base+meteoOnly_l0.10"
2025-03-01,"montjovet","Montjovet",401.981338731515,"METHOD_D_base+meteoOnly_l0.10"
2025-04-01,"montjovet","Montjovet",405.31659053553,"METHOD_D_base+meteoOnly_l0.10"
2025-05-01,"montjovet","Montjovet",422.645389129552,"METHOD_D_base+meteoOnly_l0.10"
2025-06-01,"montjovet","Montjovet",421.304173475416,"METHOD_D_base+meteoOnly_l0.10"
2025-07-01,"montjovet","Montjovet",679.927705264885,"METHOD_D_base+meteoOnly_l0.10"
2025-08-01,"montjovet","Montjovet",962.490480064476,"METHOD_D_base+meteoOnly_l0.10"
2025-09-01,"montjovet","Montjovet",306.215672781104,"METHOD_D_base+meteoOnly_l0.10"
2025-01-01,"morgex","Morgex",1331.41588652917,"METHOD_D_base+meteoOnly_l0.10"
2025-02-01,"morgex","Morgex",1229.69399833947,"METHOD_D_base+meteoOnly_l0.10"
2025-03-01,"morgex","Morgex",1335.76433545454,"METHOD_D_base+meteoOnly_l0.10"
2025-04-01,"morgex","Morgex",622.468789161968,"METHOD_D_base+meteoOnly_l0.10"
2025-05-01,"morgex","Morgex",745.598169950425,"METHOD_D_base+meteoOnly_l0.10"
2025-06-01,"morgex","Morgex",1285.22069221348,"METHOD_D_base+meteoOnly_l0.10"
2025-07-01,"morgex","Morgex",2207.71761103997,"METHOD_D_base+meteoOnly_l0.10"
2025-08-01,"morgex","Morgex",2775.88003480099,"METHOD_D_base+meteoOnly_l0.10"
2025-09-01,"morgex","Morgex",1013.61652716761,"METHOD_D_base+meteoOnly_l0.10"
2025-01-01,"nus","Nus",1114.06643574264,"METHOD_D_base+meteoOnly_l0.10"
2025-02-01,"nus","Nus",1024.59427565015,"METHOD_D_base+meteoOnly_l0.10"
2025-03-01,"nus","Nus",1295.53308693105,"METHOD_D_base+meteoOnly_l0.10"
2025-04-01,"nus","Nus",838.665173997312,"METHOD_D_base+meteoOnly_l0.10"
2025-05-01,"nus","Nus",1182.27145170225,"METHOD_D_base+meteoOnly_l0.10"
2025-06-01,"nus","Nus",915.185628830764,"METHOD_D_base+meteoOnly_l0.10"
2025-07-01,"nus","Nus",1729.06251392971,"METHOD_D_base+meteoOnly_l0.10"
2025-08-01,"nus","Nus",1894.37996341762,"METHOD_D_base+meteoOnly_l0.10"
2025-09-01,"nus","Nus",733.349369343148,"METHOD_D_base+meteoOnly_l0.10"
2025-01-01,"ollomont","Ollomont",50.7754280690492,"METHOD_D_base+meteoOnly_l0.10"
2025-02-01,"ollomont","Ollomont",10.5907032606293,"METHOD_D_base+meteoOnly_l0.10"
2025-03-01,"ollomont","Ollomont",9.44653179071685,"METHOD_D_base+meteoOnly_l0.10"
2025-04-01,"ollomont","Ollomont",10.9414292062498,"METHOD_D_base+meteoOnly_l0.10"
2025-05-01,"ollomont","Ollomont",8.24317716870977,"METHOD_D_base+meteoOnly_l0.10"
2025-06-01,"ollomont","Ollomont",36.6540721382525,"METHOD_D_base+meteoOnly_l0.10"
2025-07-01,"ollomont","Ollomont",459.201071634753,"METHOD_D_base+meteoOnly_l0.10"
2025-08-01,"ollomont","Ollomont",591.93607785556,"METHOD_D_base+meteoOnly_l0.10"
2025-09-01,"ollomont","Ollomont",99.9687843595262,"METHOD_D_base+meteoOnly_l0.10"
2025-01-01,"oyace","Oyace",3.88733232140475,"METHOD_D_base+meteoOnly_l0.10"
2025-02-01,"oyace","Oyace",4.98389186937508,"METHOD_D_base+meteoOnly_l0.10"
2025-03-01,"oyace","Oyace",3.37945379855531,"METHOD_D_base+meteoOnly_l0.10"
2025-04-01,"oyace","Oyace",7.36182530756254e-05,"METHOD_D_base+meteoOnly_l0.10"
2025-05-01,"oyace","Oyace",5.73804590069856e-05,"METHOD_D_base+meteoOnly_l0.10"
2025-06-01,"oyace","Oyace",4.31942719193521,"METHOD_D_base+meteoOnly_l0.10"
2025-07-01,"oyace","Oyace",4.85157186745039,"METHOD_D_base+meteoOnly_l0.10"
2025-08-01,"oyace","Oyace",0.96987619321062,"METHOD_D_base+meteoOnly_l0.10"
2025-09-01,"oyace","Oyace",2.46615567147233,"METHOD_D_base+meteoOnly_l0.10"
2025-01-01,"perloz","Perloz",73.8035730601235,"METHOD_D_base+meteoOnly_l0.10"
2025-02-01,"perloz","Perloz",57.5784466470662,"METHOD_D_base+meteoOnly_l0.10"
2025-03-01,"perloz","Perloz",43.024093428897,"METHOD_D_base+meteoOnly_l0.10"
2025-04-01,"perloz","Perloz",46.3951855737159,"METHOD_D_base+meteoOnly_l0.10"
2025-05-01,"perloz","Perloz",34.6293932013587,"METHOD_D_base+meteoOnly_l0.10"
2025-06-01,"perloz","Perloz",88.9104189645612,"METHOD_D_base+meteoOnly_l0.10"
2025-07-01,"perloz","Perloz",179.633930043192,"METHOD_D_base+meteoOnly_l0.10"
2025-08-01,"perloz","Perloz",196.62562695438,"METHOD_D_base+meteoOnly_l0.10"
2025-09-01,"perloz","Perloz",73.1367314661456,"METHOD_D_base+meteoOnly_l0.10"
2025-01-01,"pollein","Pollein",3372.28829160378,"METHOD_D_base+meteoOnly_l0.10"
2025-02-01,"pollein","Pollein",2592.34657237334,"METHOD_D_base+meteoOnly_l0.10"
2025-03-01,"pollein","Pollein",2858.11656982087,"METHOD_D_base+meteoOnly_l0.10"
2025-04-01,"pollein","Pollein",2818.06277242786,"METHOD_D_base+meteoOnly_l0.10"
2025-05-01,"pollein","Pollein",4186.5055040177,"METHOD_D_base+meteoOnly_l0.10"
2025-06-01,"pollein","Pollein",3415.27450265974,"METHOD_D_base+meteoOnly_l0.10"
2025-07-01,"pollein","Pollein",3978.55963392578,"METHOD_D_base+meteoOnly_l0.10"
2025-08-01,"pollein","Pollein",3803.32469605518,"METHOD_D_base+meteoOnly_l0.10"
2025-09-01,"pollein","Pollein",3118.74515556739,"METHOD_D_base+meteoOnly_l0.10"
2025-01-01,"pont saint martin","Pont-Saint-Martin",529.435313144415,"METHOD_D_base+meteoOnly_l0.10"
2025-02-01,"pont saint martin","Pont-Saint-Martin",477.312127988073,"METHOD_D_base+meteoOnly_l0.10"
2025-03-01,"pont saint martin","Pont-Saint-Martin",550.018704622433,"METHOD_D_base+meteoOnly_l0.10"
2025-04-01,"pont saint martin","Pont-Saint-Martin",543.542696164799,"METHOD_D_base+meteoOnly_l0.10"
2025-05-01,"pont saint martin","Pont-Saint-Martin",663.149112568231,"METHOD_D_base+meteoOnly_l0.10"
2025-06-01,"pont saint martin","Pont-Saint-Martin",823.032323115856,"METHOD_D_base+meteoOnly_l0.10"
2025-07-01,"pont saint martin","Pont-Saint-Martin",1018.69151736601,"METHOD_D_base+meteoOnly_l0.10"
2025-08-01,"pont saint martin","Pont-Saint-Martin",1151.13078744648,"METHOD_D_base+meteoOnly_l0.10"
2025-09-01,"pont saint martin","Pont-Saint-Martin",723.737711010656,"METHOD_D_base+meteoOnly_l0.10"
2025-01-01,"pontboset","Pontboset",114.935158300078,"METHOD_D_base+meteoOnly_l0.10"
2025-02-01,"pontboset","Pontboset",102.651963884098,"METHOD_D_base+meteoOnly_l0.10"
2025-03-01,"pontboset","Pontboset",81.6888232332418,"METHOD_D_base+meteoOnly_l0.10"
2025-04-01,"pontboset","Pontboset",54.5138378494728,"METHOD_D_base+meteoOnly_l0.10"
2025-05-01,"pontboset","Pontboset",88.457118508147,"METHOD_D_base+meteoOnly_l0.10"
2025-06-01,"pontboset","Pontboset",192.583149079713,"METHOD_D_base+meteoOnly_l0.10"
2025-07-01,"pontboset","Pontboset",432.752175116303,"METHOD_D_base+meteoOnly_l0.10"
2025-08-01,"pontboset","Pontboset",508.28432987363,"METHOD_D_base+meteoOnly_l0.10"
2025-09-01,"pontboset","Pontboset",108.95093784757,"METHOD_D_base+meteoOnly_l0.10"
2025-01-01,"pontey","Pontey",87.8761778145873,"METHOD_D_base+meteoOnly_l0.10"
2025-02-01,"pontey","Pontey",65.5134573066559,"METHOD_D_base+meteoOnly_l0.10"
2025-03-01,"pontey","Pontey",51.3485415687035,"METHOD_D_base+meteoOnly_l0.10"
2025-04-01,"pontey","Pontey",63.998621902898,"METHOD_D_base+meteoOnly_l0.10"
2025-05-01,"pontey","Pontey",86.8954741883748,"METHOD_D_base+meteoOnly_l0.10"
2025-06-01,"pontey","Pontey",76.1574055620464,"METHOD_D_base+meteoOnly_l0.10"
2025-07-01,"pontey","Pontey",156.462713773058,"METHOD_D_base+meteoOnly_l0.10"
2025-08-01,"pontey","Pontey",258.862943749666,"METHOD_D_base+meteoOnly_l0.10"
2025-09-01,"pontey","Pontey",52.3394148072102,"METHOD_D_base+meteoOnly_l0.10"
2025-01-01,"pre saint didier","Pré-Saint-Didier",8686.15757524505,"METHOD_D_base+meteoOnly_l0.10"
2025-02-01,"pre saint didier","Pré-Saint-Didier",7539.039590443,"METHOD_D_base+meteoOnly_l0.10"
2025-03-01,"pre saint didier","Pré-Saint-Didier",7601.08136778926,"METHOD_D_base+meteoOnly_l0.10"
2025-04-01,"pre saint didier","Pré-Saint-Didier",3822.52621758663,"METHOD_D_base+meteoOnly_l0.10"
2025-05-01,"pre saint didier","Pré-Saint-Didier",3618.21441786891,"METHOD_D_base+meteoOnly_l0.10"
2025-06-01,"pre saint didier","Pré-Saint-Didier",3748.16118103596,"METHOD_D_base+meteoOnly_l0.10"
2025-07-01,"pre saint didier","Pré-Saint-Didier",5614.21509197791,"METHOD_D_base+meteoOnly_l0.10"
2025-08-01,"pre saint didier","Pré-Saint-Didier",5591.8157811944,"METHOD_D_base+meteoOnly_l0.10"
2025-09-01,"pre saint didier","Pré-Saint-Didier",4262.93702877517,"METHOD_D_base+meteoOnly_l0.10"
2025-01-01,"quart","Quart",744.417482503459,"METHOD_D_base+meteoOnly_l0.10"
2025-02-01,"quart","Quart",603.549684011798,"METHOD_D_base+meteoOnly_l0.10"
2025-03-01,"quart","Quart",577.700980801116,"METHOD_D_base+meteoOnly_l0.10"
2025-04-01,"quart","Quart",493.713526529956,"METHOD_D_base+meteoOnly_l0.10"
2025-05-01,"quart","Quart",713.766959661813,"METHOD_D_base+meteoOnly_l0.10"
2025-06-01,"quart","Quart",656.900517755641,"METHOD_D_base+meteoOnly_l0.10"
2025-07-01,"quart","Quart",1012.70227605515,"METHOD_D_base+meteoOnly_l0.10"
2025-08-01,"quart","Quart",975.717158870401,"METHOD_D_base+meteoOnly_l0.10"
2025-09-01,"quart","Quart",641.115068402694,"METHOD_D_base+meteoOnly_l0.10"
2025-01-01,"rhemes notre dame","Rhêmes-Notre-Dame",1619.81623121662,"METHOD_D_base+meteoOnly_l0.10"
2025-02-01,"rhemes notre dame","Rhêmes-Notre-Dame",1264.00677607447,"METHOD_D_base+meteoOnly_l0.10"
2025-03-01,"rhemes notre dame","Rhêmes-Notre-Dame",1071.06719877253,"METHOD_D_base+meteoOnly_l0.10"
2025-04-01,"rhemes notre dame","Rhêmes-Notre-Dame",252.148445689007,"METHOD_D_base+meteoOnly_l0.10"
2025-05-01,"rhemes notre dame","Rhêmes-Notre-Dame",106.670249253105,"METHOD_D_base+meteoOnly_l0.10"
2025-06-01,"rhemes notre dame","Rhêmes-Notre-Dame",844.048649001356,"METHOD_D_base+meteoOnly_l0.10"
2025-07-01,"rhemes notre dame","Rhêmes-Notre-Dame",1494.30698080272,"METHOD_D_base+meteoOnly_l0.10"
2025-08-01,"rhemes notre dame","Rhêmes-Notre-Dame",1505.83971318353,"METHOD_D_base+meteoOnly_l0.10"
2025-09-01,"rhemes notre dame","Rhêmes-Notre-Dame",615.925808253965,"METHOD_D_base+meteoOnly_l0.10"
2025-01-01,"rhemes saint georges","Rhêmes-Saint-Georges",135.955373030746,"METHOD_D_base+meteoOnly_l0.10"
2025-02-01,"rhemes saint georges","Rhêmes-Saint-Georges",170.425411797828,"METHOD_D_base+meteoOnly_l0.10"
2025-03-01,"rhemes saint georges","Rhêmes-Saint-Georges",36.2794215258064,"METHOD_D_base+meteoOnly_l0.10"
2025-04-01,"rhemes saint georges","Rhêmes-Saint-Georges",28.5074119009035,"METHOD_D_base+meteoOnly_l0.10"
2025-05-01,"rhemes saint georges","Rhêmes-Saint-Georges",57.1487742064353,"METHOD_D_base+meteoOnly_l0.10"
2025-06-01,"rhemes saint georges","Rhêmes-Saint-Georges",361.247171948404,"METHOD_D_base+meteoOnly_l0.10"
2025-07-01,"rhemes saint georges","Rhêmes-Saint-Georges",1751.99093017893,"METHOD_D_base+meteoOnly_l0.10"
2025-08-01,"rhemes saint georges","Rhêmes-Saint-Georges",1839.94169859391,"METHOD_D_base+meteoOnly_l0.10"
2025-09-01,"rhemes saint georges","Rhêmes-Saint-Georges",193.435521533283,"METHOD_D_base+meteoOnly_l0.10"
2025-01-01,"roisan","Roisan",96.2225842415417,"METHOD_D_base+meteoOnly_l0.10"
2025-02-01,"roisan","Roisan",47.1467434928431,"METHOD_D_base+meteoOnly_l0.10"
2025-03-01,"roisan","Roisan",42.7359363633932,"METHOD_D_base+meteoOnly_l0.10"
2025-04-01,"roisan","Roisan",28.1706334869353,"METHOD_D_base+meteoOnly_l0.10"
2025-05-01,"roisan","Roisan",31.7399847261578,"METHOD_D_base+meteoOnly_l0.10"
2025-06-01,"roisan","Roisan",129.127742377388,"METHOD_D_base+meteoOnly_l0.10"
2025-07-01,"roisan","Roisan",185.427501507559,"METHOD_D_base+meteoOnly_l0.10"
2025-08-01,"roisan","Roisan",191.062043820457,"METHOD_D_base+meteoOnly_l0.10"
2025-09-01,"roisan","Roisan",112.18661767251,"METHOD_D_base+meteoOnly_l0.10"
2025-01-01,"saint christophe","Saint-Christophe",696.899068969116,"METHOD_D_base+meteoOnly_l0.10"
2025-02-01,"saint christophe","Saint-Christophe",505.847679327803,"METHOD_D_base+meteoOnly_l0.10"
2025-03-01,"saint christophe","Saint-Christophe",423.145533181635,"METHOD_D_base+meteoOnly_l0.10"
2025-04-01,"saint christophe","Saint-Christophe",404.062640159606,"METHOD_D_base+meteoOnly_l0.10"
2025-05-01,"saint christophe","Saint-Christophe",594.360527565813,"METHOD_D_base+meteoOnly_l0.10"
2025-06-01,"saint christophe","Saint-Christophe",507.015576485444,"METHOD_D_base+meteoOnly_l0.10"
2025-07-01,"saint christophe","Saint-Christophe",715.241158096148,"METHOD_D_base+meteoOnly_l0.10"
2025-08-01,"saint christophe","Saint-Christophe",777.176847647422,"METHOD_D_base+meteoOnly_l0.10"
2025-09-01,"saint christophe","Saint-Christophe",552.540062411988,"METHOD_D_base+meteoOnly_l0.10"
2025-01-01,"saint denis","Saint-Denis",11.0401160169881,"METHOD_D_base+meteoOnly_l0.10"
2025-02-01,"saint denis","Saint-Denis",15.7706657785213,"METHOD_D_base+meteoOnly_l0.10"
2025-03-01,"saint denis","Saint-Denis",3.37051314431891,"METHOD_D_base+meteoOnly_l0.10"
2025-04-01,"saint denis","Saint-Denis",6.34282876648118,"METHOD_D_base+meteoOnly_l0.10"
2025-05-01,"saint denis","Saint-Denis",46.2462548575688,"METHOD_D_base+meteoOnly_l0.10"
2025-06-01,"saint denis","Saint-Denis",22.3437003555048,"METHOD_D_base+meteoOnly_l0.10"
2025-07-01,"saint denis","Saint-Denis",102.437656835969,"METHOD_D_base+meteoOnly_l0.10"
2025-08-01,"saint denis","Saint-Denis",80.5918268481215,"METHOD_D_base+meteoOnly_l0.10"
2025-09-01,"saint denis","Saint-Denis",17.4665890770908,"METHOD_D_base+meteoOnly_l0.10"
2025-01-01,"saint marcel","Saint-Marcel",40.2573462006048,"METHOD_D_base+meteoOnly_l0.10"
2025-02-01,"saint marcel","Saint-Marcel",45.2851919245591,"METHOD_D_base+meteoOnly_l0.10"
2025-03-01,"saint marcel","Saint-Marcel",62.6490023627666,"METHOD_D_base+meteoOnly_l0.10"
2025-04-01,"saint marcel","Saint-Marcel",54.4776433367741,"METHOD_D_base+meteoOnly_l0.10"
2025-05-01,"saint marcel","Saint-Marcel",56.4137336571963,"METHOD_D_base+meteoOnly_l0.10"
2025-06-01,"saint marcel","Saint-Marcel",50.4634769752451,"METHOD_D_base+meteoOnly_l0.10"
2025-07-01,"saint marcel","Saint-Marcel",112.98178413577,"METHOD_D_base+meteoOnly_l0.10"
2025-08-01,"saint marcel","Saint-Marcel",165.448245145885,"METHOD_D_base+meteoOnly_l0.10"
2025-09-01,"saint marcel","Saint-Marcel",47.3526466706595,"METHOD_D_base+meteoOnly_l0.10"
2025-01-01,"saint nicolas","Saint-Nicolas",736.727380489749,"METHOD_D_base+meteoOnly_l0.10"
2025-02-01,"saint nicolas","Saint-Nicolas",700.740012197408,"METHOD_D_base+meteoOnly_l0.10"
2025-03-01,"saint nicolas","Saint-Nicolas",665.921974529098,"METHOD_D_base+meteoOnly_l0.10"
2025-04-01,"saint nicolas","Saint-Nicolas",513.873490089864,"METHOD_D_base+meteoOnly_l0.10"
2025-05-01,"saint nicolas","Saint-Nicolas",604.967862012382,"METHOD_D_base+meteoOnly_l0.10"
2025-06-01,"saint nicolas","Saint-Nicolas",670.093755747128,"METHOD_D_base+meteoOnly_l0.10"
2025-07-01,"saint nicolas","Saint-Nicolas",1086.50413759869,"METHOD_D_base+meteoOnly_l0.10"
2025-08-01,"saint nicolas","Saint-Nicolas",911.1788127641,"METHOD_D_base+meteoOnly_l0.10"
2025-09-01,"saint nicolas","Saint-Nicolas",499.812327236983,"METHOD_D_base+meteoOnly_l0.10"
2025-01-01,"saint oyen","Saint-Oyen",401.942770807499,"METHOD_D_base+meteoOnly_l0.10"
2025-02-01,"saint oyen","Saint-Oyen",342.3805628626,"METHOD_D_base+meteoOnly_l0.10"
2025-03-01,"saint oyen","Saint-Oyen",318.139070349342,"METHOD_D_base+meteoOnly_l0.10"
2025-04-01,"saint oyen","Saint-Oyen",156.683363699035,"METHOD_D_base+meteoOnly_l0.10"
2025-05-01,"saint oyen","Saint-Oyen",141.239060035239,"METHOD_D_base+meteoOnly_l0.10"
2025-06-01,"saint oyen","Saint-Oyen",384.926158289915,"METHOD_D_base+meteoOnly_l0.10"
2025-07-01,"saint oyen","Saint-Oyen",1044.63913698848,"METHOD_D_base+meteoOnly_l0.10"
2025-08-01,"saint oyen","Saint-Oyen",988.558092453145,"METHOD_D_base+meteoOnly_l0.10"
2025-09-01,"saint oyen","Saint-Oyen",295.671261139758,"METHOD_D_base+meteoOnly_l0.10"
2025-01-01,"saint pierre","Saint-Pierre",1228.78558160624,"METHOD_D_base+meteoOnly_l0.10"
2025-02-01,"saint pierre","Saint-Pierre",1056.01402105969,"METHOD_D_base+meteoOnly_l0.10"
2025-03-01,"saint pierre","Saint-Pierre",1031.0204330382,"METHOD_D_base+meteoOnly_l0.10"
2025-04-01,"saint pierre","Saint-Pierre",770.837547567455,"METHOD_D_base+meteoOnly_l0.10"
2025-05-01,"saint pierre","Saint-Pierre",931.39081214903,"METHOD_D_base+meteoOnly_l0.10"
2025-06-01,"saint pierre","Saint-Pierre",1264.54296899347,"METHOD_D_base+meteoOnly_l0.10"
2025-07-01,"saint pierre","Saint-Pierre",1872.32603057016,"METHOD_D_base+meteoOnly_l0.10"
2025-08-01,"saint pierre","Saint-Pierre",1770.70144407903,"METHOD_D_base+meteoOnly_l0.10"
2025-09-01,"saint pierre","Saint-Pierre",1083.99166935477,"METHOD_D_base+meteoOnly_l0.10"
2025-01-01,"saint rhemy en bosses","Saint-Rhémy-en-Bosses",343.685173548862,"METHOD_D_base+meteoOnly_l0.10"
2025-02-01,"saint rhemy en bosses","Saint-Rhémy-en-Bosses",555.232972912195,"METHOD_D_base+meteoOnly_l0.10"
2025-03-01,"saint rhemy en bosses","Saint-Rhémy-en-Bosses",475.828700111223,"METHOD_D_base+meteoOnly_l0.10"
2025-04-01,"saint rhemy en bosses","Saint-Rhémy-en-Bosses",124.472065019468,"METHOD_D_base+meteoOnly_l0.10"
2025-05-01,"saint rhemy en bosses","Saint-Rhémy-en-Bosses",85.4396530135325,"METHOD_D_base+meteoOnly_l0.10"
2025-06-01,"saint rhemy en bosses","Saint-Rhémy-en-Bosses",479.003854873357,"METHOD_D_base+meteoOnly_l0.10"
2025-07-01,"saint rhemy en bosses","Saint-Rhémy-en-Bosses",1582.56815122796,"METHOD_D_base+meteoOnly_l0.10"
2025-08-01,"saint rhemy en bosses","Saint-Rhémy-en-Bosses",1646.54037902948,"METHOD_D_base+meteoOnly_l0.10"
2025-09-01,"saint rhemy en bosses","Saint-Rhémy-en-Bosses",408.568626422557,"METHOD_D_base+meteoOnly_l0.10"
2025-01-01,"saint vincent","Saint-Vincent",9484.56876484375,"METHOD_D_base+meteoOnly_l0.10"
2025-02-01,"saint vincent","Saint-Vincent",7502.67467717252,"METHOD_D_base+meteoOnly_l0.10"
2025-03-01,"saint vincent","Saint-Vincent",7447.14131150286,"METHOD_D_base+meteoOnly_l0.10"
2025-04-01,"saint vincent","Saint-Vincent",5492.7702629443,"METHOD_D_base+meteoOnly_l0.10"
2025-05-01,"saint vincent","Saint-Vincent",5709.92614221998,"METHOD_D_base+meteoOnly_l0.10"
2025-06-01,"saint vincent","Saint-Vincent",6752.0366174744,"METHOD_D_base+meteoOnly_l0.10"
2025-07-01,"saint vincent","Saint-Vincent",7940.68600804178,"METHOD_D_base+meteoOnly_l0.10"
2025-08-01,"saint vincent","Saint-Vincent",9017.12899719678,"METHOD_D_base+meteoOnly_l0.10"
2025-09-01,"saint vincent","Saint-Vincent",6323.54676553375,"METHOD_D_base+meteoOnly_l0.10"
2025-01-01,"sarre","Sarre",1624.96273997623,"METHOD_D_base+meteoOnly_l0.10"
2025-02-01,"sarre","Sarre",1446.45340831999,"METHOD_D_base+meteoOnly_l0.10"
2025-03-01,"sarre","Sarre",1194.6711209141,"METHOD_D_base+meteoOnly_l0.10"
2025-04-01,"sarre","Sarre",810.00393337978,"METHOD_D_base+meteoOnly_l0.10"
2025-05-01,"sarre","Sarre",2168.86406851659,"METHOD_D_base+meteoOnly_l0.10"
2025-06-01,"sarre","Sarre",3334.05143652521,"METHOD_D_base+meteoOnly_l0.10"
2025-07-01,"sarre","Sarre",5088.53049421666,"METHOD_D_base+meteoOnly_l0.10"
2025-08-01,"sarre","Sarre",3957.57146076275,"METHOD_D_base+meteoOnly_l0.10"
2025-09-01,"sarre","Sarre",2106.10338886027,"METHOD_D_base+meteoOnly_l0.10"
2025-01-01,"torgnon","Torgnon",3142.45737642437,"METHOD_D_base+meteoOnly_l0.10"
2025-02-01,"torgnon","Torgnon",2865.46669126946,"METHOD_D_base+meteoOnly_l0.10"
2025-03-01,"torgnon","Torgnon",1944.24944770168,"METHOD_D_base+meteoOnly_l0.10"
2025-04-01,"torgnon","Torgnon",286.748597265252,"METHOD_D_base+meteoOnly_l0.10"
2025-05-01,"torgnon","Torgnon",157.58976932321,"METHOD_D_base+meteoOnly_l0.10"
2025-06-01,"torgnon","Torgnon",887.089742993554,"METHOD_D_base+meteoOnly_l0.10"
2025-07-01,"torgnon","Torgnon",2519.08199282704,"METHOD_D_base+meteoOnly_l0.10"
2025-08-01,"torgnon","Torgnon",2009.82291415606,"METHOD_D_base+meteoOnly_l0.10"
2025-09-01,"torgnon","Torgnon",434.624266316174,"METHOD_D_base+meteoOnly_l0.10"
2025-01-01,"valgrisenche","Valgrisenche",589.935797613116,"METHOD_D_base+meteoOnly_l0.10"
2025-02-01,"valgrisenche","Valgrisenche",498.353786022681,"METHOD_D_base+meteoOnly_l0.10"
2025-03-01,"valgrisenche","Valgrisenche",471.979354806324,"METHOD_D_base+meteoOnly_l0.10"
2025-04-01,"valgrisenche","Valgrisenche",304.494343734732,"METHOD_D_base+meteoOnly_l0.10"
2025-05-01,"valgrisenche","Valgrisenche",122.468865022555,"METHOD_D_base+meteoOnly_l0.10"
2025-06-01,"valgrisenche","Valgrisenche",560.070365865571,"METHOD_D_base+meteoOnly_l0.10"
2025-07-01,"valgrisenche","Valgrisenche",3694.47430259275,"METHOD_D_base+meteoOnly_l0.10"
2025-08-01,"valgrisenche","Valgrisenche",3838.21072955949,"METHOD_D_base+meteoOnly_l0.10"
2025-09-01,"valgrisenche","Valgrisenche",823.551562092074,"METHOD_D_base+meteoOnly_l0.10"
2025-01-01,"valpelline","Valpelline",228.593017112809,"METHOD_D_base+meteoOnly_l0.10"
2025-02-01,"valpelline","Valpelline",322.688736571738,"METHOD_D_base+meteoOnly_l0.10"
2025-03-01,"valpelline","Valpelline",244.34760869418,"METHOD_D_base+meteoOnly_l0.10"
2025-04-01,"valpelline","Valpelline",190.317044967659,"METHOD_D_base+meteoOnly_l0.10"
2025-05-01,"valpelline","Valpelline",240.687644107237,"METHOD_D_base+meteoOnly_l0.10"
2025-06-01,"valpelline","Valpelline",532.628442415668,"METHOD_D_base+meteoOnly_l0.10"
2025-07-01,"valpelline","Valpelline",1398.45502354455,"METHOD_D_base+meteoOnly_l0.10"
2025-08-01,"valpelline","Valpelline",1977.64511595397,"METHOD_D_base+meteoOnly_l0.10"
2025-09-01,"valpelline","Valpelline",347.403677563995,"METHOD_D_base+meteoOnly_l0.10"
2025-01-01,"valsavarenche","Valsavarenche",173.817070445644,"METHOD_D_base+meteoOnly_l0.10"
2025-02-01,"valsavarenche","Valsavarenche",189.68700223409,"METHOD_D_base+meteoOnly_l0.10"
2025-03-01,"valsavarenche","Valsavarenche",174.26770883396,"METHOD_D_base+meteoOnly_l0.10"
2025-04-01,"valsavarenche","Valsavarenche",1674.59559640207,"METHOD_D_base+meteoOnly_l0.10"
2025-05-01,"valsavarenche","Valsavarenche",782.227892674538,"METHOD_D_base+meteoOnly_l0.10"
2025-06-01,"valsavarenche","Valsavarenche",5021.42308439289,"METHOD_D_base+meteoOnly_l0.10"
2025-07-01,"valsavarenche","Valsavarenche",10534.6012809048,"METHOD_D_base+meteoOnly_l0.10"
2025-08-01,"valsavarenche","Valsavarenche",10072.6787309104,"METHOD_D_base+meteoOnly_l0.10"
2025-09-01,"valsavarenche","Valsavarenche",2507.63484341708,"METHOD_D_base+meteoOnly_l0.10"
2025-01-01,"valtournenche","Valtournenche",26086.7552591435,"METHOD_D_base+meteoOnly_l0.10"
2025-02-01,"valtournenche","Valtournenche",24590.6670882475,"METHOD_D_base+meteoOnly_l0.10"
2025-03-01,"valtournenche","Valtournenche",26498.7845315636,"METHOD_D_base+meteoOnly_l0.10"
2025-04-01,"valtournenche","Valtournenche",12749.75491051,"METHOD_D_base+meteoOnly_l0.10"
2025-05-01,"valtournenche","Valtournenche",1760.29438376606,"METHOD_D_base+meteoOnly_l0.10"
2025-06-01,"valtournenche","Valtournenche",3806.31464107182,"METHOD_D_base+meteoOnly_l0.10"
2025-07-01,"valtournenche","Valtournenche",16183.05331511,"METHOD_D_base+meteoOnly_l0.10"
2025-08-01,"valtournenche","Valtournenche",18284.1118940268,"METHOD_D_base+meteoOnly_l0.10"
2025-09-01,"valtournenche","Valtournenche",3197.83017740761,"METHOD_D_base+meteoOnly_l0.10"
2025-01-01,"verrayes","Verrayes",680.630722519704,"METHOD_D_base+meteoOnly_l0.10"
2025-02-01,"verrayes","Verrayes",394.2604255051,"METHOD_D_base+meteoOnly_l0.10"
2025-03-01,"verrayes","Verrayes",533.394984420689,"METHOD_D_base+meteoOnly_l0.10"
2025-04-01,"verrayes","Verrayes",275.761254264793,"METHOD_D_base+meteoOnly_l0.10"
2025-05-01,"verrayes","Verrayes",173.677907639996,"METHOD_D_base+meteoOnly_l0.10"
2025-06-01,"verrayes","Verrayes",327.700790740655,"METHOD_D_base+meteoOnly_l0.10"
2025-07-01,"verrayes","Verrayes",691.608585682369,"METHOD_D_base+meteoOnly_l0.10"
2025-08-01,"verrayes","Verrayes",717.894925848942,"METHOD_D_base+meteoOnly_l0.10"
2025-09-01,"verrayes","Verrayes",197.211305219616,"METHOD_D_base+meteoOnly_l0.10"
2025-01-01,"verres","Verrès",172.65252334531,"METHOD_D_base+meteoOnly_l0.10"
2025-02-01,"verres","Verrès",85.1111535380692,"METHOD_D_base+meteoOnly_l0.10"
2025-03-01,"verres","Verrès",62.9082594332587,"METHOD_D_base+meteoOnly_l0.10"
2025-04-01,"verres","Verrès",144.106757756451,"METHOD_D_base+meteoOnly_l0.10"
2025-05-01,"verres","Verrès",255.089909526903,"METHOD_D_base+meteoOnly_l0.10"
2025-06-01,"verres","Verrès",289.67774491482,"METHOD_D_base+meteoOnly_l0.10"
2025-07-01,"verres","Verrès",345.11026520864,"METHOD_D_base+meteoOnly_l0.10"
2025-08-01,"verres","Verrès",421.131933006025,"METHOD_D_base+meteoOnly_l0.10"
2025-09-01,"verres","Verrès",278.892706523371,"METHOD_D_base+meteoOnly_l0.10"
2025-01-01,"villeneuve","Villeneuve",359.605492358165,"METHOD_D_base+meteoOnly_l0.10"
2025-02-01,"villeneuve","Villeneuve",535.491554607223,"METHOD_D_base+meteoOnly_l0.10"
2025-03-01,"villeneuve","Villeneuve",534.19193321789,"METHOD_D_base+meteoOnly_l0.10"
2025-04-01,"villeneuve","Villeneuve",233.983661924712,"METHOD_D_base+meteoOnly_l0.10"
2025-05-01,"villeneuve","Villeneuve",244.36099550281,"METHOD_D_base+meteoOnly_l0.10"
2025-06-01,"villeneuve","Villeneuve",271.858756499726,"METHOD_D_base+meteoOnly_l0.10"
2025-07-01,"villeneuve","Villeneuve",298.908480526807,"METHOD_D_base+meteoOnly_l0.10"
2025-08-01,"villeneuve","Villeneuve",419.926120059201,"METHOD_D_base+meteoOnly_l0.10"
2025-09-01,"villeneuve","Villeneuve",197.852363352996,"METHOD_D_base+meteoOnly_l0.10"
2025-01-01,"allein","Allein",8.61722210339356,"METHOD_E_nnetar_per_comune"
2025-02-01,"allein","Allein",4.9373677528759,"METHOD_E_nnetar_per_comune"
2025-03-01,"allein","Allein",5.80021414235317,"METHOD_E_nnetar_per_comune"
2025-04-01,"allein","Allein",6.78877113151178,"METHOD_E_nnetar_per_comune"
2025-05-01,"allein","Allein",5.07022747145261,"METHOD_E_nnetar_per_comune"
2025-06-01,"allein","Allein",18.1899749763432,"METHOD_E_nnetar_per_comune"
2025-07-01,"allein","Allein",69.8662941534444,"METHOD_E_nnetar_per_comune"
2025-08-01,"allein","Allein",70.1922528724809,"METHOD_E_nnetar_per_comune"
2025-09-01,"allein","Allein",51.7284369142855,"METHOD_E_nnetar_per_comune"
2025-01-01,"antey saint andre","Antey-Saint-André",2597.85403541036,"METHOD_E_nnetar_per_comune"
2025-02-01,"antey saint andre","Antey-Saint-André",2618.5925588508,"METHOD_E_nnetar_per_comune"
2025-03-01,"antey saint andre","Antey-Saint-André",2628.84997014687,"METHOD_E_nnetar_per_comune"
2025-04-01,"antey saint andre","Antey-Saint-André",330.364092173017,"METHOD_E_nnetar_per_comune"
2025-05-01,"antey saint andre","Antey-Saint-André",513.746341577307,"METHOD_E_nnetar_per_comune"
2025-06-01,"antey saint andre","Antey-Saint-André",1344.06455041613,"METHOD_E_nnetar_per_comune"
2025-07-01,"antey saint andre","Antey-Saint-André",2822.5174211262,"METHOD_E_nnetar_per_comune"
2025-08-01,"antey saint andre","Antey-Saint-André",3477.14978508523,"METHOD_E_nnetar_per_comune"
2025-09-01,"antey saint andre","Antey-Saint-André",1059.12649499224,"METHOD_E_nnetar_per_comune"
2025-01-01,"aosta","Aosta",11588.3374186923,"METHOD_E_nnetar_per_comune"
2025-02-01,"aosta","Aosta",12183.7014033386,"METHOD_E_nnetar_per_comune"
2025-03-01,"aosta","Aosta",10741.7409914111,"METHOD_E_nnetar_per_comune"
2025-04-01,"aosta","Aosta",11342.0064898455,"METHOD_E_nnetar_per_comune"
2025-05-01,"aosta","Aosta",13815.8322291462,"METHOD_E_nnetar_per_comune"
2025-06-01,"aosta","Aosta",13031.0106797883,"METHOD_E_nnetar_per_comune"
2025-07-01,"aosta","Aosta",17868.2215323027,"METHOD_E_nnetar_per_comune"
2025-08-01,"aosta","Aosta",20119.9682934532,"METHOD_E_nnetar_per_comune"
2025-09-01,"aosta","Aosta",14296.6394779504,"METHOD_E_nnetar_per_comune"
2025-01-01,"arnad","Arnad",149.370786058863,"METHOD_E_nnetar_per_comune"
2025-02-01,"arnad","Arnad",234.975344960954,"METHOD_E_nnetar_per_comune"
2025-03-01,"arnad","Arnad",205.477407167971,"METHOD_E_nnetar_per_comune"
2025-04-01,"arnad","Arnad",218.445629609795,"METHOD_E_nnetar_per_comune"
2025-05-01,"arnad","Arnad",212.777707775434,"METHOD_E_nnetar_per_comune"
2025-06-01,"arnad","Arnad",314.150920000575,"METHOD_E_nnetar_per_comune"
2025-07-01,"arnad","Arnad",445.905105440532,"METHOD_E_nnetar_per_comune"
2025-08-01,"arnad","Arnad",562.846382204584,"METHOD_E_nnetar_per_comune"
2025-09-01,"arnad","Arnad",378.033637944531,"METHOD_E_nnetar_per_comune"
2025-01-01,"arvier","Arvier",855.660858551446,"METHOD_E_nnetar_per_comune"
2025-02-01,"arvier","Arvier",974.817227160935,"METHOD_E_nnetar_per_comune"
2025-03-01,"arvier","Arvier",711.908467855619,"METHOD_E_nnetar_per_comune"
2025-04-01,"arvier","Arvier",314.992153633582,"METHOD_E_nnetar_per_comune"
2025-05-01,"arvier","Arvier",229.982902303357,"METHOD_E_nnetar_per_comune"
2025-06-01,"arvier","Arvier",762.920867363323,"METHOD_E_nnetar_per_comune"
2025-07-01,"arvier","Arvier",2370.1515334713,"METHOD_E_nnetar_per_comune"
2025-08-01,"arvier","Arvier",2535.42831833313,"METHOD_E_nnetar_per_comune"
2025-09-01,"arvier","Arvier",639.216835449704,"METHOD_E_nnetar_per_comune"
2025-01-01,"avise","Avise",152.166933775813,"METHOD_E_nnetar_per_comune"
2025-02-01,"avise","Avise",171.344631186471,"METHOD_E_nnetar_per_comune"
2025-03-01,"avise","Avise",167.91298568168,"METHOD_E_nnetar_per_comune"
2025-04-01,"avise","Avise",5.31247109268564,"METHOD_E_nnetar_per_comune"
2025-05-01,"avise","Avise",26.707828038495,"METHOD_E_nnetar_per_comune"
2025-06-01,"avise","Avise",119.467588783583,"METHOD_E_nnetar_per_comune"
2025-07-01,"avise","Avise",172.010230582959,"METHOD_E_nnetar_per_comune"
2025-08-01,"avise","Avise",172.053717423216,"METHOD_E_nnetar_per_comune"
2025-09-01,"avise","Avise",171.240241546594,"METHOD_E_nnetar_per_comune"
2025-01-01,"ayas","Ayas",10977.6240735862,"METHOD_E_nnetar_per_comune"
2025-02-01,"ayas","Ayas",10117.6398001715,"METHOD_E_nnetar_per_comune"
2025-03-01,"ayas","Ayas",9366.22486554065,"METHOD_E_nnetar_per_comune"
2025-04-01,"ayas","Ayas",2466.7396821915,"METHOD_E_nnetar_per_comune"
2025-05-01,"ayas","Ayas",710.085227964176,"METHOD_E_nnetar_per_comune"
2025-06-01,"ayas","Ayas",5016.52000474903,"METHOD_E_nnetar_per_comune"
2025-07-01,"ayas","Ayas",11232.8211869865,"METHOD_E_nnetar_per_comune"
2025-08-01,"ayas","Ayas",13506.5680755535,"METHOD_E_nnetar_per_comune"
2025-09-01,"ayas","Ayas",5285.5559341471,"METHOD_E_nnetar_per_comune"
2025-01-01,"aymavilles","Aymavilles",549.072575292533,"METHOD_E_nnetar_per_comune"
2025-02-01,"aymavilles","Aymavilles",615.655174136442,"METHOD_E_nnetar_per_comune"
2025-03-01,"aymavilles","Aymavilles",425.69452918778,"METHOD_E_nnetar_per_comune"
2025-04-01,"aymavilles","Aymavilles",307.296135644373,"METHOD_E_nnetar_per_comune"
2025-05-01,"aymavilles","Aymavilles",200.123717732399,"METHOD_E_nnetar_per_comune"
2025-06-01,"aymavilles","Aymavilles",546.225021611482,"METHOD_E_nnetar_per_comune"
2025-07-01,"aymavilles","Aymavilles",1345.10127782178,"METHOD_E_nnetar_per_comune"
2025-08-01,"aymavilles","Aymavilles",791.450452935591,"METHOD_E_nnetar_per_comune"
2025-09-01,"aymavilles","Aymavilles",437.550546779755,"METHOD_E_nnetar_per_comune"
2025-01-01,"bard","Bard",574.293453116188,"METHOD_E_nnetar_per_comune"
2025-02-01,"bard","Bard",545.408113992839,"METHOD_E_nnetar_per_comune"
2025-03-01,"bard","Bard",362.098034142212,"METHOD_E_nnetar_per_comune"
2025-04-01,"bard","Bard",304.903229513134,"METHOD_E_nnetar_per_comune"
2025-05-01,"bard","Bard",558.571623133384,"METHOD_E_nnetar_per_comune"
2025-06-01,"bard","Bard",366.893851548597,"METHOD_E_nnetar_per_comune"
2025-07-01,"bard","Bard",735.445405258476,"METHOD_E_nnetar_per_comune"
2025-08-01,"bard","Bard",1022.55086742492,"METHOD_E_nnetar_per_comune"
2025-09-01,"bard","Bard",1003.88367200663,"METHOD_E_nnetar_per_comune"
2025-01-01,"bionaz","Bionaz",184.293867081475,"METHOD_E_nnetar_per_comune"
2025-02-01,"bionaz","Bionaz",124.038290246587,"METHOD_E_nnetar_per_comune"
2025-03-01,"bionaz","Bionaz",567.980689833321,"METHOD_E_nnetar_per_comune"
2025-04-01,"bionaz","Bionaz",753.388333846908,"METHOD_E_nnetar_per_comune"
2025-05-01,"bionaz","Bionaz",200.538186661576,"METHOD_E_nnetar_per_comune"
2025-06-01,"bionaz","Bionaz",793.896044788863,"METHOD_E_nnetar_per_comune"
2025-07-01,"bionaz","Bionaz",2409.24442557454,"METHOD_E_nnetar_per_comune"
2025-08-01,"bionaz","Bionaz",2562.30974576181,"METHOD_E_nnetar_per_comune"
2025-09-01,"bionaz","Bionaz",400.789500613595,"METHOD_E_nnetar_per_comune"
2025-01-01,"brissogne","Brissogne",51.459429746383,"METHOD_E_nnetar_per_comune"
2025-02-01,"brissogne","Brissogne",40.8937542547366,"METHOD_E_nnetar_per_comune"
2025-03-01,"brissogne","Brissogne",35.3557571388376,"METHOD_E_nnetar_per_comune"
2025-04-01,"brissogne","Brissogne",41.4498304887427,"METHOD_E_nnetar_per_comune"
2025-05-01,"brissogne","Brissogne",35.6931947018817,"METHOD_E_nnetar_per_comune"
2025-06-01,"brissogne","Brissogne",47.5692781856352,"METHOD_E_nnetar_per_comune"
2025-07-01,"brissogne","Brissogne",27.700728511574,"METHOD_E_nnetar_per_comune"
2025-08-01,"brissogne","Brissogne",42.3704007119646,"METHOD_E_nnetar_per_comune"
2025-09-01,"brissogne","Brissogne",33.6043907688053,"METHOD_E_nnetar_per_comune"
2025-01-01,"brusson","Brusson",2851.17552764239,"METHOD_E_nnetar_per_comune"
2025-02-01,"brusson","Brusson",3653.41905730232,"METHOD_E_nnetar_per_comune"
2025-03-01,"brusson","Brusson",2260.91481365583,"METHOD_E_nnetar_per_comune"
2025-04-01,"brusson","Brusson",650.019053147435,"METHOD_E_nnetar_per_comune"
2025-05-01,"brusson","Brusson",548.499558422571,"METHOD_E_nnetar_per_comune"
2025-06-01,"brusson","Brusson",2447.28823869061,"METHOD_E_nnetar_per_comune"
2025-07-01,"brusson","Brusson",5003.79339629874,"METHOD_E_nnetar_per_comune"
2025-08-01,"brusson","Brusson",4253.58010825018,"METHOD_E_nnetar_per_comune"
2025-09-01,"brusson","Brusson",1356.35276014663,"METHOD_E_nnetar_per_comune"
2025-01-01,"challand saint anselme","Challand-Saint-Anselme",531.144784509633,"METHOD_E_nnetar_per_comune"
2025-02-01,"challand saint anselme","Challand-Saint-Anselme",569.248132736889,"METHOD_E_nnetar_per_comune"
2025-03-01,"challand saint anselme","Challand-Saint-Anselme",427.987657255988,"METHOD_E_nnetar_per_comune"
2025-04-01,"challand saint anselme","Challand-Saint-Anselme",268.731628326526,"METHOD_E_nnetar_per_comune"
2025-05-01,"challand saint anselme","Challand-Saint-Anselme",266.512223317494,"METHOD_E_nnetar_per_comune"
2025-06-01,"challand saint anselme","Challand-Saint-Anselme",498.569477402307,"METHOD_E_nnetar_per_comune"
2025-07-01,"challand saint anselme","Challand-Saint-Anselme",792.056683114403,"METHOD_E_nnetar_per_comune"
2025-08-01,"challand saint anselme","Challand-Saint-Anselme",981.6630723587,"METHOD_E_nnetar_per_comune"
2025-09-01,"challand saint anselme","Challand-Saint-Anselme",462.947550629981,"METHOD_E_nnetar_per_comune"
2025-01-01,"challand saint victor","Challand-Saint-Victor",65.0047334279189,"METHOD_E_nnetar_per_comune"
2025-02-01,"challand saint victor","Challand-Saint-Victor",170.13884001869,"METHOD_E_nnetar_per_comune"
2025-03-01,"challand saint victor","Challand-Saint-Victor",62.8189730639792,"METHOD_E_nnetar_per_comune"
2025-04-01,"challand saint victor","Challand-Saint-Victor",216.401525611029,"METHOD_E_nnetar_per_comune"
2025-05-01,"challand saint victor","Challand-Saint-Victor",64.9862623805704,"METHOD_E_nnetar_per_comune"
2025-06-01,"challand saint victor","Challand-Saint-Victor",170.318528751447,"METHOD_E_nnetar_per_comune"
2025-07-01,"challand saint victor","Challand-Saint-Victor",66.9344949338009,"METHOD_E_nnetar_per_comune"
2025-08-01,"challand saint victor","Challand-Saint-Victor",230.653700385771,"METHOD_E_nnetar_per_comune"
2025-09-01,"challand saint victor","Challand-Saint-Victor",59.253913519688,"METHOD_E_nnetar_per_comune"
2025-01-01,"chambave","Chambave",83.5405493597102,"METHOD_E_nnetar_per_comune"
2025-02-01,"chambave","Chambave",82.6624338875653,"METHOD_E_nnetar_per_comune"
2025-03-01,"chambave","Chambave",95.0139314774085,"METHOD_E_nnetar_per_comune"
2025-04-01,"chambave","Chambave",82.1497318703136,"METHOD_E_nnetar_per_comune"
2025-05-01,"chambave","Chambave",88.5857305662997,"METHOD_E_nnetar_per_comune"
2025-06-01,"chambave","Chambave",85.1369622630802,"METHOD_E_nnetar_per_comune"
2025-07-01,"chambave","Chambave",120.317471740393,"METHOD_E_nnetar_per_comune"
2025-08-01,"chambave","Chambave",150.585347438701,"METHOD_E_nnetar_per_comune"
2025-09-01,"chambave","Chambave",95.5030966886202,"METHOD_E_nnetar_per_comune"
2025-01-01,"chamois","Chamois",553.727910526837,"METHOD_E_nnetar_per_comune"
2025-02-01,"chamois","Chamois",562.606260022046,"METHOD_E_nnetar_per_comune"
2025-03-01,"chamois","Chamois",517.852241819834,"METHOD_E_nnetar_per_comune"
2025-04-01,"chamois","Chamois",190.316235073197,"METHOD_E_nnetar_per_comune"
2025-05-01,"chamois","Chamois",5.87172808811348,"METHOD_E_nnetar_per_comune"
2025-06-01,"chamois","Chamois",8.29371328581348,"METHOD_E_nnetar_per_comune"
2025-07-01,"chamois","Chamois",539.975507403377,"METHOD_E_nnetar_per_comune"
2025-08-01,"chamois","Chamois",568.94713486619,"METHOD_E_nnetar_per_comune"
2025-09-01,"chamois","Chamois",15.8338247676505,"METHOD_E_nnetar_per_comune"
2025-01-01,"champdepraz","Champdepraz",198.733255921985,"METHOD_E_nnetar_per_comune"
2025-02-01,"champdepraz","Champdepraz",201.189272237514,"METHOD_E_nnetar_per_comune"
2025-03-01,"champdepraz","Champdepraz",182.440142752779,"METHOD_E_nnetar_per_comune"
2025-04-01,"champdepraz","Champdepraz",192.24565147579,"METHOD_E_nnetar_per_comune"
2025-05-01,"champdepraz","Champdepraz",166.871633723631,"METHOD_E_nnetar_per_comune"
2025-06-01,"champdepraz","Champdepraz",194.166199282794,"METHOD_E_nnetar_per_comune"
2025-07-01,"champdepraz","Champdepraz",199.376117182188,"METHOD_E_nnetar_per_comune"
2025-08-01,"champdepraz","Champdepraz",203.956431392541,"METHOD_E_nnetar_per_comune"
2025-09-01,"champdepraz","Champdepraz",197.210316926604,"METHOD_E_nnetar_per_comune"
2025-01-01,"champorcher","Champorcher",938.103011592726,"METHOD_E_nnetar_per_comune"
2025-02-01,"champorcher","Champorcher",960.608791921003,"METHOD_E_nnetar_per_comune"
2025-03-01,"champorcher","Champorcher",498.83650406595,"METHOD_E_nnetar_per_comune"
2025-04-01,"champorcher","Champorcher",140.602394465184,"METHOD_E_nnetar_per_comune"
2025-05-01,"champorcher","Champorcher",98.5941921363212,"METHOD_E_nnetar_per_comune"
2025-06-01,"champorcher","Champorcher",584.067691238394,"METHOD_E_nnetar_per_comune"
2025-07-01,"champorcher","Champorcher",1142.26604367738,"METHOD_E_nnetar_per_comune"
2025-08-01,"champorcher","Champorcher",1159.29362095287,"METHOD_E_nnetar_per_comune"
2025-09-01,"champorcher","Champorcher",989.15788244974,"METHOD_E_nnetar_per_comune"
2025-01-01,"charvensod","Charvensod",1890.35777430321,"METHOD_E_nnetar_per_comune"
2025-02-01,"charvensod","Charvensod",1969.20545387537,"METHOD_E_nnetar_per_comune"
2025-03-01,"charvensod","Charvensod",2077.26788333491,"METHOD_E_nnetar_per_comune"
2025-04-01,"charvensod","Charvensod",1846.25903583853,"METHOD_E_nnetar_per_comune"
2025-05-01,"charvensod","Charvensod",2409.56124193095,"METHOD_E_nnetar_per_comune"
2025-06-01,"charvensod","Charvensod",2315.46345325972,"METHOD_E_nnetar_per_comune"
2025-07-01,"charvensod","Charvensod",2897.53474462271,"METHOD_E_nnetar_per_comune"
2025-08-01,"charvensod","Charvensod",3015.61061207854,"METHOD_E_nnetar_per_comune"
2025-09-01,"charvensod","Charvensod",2490.43130752215,"METHOD_E_nnetar_per_comune"
2025-01-01,"chatillon","Châtillon",2900.48453986953,"METHOD_E_nnetar_per_comune"
2025-02-01,"chatillon","Châtillon",2953.45964229138,"METHOD_E_nnetar_per_comune"
2025-03-01,"chatillon","Châtillon",2555.7581902698,"METHOD_E_nnetar_per_comune"
2025-04-01,"chatillon","Châtillon",2751.38047428211,"METHOD_E_nnetar_per_comune"
2025-05-01,"chatillon","Châtillon",2618.48201334857,"METHOD_E_nnetar_per_comune"
2025-06-01,"chatillon","Châtillon",2782.20114291175,"METHOD_E_nnetar_per_comune"
2025-07-01,"chatillon","Châtillon",3206.52129047685,"METHOD_E_nnetar_per_comune"
2025-08-01,"chatillon","Châtillon",3461.78876248086,"METHOD_E_nnetar_per_comune"
2025-09-01,"chatillon","Châtillon",2845.90347168433,"METHOD_E_nnetar_per_comune"
2025-01-01,"cogne","Cogne",5235.40045807536,"METHOD_E_nnetar_per_comune"
2025-02-01,"cogne","Cogne",6934.63472991151,"METHOD_E_nnetar_per_comune"
2025-03-01,"cogne","Cogne",7893.45254093143,"METHOD_E_nnetar_per_comune"
2025-04-01,"cogne","Cogne",1100.07996454271,"METHOD_E_nnetar_per_comune"
2025-05-01,"cogne","Cogne",4221.54311111773,"METHOD_E_nnetar_per_comune"
2025-06-01,"cogne","Cogne",4102.39000931354,"METHOD_E_nnetar_per_comune"
2025-07-01,"cogne","Cogne",2452.78566196871,"METHOD_E_nnetar_per_comune"
2025-08-01,"cogne","Cogne",12503.2954296426,"METHOD_E_nnetar_per_comune"
2025-09-01,"cogne","Cogne",4176.12176999196,"METHOD_E_nnetar_per_comune"
2025-01-01,"courmayeur","Courmayeur",18977.7444738422,"METHOD_E_nnetar_per_comune"
2025-02-01,"courmayeur","Courmayeur",18513.7749980388,"METHOD_E_nnetar_per_comune"
2025-03-01,"courmayeur","Courmayeur",14908.5424531401,"METHOD_E_nnetar_per_comune"
2025-04-01,"courmayeur","Courmayeur",4442.05367089584,"METHOD_E_nnetar_per_comune"
2025-05-01,"courmayeur","Courmayeur",2070.97620017282,"METHOD_E_nnetar_per_comune"
2025-06-01,"courmayeur","Courmayeur",23976.5604038477,"METHOD_E_nnetar_per_comune"
2025-07-01,"courmayeur","Courmayeur",47586.3382264717,"METHOD_E_nnetar_per_comune"
2025-08-01,"courmayeur","Courmayeur",48830.5444626968,"METHOD_E_nnetar_per_comune"
2025-09-01,"courmayeur","Courmayeur",22953.1539908099,"METHOD_E_nnetar_per_comune"
2025-01-01,"donnas","Donnas",141.676002212518,"METHOD_E_nnetar_per_comune"
2025-02-01,"donnas","Donnas",157.394856044049,"METHOD_E_nnetar_per_comune"
2025-03-01,"donnas","Donnas",132.011615099278,"METHOD_E_nnetar_per_comune"
2025-04-01,"donnas","Donnas",142.779328139879,"METHOD_E_nnetar_per_comune"
2025-05-01,"donnas","Donnas",172.723731494725,"METHOD_E_nnetar_per_comune"
2025-06-01,"donnas","Donnas",198.806920799213,"METHOD_E_nnetar_per_comune"
2025-07-01,"donnas","Donnas",349.046521919548,"METHOD_E_nnetar_per_comune"
2025-08-01,"donnas","Donnas",482.763218538767,"METHOD_E_nnetar_per_comune"
2025-09-01,"donnas","Donnas",174.360211467874,"METHOD_E_nnetar_per_comune"
2025-01-01,"doues","Doues",365.721616352334,"METHOD_E_nnetar_per_comune"
2025-02-01,"doues","Doues",373.574227482414,"METHOD_E_nnetar_per_comune"
2025-03-01,"doues","Doues",152.378046503961,"METHOD_E_nnetar_per_comune"
2025-04-01,"doues","Doues",30.9045129496231,"METHOD_E_nnetar_per_comune"
2025-05-01,"doues","Doues",2.86170422930474,"METHOD_E_nnetar_per_comune"
2025-06-01,"doues","Doues",7.77609192280031,"METHOD_E_nnetar_per_comune"
2025-07-01,"doues","Doues",534.140132277593,"METHOD_E_nnetar_per_comune"
2025-08-01,"doues","Doues",1961.62022104837,"METHOD_E_nnetar_per_comune"
2025-09-01,"doues","Doues",371.153795359291,"METHOD_E_nnetar_per_comune"
2025-01-01,"emarese","Emarèse",23.6448810531624,"METHOD_E_nnetar_per_comune"
2025-02-01,"emarese","Emarèse",28.6328349768625,"METHOD_E_nnetar_per_comune"
2025-03-01,"emarese","Emarèse",26.6768007133939,"METHOD_E_nnetar_per_comune"
2025-04-01,"emarese","Emarèse",18.8169591752453,"METHOD_E_nnetar_per_comune"
2025-05-01,"emarese","Emarèse",25.9350267048987,"METHOD_E_nnetar_per_comune"
2025-06-01,"emarese","Emarèse",24.7671731909327,"METHOD_E_nnetar_per_comune"
2025-07-01,"emarese","Emarèse",27.0309920171097,"METHOD_E_nnetar_per_comune"
2025-08-01,"emarese","Emarèse",92.1652204933287,"METHOD_E_nnetar_per_comune"
2025-09-01,"emarese","Emarèse",12.8706162355147,"METHOD_E_nnetar_per_comune"
2025-01-01,"etroubles","Etroubles",825.505880161227,"METHOD_E_nnetar_per_comune"
2025-02-01,"etroubles","Etroubles",918.087427608727,"METHOD_E_nnetar_per_comune"
2025-03-01,"etroubles","Etroubles",629.273361109923,"METHOD_E_nnetar_per_comune"
2025-04-01,"etroubles","Etroubles",360.568384658646,"METHOD_E_nnetar_per_comune"
2025-05-01,"etroubles","Etroubles",627.912609349753,"METHOD_E_nnetar_per_comune"
2025-06-01,"etroubles","Etroubles",1480.44605663727,"METHOD_E_nnetar_per_comune"
2025-07-01,"etroubles","Etroubles",3071.34710329178,"METHOD_E_nnetar_per_comune"
2025-08-01,"etroubles","Etroubles",3118.84141964947,"METHOD_E_nnetar_per_comune"
2025-09-01,"etroubles","Etroubles",2112.50976179182,"METHOD_E_nnetar_per_comune"
2025-01-01,"fenis","Fénis",584.255469436517,"METHOD_E_nnetar_per_comune"
2025-02-01,"fenis","Fénis",717.772195950805,"METHOD_E_nnetar_per_comune"
2025-03-01,"fenis","Fénis",573.317530671376,"METHOD_E_nnetar_per_comune"
2025-04-01,"fenis","Fénis",528.734009966373,"METHOD_E_nnetar_per_comune"
2025-05-01,"fenis","Fénis",625.391538270491,"METHOD_E_nnetar_per_comune"
2025-06-01,"fenis","Fénis",705.142218712242,"METHOD_E_nnetar_per_comune"
2025-07-01,"fenis","Fénis",1036.58382339333,"METHOD_E_nnetar_per_comune"
2025-08-01,"fenis","Fénis",1192.5433895841,"METHOD_E_nnetar_per_comune"
2025-09-01,"fenis","Fénis",660.664418974984,"METHOD_E_nnetar_per_comune"
2025-01-01,"fontainemore","Fontainemore",89.8131267848686,"METHOD_E_nnetar_per_comune"
2025-02-01,"fontainemore","Fontainemore",97.6716200495087,"METHOD_E_nnetar_per_comune"
2025-03-01,"fontainemore","Fontainemore",49.3008504630705,"METHOD_E_nnetar_per_comune"
2025-04-01,"fontainemore","Fontainemore",29.8783416665631,"METHOD_E_nnetar_per_comune"
2025-05-01,"fontainemore","Fontainemore",40.0830530563301,"METHOD_E_nnetar_per_comune"
2025-06-01,"fontainemore","Fontainemore",167.21062725875,"METHOD_E_nnetar_per_comune"
2025-07-01,"fontainemore","Fontainemore",470.708815242772,"METHOD_E_nnetar_per_comune"
2025-08-01,"fontainemore","Fontainemore",460.382041700622,"METHOD_E_nnetar_per_comune"
2025-09-01,"fontainemore","Fontainemore",259.799800275212,"METHOD_E_nnetar_per_comune"
2025-01-01,"gaby","Gaby",798.395133776458,"METHOD_E_nnetar_per_comune"
2025-02-01,"gaby","Gaby",657.489852034957,"METHOD_E_nnetar_per_comune"
2025-03-01,"gaby","Gaby",440.511947884979,"METHOD_E_nnetar_per_comune"
2025-04-01,"gaby","Gaby",224.257191991409,"METHOD_E_nnetar_per_comune"
2025-05-01,"gaby","Gaby",112.539013257503,"METHOD_E_nnetar_per_comune"
2025-06-01,"gaby","Gaby",636.492521851759,"METHOD_E_nnetar_per_comune"
2025-07-01,"gaby","Gaby",1408.55372617727,"METHOD_E_nnetar_per_comune"
2025-08-01,"gaby","Gaby",1091.44516421205,"METHOD_E_nnetar_per_comune"
2025-09-01,"gaby","Gaby",477.456837978099,"METHOD_E_nnetar_per_comune"
2025-01-01,"gignod","Gignod",874.91119293417,"METHOD_E_nnetar_per_comune"
2025-02-01,"gignod","Gignod",668.572817946795,"METHOD_E_nnetar_per_comune"
2025-03-01,"gignod","Gignod",574.783458851186,"METHOD_E_nnetar_per_comune"
2025-04-01,"gignod","Gignod",254.64114110546,"METHOD_E_nnetar_per_comune"
2025-05-01,"gignod","Gignod",447.157426172179,"METHOD_E_nnetar_per_comune"
2025-06-01,"gignod","Gignod",730.47643315898,"METHOD_E_nnetar_per_comune"
2025-07-01,"gignod","Gignod",1768.74148261119,"METHOD_E_nnetar_per_comune"
2025-08-01,"gignod","Gignod",1701.43533375982,"METHOD_E_nnetar_per_comune"
2025-09-01,"gignod","Gignod",703.442757303079,"METHOD_E_nnetar_per_comune"
2025-01-01,"gressan","Gressan",6475.30681217471,"METHOD_E_nnetar_per_comune"
2025-02-01,"gressan","Gressan",6251.66969278406,"METHOD_E_nnetar_per_comune"
2025-03-01,"gressan","Gressan",5673.24245609843,"METHOD_E_nnetar_per_comune"
2025-04-01,"gressan","Gressan",1070.7610695905,"METHOD_E_nnetar_per_comune"
2025-05-01,"gressan","Gressan",415.343207058961,"METHOD_E_nnetar_per_comune"
2025-06-01,"gressan","Gressan",1289.28395024752,"METHOD_E_nnetar_per_comune"
2025-07-01,"gressan","Gressan",5563.24689792302,"METHOD_E_nnetar_per_comune"
2025-08-01,"gressan","Gressan",5172.18274382202,"METHOD_E_nnetar_per_comune"
2025-09-01,"gressan","Gressan",819.678414999331,"METHOD_E_nnetar_per_comune"
2025-01-01,"gressoney la trinite","Gressoney-La-Trinité",4189.86101012793,"METHOD_E_nnetar_per_comune"
2025-02-01,"gressoney la trinite","Gressoney-La-Trinité",3983.62516870131,"METHOD_E_nnetar_per_comune"
2025-03-01,"gressoney la trinite","Gressoney-La-Trinité",4004.60285367573,"METHOD_E_nnetar_per_comune"
2025-04-01,"gressoney la trinite","Gressoney-La-Trinité",2792.73977888075,"METHOD_E_nnetar_per_comune"
2025-05-01,"gressoney la trinite","Gressoney-La-Trinité",97.3576638504763,"METHOD_E_nnetar_per_comune"
2025-06-01,"gressoney la trinite","Gressoney-La-Trinité",5531.65977709874,"METHOD_E_nnetar_per_comune"
2025-07-01,"gressoney la trinite","Gressoney-La-Trinité",12014.2582386122,"METHOD_E_nnetar_per_comune"
2025-08-01,"gressoney la trinite","Gressoney-La-Trinité",13890.1992137603,"METHOD_E_nnetar_per_comune"
2025-09-01,"gressoney la trinite","Gressoney-La-Trinité",3610.74328312714,"METHOD_E_nnetar_per_comune"
2025-01-01,"gressoney saint jean","Gressoney-Saint-Jean",4313.81223226667,"METHOD_E_nnetar_per_comune"
2025-02-01,"gressoney saint jean","Gressoney-Saint-Jean",4752.21701900219,"METHOD_E_nnetar_per_comune"
2025-03-01,"gressoney saint jean","Gressoney-Saint-Jean",3162.24976648312,"METHOD_E_nnetar_per_comune"
2025-04-01,"gressoney saint jean","Gressoney-Saint-Jean",423.17402427214,"METHOD_E_nnetar_per_comune"
2025-05-01,"gressoney saint jean","Gressoney-Saint-Jean",396.018765668466,"METHOD_E_nnetar_per_comune"
2025-06-01,"gressoney saint jean","Gressoney-Saint-Jean",2152.35716230124,"METHOD_E_nnetar_per_comune"
2025-07-01,"gressoney saint jean","Gressoney-Saint-Jean",4198.91993412665,"METHOD_E_nnetar_per_comune"
2025-08-01,"gressoney saint jean","Gressoney-Saint-Jean",4664.65712030593,"METHOD_E_nnetar_per_comune"
2025-09-01,"gressoney saint jean","Gressoney-Saint-Jean",1825.05217474055,"METHOD_E_nnetar_per_comune"
2025-01-01,"hone","Hône",64.9887091220992,"METHOD_E_nnetar_per_comune"
2025-02-01,"hone","Hône",81.4971488518043,"METHOD_E_nnetar_per_comune"
2025-03-01,"hone","Hône",54.3618259229334,"METHOD_E_nnetar_per_comune"
2025-04-01,"hone","Hône",82.2840722167547,"METHOD_E_nnetar_per_comune"
2025-05-01,"hone","Hône",68.4785129384937,"METHOD_E_nnetar_per_comune"
2025-06-01,"hone","Hône",74.2274045153655,"METHOD_E_nnetar_per_comune"
2025-07-01,"hone","Hône",89.0115792375202,"METHOD_E_nnetar_per_comune"
2025-08-01,"hone","Hône",247.82809216188,"METHOD_E_nnetar_per_comune"
2025-09-01,"hone","Hône",66.2467694638742,"METHOD_E_nnetar_per_comune"
2025-01-01,"introd","Introd",397.286688285165,"METHOD_E_nnetar_per_comune"
2025-02-01,"introd","Introd",599.168853423213,"METHOD_E_nnetar_per_comune"
2025-03-01,"introd","Introd",370.700094257785,"METHOD_E_nnetar_per_comune"
2025-04-01,"introd","Introd",209.646030304804,"METHOD_E_nnetar_per_comune"
2025-05-01,"introd","Introd",172.091862812324,"METHOD_E_nnetar_per_comune"
2025-06-01,"introd","Introd",474.211140278769,"METHOD_E_nnetar_per_comune"
2025-07-01,"introd","Introd",797.37775856218,"METHOD_E_nnetar_per_comune"
2025-08-01,"introd","Introd",887.670800855119,"METHOD_E_nnetar_per_comune"
2025-09-01,"introd","Introd",381.365801721204,"METHOD_E_nnetar_per_comune"
2025-01-01,"issime","Issime",60.2235966453334,"METHOD_E_nnetar_per_comune"
2025-02-01,"issime","Issime",60.2386511328679,"METHOD_E_nnetar_per_comune"
2025-03-01,"issime","Issime",60.2411996790244,"METHOD_E_nnetar_per_comune"
2025-04-01,"issime","Issime",59.9755766740481,"METHOD_E_nnetar_per_comune"
2025-05-01,"issime","Issime",56.5062093420399,"METHOD_E_nnetar_per_comune"
2025-06-01,"issime","Issime",60.2484866023302,"METHOD_E_nnetar_per_comune"
2025-07-01,"issime","Issime",60.2169937361426,"METHOD_E_nnetar_per_comune"
2025-08-01,"issime","Issime",60.2357575367146,"METHOD_E_nnetar_per_comune"
2025-09-01,"issime","Issime",60.1624555619912,"METHOD_E_nnetar_per_comune"
2025-01-01,"issogne","Issogne",12.5550443036414,"METHOD_E_nnetar_per_comune"
2025-02-01,"issogne","Issogne",6.35978517983618,"METHOD_E_nnetar_per_comune"
2025-03-01,"issogne","Issogne",33.465321784504,"METHOD_E_nnetar_per_comune"
2025-04-01,"issogne","Issogne",37.5785590297021,"METHOD_E_nnetar_per_comune"
2025-05-01,"issogne","Issogne",3.82043921351641,"METHOD_E_nnetar_per_comune"
2025-06-01,"issogne","Issogne",18.4643077931123,"METHOD_E_nnetar_per_comune"
2025-07-01,"issogne","Issogne",34.3074882062332,"METHOD_E_nnetar_per_comune"
2025-08-01,"issogne","Issogne",31.9479751712237,"METHOD_E_nnetar_per_comune"
2025-09-01,"issogne","Issogne",6.46202308568362,"METHOD_E_nnetar_per_comune"
2025-01-01,"jovencan","Jovençan",545.3000170055,"METHOD_E_nnetar_per_comune"
2025-02-01,"jovencan","Jovençan",689.917986079458,"METHOD_E_nnetar_per_comune"
2025-03-01,"jovencan","Jovençan",618.439032153067,"METHOD_E_nnetar_per_comune"
2025-04-01,"jovencan","Jovençan",568.207017207752,"METHOD_E_nnetar_per_comune"
2025-05-01,"jovencan","Jovençan",405.164774917191,"METHOD_E_nnetar_per_comune"
2025-06-01,"jovencan","Jovençan",571.767306580255,"METHOD_E_nnetar_per_comune"
2025-07-01,"jovencan","Jovençan",425.856406622297,"METHOD_E_nnetar_per_comune"
2025-08-01,"jovencan","Jovençan",637.788487373112,"METHOD_E_nnetar_per_comune"
2025-09-01,"jovencan","Jovençan",580.681928363857,"METHOD_E_nnetar_per_comune"
2025-01-01,"la magdeleine","La Magdeleine",102.71408388356,"METHOD_E_nnetar_per_comune"
2025-02-01,"la magdeleine","La Magdeleine",134.460426116202,"METHOD_E_nnetar_per_comune"
2025-03-01,"la magdeleine","La Magdeleine",66.7483262270306,"METHOD_E_nnetar_per_comune"
2025-04-01,"la magdeleine","La Magdeleine",19.1163304324592,"METHOD_E_nnetar_per_comune"
2025-05-01,"la magdeleine","La Magdeleine",43.9204010143341,"METHOD_E_nnetar_per_comune"
2025-06-01,"la magdeleine","La Magdeleine",99.6902603296922,"METHOD_E_nnetar_per_comune"
2025-07-01,"la magdeleine","La Magdeleine",129.105288128299,"METHOD_E_nnetar_per_comune"
2025-08-01,"la magdeleine","La Magdeleine",153.16535704876,"METHOD_E_nnetar_per_comune"
2025-09-01,"la magdeleine","La Magdeleine",41.667299158534,"METHOD_E_nnetar_per_comune"
2025-01-01,"la salle","La Salle",2519.06885657031,"METHOD_E_nnetar_per_comune"
2025-02-01,"la salle","La Salle",2587.83154456043,"METHOD_E_nnetar_per_comune"
2025-03-01,"la salle","La Salle",2282.7925312639,"METHOD_E_nnetar_per_comune"
2025-04-01,"la salle","La Salle",576.600915322765,"METHOD_E_nnetar_per_comune"
2025-05-01,"la salle","La Salle",1549.09084123262,"METHOD_E_nnetar_per_comune"
2025-06-01,"la salle","La Salle",1493.45566810019,"METHOD_E_nnetar_per_comune"
2025-07-01,"la salle","La Salle",2881.96073913669,"METHOD_E_nnetar_per_comune"
2025-08-01,"la salle","La Salle",2754.32080253818,"METHOD_E_nnetar_per_comune"
2025-09-01,"la salle","La Salle",885.366674271329,"METHOD_E_nnetar_per_comune"
2025-01-01,"la thuile","La Thuile",9270.30404588933,"METHOD_E_nnetar_per_comune"
2025-02-01,"la thuile","La Thuile",7893.75935637624,"METHOD_E_nnetar_per_comune"
2025-03-01,"la thuile","La Thuile",9225.02509625394,"METHOD_E_nnetar_per_comune"
2025-04-01,"la thuile","La Thuile",2691.80118119371,"METHOD_E_nnetar_per_comune"
2025-05-01,"la thuile","La Thuile",209.964967815994,"METHOD_E_nnetar_per_comune"
2025-06-01,"la thuile","La Thuile",4977.3829978907,"METHOD_E_nnetar_per_comune"
2025-07-01,"la thuile","La Thuile",14953.0498775806,"METHOD_E_nnetar_per_comune"
2025-08-01,"la thuile","La Thuile",7406.84488402291,"METHOD_E_nnetar_per_comune"
2025-09-01,"la thuile","La Thuile",4602.69646128545,"METHOD_E_nnetar_per_comune"
2025-01-01,"lillianes","Lillianes",74.2602475285262,"METHOD_E_nnetar_per_comune"
2025-02-01,"lillianes","Lillianes",49.766193245992,"METHOD_E_nnetar_per_comune"
2025-03-01,"lillianes","Lillianes",45.6797499500493,"METHOD_E_nnetar_per_comune"
2025-04-01,"lillianes","Lillianes",58.5965682764133,"METHOD_E_nnetar_per_comune"
2025-05-01,"lillianes","Lillianes",100.569164014914,"METHOD_E_nnetar_per_comune"
2025-06-01,"lillianes","Lillianes",244.624091635432,"METHOD_E_nnetar_per_comune"
2025-07-01,"lillianes","Lillianes",725.404365177722,"METHOD_E_nnetar_per_comune"
2025-08-01,"lillianes","Lillianes",464.675297514032,"METHOD_E_nnetar_per_comune"
2025-09-01,"lillianes","Lillianes",196.704190092742,"METHOD_E_nnetar_per_comune"
2025-01-01,"montjovet","Montjovet",679.47136744061,"METHOD_E_nnetar_per_comune"
2025-02-01,"montjovet","Montjovet",762.727503492557,"METHOD_E_nnetar_per_comune"
2025-03-01,"montjovet","Montjovet",382.566932268924,"METHOD_E_nnetar_per_comune"
2025-04-01,"montjovet","Montjovet",284.459026127637,"METHOD_E_nnetar_per_comune"
2025-05-01,"montjovet","Montjovet",293.720872318198,"METHOD_E_nnetar_per_comune"
2025-06-01,"montjovet","Montjovet",272.678721437379,"METHOD_E_nnetar_per_comune"
2025-07-01,"montjovet","Montjovet",272.29600232623,"METHOD_E_nnetar_per_comune"
2025-08-01,"montjovet","Montjovet",655.225320225213,"METHOD_E_nnetar_per_comune"
2025-09-01,"montjovet","Montjovet",422.541898961235,"METHOD_E_nnetar_per_comune"
2025-01-01,"morgex","Morgex",1462.43589969021,"METHOD_E_nnetar_per_comune"
2025-02-01,"morgex","Morgex",1486.73435751548,"METHOD_E_nnetar_per_comune"
2025-03-01,"morgex","Morgex",1658.1468520471,"METHOD_E_nnetar_per_comune"
2025-04-01,"morgex","Morgex",667.585934625788,"METHOD_E_nnetar_per_comune"
2025-05-01,"morgex","Morgex",674.270515468868,"METHOD_E_nnetar_per_comune"
2025-06-01,"morgex","Morgex",1300.15807184568,"METHOD_E_nnetar_per_comune"
2025-07-01,"morgex","Morgex",2128.84545531691,"METHOD_E_nnetar_per_comune"
2025-08-01,"morgex","Morgex",2695.80656907894,"METHOD_E_nnetar_per_comune"
2025-09-01,"morgex","Morgex",1176.82006652564,"METHOD_E_nnetar_per_comune"
2025-01-01,"nus","Nus",1454.69353663582,"METHOD_E_nnetar_per_comune"
2025-02-01,"nus","Nus",1440.97488241821,"METHOD_E_nnetar_per_comune"
2025-03-01,"nus","Nus",1389.93442666158,"METHOD_E_nnetar_per_comune"
2025-04-01,"nus","Nus",1066.65690899,"METHOD_E_nnetar_per_comune"
2025-05-01,"nus","Nus",1213.11220476136,"METHOD_E_nnetar_per_comune"
2025-06-01,"nus","Nus",1089.20930984969,"METHOD_E_nnetar_per_comune"
2025-07-01,"nus","Nus",1761.4283785027,"METHOD_E_nnetar_per_comune"
2025-08-01,"nus","Nus",2137.59123920102,"METHOD_E_nnetar_per_comune"
2025-09-01,"nus","Nus",1036.32827403885,"METHOD_E_nnetar_per_comune"
2025-01-01,"ollomont","Ollomont",17.9211648787221,"METHOD_E_nnetar_per_comune"
2025-02-01,"ollomont","Ollomont",7.7084035458757,"METHOD_E_nnetar_per_comune"
2025-03-01,"ollomont","Ollomont",8.33194140701133,"METHOD_E_nnetar_per_comune"
2025-04-01,"ollomont","Ollomont",8.88453641405946,"METHOD_E_nnetar_per_comune"
2025-05-01,"ollomont","Ollomont",6.75964735568468,"METHOD_E_nnetar_per_comune"
2025-06-01,"ollomont","Ollomont",24.1971330090135,"METHOD_E_nnetar_per_comune"
2025-07-01,"ollomont","Ollomont",310.365341159825,"METHOD_E_nnetar_per_comune"
2025-08-01,"ollomont","Ollomont",398.11952432979,"METHOD_E_nnetar_per_comune"
2025-09-01,"ollomont","Ollomont",114.667368578932,"METHOD_E_nnetar_per_comune"
2025-01-01,"oyace","Oyace",8.55996788679915,"METHOD_E_nnetar_per_comune"
2025-02-01,"oyace","Oyace",5.06465914669755,"METHOD_E_nnetar_per_comune"
2025-03-01,"oyace","Oyace",16.8281800285025,"METHOD_E_nnetar_per_comune"
2025-04-01,"oyace","Oyace",4.17383430165779,"METHOD_E_nnetar_per_comune"
2025-05-01,"oyace","Oyace",3.10391347428374,"METHOD_E_nnetar_per_comune"
2025-06-01,"oyace","Oyace",12.9428355020601,"METHOD_E_nnetar_per_comune"
2025-07-01,"oyace","Oyace",4.43850921028252,"METHOD_E_nnetar_per_comune"
2025-08-01,"oyace","Oyace",49.3214702910961,"METHOD_E_nnetar_per_comune"
2025-09-01,"oyace","Oyace",1.44580810930126,"METHOD_E_nnetar_per_comune"
2025-01-01,"perloz","Perloz",116.25516554117,"METHOD_E_nnetar_per_comune"
2025-02-01,"perloz","Perloz",189.307800819305,"METHOD_E_nnetar_per_comune"
2025-03-01,"perloz","Perloz",193.971310068962,"METHOD_E_nnetar_per_comune"
2025-04-01,"perloz","Perloz",177.461872395616,"METHOD_E_nnetar_per_comune"
2025-05-01,"perloz","Perloz",116.695482329118,"METHOD_E_nnetar_per_comune"
2025-06-01,"perloz","Perloz",237.908282132849,"METHOD_E_nnetar_per_comune"
2025-07-01,"perloz","Perloz",248.461180834746,"METHOD_E_nnetar_per_comune"
2025-08-01,"perloz","Perloz",338.53478202144,"METHOD_E_nnetar_per_comune"
2025-09-01,"perloz","Perloz",291.41085195878,"METHOD_E_nnetar_per_comune"
2025-01-01,"pollein","Pollein",3141.21058293091,"METHOD_E_nnetar_per_comune"
2025-02-01,"pollein","Pollein",3121.60565971989,"METHOD_E_nnetar_per_comune"
2025-03-01,"pollein","Pollein",3109.90419420682,"METHOD_E_nnetar_per_comune"
2025-04-01,"pollein","Pollein",3039.64318259992,"METHOD_E_nnetar_per_comune"
2025-05-01,"pollein","Pollein",3178.35042040079,"METHOD_E_nnetar_per_comune"
2025-06-01,"pollein","Pollein",3172.12956044166,"METHOD_E_nnetar_per_comune"
2025-07-01,"pollein","Pollein",3183.49306316575,"METHOD_E_nnetar_per_comune"
2025-08-01,"pollein","Pollein",3186.89822257378,"METHOD_E_nnetar_per_comune"
2025-09-01,"pollein","Pollein",3155.27794965521,"METHOD_E_nnetar_per_comune"
2025-01-01,"pont saint martin","Pont-Saint-Martin",478.966906207548,"METHOD_E_nnetar_per_comune"
2025-02-01,"pont saint martin","Pont-Saint-Martin",551.158188486039,"METHOD_E_nnetar_per_comune"
2025-03-01,"pont saint martin","Pont-Saint-Martin",509.994492201547,"METHOD_E_nnetar_per_comune"
2025-04-01,"pont saint martin","Pont-Saint-Martin",591.647653531178,"METHOD_E_nnetar_per_comune"
2025-05-01,"pont saint martin","Pont-Saint-Martin",560.802667658502,"METHOD_E_nnetar_per_comune"
2025-06-01,"pont saint martin","Pont-Saint-Martin",798.953961932675,"METHOD_E_nnetar_per_comune"
2025-07-01,"pont saint martin","Pont-Saint-Martin",934.956317122561,"METHOD_E_nnetar_per_comune"
2025-08-01,"pont saint martin","Pont-Saint-Martin",998.746887136387,"METHOD_E_nnetar_per_comune"
2025-09-01,"pont saint martin","Pont-Saint-Martin",782.558655491044,"METHOD_E_nnetar_per_comune"
2025-01-01,"pontboset","Pontboset",150.003144405517,"METHOD_E_nnetar_per_comune"
2025-02-01,"pontboset","Pontboset",186.883871377605,"METHOD_E_nnetar_per_comune"
2025-03-01,"pontboset","Pontboset",100.187664384167,"METHOD_E_nnetar_per_comune"
2025-04-01,"pontboset","Pontboset",42.850603631299,"METHOD_E_nnetar_per_comune"
2025-05-01,"pontboset","Pontboset",82.2184179087371,"METHOD_E_nnetar_per_comune"
2025-06-01,"pontboset","Pontboset",152.470968935972,"METHOD_E_nnetar_per_comune"
2025-07-01,"pontboset","Pontboset",318.631217720844,"METHOD_E_nnetar_per_comune"
2025-08-01,"pontboset","Pontboset",583.503323828598,"METHOD_E_nnetar_per_comune"
2025-09-01,"pontboset","Pontboset",130.60971076372,"METHOD_E_nnetar_per_comune"
2025-01-01,"pontey","Pontey",154.260264258175,"METHOD_E_nnetar_per_comune"
2025-02-01,"pontey","Pontey",133.371349636356,"METHOD_E_nnetar_per_comune"
2025-03-01,"pontey","Pontey",80.5596894673014,"METHOD_E_nnetar_per_comune"
2025-04-01,"pontey","Pontey",104.026815578049,"METHOD_E_nnetar_per_comune"
2025-05-01,"pontey","Pontey",154.409529000193,"METHOD_E_nnetar_per_comune"
2025-06-01,"pontey","Pontey",147.561926526071,"METHOD_E_nnetar_per_comune"
2025-07-01,"pontey","Pontey",183.279652619392,"METHOD_E_nnetar_per_comune"
2025-08-01,"pontey","Pontey",206.175509582591,"METHOD_E_nnetar_per_comune"
2025-09-01,"pontey","Pontey",136.919428477118,"METHOD_E_nnetar_per_comune"
2025-01-01,"pre saint didier","Pré-Saint-Didier",6202.12844280128,"METHOD_E_nnetar_per_comune"
2025-02-01,"pre saint didier","Pré-Saint-Didier",6215.95214894131,"METHOD_E_nnetar_per_comune"
2025-03-01,"pre saint didier","Pré-Saint-Didier",6178.71348849452,"METHOD_E_nnetar_per_comune"
2025-04-01,"pre saint didier","Pré-Saint-Didier",3412.20790194762,"METHOD_E_nnetar_per_comune"
2025-05-01,"pre saint didier","Pré-Saint-Didier",3314.52934265035,"METHOD_E_nnetar_per_comune"
2025-06-01,"pre saint didier","Pré-Saint-Didier",3314.38319851333,"METHOD_E_nnetar_per_comune"
2025-07-01,"pre saint didier","Pré-Saint-Didier",5010.01669844948,"METHOD_E_nnetar_per_comune"
2025-08-01,"pre saint didier","Pré-Saint-Didier",5971.8083463973,"METHOD_E_nnetar_per_comune"
2025-09-01,"pre saint didier","Pré-Saint-Didier",3735.16528774485,"METHOD_E_nnetar_per_comune"
2025-01-01,"quart","Quart",585.885256676896,"METHOD_E_nnetar_per_comune"
2025-02-01,"quart","Quart",577.864273370019,"METHOD_E_nnetar_per_comune"
2025-03-01,"quart","Quart",528.703217190684,"METHOD_E_nnetar_per_comune"
2025-04-01,"quart","Quart",453.453262065119,"METHOD_E_nnetar_per_comune"
2025-05-01,"quart","Quart",619.816104629386,"METHOD_E_nnetar_per_comune"
2025-06-01,"quart","Quart",590.770085434545,"METHOD_E_nnetar_per_comune"
2025-07-01,"quart","Quart",4281.67916666982,"METHOD_E_nnetar_per_comune"
2025-08-01,"quart","Quart",7492.76010072307,"METHOD_E_nnetar_per_comune"
2025-09-01,"quart","Quart",1445.83716465355,"METHOD_E_nnetar_per_comune"
2025-01-01,"rhemes notre dame","Rhêmes-Notre-Dame",1231.06667456415,"METHOD_E_nnetar_per_comune"
2025-02-01,"rhemes notre dame","Rhêmes-Notre-Dame",972.451013062252,"METHOD_E_nnetar_per_comune"
2025-03-01,"rhemes notre dame","Rhêmes-Notre-Dame",1109.83618149728,"METHOD_E_nnetar_per_comune"
2025-04-01,"rhemes notre dame","Rhêmes-Notre-Dame",195.901257633407,"METHOD_E_nnetar_per_comune"
2025-05-01,"rhemes notre dame","Rhêmes-Notre-Dame",49.246235950362,"METHOD_E_nnetar_per_comune"
2025-06-01,"rhemes notre dame","Rhêmes-Notre-Dame",815.838280821596,"METHOD_E_nnetar_per_comune"
2025-07-01,"rhemes notre dame","Rhêmes-Notre-Dame",1240.23868274709,"METHOD_E_nnetar_per_comune"
2025-08-01,"rhemes notre dame","Rhêmes-Notre-Dame",1323.75877438054,"METHOD_E_nnetar_per_comune"
2025-09-01,"rhemes notre dame","Rhêmes-Notre-Dame",795.935894635144,"METHOD_E_nnetar_per_comune"
2025-01-01,"rhemes saint georges","Rhêmes-Saint-Georges",246.588594769786,"METHOD_E_nnetar_per_comune"
2025-02-01,"rhemes saint georges","Rhêmes-Saint-Georges",322.227160725314,"METHOD_E_nnetar_per_comune"
2025-03-01,"rhemes saint georges","Rhêmes-Saint-Georges",45.3567391901141,"METHOD_E_nnetar_per_comune"
2025-04-01,"rhemes saint georges","Rhêmes-Saint-Georges",34.6797591144664,"METHOD_E_nnetar_per_comune"
2025-05-01,"rhemes saint georges","Rhêmes-Saint-Georges",49.7351437165029,"METHOD_E_nnetar_per_comune"
2025-06-01,"rhemes saint georges","Rhêmes-Saint-Georges",205.322925228068,"METHOD_E_nnetar_per_comune"
2025-07-01,"rhemes saint georges","Rhêmes-Saint-Georges",1123.16921513139,"METHOD_E_nnetar_per_comune"
2025-08-01,"rhemes saint georges","Rhêmes-Saint-Georges",1422.79672333206,"METHOD_E_nnetar_per_comune"
2025-09-01,"rhemes saint georges","Rhêmes-Saint-Georges",318.961022610963,"METHOD_E_nnetar_per_comune"
2025-01-01,"roisan","Roisan",280.381461216724,"METHOD_E_nnetar_per_comune"
2025-02-01,"roisan","Roisan",393.68663878485,"METHOD_E_nnetar_per_comune"
2025-03-01,"roisan","Roisan",241.454214910391,"METHOD_E_nnetar_per_comune"
2025-04-01,"roisan","Roisan",121.261811011882,"METHOD_E_nnetar_per_comune"
2025-05-01,"roisan","Roisan",137.741421790512,"METHOD_E_nnetar_per_comune"
2025-06-01,"roisan","Roisan",163.62322317939,"METHOD_E_nnetar_per_comune"
2025-07-01,"roisan","Roisan",295.221022423779,"METHOD_E_nnetar_per_comune"
2025-08-01,"roisan","Roisan",314.724816210141,"METHOD_E_nnetar_per_comune"
2025-09-01,"roisan","Roisan",206.723366252653,"METHOD_E_nnetar_per_comune"
2025-01-01,"saint christophe","Saint-Christophe",732.538122249555,"METHOD_E_nnetar_per_comune"
2025-02-01,"saint christophe","Saint-Christophe",674.51395374285,"METHOD_E_nnetar_per_comune"
2025-03-01,"saint christophe","Saint-Christophe",492.279811811854,"METHOD_E_nnetar_per_comune"
2025-04-01,"saint christophe","Saint-Christophe",451.493616488272,"METHOD_E_nnetar_per_comune"
2025-05-01,"saint christophe","Saint-Christophe",626.528801785997,"METHOD_E_nnetar_per_comune"
2025-06-01,"saint christophe","Saint-Christophe",658.616857017642,"METHOD_E_nnetar_per_comune"
2025-07-01,"saint christophe","Saint-Christophe",822.972042985287,"METHOD_E_nnetar_per_comune"
2025-08-01,"saint christophe","Saint-Christophe",907.077828855642,"METHOD_E_nnetar_per_comune"
2025-09-01,"saint christophe","Saint-Christophe",753.689691462759,"METHOD_E_nnetar_per_comune"
2025-01-01,"saint denis","Saint-Denis",32.9931079178105,"METHOD_E_nnetar_per_comune"
2025-02-01,"saint denis","Saint-Denis",145.37345773784,"METHOD_E_nnetar_per_comune"
2025-03-01,"saint denis","Saint-Denis",31.3401183806669,"METHOD_E_nnetar_per_comune"
2025-04-01,"saint denis","Saint-Denis",9.81349053635115,"METHOD_E_nnetar_per_comune"
2025-05-01,"saint denis","Saint-Denis",115.051350570612,"METHOD_E_nnetar_per_comune"
2025-06-01,"saint denis","Saint-Denis",21.2969695992093,"METHOD_E_nnetar_per_comune"
2025-07-01,"saint denis","Saint-Denis",126.142006712005,"METHOD_E_nnetar_per_comune"
2025-08-01,"saint denis","Saint-Denis",76.1645029943054,"METHOD_E_nnetar_per_comune"
2025-09-01,"saint denis","Saint-Denis",196.473196738201,"METHOD_E_nnetar_per_comune"
2025-01-01,"saint marcel","Saint-Marcel",63.5954820330224,"METHOD_E_nnetar_per_comune"
2025-02-01,"saint marcel","Saint-Marcel",59.9371954846976,"METHOD_E_nnetar_per_comune"
2025-03-01,"saint marcel","Saint-Marcel",58.8377726414383,"METHOD_E_nnetar_per_comune"
2025-04-01,"saint marcel","Saint-Marcel",56.3615881377888,"METHOD_E_nnetar_per_comune"
2025-05-01,"saint marcel","Saint-Marcel",59.8242315438928,"METHOD_E_nnetar_per_comune"
2025-06-01,"saint marcel","Saint-Marcel",57.630225959147,"METHOD_E_nnetar_per_comune"
2025-07-01,"saint marcel","Saint-Marcel",59.9513222074091,"METHOD_E_nnetar_per_comune"
2025-08-01,"saint marcel","Saint-Marcel",59.9675796177116,"METHOD_E_nnetar_per_comune"
2025-09-01,"saint marcel","Saint-Marcel",56.7659357915328,"METHOD_E_nnetar_per_comune"
2025-01-01,"saint nicolas","Saint-Nicolas",484.675305644573,"METHOD_E_nnetar_per_comune"
2025-02-01,"saint nicolas","Saint-Nicolas",454.751578763445,"METHOD_E_nnetar_per_comune"
2025-03-01,"saint nicolas","Saint-Nicolas",424.697295858205,"METHOD_E_nnetar_per_comune"
2025-04-01,"saint nicolas","Saint-Nicolas",389.696205410255,"METHOD_E_nnetar_per_comune"
2025-05-01,"saint nicolas","Saint-Nicolas",339.575644140958,"METHOD_E_nnetar_per_comune"
2025-06-01,"saint nicolas","Saint-Nicolas",291.366634627535,"METHOD_E_nnetar_per_comune"
2025-07-01,"saint nicolas","Saint-Nicolas",349.130025451081,"METHOD_E_nnetar_per_comune"
2025-08-01,"saint nicolas","Saint-Nicolas",383.562741781999,"METHOD_E_nnetar_per_comune"
2025-09-01,"saint nicolas","Saint-Nicolas",317.349266020111,"METHOD_E_nnetar_per_comune"
2025-01-01,"saint oyen","Saint-Oyen",446.361676780142,"METHOD_E_nnetar_per_comune"
2025-02-01,"saint oyen","Saint-Oyen",336.009352687051,"METHOD_E_nnetar_per_comune"
2025-03-01,"saint oyen","Saint-Oyen",353.909345631211,"METHOD_E_nnetar_per_comune"
2025-04-01,"saint oyen","Saint-Oyen",114.829036992789,"METHOD_E_nnetar_per_comune"
2025-05-01,"saint oyen","Saint-Oyen",163.436366530365,"METHOD_E_nnetar_per_comune"
2025-06-01,"saint oyen","Saint-Oyen",354.062748645057,"METHOD_E_nnetar_per_comune"
2025-07-01,"saint oyen","Saint-Oyen",974.949278226707,"METHOD_E_nnetar_per_comune"
2025-08-01,"saint oyen","Saint-Oyen",860.702621277335,"METHOD_E_nnetar_per_comune"
2025-09-01,"saint oyen","Saint-Oyen",238.150445914807,"METHOD_E_nnetar_per_comune"
2025-01-01,"saint pierre","Saint-Pierre",1053.34627255314,"METHOD_E_nnetar_per_comune"
2025-02-01,"saint pierre","Saint-Pierre",1065.56515972867,"METHOD_E_nnetar_per_comune"
2025-03-01,"saint pierre","Saint-Pierre",1114.55750865609,"METHOD_E_nnetar_per_comune"
2025-04-01,"saint pierre","Saint-Pierre",808.642314564122,"METHOD_E_nnetar_per_comune"
2025-05-01,"saint pierre","Saint-Pierre",828.054686293263,"METHOD_E_nnetar_per_comune"
2025-06-01,"saint pierre","Saint-Pierre",1366.0655557297,"METHOD_E_nnetar_per_comune"
2025-07-01,"saint pierre","Saint-Pierre",2551.99827952905,"METHOD_E_nnetar_per_comune"
2025-08-01,"saint pierre","Saint-Pierre",3063.97840565788,"METHOD_E_nnetar_per_comune"
2025-09-01,"saint pierre","Saint-Pierre",1089.88233831574,"METHOD_E_nnetar_per_comune"
2025-01-01,"saint rhemy en bosses","Saint-Rhémy-en-Bosses",734.043073141284,"METHOD_E_nnetar_per_comune"
2025-02-01,"saint rhemy en bosses","Saint-Rhémy-en-Bosses",525.998889488376,"METHOD_E_nnetar_per_comune"
2025-03-01,"saint rhemy en bosses","Saint-Rhémy-en-Bosses",462.424895225808,"METHOD_E_nnetar_per_comune"
2025-04-01,"saint rhemy en bosses","Saint-Rhémy-en-Bosses",90.3171637178171,"METHOD_E_nnetar_per_comune"
2025-05-01,"saint rhemy en bosses","Saint-Rhémy-en-Bosses",103.980659035929,"METHOD_E_nnetar_per_comune"
2025-06-01,"saint rhemy en bosses","Saint-Rhémy-en-Bosses",343.111602439159,"METHOD_E_nnetar_per_comune"
2025-07-01,"saint rhemy en bosses","Saint-Rhémy-en-Bosses",1414.94733722696,"METHOD_E_nnetar_per_comune"
2025-08-01,"saint rhemy en bosses","Saint-Rhémy-en-Bosses",1320.59322416911,"METHOD_E_nnetar_per_comune"
2025-09-01,"saint rhemy en bosses","Saint-Rhémy-en-Bosses",518.280965341589,"METHOD_E_nnetar_per_comune"
2025-01-01,"saint vincent","Saint-Vincent",6705.82783182938,"METHOD_E_nnetar_per_comune"
2025-02-01,"saint vincent","Saint-Vincent",6368.19003476326,"METHOD_E_nnetar_per_comune"
2025-03-01,"saint vincent","Saint-Vincent",6132.90669688701,"METHOD_E_nnetar_per_comune"
2025-04-01,"saint vincent","Saint-Vincent",5228.10624708429,"METHOD_E_nnetar_per_comune"
2025-05-01,"saint vincent","Saint-Vincent",5548.04009705206,"METHOD_E_nnetar_per_comune"
2025-06-01,"saint vincent","Saint-Vincent",6258.45948478188,"METHOD_E_nnetar_per_comune"
2025-07-01,"saint vincent","Saint-Vincent",6543.11326142561,"METHOD_E_nnetar_per_comune"
2025-08-01,"saint vincent","Saint-Vincent",7682.09731595637,"METHOD_E_nnetar_per_comune"
2025-09-01,"saint vincent","Saint-Vincent",5627.80233405154,"METHOD_E_nnetar_per_comune"
2025-01-01,"sarre","Sarre",1243.27314443125,"METHOD_E_nnetar_per_comune"
2025-02-01,"sarre","Sarre",1274.67545428098,"METHOD_E_nnetar_per_comune"
2025-03-01,"sarre","Sarre",1061.96364452542,"METHOD_E_nnetar_per_comune"
2025-04-01,"sarre","Sarre",775.642794263303,"METHOD_E_nnetar_per_comune"
2025-05-01,"sarre","Sarre",2206.76934934957,"METHOD_E_nnetar_per_comune"
2025-06-01,"sarre","Sarre",2898.6357730158,"METHOD_E_nnetar_per_comune"
2025-07-01,"sarre","Sarre",3976.1853036661,"METHOD_E_nnetar_per_comune"
2025-08-01,"sarre","Sarre",4376.4293052072,"METHOD_E_nnetar_per_comune"
2025-09-01,"sarre","Sarre",2191.60323287978,"METHOD_E_nnetar_per_comune"
2025-01-01,"torgnon","Torgnon",2282.03377053173,"METHOD_E_nnetar_per_comune"
2025-02-01,"torgnon","Torgnon",2460.31630368992,"METHOD_E_nnetar_per_comune"
2025-03-01,"torgnon","Torgnon",2116.83036558687,"METHOD_E_nnetar_per_comune"
2025-04-01,"torgnon","Torgnon",739.47455936923,"METHOD_E_nnetar_per_comune"
2025-05-01,"torgnon","Torgnon",202.096029583564,"METHOD_E_nnetar_per_comune"
2025-06-01,"torgnon","Torgnon",573.048628819506,"METHOD_E_nnetar_per_comune"
2025-07-01,"torgnon","Torgnon",2379.89707525796,"METHOD_E_nnetar_per_comune"
2025-08-01,"torgnon","Torgnon",2439.07929456477,"METHOD_E_nnetar_per_comune"
2025-09-01,"torgnon","Torgnon",669.459550776914,"METHOD_E_nnetar_per_comune"
2025-01-01,"valgrisenche","Valgrisenche",526.302622493394,"METHOD_E_nnetar_per_comune"
2025-02-01,"valgrisenche","Valgrisenche",523.219291462383,"METHOD_E_nnetar_per_comune"
2025-03-01,"valgrisenche","Valgrisenche",522.379752929176,"METHOD_E_nnetar_per_comune"
2025-04-01,"valgrisenche","Valgrisenche",299.138986540994,"METHOD_E_nnetar_per_comune"
2025-05-01,"valgrisenche","Valgrisenche",180.189686974347,"METHOD_E_nnetar_per_comune"
2025-06-01,"valgrisenche","Valgrisenche",561.791176575478,"METHOD_E_nnetar_per_comune"
2025-07-01,"valgrisenche","Valgrisenche",4186.75349131067,"METHOD_E_nnetar_per_comune"
2025-08-01,"valgrisenche","Valgrisenche",4416.96128544253,"METHOD_E_nnetar_per_comune"
2025-09-01,"valgrisenche","Valgrisenche",752.310783719561,"METHOD_E_nnetar_per_comune"
2025-01-01,"valpelline","Valpelline",197.877141763655,"METHOD_E_nnetar_per_comune"
2025-02-01,"valpelline","Valpelline",223.94378750085,"METHOD_E_nnetar_per_comune"
2025-03-01,"valpelline","Valpelline",210.42744340935,"METHOD_E_nnetar_per_comune"
2025-04-01,"valpelline","Valpelline",215.465370797136,"METHOD_E_nnetar_per_comune"
2025-05-01,"valpelline","Valpelline",216.741076767595,"METHOD_E_nnetar_per_comune"
2025-06-01,"valpelline","Valpelline",223.665825189864,"METHOD_E_nnetar_per_comune"
2025-07-01,"valpelline","Valpelline",361.95328322011,"METHOD_E_nnetar_per_comune"
2025-08-01,"valpelline","Valpelline",1254.46287941902,"METHOD_E_nnetar_per_comune"
2025-09-01,"valpelline","Valpelline",413.894911589605,"METHOD_E_nnetar_per_comune"
2025-01-01,"valsavarenche","Valsavarenche",161.19856816991,"METHOD_E_nnetar_per_comune"
2025-02-01,"valsavarenche","Valsavarenche",245.428148779899,"METHOD_E_nnetar_per_comune"
2025-03-01,"valsavarenche","Valsavarenche",370.28208234888,"METHOD_E_nnetar_per_comune"
2025-04-01,"valsavarenche","Valsavarenche",2378.93930516737,"METHOD_E_nnetar_per_comune"
2025-05-01,"valsavarenche","Valsavarenche",1169.28459095917,"METHOD_E_nnetar_per_comune"
2025-06-01,"valsavarenche","Valsavarenche",4980.60603631934,"METHOD_E_nnetar_per_comune"
2025-07-01,"valsavarenche","Valsavarenche",8402.58804074349,"METHOD_E_nnetar_per_comune"
2025-08-01,"valsavarenche","Valsavarenche",8543.06842231121,"METHOD_E_nnetar_per_comune"
2025-09-01,"valsavarenche","Valsavarenche",2608.61106918313,"METHOD_E_nnetar_per_comune"
2025-01-01,"valtournenche","Valtournenche",21340.2746289005,"METHOD_E_nnetar_per_comune"
2025-02-01,"valtournenche","Valtournenche",22058.0112936642,"METHOD_E_nnetar_per_comune"
2025-03-01,"valtournenche","Valtournenche",23095.5238315278,"METHOD_E_nnetar_per_comune"
2025-04-01,"valtournenche","Valtournenche",13654.8770120918,"METHOD_E_nnetar_per_comune"
2025-05-01,"valtournenche","Valtournenche",1982.95721062847,"METHOD_E_nnetar_per_comune"
2025-06-01,"valtournenche","Valtournenche",3374.82730672438,"METHOD_E_nnetar_per_comune"
2025-07-01,"valtournenche","Valtournenche",13876.1389905094,"METHOD_E_nnetar_per_comune"
2025-08-01,"valtournenche","Valtournenche",20263.3652970493,"METHOD_E_nnetar_per_comune"
2025-09-01,"valtournenche","Valtournenche",2740.25111312696,"METHOD_E_nnetar_per_comune"
2025-01-01,"verrayes","Verrayes",531.673951024498,"METHOD_E_nnetar_per_comune"
2025-02-01,"verrayes","Verrayes",457.810539671731,"METHOD_E_nnetar_per_comune"
2025-03-01,"verrayes","Verrayes",509.76776464944,"METHOD_E_nnetar_per_comune"
2025-04-01,"verrayes","Verrayes",327.069579285136,"METHOD_E_nnetar_per_comune"
2025-05-01,"verrayes","Verrayes",237.231080676918,"METHOD_E_nnetar_per_comune"
2025-06-01,"verrayes","Verrayes",272.537108435637,"METHOD_E_nnetar_per_comune"
2025-07-01,"verrayes","Verrayes",515.533917883618,"METHOD_E_nnetar_per_comune"
2025-08-01,"verrayes","Verrayes",553.098178405517,"METHOD_E_nnetar_per_comune"
2025-09-01,"verrayes","Verrayes",270.272529923545,"METHOD_E_nnetar_per_comune"
2025-01-01,"verres","Verrès",167.687598399565,"METHOD_E_nnetar_per_comune"
2025-02-01,"verres","Verrès",157.898848807086,"METHOD_E_nnetar_per_comune"
2025-03-01,"verres","Verrès",107.87138458118,"METHOD_E_nnetar_per_comune"
2025-04-01,"verres","Verrès",144.568068582366,"METHOD_E_nnetar_per_comune"
2025-05-01,"verres","Verrès",153.514901089115,"METHOD_E_nnetar_per_comune"
2025-06-01,"verres","Verrès",187.199257872176,"METHOD_E_nnetar_per_comune"
2025-07-01,"verres","Verrès",210.398559880634,"METHOD_E_nnetar_per_comune"
2025-08-01,"verres","Verrès",243.233441644689,"METHOD_E_nnetar_per_comune"
2025-09-01,"verres","Verrès",223.896819747406,"METHOD_E_nnetar_per_comune"
2025-01-01,"villeneuve","Villeneuve",373.401764090507,"METHOD_E_nnetar_per_comune"
2025-02-01,"villeneuve","Villeneuve",323.073852715041,"METHOD_E_nnetar_per_comune"
2025-03-01,"villeneuve","Villeneuve",311.252554145719,"METHOD_E_nnetar_per_comune"
2025-04-01,"villeneuve","Villeneuve",250.893646719966,"METHOD_E_nnetar_per_comune"
2025-05-01,"villeneuve","Villeneuve",125.246649020281,"METHOD_E_nnetar_per_comune"
2025-06-01,"villeneuve","Villeneuve",269.918171546962,"METHOD_E_nnetar_per_comune"
2025-07-01,"villeneuve","Villeneuve",283.555351266596,"METHOD_E_nnetar_per_comune"
2025-08-01,"villeneuve","Villeneuve",319.100435010975,"METHOD_E_nnetar_per_comune"
2025-09-01,"villeneuve","Villeneuve",186.084490760546,"METHOD_E_nnetar_per_comune"
2025-01-01,"allein","Allein",28.9082184775257,"METHOD_F_expw_median_3yr"
2025-02-01,"allein","Allein",4.50169841206389,"METHOD_F_expw_median_3yr"
2025-03-01,"allein","Allein",10.0748168639104,"METHOD_F_expw_median_3yr"
2025-04-01,"allein","Allein",13.4528661324255,"METHOD_F_expw_median_3yr"
2025-05-01,"allein","Allein",2.20386974099299,"METHOD_F_expw_median_3yr"
2025-06-01,"allein","Allein",48.9043275544991,"METHOD_F_expw_median_3yr"
2025-07-01,"allein","Allein",114.755654182858,"METHOD_F_expw_median_3yr"
2025-08-01,"allein","Allein",110.486359290976,"METHOD_F_expw_median_3yr"
2025-09-01,"allein","Allein",22.0289566815444,"METHOD_F_expw_median_3yr"
2025-01-01,"antey saint andre","Antey-Saint-André",2743.76699723646,"METHOD_F_expw_median_3yr"
2025-02-01,"antey saint andre","Antey-Saint-André",3026.26675750995,"METHOD_F_expw_median_3yr"
2025-03-01,"antey saint andre","Antey-Saint-André",2507.50997501771,"METHOD_F_expw_median_3yr"
2025-04-01,"antey saint andre","Antey-Saint-André",1024.65997041974,"METHOD_F_expw_median_3yr"
2025-05-01,"antey saint andre","Antey-Saint-André",408.8178369542,"METHOD_F_expw_median_3yr"
2025-06-01,"antey saint andre","Antey-Saint-André",1433.36255284734,"METHOD_F_expw_median_3yr"
2025-07-01,"antey saint andre","Antey-Saint-André",3093.76607084897,"METHOD_F_expw_median_3yr"
2025-08-01,"antey saint andre","Antey-Saint-André",3547.02906289802,"METHOD_F_expw_median_3yr"
2025-09-01,"antey saint andre","Antey-Saint-André",1053.19392896527,"METHOD_F_expw_median_3yr"
2025-01-01,"aosta","Aosta",12420.4789128221,"METHOD_F_expw_median_3yr"
2025-02-01,"aosta","Aosta",11765.188799929,"METHOD_F_expw_median_3yr"
2025-03-01,"aosta","Aosta",10130.7880687099,"METHOD_F_expw_median_3yr"
2025-04-01,"aosta","Aosta",10892.3372785539,"METHOD_F_expw_median_3yr"
2025-05-01,"aosta","Aosta",13090.9862614984,"METHOD_F_expw_median_3yr"
2025-06-01,"aosta","Aosta",13063.2774008078,"METHOD_F_expw_median_3yr"
2025-07-01,"aosta","Aosta",18612.4397900419,"METHOD_F_expw_median_3yr"
2025-08-01,"aosta","Aosta",18394.9364978032,"METHOD_F_expw_median_3yr"
2025-09-01,"aosta","Aosta",13237.3049697338,"METHOD_F_expw_median_3yr"
2025-01-01,"arnad","Arnad",242.577659398367,"METHOD_F_expw_median_3yr"
2025-02-01,"arnad","Arnad",173.31538886446,"METHOD_F_expw_median_3yr"
2025-03-01,"arnad","Arnad",156.719373438607,"METHOD_F_expw_median_3yr"
2025-04-01,"arnad","Arnad",107.622929059404,"METHOD_F_expw_median_3yr"
2025-05-01,"arnad","Arnad",329.478526278453,"METHOD_F_expw_median_3yr"
2025-06-01,"arnad","Arnad",478.563776783313,"METHOD_F_expw_median_3yr"
2025-07-01,"arnad","Arnad",536.685534208719,"METHOD_F_expw_median_3yr"
2025-08-01,"arnad","Arnad",563.897362041677,"METHOD_F_expw_median_3yr"
2025-09-01,"arnad","Arnad",313.650383227704,"METHOD_F_expw_median_3yr"
2025-01-01,"arvier","Arvier",930.090507537782,"METHOD_F_expw_median_3yr"
2025-02-01,"arvier","Arvier",937.478694312306,"METHOD_F_expw_median_3yr"
2025-03-01,"arvier","Arvier",700.75948408977,"METHOD_F_expw_median_3yr"
2025-04-01,"arvier","Arvier",338.563797666042,"METHOD_F_expw_median_3yr"
2025-05-01,"arvier","Arvier",238.017932027243,"METHOD_F_expw_median_3yr"
2025-06-01,"arvier","Arvier",780.140463369391,"METHOD_F_expw_median_3yr"
2025-07-01,"arvier","Arvier",2662.56300664671,"METHOD_F_expw_median_3yr"
2025-08-01,"arvier","Arvier",2625.61451937705,"METHOD_F_expw_median_3yr"
2025-09-01,"arvier","Arvier",594.7818304017,"METHOD_F_expw_median_3yr"
2025-01-01,"avise","Avise",81.697139175616,"METHOD_F_expw_median_3yr"
2025-02-01,"avise","Avise",126.047555537789,"METHOD_F_expw_median_3yr"
2025-03-01,"avise","Avise",82.8373831032636,"METHOD_F_expw_median_3yr"
2025-04-01,"avise","Avise",26.905732264851,"METHOD_F_expw_median_3yr"
2025-05-01,"avise","Avise",28.6503066329089,"METHOD_F_expw_median_3yr"
2025-06-01,"avise","Avise",121.09643013495,"METHOD_F_expw_median_3yr"
2025-07-01,"avise","Avise",217.919828145225,"METHOD_F_expw_median_3yr"
2025-08-01,"avise","Avise",211.591801283661,"METHOD_F_expw_median_3yr"
2025-09-01,"avise","Avise",111.193781344939,"METHOD_F_expw_median_3yr"
2025-01-01,"ayas","Ayas",12210.580109094,"METHOD_F_expw_median_3yr"
2025-02-01,"ayas","Ayas",10987.5203992449,"METHOD_F_expw_median_3yr"
2025-03-01,"ayas","Ayas",10042.3535651267,"METHOD_F_expw_median_3yr"
2025-04-01,"ayas","Ayas",1832.95301054298,"METHOD_F_expw_median_3yr"
2025-05-01,"ayas","Ayas",620.389332089528,"METHOD_F_expw_median_3yr"
2025-06-01,"ayas","Ayas",5438.85985731108,"METHOD_F_expw_median_3yr"
2025-07-01,"ayas","Ayas",12507.2071579095,"METHOD_F_expw_median_3yr"
2025-08-01,"ayas","Ayas",13208.3315559929,"METHOD_F_expw_median_3yr"
2025-09-01,"ayas","Ayas",4589.36597532176,"METHOD_F_expw_median_3yr"
2025-01-01,"aymavilles","Aymavilles",597.017555514117,"METHOD_F_expw_median_3yr"
2025-02-01,"aymavilles","Aymavilles",584.09536896529,"METHOD_F_expw_median_3yr"
2025-03-01,"aymavilles","Aymavilles",414.186915516318,"METHOD_F_expw_median_3yr"
2025-04-01,"aymavilles","Aymavilles",285.873405314042,"METHOD_F_expw_median_3yr"
2025-05-01,"aymavilles","Aymavilles",199.450211559866,"METHOD_F_expw_median_3yr"
2025-06-01,"aymavilles","Aymavilles",558.906600622847,"METHOD_F_expw_median_3yr"
2025-07-01,"aymavilles","Aymavilles",1152.19313391678,"METHOD_F_expw_median_3yr"
2025-08-01,"aymavilles","Aymavilles",1278.93172500026,"METHOD_F_expw_median_3yr"
2025-09-01,"aymavilles","Aymavilles",436.383141882023,"METHOD_F_expw_median_3yr"
2025-01-01,"bard","Bard",628.439532120123,"METHOD_F_expw_median_3yr"
2025-02-01,"bard","Bard",546.956357065763,"METHOD_F_expw_median_3yr"
2025-03-01,"bard","Bard",158.958221630587,"METHOD_F_expw_median_3yr"
2025-04-01,"bard","Bard",244.393734739063,"METHOD_F_expw_median_3yr"
2025-05-01,"bard","Bard",511.297779910375,"METHOD_F_expw_median_3yr"
2025-06-01,"bard","Bard",413.358006710647,"METHOD_F_expw_median_3yr"
2025-07-01,"bard","Bard",949.342230058188,"METHOD_F_expw_median_3yr"
2025-08-01,"bard","Bard",1256.00059382666,"METHOD_F_expw_median_3yr"
2025-09-01,"bard","Bard",681.848659190661,"METHOD_F_expw_median_3yr"
2025-01-01,"bionaz","Bionaz",167.164915543953,"METHOD_F_expw_median_3yr"
2025-02-01,"bionaz","Bionaz",82.155996020166,"METHOD_F_expw_median_3yr"
2025-03-01,"bionaz","Bionaz",406.350946844388,"METHOD_F_expw_median_3yr"
2025-04-01,"bionaz","Bionaz",660.311512666552,"METHOD_F_expw_median_3yr"
2025-05-01,"bionaz","Bionaz",195.04247207788,"METHOD_F_expw_median_3yr"
2025-06-01,"bionaz","Bionaz",596.16704066437,"METHOD_F_expw_median_3yr"
2025-07-01,"bionaz","Bionaz",2472.46273103067,"METHOD_F_expw_median_3yr"
2025-08-01,"bionaz","Bionaz",3009.1898044627,"METHOD_F_expw_median_3yr"
2025-09-01,"bionaz","Bionaz",477.294061433463,"METHOD_F_expw_median_3yr"
2025-01-01,"brissogne","Brissogne",67.8714694689733,"METHOD_F_expw_median_3yr"
2025-02-01,"brissogne","Brissogne",56.2712301507987,"METHOD_F_expw_median_3yr"
2025-03-01,"brissogne","Brissogne",36.9409951676716,"METHOD_F_expw_median_3yr"
2025-04-01,"brissogne","Brissogne",51.5693201742978,"METHOD_F_expw_median_3yr"
2025-05-01,"brissogne","Brissogne",31.9561112443984,"METHOD_F_expw_median_3yr"
2025-06-01,"brissogne","Brissogne",66.3701588239631,"METHOD_F_expw_median_3yr"
2025-07-01,"brissogne","Brissogne",92.7318417639256,"METHOD_F_expw_median_3yr"
2025-08-01,"brissogne","Brissogne",110.486359290976,"METHOD_F_expw_median_3yr"
2025-09-01,"brissogne","Brissogne",39.8619216142233,"METHOD_F_expw_median_3yr"
2025-01-01,"brusson","Brusson",3230.17919509743,"METHOD_F_expw_median_3yr"
2025-02-01,"brusson","Brusson",3835.44704707844,"METHOD_F_expw_median_3yr"
2025-03-01,"brusson","Brusson",2442.58337745029,"METHOD_F_expw_median_3yr"
2025-04-01,"brusson","Brusson",791.476957457701,"METHOD_F_expw_median_3yr"
2025-05-01,"brusson","Brusson",503.584235816899,"METHOD_F_expw_median_3yr"
2025-06-01,"brusson","Brusson",2597.75130414494,"METHOD_F_expw_median_3yr"
2025-07-01,"brusson","Brusson",5351.78641780056,"METHOD_F_expw_median_3yr"
2025-08-01,"brusson","Brusson",4933.32017475649,"METHOD_F_expw_median_3yr"
2025-09-01,"brusson","Brusson",1869.31432411963,"METHOD_F_expw_median_3yr"
2025-01-01,"challand saint anselme","Challand-Saint-Anselme",588.219402064435,"METHOD_F_expw_median_3yr"
2025-02-01,"challand saint anselme","Challand-Saint-Anselme",545.830932462747,"METHOD_F_expw_median_3yr"
2025-03-01,"challand saint anselme","Challand-Saint-Anselme",378.365344444636,"METHOD_F_expw_median_3yr"
2025-04-01,"challand saint anselme","Challand-Saint-Anselme",252.241239982978,"METHOD_F_expw_median_3yr"
2025-05-01,"challand saint anselme","Challand-Saint-Anselme",224.794713581285,"METHOD_F_expw_median_3yr"
2025-06-01,"challand saint anselme","Challand-Saint-Anselme",606.646539426049,"METHOD_F_expw_median_3yr"
2025-07-01,"challand saint anselme","Challand-Saint-Anselme",989.912410829906,"METHOD_F_expw_median_3yr"
2025-08-01,"challand saint anselme","Challand-Saint-Anselme",987.080964608999,"METHOD_F_expw_median_3yr"
2025-09-01,"challand saint anselme","Challand-Saint-Anselme",465.755084124082,"METHOD_F_expw_median_3yr"
2025-01-01,"challand saint victor","Challand-Saint-Victor",103.0640832677,"METHOD_F_expw_median_3yr"
2025-02-01,"challand saint victor","Challand-Saint-Victor",83.281420623182,"METHOD_F_expw_median_3yr"
2025-03-01,"challand saint victor","Challand-Saint-Victor",62.6877493754427,"METHOD_F_expw_median_3yr"
2025-04-01,"challand saint victor","Challand-Saint-Victor",88.5647020384679,"METHOD_F_expw_median_3yr"
2025-05-01,"challand saint victor","Challand-Saint-Victor",83.7470501577338,"METHOD_F_expw_median_3yr"
2025-06-01,"challand saint victor","Challand-Saint-Victor",86.1647675960223,"METHOD_F_expw_median_3yr"
2025-07-01,"challand saint victor","Challand-Saint-Victor",82.299509565484,"METHOD_F_expw_median_3yr"
2025-08-01,"challand saint victor","Challand-Saint-Victor",92.7668488386493,"METHOD_F_expw_median_3yr"
2025-09-01,"challand saint victor","Challand-Saint-Victor",31.4699381164921,"METHOD_F_expw_median_3yr"
2025-01-01,"chambave","Chambave",105.577841396181,"METHOD_F_expw_median_3yr"
2025-02-01,"chambave","Chambave",92.2848174473098,"METHOD_F_expw_median_3yr"
2025-03-01,"chambave","Chambave",124.256074654895,"METHOD_F_expw_median_3yr"
2025-04-01,"chambave","Chambave",95.2911351046807,"METHOD_F_expw_median_3yr"
2025-05-01,"chambave","Chambave",112.397356790643,"METHOD_F_expw_median_3yr"
2025-06-01,"chambave","Chambave",109.452542621974,"METHOD_F_expw_median_3yr"
2025-07-01,"chambave","Chambave",151.848390888428,"METHOD_F_expw_median_3yr"
2025-08-01,"chambave","Chambave",164.687214792209,"METHOD_F_expw_median_3yr"
2025-09-01,"chambave","Chambave",104.89979372164,"METHOD_F_expw_median_3yr"
2025-01-01,"chamois","Chamois",744.072406030226,"METHOD_F_expw_median_3yr"
2025-02-01,"chamois","Chamois",721.397170533239,"METHOD_F_expw_median_3yr"
2025-03-01,"chamois","Chamois",525.009901019333,"METHOD_F_expw_median_3yr"
2025-04-01,"chamois","Chamois",4.4842887108085,"METHOD_F_expw_median_3yr"
2025-05-01,"chamois","Chamois",11.019348704965,"METHOD_F_expw_median_3yr"
2025-06-01,"chamois","Chamois",137.397872653117,"METHOD_F_expw_median_3yr"
2025-07-01,"chamois","Chamois",621.303339818301,"METHOD_F_expw_median_3yr"
2025-08-01,"chamois","Chamois",749.431059718976,"METHOD_F_expw_median_3yr"
2025-09-01,"chamois","Chamois",205.603595694415,"METHOD_F_expw_median_3yr"
2025-01-01,"champdepraz","Champdepraz",333.072952023665,"METHOD_F_expw_median_3yr"
2025-02-01,"champdepraz","Champdepraz",335.37653169876,"METHOD_F_expw_median_3yr"
2025-03-01,"champdepraz","Champdepraz",152.241677054647,"METHOD_F_expw_median_3yr"
2025-04-01,"champdepraz","Champdepraz",229.819796428936,"METHOD_F_expw_median_3yr"
2025-05-01,"champdepraz","Champdepraz",77.1354409347548,"METHOD_F_expw_median_3yr"
2025-06-01,"champdepraz","Champdepraz",243.357249021198,"METHOD_F_expw_median_3yr"
2025-07-01,"champdepraz","Champdepraz",306.015077820954,"METHOD_F_expw_median_3yr"
2025-08-01,"champdepraz","Champdepraz",367.940422921834,"METHOD_F_expw_median_3yr"
2025-09-01,"champdepraz","Champdepraz",260.151488429668,"METHOD_F_expw_median_3yr"
2025-01-01,"champorcher","Champorcher",776.751261700472,"METHOD_F_expw_median_3yr"
2025-02-01,"champorcher","Champorcher",761.912456241814,"METHOD_F_expw_median_3yr"
2025-03-01,"champorcher","Champorcher",255.228693885731,"METHOD_F_expw_median_3yr"
2025-04-01,"champorcher","Champorcher",96.4122072823828,"METHOD_F_expw_median_3yr"
2025-05-01,"champorcher","Champorcher",66.1160922297898,"METHOD_F_expw_median_3yr"
2025-06-01,"champorcher","Champorcher",385.412676679505,"METHOD_F_expw_median_3yr"
2025-07-01,"champorcher","Champorcher",1745.6769212059,"METHOD_F_expw_median_3yr"
2025-08-01,"champorcher","Champorcher",1592.67129242086,"METHOD_F_expw_median_3yr"
2025-09-01,"champorcher","Champorcher",419.599174886561,"METHOD_F_expw_median_3yr"
2025-01-01,"charvensod","Charvensod",1896.63050793853,"METHOD_F_expw_median_3yr"
2025-02-01,"charvensod","Charvensod",1789.4251187954,"METHOD_F_expw_median_3yr"
2025-03-01,"charvensod","Charvensod",1873.91593668734,"METHOD_F_expw_median_3yr"
2025-04-01,"charvensod","Charvensod",1647.97610122212,"METHOD_F_expw_median_3yr"
2025-05-01,"charvensod","Charvensod",2169.7097600076,"METHOD_F_expw_median_3yr"
2025-06-01,"charvensod","Charvensod",2170.42063241872,"METHOD_F_expw_median_3yr"
2025-07-01,"charvensod","Charvensod",3094.92521887102,"METHOD_F_expw_median_3yr"
2025-08-01,"charvensod","Charvensod",3171.7923709664,"METHOD_F_expw_median_3yr"
2025-09-01,"charvensod","Charvensod",2127.36781667486,"METHOD_F_expw_median_3yr"
2025-01-01,"chatillon","Châtillon",3431.27984537587,"METHOD_F_expw_median_3yr"
2025-02-01,"chatillon","Châtillon",3117.42615035425,"METHOD_F_expw_median_3yr"
2025-03-01,"chatillon","Châtillon",2480.64379671395,"METHOD_F_expw_median_3yr"
2025-04-01,"chatillon","Châtillon",2850.88654789651,"METHOD_F_expw_median_3yr"
2025-05-01,"chatillon","Châtillon",2573.01792260932,"METHOD_F_expw_median_3yr"
2025-06-01,"chatillon","Châtillon",2998.30103459131,"METHOD_F_expw_median_3yr"
2025-07-01,"chatillon","Châtillon",3769.54936770358,"METHOD_F_expw_median_3yr"
2025-08-01,"chatillon","Châtillon",4136.98452854606,"METHOD_F_expw_median_3yr"
2025-09-01,"chatillon","Châtillon",2688.58171308564,"METHOD_F_expw_median_3yr"
2025-01-01,"cogne","Cogne",8368.30080971156,"METHOD_F_expw_median_3yr"
2025-02-01,"cogne","Cogne",7453.68714577479,"METHOD_F_expw_median_3yr"
2025-03-01,"cogne","Cogne",5308.30906318481,"METHOD_F_expw_median_3yr"
2025-04-01,"cogne","Cogne",1252.23762249327,"METHOD_F_expw_median_3yr"
2025-05-01,"cogne","Cogne",3097.53892096565,"METHOD_F_expw_median_3yr"
2025-06-01,"cogne","Cogne",6606.74177486257,"METHOD_F_expw_median_3yr"
2025-07-01,"cogne","Cogne",2496.8048394937,"METHOD_F_expw_median_3yr"
2025-08-01,"cogne","Cogne",12065.9442938899,"METHOD_F_expw_median_3yr"
2025-09-01,"cogne","Cogne",6716.73379199662,"METHOD_F_expw_median_3yr"
2025-01-01,"courmayeur","Courmayeur",23925.9498668773,"METHOD_F_expw_median_3yr"
2025-02-01,"courmayeur","Courmayeur",21717.3185643992,"METHOD_F_expw_median_3yr"
2025-03-01,"courmayeur","Courmayeur",18360.7940224288,"METHOD_F_expw_median_3yr"
2025-04-01,"courmayeur","Courmayeur",5367.69358683778,"METHOD_F_expw_median_3yr"
2025-05-01,"courmayeur","Courmayeur",2256.76261477683,"METHOD_F_expw_median_3yr"
2025-06-01,"courmayeur","Courmayeur",27940.6724761372,"METHOD_F_expw_median_3yr"
2025-07-01,"courmayeur","Courmayeur",56724.0676069933,"METHOD_F_expw_median_3yr"
2025-08-01,"courmayeur","Courmayeur",50842.4871084454,"METHOD_F_expw_median_3yr"
2025-09-01,"courmayeur","Courmayeur",24464.7298917609,"METHOD_F_expw_median_3yr"
2025-01-01,"donnas","Donnas",130.715422680986,"METHOD_F_expw_median_3yr"
2025-02-01,"donnas","Donnas",138.427226170965,"METHOD_F_expw_median_3yr"
2025-03-01,"donnas","Donnas",105.225865023065,"METHOD_F_expw_median_3yr"
2025-04-01,"donnas","Donnas",151.344743989787,"METHOD_F_expw_median_3yr"
2025-05-01,"donnas","Donnas",212.673430005824,"METHOD_F_expw_median_3yr"
2025-06-01,"donnas","Donnas",265.480635295852,"METHOD_F_expw_median_3yr"
2025-07-01,"donnas","Donnas",475.250689040119,"METHOD_F_expw_median_3yr"
2025-08-01,"donnas","Donnas",446.11473374092,"METHOD_F_expw_median_3yr"
2025-09-01,"donnas","Donnas",184.623636950087,"METHOD_F_expw_median_3yr"
2025-01-01,"doues","Doues",197.330013085719,"METHOD_F_expw_median_3yr"
2025-02-01,"doues","Doues",156.43401981922,"METHOD_F_expw_median_3yr"
2025-03-01,"doues","Doues",161.197069822567,"METHOD_F_expw_median_3yr"
2025-04-01,"doues","Doues",123.317939547234,"METHOD_F_expw_median_3yr"
2025-05-01,"doues","Doues",102.479942956174,"METHOD_F_expw_median_3yr"
2025-06-01,"doues","Doues",281.782077814019,"METHOD_F_expw_median_3yr"
2025-07-01,"doues","Doues",572.619122892241,"METHOD_F_expw_median_3yr"
2025-08-01,"doues","Doues",427.35289914434,"METHOD_F_expw_median_3yr"
2025-09-01,"doues","Doues",329.38535228595,"METHOD_F_expw_median_3yr"
2025-01-01,"emarese","Emarèse",36.4494928629671,"METHOD_F_expw_median_3yr"
2025-02-01,"emarese","Emarèse",33.7627380904792,"METHOD_F_expw_median_3yr"
2025-03-01,"emarese","Emarèse",24.6273301117811,"METHOD_F_expw_median_3yr"
2025-04-01,"emarese","Emarèse",7.84750524391488,"METHOD_F_expw_median_3yr"
2025-05-01,"emarese","Emarèse",24.2425671509229,"METHOD_F_expw_median_3yr"
2025-06-01,"emarese","Emarèse",15.1370537668688,"METHOD_F_expw_median_3yr"
2025-07-01,"emarese","Emarèse",54.4799570363063,"METHOD_F_expw_median_3yr"
2025-08-01,"emarese","Emarèse",109.444035146721,"METHOD_F_expw_median_3yr"
2025-09-01,"emarese","Emarèse",15.734969058246,"METHOD_F_expw_median_3yr"
2025-01-01,"etroubles","Etroubles",1005.5032513922,"METHOD_F_expw_median_3yr"
2025-02-01,"etroubles","Etroubles",962.238035578657,"METHOD_F_expw_median_3yr"
2025-03-01,"etroubles","Etroubles",619.041525082497,"METHOD_F_expw_median_3yr"
2025-04-01,"etroubles","Etroubles",291.478766202553,"METHOD_F_expw_median_3yr"
2025-05-01,"etroubles","Etroubles",708.544121729248,"METHOD_F_expw_median_3yr"
2025-06-01,"etroubles","Etroubles",1709.32268690487,"METHOD_F_expw_median_3yr"
2025-07-01,"etroubles","Etroubles",3500.62702658819,"METHOD_F_expw_median_3yr"
2025-08-01,"etroubles","Etroubles",3221.82392989062,"METHOD_F_expw_median_3yr"
2025-09-01,"etroubles","Etroubles",1814.76643138437,"METHOD_F_expw_median_3yr"
2025-01-01,"fenis","Fénis",682.485331882454,"METHOD_F_expw_median_3yr"
2025-02-01,"fenis","Fénis",776.542976081021,"METHOD_F_expw_median_3yr"
2025-03-01,"fenis","Fénis",594.414194970716,"METHOD_F_expw_median_3yr"
2025-04-01,"fenis","Fénis",536.993573119318,"METHOD_F_expw_median_3yr"
2025-05-01,"fenis","Fénis",645.733834110947,"METHOD_F_expw_median_3yr"
2025-06-01,"fenis","Fénis",787.126795877176,"METHOD_F_expw_median_3yr"
2025-07-01,"fenis","Fénis",1292.45004458471,"METHOD_F_expw_median_3yr"
2025-08-01,"fenis","Fénis",1348.76744266531,"METHOD_F_expw_median_3yr"
2025-09-01,"fenis","Fénis",605.271809773864,"METHOD_F_expw_median_3yr"
2025-01-01,"fontainemore","Fontainemore",87.9815344968172,"METHOD_F_expw_median_3yr"
2025-02-01,"fontainemore","Fontainemore",94.5356666533417,"METHOD_F_expw_median_3yr"
2025-03-01,"fontainemore","Fontainemore",42.5381156476219,"METHOD_F_expw_median_3yr"
2025-04-01,"fontainemore","Fontainemore",38.1164540418723,"METHOD_F_expw_median_3yr"
2025-05-01,"fontainemore","Fontainemore",44.0773948198599,"METHOD_F_expw_median_3yr"
2025-06-01,"fontainemore","Fontainemore",164.178813932961,"METHOD_F_expw_median_3yr"
2025-07-01,"fontainemore","Fontainemore",584.210603112731,"METHOD_F_expw_median_3yr"
2025-08-01,"fontainemore","Fontainemore",762.981273594285,"METHOD_F_expw_median_3yr"
2025-09-01,"fontainemore","Fontainemore",196.162614259467,"METHOD_F_expw_median_3yr"
2025-01-01,"gaby","Gaby",853.420884619127,"METHOD_F_expw_median_3yr"
2025-02-01,"gaby","Gaby",696.637829266887,"METHOD_F_expw_median_3yr"
2025-03-01,"gaby","Gaby",460.08330345191,"METHOD_F_expw_median_3yr"
2025-04-01,"gaby","Gaby",233.183012962042,"METHOD_F_expw_median_3yr"
2025-05-01,"gaby","Gaby",104.683812697167,"METHOD_F_expw_median_3yr"
2025-06-01,"gaby","Gaby",622.947981944215,"METHOD_F_expw_median_3yr"
2025-07-01,"gaby","Gaby",1341.13426151077,"METHOD_F_expw_median_3yr"
2025-08-01,"gaby","Gaby",1292.48193887556,"METHOD_F_expw_median_3yr"
2025-09-01,"gaby","Gaby",419.599174886561,"METHOD_F_expw_median_3yr"
2025-01-01,"gignod","Gignod",598.274434578357,"METHOD_F_expw_median_3yr"
2025-02-01,"gignod","Gignod",458.047813427501,"METHOD_F_expw_median_3yr"
2025-03-01,"gignod","Gignod",445.530790204039,"METHOD_F_expw_median_3yr"
2025-04-01,"gignod","Gignod",180.492620610042,"METHOD_F_expw_median_3yr"
2025-05-01,"gignod","Gignod",465.016515349522,"METHOD_F_expw_median_3yr"
2025-06-01,"gignod","Gignod",628.769925700703,"METHOD_F_expw_median_3yr"
2025-07-01,"gignod","Gignod",1836.09046692573,"METHOD_F_expw_median_3yr"
2025-08-01,"gignod","Gignod",1837.61746632066,"METHOD_F_expw_median_3yr"
2025-09-01,"gignod","Gignod",623.104774706543,"METHOD_F_expw_median_3yr"
2025-01-01,"gressan","Gressan",8868.53867727918,"METHOD_F_expw_median_3yr"
2025-02-01,"gressan","Gressan",7164.45302279968,"METHOD_F_expw_median_3yr"
2025-03-01,"gressan","Gressan",5897.12613767558,"METHOD_F_expw_median_3yr"
2025-04-01,"gressan","Gressan",1149.09898214468,"METHOD_F_expw_median_3yr"
2025-05-01,"gressan","Gressan",456.20103638555,"METHOD_F_expw_median_3yr"
2025-06-01,"gressan","Gressan",1434.52694159864,"METHOD_F_expw_median_3yr"
2025-07-01,"gressan","Gressan",7505.48344276773,"METHOD_F_expw_median_3yr"
2025-08-01,"gressan","Gressan",4715.4744286073,"METHOD_F_expw_median_3yr"
2025-09-01,"gressan","Gressan",680.799661253445,"METHOD_F_expw_median_3yr"
2025-01-01,"gressoney la trinite","Gressoney-La-Trinité",4513.45271968672,"METHOD_F_expw_median_3yr"
2025-02-01,"gressoney la trinite","Gressoney-La-Trinité",4132.55914227465,"METHOD_F_expw_median_3yr"
2025-03-01,"gressoney la trinite","Gressoney-La-Trinité",4741.88047061385,"METHOD_F_expw_median_3yr"
2025-04-01,"gressoney la trinite","Gressoney-La-Trinité",2404.69982117106,"METHOD_F_expw_median_3yr"
2025-05-01,"gressoney la trinite","Gressoney-La-Trinité",68.3199619707828,"METHOD_F_expw_median_3yr"
2025-06-01,"gressoney la trinite","Gressoney-La-Trinité",7556.88299592141,"METHOD_F_expw_median_3yr"
2025-07-01,"gressoney la trinite","Gressoney-La-Trinité",14875.3465669557,"METHOD_F_expw_median_3yr"
2025-08-01,"gressoney la trinite","Gressoney-La-Trinité",13321.9448877166,"METHOD_F_expw_median_3yr"
2025-09-01,"gressoney la trinite","Gressoney-La-Trinité",3107.13189003498,"METHOD_F_expw_median_3yr"
2025-01-01,"gressoney saint jean","Gressoney-Saint-Jean",4321.15022285797,"METHOD_F_expw_median_3yr"
2025-02-01,"gressoney saint jean","Gressoney-Saint-Jean",4624.36969379263,"METHOD_F_expw_median_3yr"
2025-03-01,"gressoney saint jean","Gressoney-Saint-Jean",3513.87223731276,"METHOD_F_expw_median_3yr"
2025-04-01,"gressoney saint jean","Gressoney-Saint-Jean",1134.52504383455,"METHOD_F_expw_median_3yr"
2025-05-01,"gressoney saint jean","Gressoney-Saint-Jean",657.855117686409,"METHOD_F_expw_median_3yr"
2025-06-01,"gressoney saint jean","Gressoney-Saint-Jean",2699.05312550783,"METHOD_F_expw_median_3yr"
2025-07-01,"gressoney saint jean","Gressoney-Saint-Jean",5192.98313877983,"METHOD_F_expw_median_3yr"
2025-08-01,"gressoney saint jean","Gressoney-Saint-Jean",5071.94928594233,"METHOD_F_expw_median_3yr"
2025-09-01,"gressoney saint jean","Gressoney-Saint-Jean",1601.81985012945,"METHOD_F_expw_median_3yr"
2025-01-01,"hone","Hône",93.0090507537782,"METHOD_F_expw_median_3yr"
2025-02-01,"hone","Hône",67.5254761809584,"METHOD_F_expw_median_3yr"
2025-03-01,"hone","Hône",54.8517807035124,"METHOD_F_expw_median_3yr"
2025-04-01,"hone","Hône",67.2643306621275,"METHOD_F_expw_median_3yr"
2025-05-01,"hone","Hône",53.9948086543284,"METHOD_F_expw_median_3yr"
2025-06-01,"hone","Hône",82.6716013421295,"METHOD_F_expw_median_3yr"
2025-07-01,"hone","Hône",154.166686932526,"METHOD_F_expw_median_3yr"
2025-08-01,"hone","Hône",315.82421570911,"METHOD_F_expw_median_3yr"
2025-09-01,"hone","Hône",89.1648246633942,"METHOD_F_expw_median_3yr"
2025-01-01,"introd","Introd",436.137035291365,"METHOD_F_expw_median_3yr"
2025-02-01,"introd","Introd",603.227587216562,"METHOD_F_expw_median_3yr"
2025-03-01,"introd","Introd",413.067491420328,"METHOD_F_expw_median_3yr"
2025-04-01,"introd","Introd",246.635879094468,"METHOD_F_expw_median_3yr"
2025-05-01,"introd","Introd",233.610192545257,"METHOD_F_expw_median_3yr"
2025-06-01,"introd","Introd",555.413434368954,"METHOD_F_expw_median_3yr"
2025-07-01,"introd","Introd",1071.05277237334,"METHOD_F_expw_median_3yr"
2025-08-01,"introd","Introd",869.298336308242,"METHOD_F_expw_median_3yr"
2025-09-01,"introd","Introd",416.452181074912,"METHOD_F_expw_median_3yr"
2025-01-01,"issime","Issime",103.0640832677,"METHOD_F_expw_median_3yr"
2025-02-01,"issime","Issime",95.6610912563577,"METHOD_F_expw_median_3yr"
2025-03-01,"issime","Issime",97.3898963511342,"METHOD_F_expw_median_3yr"
2025-04-01,"issime","Issime",54.9325367074042,"METHOD_F_expw_median_3yr"
2025-05-01,"issime","Issime",28.6503066329089,"METHOD_F_expw_median_3yr"
2025-06-01,"issime","Issime",94.3154888551055,"METHOD_F_expw_median_3yr"
2025-07-01,"issime","Issime",85.7769536316312,"METHOD_F_expw_median_3yr"
2025-08-01,"issime","Issime",86.5129039731224,"METHOD_F_expw_median_3yr"
2025-09-01,"issime","Issime",65.0378721074169,"METHOD_F_expw_median_3yr"
2025-01-01,"issogne","Issogne",11.3119115781622,"METHOD_F_expw_median_3yr"
2025-02-01,"issogne","Issogne",19.1322182512715,"METHOD_F_expw_median_3yr"
2025-03-01,"issogne","Issogne",22.388481919801,"METHOD_F_expw_median_3yr"
2025-04-01,"issogne","Issogne",19.0582270209361,"METHOD_F_expw_median_3yr"
2025-05-01,"issogne","Issogne",49.5870691723424,"METHOD_F_expw_median_3yr"
2025-06-01,"issogne","Issogne",16.3014425181664,"METHOD_F_expw_median_3yr"
2025-07-01,"issogne","Issogne",49.84336494811,"METHOD_F_expw_median_3yr"
2025-08-01,"issogne","Issogne",65.6664210880327,"METHOD_F_expw_median_3yr"
2025-09-01,"issogne","Issogne",39.8619216142233,"METHOD_F_expw_median_3yr"
2025-01-01,"jovencan","Jovençan",824.512666141601,"METHOD_F_expw_median_3yr"
2025-02-01,"jovencan","Jovençan",769.790428462926,"METHOD_F_expw_median_3yr"
2025-03-01,"jovencan","Jovençan",631.355190138387,"METHOD_F_expw_median_3yr"
2025-04-01,"jovencan","Jovençan",405.82812832817,"METHOD_F_expw_median_3yr"
2025-05-01,"jovencan","Jovençan",603.86030903208,"METHOD_F_expw_median_3yr"
2025-06-01,"jovencan","Jovençan",537.94760309949,"METHOD_F_expw_median_3yr"
2025-07-01,"jovencan","Jovençan",799.812135213858,"METHOD_F_expw_median_3yr"
2025-08-01,"jovencan","Jovençan",739.007818276431,"METHOD_F_expw_median_3yr"
2025-09-01,"jovencan","Jovençan",502.470011926657,"METHOD_F_expw_median_3yr"
2025-01-01,"la magdeleine","La Magdeleine",106.834720460421,"METHOD_F_expw_median_3yr"
2025-02-01,"la magdeleine","La Magdeleine",146.305198392077,"METHOD_F_expw_median_3yr"
2025-03-01,"la magdeleine","La Magdeleine",96.2704722551442,"METHOD_F_expw_median_3yr"
2025-04-01,"la magdeleine","La Magdeleine",1.12107217770213,"METHOD_F_expw_median_3yr"
2025-05-01,"la magdeleine","La Magdeleine",20.9367625394334,"METHOD_F_expw_median_3yr"
2025-06-01,"la magdeleine","La Magdeleine",96.6442663577006,"METHOD_F_expw_median_3yr"
2025-07-01,"la magdeleine","La Magdeleine",143.734354734085,"METHOD_F_expw_median_3yr"
2025-08-01,"la magdeleine","La Magdeleine",161.560242359445,"METHOD_F_expw_median_3yr"
2025-09-01,"la magdeleine","La Magdeleine",53.4988947980365,"METHOD_F_expw_median_3yr"
2025-01-01,"la salle","La Salle",2864.42738740352,"METHOD_F_expw_median_3yr"
2025-02-01,"la salle","La Salle",2802.30726150977,"METHOD_F_expw_median_3yr"
2025-03-01,"la salle","La Salle",2258.99782570792,"METHOD_F_expw_median_3yr"
2025-04-01,"la salle","La Salle",926.005618781956,"METHOD_F_expw_median_3yr"
2025-05-01,"la salle","La Salle",1137.19678635239,"METHOD_F_expw_median_3yr"
2025-06-01,"la salle","La Salle",1831.58350579112,"METHOD_F_expw_median_3yr"
2025-07-01,"la salle","La Salle",3527.28743109532,"METHOD_F_expw_median_3yr"
2025-08-01,"la salle","La Salle",3120.71848789793,"METHOD_F_expw_median_3yr"
2025-09-01,"la salle","La Salle",1059.48791658857,"METHOD_F_expw_median_3yr"
2025-01-01,"la thuile","La Thuile",10195.8029691169,"METHOD_F_expw_median_3yr"
2025-02-01,"la thuile","La Thuile",9373.66151852004,"METHOD_F_expw_median_3yr"
2025-03-01,"la thuile","La Thuile",9858.76801338436,"METHOD_F_expw_median_3yr"
2025-04-01,"la thuile","La Thuile",1051.56570268459,"METHOD_F_expw_median_3yr"
2025-05-01,"la thuile","La Thuile",28.6503066329089,"METHOD_F_expw_median_3yr"
2025-06-01,"la thuile","La Thuile",4927.69319549144,"METHOD_F_expw_median_3yr"
2025-07-01,"la thuile","La Thuile",12355.358767021,"METHOD_F_expw_median_3yr"
2025-08-01,"la thuile","La Thuile",11523.9357388776,"METHOD_F_expw_median_3yr"
2025-09-01,"la thuile","La Thuile",4102.63093245335,"METHOD_F_expw_median_3yr"
2025-01-01,"lillianes","Lillianes",90.4952926252977,"METHOD_F_expw_median_3yr"
2025-02-01,"lillianes","Lillianes",70.9017499900063,"METHOD_F_expw_median_3yr"
2025-03-01,"lillianes","Lillianes",54.8517807035124,"METHOD_F_expw_median_3yr"
2025-04-01,"lillianes","Lillianes",81.8382689722552,"METHOD_F_expw_median_3yr"
2025-05-01,"lillianes","Lillianes",152.067012128517,"METHOD_F_expw_median_3yr"
2025-06-01,"lillianes","Lillianes",242.1928602699,"METHOD_F_expw_median_3yr"
2025-07-01,"lillianes","Lillianes",675.783296854608,"METHOD_F_expw_median_3yr"
2025-08-01,"lillianes","Lillianes",545.135527445097,"METHOD_F_expw_median_3yr"
2025-09-01,"lillianes","Lillianes",167.839669954624,"METHOD_F_expw_median_3yr"
2025-01-01,"montjovet","Montjovet",760.411833865349,"METHOD_F_expw_median_3yr"
2025-02-01,"montjovet","Montjovet",749.532785608638,"METHOD_F_expw_median_3yr"
2025-03-01,"montjovet","Montjovet",400.753826364437,"METHOD_F_expw_median_3yr"
2025-04-01,"montjovet","Montjovet",463.002809390978,"METHOD_F_expw_median_3yr"
2025-05-01,"montjovet","Montjovet",563.08871882371,"METHOD_F_expw_median_3yr"
2025-06-01,"montjovet","Montjovet",530.961270591705,"METHOD_F_expw_median_3yr"
2025-07-01,"montjovet","Montjovet",562.186790693799,"METHOD_F_expw_median_3yr"
2025-08-01,"montjovet","Montjovet",1223.68854535477,"METHOD_F_expw_median_3yr"
2025-09-01,"montjovet","Montjovet",254.906498743586,"METHOD_F_expw_median_3yr"
2025-01-01,"morgex","Morgex",1426.55773791268,"METHOD_F_expw_median_3yr"
2025-02-01,"morgex","Morgex",1298.73999188043,"METHOD_F_expw_median_3yr"
2025-03-01,"morgex","Morgex",1429.50457057929,"METHOD_F_expw_median_3yr"
2025-04-01,"morgex","Morgex",614.347553380765,"METHOD_F_expw_median_3yr"
2025-05-01,"morgex","Morgex",633.612550535486,"METHOD_F_expw_median_3yr"
2025-06-01,"morgex","Morgex",1325.07439897667,"METHOD_F_expw_median_3yr"
2025-07-01,"morgex","Morgex",2540.85246433156,"METHOD_F_expw_median_3yr"
2025-08-01,"morgex","Morgex",3065.47530825245,"METHOD_F_expw_median_3yr"
2025-09-01,"morgex","Morgex",1096.20284439114,"METHOD_F_expw_median_3yr"
2025-01-01,"nus","Nus",1534.64933743734,"METHOD_F_expw_median_3yr"
2025-02-01,"nus","Nus",1298.73999188043,"METHOD_F_expw_median_3yr"
2025-03-01,"nus","Nus",1243.68017064494,"METHOD_F_expw_median_3yr"
2025-04-01,"nus","Nus",956.274567579913,"METHOD_F_expw_median_3yr"
2025-05-01,"nus","Nus",1096.42519614401,"METHOD_F_expw_median_3yr"
2025-06-01,"nus","Nus",1015.34699113151,"METHOD_F_expw_median_3yr"
2025-07-01,"nus","Nus",2045.89625891661,"METHOD_F_expw_median_3yr"
2025-08-01,"nus","Nus",2182.6267580689,"METHOD_F_expw_median_3yr"
2025-09-01,"nus","Nus",854.933318831367,"METHOD_F_expw_median_3yr"
2025-01-01,"ollomont","Ollomont",30.1650975417659,"METHOD_F_expw_median_3yr"
2025-02-01,"ollomont","Ollomont",6.75254761809584,"METHOD_F_expw_median_3yr"
2025-03-01,"ollomont","Ollomont",10.0748168639104,"METHOD_F_expw_median_3yr"
2025-04-01,"ollomont","Ollomont",12.3317939547234,"METHOD_F_expw_median_3yr"
2025-05-01,"ollomont","Ollomont",2.20386974099299,"METHOD_F_expw_median_3yr"
2025-06-01,"ollomont","Ollomont",25.6165525285472,"METHOD_F_expw_median_3yr"
2025-07-01,"ollomont","Ollomont",445.112840466843,"METHOD_F_expw_median_3yr"
2025-08-01,"ollomont","Ollomont",595.167086369312,"METHOD_F_expw_median_3yr"
2025-09-01,"ollomont","Ollomont",96.507810223909,"METHOD_F_expw_median_3yr"
2025-01-01,"oyace","Oyace",7.54127438544148,"METHOD_F_expw_median_3yr"
2025-02-01,"oyace","Oyace",10.1288214271438,"METHOD_F_expw_median_3yr"
2025-03-01,"oyace","Oyace",6.71654457594029,"METHOD_F_expw_median_3yr"
2025-04-01,"oyace","Oyace",0,"METHOD_F_expw_median_3yr"
2025-05-01,"oyace","Oyace",0,"METHOD_F_expw_median_3yr"
2025-06-01,"oyace","Oyace",9.31511001038078,"METHOD_F_expw_median_3yr"
2025-07-01,"oyace","Oyace",10.4323321984416,"METHOD_F_expw_median_3yr"
2025-08-01,"oyace","Oyace",2.08464828850897,"METHOD_F_expw_median_3yr"
2025-09-01,"oyace","Oyace",5.24498968608201,"METHOD_F_expw_median_3yr"
2025-01-01,"perloz","Perloz",106.834720460421,"METHOD_F_expw_median_3yr"
2025-02-01,"perloz","Perloz",97.9119404623897,"METHOD_F_expw_median_3yr"
2025-03-01,"perloz","Perloz",62.6877493754427,"METHOD_F_expw_median_3yr"
2025-04-01,"perloz","Perloz",72.8696915506382,"METHOD_F_expw_median_3yr"
2025-05-01,"perloz","Perloz",69.4218968412793,"METHOD_F_expw_median_3yr"
2025-06-01,"perloz","Perloz",119.932041383653,"METHOD_F_expw_median_3yr"
2025-07-01,"perloz","Perloz",205.169199902685,"METHOD_F_expw_median_3yr"
2025-08-01,"perloz","Perloz",208.464828850897,"METHOD_F_expw_median_3yr"
2025-09-01,"perloz","Perloz",122.732758654319,"METHOD_F_expw_median_3yr"
2025-01-01,"pollein","Pollein",3676.37126290272,"METHOD_F_expw_median_3yr"
2025-02-01,"pollein","Pollein",3123.05327336933,"METHOD_F_expw_median_3yr"
2025-03-01,"pollein","Pollein",3057.14720614882,"METHOD_F_expw_median_3yr"
2025-04-01,"pollein","Pollein",2900.2137237154,"METHOD_F_expw_median_3yr"
2025-05-01,"pollein","Pollein",3838.0391539393,"METHOD_F_expw_median_3yr"
2025-06-01,"pollein","Pollein",3903.03109434955,"METHOD_F_expw_median_3yr"
2025-07-01,"pollein","Pollein",4154.38651102387,"METHOD_F_expw_median_3yr"
2025-08-01,"pollein","Pollein",3815.94869211568,"METHOD_F_expw_median_3yr"
2025-09-01,"pollein","Pollein",3224.61965900322,"METHOD_F_expw_median_3yr"
2025-01-01,"pont saint martin","Pont-Saint-Martin",584.448764871714,"METHOD_F_expw_median_3yr"
2025-02-01,"pont saint martin","Pont-Saint-Martin",603.227587216562,"METHOD_F_expw_median_3yr"
2025-03-01,"pont saint martin","Pont-Saint-Martin",533.965293787253,"METHOD_F_expw_median_3yr"
2025-04-01,"pont saint martin","Pont-Saint-Martin",619.952914269276,"METHOD_F_expw_median_3yr"
2025-05-01,"pont saint martin","Pont-Saint-Martin",570.802262917186,"METHOD_F_expw_median_3yr"
2025-06-01,"pont saint martin","Pont-Saint-Martin",844.181844690759,"METHOD_F_expw_median_3yr"
2025-07-01,"pont saint martin","Pont-Saint-Martin",1042.07407182211,"METHOD_F_expw_median_3yr"
2025-08-01,"pont saint martin","Pont-Saint-Martin",1121.54077921783,"METHOD_F_expw_median_3yr"
2025-09-01,"pont saint martin","Pont-Saint-Martin",757.376510670242,"METHOD_F_expw_median_3yr"
2025-01-01,"pontboset","Pontboset",142.027334259148,"METHOD_F_expw_median_3yr"
2025-02-01,"pontboset","Pontboset",131.674678552869,"METHOD_F_expw_median_3yr"
2025-03-01,"pontboset","Pontboset",97.3898963511342,"METHOD_F_expw_median_3yr"
2025-04-01,"pontboset","Pontboset",51.5693201742978,"METHOD_F_expw_median_3yr"
2025-05-01,"pontboset","Pontboset",104.683812697167,"METHOD_F_expw_median_3yr"
2025-06-01,"pontboset","Pontboset",217.740696492651,"METHOD_F_expw_median_3yr"
2025-07-01,"pontboset","Pontboset",381.359699254144,"METHOD_F_expw_median_3yr"
2025-08-01,"pontboset","Pontboset",514.908127261717,"METHOD_F_expw_median_3yr"
2025-09-01,"pontboset","Pontboset",123.781756591535,"METHOD_F_expw_median_3yr"
2025-01-01,"pontey","Pontey",104.32096233194,"METHOD_F_expw_median_3yr"
2025-02-01,"pontey","Pontey",73.1525991960383,"METHOD_F_expw_median_3yr"
2025-03-01,"pontey","Pontey",53.7323566075223,"METHOD_F_expw_median_3yr"
2025-04-01,"pontey","Pontey",71.748619372936,"METHOD_F_expw_median_3yr"
2025-05-01,"pontey","Pontey",96.9702686036917,"METHOD_F_expw_median_3yr"
2025-06-01,"pontey","Pontey",86.1647675960223,"METHOD_F_expw_median_3yr"
2025-07-01,"pontey","Pontey",219.078976167274,"METHOD_F_expw_median_3yr"
2025-08-01,"pontey","Pontey",351.263236613762,"METHOD_F_expw_median_3yr"
2025-09-01,"pontey","Pontey",66.0868700446333,"METHOD_F_expw_median_3yr"
2025-01-01,"pre saint didier","Pré-Saint-Didier",8368.30080971156,"METHOD_F_expw_median_3yr"
2025-02-01,"pre saint didier","Pré-Saint-Didier",7520.08719735273,"METHOD_F_expw_median_3yr"
2025-03-01,"pre saint didier","Pré-Saint-Didier",6844.15892288316,"METHOD_F_expw_median_3yr"
2025-04-01,"pre saint didier","Pré-Saint-Didier",3945.05299333378,"METHOD_F_expw_median_3yr"
2025-05-01,"pre saint didier","Pré-Saint-Didier",3375.22650833077,"METHOD_F_expw_median_3yr"
2025-06-01,"pre saint didier","Pré-Saint-Didier",3753.98933418346,"METHOD_F_expw_median_3yr"
2025-07-01,"pre saint didier","Pré-Saint-Didier",6031.04715872131,"METHOD_F_expw_median_3yr"
2025-08-01,"pre saint didier","Pré-Saint-Didier",5943.33227053908,"METHOD_F_expw_median_3yr"
2025-09-01,"pre saint didier","Pré-Saint-Didier",4234.80467254261,"METHOD_F_expw_median_3yr"
2025-01-01,"quart","Quart",749.099922287187,"METHOD_F_expw_median_3yr"
2025-02-01,"quart","Quart",689.885281648792,"METHOD_F_expw_median_3yr"
2025-03-01,"quart","Quart",559.712047995024,"METHOD_F_expw_median_3yr"
2025-04-01,"quart","Quart",480.939964234212,"METHOD_F_expw_median_3yr"
2025-05-01,"quart","Quart",684.301554578325,"METHOD_F_expw_median_3yr"
2025-06-01,"quart","Quart",662.537199488333,"METHOD_F_expw_median_3yr"
2025-07-01,"quart","Quart",1171.89865029161,"METHOD_F_expw_median_3yr"
2025-08-01,"quart","Quart",1143.42958624717,"METHOD_F_expw_median_3yr"
2025-09-01,"quart","Quart",672.407677755714,"METHOD_F_expw_median_3yr"
2025-01-01,"rhemes notre dame","Rhêmes-Notre-Dame",1733.2362295873,"METHOD_F_expw_median_3yr"
2025-02-01,"rhemes notre dame","Rhêmes-Notre-Dame",956.610912563577,"METHOD_F_expw_median_3yr"
2025-03-01,"rhemes notre dame","Rhêmes-Notre-Dame",1210.09744776524,"METHOD_F_expw_median_3yr"
2025-04-01,"rhemes notre dame","Rhêmes-Notre-Dame",280.268044425531,"METHOD_F_expw_median_3yr"
2025-05-01,"rhemes notre dame","Rhêmes-Notre-Dame",137.741858812062,"METHOD_F_expw_median_3yr"
2025-06-01,"rhemes notre dame","Rhêmes-Notre-Dame",830.209179675188,"METHOD_F_expw_median_3yr"
2025-07-01,"rhemes notre dame","Rhêmes-Notre-Dame",1637.87615515534,"METHOD_F_expw_median_3yr"
2025-08-01,"rhemes notre dame","Rhêmes-Notre-Dame",1801.13612127175,"METHOD_F_expw_median_3yr"
2025-09-01,"rhemes notre dame","Rhêmes-Notre-Dame",689.191644751176,"METHOD_F_expw_median_3yr"
2025-01-01,"rhemes saint georges","Rhêmes-Saint-Georges",188.531859636037,"METHOD_F_expw_median_3yr"
2025-02-01,"rhemes saint georges","Rhêmes-Saint-Georges",210.454400763987,"METHOD_F_expw_median_3yr"
2025-03-01,"rhemes saint georges","Rhêmes-Saint-Georges",49.2546602235621,"METHOD_F_expw_median_3yr"
2025-04-01,"rhemes saint georges","Rhêmes-Saint-Georges",26.905732264851,"METHOD_F_expw_median_3yr"
2025-05-01,"rhemes saint georges","Rhêmes-Saint-Georges",61.7083527478038,"METHOD_F_expw_median_3yr"
2025-06-01,"rhemes saint georges","Rhêmes-Saint-Georges",268.973801549745,"METHOD_F_expw_median_3yr"
2025-07-01,"rhemes saint georges","Rhêmes-Saint-Georges",1730.60799691926,"METHOD_F_expw_median_3yr"
2025-08-01,"rhemes saint georges","Rhêmes-Saint-Georges",1861.59092163851,"METHOD_F_expw_median_3yr"
2025-09-01,"rhemes saint georges","Rhêmes-Saint-Georges",241.269525559772,"METHOD_F_expw_median_3yr"
2025-01-01,"roisan","Roisan",201.100650278439,"METHOD_F_expw_median_3yr"
2025-02-01,"roisan","Roisan",102.413638874454,"METHOD_F_expw_median_3yr"
2025-03-01,"roisan","Roisan",88.4345035832138,"METHOD_F_expw_median_3yr"
2025-04-01,"roisan","Roisan",53.811464529702,"METHOD_F_expw_median_3yr"
2025-05-01,"roisan","Roisan",58.4025481363144,"METHOD_F_expw_median_3yr"
2025-06-01,"roisan","Roisan",164.178813932961,"METHOD_F_expw_median_3yr"
2025-07-01,"roisan","Roisan",259.649156938992,"METHOD_F_expw_median_3yr"
2025-08-01,"roisan","Roisan",243.90384975555,"METHOD_F_expw_median_3yr"
2025-09-01,"roisan","Roisan",117.487768968237,"METHOD_F_expw_median_3yr"
2025-01-01,"saint christophe","Saint-Christophe",752.870559479907,"METHOD_F_expw_median_3yr"
2025-02-01,"saint christophe","Saint-Christophe",604.353011819578,"METHOD_F_expw_median_3yr"
2025-03-01,"saint christophe","Saint-Christophe",394.037281788497,"METHOD_F_expw_median_3yr"
2025-04-01,"saint christophe","Saint-Christophe",369.953818641701,"METHOD_F_expw_median_3yr"
2025-05-01,"saint christophe","Saint-Christophe",602.758374161584,"METHOD_F_expw_median_3yr"
2025-06-01,"saint christophe","Saint-Christophe",622.947981944215,"METHOD_F_expw_median_3yr"
2025-07-01,"saint christophe","Saint-Christophe",845.018908073772,"METHOD_F_expw_median_3yr"
2025-08-01,"saint christophe","Saint-Christophe",848.451853423152,"METHOD_F_expw_median_3yr"
2025-09-01,"saint christophe","Saint-Christophe",629.398762329841,"METHOD_F_expw_median_3yr"
2025-01-01,"saint denis","Saint-Denis",10.055032513922,"METHOD_F_expw_median_3yr"
2025-02-01,"saint denis","Saint-Denis",29.2610396784153,"METHOD_F_expw_median_3yr"
2025-03-01,"saint denis","Saint-Denis",6.71654457594029,"METHOD_F_expw_median_3yr"
2025-04-01,"saint denis","Saint-Denis",7.84750524391488,"METHOD_F_expw_median_3yr"
2025-05-01,"saint denis","Saint-Denis",57.3006132658178,"METHOD_F_expw_median_3yr"
2025-06-01,"saint denis","Saint-Denis",36.0960512902255,"METHOD_F_expw_median_3yr"
2025-07-01,"saint denis","Saint-Denis",170.394759241213,"METHOD_F_expw_median_3yr"
2025-08-01,"saint denis","Saint-Denis",139.671435330101,"METHOD_F_expw_median_3yr"
2025-09-01,"saint denis","Saint-Denis",35.6659298653577,"METHOD_F_expw_median_3yr"
2025-01-01,"saint marcel","Saint-Marcel",66.6145904047331,"METHOD_F_expw_median_3yr"
2025-02-01,"saint marcel","Saint-Marcel",94.5356666533417,"METHOD_F_expw_median_3yr"
2025-03-01,"saint marcel","Saint-Marcel",68.284869855393,"METHOD_F_expw_median_3yr"
2025-04-01,"saint marcel","Saint-Marcel",34.7532375087659,"METHOD_F_expw_median_3yr"
2025-05-01,"saint marcel","Saint-Marcel",85.9509198987268,"METHOD_F_expw_median_3yr"
2025-06-01,"saint marcel","Saint-Marcel",64.0413813213679,"METHOD_F_expw_median_3yr"
2025-07-01,"saint marcel","Saint-Marcel",157.644130998673,"METHOD_F_expw_median_3yr"
2025-08-01,"saint marcel","Saint-Marcel",266.834980929149,"METHOD_F_expw_median_3yr"
2025-09-01,"saint marcel","Saint-Marcel",51.4008989236037,"METHOD_F_expw_median_3yr"
2025-01-01,"saint nicolas","Saint-Nicolas",483.898439732495,"METHOD_F_expw_median_3yr"
2025-02-01,"saint nicolas","Saint-Nicolas",401.776583276702,"METHOD_F_expw_median_3yr"
2025-03-01,"saint nicolas","Saint-Nicolas",370.529375772706,"METHOD_F_expw_median_3yr"
2025-04-01,"saint nicolas","Saint-Nicolas",215.245858118808,"METHOD_F_expw_median_3yr"
2025-05-01,"saint nicolas","Saint-Nicolas",300.828219645544,"METHOD_F_expw_median_3yr"
2025-06-01,"saint nicolas","Saint-Nicolas",443.632114244385,"METHOD_F_expw_median_3yr"
2025-07-01,"saint nicolas","Saint-Nicolas",897.18056906598,"METHOD_F_expw_median_3yr"
2025-08-01,"saint nicolas","Saint-Nicolas",913.075950366931,"METHOD_F_expw_median_3yr"
2025-09-01,"saint nicolas","Saint-Nicolas",417.501179012128,"METHOD_F_expw_median_3yr"
2025-01-01,"saint oyen","Saint-Oyen",488.925955989456,"METHOD_F_expw_median_3yr"
2025-02-01,"saint oyen","Saint-Oyen",346.63077772892,"METHOD_F_expw_median_3yr"
2025-03-01,"saint oyen","Saint-Oyen",338.066076988995,"METHOD_F_expw_median_3yr"
2025-04-01,"saint oyen","Saint-Oyen",158.071177056,"METHOD_F_expw_median_3yr"
2025-05-01,"saint oyen","Saint-Oyen",146.557337776034,"METHOD_F_expw_median_3yr"
2025-06-01,"saint oyen","Saint-Oyen",385.412676679505,"METHOD_F_expw_median_3yr"
2025-07-01,"saint oyen","Saint-Oyen",1096.55402885842,"METHOD_F_expw_median_3yr"
2025-08-01,"saint oyen","Saint-Oyen",938.091729829038,"METHOD_F_expw_median_3yr"
2025-09-01,"saint oyen","Saint-Oyen",259.102490492451,"METHOD_F_expw_median_3yr"
2025-01-01,"saint pierre","Saint-Pierre",1230.4846038912,"METHOD_F_expw_median_3yr"
2025-02-01,"saint pierre","Saint-Pierre",1114.17035698581,"METHOD_F_expw_median_3yr"
2025-03-01,"saint pierre","Saint-Pierre",1156.36509115772,"METHOD_F_expw_median_3yr"
2025-04-01,"saint pierre","Saint-Pierre",811.656256656339,"METHOD_F_expw_median_3yr"
2025-05-01,"saint pierre","Saint-Pierre",801.106650850953,"METHOD_F_expw_median_3yr"
2025-06-01,"saint pierre","Saint-Pierre",1438.02010785253,"METHOD_F_expw_median_3yr"
2025-07-01,"saint pierre","Saint-Pierre",2176.87998540815,"METHOD_F_expw_median_3yr"
2025-08-01,"saint pierre","Saint-Pierre",2030.44743300774,"METHOD_F_expw_median_3yr"
2025-09-01,"saint pierre","Saint-Pierre",1044.80194546754,"METHOD_F_expw_median_3yr"
2025-01-01,"saint rhemy en bosses","Saint-Rhémy-en-Bosses",598.274434578357,"METHOD_F_expw_median_3yr"
2025-02-01,"saint rhemy en bosses","Saint-Rhémy-en-Bosses",594.224190392434,"METHOD_F_expw_median_3yr"
2025-03-01,"saint rhemy en bosses","Saint-Rhémy-en-Bosses",483.591209467701,"METHOD_F_expw_median_3yr"
2025-04-01,"saint rhemy en bosses","Saint-Rhémy-en-Bosses",68.3854028398297,"METHOD_F_expw_median_3yr"
2025-05-01,"saint rhemy en bosses","Saint-Rhémy-en-Bosses",62.8102876183003,"METHOD_F_expw_median_3yr"
2025-06-01,"saint rhemy en bosses","Saint-Rhémy-en-Bosses",407.536062954159,"METHOD_F_expw_median_3yr"
2025-07-01,"saint rhemy en bosses","Saint-Rhémy-en-Bosses",1521.96135295043,"METHOD_F_expw_median_3yr"
2025-08-01,"saint rhemy en bosses","Saint-Rhémy-en-Bosses",1495.73514700519,"METHOD_F_expw_median_3yr"
2025-09-01,"saint rhemy en bosses","Saint-Rhémy-en-Bosses",506.666003675522,"METHOD_F_expw_median_3yr"
2025-01-01,"saint vincent","Saint-Vincent",8529.18132993431,"METHOD_F_expw_median_3yr"
2025-02-01,"saint vincent","Saint-Vincent",7148.69707835746,"METHOD_F_expw_median_3yr"
2025-03-01,"saint vincent","Saint-Vincent",6754.60499520395,"METHOD_F_expw_median_3yr"
2025-04-01,"saint vincent","Saint-Vincent",5045.94587183727,"METHOD_F_expw_median_3yr"
2025-05-01,"saint vincent","Saint-Vincent",5569.1788354893,"METHOD_F_expw_median_3yr"
2025-06-01,"saint vincent","Saint-Vincent",7155.16887672374,"METHOD_F_expw_median_3yr"
2025-07-01,"saint vincent","Saint-Vincent",7594.73784046551,"METHOD_F_expw_median_3yr"
2025-08-01,"saint vincent","Saint-Vincent",8480.34923765451,"METHOD_F_expw_median_3yr"
2025-09-01,"saint vincent","Saint-Vincent",5614.23695998218,"METHOD_F_expw_median_3yr"
2025-01-01,"sarre","Sarre",1684.21794608193,"METHOD_F_expw_median_3yr"
2025-02-01,"sarre","Sarre",1607.10633310681,"METHOD_F_expw_median_3yr"
2025-03-01,"sarre","Sarre",1176.51472488554,"METHOD_F_expw_median_3yr"
2025-04-01,"sarre","Sarre",705.154399774637,"METHOD_F_expw_median_3yr"
2025-05-01,"sarre","Sarre",2440.78573814974,"METHOD_F_expw_median_3yr"
2025-06-01,"sarre","Sarre",3369.74104625525,"METHOD_F_expw_median_3yr"
2025-07-01,"sarre","Sarre",6277.94568741776,"METHOD_F_expw_median_3yr"
2025-08-01,"sarre","Sarre",4078.61437646781,"METHOD_F_expw_median_3yr"
2025-09-01,"sarre","Sarre",2117.92683523992,"METHOD_F_expw_median_3yr"
2025-01-01,"torgnon","Torgnon",2957.4364381573,"METHOD_F_expw_median_3yr"
2025-02-01,"torgnon","Torgnon",2651.50036470563,"METHOD_F_expw_median_3yr"
2025-03-01,"torgnon","Torgnon",1911.976355951,"METHOD_F_expw_median_3yr"
2025-04-01,"torgnon","Torgnon",193.945486742468,"METHOD_F_expw_median_3yr"
2025-05-01,"torgnon","Torgnon",159.780556221992,"METHOD_F_expw_median_3yr"
2025-06-01,"torgnon","Torgnon",809.250182151831,"METHOD_F_expw_median_3yr"
2025-07-01,"torgnon","Torgnon",2763.40888456498,"METHOD_F_expw_median_3yr"
2025-08-01,"torgnon","Torgnon",2299.3670622254,"METHOD_F_expw_median_3yr"
2025-09-01,"torgnon","Torgnon",460.510094438,"METHOD_F_expw_median_3yr"
2025-01-01,"valgrisenche","Valgrisenche",589.476281128675,"METHOD_F_expw_median_3yr"
2025-02-01,"valgrisenche","Valgrisenche",527.824138814491,"METHOD_F_expw_median_3yr"
2025-03-01,"valgrisenche","Valgrisenche",523.890476923343,"METHOD_F_expw_median_3yr"
2025-04-01,"valgrisenche","Valgrisenche",234.304085139744,"METHOD_F_expw_median_3yr"
2025-05-01,"valgrisenche","Valgrisenche",156.474751610503,"METHOD_F_expw_median_3yr"
2025-06-01,"valgrisenche","Valgrisenche",590.345096907882,"METHOD_F_expw_median_3yr"
2025-07-01,"valgrisenche","Valgrisenche",4113.81633025215,"METHOD_F_expw_median_3yr"
2025-08-01,"valgrisenche","Valgrisenche",4048.38697628443,"METHOD_F_expw_median_3yr"
2025-09-01,"valgrisenche","Valgrisenche",754.229516858593,"METHOD_F_expw_median_3yr"
2025-01-01,"valpelline","Valpelline",184.761222443316,"METHOD_F_expw_median_3yr"
2025-02-01,"valpelline","Valpelline",297.112095196217,"METHOD_F_expw_median_3yr"
2025-03-01,"valpelline","Valpelline",238.43733244588,"METHOD_F_expw_median_3yr"
2025-04-01,"valpelline","Valpelline",108.744001237106,"METHOD_F_expw_median_3yr"
2025-05-01,"valpelline","Valpelline",213.77536487632,"METHOD_F_expw_median_3yr"
2025-06-01,"valpelline","Valpelline",333.015182871113,"METHOD_F_expw_median_3yr"
2025-07-01,"valpelline","Valpelline",643.327152237234,"METHOD_F_expw_median_3yr"
2025-08-01,"valpelline","Valpelline",1956.44241876567,"METHOD_F_expw_median_3yr"
2025-09-01,"valpelline","Valpelline",328.336354348734,"METHOD_F_expw_median_3yr"
2025-01-01,"valsavarenche","Valsavarenche",180.990585250595,"METHOD_F_expw_median_3yr"
2025-02-01,"valsavarenche","Valsavarenche",265.60020631177,"METHOD_F_expw_median_3yr"
2025-03-01,"valsavarenche","Valsavarenche",313.438746877214,"METHOD_F_expw_median_3yr"
2025-04-01,"valsavarenche","Valsavarenche",2075.10460092663,"METHOD_F_expw_median_3yr"
2025-05-01,"valsavarenche","Valsavarenche",860.611133857764,"METHOD_F_expw_median_3yr"
2025-06-01,"valsavarenche","Valsavarenche",4011.31924822023,"METHOD_F_expw_median_3yr"
2025-07-01,"valsavarenche","Valsavarenche",9773.93612191776,"METHOD_F_expw_median_3yr"
2025-08-01,"valsavarenche","Valsavarenche",9276.68488386493,"METHOD_F_expw_median_3yr"
2025-09-01,"valsavarenche","Valsavarenche",2254.29656707805,"METHOD_F_expw_median_3yr"
2025-01-01,"valtournenche","Valtournenche",25253.214158715,"METHOD_F_expw_median_3yr"
2025-02-01,"valtournenche","Valtournenche",23754.3370958581,"METHOD_F_expw_median_3yr"
2025-03-01,"valtournenche","Valtournenche",25227.3414272317,"METHOD_F_expw_median_3yr"
2025-04-01,"valtournenche","Valtournenche",13284.7053057702,"METHOD_F_expw_median_3yr"
2025-05-01,"valtournenche","Valtournenche",2411.03349664634,"METHOD_F_expw_median_3yr"
2025-06-01,"valtournenche","Valtournenche",4579.54095885345,"METHOD_F_expw_median_3yr"
2025-07-01,"valtournenche","Valtournenche",15314.6636673123,"METHOD_F_expw_median_3yr"
2025-08-01,"valtournenche","Valtournenche",20014.7082179747,"METHOD_F_expw_median_3yr"
2025-09-01,"valtournenche","Valtournenche",2994.88911075283,"METHOD_F_expw_median_3yr"
2025-01-01,"verrayes","Verrayes",684.999090010934,"METHOD_F_expw_median_3yr"
2025-02-01,"verrayes","Verrayes",409.654555497814,"METHOD_F_expw_median_3yr"
2025-03-01,"verrayes","Verrayes",447.769638396019,"METHOD_F_expw_median_3yr"
2025-04-01,"verrayes","Verrayes",344.169158554553,"METHOD_F_expw_median_3yr"
2025-05-01,"verrayes","Verrayes",214.877299746817,"METHOD_F_expw_median_3yr"
2025-06-01,"verrayes","Verrayes",317.878129104244,"METHOD_F_expw_median_3yr"
2025-07-01,"verrayes","Verrayes",745.332178177552,"METHOD_F_expw_median_3yr"
2025-08-01,"verrayes","Verrayes",823.436073961045,"METHOD_F_expw_median_3yr"
2025-09-01,"verrayes","Verrayes",227.632552375959,"METHOD_F_expw_median_3yr"
2025-01-01,"verres","Verrès",222.467594370524,"METHOD_F_expw_median_3yr"
2025-02-01,"verres","Verrès",119.295007919693,"METHOD_F_expw_median_3yr"
2025-03-01,"verres","Verrès",77.2402626233134,"METHOD_F_expw_median_3yr"
2025-04-01,"verres","Verrès",128.923300435744,"METHOD_F_expw_median_3yr"
2025-05-01,"verres","Verrès",120.110900884118,"METHOD_F_expw_median_3yr"
2025-06-01,"verres","Verrès",258.494302788067,"METHOD_F_expw_median_3yr"
2025-07-01,"verres","Verrès",281.672969357924,"METHOD_F_expw_median_3yr"
2025-08-01,"verres","Verrès",318.951188141873,"METHOD_F_expw_median_3yr"
2025-09-01,"verres","Verrès",220.289566815444,"METHOD_F_expw_median_3yr"
2025-01-01,"villeneuve","Villeneuve",400.944421492639,"METHOD_F_expw_median_3yr"
2025-02-01,"villeneuve","Villeneuve",535.702111035603,"METHOD_F_expw_median_3yr"
2025-03-01,"villeneuve","Villeneuve",568.667440762945,"METHOD_F_expw_median_3yr"
2025-04-01,"villeneuve","Villeneuve",285.873405314042,"METHOD_F_expw_median_3yr"
2025-05-01,"villeneuve","Villeneuve",196.144406948376,"METHOD_F_expw_median_3yr"
2025-06-01,"villeneuve","Villeneuve",302.741075337376,"METHOD_F_expw_median_3yr"
2025-07-01,"villeneuve","Villeneuve",312.969965953249,"METHOD_F_expw_median_3yr"
2025-08-01,"villeneuve","Villeneuve",356.474857335035,"METHOD_F_expw_median_3yr"
2025-09-01,"villeneuve","Villeneuve",216.093575066579,"METHOD_F_expw_median_3yr"
2025-01-01,"allein","Allein",28.9585484892769,"METHOD_G_adaptive_winsor"
2025-02-01,"allein","Allein",4.49442697482269,"METHOD_G_adaptive_winsor"
2025-03-01,"allein","Allein",10.0773092404625,"METHOD_G_adaptive_winsor"
2025-04-01,"allein","Allein",13.4056873301649,"METHOD_G_adaptive_winsor"
2025-05-01,"allein","Allein",2.30119833020574,"METHOD_G_adaptive_winsor"
2025-06-01,"allein","Allein",48.8083020214955,"METHOD_G_adaptive_winsor"
2025-07-01,"allein","Allein",111.917517159508,"METHOD_G_adaptive_winsor"
2025-08-01,"allein","Allein",110.393777629542,"METHOD_G_adaptive_winsor"
2025-09-01,"allein","Allein",22.0389208896786,"METHOD_G_adaptive_winsor"
2025-01-01,"antey saint andre","Antey-Saint-André",2697.66929132142,"METHOD_G_adaptive_winsor"
2025-02-01,"antey saint andre","Antey-Saint-André",2774.64214795746,"METHOD_G_adaptive_winsor"
2025-03-01,"antey saint andre","Antey-Saint-André",2396.62867280829,"METHOD_G_adaptive_winsor"
2025-04-01,"antey saint andre","Antey-Saint-André",1182.60723705914,"METHOD_G_adaptive_winsor"
2025-05-01,"antey saint andre","Antey-Saint-André",405.426092880693,"METHOD_G_adaptive_winsor"
2025-06-01,"antey saint andre","Antey-Saint-André",1565.9440176362,"METHOD_G_adaptive_winsor"
2025-07-01,"antey saint andre","Antey-Saint-André",3168.93302939076,"METHOD_G_adaptive_winsor"
2025-08-01,"antey saint andre","Antey-Saint-André",3519.26264180905,"METHOD_G_adaptive_winsor"
2025-09-01,"antey saint andre","Antey-Saint-André",1206.48609550247,"METHOD_G_adaptive_winsor"
2025-01-01,"aosta","Aosta",11945.5302994533,"METHOD_G_adaptive_winsor"
2025-02-01,"aosta","Aosta",10987.2332278905,"METHOD_G_adaptive_winsor"
2025-03-01,"aosta","Aosta",9832.0091093898,"METHOD_G_adaptive_winsor"
2025-04-01,"aosta","Aosta",9669.3288620324,"METHOD_G_adaptive_winsor"
2025-05-01,"aosta","Aosta",12822.7037461555,"METHOD_G_adaptive_winsor"
2025-06-01,"aosta","Aosta",12588.2669265779,"METHOD_G_adaptive_winsor"
2025-07-01,"aosta","Aosta",17116.2743155959,"METHOD_G_adaptive_winsor"
2025-08-01,"aosta","Aosta",17288.6022994225,"METHOD_G_adaptive_winsor"
2025-09-01,"aosta","Aosta",12364.2268846517,"METHOD_G_adaptive_winsor"
2025-01-01,"arnad","Arnad",229.393069292994,"METHOD_G_adaptive_winsor"
2025-02-01,"arnad","Arnad",235.343604376465,"METHOD_G_adaptive_winsor"
2025-03-01,"arnad","Arnad",247.620369891255,"METHOD_G_adaptive_winsor"
2025-04-01,"arnad","Arnad",210.866273396398,"METHOD_G_adaptive_winsor"
2025-05-01,"arnad","Arnad",377.370759095869,"METHOD_G_adaptive_winsor"
2025-06-01,"arnad","Arnad",439.352466902282,"METHOD_G_adaptive_winsor"
2025-07-01,"arnad","Arnad",587.886940374655,"METHOD_G_adaptive_winsor"
2025-08-01,"arnad","Arnad",697.413450780419,"METHOD_G_adaptive_winsor"
2025-09-01,"arnad","Arnad",298.8815769075,"METHOD_G_adaptive_winsor"
2025-01-01,"arvier","Arvier",711.687227273428,"METHOD_G_adaptive_winsor"
2025-02-01,"arvier","Arvier",878.207404893061,"METHOD_G_adaptive_winsor"
2025-03-01,"arvier","Arvier",580.309406884708,"METHOD_G_adaptive_winsor"
2025-04-01,"arvier","Arvier",400.290892698861,"METHOD_G_adaptive_winsor"
2025-05-01,"arvier","Arvier",288.614081449415,"METHOD_G_adaptive_winsor"
2025-06-01,"arvier","Arvier",743.651541523653,"METHOD_G_adaptive_winsor"
2025-07-01,"arvier","Arvier",2543.0870958734,"METHOD_G_adaptive_winsor"
2025-08-01,"arvier","Arvier",2658.53708456707,"METHOD_G_adaptive_winsor"
2025-09-01,"arvier","Arvier",611.772640364029,"METHOD_G_adaptive_winsor"
2025-01-01,"avise","Avise",81.8393761653478,"METHOD_G_adaptive_winsor"
2025-02-01,"avise","Avise",125.843955295035,"METHOD_G_adaptive_winsor"
2025-03-01,"avise","Avise",82.8578759771359,"METHOD_G_adaptive_winsor"
2025-04-01,"avise","Avise",26.8113746603297,"METHOD_G_adaptive_winsor"
2025-05-01,"avise","Avise",29.9155782926746,"METHOD_G_adaptive_winsor"
2025-06-01,"avise","Avise",120.858652624656,"METHOD_G_adaptive_winsor"
2025-07-01,"avise","Avise",219.820569848913,"METHOD_G_adaptive_winsor"
2025-08-01,"avise","Avise",211.414498667896,"METHOD_G_adaptive_winsor"
2025-09-01,"avise","Avise",111.244076871711,"METHOD_G_adaptive_winsor"
2025-01-01,"ayas","Ayas",12253.753495239,"METHOD_G_adaptive_winsor"
2025-02-01,"ayas","Ayas",11099.2005271829,"METHOD_G_adaptive_winsor"
2025-03-01,"ayas","Ayas",9547.59130373915,"METHOD_G_adaptive_winsor"
2025-04-01,"ayas","Ayas",2280.61803372488,"METHOD_G_adaptive_winsor"
2025-05-01,"ayas","Ayas",793.036416686891,"METHOD_G_adaptive_winsor"
2025-06-01,"ayas","Ayas",5486.75375669396,"METHOD_G_adaptive_winsor"
2025-07-01,"ayas","Ayas",12885.3138892735,"METHOD_G_adaptive_winsor"
2025-08-01,"ayas","Ayas",13014.1475593207,"METHOD_G_adaptive_winsor"
2025-09-01,"ayas","Ayas",4913.05564807428,"METHOD_G_adaptive_winsor"
2025-01-01,"aymavilles","Aymavilles",570.126905854706,"METHOD_G_adaptive_winsor"
2025-02-01,"aymavilles","Aymavilles",556.791309356325,"METHOD_G_adaptive_winsor"
2025-03-01,"aymavilles","Aymavilles",329.087109914296,"METHOD_G_adaptive_winsor"
2025-04-01,"aymavilles","Aymavilles",297.784451668671,"METHOD_G_adaptive_winsor"
2025-05-01,"aymavilles","Aymavilles",257.693782761716,"METHOD_G_adaptive_winsor"
2025-06-01,"aymavilles","Aymavilles",438.627039575648,"METHOD_G_adaptive_winsor"
2025-07-01,"aymavilles","Aymavilles",1093.48497944455,"METHOD_G_adaptive_winsor"
2025-08-01,"aymavilles","Aymavilles",1250.46200154723,"METHOD_G_adaptive_winsor"
2025-09-01,"aymavilles","Aymavilles",357.665687024152,"METHOD_G_adaptive_winsor"
2025-01-01,"bard","Bard",600.205465904601,"METHOD_G_adaptive_winsor"
2025-02-01,"bard","Bard",514.719500012054,"METHOD_G_adaptive_winsor"
2025-03-01,"bard","Bard",331.513107504658,"METHOD_G_adaptive_winsor"
2025-04-01,"bard","Bard",311.691980661762,"METHOD_G_adaptive_winsor"
2025-05-01,"bard","Bard",607.797218561236,"METHOD_G_adaptive_winsor"
2025-06-01,"bard","Bard",325.177676627941,"METHOD_G_adaptive_winsor"
2025-07-01,"bard","Bard",877.377383530038,"METHOD_G_adaptive_winsor"
2025-08-01,"bard","Bard",1136.98632724863,"METHOD_G_adaptive_winsor"
2025-09-01,"bard","Bard",633.923527422611,"METHOD_G_adaptive_winsor"
2025-01-01,"bionaz","Bionaz",161.574877471802,"METHOD_G_adaptive_winsor"
2025-02-01,"bionaz","Bionaz",126.87273370937,"METHOD_G_adaptive_winsor"
2025-03-01,"bionaz","Bionaz",408.680237876993,"METHOD_G_adaptive_winsor"
2025-04-01,"bionaz","Bionaz",617.909204130007,"METHOD_G_adaptive_winsor"
2025-05-01,"bionaz","Bionaz",185.496797117286,"METHOD_G_adaptive_winsor"
2025-06-01,"bionaz","Bionaz",589.731160949983,"METHOD_G_adaptive_winsor"
2025-07-01,"bionaz","Bionaz",2611.89974283189,"METHOD_G_adaptive_winsor"
2025-08-01,"bionaz","Bionaz",2724.00252618234,"METHOD_G_adaptive_winsor"
2025-09-01,"bionaz","Bionaz",513.851784946421,"METHOD_G_adaptive_winsor"
2025-01-01,"brissogne","Brissogne",70.1867977641739,"METHOD_G_adaptive_winsor"
2025-02-01,"brissogne","Brissogne",45.8983941614948,"METHOD_G_adaptive_winsor"
2025-03-01,"brissogne","Brissogne",39.9073710570432,"METHOD_G_adaptive_winsor"
2025-04-01,"brissogne","Brissogne",55.0589885455544,"METHOD_G_adaptive_winsor"
2025-05-01,"brissogne","Brissogne",46.1797194755278,"METHOD_G_adaptive_winsor"
2025-06-01,"brissogne","Brissogne",62.1065872777164,"METHOD_G_adaptive_winsor"
2025-07-01,"brissogne","Brissogne",92.3992793830625,"METHOD_G_adaptive_winsor"
2025-08-01,"brissogne","Brissogne",89.2034608956732,"METHOD_G_adaptive_winsor"
2025-09-01,"brissogne","Brissogne",40.8201892226683,"METHOD_G_adaptive_winsor"
2025-01-01,"brusson","Brusson",3276.58678423385,"METHOD_G_adaptive_winsor"
2025-02-01,"brusson","Brusson",3592.85381448089,"METHOD_G_adaptive_winsor"
2025-03-01,"brusson","Brusson",2187.52559531724,"METHOD_G_adaptive_winsor"
2025-04-01,"brusson","Brusson",901.129463222512,"METHOD_G_adaptive_winsor"
2025-05-01,"brusson","Brusson",517.653435234378,"METHOD_G_adaptive_winsor"
2025-06-01,"brusson","Brusson",2435.08721870409,"METHOD_G_adaptive_winsor"
2025-07-01,"brusson","Brusson",4866.33293361185,"METHOD_G_adaptive_winsor"
2025-08-01,"brusson","Brusson",4999.25541855994,"METHOD_G_adaptive_winsor"
2025-09-01,"brusson","Brusson",1911.22989532387,"METHOD_G_adaptive_winsor"
2025-01-01,"challand saint anselme","Challand-Saint-Anselme",590.986269441058,"METHOD_G_adaptive_winsor"
2025-02-01,"challand saint anselme","Challand-Saint-Anselme",544.686083329664,"METHOD_G_adaptive_winsor"
2025-03-01,"challand saint anselme","Challand-Saint-Anselme",381.381165591585,"METHOD_G_adaptive_winsor"
2025-04-01,"challand saint anselme","Challand-Saint-Anselme",272.975716273171,"METHOD_G_adaptive_winsor"
2025-05-01,"challand saint anselme","Challand-Saint-Anselme",226.429334187186,"METHOD_G_adaptive_winsor"
2025-06-01,"challand saint anselme","Challand-Saint-Anselme",604.790755436231,"METHOD_G_adaptive_winsor"
2025-07-01,"challand saint anselme","Challand-Saint-Anselme",990.196788064484,"METHOD_G_adaptive_winsor"
2025-08-01,"challand saint anselme","Challand-Saint-Anselme",992.085419025696,"METHOD_G_adaptive_winsor"
2025-09-01,"challand saint anselme","Challand-Saint-Anselme",476.759366848733,"METHOD_G_adaptive_winsor"
2025-01-01,"challand saint victor","Challand-Saint-Victor",103.2435207009,"METHOD_G_adaptive_winsor"
2025-02-01,"challand saint victor","Challand-Saint-Victor",83.1468990342197,"METHOD_G_adaptive_winsor"
2025-03-01,"challand saint victor","Challand-Saint-Victor",62.703257496211,"METHOD_G_adaptive_winsor"
2025-04-01,"challand saint victor","Challand-Saint-Victor",88.2541082569187,"METHOD_G_adaptive_winsor"
2025-05-01,"challand saint victor","Challand-Saint-Victor",84.0597175952233,"METHOD_G_adaptive_winsor"
2025-06-01,"challand saint victor","Challand-Saint-Victor",85.9955797521588,"METHOD_G_adaptive_winsor"
2025-07-01,"challand saint victor","Challand-Saint-Victor",83.0173428684726,"METHOD_G_adaptive_winsor"
2025-08-01,"challand saint victor","Challand-Saint-Victor",92.6891151795208,"METHOD_G_adaptive_winsor"
2025-09-01,"challand saint victor","Challand-Saint-Victor",31.4841726995408,"METHOD_G_adaptive_winsor"
2025-01-01,"chambave","Chambave",116.387509514458,"METHOD_G_adaptive_winsor"
2025-02-01,"chambave","Chambave",104.580617646735,"METHOD_G_adaptive_winsor"
2025-03-01,"chambave","Chambave",112.398464910482,"METHOD_G_adaptive_winsor"
2025-04-01,"chambave","Chambave",91.9992327776254,"METHOD_G_adaptive_winsor"
2025-05-01,"chambave","Chambave",123.606101900765,"METHOD_G_adaptive_winsor"
2025-06-01,"chambave","Chambave",126.789701961994,"METHOD_G_adaptive_winsor"
2025-07-01,"chambave","Chambave",138.707757208428,"METHOD_G_adaptive_winsor"
2025-08-01,"chambave","Chambave",176.672161390898,"METHOD_G_adaptive_winsor"
2025-09-01,"chambave","Chambave",105.718164773947,"METHOD_G_adaptive_winsor"
2025-01-01,"chamois","Chamois",809.719158239304,"METHOD_G_adaptive_winsor"
2025-02-01,"chamois","Chamois",774.099935157668,"METHOD_G_adaptive_winsor"
2025-03-01,"chamois","Chamois",633.341562027095,"METHOD_G_adaptive_winsor"
2025-04-01,"chamois","Chamois",49.5967884734227,"METHOD_G_adaptive_winsor"
2025-05-01,"chamois","Chamois",11.7293366116345,"METHOD_G_adaptive_winsor"
2025-06-01,"chamois","Chamois",178.595068970708,"METHOD_G_adaptive_winsor"
2025-07-01,"chamois","Chamois",632.763855478315,"METHOD_G_adaptive_winsor"
2025-08-01,"chamois","Chamois",824.109138040842,"METHOD_G_adaptive_winsor"
2025-09-01,"chamois","Chamois",231.783613869356,"METHOD_G_adaptive_winsor"
2025-01-01,"champdepraz","Champdepraz",349.152055600116,"METHOD_G_adaptive_winsor"
2025-02-01,"champdepraz","Champdepraz",286.350911289842,"METHOD_G_adaptive_winsor"
2025-03-01,"champdepraz","Champdepraz",201.777314635904,"METHOD_G_adaptive_winsor"
2025-04-01,"champdepraz","Champdepraz",191.322694141453,"METHOD_G_adaptive_winsor"
2025-05-01,"champdepraz","Champdepraz",41.7650559751304,"METHOD_G_adaptive_winsor"
2025-06-01,"champdepraz","Champdepraz",204.850320061382,"METHOD_G_adaptive_winsor"
2025-07-01,"champdepraz","Champdepraz",311.569552554578,"METHOD_G_adaptive_winsor"
2025-08-01,"champdepraz","Champdepraz",329.809786125074,"METHOD_G_adaptive_winsor"
2025-09-01,"champdepraz","Champdepraz",241.843721002433,"METHOD_G_adaptive_winsor"
2025-01-01,"champorcher","Champorcher",854.767470431645,"METHOD_G_adaptive_winsor"
2025-02-01,"champorcher","Champorcher",848.442811982791,"METHOD_G_adaptive_winsor"
2025-03-01,"champorcher","Champorcher",240.719797383027,"METHOD_G_adaptive_winsor"
2025-04-01,"champorcher","Champorcher",118.133556998982,"METHOD_G_adaptive_winsor"
2025-05-01,"champorcher","Champorcher",82.3287012420474,"METHOD_G_adaptive_winsor"
2025-06-01,"champorcher","Champorcher",301.767413014013,"METHOD_G_adaptive_winsor"
2025-07-01,"champorcher","Champorcher",1668.9332959505,"METHOD_G_adaptive_winsor"
2025-08-01,"champorcher","Champorcher",1638.54371173333,"METHOD_G_adaptive_winsor"
2025-09-01,"champorcher","Champorcher",328.389694457982,"METHOD_G_adaptive_winsor"
2025-01-01,"charvensod","Charvensod",1899.93259436169,"METHOD_G_adaptive_winsor"
2025-02-01,"charvensod","Charvensod",1786.53472249202,"METHOD_G_adaptive_winsor"
2025-03-01,"charvensod","Charvensod",1874.37951872602,"METHOD_G_adaptive_winsor"
2025-04-01,"charvensod","Charvensod",1642.1966979452,"METHOD_G_adaptive_winsor"
2025-05-01,"charvensod","Charvensod",1927.40018823618,"METHOD_G_adaptive_winsor"
2025-06-01,"charvensod","Charvensod",2166.15892781114,"METHOD_G_adaptive_winsor"
2025-07-01,"charvensod","Charvensod",3121.91979519467,"METHOD_G_adaptive_winsor"
2025-08-01,"charvensod","Charvensod",3169.13457855373,"METHOD_G_adaptive_winsor"
2025-09-01,"charvensod","Charvensod",2128.33007448896,"METHOD_G_adaptive_winsor"
2025-01-01,"chatillon","Châtillon",3522.08009017316,"METHOD_G_adaptive_winsor"
2025-02-01,"chatillon","Châtillon",3140.49140760424,"METHOD_G_adaptive_winsor"
2025-03-01,"chatillon","Châtillon",2594.55912177153,"METHOD_G_adaptive_winsor"
2025-04-01,"chatillon","Châtillon",2617.76847001575,"METHOD_G_adaptive_winsor"
2025-05-01,"chatillon","Châtillon",2680.039836327,"METHOD_G_adaptive_winsor"
2025-06-01,"chatillon","Châtillon",3078.64232704994,"METHOD_G_adaptive_winsor"
2025-07-01,"chatillon","Châtillon",3903.39021062197,"METHOD_G_adaptive_winsor"
2025-08-01,"chatillon","Châtillon",4057.90240571451,"METHOD_G_adaptive_winsor"
2025-09-01,"chatillon","Châtillon",2831.04808354192,"METHOD_G_adaptive_winsor"
2025-01-01,"cogne","Cogne",8831.52010647357,"METHOD_G_adaptive_winsor"
2025-02-01,"cogne","Cogne",7837.70387846652,"METHOD_G_adaptive_winsor"
2025-03-01,"cogne","Cogne",4934.02582036045,"METHOD_G_adaptive_winsor"
2025-04-01,"cogne","Cogne",1635.11256098249,"METHOD_G_adaptive_winsor"
2025-05-01,"cogne","Cogne",3279.33690769176,"METHOD_G_adaptive_winsor"
2025-06-01,"cogne","Cogne",6990.61429124758,"METHOD_G_adaptive_winsor"
2025-07-01,"cogne","Cogne",7272.41659848448,"METHOD_G_adaptive_winsor"
2025-08-01,"cogne","Cogne",12031.2494515618,"METHOD_G_adaptive_winsor"
2025-09-01,"cogne","Cogne",7162.82131358314,"METHOD_G_adaptive_winsor"
2025-01-01,"courmayeur","Courmayeur",25057.3019858594,"METHOD_G_adaptive_winsor"
2025-02-01,"courmayeur","Courmayeur",22048.217621957,"METHOD_G_adaptive_winsor"
2025-03-01,"courmayeur","Courmayeur",19592.11651586,"METHOD_G_adaptive_winsor"
2025-04-01,"courmayeur","Courmayeur",5210.22326062544,"METHOD_G_adaptive_winsor"
2025-05-01,"courmayeur","Courmayeur",2671.55169899712,"METHOD_G_adaptive_winsor"
2025-06-01,"courmayeur","Courmayeur",28000.847383176,"METHOD_G_adaptive_winsor"
2025-07-01,"courmayeur","Courmayeur",53892.623413992,"METHOD_G_adaptive_winsor"
2025-08-01,"courmayeur","Courmayeur",50400.0492727236,"METHOD_G_adaptive_winsor"
2025-09-01,"courmayeur","Courmayeur",23635.3085627282,"METHOD_G_adaptive_winsor"
2025-01-01,"donnas","Donnas",154.24428199669,"METHOD_G_adaptive_winsor"
2025-02-01,"donnas","Donnas",135.882660621097,"METHOD_G_adaptive_winsor"
2025-03-01,"donnas","Donnas",88.8391517624234,"METHOD_G_adaptive_winsor"
2025-04-01,"donnas","Donnas",207.61900785719,"METHOD_G_adaptive_winsor"
2025-05-01,"donnas","Donnas",223.436133019828,"METHOD_G_adaptive_winsor"
2025-06-01,"donnas","Donnas",247.834784456808,"METHOD_G_adaptive_winsor"
2025-07-01,"donnas","Donnas",438.706133187689,"METHOD_G_adaptive_winsor"
2025-08-01,"donnas","Donnas",471.470225039354,"METHOD_G_adaptive_winsor"
2025-09-01,"donnas","Donnas",150.818170154939,"METHOD_G_adaptive_winsor"
2025-01-01,"doues","Doues",130.248692207097,"METHOD_G_adaptive_winsor"
2025-02-01,"doues","Doues",137.239417898377,"METHOD_G_adaptive_winsor"
2025-03-01,"doues","Doues",80.6184739236998,"METHOD_G_adaptive_winsor"
2025-04-01,"doues","Doues",75.6514857721075,"METHOD_G_adaptive_winsor"
2025-05-01,"doues","Doues",53.5028611772834,"METHOD_G_adaptive_winsor"
2025-06-01,"doues","Doues",180.840790395018,"METHOD_G_adaptive_winsor"
2025-07-01,"doues","Doues",619.204356718672,"METHOD_G_adaptive_winsor"
2025-08-01,"doues","Doues",599.88241739665,"METHOD_G_adaptive_winsor"
2025-09-01,"doues","Doues",290.714419839254,"METHOD_G_adaptive_winsor"
2025-01-01,"emarese","Emarèse",45.5711780874735,"METHOD_G_adaptive_winsor"
2025-02-01,"emarese","Emarèse",32.7543025563467,"METHOD_G_adaptive_winsor"
2025-03-01,"emarese","Emarèse",38.9223301967618,"METHOD_G_adaptive_winsor"
2025-04-01,"emarese","Emarèse",6.27811750055118,"METHOD_G_adaptive_winsor"
2025-05-01,"emarese","Emarèse",33.5737835675522,"METHOD_G_adaptive_winsor"
2025-06-01,"emarese","Emarèse",18.7933942161439,"METHOD_G_adaptive_winsor"
2025-07-01,"emarese","Emarèse",83.0019505400081,"METHOD_G_adaptive_winsor"
2025-08-01,"emarese","Emarèse",106.272341778239,"METHOD_G_adaptive_winsor"
2025-09-01,"emarese","Emarèse",19.3551604236794,"METHOD_G_adaptive_winsor"
2025-01-01,"etroubles","Etroubles",715.998737256233,"METHOD_G_adaptive_winsor"
2025-02-01,"etroubles","Etroubles",826.330265414747,"METHOD_G_adaptive_winsor"
2025-03-01,"etroubles","Etroubles",484.011946695201,"METHOD_G_adaptive_winsor"
2025-04-01,"etroubles","Etroubles",317.154180733894,"METHOD_G_adaptive_winsor"
2025-05-01,"etroubles","Etroubles",639.600009554245,"METHOD_G_adaptive_winsor"
2025-06-01,"etroubles","Etroubles",1732.63982353141,"METHOD_G_adaptive_winsor"
2025-07-01,"etroubles","Etroubles",3615.47650863968,"METHOD_G_adaptive_winsor"
2025-08-01,"etroubles","Etroubles",3513.9301433839,"METHOD_G_adaptive_winsor"
2025-09-01,"etroubles","Etroubles",1773.57720518413,"METHOD_G_adaptive_winsor"
2025-01-01,"fenis","Fénis",713.316724283261,"METHOD_G_adaptive_winsor"
2025-02-01,"fenis","Fénis",635.051460374307,"METHOD_G_adaptive_winsor"
2025-03-01,"fenis","Fénis",574.422486165135,"METHOD_G_adaptive_winsor"
2025-04-01,"fenis","Fénis",554.571970243349,"METHOD_G_adaptive_winsor"
2025-05-01,"fenis","Fénis",643.33020720801,"METHOD_G_adaptive_winsor"
2025-06-01,"fenis","Fénis",815.759348681636,"METHOD_G_adaptive_winsor"
2025-07-01,"fenis","Fénis",1249.4357907529,"METHOD_G_adaptive_winsor"
2025-08-01,"fenis","Fénis",1331.66989753612,"METHOD_G_adaptive_winsor"
2025-09-01,"fenis","Fénis",689.578743279819,"METHOD_G_adaptive_winsor"
2025-01-01,"fontainemore","Fontainemore",75.4792635425946,"METHOD_G_adaptive_winsor"
2025-02-01,"fontainemore","Fontainemore",73.2678135328872,"METHOD_G_adaptive_winsor"
2025-03-01,"fontainemore","Fontainemore",38.2723538066945,"METHOD_G_adaptive_winsor"
2025-04-01,"fontainemore","Fontainemore",43.1462690827818,"METHOD_G_adaptive_winsor"
2025-05-01,"fontainemore","Fontainemore",29.7353666864426,"METHOD_G_adaptive_winsor"
2025-06-01,"fontainemore","Fontainemore",174.803871937481,"METHOD_G_adaptive_winsor"
2025-07-01,"fontainemore","Fontainemore",650.33897964036,"METHOD_G_adaptive_winsor"
2025-08-01,"fontainemore","Fontainemore",753.495252536741,"METHOD_G_adaptive_winsor"
2025-09-01,"fontainemore","Fontainemore",242.199142519654,"METHOD_G_adaptive_winsor"
2025-01-01,"gaby","Gaby",934.141076662037,"METHOD_G_adaptive_winsor"
2025-02-01,"gaby","Gaby",811.879062191108,"METHOD_G_adaptive_winsor"
2025-03-01,"gaby","Gaby",479.156715720141,"METHOD_G_adaptive_winsor"
2025-04-01,"gaby","Gaby",281.004148764111,"METHOD_G_adaptive_winsor"
2025-05-01,"gaby","Gaby",136.828146151539,"METHOD_G_adaptive_winsor"
2025-06-01,"gaby","Gaby",545.122002786751,"METHOD_G_adaptive_winsor"
2025-07-01,"gaby","Gaby",1347.10647797057,"METHOD_G_adaptive_winsor"
2025-08-01,"gaby","Gaby",1285.96112151381,"METHOD_G_adaptive_winsor"
2025-09-01,"gaby","Gaby",409.822525858522,"METHOD_G_adaptive_winsor"
2025-01-01,"gignod","Gignod",554.367618397932,"METHOD_G_adaptive_winsor"
2025-02-01,"gignod","Gignod",420.728405265304,"METHOD_G_adaptive_winsor"
2025-03-01,"gignod","Gignod",328.503934958822,"METHOD_G_adaptive_winsor"
2025-04-01,"gignod","Gignod",256.172219626757,"METHOD_G_adaptive_winsor"
2025-05-01,"gignod","Gignod",379.36071886911,"METHOD_G_adaptive_winsor"
2025-06-01,"gignod","Gignod",641.494474200631,"METHOD_G_adaptive_winsor"
2025-07-01,"gignod","Gignod",1701.63736165335,"METHOD_G_adaptive_winsor"
2025-08-01,"gignod","Gignod",1846.77003050381,"METHOD_G_adaptive_winsor"
2025-09-01,"gignod","Gignod",597.752230286327,"METHOD_G_adaptive_winsor"
2025-01-01,"gressan","Gressan",7986.20619669563,"METHOD_G_adaptive_winsor"
2025-02-01,"gressan","Gressan",7132.9973145375,"METHOD_G_adaptive_winsor"
2025-03-01,"gressan","Gressan",5855.21732454364,"METHOD_G_adaptive_winsor"
2025-04-01,"gressan","Gressan",1085.47051659534,"METHOD_G_adaptive_winsor"
2025-05-01,"gressan","Gressan",435.393273118259,"METHOD_G_adaptive_winsor"
2025-06-01,"gressan","Gressan",1381.36533213057,"METHOD_G_adaptive_winsor"
2025-07-01,"gressan","Gressan",6867.35183377583,"METHOD_G_adaptive_winsor"
2025-08-01,"gressan","Gressan",4874.59317140506,"METHOD_G_adaptive_winsor"
2025-09-01,"gressan","Gressan",578.588231614434,"METHOD_G_adaptive_winsor"
2025-01-01,"gressoney la trinite","Gressoney-La-Trinité",4535.28718104092,"METHOD_G_adaptive_winsor"
2025-02-01,"gressoney la trinite","Gressoney-La-Trinité",5182.56149627303,"METHOD_G_adaptive_winsor"
2025-03-01,"gressoney la trinite","Gressoney-La-Trinité",4848.80551243321,"METHOD_G_adaptive_winsor"
2025-04-01,"gressoney la trinite","Gressoney-La-Trinité",2410.13986570522,"METHOD_G_adaptive_winsor"
2025-05-01,"gressoney la trinite","Gressoney-La-Trinité",102.902407962041,"METHOD_G_adaptive_winsor"
2025-06-01,"gressoney la trinite","Gressoney-La-Trinité",7706.78932781047,"METHOD_G_adaptive_winsor"
2025-07-01,"gressoney la trinite","Gressoney-La-Trinité",15163.4006996455,"METHOD_G_adaptive_winsor"
2025-08-01,"gressoney la trinite","Gressoney-La-Trinité",14249.9965631081,"METHOD_G_adaptive_winsor"
2025-09-01,"gressoney la trinite","Gressoney-La-Trinité",3734.16291488693,"METHOD_G_adaptive_winsor"
2025-01-01,"gressoney saint jean","Gressoney-Saint-Jean",4521.5955037755,"METHOD_G_adaptive_winsor"
2025-02-01,"gressoney saint jean","Gressoney-Saint-Jean",4624.73955731679,"METHOD_G_adaptive_winsor"
2025-03-01,"gressoney saint jean","Gressoney-Saint-Jean",3239.89497029908,"METHOD_G_adaptive_winsor"
2025-04-01,"gressoney saint jean","Gressoney-Saint-Jean",1303.65463714307,"METHOD_G_adaptive_winsor"
2025-05-01,"gressoney saint jean","Gressoney-Saint-Jean",528.720415152932,"METHOD_G_adaptive_winsor"
2025-06-01,"gressoney saint jean","Gressoney-Saint-Jean",3022.77938025391,"METHOD_G_adaptive_winsor"
2025-07-01,"gressoney saint jean","Gressoney-Saint-Jean",5250.77438529245,"METHOD_G_adaptive_winsor"
2025-08-01,"gressoney saint jean","Gressoney-Saint-Jean",4996.98082684994,"METHOD_G_adaptive_winsor"
2025-09-01,"gressoney saint jean","Gressoney-Saint-Jean",1822.83662501651,"METHOD_G_adaptive_winsor"
2025-01-01,"hone","Hône",104.62923251316,"METHOD_G_adaptive_winsor"
2025-02-01,"hone","Hône",92.8569515220032,"METHOD_G_adaptive_winsor"
2025-03-01,"hone","Hône",93.2076774422264,"METHOD_G_adaptive_winsor"
2025-04-01,"hone","Hône",101.88334380988,"METHOD_G_adaptive_winsor"
2025-05-01,"hone","Hône",76.7474484322467,"METHOD_G_adaptive_winsor"
2025-06-01,"hone","Hône",131.172463649278,"METHOD_G_adaptive_winsor"
2025-07-01,"hone","Hône",218.490740718805,"METHOD_G_adaptive_winsor"
2025-08-01,"hone","Hône",325.467365523002,"METHOD_G_adaptive_winsor"
2025-09-01,"hone","Hône",119.249340108178,"METHOD_G_adaptive_winsor"
2025-01-01,"introd","Introd",401.456683497216,"METHOD_G_adaptive_winsor"
2025-02-01,"introd","Introd",519.277370531569,"METHOD_G_adaptive_winsor"
2025-03-01,"introd","Introd",298.965460619978,"METHOD_G_adaptive_winsor"
2025-04-01,"introd","Introd",255.974112570535,"METHOD_G_adaptive_winsor"
2025-05-01,"introd","Introd",216.090878882297,"METHOD_G_adaptive_winsor"
2025-06-01,"introd","Introd",546.323346932762,"METHOD_G_adaptive_winsor"
2025-07-01,"introd","Introd",993.046174586985,"METHOD_G_adaptive_winsor"
2025-08-01,"introd","Introd",858.194465986384,"METHOD_G_adaptive_winsor"
2025-09-01,"introd","Introd",389.456125361882,"METHOD_G_adaptive_winsor"
2025-01-01,"issime","Issime",113.079839548889,"METHOD_G_adaptive_winsor"
2025-02-01,"issime","Issime",93.5458666416844,"METHOD_G_adaptive_winsor"
2025-03-01,"issime","Issime",73.8345236260506,"METHOD_G_adaptive_winsor"
2025-04-01,"issime","Issime",42.5259472863064,"METHOD_G_adaptive_winsor"
2025-05-01,"issime","Issime",45.6828306315222,"METHOD_G_adaptive_winsor"
2025-06-01,"issime","Issime",92.0240620862825,"METHOD_G_adaptive_winsor"
2025-07-01,"issime","Issime",65.2524121512677,"METHOD_G_adaptive_winsor"
2025-08-01,"issime","Issime",66.6730137243547,"METHOD_G_adaptive_winsor"
2025-09-01,"issime","Issime",61.7659435743349,"METHOD_G_adaptive_winsor"
2025-01-01,"issogne","Issogne",17.2745512583318,"METHOD_G_adaptive_winsor"
2025-02-01,"issogne","Issogne",23.5428345541684,"METHOD_G_adaptive_winsor"
2025-03-01,"issogne","Issogne",20.8045948709923,"METHOD_G_adaptive_winsor"
2025-04-01,"issogne","Issogne",29.3879482379261,"METHOD_G_adaptive_winsor"
2025-05-01,"issogne","Issogne",46.2086054159618,"METHOD_G_adaptive_winsor"
2025-06-01,"issogne","Issogne",15.2334928522792,"METHOD_G_adaptive_winsor"
2025-07-01,"issogne","Issogne",41.6314444243247,"METHOD_G_adaptive_winsor"
2025-08-01,"issogne","Issogne",58.0174670256873,"METHOD_G_adaptive_winsor"
2025-09-01,"issogne","Issogne",32.468103950818,"METHOD_G_adaptive_winsor"
2025-01-01,"jovencan","Jovençan",584.373837012581,"METHOD_G_adaptive_winsor"
2025-02-01,"jovencan","Jovençan",576.98394732457,"METHOD_G_adaptive_winsor"
2025-03-01,"jovencan","Jovençan",550.032944873592,"METHOD_G_adaptive_winsor"
2025-04-01,"jovencan","Jovençan",462.22261537531,"METHOD_G_adaptive_winsor"
2025-05-01,"jovencan","Jovençan",657.524083953787,"METHOD_G_adaptive_winsor"
2025-06-01,"jovencan","Jovençan",603.271255315081,"METHOD_G_adaptive_winsor"
2025-07-01,"jovencan","Jovençan",773.373410789123,"METHOD_G_adaptive_winsor"
2025-08-01,"jovencan","Jovençan",803.071238755203,"METHOD_G_adaptive_winsor"
2025-09-01,"jovencan","Jovençan",565.073848408545,"METHOD_G_adaptive_winsor"
2025-01-01,"la magdeleine","La Magdeleine",110.188367710775,"METHOD_G_adaptive_winsor"
2025-02-01,"la magdeleine","La Magdeleine",130.169259392931,"METHOD_G_adaptive_winsor"
2025-03-01,"la magdeleine","La Magdeleine",69.5794482650717,"METHOD_G_adaptive_winsor"
2025-04-01,"la magdeleine","La Magdeleine",10.5046968282865,"METHOD_G_adaptive_winsor"
2025-05-01,"la magdeleine","La Magdeleine",37.8809155088096,"METHOD_G_adaptive_winsor"
2025-06-01,"la magdeleine","La Magdeleine",69.5235783530437,"METHOD_G_adaptive_winsor"
2025-07-01,"la magdeleine","La Magdeleine",155.505713514576,"METHOD_G_adaptive_winsor"
2025-08-01,"la magdeleine","La Magdeleine",164.556221543121,"METHOD_G_adaptive_winsor"
2025-09-01,"la magdeleine","La Magdeleine",37.7236587139132,"METHOD_G_adaptive_winsor"
2025-01-01,"la salle","La Salle",2657.72299359376,"METHOD_G_adaptive_winsor"
2025-02-01,"la salle","La Salle",2756.7675955386,"METHOD_G_adaptive_winsor"
2025-03-01,"la salle","La Salle",2307.07697241021,"METHOD_G_adaptive_winsor"
2025-04-01,"la salle","La Salle",1304.582197749,"METHOD_G_adaptive_winsor"
2025-05-01,"la salle","La Salle",1010.55893902496,"METHOD_G_adaptive_winsor"
2025-06-01,"la salle","La Salle",1858.72231300466,"METHOD_G_adaptive_winsor"
2025-07-01,"la salle","La Salle",3636.06968195495,"METHOD_G_adaptive_winsor"
2025-08-01,"la salle","La Salle",3736.05867972023,"METHOD_G_adaptive_winsor"
2025-09-01,"la salle","La Salle",1370.41215425554,"METHOD_G_adaptive_winsor"
2025-01-01,"la thuile","La Thuile",10960.6465993607,"METHOD_G_adaptive_winsor"
2025-02-01,"la thuile","La Thuile",9927.59876252565,"METHOD_G_adaptive_winsor"
2025-03-01,"la thuile","La Thuile",9201.09875426686,"METHOD_G_adaptive_winsor"
2025-04-01,"la thuile","La Thuile",1490.13409442254,"METHOD_G_adaptive_winsor"
2025-05-01,"la thuile","La Thuile",55.2980894526485,"METHOD_G_adaptive_winsor"
2025-06-01,"la thuile","La Thuile",5404.40915249514,"METHOD_G_adaptive_winsor"
2025-07-01,"la thuile","La Thuile",12349.1395356262,"METHOD_G_adaptive_winsor"
2025-08-01,"la thuile","La Thuile",13680.0846230958,"METHOD_G_adaptive_winsor"
2025-09-01,"la thuile","La Thuile",2817.50313683169,"METHOD_G_adaptive_winsor"
2025-01-01,"lillianes","Lillianes",121.124721400421,"METHOD_G_adaptive_winsor"
2025-02-01,"lillianes","Lillianes",88.8182891332875,"METHOD_G_adaptive_winsor"
2025-03-01,"lillianes","Lillianes",72.514418295555,"METHOD_G_adaptive_winsor"
2025-04-01,"lillianes","Lillianes",71.5612620095417,"METHOD_G_adaptive_winsor"
2025-05-01,"lillianes","Lillianes",88.1265109132746,"METHOD_G_adaptive_winsor"
2025-06-01,"lillianes","Lillianes",229.706548971337,"METHOD_G_adaptive_winsor"
2025-07-01,"lillianes","Lillianes",624.836067974717,"METHOD_G_adaptive_winsor"
2025-08-01,"lillianes","Lillianes",600.67868315381,"METHOD_G_adaptive_winsor"
2025-09-01,"lillianes","Lillianes",164.346614607001,"METHOD_G_adaptive_winsor"
2025-01-01,"montjovet","Montjovet",825.414638868981,"METHOD_G_adaptive_winsor"
2025-02-01,"montjovet","Montjovet",699.161162285555,"METHOD_G_adaptive_winsor"
2025-03-01,"montjovet","Montjovet",397.751490645434,"METHOD_G_adaptive_winsor"
2025-04-01,"montjovet","Montjovet",400.247312101109,"METHOD_G_adaptive_winsor"
2025-05-01,"montjovet","Montjovet",382.847302947866,"METHOD_G_adaptive_winsor"
2025-06-01,"montjovet","Montjovet",449.527525897087,"METHOD_G_adaptive_winsor"
2025-07-01,"montjovet","Montjovet",704.10109222823,"METHOD_G_adaptive_winsor"
2025-08-01,"montjovet","Montjovet",974.263788824285,"METHOD_G_adaptive_winsor"
2025-09-01,"montjovet","Montjovet",315.954823379263,"METHOD_G_adaptive_winsor"
2025-01-01,"morgex","Morgex",1337.29590983395,"METHOD_G_adaptive_winsor"
2025-02-01,"morgex","Morgex",1274.15301825215,"METHOD_G_adaptive_winsor"
2025-03-01,"morgex","Morgex",1362.33249886248,"METHOD_G_adaptive_winsor"
2025-04-01,"morgex","Morgex",608.269323638126,"METHOD_G_adaptive_winsor"
2025-05-01,"morgex","Morgex",784.252117113943,"METHOD_G_adaptive_winsor"
2025-06-01,"morgex","Morgex",1303.08393180134,"METHOD_G_adaptive_winsor"
2025-07-01,"morgex","Morgex",2291.39115971127,"METHOD_G_adaptive_winsor"
2025-08-01,"morgex","Morgex",2821.94408037622,"METHOD_G_adaptive_winsor"
2025-09-01,"morgex","Morgex",1035.38031359844,"METHOD_G_adaptive_winsor"
2025-01-01,"nus","Nus",1537.32120458292,"METHOD_G_adaptive_winsor"
2025-02-01,"nus","Nus",1296.64218223635,"METHOD_G_adaptive_winsor"
2025-03-01,"nus","Nus",1243.98784068376,"METHOD_G_adaptive_winsor"
2025-04-01,"nus","Nus",952.920941052553,"METHOD_G_adaptive_winsor"
2025-05-01,"nus","Nus",973.672427578754,"METHOD_G_adaptive_winsor"
2025-06-01,"nus","Nus",1013.35331816057,"METHOD_G_adaptive_winsor"
2025-07-01,"nus","Nus",2063.74098820921,"METHOD_G_adaptive_winsor"
2025-08-01,"nus","Nus",2180.79783354962,"METHOD_G_adaptive_winsor"
2025-09-01,"nus","Nus",855.320025004191,"METHOD_G_adaptive_winsor"
2025-01-01,"ollomont","Ollomont",56.7637282530575,"METHOD_G_adaptive_winsor"
2025-02-01,"ollomont","Ollomont",11.0029169034826,"METHOD_G_adaptive_winsor"
2025-03-01,"ollomont","Ollomont",10.2119694068991,"METHOD_G_adaptive_winsor"
2025-04-01,"ollomont","Ollomont",12.3013993023836,"METHOD_G_adaptive_winsor"
2025-05-01,"ollomont","Ollomont",8.62102514775309,"METHOD_G_adaptive_winsor"
2025-06-01,"ollomont","Ollomont",32.3047603038311,"METHOD_G_adaptive_winsor"
2025-07-01,"ollomont","Ollomont",414.463159163946,"METHOD_G_adaptive_winsor"
2025-08-01,"ollomont","Ollomont",431.774888894939,"METHOD_G_adaptive_winsor"
2025-09-01,"ollomont","Ollomont",90.0361578318808,"METHOD_G_adaptive_winsor"
2025-01-01,"oyace","Oyace",7.55440395372441,"METHOD_G_adaptive_winsor"
2025-02-01,"oyace","Oyace",10.112460693351,"METHOD_G_adaptive_winsor"
2025-03-01,"oyace","Oyace",6.71820616030832,"METHOD_G_adaptive_winsor"
2025-04-01,"oyace","Oyace",0,"METHOD_G_adaptive_winsor"
2025-05-01,"oyace","Oyace",0,"METHOD_G_adaptive_winsor"
2025-06-01,"oyace","Oyace",8.9445776707366,"METHOD_G_adaptive_winsor"
2025-07-01,"oyace","Oyace",10.5233251523416,"METHOD_G_adaptive_winsor"
2025-08-01,"oyace","Oyace",2.08290146470833,"METHOD_G_adaptive_winsor"
2025-09-01,"oyace","Oyace",5.24736211659013,"METHOD_G_adaptive_winsor"
2025-01-01,"perloz","Perloz",107.020722677763,"METHOD_G_adaptive_winsor"
2025-02-01,"perloz","Perloz",97.7537867023935,"METHOD_G_adaptive_winsor"
2025-03-01,"perloz","Perloz",62.703257496211,"METHOD_G_adaptive_winsor"
2025-04-01,"perloz","Perloz",72.6141397050597,"METHOD_G_adaptive_winsor"
2025-05-01,"perloz","Perloz",70.6436972173522,"METHOD_G_adaptive_winsor"
2025-06-01,"perloz","Perloz",119.696550195572,"METHOD_G_adaptive_winsor"
2025-07-01,"perloz","Perloz",206.958727996051,"METHOD_G_adaptive_winsor"
2025-08-01,"perloz","Perloz",208.290146470833,"METHOD_G_adaptive_winsor"
2025-09-01,"perloz","Perloz",122.788273528209,"METHOD_G_adaptive_winsor"
2025-01-01,"pollein","Pollein",3286.33369243029,"METHOD_G_adaptive_winsor"
2025-02-01,"pollein","Pollein",2687.28264828966,"METHOD_G_adaptive_winsor"
2025-03-01,"pollein","Pollein",2845.19084270571,"METHOD_G_adaptive_winsor"
2025-04-01,"pollein","Pollein",2620.08518504607,"METHOD_G_adaptive_winsor"
2025-05-01,"pollein","Pollein",3864.83748414845,"METHOD_G_adaptive_winsor"
2025-06-01,"pollein","Pollein",3608.79721973849,"METHOD_G_adaptive_winsor"
2025-07-01,"pollein","Pollein",4254.16480075561,"METHOD_G_adaptive_winsor"
2025-08-01,"pollein","Pollein",3908.07275668121,"METHOD_G_adaptive_winsor"
2025-09-01,"pollein","Pollein",3232.82165204928,"METHOD_G_adaptive_winsor"
2025-01-01,"pont saint martin","Pont-Saint-Martin",539.248337547226,"METHOD_G_adaptive_winsor"
2025-02-01,"pont saint martin","Pont-Saint-Martin",507.19321746699,"METHOD_G_adaptive_winsor"
2025-03-01,"pont saint martin","Pont-Saint-Martin",552.320053108511,"METHOD_G_adaptive_winsor"
2025-04-01,"pont saint martin","Pont-Saint-Martin",521.073411386959,"METHOD_G_adaptive_winsor"
2025-05-01,"pont saint martin","Pont-Saint-Martin",588.565804119926,"METHOD_G_adaptive_winsor"
2025-06-01,"pont saint martin","Pont-Saint-Martin",845.413987502291,"METHOD_G_adaptive_winsor"
2025-07-01,"pont saint martin","Pont-Saint-Martin",1041.79343211573,"METHOD_G_adaptive_winsor"
2025-08-01,"pont saint martin","Pont-Saint-Martin",1136.65325875701,"METHOD_G_adaptive_winsor"
2025-09-01,"pont saint martin","Pont-Saint-Martin",746.351296779222,"METHOD_G_adaptive_winsor"
2025-01-01,"pontboset","Pontboset",121.669502349621,"METHOD_G_adaptive_winsor"
2025-02-01,"pontboset","Pontboset",114.067606765097,"METHOD_G_adaptive_winsor"
2025-03-01,"pontboset","Pontboset",85.6592431384342,"METHOD_G_adaptive_winsor"
2025-04-01,"pontboset","Pontboset",51.2699879654161,"METHOD_G_adaptive_winsor"
2025-05-01,"pontboset","Pontboset",92.0055902556373,"METHOD_G_adaptive_winsor"
2025-06-01,"pontboset","Pontboset",187.92624076306,"METHOD_G_adaptive_winsor"
2025-07-01,"pontboset","Pontboset",421.037471810867,"METHOD_G_adaptive_winsor"
2025-08-01,"pontboset","Pontboset",483.557931291967,"METHOD_G_adaptive_winsor"
2025-09-01,"pontboset","Pontboset",110.987373947884,"METHOD_G_adaptive_winsor"
2025-01-01,"pontey","Pontey",104.502588026521,"METHOD_G_adaptive_winsor"
2025-02-01,"pontey","Pontey",73.0344383408687,"METHOD_G_adaptive_winsor"
2025-03-01,"pontey","Pontey",53.7456492824666,"METHOD_G_adaptive_winsor"
2025-04-01,"pontey","Pontey",71.4969990942126,"METHOD_G_adaptive_winsor"
2025-05-01,"pontey","Pontey",90.6835020952633,"METHOD_G_adaptive_winsor"
2025-06-01,"pontey","Pontey",85.9955797521588,"METHOD_G_adaptive_winsor"
2025-07-01,"pontey","Pontey",220.989828199173,"METHOD_G_adaptive_winsor"
2025-08-01,"pontey","Pontey",350.968896803354,"METHOD_G_adaptive_winsor"
2025-09-01,"pontey","Pontey",66.1167626690357,"METHOD_G_adaptive_winsor"
2025-01-01,"pre saint didier","Pré-Saint-Didier",8408.14222755099,"METHOD_G_adaptive_winsor"
2025-02-01,"pre saint didier","Pré-Saint-Didier",7525.4979029813,"METHOD_G_adaptive_winsor"
2025-03-01,"pre saint didier","Pré-Saint-Didier",7520.19134971802,"METHOD_G_adaptive_winsor"
2025-04-01,"pre saint didier","Pré-Saint-Didier",3731.28317512986,"METHOD_G_adaptive_winsor"
2025-05-01,"pre saint didier","Pré-Saint-Didier",3850.87372610404,"METHOD_G_adaptive_winsor"
2025-06-01,"pre saint didier","Pré-Saint-Didier",3974.54676689635,"METHOD_G_adaptive_winsor"
2025-07-01,"pre saint didier","Pré-Saint-Didier",6066.52990471209,"METHOD_G_adaptive_winsor"
2025-08-01,"pre saint didier","Pré-Saint-Didier",5950.6142971036,"METHOD_G_adaptive_winsor"
2025-09-01,"pre saint didier","Pré-Saint-Didier",4449.63588797266,"METHOD_G_adaptive_winsor"
2025-01-01,"quart","Quart",726.195982012731,"METHOD_G_adaptive_winsor"
2025-02-01,"quart","Quart",608.964818254461,"METHOD_G_adaptive_winsor"
2025-03-01,"quart","Quart",574.80419951958,"METHOD_G_adaptive_winsor"
2025-04-01,"quart","Quart",476.43919728534,"METHOD_G_adaptive_winsor"
2025-05-01,"quart","Quart",712.024949856215,"METHOD_G_adaptive_winsor"
2025-06-01,"quart","Quart",687.331627471182,"METHOD_G_adaptive_winsor"
2025-07-01,"quart","Quart",1070.4388956343,"METHOD_G_adaptive_winsor"
2025-08-01,"quart","Quart",1000.42211916558,"METHOD_G_adaptive_winsor"
2025-09-01,"quart","Quart",655.301167992212,"METHOD_G_adaptive_winsor"
2025-01-01,"rhemes notre dame","Rhêmes-Notre-Dame",1583.08604375513,"METHOD_G_adaptive_winsor"
2025-02-01,"rhemes notre dame","Rhêmes-Notre-Dame",1239.13053459053,"METHOD_G_adaptive_winsor"
2025-03-01,"rhemes notre dame","Rhêmes-Notre-Dame",1093.70712979646,"METHOD_G_adaptive_winsor"
2025-04-01,"rhemes notre dame","Rhêmes-Notre-Dame",272.731221733241,"METHOD_G_adaptive_winsor"
2025-05-01,"rhemes notre dame","Rhêmes-Notre-Dame",115.240918518301,"METHOD_G_adaptive_winsor"
2025-06-01,"rhemes notre dame","Rhêmes-Notre-Dame",843.173890160256,"METHOD_G_adaptive_winsor"
2025-07-01,"rhemes notre dame","Rhêmes-Notre-Dame",1541.30099951694,"METHOD_G_adaptive_winsor"
2025-08-01,"rhemes notre dame","Rhêmes-Notre-Dame",1587.56703707984,"METHOD_G_adaptive_winsor"
2025-09-01,"rhemes notre dame","Rhêmes-Notre-Dame",621.936521019504,"METHOD_G_adaptive_winsor"
2025-01-01,"rhemes saint georges","Rhêmes-Saint-Georges",151.790923340098,"METHOD_G_adaptive_winsor"
2025-02-01,"rhemes saint georges","Rhêmes-Saint-Georges",183.286221428227,"METHOD_G_adaptive_winsor"
2025-03-01,"rhemes saint georges","Rhêmes-Saint-Georges",40.1533669478007,"METHOD_G_adaptive_winsor"
2025-04-01,"rhemes saint georges","Rhêmes-Saint-Georges",31.4034400858217,"METHOD_G_adaptive_winsor"
2025-05-01,"rhemes saint georges","Rhêmes-Saint-Georges",59.8573527586861,"METHOD_G_adaptive_winsor"
2025-06-01,"rhemes saint georges","Rhêmes-Saint-Georges",318.791002625224,"METHOD_G_adaptive_winsor"
2025-07-01,"rhemes saint georges","Rhêmes-Saint-Georges",1600.55032125636,"METHOD_G_adaptive_winsor"
2025-08-01,"rhemes saint georges","Rhêmes-Saint-Georges",1641.36452105253,"METHOD_G_adaptive_winsor"
2025-09-01,"rhemes saint georges","Rhêmes-Saint-Georges",189.594032174338,"METHOD_G_adaptive_winsor"
2025-01-01,"roisan","Roisan",201.450772099318,"METHOD_G_adaptive_winsor"
2025-02-01,"roisan","Roisan",102.248213677216,"METHOD_G_adaptive_winsor"
2025-03-01,"roisan","Roisan",88.4563811107262,"METHOD_G_adaptive_winsor"
2025-04-01,"roisan","Roisan",53.6227493206595,"METHOD_G_adaptive_winsor"
2025-05-01,"roisan","Roisan",60.981755750452,"METHOD_G_adaptive_winsor"
2025-06-01,"roisan","Roisan",163.856442500735,"METHOD_G_adaptive_winsor"
2025-07-01,"roisan","Roisan",261.91387045828,"METHOD_G_adaptive_winsor"
2025-08-01,"roisan","Roisan",243.699471370875,"METHOD_G_adaptive_winsor"
2025-09-01,"roisan","Roisan",117.540911411619,"METHOD_G_adaptive_winsor"
2025-01-01,"saint christophe","Saint-Christophe",676.186649455813,"METHOD_G_adaptive_winsor"
2025-02-01,"saint christophe","Saint-Christophe",523.019214183574,"METHOD_G_adaptive_winsor"
2025-03-01,"saint christophe","Saint-Christophe",418.780871559571,"METHOD_G_adaptive_winsor"
2025-04-01,"saint christophe","Saint-Christophe",375.67273008675,"METHOD_G_adaptive_winsor"
2025-05-01,"saint christophe","Saint-Christophe",615.710251199226,"METHOD_G_adaptive_winsor"
2025-06-01,"saint christophe","Saint-Christophe",541.572614862403,"METHOD_G_adaptive_winsor"
2025-07-01,"saint christophe","Saint-Christophe",762.089676172153,"METHOD_G_adaptive_winsor"
2025-08-01,"saint christophe","Saint-Christophe",789.734258041992,"METHOD_G_adaptive_winsor"
2025-09-01,"saint christophe","Saint-Christophe",574.800381081749,"METHOD_G_adaptive_winsor"
2025-01-01,"saint denis","Saint-Denis",10.0725386049659,"METHOD_G_adaptive_winsor"
2025-02-01,"saint denis","Saint-Denis",29.2137753363475,"METHOD_G_adaptive_winsor"
2025-03-01,"saint denis","Saint-Denis",6.71820616030832,"METHOD_G_adaptive_winsor"
2025-04-01,"saint denis","Saint-Denis",7.8199842759295,"METHOD_G_adaptive_winsor"
2025-05-01,"saint denis","Saint-Denis",48.7411722072353,"METHOD_G_adaptive_winsor"
2025-06-01,"saint denis","Saint-Denis",36.02517530158,"METHOD_G_adaptive_winsor"
2025-07-01,"saint denis","Saint-Denis",171.880977488246,"METHOD_G_adaptive_winsor"
2025-08-01,"saint denis","Saint-Denis",139.554398135458,"METHOD_G_adaptive_winsor"
2025-09-01,"saint denis","Saint-Denis",35.6820623928129,"METHOD_G_adaptive_winsor"
2025-01-01,"saint marcel","Saint-Marcel",66.730568257899,"METHOD_G_adaptive_winsor"
2025-02-01,"saint marcel","Saint-Marcel",94.3829664712764,"METHOD_G_adaptive_winsor"
2025-03-01,"saint marcel","Saint-Marcel",68.3017626298013,"METHOD_G_adaptive_winsor"
2025-04-01,"saint marcel","Saint-Marcel",34.6313589362592,"METHOD_G_adaptive_winsor"
2025-05-01,"saint marcel","Saint-Marcel",80.5848384518343,"METHOD_G_adaptive_winsor"
2025-06-01,"saint marcel","Saint-Marcel",63.9156335995775,"METHOD_G_adaptive_winsor"
2025-07-01,"saint marcel","Saint-Marcel",159.019135635384,"METHOD_G_adaptive_winsor"
2025-08-01,"saint marcel","Saint-Marcel",266.611387482666,"METHOD_G_adaptive_winsor"
2025-09-01,"saint marcel","Saint-Marcel",51.4241487425833,"METHOD_G_adaptive_winsor"
2025-01-01,"saint nicolas","Saint-Nicolas",484.740920363983,"METHOD_G_adaptive_winsor"
2025-02-01,"saint nicolas","Saint-Nicolas",401.127607502925,"METHOD_G_adaptive_winsor"
2025-03-01,"saint nicolas","Saint-Nicolas",370.621039843676,"METHOD_G_adaptive_winsor"
2025-04-01,"saint nicolas","Saint-Nicolas",214.490997282638,"METHOD_G_adaptive_winsor"
2025-05-01,"saint nicolas","Saint-Nicolas",310.983044544939,"METHOD_G_adaptive_winsor"
2025-06-01,"saint nicolas","Saint-Nicolas",442.76102548071,"METHOD_G_adaptive_winsor"
2025-07-01,"saint nicolas","Saint-Nicolas",905.005963101377,"METHOD_G_adaptive_winsor"
2025-08-01,"saint nicolas","Saint-Nicolas",912.310841542249,"METHOD_G_adaptive_winsor"
2025-09-01,"saint nicolas","Saint-Nicolas",417.690024480575,"METHOD_G_adaptive_winsor"
2025-01-01,"saint oyen","Saint-Oyen",426.531362241953,"METHOD_G_adaptive_winsor"
2025-02-01,"saint oyen","Saint-Oyen",346.029629770959,"METHOD_G_adaptive_winsor"
2025-03-01,"saint oyen","Saint-Oyen",328.708568451605,"METHOD_G_adaptive_winsor"
2025-04-01,"saint oyen","Saint-Oyen",166.379051480416,"METHOD_G_adaptive_winsor"
2025-05-01,"saint oyen","Saint-Oyen",148.977976511048,"METHOD_G_adaptive_winsor"
2025-06-01,"saint oyen","Saint-Oyen",362.698572381992,"METHOD_G_adaptive_winsor"
2025-07-01,"saint oyen","Saint-Oyen",964.051022027563,"METHOD_G_adaptive_winsor"
2025-08-01,"saint oyen","Saint-Oyen",959.579807961639,"METHOD_G_adaptive_winsor"
2025-09-01,"saint oyen","Saint-Oyen",292.475507080858,"METHOD_G_adaptive_winsor"
2025-01-01,"saint pierre","Saint-Pierre",1213.13969166286,"METHOD_G_adaptive_winsor"
2025-02-01,"saint pierre","Saint-Pierre",1082.80000852753,"METHOD_G_adaptive_winsor"
2025-03-01,"saint pierre","Saint-Pierre",1048.35818091712,"METHOD_G_adaptive_winsor"
2025-04-01,"saint pierre","Saint-Pierre",730.258951018533,"METHOD_G_adaptive_winsor"
2025-05-01,"saint pierre","Saint-Pierre",967.70935845336,"METHOD_G_adaptive_winsor"
2025-06-01,"saint pierre","Saint-Pierre",1298.5147402439,"METHOD_G_adaptive_winsor"
2025-07-01,"saint pierre","Saint-Pierre",1967.63228462371,"METHOD_G_adaptive_winsor"
2025-08-01,"saint pierre","Saint-Pierre",1815.28641783904,"METHOD_G_adaptive_winsor"
2025-09-01,"saint pierre","Saint-Pierre",1120.33336907917,"METHOD_G_adaptive_winsor"
2025-01-01,"saint rhemy en bosses","Saint-Rhémy-en-Bosses",367.944778162667,"METHOD_G_adaptive_winsor"
2025-02-01,"saint rhemy en bosses","Saint-Rhémy-en-Bosses",560.575523590939,"METHOD_G_adaptive_winsor"
2025-03-01,"saint rhemy en bosses","Saint-Rhémy-en-Bosses",487.957396622584,"METHOD_G_adaptive_winsor"
2025-04-01,"saint rhemy en bosses","Saint-Rhémy-en-Bosses",137.796679512121,"METHOD_G_adaptive_winsor"
2025-05-01,"saint rhemy en bosses","Saint-Rhémy-en-Bosses",90.3143562718384,"METHOD_G_adaptive_winsor"
2025-06-01,"saint rhemy en bosses","Saint-Rhémy-en-Bosses",460.698549604816,"METHOD_G_adaptive_winsor"
2025-07-01,"saint rhemy en bosses","Saint-Rhémy-en-Bosses",1559.72706502023,"METHOD_G_adaptive_winsor"
2025-08-01,"saint rhemy en bosses","Saint-Rhémy-en-Bosses",1546.85121624593,"METHOD_G_adaptive_winsor"
2025-09-01,"saint rhemy en bosses","Saint-Rhémy-en-Bosses",409.527183749006,"METHOD_G_adaptive_winsor"
2025-01-01,"saint vincent","Saint-Vincent",9071.20855368259,"METHOD_G_adaptive_winsor"
2025-02-01,"saint vincent","Saint-Vincent",7438.04803089855,"METHOD_G_adaptive_winsor"
2025-03-01,"saint vincent","Saint-Vincent",7247.77745803592,"METHOD_G_adaptive_winsor"
2025-04-01,"saint vincent","Saint-Vincent",5225.15485980028,"METHOD_G_adaptive_winsor"
2025-05-01,"saint vincent","Saint-Vincent",5834.4769902173,"METHOD_G_adaptive_winsor"
2025-06-01,"saint vincent","Saint-Vincent",7154.25838764188,"METHOD_G_adaptive_winsor"
2025-07-01,"saint vincent","Saint-Vincent",8192.17773601436,"METHOD_G_adaptive_winsor"
2025-08-01,"saint vincent","Saint-Vincent",8862.10170242776,"METHOD_G_adaptive_winsor"
2025-09-01,"saint vincent","Saint-Vincent",6226.47910230378,"METHOD_G_adaptive_winsor"
2025-01-01,"sarre","Sarre",1686.23366073116,"METHOD_G_adaptive_winsor"
2025-02-01,"sarre","Sarre",1544.4766163934,"METHOD_G_adaptive_winsor"
2025-03-01,"sarre","Sarre",1251.32622720335,"METHOD_G_adaptive_winsor"
2025-04-01,"sarre","Sarre",783.286788247169,"METHOD_G_adaptive_winsor"
2025-05-01,"sarre","Sarre",1878.36384499729,"METHOD_G_adaptive_winsor"
2025-06-01,"sarre","Sarre",3245.06759555885,"METHOD_G_adaptive_winsor"
2025-07-01,"sarre","Sarre",5126.19727820958,"METHOD_G_adaptive_winsor"
2025-08-01,"sarre","Sarre",3910.89142334201,"METHOD_G_adaptive_winsor"
2025-09-01,"sarre","Sarre",2119.11323020556,"METHOD_G_adaptive_winsor"
2025-01-01,"torgnon","Torgnon",3022.44161982864,"METHOD_G_adaptive_winsor"
2025-02-01,"torgnon","Torgnon",2733.30706495691,"METHOD_G_adaptive_winsor"
2025-03-01,"torgnon","Torgnon",1955.41347561364,"METHOD_G_adaptive_winsor"
2025-04-01,"torgnon","Torgnon",304.080444600843,"METHOD_G_adaptive_winsor"
2025-05-01,"torgnon","Torgnon",167.834253073905,"METHOD_G_adaptive_winsor"
2025-06-01,"torgnon","Torgnon",896.603950936777,"METHOD_G_adaptive_winsor"
2025-07-01,"torgnon","Torgnon",2584.5065038375,"METHOD_G_adaptive_winsor"
2025-08-01,"torgnon","Torgnon",2138.42866938256,"METHOD_G_adaptive_winsor"
2025-09-01,"torgnon","Torgnon",433.419270090168,"METHOD_G_adaptive_winsor"
2025-01-01,"valgrisenche","Valgrisenche",631.222120809529,"METHOD_G_adaptive_winsor"
2025-02-01,"valgrisenche","Valgrisenche",538.877269660171,"METHOD_G_adaptive_winsor"
2025-03-01,"valgrisenche","Valgrisenche",508.851060073033,"METHOD_G_adaptive_winsor"
2025-04-01,"valgrisenche","Valgrisenche",311.874723710641,"METHOD_G_adaptive_winsor"
2025-05-01,"valgrisenche","Valgrisenche",127.26213921647,"METHOD_G_adaptive_winsor"
2025-06-01,"valgrisenche","Valgrisenche",517.021275698425,"METHOD_G_adaptive_winsor"
2025-07-01,"valgrisenche","Valgrisenche",3361.16395171382,"METHOD_G_adaptive_winsor"
2025-08-01,"valgrisenche","Valgrisenche",3514.15741139988,"METHOD_G_adaptive_winsor"
2025-09-01,"valgrisenche","Valgrisenche",798.021631752291,"METHOD_G_adaptive_winsor"
2025-01-01,"valpelline","Valpelline",240.040838509378,"METHOD_G_adaptive_winsor"
2025-02-01,"valpelline","Valpelline",328.9423780818,"METHOD_G_adaptive_winsor"
2025-03-01,"valpelline","Valpelline",255.232433737885,"METHOD_G_adaptive_winsor"
2025-04-01,"valpelline","Valpelline",193.900716018682,"METHOD_G_adaptive_winsor"
2025-05-01,"valpelline","Valpelline",249.810999694007,"METHOD_G_adaptive_winsor"
2025-06-01,"valpelline","Valpelline",494.499030361119,"METHOD_G_adaptive_winsor"
2025-07-01,"valpelline","Valpelline",1281.43240210768,"METHOD_G_adaptive_winsor"
2025-08-01,"valpelline","Valpelline",1886.54848227254,"METHOD_G_adaptive_winsor"
2025-09-01,"valpelline","Valpelline",328.674113038824,"METHOD_G_adaptive_winsor"
2025-01-01,"valsavarenche","Valsavarenche",200.594522455234,"METHOD_G_adaptive_winsor"
2025-02-01,"valsavarenche","Valsavarenche",228.622812217869,"METHOD_G_adaptive_winsor"
2025-03-01,"valsavarenche","Valsavarenche",204.057021790062,"METHOD_G_adaptive_winsor"
2025-04-01,"valsavarenche","Valsavarenche",1555.84846525301,"METHOD_G_adaptive_winsor"
2025-05-01,"valsavarenche","Valsavarenche",780.248845004075,"METHOD_G_adaptive_winsor"
2025-06-01,"valsavarenche","Valsavarenche",4202.93351184586,"METHOD_G_adaptive_winsor"
2025-07-01,"valsavarenche","Valsavarenche",8899.55115954837,"METHOD_G_adaptive_winsor"
2025-08-01,"valsavarenche","Valsavarenche",8579.7829367571,"METHOD_G_adaptive_winsor"
2025-09-01,"valsavarenche","Valsavarenche",2264.58572648584,"METHOD_G_adaptive_winsor"
2025-01-01,"valtournenche","Valtournenche",25086.3398478567,"METHOD_G_adaptive_winsor"
2025-02-01,"valtournenche","Valtournenche",23376.0896644095,"METHOD_G_adaptive_winsor"
2025-03-01,"valtournenche","Valtournenche",25833.028694514,"METHOD_G_adaptive_winsor"
2025-04-01,"valtournenche","Valtournenche",13141.3489929044,"METHOD_G_adaptive_winsor"
2025-05-01,"valtournenche","Valtournenche",1901.95916372872,"METHOD_G_adaptive_winsor"
2025-06-01,"valtournenche","Valtournenche",4026.24920368501,"METHOD_G_adaptive_winsor"
2025-07-01,"valtournenche","Valtournenche",17460.1281624178,"METHOD_G_adaptive_winsor"
2025-08-01,"valtournenche","Valtournenche",20247.8457222664,"METHOD_G_adaptive_winsor"
2025-09-01,"valtournenche","Valtournenche",3278.16005784958,"METHOD_G_adaptive_winsor"
2025-01-01,"verrayes","Verrayes",661.312122970235,"METHOD_G_adaptive_winsor"
2025-02-01,"verrayes","Verrayes",397.206868331662,"METHOD_G_adaptive_winsor"
2025-03-01,"verrayes","Verrayes",528.42673278749,"METHOD_G_adaptive_winsor"
2025-04-01,"verrayes","Verrayes",260.996222470793,"METHOD_G_adaptive_winsor"
2025-05-01,"verrayes","Verrayes",177.923167244852,"METHOD_G_adaptive_winsor"
2025-06-01,"verrayes","Verrayes",346.152976906262,"METHOD_G_adaptive_winsor"
2025-07-01,"verrayes","Verrayes",710.712074451383,"METHOD_G_adaptive_winsor"
2025-08-01,"verrayes","Verrayes",715.673227383143,"METHOD_G_adaptive_winsor"
2025-09-01,"verrayes","Verrayes",201.564653284434,"METHOD_G_adaptive_winsor"
2025-01-01,"verres","Verrès",176.299875249121,"METHOD_G_adaptive_winsor"
2025-02-01,"verres","Verrès",88.8075279938019,"METHOD_G_adaptive_winsor"
2025-03-01,"verres","Verrès",63.7572143855881,"METHOD_G_adaptive_winsor"
2025-04-01,"verres","Verrès",141.910097016541,"METHOD_G_adaptive_winsor"
2025-05-01,"verres","Verrès",160.369060989775,"METHOD_G_adaptive_winsor"
2025-06-01,"verres","Verrès",291.082084840144,"METHOD_G_adaptive_winsor"
2025-07-01,"verres","Verrès",350.418748547411,"METHOD_G_adaptive_winsor"
2025-08-01,"verres","Verrès",417.909173906704,"METHOD_G_adaptive_winsor"
2025-09-01,"verres","Verrès",282.949645367481,"METHOD_G_adaptive_winsor"
2025-01-01,"villeneuve","Villeneuve",360.612244352449,"METHOD_G_adaptive_winsor"
2025-02-01,"villeneuve","Villeneuve",543.445901319171,"METHOD_G_adaptive_winsor"
2025-03-01,"villeneuve","Villeneuve",529.535393118957,"METHOD_G_adaptive_winsor"
2025-04-01,"villeneuve","Villeneuve",227.214315863596,"METHOD_G_adaptive_winsor"
2025-05-01,"villeneuve","Villeneuve",223.894380731926,"METHOD_G_adaptive_winsor"
2025-06-01,"villeneuve","Villeneuve",288.907880176345,"METHOD_G_adaptive_winsor"
2025-07-01,"villeneuve","Villeneuve",305.18189366912,"METHOD_G_adaptive_winsor"
2025-08-01,"villeneuve","Villeneuve",404.407675633051,"METHOD_G_adaptive_winsor"
2025-09-01,"villeneuve","Villeneuve",200.490602921601,"METHOD_G_adaptive_winsor"
2025-01-01,"allein","Allein",21.4050966472641,"METHOD_H_volume_shrinkage"
2025-02-01,"allein","Allein",17.2722848355149,"METHOD_H_volume_shrinkage"
2025-03-01,"allein","Allein",16.19809187287,"METHOD_H_volume_shrinkage"
2025-04-01,"allein","Allein",9.6732165173498,"METHOD_H_volume_shrinkage"
2025-05-01,"allein","Allein",6.38593922441014,"METHOD_H_volume_shrinkage"
2025-06-01,"allein","Allein",18.881567037134,"METHOD_H_volume_shrinkage"
2025-07-01,"allein","Allein",42.2138631144499,"METHOD_H_volume_shrinkage"
2025-08-01,"allein","Allein",44.3415350056507,"METHOD_H_volume_shrinkage"
2025-09-01,"allein","Allein",13.4299885387512,"METHOD_H_volume_shrinkage"
2025-01-01,"antey saint andre","Antey-Saint-André",2662.36839494445,"METHOD_H_volume_shrinkage"
2025-02-01,"antey saint andre","Antey-Saint-André",2736.45354475669,"METHOD_H_volume_shrinkage"
2025-03-01,"antey saint andre","Antey-Saint-André",2356.26592527661,"METHOD_H_volume_shrinkage"
2025-04-01,"antey saint andre","Antey-Saint-André",1176.88130156397,"METHOD_H_volume_shrinkage"
2025-05-01,"antey saint andre","Antey-Saint-André",411.111639403045,"METHOD_H_volume_shrinkage"
2025-06-01,"antey saint andre","Antey-Saint-André",1578.2792588228,"METHOD_H_volume_shrinkage"
2025-07-01,"antey saint andre","Antey-Saint-André",3165.45536104946,"METHOD_H_volume_shrinkage"
2025-08-01,"antey saint andre","Antey-Saint-André",3539.18530781889,"METHOD_H_volume_shrinkage"
2025-09-01,"antey saint andre","Antey-Saint-André",1218.34993937389,"METHOD_H_volume_shrinkage"
2025-01-01,"aosta","Aosta",11912.1961919445,"METHOD_H_volume_shrinkage"
2025-02-01,"aosta","Aosta",10996.109535441,"METHOD_H_volume_shrinkage"
2025-03-01,"aosta","Aosta",9797.69764327301,"METHOD_H_volume_shrinkage"
2025-04-01,"aosta","Aosta",9688.23194138781,"METHOD_H_volume_shrinkage"
2025-05-01,"aosta","Aosta",12809.5131019391,"METHOD_H_volume_shrinkage"
2025-06-01,"aosta","Aosta",12626.2732292524,"METHOD_H_volume_shrinkage"
2025-07-01,"aosta","Aosta",17112.8037235082,"METHOD_H_volume_shrinkage"
2025-08-01,"aosta","Aosta",17481.2611548137,"METHOD_H_volume_shrinkage"
2025-09-01,"aosta","Aosta",12360.6601761062,"METHOD_H_volume_shrinkage"
2025-01-01,"arnad","Arnad",290.292688888395,"METHOD_H_volume_shrinkage"
2025-02-01,"arnad","Arnad",286.422094521314,"METHOD_H_volume_shrinkage"
2025-03-01,"arnad","Arnad",284.049390563985,"METHOD_H_volume_shrinkage"
2025-04-01,"arnad","Arnad",212.345282159038,"METHOD_H_volume_shrinkage"
2025-05-01,"arnad","Arnad",335.626841033921,"METHOD_H_volume_shrinkage"
2025-06-01,"arnad","Arnad",429.343717875101,"METHOD_H_volume_shrinkage"
2025-07-01,"arnad","Arnad",621.561011725785,"METHOD_H_volume_shrinkage"
2025-08-01,"arnad","Arnad",716.521267396088,"METHOD_H_volume_shrinkage"
2025-09-01,"arnad","Arnad",303.991062668207,"METHOD_H_volume_shrinkage"
2025-01-01,"arvier","Arvier",731.288036195454,"METHOD_H_volume_shrinkage"
2025-02-01,"arvier","Arvier",876.195947443453,"METHOD_H_volume_shrinkage"
2025-03-01,"arvier","Arvier",596.260155449407,"METHOD_H_volume_shrinkage"
2025-04-01,"arvier","Arvier",401.757672715034,"METHOD_H_volume_shrinkage"
2025-05-01,"arvier","Arvier",284.11943959358,"METHOD_H_volume_shrinkage"
2025-06-01,"arvier","Arvier",743.714725424241,"METHOD_H_volume_shrinkage"
2025-07-01,"arvier","Arvier",2431.72713309544,"METHOD_H_volume_shrinkage"
2025-08-01,"arvier","Arvier",2633.58471163049,"METHOD_H_volume_shrinkage"
2025-09-01,"arvier","Arvier",611.030940415129,"METHOD_H_volume_shrinkage"
2025-01-01,"avise","Avise",91.5414631197735,"METHOD_H_volume_shrinkage"
2025-02-01,"avise","Avise",97.4368514958017,"METHOD_H_volume_shrinkage"
2025-03-01,"avise","Avise",81.1917624572262,"METHOD_H_volume_shrinkage"
2025-04-01,"avise","Avise",32.2401833394159,"METHOD_H_volume_shrinkage"
2025-05-01,"avise","Avise",28.4783920952415,"METHOD_H_volume_shrinkage"
2025-06-01,"avise","Avise",88.4928118255023,"METHOD_H_volume_shrinkage"
2025-07-01,"avise","Avise",182.667243478133,"METHOD_H_volume_shrinkage"
2025-08-01,"avise","Avise",185.607752979015,"METHOD_H_volume_shrinkage"
2025-09-01,"avise","Avise",78.9054485273098,"METHOD_H_volume_shrinkage"
2025-01-01,"ayas","Ayas",12539.9665941921,"METHOD_H_volume_shrinkage"
2025-02-01,"ayas","Ayas",11010.6672682537,"METHOD_H_volume_shrinkage"
2025-03-01,"ayas","Ayas",9432.65799176933,"METHOD_H_volume_shrinkage"
2025-04-01,"ayas","Ayas",2301.79843680774,"METHOD_H_volume_shrinkage"
2025-05-01,"ayas","Ayas",792.873511580216,"METHOD_H_volume_shrinkage"
2025-06-01,"ayas","Ayas",5504.36959543112,"METHOD_H_volume_shrinkage"
2025-07-01,"ayas","Ayas",12805.5220468547,"METHOD_H_volume_shrinkage"
2025-08-01,"ayas","Ayas",13080.3527059633,"METHOD_H_volume_shrinkage"
2025-09-01,"ayas","Ayas",4914.0192553472,"METHOD_H_volume_shrinkage"
2025-01-01,"aymavilles","Aymavilles",573.222561451741,"METHOD_H_volume_shrinkage"
2025-02-01,"aymavilles","Aymavilles",555.995606374714,"METHOD_H_volume_shrinkage"
2025-03-01,"aymavilles","Aymavilles",353.537592686905,"METHOD_H_volume_shrinkage"
2025-04-01,"aymavilles","Aymavilles",292.092403049642,"METHOD_H_volume_shrinkage"
2025-05-01,"aymavilles","Aymavilles",243.444059969509,"METHOD_H_volume_shrinkage"
2025-06-01,"aymavilles","Aymavilles",443.117809804707,"METHOD_H_volume_shrinkage"
2025-07-01,"aymavilles","Aymavilles",1058.25030965794,"METHOD_H_volume_shrinkage"
2025-08-01,"aymavilles","Aymavilles",1205.19183528299,"METHOD_H_volume_shrinkage"
2025-09-01,"aymavilles","Aymavilles",361.545251245235,"METHOD_H_volume_shrinkage"
2025-01-01,"bard","Bard",633.412914864475,"METHOD_H_volume_shrinkage"
2025-02-01,"bard","Bard",552.135716500092,"METHOD_H_volume_shrinkage"
2025-03-01,"bard","Bard",381.916520621681,"METHOD_H_volume_shrinkage"
2025-04-01,"bard","Bard",319.363570332125,"METHOD_H_volume_shrinkage"
2025-05-01,"bard","Bard",585.454391676345,"METHOD_H_volume_shrinkage"
2025-06-01,"bard","Bard",371.593929368193,"METHOD_H_volume_shrinkage"
2025-07-01,"bard","Bard",927.428721511344,"METHOD_H_volume_shrinkage"
2025-08-01,"bard","Bard",1164.32034021987,"METHOD_H_volume_shrinkage"
2025-09-01,"bard","Bard",620.734426268127,"METHOD_H_volume_shrinkage"
2025-01-01,"bionaz","Bionaz",229.243647670287,"METHOD_H_volume_shrinkage"
2025-02-01,"bionaz","Bionaz",192.027533885067,"METHOD_H_volume_shrinkage"
2025-03-01,"bionaz","Bionaz",430.101187704508,"METHOD_H_volume_shrinkage"
2025-04-01,"bionaz","Bionaz",584.73035896127,"METHOD_H_volume_shrinkage"
2025-05-01,"bionaz","Bionaz",188.578940610441,"METHOD_H_volume_shrinkage"
2025-06-01,"bionaz","Bionaz",588.582317613396,"METHOD_H_volume_shrinkage"
2025-07-01,"bionaz","Bionaz",2432.92479042468,"METHOD_H_volume_shrinkage"
2025-08-01,"bionaz","Bionaz",2666.29207105389,"METHOD_H_volume_shrinkage"
2025-09-01,"bionaz","Bionaz",509.023184138148,"METHOD_H_volume_shrinkage"
2025-01-01,"brissogne","Brissogne",77.535999629677,"METHOD_H_volume_shrinkage"
2025-02-01,"brissogne","Brissogne",64.2754180726934,"METHOD_H_volume_shrinkage"
2025-03-01,"brissogne","Brissogne",56.8674433308449,"METHOD_H_volume_shrinkage"
2025-04-01,"brissogne","Brissogne",42.2263168768951,"METHOD_H_volume_shrinkage"
2025-05-01,"brissogne","Brissogne",34.803824175648,"METHOD_H_volume_shrinkage"
2025-06-01,"brissogne","Brissogne",62.188627205521,"METHOD_H_volume_shrinkage"
2025-07-01,"brissogne","Brissogne",109.468229576586,"METHOD_H_volume_shrinkage"
2025-08-01,"brissogne","Brissogne",110.207830731599,"METHOD_H_volume_shrinkage"
2025-09-01,"brissogne","Brissogne",47.3860560293483,"METHOD_H_volume_shrinkage"
2025-01-01,"brusson","Brusson",3237.30574949381,"METHOD_H_volume_shrinkage"
2025-02-01,"brusson","Brusson",3680.56630992955,"METHOD_H_volume_shrinkage"
2025-03-01,"brusson","Brusson",2175.80712555991,"METHOD_H_volume_shrinkage"
2025-04-01,"brusson","Brusson",914.492701374217,"METHOD_H_volume_shrinkage"
2025-05-01,"brusson","Brusson",518.215672352691,"METHOD_H_volume_shrinkage"
2025-06-01,"brusson","Brusson",2429.03752777837,"METHOD_H_volume_shrinkage"
2025-07-01,"brusson","Brusson",4816.44440906552,"METHOD_H_volume_shrinkage"
2025-08-01,"brusson","Brusson",5001.43080128588,"METHOD_H_volume_shrinkage"
2025-09-01,"brusson","Brusson",1906.22478856201,"METHOD_H_volume_shrinkage"
2025-01-01,"challand saint anselme","Challand-Saint-Anselme",591.258326311679,"METHOD_H_volume_shrinkage"
2025-02-01,"challand saint anselme","Challand-Saint-Anselme",546.267655965702,"METHOD_H_volume_shrinkage"
2025-03-01,"challand saint anselme","Challand-Saint-Anselme",398.063472804856,"METHOD_H_volume_shrinkage"
2025-04-01,"challand saint anselme","Challand-Saint-Anselme",271.192733496685,"METHOD_H_volume_shrinkage"
2025-05-01,"challand saint anselme","Challand-Saint-Anselme",217.72950507872,"METHOD_H_volume_shrinkage"
2025-06-01,"challand saint anselme","Challand-Saint-Anselme",598.158075744039,"METHOD_H_volume_shrinkage"
2025-07-01,"challand saint anselme","Challand-Saint-Anselme",971.811574451268,"METHOD_H_volume_shrinkage"
2025-08-01,"challand saint anselme","Challand-Saint-Anselme",985.798324273095,"METHOD_H_volume_shrinkage"
2025-09-01,"challand saint anselme","Challand-Saint-Anselme",462.356885179842,"METHOD_H_volume_shrinkage"
2025-01-01,"challand saint victor","Challand-Saint-Victor",91.1315170323995,"METHOD_H_volume_shrinkage"
2025-02-01,"challand saint victor","Challand-Saint-Victor",76.2789805889968,"METHOD_H_volume_shrinkage"
2025-03-01,"challand saint victor","Challand-Saint-Victor",67.0064477381129,"METHOD_H_volume_shrinkage"
2025-04-01,"challand saint victor","Challand-Saint-Victor",47.7702307147866,"METHOD_H_volume_shrinkage"
2025-05-01,"challand saint victor","Challand-Saint-Victor",41.8134455050709,"METHOD_H_volume_shrinkage"
2025-06-01,"challand saint victor","Challand-Saint-Victor",68.2262462631432,"METHOD_H_volume_shrinkage"
2025-07-01,"challand saint victor","Challand-Saint-Victor",117.736167066486,"METHOD_H_volume_shrinkage"
2025-08-01,"challand saint victor","Challand-Saint-Victor",119.368753959521,"METHOD_H_volume_shrinkage"
2025-09-01,"challand saint victor","Challand-Saint-Victor",45.2470319072447,"METHOD_H_volume_shrinkage"
2025-01-01,"chambave","Chambave",144.172709509947,"METHOD_H_volume_shrinkage"
2025-02-01,"chambave","Chambave",131.311725448244,"METHOD_H_volume_shrinkage"
2025-03-01,"chambave","Chambave",127.505873207447,"METHOD_H_volume_shrinkage"
2025-04-01,"chambave","Chambave",84.7889117704797,"METHOD_H_volume_shrinkage"
2025-05-01,"chambave","Chambave",94.9554653074816,"METHOD_H_volume_shrinkage"
2025-06-01,"chambave","Chambave",131.147885007405,"METHOD_H_volume_shrinkage"
2025-07-01,"chambave","Chambave",193.2784010921,"METHOD_H_volume_shrinkage"
2025-08-01,"chambave","Chambave",217.978051209767,"METHOD_H_volume_shrinkage"
2025-09-01,"chambave","Chambave",108.809769755698,"METHOD_H_volume_shrinkage"
2025-01-01,"chamois","Chamois",726.142746001484,"METHOD_H_volume_shrinkage"
2025-02-01,"chamois","Chamois",734.956076282806,"METHOD_H_volume_shrinkage"
2025-03-01,"chamois","Chamois",573.03946636715,"METHOD_H_volume_shrinkage"
2025-04-01,"chamois","Chamois",72.5995301985345,"METHOD_H_volume_shrinkage"
2025-05-01,"chamois","Chamois",35.7713915741336,"METHOD_H_volume_shrinkage"
2025-06-01,"chamois","Chamois",203.176768761278,"METHOD_H_volume_shrinkage"
2025-07-01,"chamois","Chamois",621.526099998679,"METHOD_H_volume_shrinkage"
2025-08-01,"chamois","Chamois",784.955568980736,"METHOD_H_volume_shrinkage"
2025-09-01,"chamois","Chamois",235.589162122772,"METHOD_H_volume_shrinkage"
2025-01-01,"champdepraz","Champdepraz",327.654629250929,"METHOD_H_volume_shrinkage"
2025-02-01,"champdepraz","Champdepraz",277.920897216981,"METHOD_H_volume_shrinkage"
2025-03-01,"champdepraz","Champdepraz",210.098170323406,"METHOD_H_volume_shrinkage"
2025-04-01,"champdepraz","Champdepraz",173.498238597278,"METHOD_H_volume_shrinkage"
2025-05-01,"champdepraz","Champdepraz",57.6560734894327,"METHOD_H_volume_shrinkage"
2025-06-01,"champdepraz","Champdepraz",208.13169301305,"METHOD_H_volume_shrinkage"
2025-07-01,"champdepraz","Champdepraz",341.966077864007,"METHOD_H_volume_shrinkage"
2025-08-01,"champdepraz","Champdepraz",359.82960525982,"METHOD_H_volume_shrinkage"
2025-09-01,"champdepraz","Champdepraz",222.271926877064,"METHOD_H_volume_shrinkage"
2025-01-01,"champorcher","Champorcher",816.083917148964,"METHOD_H_volume_shrinkage"
2025-02-01,"champorcher","Champorcher",806.501615737919,"METHOD_H_volume_shrinkage"
2025-03-01,"champorcher","Champorcher",274.494907473328,"METHOD_H_volume_shrinkage"
2025-04-01,"champorcher","Champorcher",137.09212556383,"METHOD_H_volume_shrinkage"
2025-05-01,"champorcher","Champorcher",97.2682106904156,"METHOD_H_volume_shrinkage"
2025-06-01,"champorcher","Champorcher",324.076563603573,"METHOD_H_volume_shrinkage"
2025-07-01,"champorcher","Champorcher",1594.78194286518,"METHOD_H_volume_shrinkage"
2025-08-01,"champorcher","Champorcher",1548.34757112085,"METHOD_H_volume_shrinkage"
2025-09-01,"champorcher","Champorcher",335.644745616548,"METHOD_H_volume_shrinkage"
2025-01-01,"charvensod","Charvensod",1552.98789238473,"METHOD_H_volume_shrinkage"
2025-02-01,"charvensod","Charvensod",1473.18246190255,"METHOD_H_volume_shrinkage"
2025-03-01,"charvensod","Charvensod",1514.74579908616,"METHOD_H_volume_shrinkage"
2025-04-01,"charvensod","Charvensod",1323.64351313143,"METHOD_H_volume_shrinkage"
2025-05-01,"charvensod","Charvensod",1919.68686589089,"METHOD_H_volume_shrinkage"
2025-06-01,"charvensod","Charvensod",1911.26864458541,"METHOD_H_volume_shrinkage"
2025-07-01,"charvensod","Charvensod",2904.28227010193,"METHOD_H_volume_shrinkage"
2025-08-01,"charvensod","Charvensod",3002.4748077412,"METHOD_H_volume_shrinkage"
2025-09-01,"charvensod","Charvensod",1956.57455795898,"METHOD_H_volume_shrinkage"
2025-01-01,"chatillon","Châtillon",3526.4817354935,"METHOD_H_volume_shrinkage"
2025-02-01,"chatillon","Châtillon",3159.16748809528,"METHOD_H_volume_shrinkage"
2025-03-01,"chatillon","Châtillon",2607.51494385105,"METHOD_H_volume_shrinkage"
2025-04-01,"chatillon","Châtillon",2603.21187882174,"METHOD_H_volume_shrinkage"
2025-05-01,"chatillon","Châtillon",2601.57145166066,"METHOD_H_volume_shrinkage"
2025-06-01,"chatillon","Châtillon",3093.92299191891,"METHOD_H_volume_shrinkage"
2025-07-01,"chatillon","Châtillon",3965.72896025894,"METHOD_H_volume_shrinkage"
2025-08-01,"chatillon","Châtillon",4163.3936807972,"METHOD_H_volume_shrinkage"
2025-09-01,"chatillon","Châtillon",2830.1003950629,"METHOD_H_volume_shrinkage"
2025-01-01,"cogne","Cogne",8748.57676446505,"METHOD_H_volume_shrinkage"
2025-02-01,"cogne","Cogne",7795.91206780889,"METHOD_H_volume_shrinkage"
2025-03-01,"cogne","Cogne",4915.74246072559,"METHOD_H_volume_shrinkage"
2025-04-01,"cogne","Cogne",1664.77141908347,"METHOD_H_volume_shrinkage"
2025-05-01,"cogne","Cogne",3164.15235596782,"METHOD_H_volume_shrinkage"
2025-06-01,"cogne","Cogne",6984.83744903847,"METHOD_H_volume_shrinkage"
2025-07-01,"cogne","Cogne",7297.36782708145,"METHOD_H_volume_shrinkage"
2025-08-01,"cogne","Cogne",12095.5512803199,"METHOD_H_volume_shrinkage"
2025-09-01,"cogne","Cogne",7147.28760841402,"METHOD_H_volume_shrinkage"
2025-01-01,"courmayeur","Courmayeur",24864.8774517471,"METHOD_H_volume_shrinkage"
2025-02-01,"courmayeur","Courmayeur",21962.9205035849,"METHOD_H_volume_shrinkage"
2025-03-01,"courmayeur","Courmayeur",19432.9730167995,"METHOD_H_volume_shrinkage"
2025-04-01,"courmayeur","Courmayeur",5247.39614898643,"METHOD_H_volume_shrinkage"
2025-05-01,"courmayeur","Courmayeur",2608.59404158964,"METHOD_H_volume_shrinkage"
2025-06-01,"courmayeur","Courmayeur",28008.8755292377,"METHOD_H_volume_shrinkage"
2025-07-01,"courmayeur","Courmayeur",53782.2436953819,"METHOD_H_volume_shrinkage"
2025-08-01,"courmayeur","Courmayeur",50645.7874768628,"METHOD_H_volume_shrinkage"
2025-09-01,"courmayeur","Courmayeur",23764.056851946,"METHOD_H_volume_shrinkage"
2025-01-01,"donnas","Donnas",200.573106068496,"METHOD_H_volume_shrinkage"
2025-02-01,"donnas","Donnas",180.54443028128,"METHOD_H_volume_shrinkage"
2025-03-01,"donnas","Donnas",138.404285062174,"METHOD_H_volume_shrinkage"
2025-04-01,"donnas","Donnas",184.026170085218,"METHOD_H_volume_shrinkage"
2025-05-01,"donnas","Donnas",194.91910188536,"METHOD_H_volume_shrinkage"
2025-06-01,"donnas","Donnas",243.451430824925,"METHOD_H_volume_shrinkage"
2025-07-01,"donnas","Donnas",440.437117944992,"METHOD_H_volume_shrinkage"
2025-08-01,"donnas","Donnas",469.616682680453,"METHOD_H_volume_shrinkage"
2025-09-01,"donnas","Donnas",163.500139627287,"METHOD_H_volume_shrinkage"
2025-01-01,"doues","Doues",169.605990159455,"METHOD_H_volume_shrinkage"
2025-02-01,"doues","Doues",168.296769380041,"METHOD_H_volume_shrinkage"
2025-03-01,"doues","Doues",120.795106673749,"METHOD_H_volume_shrinkage"
2025-04-01,"doues","Doues",86.0314681557747,"METHOD_H_volume_shrinkage"
2025-05-01,"doues","Doues",63.2298950061653,"METHOD_H_volume_shrinkage"
2025-06-01,"doues","Doues",186.395522989574,"METHOD_H_volume_shrinkage"
2025-07-01,"doues","Doues",545.869852970813,"METHOD_H_volume_shrinkage"
2025-08-01,"doues","Doues",539.606447092387,"METHOD_H_volume_shrinkage"
2025-09-01,"doues","Doues",252.722936589763,"METHOD_H_volume_shrinkage"
2025-01-01,"emarese","Emarèse",56.6070081532516,"METHOD_H_volume_shrinkage"
2025-02-01,"emarese","Emarèse",49.1408044506026,"METHOD_H_volume_shrinkage"
2025-03-01,"emarese","Emarèse",46.8453102487571,"METHOD_H_volume_shrinkage"
2025-04-01,"emarese","Emarèse",19.5866974636485,"METHOD_H_volume_shrinkage"
2025-05-01,"emarese","Emarèse",24.7439232708403,"METHOD_H_volume_shrinkage"
2025-06-01,"emarese","Emarèse",37.868241789552,"METHOD_H_volume_shrinkage"
2025-07-01,"emarese","Emarèse",87.8814598886759,"METHOD_H_volume_shrinkage"
2025-08-01,"emarese","Emarèse",96.9141698816693,"METHOD_H_volume_shrinkage"
2025-09-01,"emarese","Emarèse",32.509583664347,"METHOD_H_volume_shrinkage"
2025-01-01,"etroubles","Etroubles",765.051452097102,"METHOD_H_volume_shrinkage"
2025-02-01,"etroubles","Etroubles",861.443233178147,"METHOD_H_volume_shrinkage"
2025-03-01,"etroubles","Etroubles",531.579620599063,"METHOD_H_volume_shrinkage"
2025-04-01,"etroubles","Etroubles",339.32552148938,"METHOD_H_volume_shrinkage"
2025-05-01,"etroubles","Etroubles",611.667039347403,"METHOD_H_volume_shrinkage"
2025-06-01,"etroubles","Etroubles",1694.95605419757,"METHOD_H_volume_shrinkage"
2025-07-01,"etroubles","Etroubles",3501.45302941578,"METHOD_H_volume_shrinkage"
2025-08-01,"etroubles","Etroubles",3447.46445686425,"METHOD_H_volume_shrinkage"
2025-09-01,"etroubles","Etroubles",1864.03690304547,"METHOD_H_volume_shrinkage"
2025-01-01,"fenis","Fénis",750.979540105271,"METHOD_H_volume_shrinkage"
2025-02-01,"fenis","Fénis",673.996698778447,"METHOD_H_volume_shrinkage"
2025-03-01,"fenis","Fénis",606.042915924038,"METHOD_H_volume_shrinkage"
2025-04-01,"fenis","Fénis",545.613918394548,"METHOD_H_volume_shrinkage"
2025-05-01,"fenis","Fénis",716.411857959339,"METHOD_H_volume_shrinkage"
2025-06-01,"fenis","Fénis",818.743155887099,"METHOD_H_volume_shrinkage"
2025-07-01,"fenis","Fénis",1282.8137874567,"METHOD_H_volume_shrinkage"
2025-08-01,"fenis","Fénis",1372.74014515228,"METHOD_H_volume_shrinkage"
2025-09-01,"fenis","Fénis",689.213156603426,"METHOD_H_volume_shrinkage"
2025-01-01,"fontainemore","Fontainemore",116.807922420495,"METHOD_H_volume_shrinkage"
2025-02-01,"fontainemore","Fontainemore",110.149157673771,"METHOD_H_volume_shrinkage"
2025-03-01,"fontainemore","Fontainemore",79.4692525401129,"METHOD_H_volume_shrinkage"
2025-04-01,"fontainemore","Fontainemore",57.0026882927717,"METHOD_H_volume_shrinkage"
2025-05-01,"fontainemore","Fontainemore",42.0866367295123,"METHOD_H_volume_shrinkage"
2025-06-01,"fontainemore","Fontainemore",170.182838187247,"METHOD_H_volume_shrinkage"
2025-07-01,"fontainemore","Fontainemore",542.292034901473,"METHOD_H_volume_shrinkage"
2025-08-01,"fontainemore","Fontainemore",721.07796900502,"METHOD_H_volume_shrinkage"
2025-09-01,"fontainemore","Fontainemore",208.043138613327,"METHOD_H_volume_shrinkage"
2025-01-01,"gaby","Gaby",898.031667284742,"METHOD_H_volume_shrinkage"
2025-02-01,"gaby","Gaby",787.746886778588,"METHOD_H_volume_shrinkage"
2025-03-01,"gaby","Gaby",488.708217814653,"METHOD_H_volume_shrinkage"
2025-04-01,"gaby","Gaby",283.480224084451,"METHOD_H_volume_shrinkage"
2025-05-01,"gaby","Gaby",146.631590487564,"METHOD_H_volume_shrinkage"
2025-06-01,"gaby","Gaby",544.364070830259,"METHOD_H_volume_shrinkage"
2025-07-01,"gaby","Gaby",1299.42594090161,"METHOD_H_volume_shrinkage"
2025-08-01,"gaby","Gaby",1262.03658508652,"METHOD_H_volume_shrinkage"
2025-09-01,"gaby","Gaby",413.802750274695,"METHOD_H_volume_shrinkage"
2025-01-01,"gignod","Gignod",584.272431884167,"METHOD_H_volume_shrinkage"
2025-02-01,"gignod","Gignod",460.917745630662,"METHOD_H_volume_shrinkage"
2025-03-01,"gignod","Gignod",368.984242345379,"METHOD_H_volume_shrinkage"
2025-04-01,"gignod","Gignod",267.772628228813,"METHOD_H_volume_shrinkage"
2025-05-01,"gignod","Gignod",373.929519623614,"METHOD_H_volume_shrinkage"
2025-06-01,"gignod","Gignod",640.552077394816,"METHOD_H_volume_shrinkage"
2025-07-01,"gignod","Gignod",1634.67039599332,"METHOD_H_volume_shrinkage"
2025-08-01,"gignod","Gignod",1781.72705841198,"METHOD_H_volume_shrinkage"
2025-09-01,"gignod","Gignod",587.803291269662,"METHOD_H_volume_shrinkage"
2025-01-01,"gressan","Gressan",8275.96338255322,"METHOD_H_volume_shrinkage"
2025-02-01,"gressan","Gressan",7013.91003148818,"METHOD_H_volume_shrinkage"
2025-03-01,"gressan","Gressan",5739.3998391159,"METHOD_H_volume_shrinkage"
2025-04-01,"gressan","Gressan",1102.06698487503,"METHOD_H_volume_shrinkage"
2025-05-01,"gressan","Gressan",444.019874145869,"METHOD_H_volume_shrinkage"
2025-06-01,"gressan","Gressan",1422.72245463943,"METHOD_H_volume_shrinkage"
2025-07-01,"gressan","Gressan",6800.80549791524,"METHOD_H_volume_shrinkage"
2025-08-01,"gressan","Gressan",4925.66969200818,"METHOD_H_volume_shrinkage"
2025-09-01,"gressan","Gressan",625.097361071013,"METHOD_H_volume_shrinkage"
2025-01-01,"gressoney la trinite","Gressoney-La-Trinité",4516.08302923742,"METHOD_H_volume_shrinkage"
2025-02-01,"gressoney la trinite","Gressoney-La-Trinité",5158.38299346763,"METHOD_H_volume_shrinkage"
2025-03-01,"gressoney la trinite","Gressoney-La-Trinité",4802.02351955787,"METHOD_H_volume_shrinkage"
2025-04-01,"gressoney la trinite","Gressoney-La-Trinité",2414.73233857887,"METHOD_H_volume_shrinkage"
2025-05-01,"gressoney la trinite","Gressoney-La-Trinité",129.467027918688,"METHOD_H_volume_shrinkage"
2025-06-01,"gressoney la trinite","Gressoney-La-Trinité",7674.76340239267,"METHOD_H_volume_shrinkage"
2025-07-01,"gressoney la trinite","Gressoney-La-Trinité",16711.5745922321,"METHOD_H_volume_shrinkage"
2025-08-01,"gressoney la trinite","Gressoney-La-Trinité",14228.1195591668,"METHOD_H_volume_shrinkage"
2025-09-01,"gressoney la trinite","Gressoney-La-Trinité",3727.04212361855,"METHOD_H_volume_shrinkage"
2025-01-01,"gressoney saint jean","Gressoney-Saint-Jean",4453.61868676545,"METHOD_H_volume_shrinkage"
2025-02-01,"gressoney saint jean","Gressoney-Saint-Jean",4562.47563380342,"METHOD_H_volume_shrinkage"
2025-03-01,"gressoney saint jean","Gressoney-Saint-Jean",3199.8888742704,"METHOD_H_volume_shrinkage"
2025-04-01,"gressoney saint jean","Gressoney-Saint-Jean",1311.06091821019,"METHOD_H_volume_shrinkage"
2025-05-01,"gressoney saint jean","Gressoney-Saint-Jean",531.4786038916,"METHOD_H_volume_shrinkage"
2025-06-01,"gressoney saint jean","Gressoney-Saint-Jean",3013.75358221845,"METHOD_H_volume_shrinkage"
2025-07-01,"gressoney saint jean","Gressoney-Saint-Jean",5215.1981433312,"METHOD_H_volume_shrinkage"
2025-08-01,"gressoney saint jean","Gressoney-Saint-Jean",5028.43001637035,"METHOD_H_volume_shrinkage"
2025-09-01,"gressoney saint jean","Gressoney-Saint-Jean",1831.66950252187,"METHOD_H_volume_shrinkage"
2025-01-01,"hone","Hône",137.380306222326,"METHOD_H_volume_shrinkage"
2025-02-01,"hone","Hône",124.461550585707,"METHOD_H_volume_shrinkage"
2025-03-01,"hone","Hône",116.829375475518,"METHOD_H_volume_shrinkage"
2025-04-01,"hone","Hône",97.526037392739,"METHOD_H_volume_shrinkage"
2025-05-01,"hone","Hône",69.6446708289874,"METHOD_H_volume_shrinkage"
2025-06-01,"hone","Hône",134.797214039969,"METHOD_H_volume_shrinkage"
2025-07-01,"hone","Hône",239.077116111487,"METHOD_H_volume_shrinkage"
2025-08-01,"hone","Hône",305.955272934006,"METHOD_H_volume_shrinkage"
2025-09-01,"hone","Hône",117.647937519913,"METHOD_H_volume_shrinkage"
2025-01-01,"introd","Introd",430.081237907219,"METHOD_H_volume_shrinkage"
2025-02-01,"introd","Introd",520.598561351263,"METHOD_H_volume_shrinkage"
2025-03-01,"introd","Introd",327.471246206662,"METHOD_H_volume_shrinkage"
2025-04-01,"introd","Introd",254.546092439019,"METHOD_H_volume_shrinkage"
2025-05-01,"introd","Introd",207.461125543369,"METHOD_H_volume_shrinkage"
2025-06-01,"introd","Introd",529.355707080001,"METHOD_H_volume_shrinkage"
2025-07-01,"introd","Introd",965.227259128129,"METHOD_H_volume_shrinkage"
2025-08-01,"introd","Introd",864.81370715266,"METHOD_H_volume_shrinkage"
2025-09-01,"introd","Introd",385.266372642172,"METHOD_H_volume_shrinkage"
2025-01-01,"issime","Issime",107.207123117229,"METHOD_H_volume_shrinkage"
2025-02-01,"issime","Issime",94.1651291974991,"METHOD_H_volume_shrinkage"
2025-03-01,"issime","Issime",79.7081236773313,"METHOD_H_volume_shrinkage"
2025-04-01,"issime","Issime",42.8833782960571,"METHOD_H_volume_shrinkage"
2025-05-01,"issime","Issime",39.415373187964,"METHOD_H_volume_shrinkage"
2025-06-01,"issime","Issime",84.1668038440869,"METHOD_H_volume_shrinkage"
2025-07-01,"issime","Issime",113.718456574947,"METHOD_H_volume_shrinkage"
2025-08-01,"issime","Issime",116.448139593194,"METHOD_H_volume_shrinkage"
2025-09-01,"issime","Issime",63.3306943138281,"METHOD_H_volume_shrinkage"
2025-01-01,"issogne","Issogne",37.1107280121534,"METHOD_H_volume_shrinkage"
2025-02-01,"issogne","Issogne",35.7866539528835,"METHOD_H_volume_shrinkage"
2025-03-01,"issogne","Issogne",31.8512328217633,"METHOD_H_volume_shrinkage"
2025-04-01,"issogne","Issogne",20.4269261835376,"METHOD_H_volume_shrinkage"
2025-05-01,"issogne","Issogne",22.2502124290534,"METHOD_H_volume_shrinkage"
2025-06-01,"issogne","Issogne",28.535089626685,"METHOD_H_volume_shrinkage"
2025-07-01,"issogne","Issogne",57.8097363307171,"METHOD_H_volume_shrinkage"
2025-08-01,"issogne","Issogne",62.6012423178424,"METHOD_H_volume_shrinkage"
2025-09-01,"issogne","Issogne",28.0072045304945,"METHOD_H_volume_shrinkage"
2025-01-01,"jovencan","Jovençan",635.198358687787,"METHOD_H_volume_shrinkage"
2025-02-01,"jovencan","Jovençan",619.87599649979,"METHOD_H_volume_shrinkage"
2025-03-01,"jovencan","Jovençan",581.440395296878,"METHOD_H_volume_shrinkage"
2025-04-01,"jovencan","Jovençan",457.447859657814,"METHOD_H_volume_shrinkage"
2025-05-01,"jovencan","Jovençan",628.56203493206,"METHOD_H_volume_shrinkage"
2025-06-01,"jovencan","Jovençan",624.13698220333,"METHOD_H_volume_shrinkage"
2025-07-01,"jovencan","Jovençan",860.131010250662,"METHOD_H_volume_shrinkage"
2025-08-01,"jovencan","Jovençan",897.68400961363,"METHOD_H_volume_shrinkage"
2025-09-01,"jovencan","Jovençan",572.737741888786,"METHOD_H_volume_shrinkage"
2025-01-01,"la magdeleine","La Magdeleine",99.0984472586893,"METHOD_H_volume_shrinkage"
2025-02-01,"la magdeleine","La Magdeleine",105.348575491867,"METHOD_H_volume_shrinkage"
2025-03-01,"la magdeleine","La Magdeleine",71.889650683342,"METHOD_H_volume_shrinkage"
2025-04-01,"la magdeleine","La Magdeleine",25.5031192262442,"METHOD_H_volume_shrinkage"
2025-05-01,"la magdeleine","La Magdeleine",36.1023015459768,"METHOD_H_volume_shrinkage"
2025-06-01,"la magdeleine","La Magdeleine",69.0031047513865,"METHOD_H_volume_shrinkage"
2025-07-01,"la magdeleine","La Magdeleine",142.421707247462,"METHOD_H_volume_shrinkage"
2025-08-01,"la magdeleine","La Magdeleine",148.837050703227,"METHOD_H_volume_shrinkage"
2025-09-01,"la magdeleine","La Magdeleine",48.0995169937334,"METHOD_H_volume_shrinkage"
2025-01-01,"la salle","La Salle",2649.89657062569,"METHOD_H_volume_shrinkage"
2025-02-01,"la salle","La Salle",2744.09926388274,"METHOD_H_volume_shrinkage"
2025-03-01,"la salle","La Salle",2292.98694875465,"METHOD_H_volume_shrinkage"
2025-04-01,"la salle","La Salle",1307.45781744674,"METHOD_H_volume_shrinkage"
2025-05-01,"la salle","La Salle",978.690217651239,"METHOD_H_volume_shrinkage"
2025-06-01,"la salle","La Salle",1876.53018392757,"METHOD_H_volume_shrinkage"
2025-07-01,"la salle","La Salle",3644.54172133217,"METHOD_H_volume_shrinkage"
2025-08-01,"la salle","La Salle",3784.11974182536,"METHOD_H_volume_shrinkage"
2025-09-01,"la salle","La Salle",1389.03315210032,"METHOD_H_volume_shrinkage"
2025-01-01,"la thuile","La Thuile",10838.4458665577,"METHOD_H_volume_shrinkage"
2025-02-01,"la thuile","La Thuile",9828.05749197885,"METHOD_H_volume_shrinkage"
2025-03-01,"la thuile","La Thuile",9198.75606290231,"METHOD_H_volume_shrinkage"
2025-04-01,"la thuile","La Thuile",1512.15209892446,"METHOD_H_volume_shrinkage"
2025-05-01,"la thuile","La Thuile",85.2166276407208,"METHOD_H_volume_shrinkage"
2025-06-01,"la thuile","La Thuile",5404.8153739778,"METHOD_H_volume_shrinkage"
2025-07-01,"la thuile","La Thuile",12240.120957819,"METHOD_H_volume_shrinkage"
2025-08-01,"la thuile","La Thuile",13699.4766525528,"METHOD_H_volume_shrinkage"
2025-09-01,"la thuile","La Thuile",2834.29523660901,"METHOD_H_volume_shrinkage"
2025-01-01,"lillianes","Lillianes",150.479822712804,"METHOD_H_volume_shrinkage"
2025-02-01,"lillianes","Lillianes",123.502861616929,"METHOD_H_volume_shrinkage"
2025-03-01,"lillianes","Lillianes",105.467613500705,"METHOD_H_volume_shrinkage"
2025-04-01,"lillianes","Lillianes",77.2056819781061,"METHOD_H_volume_shrinkage"
2025-05-01,"lillianes","Lillianes",81.1110394668548,"METHOD_H_volume_shrinkage"
2025-06-01,"lillianes","Lillianes",206.869260053598,"METHOD_H_volume_shrinkage"
2025-07-01,"lillianes","Lillianes",526.012176291563,"METHOD_H_volume_shrinkage"
2025-08-01,"lillianes","Lillianes",508.778077009443,"METHOD_H_volume_shrinkage"
2025-09-01,"lillianes","Lillianes",153.67548166064,"METHOD_H_volume_shrinkage"
2025-01-01,"montjovet","Montjovet",813.28134726424,"METHOD_H_volume_shrinkage"
2025-02-01,"montjovet","Montjovet",699.109809292698,"METHOD_H_volume_shrinkage"
2025-03-01,"montjovet","Montjovet",429.844810728498,"METHOD_H_volume_shrinkage"
2025-04-01,"montjovet","Montjovet",390.2811502481,"METHOD_H_volume_shrinkage"
2025-05-01,"montjovet","Montjovet",404.591756039302,"METHOD_H_volume_shrinkage"
2025-06-01,"montjovet","Montjovet",470.343485626256,"METHOD_H_volume_shrinkage"
2025-07-01,"montjovet","Montjovet",763.880059606483,"METHOD_H_volume_shrinkage"
2025-08-01,"montjovet","Montjovet",1006.40751986934,"METHOD_H_volume_shrinkage"
2025-09-01,"montjovet","Montjovet",340.653268806181,"METHOD_H_volume_shrinkage"
2025-01-01,"morgex","Morgex",1356.83343652596,"METHOD_H_volume_shrinkage"
2025-02-01,"morgex","Morgex",1292.98901919943,"METHOD_H_volume_shrinkage"
2025-03-01,"morgex","Morgex",1357.70659987433,"METHOD_H_volume_shrinkage"
2025-04-01,"morgex","Morgex",618.698305728232,"METHOD_H_volume_shrinkage"
2025-05-01,"morgex","Morgex",748.342651647344,"METHOD_H_volume_shrinkage"
2025-06-01,"morgex","Morgex",1307.45922495421,"METHOD_H_volume_shrinkage"
2025-07-01,"morgex","Morgex",2299.83490788397,"METHOD_H_volume_shrinkage"
2025-08-01,"morgex","Morgex",2825.64293789678,"METHOD_H_volume_shrinkage"
2025-09-01,"morgex","Morgex",1039.85936901197,"METHOD_H_volume_shrinkage"
2025-01-01,"nus","Nus",1134.85998383103,"METHOD_H_volume_shrinkage"
2025-02-01,"nus","Nus",1102.93107986731,"METHOD_H_volume_shrinkage"
2025-03-01,"nus","Nus",1297.53825837029,"METHOD_H_volume_shrinkage"
2025-04-01,"nus","Nus",778.281074007762,"METHOD_H_volume_shrinkage"
2025-05-01,"nus","Nus",1130.52653101403,"METHOD_H_volume_shrinkage"
2025-06-01,"nus","Nus",966.33049634535,"METHOD_H_volume_shrinkage"
2025-07-01,"nus","Nus",1835.17131796867,"METHOD_H_volume_shrinkage"
2025-08-01,"nus","Nus",1964.92838443021,"METHOD_H_volume_shrinkage"
2025-09-01,"nus","Nus",768.425823358852,"METHOD_H_volume_shrinkage"
2025-01-01,"ollomont","Ollomont",71.1988816759007,"METHOD_H_volume_shrinkage"
2025-02-01,"ollomont","Ollomont",44.0819144618696,"METHOD_H_volume_shrinkage"
2025-03-01,"ollomont","Ollomont",39.4958077600563,"METHOD_H_volume_shrinkage"
2025-04-01,"ollomont","Ollomont",23.8430966498641,"METHOD_H_volume_shrinkage"
2025-05-01,"ollomont","Ollomont",18.6197964990252,"METHOD_H_volume_shrinkage"
2025-06-01,"ollomont","Ollomont",48.4453426556941,"METHOD_H_volume_shrinkage"
2025-07-01,"ollomont","Ollomont",278.122098905946,"METHOD_H_volume_shrinkage"
2025-08-01,"ollomont","Ollomont",328.126665967533,"METHOD_H_volume_shrinkage"
2025-09-01,"ollomont","Ollomont",73.0862957201815,"METHOD_H_volume_shrinkage"
2025-01-01,"oyace","Oyace",2.82210356362412,"METHOD_H_volume_shrinkage"
2025-02-01,"oyace","Oyace",2.63580620325869,"METHOD_H_volume_shrinkage"
2025-03-01,"oyace","Oyace",2.317850478773,"METHOD_H_volume_shrinkage"
2025-04-01,"oyace","Oyace",1.1312258820537,"METHOD_H_volume_shrinkage"
2025-05-01,"oyace","Oyace",0.927443806666037,"METHOD_H_volume_shrinkage"
2025-06-01,"oyace","Oyace",2.18219390884518,"METHOD_H_volume_shrinkage"
2025-07-01,"oyace","Oyace",4.11198886936352,"METHOD_H_volume_shrinkage"
2025-08-01,"oyace","Oyace",4.07706752203647,"METHOD_H_volume_shrinkage"
2025-09-01,"oyace","Oyace",1.76944415356178,"METHOD_H_volume_shrinkage"
2025-01-01,"perloz","Perloz",89.5236765265458,"METHOD_H_volume_shrinkage"
2025-02-01,"perloz","Perloz",79.1002538457958,"METHOD_H_volume_shrinkage"
2025-03-01,"perloz","Perloz",64.842309770049,"METHOD_H_volume_shrinkage"
2025-04-01,"perloz","Perloz",42.8985657027409,"METHOD_H_volume_shrinkage"
2025-05-01,"perloz","Perloz",34.8732132173203,"METHOD_H_volume_shrinkage"
2025-06-01,"perloz","Perloz",83.253955046754,"METHOD_H_volume_shrinkage"
2025-07-01,"perloz","Perloz",162.297944320961,"METHOD_H_volume_shrinkage"
2025-08-01,"perloz","Perloz",169.208164042841,"METHOD_H_volume_shrinkage"
2025-09-01,"perloz","Perloz",68.7855230102411,"METHOD_H_volume_shrinkage"
2025-01-01,"pollein","Pollein",3317.44144256107,"METHOD_H_volume_shrinkage"
2025-02-01,"pollein","Pollein",2737.05031400293,"METHOD_H_volume_shrinkage"
2025-03-01,"pollein","Pollein",2863.4132685423,"METHOD_H_volume_shrinkage"
2025-04-01,"pollein","Pollein",2616.08011523156,"METHOD_H_volume_shrinkage"
2025-05-01,"pollein","Pollein",4163.1784035382,"METHOD_H_volume_shrinkage"
2025-06-01,"pollein","Pollein",3625.10067264798,"METHOD_H_volume_shrinkage"
2025-07-01,"pollein","Pollein",4328.5974216895,"METHOD_H_volume_shrinkage"
2025-08-01,"pollein","Pollein",4041.37957797254,"METHOD_H_volume_shrinkage"
2025-09-01,"pollein","Pollein",3233.63546194311,"METHOD_H_volume_shrinkage"
2025-01-01,"pont saint martin","Pont-Saint-Martin",591.02938324365,"METHOD_H_volume_shrinkage"
2025-02-01,"pont saint martin","Pont-Saint-Martin",554.760866615232,"METHOD_H_volume_shrinkage"
2025-03-01,"pont saint martin","Pont-Saint-Martin",579.863556017734,"METHOD_H_volume_shrinkage"
2025-04-01,"pont saint martin","Pont-Saint-Martin",508.638781003521,"METHOD_H_volume_shrinkage"
2025-05-01,"pont saint martin","Pont-Saint-Martin",628.262693530428,"METHOD_H_volume_shrinkage"
2025-06-01,"pont saint martin","Pont-Saint-Martin",833.924366611506,"METHOD_H_volume_shrinkage"
2025-07-01,"pont saint martin","Pont-Saint-Martin",1086.10738189603,"METHOD_H_volume_shrinkage"
2025-08-01,"pont saint martin","Pont-Saint-Martin",1183.70520187877,"METHOD_H_volume_shrinkage"
2025-09-01,"pont saint martin","Pont-Saint-Martin",729.747703377072,"METHOD_H_volume_shrinkage"
2025-01-01,"pontboset","Pontboset",153.058906915154,"METHOD_H_volume_shrinkage"
2025-02-01,"pontboset","Pontboset",142.292118655988,"METHOD_H_volume_shrinkage"
2025-03-01,"pontboset","Pontboset",116.392720847007,"METHOD_H_volume_shrinkage"
2025-04-01,"pontboset","Pontboset",64.4752454986344,"METHOD_H_volume_shrinkage"
2025-05-01,"pontboset","Pontboset",82.9052153473853,"METHOD_H_volume_shrinkage"
2025-06-01,"pontboset","Pontboset",177.841478647326,"METHOD_H_volume_shrinkage"
2025-07-01,"pontboset","Pontboset",379.011825857444,"METHOD_H_volume_shrinkage"
2025-08-01,"pontboset","Pontboset",424.721306900579,"METHOD_H_volume_shrinkage"
2025-09-01,"pontboset","Pontboset",118.370430347633,"METHOD_H_volume_shrinkage"
2025-01-01,"pontey","Pontey",107.511327109524,"METHOD_H_volume_shrinkage"
2025-02-01,"pontey","Pontey",92.4154561161259,"METHOD_H_volume_shrinkage"
2025-03-01,"pontey","Pontey",77.7619691505092,"METHOD_H_volume_shrinkage"
2025-04-01,"pontey","Pontey",57.1880945400395,"METHOD_H_volume_shrinkage"
2025-05-01,"pontey","Pontey",65.1850713863378,"METHOD_H_volume_shrinkage"
2025-06-01,"pontey","Pontey",87.9217234690517,"METHOD_H_volume_shrinkage"
2025-07-01,"pontey","Pontey",172.137332083616,"METHOD_H_volume_shrinkage"
2025-08-01,"pontey","Pontey",222.076356367874,"METHOD_H_volume_shrinkage"
2025-09-01,"pontey","Pontey",66.3646133183132,"METHOD_H_volume_shrinkage"
2025-01-01,"pre saint didier","Pré-Saint-Didier",8345.11954293447,"METHOD_H_volume_shrinkage"
2025-02-01,"pre saint didier","Pré-Saint-Didier",7499.29810407242,"METHOD_H_volume_shrinkage"
2025-03-01,"pre saint didier","Pré-Saint-Didier",7448.55931138231,"METHOD_H_volume_shrinkage"
2025-04-01,"pre saint didier","Pré-Saint-Didier",3738.9388990813,"METHOD_H_volume_shrinkage"
2025-05-01,"pre saint didier","Pré-Saint-Didier",3711.00289345585,"METHOD_H_volume_shrinkage"
2025-06-01,"pre saint didier","Pré-Saint-Didier",4020.54858708987,"METHOD_H_volume_shrinkage"
2025-07-01,"pre saint didier","Pré-Saint-Didier",6137.97728931291,"METHOD_H_volume_shrinkage"
2025-08-01,"pre saint didier","Pré-Saint-Didier",6094.9405091168,"METHOD_H_volume_shrinkage"
2025-09-01,"pre saint didier","Pré-Saint-Didier",4461.87236803394,"METHOD_H_volume_shrinkage"
2025-01-01,"quart","Quart",766.91078863437,"METHOD_H_volume_shrinkage"
2025-02-01,"quart","Quart",655.376692701544,"METHOD_H_volume_shrinkage"
2025-03-01,"quart","Quart",610.228333204186,"METHOD_H_volume_shrinkage"
2025-04-01,"quart","Quart",476.613830700112,"METHOD_H_volume_shrinkage"
2025-05-01,"quart","Quart",682.174347145381,"METHOD_H_volume_shrinkage"
2025-06-01,"quart","Quart",706.724303286326,"METHOD_H_volume_shrinkage"
2025-07-01,"quart","Quart",1130.81236157678,"METHOD_H_volume_shrinkage"
2025-08-01,"quart","Quart",1083.17467379582,"METHOD_H_volume_shrinkage"
2025-09-01,"quart","Quart",660.26505641839,"METHOD_H_volume_shrinkage"
2025-01-01,"rhemes notre dame","Rhêmes-Notre-Dame",1541.66627517863,"METHOD_H_volume_shrinkage"
2025-02-01,"rhemes notre dame","Rhêmes-Notre-Dame",1215.26056283434,"METHOD_H_volume_shrinkage"
2025-03-01,"rhemes notre dame","Rhêmes-Notre-Dame",1054.27779119095,"METHOD_H_volume_shrinkage"
2025-04-01,"rhemes notre dame","Rhêmes-Notre-Dame",285.275181955823,"METHOD_H_volume_shrinkage"
2025-05-01,"rhemes notre dame","Rhêmes-Notre-Dame",132.078388369637,"METHOD_H_volume_shrinkage"
2025-06-01,"rhemes notre dame","Rhêmes-Notre-Dame",831.788122686201,"METHOD_H_volume_shrinkage"
2025-07-01,"rhemes notre dame","Rhêmes-Notre-Dame",1518.12166754514,"METHOD_H_volume_shrinkage"
2025-08-01,"rhemes notre dame","Rhêmes-Notre-Dame",1578.6528268194,"METHOD_H_volume_shrinkage"
2025-09-01,"rhemes notre dame","Rhêmes-Notre-Dame",618.651539323028,"METHOD_H_volume_shrinkage"
2025-01-01,"rhemes saint georges","Rhêmes-Saint-Georges",186.442917278846,"METHOD_H_volume_shrinkage"
2025-02-01,"rhemes saint georges","Rhêmes-Saint-Georges",206.833067306847,"METHOD_H_volume_shrinkage"
2025-03-01,"rhemes saint georges","Rhêmes-Saint-Georges",85.3611871122025,"METHOD_H_volume_shrinkage"
2025-04-01,"rhemes saint georges","Rhêmes-Saint-Georges",52.4798095980036,"METHOD_H_volume_shrinkage"
2025-05-01,"rhemes saint georges","Rhêmes-Saint-Georges",68.870552060206,"METHOD_H_volume_shrinkage"
2025-06-01,"rhemes saint georges","Rhêmes-Saint-Georges",306.429210231033,"METHOD_H_volume_shrinkage"
2025-07-01,"rhemes saint georges","Rhêmes-Saint-Georges",1393.80135185231,"METHOD_H_volume_shrinkage"
2025-08-01,"rhemes saint georges","Rhêmes-Saint-Georges",1483.41314331978,"METHOD_H_volume_shrinkage"
2025-09-01,"rhemes saint georges","Rhêmes-Saint-Georges",193.342461021314,"METHOD_H_volume_shrinkage"
2025-01-01,"roisan","Roisan",104.963784789359,"METHOD_H_volume_shrinkage"
2025-02-01,"roisan","Roisan",76.4477037106034,"METHOD_H_volume_shrinkage"
2025-03-01,"roisan","Roisan",67.4191510444771,"METHOD_H_volume_shrinkage"
2025-04-01,"roisan","Roisan",36.5275448065422,"METHOD_H_volume_shrinkage"
2025-05-01,"roisan","Roisan",34.2822422790288,"METHOD_H_volume_shrinkage"
2025-06-01,"roisan","Roisan",103.270296123392,"METHOD_H_volume_shrinkage"
2025-07-01,"roisan","Roisan",170.373065560461,"METHOD_H_volume_shrinkage"
2025-08-01,"roisan","Roisan",170.294880839373,"METHOD_H_volume_shrinkage"
2025-09-01,"roisan","Roisan",88.6808083387435,"METHOD_H_volume_shrinkage"
2025-01-01,"saint christophe","Saint-Christophe",706.76635108313,"METHOD_H_volume_shrinkage"
2025-02-01,"saint christophe","Saint-Christophe",566.844752065415,"METHOD_H_volume_shrinkage"
2025-03-01,"saint christophe","Saint-Christophe",463.036785503498,"METHOD_H_volume_shrinkage"
2025-04-01,"saint christophe","Saint-Christophe",378.311822633471,"METHOD_H_volume_shrinkage"
2025-05-01,"saint christophe","Saint-Christophe",559.235811170317,"METHOD_H_volume_shrinkage"
2025-06-01,"saint christophe","Saint-Christophe",564.542903487769,"METHOD_H_volume_shrinkage"
2025-07-01,"saint christophe","Saint-Christophe",840.710100446093,"METHOD_H_volume_shrinkage"
2025-08-01,"saint christophe","Saint-Christophe",876.03047217536,"METHOD_H_volume_shrinkage"
2025-09-01,"saint christophe","Saint-Christophe",575.514653194659,"METHOD_H_volume_shrinkage"
2025-01-01,"saint denis","Saint-Denis",31.679681069246,"METHOD_H_volume_shrinkage"
2025-02-01,"saint denis","Saint-Denis",30.7589105456021,"METHOD_H_volume_shrinkage"
2025-03-01,"saint denis","Saint-Denis",24.5386199352855,"METHOD_H_volume_shrinkage"
2025-04-01,"saint denis","Saint-Denis",13.4840543503474,"METHOD_H_volume_shrinkage"
2025-05-01,"saint denis","Saint-Denis",20.961781109008,"METHOD_H_volume_shrinkage"
2025-06-01,"saint denis","Saint-Denis",27.4179883424219,"METHOD_H_volume_shrinkage"
2025-07-01,"saint denis","Saint-Denis",67.5817937339167,"METHOD_H_volume_shrinkage"
2025-08-01,"saint denis","Saint-Denis",61.8131540891719,"METHOD_H_volume_shrinkage"
2025-09-01,"saint denis","Saint-Denis",22.4235388752402,"METHOD_H_volume_shrinkage"
2025-01-01,"saint marcel","Saint-Marcel",73.1169336981634,"METHOD_H_volume_shrinkage"
2025-02-01,"saint marcel","Saint-Marcel",72.1817042279708,"METHOD_H_volume_shrinkage"
2025-03-01,"saint marcel","Saint-Marcel",73.171801816018,"METHOD_H_volume_shrinkage"
2025-04-01,"saint marcel","Saint-Marcel",44.8644438974086,"METHOD_H_volume_shrinkage"
2025-05-01,"saint marcel","Saint-Marcel",43.4138217618491,"METHOD_H_volume_shrinkage"
2025-06-01,"saint marcel","Saint-Marcel",64.0248298735443,"METHOD_H_volume_shrinkage"
2025-07-01,"saint marcel","Saint-Marcel",131.212601853373,"METHOD_H_volume_shrinkage"
2025-08-01,"saint marcel","Saint-Marcel",154.427679872732,"METHOD_H_volume_shrinkage"
2025-09-01,"saint marcel","Saint-Marcel",55.7583842642864,"METHOD_H_volume_shrinkage"
2025-01-01,"saint nicolas","Saint-Nicolas",769.012272222642,"METHOD_H_volume_shrinkage"
2025-02-01,"saint nicolas","Saint-Nicolas",723.814071594554,"METHOD_H_volume_shrinkage"
2025-03-01,"saint nicolas","Saint-Nicolas",687.045084404633,"METHOD_H_volume_shrinkage"
2025-04-01,"saint nicolas","Saint-Nicolas",506.772076712868,"METHOD_H_volume_shrinkage"
2025-05-01,"saint nicolas","Saint-Nicolas",578.840980044832,"METHOD_H_volume_shrinkage"
2025-06-01,"saint nicolas","Saint-Nicolas",677.425828073551,"METHOD_H_volume_shrinkage"
2025-07-01,"saint nicolas","Saint-Nicolas",1135.36464918885,"METHOD_H_volume_shrinkage"
2025-08-01,"saint nicolas","Saint-Nicolas",988.352450262745,"METHOD_H_volume_shrinkage"
2025-09-01,"saint nicolas","Saint-Nicolas",526.548062869582,"METHOD_H_volume_shrinkage"
2025-01-01,"saint oyen","Saint-Oyen",422.860750971475,"METHOD_H_volume_shrinkage"
2025-02-01,"saint oyen","Saint-Oyen",352.990111784226,"METHOD_H_volume_shrinkage"
2025-03-01,"saint oyen","Saint-Oyen",329.726835745533,"METHOD_H_volume_shrinkage"
2025-04-01,"saint oyen","Saint-Oyen",168.582495640015,"METHOD_H_volume_shrinkage"
2025-05-01,"saint oyen","Saint-Oyen",144.049706574002,"METHOD_H_volume_shrinkage"
2025-06-01,"saint oyen","Saint-Oyen",354.324760181707,"METHOD_H_volume_shrinkage"
2025-07-01,"saint oyen","Saint-Oyen",943.87901069762,"METHOD_H_volume_shrinkage"
2025-08-01,"saint oyen","Saint-Oyen",900.09113575457,"METHOD_H_volume_shrinkage"
2025-09-01,"saint oyen","Saint-Oyen",286.549198879503,"METHOD_H_volume_shrinkage"
2025-01-01,"saint pierre","Saint-Pierre",1244.3693850117,"METHOD_H_volume_shrinkage"
2025-02-01,"saint pierre","Saint-Pierre",1117.60470673622,"METHOD_H_volume_shrinkage"
2025-03-01,"saint pierre","Saint-Pierre",1068.89986562253,"METHOD_H_volume_shrinkage"
2025-04-01,"saint pierre","Saint-Pierre",732.566711002942,"METHOD_H_volume_shrinkage"
2025-05-01,"saint pierre","Saint-Pierre",920.076341369648,"METHOD_H_volume_shrinkage"
2025-06-01,"saint pierre","Saint-Pierre",1302.78602142689,"METHOD_H_volume_shrinkage"
2025-07-01,"saint pierre","Saint-Pierre",2001.8082668597,"METHOD_H_volume_shrinkage"
2025-08-01,"saint pierre","Saint-Pierre",1884.21906884181,"METHOD_H_volume_shrinkage"
2025-09-01,"saint pierre","Saint-Pierre",1118.51323012335,"METHOD_H_volume_shrinkage"
2025-01-01,"saint rhemy en bosses","Saint-Rhémy-en-Bosses",389.632750787569,"METHOD_H_volume_shrinkage"
2025-02-01,"saint rhemy en bosses","Saint-Rhémy-en-Bosses",546.343379970193,"METHOD_H_volume_shrinkage"
2025-03-01,"saint rhemy en bosses","Saint-Rhémy-en-Bosses",475.383326905167,"METHOD_H_volume_shrinkage"
2025-04-01,"saint rhemy en bosses","Saint-Rhémy-en-Bosses",150.563544464455,"METHOD_H_volume_shrinkage"
2025-05-01,"saint rhemy en bosses","Saint-Rhémy-en-Bosses",101.492878712285,"METHOD_H_volume_shrinkage"
2025-06-01,"saint rhemy en bosses","Saint-Rhémy-en-Bosses",451.260011761424,"METHOD_H_volume_shrinkage"
2025-07-01,"saint rhemy en bosses","Saint-Rhémy-en-Bosses",1434.98157500914,"METHOD_H_volume_shrinkage"
2025-08-01,"saint rhemy en bosses","Saint-Rhémy-en-Bosses",1459.79909364133,"METHOD_H_volume_shrinkage"
2025-09-01,"saint rhemy en bosses","Saint-Rhémy-en-Bosses",396.662191941816,"METHOD_H_volume_shrinkage"
2025-01-01,"saint vincent","Saint-Vincent",9032.8995648601,"METHOD_H_volume_shrinkage"
2025-02-01,"saint vincent","Saint-Vincent",7447.7578048991,"METHOD_H_volume_shrinkage"
2025-03-01,"saint vincent","Saint-Vincent",7215.47543001548,"METHOD_H_volume_shrinkage"
2025-04-01,"saint vincent","Saint-Vincent",5235.197283625,"METHOD_H_volume_shrinkage"
2025-05-01,"saint vincent","Saint-Vincent",5621.59882962694,"METHOD_H_volume_shrinkage"
2025-06-01,"saint vincent","Saint-Vincent",7185.06395406651,"METHOD_H_volume_shrinkage"
2025-07-01,"saint vincent","Saint-Vincent",8258.10909334656,"METHOD_H_volume_shrinkage"
2025-08-01,"saint vincent","Saint-Vincent",9019.28091266725,"METHOD_H_volume_shrinkage"
2025-09-01,"saint vincent","Saint-Vincent",6236.55856078279,"METHOD_H_volume_shrinkage"
2025-01-01,"sarre","Sarre",1719.5546180006,"METHOD_H_volume_shrinkage"
2025-02-01,"sarre","Sarre",1580.64080134521,"METHOD_H_volume_shrinkage"
2025-03-01,"sarre","Sarre",1284.33902715877,"METHOD_H_volume_shrinkage"
2025-04-01,"sarre","Sarre",801.137866558913,"METHOD_H_volume_shrinkage"
2025-05-01,"sarre","Sarre",2124.58523353575,"METHOD_H_volume_shrinkage"
2025-06-01,"sarre","Sarre",3200.03007759296,"METHOD_H_volume_shrinkage"
2025-07-01,"sarre","Sarre",5052.43527826493,"METHOD_H_volume_shrinkage"
2025-08-01,"sarre","Sarre",3941.38180964779,"METHOD_H_volume_shrinkage"
2025-09-01,"sarre","Sarre",2101.26052551895,"METHOD_H_volume_shrinkage"
2025-01-01,"torgnon","Torgnon",3011.39139465278,"METHOD_H_volume_shrinkage"
2025-02-01,"torgnon","Torgnon",2652.03106672581,"METHOD_H_volume_shrinkage"
2025-03-01,"torgnon","Torgnon",1896.25642033885,"METHOD_H_volume_shrinkage"
2025-04-01,"torgnon","Torgnon",326.633792921358,"METHOD_H_volume_shrinkage"
2025-05-01,"torgnon","Torgnon",185.664364108939,"METHOD_H_volume_shrinkage"
2025-06-01,"torgnon","Torgnon",915.290784116058,"METHOD_H_volume_shrinkage"
2025-07-01,"torgnon","Torgnon",2550.83356613007,"METHOD_H_volume_shrinkage"
2025-08-01,"torgnon","Torgnon",2161.03749615596,"METHOD_H_volume_shrinkage"
2025-09-01,"torgnon","Torgnon",467.22645248581,"METHOD_H_volume_shrinkage"
2025-01-01,"valgrisenche","Valgrisenche",651.47579955326,"METHOD_H_volume_shrinkage"
2025-02-01,"valgrisenche","Valgrisenche",563.247100541632,"METHOD_H_volume_shrinkage"
2025-03-01,"valgrisenche","Valgrisenche",525.915795383821,"METHOD_H_volume_shrinkage"
2025-04-01,"valgrisenche","Valgrisenche",318.541287388126,"METHOD_H_volume_shrinkage"
2025-05-01,"valgrisenche","Valgrisenche",139.946816318017,"METHOD_H_volume_shrinkage"
2025-06-01,"valgrisenche","Valgrisenche",532.72964071135,"METHOD_H_volume_shrinkage"
2025-07-01,"valgrisenche","Valgrisenche",3302.12604003509,"METHOD_H_volume_shrinkage"
2025-08-01,"valgrisenche","Valgrisenche",3416.19841073759,"METHOD_H_volume_shrinkage"
2025-09-01,"valgrisenche","Valgrisenche",776.357171563346,"METHOD_H_volume_shrinkage"
2025-01-01,"valpelline","Valpelline",292.979909798324,"METHOD_H_volume_shrinkage"
2025-02-01,"valpelline","Valpelline",361.149247041175,"METHOD_H_volume_shrinkage"
2025-03-01,"valpelline","Valpelline",289.020632064107,"METHOD_H_volume_shrinkage"
2025-04-01,"valpelline","Valpelline",202.644039952243,"METHOD_H_volume_shrinkage"
2025-05-01,"valpelline","Valpelline",235.677176321431,"METHOD_H_volume_shrinkage"
2025-06-01,"valpelline","Valpelline",488.14019438479,"METHOD_H_volume_shrinkage"
2025-07-01,"valpelline","Valpelline",1283.33593986705,"METHOD_H_volume_shrinkage"
2025-08-01,"valpelline","Valpelline",1751.76399263897,"METHOD_H_volume_shrinkage"
2025-09-01,"valpelline","Valpelline",335.093483220649,"METHOD_H_volume_shrinkage"
2025-01-01,"valsavarenche","Valsavarenche",284.817541578346,"METHOD_H_volume_shrinkage"
2025-02-01,"valsavarenche","Valsavarenche",304.700981133378,"METHOD_H_volume_shrinkage"
2025-03-01,"valsavarenche","Valsavarenche",271.052084607571,"METHOD_H_volume_shrinkage"
2025-04-01,"valsavarenche","Valsavarenche",1539.23900724161,"METHOD_H_volume_shrinkage"
2025-05-01,"valsavarenche","Valsavarenche",757.478038626552,"METHOD_H_volume_shrinkage"
2025-06-01,"valsavarenche","Valsavarenche",4117.80244088631,"METHOD_H_volume_shrinkage"
2025-07-01,"valsavarenche","Valsavarenche",9015.57144621289,"METHOD_H_volume_shrinkage"
2025-08-01,"valsavarenche","Valsavarenche",8482.95054628316,"METHOD_H_volume_shrinkage"
2025-09-01,"valsavarenche","Valsavarenche",2234.80769892051,"METHOD_H_volume_shrinkage"
2025-01-01,"valtournenche","Valtournenche",24854.4296651876,"METHOD_H_volume_shrinkage"
2025-02-01,"valtournenche","Valtournenche",23243.1052123506,"METHOD_H_volume_shrinkage"
2025-03-01,"valtournenche","Valtournenche",25566.1608729704,"METHOD_H_volume_shrinkage"
2025-04-01,"valtournenche","Valtournenche",13147.5224377195,"METHOD_H_volume_shrinkage"
2025-05-01,"valtournenche","Valtournenche",1868.3591421278,"METHOD_H_volume_shrinkage"
2025-06-01,"valtournenche","Valtournenche",4096.39511795448,"METHOD_H_volume_shrinkage"
2025-07-01,"valtournenche","Valtournenche",17429.9052726279,"METHOD_H_volume_shrinkage"
2025-08-01,"valtournenche","Valtournenche",20416.2304577636,"METHOD_H_volume_shrinkage"
2025-09-01,"valtournenche","Valtournenche",3330.06756444722,"METHOD_H_volume_shrinkage"
2025-01-01,"verrayes","Verrayes",648.298180725913,"METHOD_H_volume_shrinkage"
2025-02-01,"verrayes","Verrayes",424.992159711061,"METHOD_H_volume_shrinkage"
2025-03-01,"verrayes","Verrayes",519.879115980705,"METHOD_H_volume_shrinkage"
2025-04-01,"verrayes","Verrayes",260.526045799648,"METHOD_H_volume_shrinkage"
2025-05-01,"verrayes","Verrayes",178.602761890295,"METHOD_H_volume_shrinkage"
2025-06-01,"verrayes","Verrayes",367.103966359551,"METHOD_H_volume_shrinkage"
2025-07-01,"verrayes","Verrayes",739.821311937788,"METHOD_H_volume_shrinkage"
2025-08-01,"verrayes","Verrayes",753.844192193755,"METHOD_H_volume_shrinkage"
2025-09-01,"verrayes","Verrayes",233.444387090314,"METHOD_H_volume_shrinkage"
2025-01-01,"verres","Verrès",221.499471960367,"METHOD_H_volume_shrinkage"
2025-02-01,"verres","Verrès",153.426342777964,"METHOD_H_volume_shrinkage"
2025-03-01,"verres","Verrès",125.993213720897,"METHOD_H_volume_shrinkage"
2025-04-01,"verres","Verrès",140.316182961863,"METHOD_H_volume_shrinkage"
2025-05-01,"verres","Verrès",210.246433754558,"METHOD_H_volume_shrinkage"
2025-06-01,"verres","Verrès",277.569420755169,"METHOD_H_volume_shrinkage"
2025-07-01,"verres","Verrès",387.76988866728,"METHOD_H_volume_shrinkage"
2025-08-01,"verres","Verrès",440.550457770896,"METHOD_H_volume_shrinkage"
2025-09-01,"verres","Verrès",258.427512443713,"METHOD_H_volume_shrinkage"
2025-01-01,"villeneuve","Villeneuve",375.910996166079,"METHOD_H_volume_shrinkage"
2025-02-01,"villeneuve","Villeneuve",508.803380964453,"METHOD_H_volume_shrinkage"
2025-03-01,"villeneuve","Villeneuve",486.580159504922,"METHOD_H_volume_shrinkage"
2025-04-01,"villeneuve","Villeneuve",217.247335903699,"METHOD_H_volume_shrinkage"
2025-05-01,"villeneuve","Villeneuve",222.314275349651,"METHOD_H_volume_shrinkage"
2025-06-01,"villeneuve","Villeneuve",298.600575450213,"METHOD_H_volume_shrinkage"
2025-07-01,"villeneuve","Villeneuve",380.344254729914,"METHOD_H_volume_shrinkage"
2025-08-01,"villeneuve","Villeneuve",462.878859801259,"METHOD_H_volume_shrinkage"
2025-09-01,"villeneuve","Villeneuve",216.994801428808,"METHOD_H_volume_shrinkage"
2025-01-01,"allein","Allein",26.720982600943,"METHOD_F+meteo_l0.10"
2025-02-01,"allein","Allein",3.94802220919444,"METHOD_F+meteo_l0.10"
2025-03-01,"allein","Allein",9.35419651843442,"METHOD_F+meteo_l0.10"
2025-04-01,"allein","Allein",13.8729644685809,"METHOD_F+meteo_l0.10"
2025-05-01,"allein","Allein",2.23659113021632,"METHOD_F+meteo_l0.10"
2025-06-01,"allein","Allein",49.9019117085016,"METHOD_F+meteo_l0.10"
2025-07-01,"allein","Allein",116.785884087576,"METHOD_F+meteo_l0.10"
2025-08-01,"allein","Allein",112.4481837376,"METHOD_F+meteo_l0.10"
2025-09-01,"allein","Allein",21.0854923356015,"METHOD_F+meteo_l0.10"
2025-01-01,"antey saint andre","Antey-Saint-André",2720.87225483586,"METHOD_F+meteo_l0.10"
2025-02-01,"antey saint andre","Antey-Saint-André",2925.22958960705,"METHOD_F+meteo_l0.10"
2025-03-01,"antey saint andre","Antey-Saint-André",2507.61273601154,"METHOD_F+meteo_l0.10"
2025-04-01,"antey saint andre","Antey-Saint-André",1034.1251518185,"METHOD_F+meteo_l0.10"
2025-05-01,"antey saint andre","Antey-Saint-André",406.239865782228,"METHOD_F+meteo_l0.10"
2025-06-01,"antey saint andre","Antey-Saint-André",1344.85680993584,"METHOD_F+meteo_l0.10"
2025-07-01,"antey saint andre","Antey-Saint-André",3051.80259997543,"METHOD_F+meteo_l0.10"
2025-08-01,"antey saint andre","Antey-Saint-André",3500.19614323266,"METHOD_F+meteo_l0.10"
2025-09-01,"antey saint andre","Antey-Saint-André",1005.71831563465,"METHOD_F+meteo_l0.10"
2025-01-01,"aosta","Aosta",12816.2909701652,"METHOD_F+meteo_l0.10"
2025-02-01,"aosta","Aosta",11610.0007881125,"METHOD_F+meteo_l0.10"
2025-03-01,"aosta","Aosta",10118.2476589456,"METHOD_F+meteo_l0.10"
2025-04-01,"aosta","Aosta",11479.1044691921,"METHOD_F+meteo_l0.10"
2025-05-01,"aosta","Aosta",13081.1674165199,"METHOD_F+meteo_l0.10"
2025-06-01,"aosta","Aosta",12426.0464898518,"METHOD_F+meteo_l0.10"
2025-07-01,"aosta","Aosta",17630.0144025452,"METHOD_F+meteo_l0.10"
2025-08-01,"aosta","Aosta",18075.4029148861,"METHOD_F+meteo_l0.10"
2025-09-01,"aosta","Aosta",12918.4994207223,"METHOD_F+meteo_l0.10"
2025-01-01,"arnad","Arnad",242.300495767959,"METHOD_F+meteo_l0.10"
2025-02-01,"arnad","Arnad",168.017772160336,"METHOD_F+meteo_l0.10"
2025-03-01,"arnad","Arnad",156.071873935696,"METHOD_F+meteo_l0.10"
2025-04-01,"arnad","Arnad",109.523508980843,"METHOD_F+meteo_l0.10"
2025-05-01,"arnad","Arnad",333.22486400786,"METHOD_F+meteo_l0.10"
2025-06-01,"arnad","Arnad",472.232368098733,"METHOD_F+meteo_l0.10"
2025-07-01,"arnad","Arnad",534.157117123555,"METHOD_F+meteo_l0.10"
2025-08-01,"arnad","Arnad",573.553103443181,"METHOD_F+meteo_l0.10"
2025-09-01,"arnad","Arnad",316.993839310354,"METHOD_F+meteo_l0.10"
2025-01-01,"arvier","Arvier",871.245988272617,"METHOD_F+meteo_l0.10"
2025-02-01,"arvier","Arvier",871.293748409182,"METHOD_F+meteo_l0.10"
2025-03-01,"arvier","Arvier",642.05508747446,"METHOD_F+meteo_l0.10"
2025-04-01,"arvier","Arvier",338.12126556824,"METHOD_F+meteo_l0.10"
2025-05-01,"arvier","Arvier",237.329692571745,"METHOD_F+meteo_l0.10"
2025-06-01,"arvier","Arvier",837.164490963011,"METHOD_F+meteo_l0.10"
2025-07-01,"arvier","Arvier",2769.34920793895,"METHOD_F+meteo_l0.10"
2025-08-01,"arvier","Arvier",2714.7108113172,"METHOD_F+meteo_l0.10"
2025-09-01,"arvier","Arvier",587.263633038642,"METHOD_F+meteo_l0.10"
2025-01-01,"avise","Avise",79.9160752893851,"METHOD_F+meteo_l0.10"
2025-02-01,"avise","Avise",124.078887412254,"METHOD_F+meteo_l0.10"
2025-03-01,"avise","Avise",81.1990730438395,"METHOD_F+meteo_l0.10"
2025-04-01,"avise","Avise",26.1903767580152,"METHOD_F+meteo_l0.10"
2025-05-01,"avise","Avise",28.3112535294838,"METHOD_F+meteo_l0.10"
2025-06-01,"avise","Avise",123.190859902483,"METHOD_F+meteo_l0.10"
2025-07-01,"avise","Avise",215.560787471535,"METHOD_F+meteo_l0.10"
2025-08-01,"avise","Avise",206.143598646308,"METHOD_F+meteo_l0.10"
2025-09-01,"avise","Avise",110.800026795683,"METHOD_F+meteo_l0.10"
2025-01-01,"ayas","Ayas",12290.3344158338,"METHOD_F+meteo_l0.10"
2025-02-01,"ayas","Ayas",11410.2050244699,"METHOD_F+meteo_l0.10"
2025-03-01,"ayas","Ayas",10031.442321398,"METHOD_F+meteo_l0.10"
2025-04-01,"ayas","Ayas",1694.62612678513,"METHOD_F+meteo_l0.10"
2025-05-01,"ayas","Ayas",606.789725128124,"METHOD_F+meteo_l0.10"
2025-06-01,"ayas","Ayas",5436.69925578081,"METHOD_F+meteo_l0.10"
2025-07-01,"ayas","Ayas",12425.1291909688,"METHOD_F+meteo_l0.10"
2025-08-01,"ayas","Ayas",12711.8587304194,"METHOD_F+meteo_l0.10"
2025-09-01,"ayas","Ayas",4673.77866701785,"METHOD_F+meteo_l0.10"
2025-01-01,"aymavilles","Aymavilles",581.737010323947,"METHOD_F+meteo_l0.10"
2025-02-01,"aymavilles","Aymavilles",560.993330880464,"METHOD_F+meteo_l0.10"
2025-03-01,"aymavilles","Aymavilles",397.524240870198,"METHOD_F+meteo_l0.10"
2025-04-01,"aymavilles","Aymavilles",285.591014477826,"METHOD_F+meteo_l0.10"
2025-05-01,"aymavilles","Aymavilles",197.893923601932,"METHOD_F+meteo_l0.10"
2025-06-01,"aymavilles","Aymavilles",568.157694340109,"METHOD_F+meteo_l0.10"
2025-07-01,"aymavilles","Aymavilles",1144.71414821582,"METHOD_F+meteo_l0.10"
2025-08-01,"aymavilles","Aymavilles",1265.65867221611,"METHOD_F+meteo_l0.10"
2025-09-01,"aymavilles","Aymavilles",428.886901773955,"METHOD_F+meteo_l0.10"
2025-01-01,"bard","Bard",637.458354775041,"METHOD_F+meteo_l0.10"
2025-02-01,"bard","Bard",540.900822737678,"METHOD_F+meteo_l0.10"
2025-03-01,"bard","Bard",158.53154470654,"METHOD_F+meteo_l0.10"
2025-04-01,"bard","Bard",244.024352722285,"METHOD_F+meteo_l0.10"
2025-05-01,"bard","Bard",513.575169114453,"METHOD_F+meteo_l0.10"
2025-06-01,"bard","Bard",398.389343438619,"METHOD_F+meteo_l0.10"
2025-07-01,"bard","Bard",923.238656923631,"METHOD_F+meteo_l0.10"
2025-08-01,"bard","Bard",1244.7386790802,"METHOD_F+meteo_l0.10"
2025-09-01,"bard","Bard",683.776835911928,"METHOD_F+meteo_l0.10"
2025-01-01,"bionaz","Bionaz",157.48553411924,"METHOD_F+meteo_l0.10"
2025-02-01,"bionaz","Bionaz",75.4533822669283,"METHOD_F+meteo_l0.10"
2025-03-01,"bionaz","Bionaz",377.030087434963,"METHOD_F+meteo_l0.10"
2025-04-01,"bionaz","Bionaz",646.458479513974,"METHOD_F+meteo_l0.10"
2025-05-01,"bionaz","Bionaz",198.372870887243,"METHOD_F+meteo_l0.10"
2025-06-01,"bionaz","Bionaz",631.170522409146,"METHOD_F+meteo_l0.10"
2025-07-01,"bionaz","Bionaz",2627.25861517484,"METHOD_F+meteo_l0.10"
2025-08-01,"bionaz","Bionaz",3319.67704388709,"METHOD_F+meteo_l0.10"
2025-09-01,"bionaz","Bionaz",516.104265777785,"METHOD_F+meteo_l0.10"
2025-01-01,"brissogne","Brissogne",69.3072200520568,"METHOD_F+meteo_l0.10"
2025-02-01,"brissogne","Brissogne",55.5919321936635,"METHOD_F+meteo_l0.10"
2025-03-01,"brissogne","Brissogne",36.8840004568218,"METHOD_F+meteo_l0.10"
2025-04-01,"brissogne","Brissogne",52.3399438760743,"METHOD_F+meteo_l0.10"
2025-05-01,"brissogne","Brissogne",31.5197948699547,"METHOD_F+meteo_l0.10"
2025-06-01,"brissogne","Brissogne",62.9722200034031,"METHOD_F+meteo_l0.10"
2025-07-01,"brissogne","Brissogne",88.0808360055967,"METHOD_F+meteo_l0.10"
2025-08-01,"brissogne","Brissogne",105.161858977276,"METHOD_F+meteo_l0.10"
2025-09-01,"brissogne","Brissogne",38.4606042898524,"METHOD_F+meteo_l0.10"
2025-01-01,"brusson","Brusson",3229.99313957556,"METHOD_F+meteo_l0.10"
2025-02-01,"brusson","Brusson",3773.89245435931,"METHOD_F+meteo_l0.10"
2025-03-01,"brusson","Brusson",2408.36958724462,"METHOD_F+meteo_l0.10"
2025-04-01,"brusson","Brusson",776.17333134914,"METHOD_F+meteo_l0.10"
2025-05-01,"brusson","Brusson",502.519492378854,"METHOD_F+meteo_l0.10"
2025-06-01,"brusson","Brusson",2564.71524000904,"METHOD_F+meteo_l0.10"
2025-07-01,"brusson","Brusson",5298.03494771806,"METHOD_F+meteo_l0.10"
2025-08-01,"brusson","Brusson",4755.90907473081,"METHOD_F+meteo_l0.10"
2025-09-01,"brusson","Brusson",1848.13530593191,"METHOD_F+meteo_l0.10"
2025-01-01,"challand saint anselme","Challand-Saint-Anselme",577.018925906614,"METHOD_F+meteo_l0.10"
2025-02-01,"challand saint anselme","Challand-Saint-Anselme",513.59070321903,"METHOD_F+meteo_l0.10"
2025-03-01,"challand saint anselme","Challand-Saint-Anselme",370.060143799081,"METHOD_F+meteo_l0.10"
2025-04-01,"challand saint anselme","Challand-Saint-Anselme",260.674043056787,"METHOD_F+meteo_l0.10"
2025-05-01,"challand saint anselme","Challand-Saint-Anselme",228.680132894523,"METHOD_F+meteo_l0.10"
2025-06-01,"challand saint anselme","Challand-Saint-Anselme",608.392374736987,"METHOD_F+meteo_l0.10"
2025-07-01,"challand saint anselme","Challand-Saint-Anselme",1015.32151904797,"METHOD_F+meteo_l0.10"
2025-08-01,"challand saint anselme","Challand-Saint-Anselme",1022.10708608613,"METHOD_F+meteo_l0.10"
2025-09-01,"challand saint anselme","Challand-Saint-Anselme",474.451995114884,"METHOD_F+meteo_l0.10"
2025-01-01,"challand saint victor","Challand-Saint-Victor",103.221290749576,"METHOD_F+meteo_l0.10"
2025-02-01,"challand saint victor","Challand-Saint-Victor",74.3051181810361,"METHOD_F+meteo_l0.10"
2025-03-01,"challand saint victor","Challand-Saint-Victor",62.9518331089233,"METHOD_F+meteo_l0.10"
2025-04-01,"challand saint victor","Challand-Saint-Victor",102.840674202115,"METHOD_F+meteo_l0.10"
2025-05-01,"challand saint victor","Challand-Saint-Victor",83.6578669347769,"METHOD_F+meteo_l0.10"
2025-06-01,"challand saint victor","Challand-Saint-Victor",79.6141352192639,"METHOD_F+meteo_l0.10"
2025-07-01,"challand saint victor","Challand-Saint-Victor",79.5788997691341,"METHOD_F+meteo_l0.10"
2025-08-01,"challand saint victor","Challand-Saint-Victor",97.3828661371134,"METHOD_F+meteo_l0.10"
2025-09-01,"challand saint victor","Challand-Saint-Victor",29.6865932159427,"METHOD_F+meteo_l0.10"
2025-01-01,"chambave","Chambave",108.830365593065,"METHOD_F+meteo_l0.10"
2025-02-01,"chambave","Chambave",92.0124636245026,"METHOD_F+meteo_l0.10"
2025-03-01,"chambave","Chambave",125.618039165073,"METHOD_F+meteo_l0.10"
2025-04-01,"chambave","Chambave",98.1886752969512,"METHOD_F+meteo_l0.10"
2025-05-01,"chambave","Chambave",113.037416721197,"METHOD_F+meteo_l0.10"
2025-06-01,"chambave","Chambave",103.998285017083,"METHOD_F+meteo_l0.10"
2025-07-01,"chambave","Chambave",146.701283412219,"METHOD_F+meteo_l0.10"
2025-08-01,"chambave","Chambave",162.447126534667,"METHOD_F+meteo_l0.10"
2025-09-01,"chambave","Chambave",103.595171598508,"METHOD_F+meteo_l0.10"
2025-01-01,"chamois","Chamois",723.317140222199,"METHOD_F+meteo_l0.10"
2025-02-01,"chamois","Chamois",780.954244676434,"METHOD_F+meteo_l0.10"
2025-03-01,"chamois","Chamois",516.178993754871,"METHOD_F+meteo_l0.10"
2025-04-01,"chamois","Chamois",3.84021624040618,"METHOD_F+meteo_l0.10"
2025-05-01,"chamois","Chamois",10.7376901869063,"METHOD_F+meteo_l0.10"
2025-06-01,"chamois","Chamois",147.393682745733,"METHOD_F+meteo_l0.10"
2025-07-01,"chamois","Chamois",645.917951747918,"METHOD_F+meteo_l0.10"
2025-08-01,"chamois","Chamois",719.488408587325,"METHOD_F+meteo_l0.10"
2025-09-01,"chamois","Chamois",220.988629154462,"METHOD_F+meteo_l0.10"
2025-01-01,"champdepraz","Champdepraz",325.095591435508,"METHOD_F+meteo_l0.10"
2025-02-01,"champdepraz","Champdepraz",320.106504345594,"METHOD_F+meteo_l0.10"
2025-03-01,"champdepraz","Champdepraz",146.063677189655,"METHOD_F+meteo_l0.10"
2025-04-01,"champdepraz","Champdepraz",230.171168270889,"METHOD_F+meteo_l0.10"
2025-05-01,"champdepraz","Champdepraz",77.0624268125151,"METHOD_F+meteo_l0.10"
2025-06-01,"champdepraz","Champdepraz",249.936484512207,"METHOD_F+meteo_l0.10"
2025-07-01,"champdepraz","Champdepraz",308.860778129896,"METHOD_F+meteo_l0.10"
2025-08-01,"champdepraz","Champdepraz",362.954249690039,"METHOD_F+meteo_l0.10"
2025-09-01,"champdepraz","Champdepraz",260.002607167045,"METHOD_F+meteo_l0.10"
2025-01-01,"champorcher","Champorcher",755.755921660996,"METHOD_F+meteo_l0.10"
2025-02-01,"champorcher","Champorcher",728.520748398394,"METHOD_F+meteo_l0.10"
2025-03-01,"champorcher","Champorcher",242.27657512288,"METHOD_F+meteo_l0.10"
2025-04-01,"champorcher","Champorcher",93.9932011543047,"METHOD_F+meteo_l0.10"
2025-05-01,"champorcher","Champorcher",65.2727563986355,"METHOD_F+meteo_l0.10"
2025-06-01,"champorcher","Champorcher",397.553826415367,"METHOD_F+meteo_l0.10"
2025-07-01,"champorcher","Champorcher",1764.13080957195,"METHOD_F+meteo_l0.10"
2025-08-01,"champorcher","Champorcher",1561.23450112862,"METHOD_F+meteo_l0.10"
2025-09-01,"champorcher","Champorcher",417.152954815115,"METHOD_F+meteo_l0.10"
2025-01-01,"charvensod","Charvensod",1906.7573626869,"METHOD_F+meteo_l0.10"
2025-02-01,"charvensod","Charvensod",1686.28130060372,"METHOD_F+meteo_l0.10"
2025-03-01,"charvensod","Charvensod",1839.00162716618,"METHOD_F+meteo_l0.10"
2025-04-01,"charvensod","Charvensod",1783.70588110226,"METHOD_F+meteo_l0.10"
2025-05-01,"charvensod","Charvensod",2178.40476962995,"METHOD_F+meteo_l0.10"
2025-06-01,"charvensod","Charvensod",2110.97042236526,"METHOD_F+meteo_l0.10"
2025-07-01,"charvensod","Charvensod",2980.02288654468,"METHOD_F+meteo_l0.10"
2025-08-01,"charvensod","Charvensod",3124.16922932463,"METHOD_F+meteo_l0.10"
2025-09-01,"charvensod","Charvensod",2074.22231708739,"METHOD_F+meteo_l0.10"
2025-01-01,"chatillon","Châtillon",3502.68767217344,"METHOD_F+meteo_l0.10"
2025-02-01,"chatillon","Châtillon",3057.04607673682,"METHOD_F+meteo_l0.10"
2025-03-01,"chatillon","Châtillon",2502.44773600249,"METHOD_F+meteo_l0.10"
2025-04-01,"chatillon","Châtillon",2944.58768258432,"METHOD_F+meteo_l0.10"
2025-05-01,"chatillon","Châtillon",2590.96486392895,"METHOD_F+meteo_l0.10"
2025-06-01,"chatillon","Châtillon",2861.68081790585,"METHOD_F+meteo_l0.10"
2025-07-01,"chatillon","Châtillon",3649.1258474061,"METHOD_F+meteo_l0.10"
2025-08-01,"chatillon","Châtillon",4099.91244536594,"METHOD_F+meteo_l0.10"
2025-09-01,"chatillon","Châtillon",2639.00983924842,"METHOD_F+meteo_l0.10"
2025-01-01,"cogne","Cogne",8301.24091978917,"METHOD_F+meteo_l0.10"
2025-02-01,"cogne","Cogne",7189.23715494556,"METHOD_F+meteo_l0.10"
2025-03-01,"cogne","Cogne",5241.89259286917,"METHOD_F+meteo_l0.10"
2025-04-01,"cogne","Cogne",1238.65460273054,"METHOD_F+meteo_l0.10"
2025-05-01,"cogne","Cogne",3100.041746083,"METHOD_F+meteo_l0.10"
2025-06-01,"cogne","Cogne",6573.63228588673,"METHOD_F+meteo_l0.10"
2025-07-01,"cogne","Cogne",2481.2679992975,"METHOD_F+meteo_l0.10"
2025-08-01,"cogne","Cogne",12303.3611158416,"METHOD_F+meteo_l0.10"
2025-09-01,"cogne","Cogne",6745.64969935915,"METHOD_F+meteo_l0.10"
2025-01-01,"courmayeur","Courmayeur",22858.0122607888,"METHOD_F+meteo_l0.10"
2025-02-01,"courmayeur","Courmayeur",21601.8226194836,"METHOD_F+meteo_l0.10"
2025-03-01,"courmayeur","Courmayeur",18341.1239360277,"METHOD_F+meteo_l0.10"
2025-04-01,"courmayeur","Courmayeur",4895.81727839328,"METHOD_F+meteo_l0.10"
2025-05-01,"courmayeur","Courmayeur",2231.19285834602,"METHOD_F+meteo_l0.10"
2025-06-01,"courmayeur","Courmayeur",28757.7894805192,"METHOD_F+meteo_l0.10"
2025-07-01,"courmayeur","Courmayeur",57329.5369103379,"METHOD_F+meteo_l0.10"
2025-08-01,"courmayeur","Courmayeur",52602.6728352449,"METHOD_F+meteo_l0.10"
2025-09-01,"courmayeur","Courmayeur",24906.1407760782,"METHOD_F+meteo_l0.10"
2025-01-01,"donnas","Donnas",127.33999364174,"METHOD_F+meteo_l0.10"
2025-02-01,"donnas","Donnas",129.400448873971,"METHOD_F+meteo_l0.10"
2025-03-01,"donnas","Donnas",103.17733066091,"METHOD_F+meteo_l0.10"
2025-04-01,"donnas","Donnas",157.838161329558,"METHOD_F+meteo_l0.10"
2025-05-01,"donnas","Donnas",215.283353805015,"METHOD_F+meteo_l0.10"
2025-06-01,"donnas","Donnas",269.127506860465,"METHOD_F+meteo_l0.10"
2025-07-01,"donnas","Donnas",489.722335832861,"METHOD_F+meteo_l0.10"
2025-08-01,"donnas","Donnas",470.304906201106,"METHOD_F+meteo_l0.10"
2025-09-01,"donnas","Donnas",192.43723567287,"METHOD_F+meteo_l0.10"
2025-01-01,"doues","Doues",184.210074691764,"METHOD_F+meteo_l0.10"
2025-02-01,"doues","Doues",147.504922493944,"METHOD_F+meteo_l0.10"
2025-03-01,"doues","Doues",153.743117367286,"METHOD_F+meteo_l0.10"
2025-04-01,"doues","Doues",119.373413498444,"METHOD_F+meteo_l0.10"
2025-05-01,"doues","Doues",102.934863139819,"METHOD_F+meteo_l0.10"
2025-06-01,"doues","Doues",292.016250004323,"METHOD_F+meteo_l0.10"
2025-07-01,"doues","Doues",586.217672940669,"METHOD_F+meteo_l0.10"
2025-08-01,"doues","Doues",442.196221915545,"METHOD_F+meteo_l0.10"
2025-09-01,"doues","Doues",327.826420347709,"METHOD_F+meteo_l0.10"
2025-01-01,"emarese","Emarèse",37.0579432721909,"METHOD_F+meteo_l0.10"
2025-02-01,"emarese","Emarèse",33.7729518818488,"METHOD_F+meteo_l0.10"
2025-03-01,"emarese","Emarèse",24.752385988582,"METHOD_F+meteo_l0.10"
2025-04-01,"emarese","Emarèse",7.90958222707451,"METHOD_F+meteo_l0.10"
2025-05-01,"emarese","Emarèse",24.744064408884,"METHOD_F+meteo_l0.10"
2025-06-01,"emarese","Emarèse",14.8759434927359,"METHOD_F+meteo_l0.10"
2025-07-01,"emarese","Emarèse",54.6200703423508,"METHOD_F+meteo_l0.10"
2025-08-01,"emarese","Emarèse",110.598665547926,"METHOD_F+meteo_l0.10"
2025-09-01,"emarese","Emarèse",16.1173882069407,"METHOD_F+meteo_l0.10"
2025-01-01,"etroubles","Etroubles",929.832181658575,"METHOD_F+meteo_l0.10"
2025-02-01,"etroubles","Etroubles",873.760258017773,"METHOD_F+meteo_l0.10"
2025-03-01,"etroubles","Etroubles",572.766190473585,"METHOD_F+meteo_l0.10"
2025-04-01,"etroubles","Etroubles",287.205655974229,"METHOD_F+meteo_l0.10"
2025-05-01,"etroubles","Etroubles",720.627286711774,"METHOD_F+meteo_l0.10"
2025-06-01,"etroubles","Etroubles",1851.4222054174,"METHOD_F+meteo_l0.10"
2025-07-01,"etroubles","Etroubles",3677.11664568445,"METHOD_F+meteo_l0.10"
2025-08-01,"etroubles","Etroubles",3482.45667377603,"METHOD_F+meteo_l0.10"
2025-09-01,"etroubles","Etroubles",1894.36745619914,"METHOD_F+meteo_l0.10"
2025-01-01,"fenis","Fénis",679.258558167522,"METHOD_F+meteo_l0.10"
2025-02-01,"fenis","Fénis",739.51632403357,"METHOD_F+meteo_l0.10"
2025-03-01,"fenis","Fénis",580.216697402208,"METHOD_F+meteo_l0.10"
2025-04-01,"fenis","Fénis",562.220670980028,"METHOD_F+meteo_l0.10"
2025-05-01,"fenis","Fénis",646.851552643665,"METHOD_F+meteo_l0.10"
2025-06-01,"fenis","Fénis",786.13456537037,"METHOD_F+meteo_l0.10"
2025-07-01,"fenis","Fénis",1265.48823408681,"METHOD_F+meteo_l0.10"
2025-08-01,"fenis","Fénis",1323.02081058126,"METHOD_F+meteo_l0.10"
2025-09-01,"fenis","Fénis",602.299525369767,"METHOD_F+meteo_l0.10"
2025-01-01,"fontainemore","Fontainemore",79.5249165957919,"METHOD_F+meteo_l0.10"
2025-02-01,"fontainemore","Fontainemore",82.9410949800363,"METHOD_F+meteo_l0.10"
2025-03-01,"fontainemore","Fontainemore",39.5072478363325,"METHOD_F+meteo_l0.10"
2025-04-01,"fontainemore","Fontainemore",38.2727850845516,"METHOD_F+meteo_l0.10"
2025-05-01,"fontainemore","Fontainemore",44.8898059415105,"METHOD_F+meteo_l0.10"
2025-06-01,"fontainemore","Fontainemore",178.51046691682,"METHOD_F+meteo_l0.10"
2025-07-01,"fontainemore","Fontainemore",637.619594297586,"METHOD_F+meteo_l0.10"
2025-08-01,"fontainemore","Fontainemore",831.968207140306,"METHOD_F+meteo_l0.10"
2025-09-01,"fontainemore","Fontainemore",199.448313274763,"METHOD_F+meteo_l0.10"
2025-01-01,"gaby","Gaby",845.455668412247,"METHOD_F+meteo_l0.10"
2025-02-01,"gaby","Gaby",669.0704253487,"METHOD_F+meteo_l0.10"
2025-03-01,"gaby","Gaby",447.343512987305,"METHOD_F+meteo_l0.10"
2025-04-01,"gaby","Gaby",229.621709070926,"METHOD_F+meteo_l0.10"
2025-05-01,"gaby","Gaby",104.094987771442,"METHOD_F+meteo_l0.10"
2025-06-01,"gaby","Gaby",617.052230646507,"METHOD_F+meteo_l0.10"
2025-07-01,"gaby","Gaby",1343.89156092354,"METHOD_F+meteo_l0.10"
2025-08-01,"gaby","Gaby",1260.36086687549,"METHOD_F+meteo_l0.10"
2025-09-01,"gaby","Gaby",415.799159105304,"METHOD_F+meteo_l0.10"
2025-01-01,"gignod","Gignod",580.529875518746,"METHOD_F+meteo_l0.10"
2025-02-01,"gignod","Gignod",423.931322506773,"METHOD_F+meteo_l0.10"
2025-03-01,"gignod","Gignod",426.160780363855,"METHOD_F+meteo_l0.10"
2025-04-01,"gignod","Gignod",188.52583658222,"METHOD_F+meteo_l0.10"
2025-05-01,"gignod","Gignod",469.026456393008,"METHOD_F+meteo_l0.10"
2025-06-01,"gignod","Gignod",632.843999835471,"METHOD_F+meteo_l0.10"
2025-07-01,"gignod","Gignod",1821.02645307633,"METHOD_F+meteo_l0.10"
2025-08-01,"gignod","Gignod",1850.42004613291,"METHOD_F+meteo_l0.10"
2025-09-01,"gignod","Gignod",610.220444220671,"METHOD_F+meteo_l0.10"
2025-01-01,"gressan","Gressan",8684.37735888932,"METHOD_F+meteo_l0.10"
2025-02-01,"gressan","Gressan",7054.80668173457,"METHOD_F+meteo_l0.10"
2025-03-01,"gressan","Gressan",5714.20957742448,"METHOD_F+meteo_l0.10"
2025-04-01,"gressan","Gressan",1120.92917653731,"METHOD_F+meteo_l0.10"
2025-05-01,"gressan","Gressan",444.202972842746,"METHOD_F+meteo_l0.10"
2025-06-01,"gressan","Gressan",1369.62677608752,"METHOD_F+meteo_l0.10"
2025-07-01,"gressan","Gressan",7315.55950394129,"METHOD_F+meteo_l0.10"
2025-08-01,"gressan","Gressan",4494.40940900273,"METHOD_F+meteo_l0.10"
2025-09-01,"gressan","Gressan",616.305662391968,"METHOD_F+meteo_l0.10"
2025-01-01,"gressoney la trinite","Gressoney-La-Trinité",4302.43999356827,"METHOD_F+meteo_l0.10"
2025-02-01,"gressoney la trinite","Gressoney-La-Trinité",3979.72745816015,"METHOD_F+meteo_l0.10"
2025-03-01,"gressoney la trinite","Gressoney-La-Trinité",4420.54795176322,"METHOD_F+meteo_l0.10"
2025-04-01,"gressoney la trinite","Gressoney-La-Trinité",2153.23470960685,"METHOD_F+meteo_l0.10"
2025-05-01,"gressoney la trinite","Gressoney-La-Trinité",66.8964408580177,"METHOD_F+meteo_l0.10"
2025-06-01,"gressoney la trinite","Gressoney-La-Trinité",7891.99267166667,"METHOD_F+meteo_l0.10"
2025-07-01,"gressoney la trinite","Gressoney-La-Trinité",15959.7614842598,"METHOD_F+meteo_l0.10"
2025-08-01,"gressoney la trinite","Gressoney-La-Trinité",13507.9051116187,"METHOD_F+meteo_l0.10"
2025-09-01,"gressoney la trinite","Gressoney-La-Trinité",3302.20203381919,"METHOD_F+meteo_l0.10"
2025-01-01,"gressoney saint jean","Gressoney-Saint-Jean",4366.83339082294,"METHOD_F+meteo_l0.10"
2025-02-01,"gressoney saint jean","Gressoney-Saint-Jean",4622.20011253339,"METHOD_F+meteo_l0.10"
2025-03-01,"gressoney saint jean","Gressoney-Saint-Jean",3478.32926153614,"METHOD_F+meteo_l0.10"
2025-04-01,"gressoney saint jean","Gressoney-Saint-Jean",1088.54318749593,"METHOD_F+meteo_l0.10"
2025-05-01,"gressoney saint jean","Gressoney-Saint-Jean",647.918081335321,"METHOD_F+meteo_l0.10"
2025-06-01,"gressoney saint jean","Gressoney-Saint-Jean",2633.6019748626,"METHOD_F+meteo_l0.10"
2025-07-01,"gressoney saint jean","Gressoney-Saint-Jean",5091.67721478838,"METHOD_F+meteo_l0.10"
2025-08-01,"gressoney saint jean","Gressoney-Saint-Jean",4792.57979631337,"METHOD_F+meteo_l0.10"
2025-09-01,"gressoney saint jean","Gressoney-Saint-Jean",1579.65962620776,"METHOD_F+meteo_l0.10"
2025-01-01,"hone","Hône",89.6444184637019,"METHOD_F+meteo_l0.10"
2025-02-01,"hone","Hône",63.2964824580927,"METHOD_F+meteo_l0.10"
2025-03-01,"hone","Hône",53.5546188588972,"METHOD_F+meteo_l0.10"
2025-04-01,"hone","Hône",66.9955693517123,"METHOD_F+meteo_l0.10"
2025-05-01,"hone","Hône",53.611656968345,"METHOD_F+meteo_l0.10"
2025-06-01,"hone","Hône",82.0650419808422,"METHOD_F+meteo_l0.10"
2025-07-01,"hone","Hône",157.479025131499,"METHOD_F+meteo_l0.10"
2025-08-01,"hone","Hône",325.121841003269,"METHOD_F+meteo_l0.10"
2025-09-01,"hone","Hône",87.4413770621258,"METHOD_F+meteo_l0.10"
2025-01-01,"introd","Introd",430.677761247982,"METHOD_F+meteo_l0.10"
2025-02-01,"introd","Introd",583.993539317892,"METHOD_F+meteo_l0.10"
2025-03-01,"introd","Introd",398.519481088673,"METHOD_F+meteo_l0.10"
2025-04-01,"introd","Introd",254.836841426508,"METHOD_F+meteo_l0.10"
2025-05-01,"introd","Introd",234.033565062887,"METHOD_F+meteo_l0.10"
2025-06-01,"introd","Introd",556.828336812692,"METHOD_F+meteo_l0.10"
2025-07-01,"introd","Introd",1070.49754409634,"METHOD_F+meteo_l0.10"
2025-08-01,"introd","Introd",885.26093359311,"METHOD_F+meteo_l0.10"
2025-09-01,"introd","Introd",404.206318877505,"METHOD_F+meteo_l0.10"
2025-01-01,"issime","Issime",107.199953298769,"METHOD_F+meteo_l0.10"
2025-02-01,"issime","Issime",95.8696899235684,"METHOD_F+meteo_l0.10"
2025-03-01,"issime","Issime",98.9271338268285,"METHOD_F+meteo_l0.10"
2025-04-01,"issime","Issime",55.7984298311516,"METHOD_F+meteo_l0.10"
2025-05-01,"issime","Issime",28.5985163643347,"METHOD_F+meteo_l0.10"
2025-06-01,"issime","Issime",89.735153034786,"METHOD_F+meteo_l0.10"
2025-07-01,"issime","Issime",81.1450859051805,"METHOD_F+meteo_l0.10"
2025-08-01,"issime","Issime",82.1366943152737,"METHOD_F+meteo_l0.10"
2025-09-01,"issime","Issime",63.9856657664238,"METHOD_F+meteo_l0.10"
2025-01-01,"issogne","Issogne",11.0194555850336,"METHOD_F+meteo_l0.10"
2025-02-01,"issogne","Issogne",17.6201398102484,"METHOD_F+meteo_l0.10"
2025-03-01,"issogne","Issogne",22.2833646960098,"METHOD_F+meteo_l0.10"
2025-04-01,"issogne","Issogne",20.3887110806275,"METHOD_F+meteo_l0.10"
2025-05-01,"issogne","Issogne",50.0893114504196,"METHOD_F+meteo_l0.10"
2025-06-01,"issogne","Issogne",16.0003172097466,"METHOD_F+meteo_l0.10"
2025-07-01,"issogne","Issogne",49.8276975574941,"METHOD_F+meteo_l0.10"
2025-08-01,"issogne","Issogne",68.3436377916715,"METHOD_F+meteo_l0.10"
2025-09-01,"issogne","Issogne",38.7356029370981,"METHOD_F+meteo_l0.10"
2025-01-01,"jovencan","Jovençan",857.108308729986,"METHOD_F+meteo_l0.10"
2025-02-01,"jovencan","Jovençan",753.519615371504,"METHOD_F+meteo_l0.10"
2025-03-01,"jovencan","Jovençan",639.443009737923,"METHOD_F+meteo_l0.10"
2025-04-01,"jovencan","Jovençan",429.853950382403,"METHOD_F+meteo_l0.10"
2025-05-01,"jovencan","Jovençan",601.53498201831,"METHOD_F+meteo_l0.10"
2025-06-01,"jovencan","Jovençan",504.688376193243,"METHOD_F+meteo_l0.10"
2025-07-01,"jovencan","Jovençan",750.136610705826,"METHOD_F+meteo_l0.10"
2025-08-01,"jovencan","Jovençan",717.236753016156,"METHOD_F+meteo_l0.10"
2025-09-01,"jovencan","Jovençan",481.259462645688,"METHOD_F+meteo_l0.10"
2025-01-01,"la magdeleine","La Magdeleine",105.453926989861,"METHOD_F+meteo_l0.10"
2025-02-01,"la magdeleine","La Magdeleine",146.054117877774,"METHOD_F+meteo_l0.10"
2025-03-01,"la magdeleine","La Magdeleine",94.8234461264066,"METHOD_F+meteo_l0.10"
2025-04-01,"la magdeleine","La Magdeleine",1.08810430185288,"METHOD_F+meteo_l0.10"
2025-05-01,"la magdeleine","La Magdeleine",21.0448196557501,"METHOD_F+meteo_l0.10"
2025-06-01,"la magdeleine","La Magdeleine",100.280395000055,"METHOD_F+meteo_l0.10"
2025-07-01,"la magdeleine","La Magdeleine",144.899573483743,"METHOD_F+meteo_l0.10"
2025-08-01,"la magdeleine","La Magdeleine",161.050724692827,"METHOD_F+meteo_l0.10"
2025-09-01,"la magdeleine","La Magdeleine",55.7916159990951,"METHOD_F+meteo_l0.10"
2025-01-01,"la salle","La Salle",2883.48140466979,"METHOD_F+meteo_l0.10"
2025-02-01,"la salle","La Salle",2752.02250030511,"METHOD_F+meteo_l0.10"
2025-03-01,"la salle","La Salle",2241.1043138968,"METHOD_F+meteo_l0.10"
2025-04-01,"la salle","La Salle",924.764346130801,"METHOD_F+meteo_l0.10"
2025-05-01,"la salle","La Salle",1119.56320965561,"METHOD_F+meteo_l0.10"
2025-06-01,"la salle","La Salle",1767.91078551708,"METHOD_F+meteo_l0.10"
2025-07-01,"la salle","La Salle",3368.83555779452,"METHOD_F+meteo_l0.10"
2025-08-01,"la salle","La Salle",2985.98866169527,"METHOD_F+meteo_l0.10"
2025-09-01,"la salle","La Salle",1017.47100921925,"METHOD_F+meteo_l0.10"
2025-01-01,"la thuile","La Thuile",9676.21386979899,"METHOD_F+meteo_l0.10"
2025-02-01,"la thuile","La Thuile",9754.68231597994,"METHOD_F+meteo_l0.10"
2025-03-01,"la thuile","La Thuile",10150.0296658366,"METHOD_F+meteo_l0.10"
2025-04-01,"la thuile","La Thuile",846.093506267931,"METHOD_F+meteo_l0.10"
2025-05-01,"la thuile","La Thuile",27.7600245044805,"METHOD_F+meteo_l0.10"
2025-06-01,"la thuile","La Thuile",5056.88294649435,"METHOD_F+meteo_l0.10"
2025-07-01,"la thuile","La Thuile",12333.0269981177,"METHOD_F+meteo_l0.10"
2025-08-01,"la thuile","La Thuile",10818.3970842013,"METHOD_F+meteo_l0.10"
2025-09-01,"la thuile","La Thuile",4027.67682927997,"METHOD_F+meteo_l0.10"
2025-01-01,"lillianes","Lillianes",83.0025212135265,"METHOD_F+meteo_l0.10"
2025-02-01,"lillianes","Lillianes",63.0755063052308,"METHOD_F+meteo_l0.10"
2025-03-01,"lillianes","Lillianes",51.5843096476162,"METHOD_F+meteo_l0.10"
2025-04-01,"lillianes","Lillianes",81.6447524394362,"METHOD_F+meteo_l0.10"
2025-05-01,"lillianes","Lillianes",152.527355034266,"METHOD_F+meteo_l0.10"
2025-06-01,"lillianes","Lillianes",255.033507656319,"METHOD_F+meteo_l0.10"
2025-07-01,"lillianes","Lillianes",730.57982460914,"METHOD_F+meteo_l0.10"
2025-08-01,"lillianes","Lillianes",592.937122211332,"METHOD_F+meteo_l0.10"
2025-09-01,"lillianes","Lillianes",168.726762768328,"METHOD_F+meteo_l0.10"
2025-01-01,"montjovet","Montjovet",772.502851741481,"METHOD_F+meteo_l0.10"
2025-02-01,"montjovet","Montjovet",743.476356794529,"METHOD_F+meteo_l0.10"
2025-03-01,"montjovet","Montjovet",405.338691412511,"METHOD_F+meteo_l0.10"
2025-04-01,"montjovet","Montjovet",465.205260978304,"METHOD_F+meteo_l0.10"
2025-05-01,"montjovet","Montjovet",561.389322422034,"METHOD_F+meteo_l0.10"
2025-06-01,"montjovet","Montjovet",497.109051977917,"METHOD_F+meteo_l0.10"
2025-07-01,"montjovet","Montjovet",547.591494809917,"METHOD_F+meteo_l0.10"
2025-08-01,"montjovet","Montjovet",1206.699566713,"METHOD_F+meteo_l0.10"
2025-09-01,"montjovet","Montjovet",247.331120958767,"METHOD_F+meteo_l0.10"
2025-01-01,"morgex","Morgex",1422.3124331376,"METHOD_F+meteo_l0.10"
2025-02-01,"morgex","Morgex",1252.17314171477,"METHOD_F+meteo_l0.10"
2025-03-01,"morgex","Morgex",1402.74452161707,"METHOD_F+meteo_l0.10"
2025-04-01,"morgex","Morgex",623.779134711471,"METHOD_F+meteo_l0.10"
2025-05-01,"morgex","Morgex",628.976386459649,"METHOD_F+meteo_l0.10"
2025-06-01,"morgex","Morgex",1305.55435399808,"METHOD_F+meteo_l0.10"
2025-07-01,"morgex","Morgex",2469.28962333909,"METHOD_F+meteo_l0.10"
2025-08-01,"morgex","Morgex",3009.94467269456,"METHOD_F+meteo_l0.10"
2025-09-01,"morgex","Morgex",1074.38540343546,"METHOD_F+meteo_l0.10"
2025-01-01,"nus","Nus",1550.92510003331,"METHOD_F+meteo_l0.10"
2025-02-01,"nus","Nus",1235.05272240549,"METHOD_F+meteo_l0.10"
2025-03-01,"nus","Nus",1232.97143208331,"METHOD_F+meteo_l0.10"
2025-04-01,"nus","Nus",1012.71838210604,"METHOD_F+meteo_l0.10"
2025-05-01,"nus","Nus",1108.64672474138,"METHOD_F+meteo_l0.10"
2025-06-01,"nus","Nus",982.881598584326,"METHOD_F+meteo_l0.10"
2025-07-01,"nus","Nus",1979.42773497021,"METHOD_F+meteo_l0.10"
2025-08-01,"nus","Nus",2151.5045750056,"METHOD_F+meteo_l0.10"
2025-09-01,"nus","Nus",837.783726682694,"METHOD_F+meteo_l0.10"
2025-01-01,"ollomont","Ollomont",27.0214109098933,"METHOD_F+meteo_l0.10"
2025-02-01,"ollomont","Ollomont",6.49314790003062,"METHOD_F+meteo_l0.10"
2025-03-01,"ollomont","Ollomont",9.32709574953527,"METHOD_F+meteo_l0.10"
2025-04-01,"ollomont","Ollomont",10.882804963975,"METHOD_F+meteo_l0.10"
2025-05-01,"ollomont","Ollomont",2.20034864193649,"METHOD_F+meteo_l0.10"
2025-06-01,"ollomont","Ollomont",29.0352938339127,"METHOD_F+meteo_l0.10"
2025-07-01,"ollomont","Ollomont",493.215117828758,"METHOD_F+meteo_l0.10"
2025-08-01,"ollomont","Ollomont",694.890686232677,"METHOD_F+meteo_l0.10"
2025-09-01,"ollomont","Ollomont",107.276669251894,"METHOD_F+meteo_l0.10"
2025-01-01,"oyace","Oyace",7.77205107371816,"METHOD_F+meteo_l0.10"
2025-02-01,"oyace","Oyace",9.97379757757812,"METHOD_F+meteo_l0.10"
2025-03-01,"oyace","Oyace",6.76248296446111,"METHOD_F+meteo_l0.10"
2025-04-01,"oyace","Oyace",7.33003903260371e-05,"METHOD_F+meteo_l0.10"
2025-05-01,"oyace","Oyace",5.73795740509686e-05,"METHOD_F+meteo_l0.10"
2025-06-01,"oyace","Oyace",8.64675284964705,"METHOD_F+meteo_l0.10"
2025-07-01,"oyace","Oyace",9.70239016987929,"METHOD_F+meteo_l0.10"
2025-08-01,"oyace","Oyace",1.93760609911543,"METHOD_F+meteo_l0.10"
2025-09-01,"oyace","Oyace",4.93560695488315,"METHOD_F+meteo_l0.10"
2025-01-01,"perloz","Perloz",103.833704103666,"METHOD_F+meteo_l0.10"
2025-02-01,"perloz","Perloz",89.5828499989903,"METHOD_F+meteo_l0.10"
2025-03-01,"perloz","Perloz",61.4643815820543,"METHOD_F+meteo_l0.10"
2025-04-01,"perloz","Perloz",77.2699004214272,"METHOD_F+meteo_l0.10"
2025-05-01,"perloz","Perloz",69.2576600667972,"METHOD_F+meteo_l0.10"
2025-06-01,"perloz","Perloz",117.560849431258,"METHOD_F+meteo_l0.10"
2025-07-01,"perloz","Perloz",207.281735589017,"METHOD_F+meteo_l0.10"
2025-08-01,"perloz","Perloz",216.968518476921,"METHOD_F+meteo_l0.10"
2025-09-01,"perloz","Perloz",119.87407363327,"METHOD_F+meteo_l0.10"
2025-01-01,"pollein","Pollein",3777.91196428113,"METHOD_F+meteo_l0.10"
2025-02-01,"pollein","Pollein",3009.71801932192,"METHOD_F+meteo_l0.10"
2025-03-01,"pollein","Pollein",3073.48567651262,"METHOD_F+meteo_l0.10"
2025-04-01,"pollein","Pollein",3094.99747011574,"METHOD_F+meteo_l0.10"
2025-05-01,"pollein","Pollein",3835.57389478537,"METHOD_F+meteo_l0.10"
2025-06-01,"pollein","Pollein",3689.89936386021,"METHOD_F+meteo_l0.10"
2025-07-01,"pollein","Pollein",3918.92327895511,"METHOD_F+meteo_l0.10"
2025-08-01,"pollein","Pollein",3706.90703141154,"METHOD_F+meteo_l0.10"
2025-09-01,"pollein","Pollein",3114.38312034332,"METHOD_F+meteo_l0.10"
2025-01-01,"pont saint martin","Pont-Saint-Martin",574.632205206772,"METHOD_F+meteo_l0.10"
2025-02-01,"pont saint martin","Pont-Saint-Martin",567.12254292454,"METHOD_F+meteo_l0.10"
2025-03-01,"pont saint martin","Pont-Saint-Martin",532.164609931084,"METHOD_F+meteo_l0.10"
2025-04-01,"pont saint martin","Pont-Saint-Martin",641.635659881382,"METHOD_F+meteo_l0.10"
2025-05-01,"pont saint martin","Pont-Saint-Martin",570.786722649983,"METHOD_F+meteo_l0.10"
2025-06-01,"pont saint martin","Pont-Saint-Martin",820.980507771572,"METHOD_F+meteo_l0.10"
2025-07-01,"pont saint martin","Pont-Saint-Martin",1027.79846161545,"METHOD_F+meteo_l0.10"
2025-08-01,"pont saint martin","Pont-Saint-Martin",1133.75741984337,"METHOD_F+meteo_l0.10"
2025-09-01,"pont saint martin","Pont-Saint-Martin",735.267108937685,"METHOD_F+meteo_l0.10"
2025-01-01,"pontboset","Pontboset",134.357665843767,"METHOD_F+meteo_l0.10"
2025-02-01,"pontboset","Pontboset",118.378770384091,"METHOD_F+meteo_l0.10"
2025-03-01,"pontboset","Pontboset",92.9498154774746,"METHOD_F+meteo_l0.10"
2025-04-01,"pontboset","Pontboset",54.4038948105603,"METHOD_F+meteo_l0.10"
2025-05-01,"pontboset","Pontboset",105.089539409144,"METHOD_F+meteo_l0.10"
2025-06-01,"pontboset","Pontboset",222.904994717918,"METHOD_F+meteo_l0.10"
2025-07-01,"pontboset","Pontboset",395.368104575088,"METHOD_F+meteo_l0.10"
2025-08-01,"pontboset","Pontboset",540.251954252917,"METHOD_F+meteo_l0.10"
2025-09-01,"pontboset","Pontboset",121.649237831522,"METHOD_F+meteo_l0.10"
2025-01-01,"pontey","Pontey",104.607643241289,"METHOD_F+meteo_l0.10"
2025-02-01,"pontey","Pontey",70.7385583590749,"METHOD_F+meteo_l0.10"
2025-03-01,"pontey","Pontey",53.8667241300725,"METHOD_F+meteo_l0.10"
2025-04-01,"pontey","Pontey",74.8710755809042,"METHOD_F+meteo_l0.10"
2025-05-01,"pontey","Pontey",98.3347909880636,"METHOD_F+meteo_l0.10"
2025-06-01,"pontey","Pontey",82.8908818125288,"METHOD_F+meteo_l0.10"
2025-07-01,"pontey","Pontey",218.381617766352,"METHOD_F+meteo_l0.10"
2025-08-01,"pontey","Pontey",360.592894722631,"METHOD_F+meteo_l0.10"
2025-09-01,"pontey","Pontey",65.4678474787551,"METHOD_F+meteo_l0.10"
2025-01-01,"pre saint didier","Pré-Saint-Didier",8657.33803339146,"METHOD_F+meteo_l0.10"
2025-02-01,"pre saint didier","Pré-Saint-Didier",7526.10661897967,"METHOD_F+meteo_l0.10"
2025-03-01,"pre saint didier","Pré-Saint-Didier",6923.29576020886,"METHOD_F+meteo_l0.10"
2025-04-01,"pre saint didier","Pré-Saint-Didier",4009.960999987,"METHOD_F+meteo_l0.10"
2025-05-01,"pre saint didier","Pré-Saint-Didier",3311.30645675079,"METHOD_F+meteo_l0.10"
2025-06-01,"pre saint didier","Pré-Saint-Didier",3536.49507344678,"METHOD_F+meteo_l0.10"
2025-07-01,"pre saint didier","Pré-Saint-Didier",5629.75801950949,"METHOD_F+meteo_l0.10"
2025-08-01,"pre saint didier","Pré-Saint-Didier",5574.80227463639,"METHOD_F+meteo_l0.10"
2025-09-01,"pre saint didier","Pré-Saint-Didier",4061.75033094229,"METHOD_F+meteo_l0.10"
2025-01-01,"quart","Quart",768.992154098206,"METHOD_F+meteo_l0.10"
2025-02-01,"quart","Quart",683.068716342207,"METHOD_F+meteo_l0.10"
2025-03-01,"quart","Quart",562.98151968216,"METHOD_F+meteo_l0.10"
2025-04-01,"quart","Quart",494.48537681315,"METHOD_F+meteo_l0.10"
2025-05-01,"quart","Quart",683.892355187573,"METHOD_F+meteo_l0.10"
2025-06-01,"quart","Quart",632.547177101623,"METHOD_F+meteo_l0.10"
2025-07-01,"quart","Quart",1118.29980325384,"METHOD_F+meteo_l0.10"
2025-08-01,"quart","Quart",1113.16225646902,"METHOD_F+meteo_l0.10"
2025-09-01,"quart","Quart",658.602085409454,"METHOD_F+meteo_l0.10"
2025-01-01,"rhemes notre dame","Rhêmes-Notre-Dame",1737.01610471137,"METHOD_F+meteo_l0.10"
2025-02-01,"rhemes notre dame","Rhêmes-Notre-Dame",960.285222326664,"METHOD_F+meteo_l0.10"
2025-03-01,"rhemes notre dame","Rhêmes-Notre-Dame",1185.99354127944,"METHOD_F+meteo_l0.10"
2025-04-01,"rhemes notre dame","Rhêmes-Notre-Dame",257.092887994424,"METHOD_F+meteo_l0.10"
2025-05-01,"rhemes notre dame","Rhêmes-Notre-Dame",133.126318684689,"METHOD_F+meteo_l0.10"
2025-06-01,"rhemes notre dame","Rhêmes-Notre-Dame",830.208617368864,"METHOD_F+meteo_l0.10"
2025-07-01,"rhemes notre dame","Rhêmes-Notre-Dame",1601.70200848495,"METHOD_F+meteo_l0.10"
2025-08-01,"rhemes notre dame","Rhêmes-Notre-Dame",1705.30319181122,"METHOD_F+meteo_l0.10"
2025-09-01,"rhemes notre dame","Rhêmes-Notre-Dame",683.309935929369,"METHOD_F+meteo_l0.10"
2025-01-01,"rhemes saint georges","Rhêmes-Saint-Georges",169.104305294616,"METHOD_F+meteo_l0.10"
2025-02-01,"rhemes saint georges","Rhêmes-Saint-Georges",195.492095866123,"METHOD_F+meteo_l0.10"
2025-03-01,"rhemes saint georges","Rhêmes-Saint-Georges",44.5381052056382,"METHOD_F+meteo_l0.10"
2025-04-01,"rhemes saint georges","Rhêmes-Saint-Georges",24.2337484894451,"METHOD_F+meteo_l0.10"
2025-05-01,"rhemes saint georges","Rhêmes-Saint-Georges",61.5169458613854,"METHOD_F+meteo_l0.10"
2025-06-01,"rhemes saint georges","Rhêmes-Saint-Georges",304.479312174408,"METHOD_F+meteo_l0.10"
2025-07-01,"rhemes saint georges","Rhêmes-Saint-Georges",1887.24425734695,"METHOD_F+meteo_l0.10"
2025-08-01,"rhemes saint georges","Rhêmes-Saint-Georges",1998.92762282643,"METHOD_F+meteo_l0.10"
2025-09-01,"rhemes saint georges","Rhêmes-Saint-Georges",246.438967354148,"METHOD_F+meteo_l0.10"
2025-01-01,"roisan","Roisan",192.384736982392,"METHOD_F+meteo_l0.10"
2025-02-01,"roisan","Roisan",94.3517139819526,"METHOD_F+meteo_l0.10"
2025-03-01,"roisan","Roisan",85.5187616009037,"METHOD_F+meteo_l0.10"
2025-04-01,"roisan","Roisan",56.0979264157047,"METHOD_F+meteo_l0.10"
2025-05-01,"roisan","Roisan",60.5136978917595,"METHOD_F+meteo_l0.10"
2025-06-01,"roisan","Roisan",170.076288488383,"METHOD_F+meteo_l0.10"
2025-07-01,"roisan","Roisan",266.70979049628,"METHOD_F+meteo_l0.10"
2025-08-01,"roisan","Roisan",263.729119374533,"METHOD_F+meteo_l0.10"
2025-09-01,"roisan","Roisan",120.039669843077,"METHOD_F+meteo_l0.10"
2025-01-01,"saint christophe","Saint-Christophe",777.03938762557,"METHOD_F+meteo_l0.10"
2025-02-01,"saint christophe","Saint-Christophe",583.928263232335,"METHOD_F+meteo_l0.10"
2025-03-01,"saint christophe","Saint-Christophe",398.46167513064,"METHOD_F+meteo_l0.10"
2025-04-01,"saint christophe","Saint-Christophe",394.804039080782,"METHOD_F+meteo_l0.10"
2025-05-01,"saint christophe","Saint-Christophe",605.305308235575,"METHOD_F+meteo_l0.10"
2025-06-01,"saint christophe","Saint-Christophe",582.59365608134,"METHOD_F+meteo_l0.10"
2025-07-01,"saint christophe","Saint-Christophe",799.946845578235,"METHOD_F+meteo_l0.10"
2025-08-01,"saint christophe","Saint-Christophe",833.440255757439,"METHOD_F+meteo_l0.10"
2025-09-01,"saint christophe","Saint-Christophe",605.714541242557,"METHOD_F+meteo_l0.10"
2025-01-01,"saint denis","Saint-Denis",9.94156625482985,"METHOD_F+meteo_l0.10"
2025-02-01,"saint denis","Saint-Denis",26.8792659804033,"METHOD_F+meteo_l0.10"
2025-03-01,"saint denis","Saint-Denis",6.74459219702682,"METHOD_F+meteo_l0.10"
2025-04-01,"saint denis","Saint-Denis",8.50832393461981,"METHOD_F+meteo_l0.10"
2025-05-01,"saint denis","Saint-Denis",58.7487673459621,"METHOD_F+meteo_l0.10"
2025-06-01,"saint denis","Saint-Denis",35.4221819582609,"METHOD_F+meteo_l0.10"
2025-07-01,"saint denis","Saint-Denis",168.267326764879,"METHOD_F+meteo_l0.10"
2025-08-01,"saint denis","Saint-Denis",147.400548357091,"METHOD_F+meteo_l0.10"
2025-09-01,"saint denis","Saint-Denis",34.9571314665864,"METHOD_F+meteo_l0.10"
2025-01-01,"saint marcel","Saint-Marcel",65.6985898439361,"METHOD_F+meteo_l0.10"
2025-02-01,"saint marcel","Saint-Marcel",87.1045414885077,"METHOD_F+meteo_l0.10"
2025-03-01,"saint marcel","Saint-Marcel",66.4278741208613,"METHOD_F+meteo_l0.10"
2025-04-01,"saint marcel","Saint-Marcel",37.5729502114125,"METHOD_F+meteo_l0.10"
2025-05-01,"saint marcel","Saint-Marcel",86.8116737330929,"METHOD_F+meteo_l0.10"
2025-06-01,"saint marcel","Saint-Marcel",63.4413772996987,"METHOD_F+meteo_l0.10"
2025-07-01,"saint marcel","Saint-Marcel",154.417181386042,"METHOD_F+meteo_l0.10"
2025-08-01,"saint marcel","Saint-Marcel",268.078719611383,"METHOD_F+meteo_l0.10"
2025-09-01,"saint marcel","Saint-Marcel",50.0560980971693,"METHOD_F+meteo_l0.10"
2025-01-01,"saint nicolas","Saint-Nicolas",474.449379464042,"METHOD_F+meteo_l0.10"
2025-02-01,"saint nicolas","Saint-Nicolas",396.84864564094,"METHOD_F+meteo_l0.10"
2025-03-01,"saint nicolas","Saint-Nicolas",361.718102354854,"METHOD_F+meteo_l0.10"
2025-04-01,"saint nicolas","Saint-Nicolas",209.99286394733,"METHOD_F+meteo_l0.10"
2025-05-01,"saint nicolas","Saint-Nicolas",298.123879466674,"METHOD_F+meteo_l0.10"
2025-06-01,"saint nicolas","Saint-Nicolas",441.038183952622,"METHOD_F+meteo_l0.10"
2025-07-01,"saint nicolas","Saint-Nicolas",885.363691771048,"METHOD_F+meteo_l0.10"
2025-08-01,"saint nicolas","Saint-Nicolas",895.886488008817,"METHOD_F+meteo_l0.10"
2025-09-01,"saint nicolas","Saint-Nicolas",402.185323014203,"METHOD_F+meteo_l0.10"
2025-01-01,"saint oyen","Saint-Oyen",461.398056557969,"METHOD_F+meteo_l0.10"
2025-02-01,"saint oyen","Saint-Oyen",342.633356110508,"METHOD_F+meteo_l0.10"
2025-03-01,"saint oyen","Saint-Oyen",327.456699179459,"METHOD_F+meteo_l0.10"
2025-04-01,"saint oyen","Saint-Oyen",147.697105736128,"METHOD_F+meteo_l0.10"
2025-05-01,"saint oyen","Saint-Oyen",145.078060245409,"METHOD_F+meteo_l0.10"
2025-06-01,"saint oyen","Saint-Oyen",408.608070776331,"METHOD_F+meteo_l0.10"
2025-07-01,"saint oyen","Saint-Oyen",1120.92084394552,"METHOD_F+meteo_l0.10"
2025-08-01,"saint oyen","Saint-Oyen",962.486310955571,"METHOD_F+meteo_l0.10"
2025-09-01,"saint oyen","Saint-Oyen",262.232561013846,"METHOD_F+meteo_l0.10"
2025-01-01,"saint pierre","Saint-Pierre",1248.13314261169,"METHOD_F+meteo_l0.10"
2025-02-01,"saint pierre","Saint-Pierre",1085.52476829586,"METHOD_F+meteo_l0.10"
2025-03-01,"saint pierre","Saint-Pierre",1138.1483132944,"METHOD_F+meteo_l0.10"
2025-04-01,"saint pierre","Saint-Pierre",850.066993241794,"METHOD_F+meteo_l0.10"
2025-05-01,"saint pierre","Saint-Pierre",797.398710410888,"METHOD_F+meteo_l0.10"
2025-06-01,"saint pierre","Saint-Pierre",1398.94627820135,"METHOD_F+meteo_l0.10"
2025-07-01,"saint pierre","Saint-Pierre",2089.39386626265,"METHOD_F+meteo_l0.10"
2025-08-01,"saint pierre","Saint-Pierre",1976.97114626005,"METHOD_F+meteo_l0.10"
2025-09-01,"saint pierre","Saint-Pierre",1012.06416078305,"METHOD_F+meteo_l0.10"
2025-01-01,"saint rhemy en bosses","Saint-Rhémy-en-Bosses",559.626094861353,"METHOD_F+meteo_l0.10"
2025-02-01,"saint rhemy en bosses","Saint-Rhémy-en-Bosses",587.97402939643,"METHOD_F+meteo_l0.10"
2025-03-01,"saint rhemy en bosses","Saint-Rhémy-en-Bosses",471.947223176097,"METHOD_F+meteo_l0.10"
2025-04-01,"saint rhemy en bosses","Saint-Rhémy-en-Bosses",61.2903113202489,"METHOD_F+meteo_l0.10"
2025-05-01,"saint rhemy en bosses","Saint-Rhémy-en-Bosses",62.0433169304726,"METHOD_F+meteo_l0.10"
2025-06-01,"saint rhemy en bosses","Saint-Rhémy-en-Bosses",423.289602333706,"METHOD_F+meteo_l0.10"
2025-07-01,"saint rhemy en bosses","Saint-Rhémy-en-Bosses",1551.54455571944,"METHOD_F+meteo_l0.10"
2025-08-01,"saint rhemy en bosses","Saint-Rhémy-en-Bosses",1561.28486085908,"METHOD_F+meteo_l0.10"
2025-09-01,"saint rhemy en bosses","Saint-Rhémy-en-Bosses",506.056980688666,"METHOD_F+meteo_l0.10"
2025-01-01,"saint vincent","Saint-Vincent",8930.5709222636,"METHOD_F+meteo_l0.10"
2025-02-01,"saint vincent","Saint-Vincent",7203.61903589463,"METHOD_F+meteo_l0.10"
2025-03-01,"saint vincent","Saint-Vincent",6945.93973107793,"METHOD_F+meteo_l0.10"
2025-04-01,"saint vincent","Saint-Vincent",5262.95796275034,"METHOD_F+meteo_l0.10"
2025-05-01,"saint vincent","Saint-Vincent",5690.90260930998,"METHOD_F+meteo_l0.10"
2025-06-01,"saint vincent","Saint-Vincent",6745.89273463215,"METHOD_F+meteo_l0.10"
2025-07-01,"saint vincent","Saint-Vincent",7425.3981387458,"METHOD_F+meteo_l0.10"
2025-08-01,"saint vincent","Saint-Vincent",8612.98508022689,"METHOD_F+meteo_l0.10"
2025-09-01,"saint vincent","Saint-Vincent",5708.26776521374,"METHOD_F+meteo_l0.10"
2025-01-01,"sarre","Sarre",1625.33684737299,"METHOD_F+meteo_l0.10"
2025-02-01,"sarre","Sarre",1503.60730773824,"METHOD_F+meteo_l0.10"
2025-03-01,"sarre","Sarre",1124.14283507524,"METHOD_F+meteo_l0.10"
2025-04-01,"sarre","Sarre",723.511762249605,"METHOD_F+meteo_l0.10"
2025-05-01,"sarre","Sarre",2455.08675429672,"METHOD_F+meteo_l0.10"
2025-06-01,"sarre","Sarre",3458.55312195289,"METHOD_F+meteo_l0.10"
2025-07-01,"sarre","Sarre",6285.8341083233,"METHOD_F+meteo_l0.10"
2025-08-01,"sarre","Sarre",4119.78028378484,"METHOD_F+meteo_l0.10"
2025-09-01,"sarre","Sarre",2107.32672290814,"METHOD_F+meteo_l0.10"
2025-01-01,"torgnon","Torgnon",2968.51531589438,"METHOD_F+meteo_l0.10"
2025-02-01,"torgnon","Torgnon",2763.09571085608,"METHOD_F+meteo_l0.10"
2025-03-01,"torgnon","Torgnon",1902.57684493023,"METHOD_F+meteo_l0.10"
2025-04-01,"torgnon","Torgnon",181.462793259015,"METHOD_F+meteo_l0.10"
2025-05-01,"torgnon","Torgnon",156.650858537457,"METHOD_F+meteo_l0.10"
2025-06-01,"torgnon","Torgnon",799.832592831344,"METHOD_F+meteo_l0.10"
2025-07-01,"torgnon","Torgnon",2716.80282320518,"METHOD_F+meteo_l0.10"
2025-08-01,"torgnon","Torgnon",2157.14694907947,"METHOD_F+meteo_l0.10"
2025-09-01,"torgnon","Torgnon",462.317464315889,"METHOD_F+meteo_l0.10"
2025-01-01,"valgrisenche","Valgrisenche",551.706780199187,"METHOD_F+meteo_l0.10"
2025-02-01,"valgrisenche","Valgrisenche",487.645086682698,"METHOD_F+meteo_l0.10"
2025-03-01,"valgrisenche","Valgrisenche",486.316637494702,"METHOD_F+meteo_l0.10"
2025-04-01,"valgrisenche","Valgrisenche",226.972891537385,"METHOD_F+meteo_l0.10"
2025-05-01,"valgrisenche","Valgrisenche",157.228810489034,"METHOD_F+meteo_l0.10"
2025-06-01,"valgrisenche","Valgrisenche",638.836176411649,"METHOD_F+meteo_l0.10"
2025-07-01,"valgrisenche","Valgrisenche",4354.98725107001,"METHOD_F+meteo_l0.10"
2025-08-01,"valgrisenche","Valgrisenche",4305.26153662162,"METHOD_F+meteo_l0.10"
2025-09-01,"valgrisenche","Valgrisenche",779.246852407653,"METHOD_F+meteo_l0.10"
2025-01-01,"valpelline","Valpelline",176.200924563037,"METHOD_F+meteo_l0.10"
2025-02-01,"valpelline","Valpelline",291.17295825936,"METHOD_F+meteo_l0.10"
2025-03-01,"valpelline","Valpelline",228.450867382317,"METHOD_F+meteo_l0.10"
2025-04-01,"valpelline","Valpelline",105.90068112015,"METHOD_F+meteo_l0.10"
2025-05-01,"valpelline","Valpelline",215.060839990187,"METHOD_F+meteo_l0.10"
2025-06-01,"valpelline","Valpelline",358.321093746797,"METHOD_F+meteo_l0.10"
2025-07-01,"valpelline","Valpelline",664.205179557079,"METHOD_F+meteo_l0.10"
2025-08-01,"valpelline","Valpelline",2034.90885234633,"METHOD_F+meteo_l0.10"
2025-09-01,"valpelline","Valpelline",347.442771768281,"METHOD_F+meteo_l0.10"
2025-01-01,"valsavarenche","Valsavarenche",157.053933675969,"METHOD_F+meteo_l0.10"
2025-02-01,"valsavarenche","Valsavarenche",220.147157409167,"METHOD_F+meteo_l0.10"
2025-03-01,"valsavarenche","Valsavarenche",267.894786828559,"METHOD_F+meteo_l0.10"
2025-04-01,"valsavarenche","Valsavarenche",2216.04044403111,"METHOD_F+meteo_l0.10"
2025-05-01,"valsavarenche","Valsavarenche",900.883327283266,"METHOD_F+meteo_l0.10"
2025-06-01,"valsavarenche","Valsavarenche",4787.52327589514,"METHOD_F+meteo_l0.10"
2025-07-01,"valsavarenche","Valsavarenche",11185.1824881486,"METHOD_F+meteo_l0.10"
2025-08-01,"valsavarenche","Valsavarenche",10811.1395129558,"METHOD_F+meteo_l0.10"
2025-09-01,"valsavarenche","Valsavarenche",2499.09046263701,"METHOD_F+meteo_l0.10"
2025-01-01,"valtournenche","Valtournenche",26297.7663204441,"METHOD_F+meteo_l0.10"
2025-02-01,"valtournenche","Valtournenche",24963.6489227176,"METHOD_F+meteo_l0.10"
2025-03-01,"valtournenche","Valtournenche",25884.6975650082,"METHOD_F+meteo_l0.10"
2025-04-01,"valtournenche","Valtournenche",12788.1834340852,"METHOD_F+meteo_l0.10"
2025-05-01,"valtournenche","Valtournenche",2329.96172099499,"METHOD_F+meteo_l0.10"
2025-06-01,"valtournenche","Valtournenche",4324.89287559726,"METHOD_F+meteo_l0.10"
2025-07-01,"valtournenche","Valtournenche",14317.5530637619,"METHOD_F+meteo_l0.10"
2025-08-01,"valtournenche","Valtournenche",18040.6721513951,"METHOD_F+meteo_l0.10"
2025-09-01,"valtournenche","Valtournenche",2924.8351111748,"METHOD_F+meteo_l0.10"
2025-01-01,"verrayes","Verrayes",706.015917716803,"METHOD_F+meteo_l0.10"
2025-02-01,"verrayes","Verrayes",406.210294703086,"METHOD_F+meteo_l0.10"
2025-03-01,"verrayes","Verrayes",452.340130725167,"METHOD_F+meteo_l0.10"
2025-04-01,"verrayes","Verrayes",360.799552758103,"METHOD_F+meteo_l0.10"
2025-05-01,"verrayes","Verrayes",219.010035000894,"METHOD_F+meteo_l0.10"
2025-06-01,"verrayes","Verrayes",300.621098099309,"METHOD_F+meteo_l0.10"
2025-07-01,"verrayes","Verrayes",731.585087773696,"METHOD_F+meteo_l0.10"
2025-08-01,"verrayes","Verrayes",824.488087780451,"METHOD_F+meteo_l0.10"
2025-09-01,"verrayes","Verrayes",222.970378071322,"METHOD_F+meteo_l0.10"
2025-01-01,"verres","Verrès",218.176028566618,"METHOD_F+meteo_l0.10"
2025-02-01,"verres","Verrès",114.215612469692,"METHOD_F+meteo_l0.10"
2025-03-01,"verres","Verrès",76.2725411029083,"METHOD_F+meteo_l0.10"
2025-04-01,"verres","Verrès",129.896524979982,"METHOD_F+meteo_l0.10"
2025-05-01,"verres","Verrès",121.680717827682,"METHOD_F+meteo_l0.10"
2025-06-01,"verres","Verrès",256.980417241702,"METHOD_F+meteo_l0.10"
2025-07-01,"verres","Verrès",279.810551717239,"METHOD_F+meteo_l0.10"
2025-08-01,"verres","Verrès",320.825573729043,"METHOD_F+meteo_l0.10"
2025-09-01,"verres","Verrès",217.356830087842,"METHOD_F+meteo_l0.10"
2025-01-01,"villeneuve","Villeneuve",400.395731756701,"METHOD_F+meteo_l0.10"
2025-02-01,"villeneuve","Villeneuve",527.334728210585,"METHOD_F+meteo_l0.10"
2025-03-01,"villeneuve","Villeneuve",573.874721283888,"METHOD_F+meteo_l0.10"
2025-04-01,"villeneuve","Villeneuve",292.091295305103,"METHOD_F+meteo_l0.10"
2025-05-01,"villeneuve","Villeneuve",198.155719596104,"METHOD_F+meteo_l0.10"
2025-06-01,"villeneuve","Villeneuve",284.580182967881,"METHOD_F+meteo_l0.10"
2025-07-01,"villeneuve","Villeneuve",309.193548369209,"METHOD_F+meteo_l0.10"
2025-08-01,"villeneuve","Villeneuve",369.479922726612,"METHOD_F+meteo_l0.10"
2025-09-01,"villeneuve","Villeneuve",213.493400823483,"METHOD_F+meteo_l0.10"
2025-01-01,"allein","Allein",26.7738288921755,"METHOD_G+meteo_l0.10"
2025-02-01,"allein","Allein",3.94035062463852,"METHOD_G+meteo_l0.10"
2025-03-01,"allein","Allein",9.35174411147322,"METHOD_G+meteo_l0.10"
2025-04-01,"allein","Allein",13.8742414820191,"METHOD_G+meteo_l0.10"
2025-05-01,"allein","Allein",2.33553060410266,"METHOD_G+meteo_l0.10"
2025-06-01,"allein","Allein",49.7617900055151,"METHOD_G+meteo_l0.10"
2025-07-01,"allein","Allein",114.004719374246,"METHOD_G+meteo_l0.10"
2025-08-01,"allein","Allein",112.488707314234,"METHOD_G+meteo_l0.10"
2025-09-01,"allein","Allein",21.0835128781967,"METHOD_G+meteo_l0.10"
2025-01-01,"antey saint andre","Antey-Saint-André",2675.79128743404,"METHOD_G+meteo_l0.10"
2025-02-01,"antey saint andre","Antey-Saint-André",2681.12496227958,"METHOD_G+meteo_l0.10"
2025-03-01,"antey saint andre","Antey-Saint-André",2395.50593359382,"METHOD_G+meteo_l0.10"
2025-04-01,"antey saint andre","Antey-Saint-André",1197.84206671824,"METHOD_G+meteo_l0.10"
2025-05-01,"antey saint andre","Antey-Saint-André",402.898567096876,"METHOD_G+meteo_l0.10"
2025-06-01,"antey saint andre","Antey-Saint-André",1468.00867382415,"METHOD_G+meteo_l0.10"
2025-07-01,"antey saint andre","Antey-Saint-André",3128.89151739767,"METHOD_G+meteo_l0.10"
2025-08-01,"antey saint andre","Antey-Saint-André",3476.9613477404,"METHOD_G+meteo_l0.10"
2025-09-01,"antey saint andre","Antey-Saint-André",1151.47140993012,"METHOD_G+meteo_l0.10"
2025-01-01,"aosta","Aosta",12329.1192681495,"METHOD_G+meteo_l0.10"
2025-02-01,"aosta","Aosta",10838.7454445074,"METHOD_G+meteo_l0.10"
2025-03-01,"aosta","Aosta",9814.83603615918,"METHOD_G+meteo_l0.10"
2025-04-01,"aosta","Aosta",10227.0166030512,"METHOD_G+meteo_l0.10"
2025-05-01,"aosta","Aosta",12814.010266961,"METHOD_G+meteo_l0.10"
2025-06-01,"aosta","Aosta",11964.0761612347,"METHOD_G+meteo_l0.10"
2025-07-01,"aosta","Aosta",16228.0777225429,"METHOD_G+meteo_l0.10"
2025-08-01,"aosta","Aosta",17008.6610494699,"METHOD_G+meteo_l0.10"
2025-09-01,"aosta","Aosta",12059.8607443169,"METHOD_G+meteo_l0.10"
2025-01-01,"arnad","Arnad",229.185118316609,"METHOD_G+meteo_l0.10"
2025-02-01,"arnad","Arnad",228.075016910208,"METHOD_G+meteo_l0.10"
2025-03-01,"arnad","Arnad",246.471599079218,"METHOD_G+meteo_l0.10"
2025-04-01,"arnad","Arnad",215.36504918675,"METHOD_G+meteo_l0.10"
2025-05-01,"arnad","Arnad",381.689174437308,"METHOD_G+meteo_l0.10"
2025-06-01,"arnad","Arnad",433.173029912142,"METHOD_G+meteo_l0.10"
2025-07-01,"arnad","Arnad",585.667876550744,"METHOD_G+meteo_l0.10"
2025-08-01,"arnad","Arnad",710.206104307503,"METHOD_G+meteo_l0.10"
2025-09-01,"arnad","Arnad",301.902690989531,"METHOD_G+meteo_l0.10"
2025-01-01,"arvier","Arvier",666.818097816036,"METHOD_G+meteo_l0.10"
2025-02-01,"arvier","Arvier",815.938856604156,"METHOD_G+meteo_l0.10"
2025-03-01,"arvier","Arvier",531.424579562685,"METHOD_G+meteo_l0.10"
2025-04-01,"arvier","Arvier",401.211492969942,"METHOD_G+meteo_l0.10"
2025-05-01,"arvier","Arvier",287.800284630473,"METHOD_G+meteo_l0.10"
2025-06-01,"arvier","Arvier",797.33326236908,"METHOD_G+meteo_l0.10"
2025-07-01,"arvier","Arvier",2647.57056599438,"METHOD_G+meteo_l0.10"
2025-08-01,"arvier","Arvier",2752.0471966454,"METHOD_G+meteo_l0.10"
2025-09-01,"arvier","Arvier",603.709895190067,"METHOD_G+meteo_l0.10"
2025-01-01,"avise","Avise",80.0741264613626,"METHOD_G+meteo_l0.10"
2025-02-01,"avise","Avise",123.837777150733,"METHOD_G+meteo_l0.10"
2025-03-01,"avise","Avise",81.1777851823123,"METHOD_G+meteo_l0.10"
2025-04-01,"avise","Avise",26.192787349248,"METHOD_G+meteo_l0.10"
2025-05-01,"avise","Avise",29.5636813004201,"METHOD_G+meteo_l0.10"
2025-06-01,"avise","Avise",122.844946656885,"METHOD_G+meteo_l0.10"
2025-07-01,"avise","Avise",217.645563011958,"METHOD_G+meteo_l0.10"
2025-08-01,"avise","Avise",206.217887568801,"METHOD_G+meteo_l0.10"
2025-09-01,"avise","Avise",110.789625340964,"METHOD_G+meteo_l0.10"
2025-01-01,"ayas","Ayas",12336.704006173,"METHOD_G+meteo_l0.10"
2025-02-01,"ayas","Ayas",11522.3954422388,"METHOD_G+meteo_l0.10"
2025-03-01,"ayas","Ayas",9532.35910109608,"METHOD_G+meteo_l0.10"
2025-04-01,"ayas","Ayas",2116.12256791296,"METHOD_G+meteo_l0.10"
2025-05-01,"ayas","Ayas",775.708126222802,"METHOD_G+meteo_l0.10"
2025-06-01,"ayas","Ayas",5479.93379142508,"METHOD_G+meteo_l0.10"
2025-07-01,"ayas","Ayas",12812.8001232685,"METHOD_G+meteo_l0.10"
2025-08-01,"ayas","Ayas",12539.9952124024,"METHOD_G+meteo_l0.10"
2025-09-01,"ayas","Ayas",5000.69036335393,"METHOD_G+meteo_l0.10"
2025-01-01,"aymavilles","Aymavilles",555.665890221615,"METHOD_G+meteo_l0.10"
2025-02-01,"aymavilles","Aymavilles",534.593548903377,"METHOD_G+meteo_l0.10"
2025-03-01,"aymavilles","Aymavilles",315.68711300944,"METHOD_G+meteo_l0.10"
2025-04-01,"aymavilles","Aymavilles",298.564728075139,"METHOD_G+meteo_l0.10"
2025-05-01,"aymavilles","Aymavilles",255.701450822462,"METHOD_G+meteo_l0.10"
2025-06-01,"aymavilles","Aymavilles",445.510026991913,"METHOD_G+meteo_l0.10"
2025-07-01,"aymavilles","Aymavilles",1087.40937695845,"METHOD_G+meteo_l0.10"
2025-08-01,"aymavilles","Aymavilles",1238.96856599368,"METHOD_G+meteo_l0.10"
2025-09-01,"aymavilles","Aymavilles",351.32976968087,"METHOD_G+meteo_l0.10"
2025-01-01,"bard","Bard",608.96295660641,"METHOD_G+meteo_l0.10"
2025-02-01,"bard","Bard",508.853682448913,"METHOD_G+meteo_l0.10"
2025-03-01,"bard","Bard",330.454674173429,"METHOD_G+meteo_l0.10"
2025-04-01,"bard","Bard",312.344889287553,"METHOD_G+meteo_l0.10"
2025-05-01,"bard","Bard",610.548450673377,"METHOD_G+meteo_l0.10"
2025-06-01,"bard","Bard",313.137096377986,"METHOD_G+meteo_l0.10"
2025-07-01,"bard","Bard",854.055520248375,"METHOD_G+meteo_l0.10"
2025-08-01,"bard","Bard",1128.14296599602,"METHOD_G+meteo_l0.10"
2025-09-01,"bard","Bard",635.369115521924,"METHOD_G+meteo_l0.10"
2025-01-01,"bionaz","Bionaz",152.255148722721,"METHOD_G+meteo_l0.10"
2025-02-01,"bionaz","Bionaz",116.483596771555,"METHOD_G+meteo_l0.10"
2025-03-01,"bionaz","Bionaz",378.998133148912,"METHOD_G+meteo_l0.10"
2025-04-01,"bionaz","Bionaz",607.130619764339,"METHOD_G+meteo_l0.10"
2025-05-01,"bionaz","Bionaz",188.677811404991,"METHOD_G+meteo_l0.10"
2025-06-01,"bionaz","Bionaz",623.828516669176,"METHOD_G+meteo_l0.10"
2025-07-01,"bionaz","Bionaz",2778.03715758399,"METHOD_G+meteo_l0.10"
2025-08-01,"bionaz","Bionaz",3008.66830942752,"METHOD_G+meteo_l0.10"
2025-09-01,"bionaz","Bionaz",555.33124828377,"METHOD_G+meteo_l0.10"
2025-01-01,"brissogne","Brissogne",71.6884551410412,"METHOD_G+meteo_l0.10"
2025-02-01,"brissogne","Brissogne",45.3294503594183,"METHOD_G+meteo_l0.10"
2025-03-01,"brissogne","Brissogne",39.8254896270813,"METHOD_G+meteo_l0.10"
2025-04-01,"brissogne","Brissogne",56.0835813532871,"METHOD_G+meteo_l0.10"
2025-05-01,"brissogne","Brissogne",45.5524590760064,"METHOD_G+meteo_l0.10"
2025-06-01,"brissogne","Brissogne",58.8770812139458,"METHOD_G+meteo_l0.10"
2025-07-01,"brissogne","Brissogne",87.8475411551499,"METHOD_G+meteo_l0.10"
2025-08-01,"brissogne","Brissogne",85.0064899751414,"METHOD_G+meteo_l0.10"
2025-09-01,"brissogne","Brissogne",39.3636797802824,"METHOD_G+meteo_l0.10"
2025-01-01,"brusson","Brusson",3277.17219700606,"METHOD_G+meteo_l0.10"
2025-02-01,"brusson","Brusson",3534.03137908781,"METHOD_G+meteo_l0.10"
2025-03-01,"brusson","Brusson",2155.78568919935,"METHOD_G+meteo_l0.10"
2025-04-01,"brusson","Brusson",886.897289487299,"METHOD_G+meteo_l0.10"
2025-05-01,"brusson","Brusson",516.596199906021,"METHOD_G+meteo_l0.10"
2025-06-01,"brusson","Brusson",2402.08573571532,"METHOD_G+meteo_l0.10"
2025-07-01,"brusson","Brusson",4821.99044058856,"METHOD_G+meteo_l0.10"
2025-08-01,"brusson","Brusson",4825.25328003511,"METHOD_G+meteo_l0.10"
2025-09-01,"brusson","Brusson",1888.54436106243,"METHOD_G+meteo_l0.10"
2025-01-01,"challand saint anselme","Challand-Saint-Anselme",579.870086382486,"METHOD_G+meteo_l0.10"
2025-02-01,"challand saint anselme","Challand-Saint-Anselme",512.345131823934,"METHOD_G+meteo_l0.10"
2025-03-01,"challand saint anselme","Challand-Saint-Anselme",372.819743880697,"METHOD_G+meteo_l0.10"
2025-04-01,"challand saint anselme","Challand-Saint-Anselme",283.120555574737,"METHOD_G+meteo_l0.10"
2025-05-01,"challand saint anselme","Challand-Saint-Anselme",230.359619767982,"METHOD_G+meteo_l0.10"
2025-06-01,"challand saint anselme","Challand-Saint-Anselme",606.018082261765,"METHOD_G+meteo_l0.10"
2025-07-01,"challand saint anselme","Challand-Saint-Anselme",1016.56888812904,"METHOD_G+meteo_l0.10"
2025-08-01,"challand saint anselme","Challand-Saint-Anselme",1028.5211736018,"METHOD_G+meteo_l0.10"
2025-09-01,"challand saint anselme","Challand-Saint-Anselme",485.39660718225,"METHOD_G+meteo_l0.10"
2025-01-01,"challand saint victor","Challand-Saint-Victor",103.425433060673,"METHOD_G+meteo_l0.10"
2025-02-01,"challand saint victor","Challand-Saint-Victor",74.1607284529465,"METHOD_G+meteo_l0.10"
2025-03-01,"challand saint victor","Challand-Saint-Victor",62.9353290953394,"METHOD_G+meteo_l0.10"
2025-04-01,"challand saint victor","Challand-Saint-Victor",102.850139098215,"METHOD_G+meteo_l0.10"
2025-05-01,"challand saint victor","Challand-Saint-Victor",83.9762575190762,"METHOD_G+meteo_l0.10"
2025-06-01,"challand saint victor","Challand-Saint-Victor",79.3905831185915,"METHOD_G+meteo_l0.10"
2025-07-01,"challand saint victor","Challand-Saint-Victor",80.3485381690733,"METHOD_G+meteo_l0.10"
2025-08-01,"challand saint victor","Challand-Saint-Victor",97.41796057768,"METHOD_G+meteo_l0.10"
2025-09-01,"challand saint victor","Challand-Saint-Victor",29.6838063266979,"METHOD_G+meteo_l0.10"
2025-01-01,"chambave","Chambave",120.001374670721,"METHOD_G+meteo_l0.10"
2025-02-01,"chambave","Chambave",104.237704844835,"METHOD_G+meteo_l0.10"
2025-03-01,"chambave","Chambave",113.572585832337,"METHOD_G+meteo_l0.10"
2025-04-01,"chambave","Chambave",95.1390520036359,"METHOD_G+meteo_l0.10"
2025-05-01,"chambave","Chambave",124.318951318964,"METHOD_G+meteo_l0.10"
2025-06-01,"chambave","Chambave",120.369549121853,"METHOD_G+meteo_l0.10"
2025-07-01,"chambave","Chambave",134.132190139198,"METHOD_G+meteo_l0.10"
2025-08-01,"chambave","Chambave",174.478039830868,"METHOD_G+meteo_l0.10"
2025-09-01,"chambave","Chambave",104.346364672299,"METHOD_G+meteo_l0.10"
2025-01-01,"chamois","Chamois",787.318700199291,"METHOD_G+meteo_l0.10"
2025-02-01,"chamois","Chamois",837.732769730102,"METHOD_G+meteo_l0.10"
2025-03-01,"chamois","Chamois",622.371222045072,"METHOD_G+meteo_l0.10"
2025-04-01,"chamois","Chamois",42.626045016177,"METHOD_G+meteo_l0.10"
2025-05-01,"chamois","Chamois",11.4303512369192,"METHOD_G+meteo_l0.10"
2025-06-01,"chamois","Chamois",191.425870682504,"METHOD_G+meteo_l0.10"
2025-07-01,"chamois","Chamois",658.451522621433,"METHOD_G+meteo_l0.10"
2025-08-01,"chamois","Chamois",792.131671586513,"METHOD_G+meteo_l0.10"
2025-09-01,"chamois","Chamois",248.991635569053,"METHOD_G+meteo_l0.10"
2025-01-01,"champdepraz","Champdepraz",340.870100984685,"METHOD_G+meteo_l0.10"
2025-02-01,"champdepraz","Champdepraz",273.223316682252,"METHOD_G+meteo_l0.10"
2025-03-01,"champdepraz","Champdepraz",193.490483606641,"METHOD_G+meteo_l0.10"
2025-04-01,"champdepraz","Champdepraz",192.307270328216,"METHOD_G+meteo_l0.10"
2025-05-01,"champdepraz","Champdepraz",41.7285585734088,"METHOD_G+meteo_l0.10"
2025-06-01,"champdepraz","Champdepraz",210.210526932492,"METHOD_G+meteo_l0.10"
2025-07-01,"champdepraz","Champdepraz",314.76281403384,"METHOD_G+meteo_l0.10"
2025-08-01,"champdepraz","Champdepraz",325.73055820266,"METHOD_G+meteo_l0.10"
2025-09-01,"champdepraz","Champdepraz",241.5733651651,"METHOD_G+meteo_l0.10"
2025-01-01,"champorcher","Champorcher",831.859864600788,"METHOD_G+meteo_l0.10"
2025-02-01,"champorcher","Champorcher",810.992319334059,"METHOD_G+meteo_l0.10"
2025-03-01,"champorcher","Champorcher",228.387564306431,"METHOD_G+meteo_l0.10"
2025-04-01,"champorcher","Champorcher",115.585495195221,"METHOD_G+meteo_l0.10"
2025-05-01,"champorcher","Champorcher",81.2844155082186,"METHOD_G+meteo_l0.10"
2025-06-01,"champorcher","Champorcher",311.010265512698,"METHOD_G+meteo_l0.10"
2025-07-01,"champorcher","Champorcher",1688.16299253186,"METHOD_G+meteo_l0.10"
2025-08-01,"champorcher","Champorcher",1608.12782257541,"METHOD_G+meteo_l0.10"
2025-09-01,"champorcher","Champorcher",326.296999830422,"METHOD_G+meteo_l0.10"
2025-01-01,"charvensod","Charvensod",1910.52839090948,"METHOD_G+meteo_l0.10"
2025-02-01,"charvensod","Charvensod",1683.00451330508,"METHOD_G+meteo_l0.10"
2025-03-01,"charvensod","Charvensod",1838.51949910916,"METHOD_G+meteo_l0.10"
2025-04-01,"charvensod","Charvensod",1783.8700388648,"METHOD_G+meteo_l0.10"
2025-05-01,"charvensod","Charvensod",1935.26373050298,"METHOD_G+meteo_l0.10"
2025-06-01,"charvensod","Charvensod",2105.04292783254,"METHOD_G+meteo_l0.10"
2025-07-01,"charvensod","Charvensod",3008.84392074343,"METHOD_G+meteo_l0.10"
2025-08-01,"charvensod","Charvensod",3125.29509768882,"METHOD_G+meteo_l0.10"
2025-09-01,"charvensod","Charvensod",2074.02759841466,"METHOD_G+meteo_l0.10"
2025-01-01,"chatillon","Châtillon",3596.22705389457,"METHOD_G+meteo_l0.10"
2025-02-01,"chatillon","Châtillon",3078.65301859549,"METHOD_G+meteo_l0.10"
2025-03-01,"chatillon","Châtillon",2616.03096635931,"METHOD_G+meteo_l0.10"
2025-04-01,"chatillon","Châtillon",2713.5728889398,"METHOD_G+meteo_l0.10"
2025-05-01,"chatillon","Châtillon",2698.92790432068,"METHOD_G+meteo_l0.10"
2025-06-01,"chatillon","Châtillon",2935.87522463769,"METHOD_G+meteo_l0.10"
2025-07-01,"chatillon","Châtillon",3782.24669904293,"METHOD_G+meteo_l0.10"
2025-08-01,"chatillon","Châtillon",4026.36212579008,"METHOD_G+meteo_l0.10"
2025-09-01,"chatillon","Châtillon",2777.33230187583,"METHOD_G+meteo_l0.10"
2025-01-01,"cogne","Cogne",8762.81815107765,"METHOD_G+meteo_l0.10"
2025-02-01,"cogne","Cogne",7557.14621661935,"METHOD_G+meteo_l0.10"
2025-03-01,"cogne","Cogne",4869.81022731813,"METHOD_G+meteo_l0.10"
2025-04-01,"cogne","Cogne",1623.21790246943,"METHOD_G+meteo_l0.10"
2025-05-01,"cogne","Cogne",3282.22333533771,"METHOD_G+meteo_l0.10"
2025-06-01,"cogne","Cogne",6949.69611687258,"METHOD_G+meteo_l0.10"
2025-07-01,"cogne","Cogne",7233.96289725256,"METHOD_G+meteo_l0.10"
2025-08-01,"cogne","Cogne",12282.6968983736,"METHOD_G+meteo_l0.10"
2025-09-01,"cogne","Cogne",7189.73025513101,"METHOD_G+meteo_l0.10"
2025-01-01,"courmayeur","Courmayeur",23944.5225858129,"METHOD_G+meteo_l0.10"
2025-02-01,"courmayeur","Courmayeur",21923.7582704704,"METHOD_G+meteo_l0.10"
2025-03-01,"courmayeur","Courmayeur",19561.1571909428,"METHOD_G+meteo_l0.10"
2025-04-01,"courmayeur","Courmayeur",4769.35357346027,"METHOD_G+meteo_l0.10"
2025-05-01,"courmayeur","Courmayeur",2641.47275650041,"METHOD_G+meteo_l0.10"
2025-06-01,"courmayeur","Courmayeur",28795.3406655761,"METHOD_G+meteo_l0.10"
2025-07-01,"courmayeur","Courmayeur",54519.1243565514,"METHOD_G+meteo_l0.10"
2025-08-01,"courmayeur","Courmayeur",52207.4563494359,"METHOD_G+meteo_l0.10"
2025-09-01,"courmayeur","Courmayeur",24048.6178565851,"METHOD_G+meteo_l0.10"
2025-01-01,"donnas","Donnas",150.296746709973,"METHOD_G+meteo_l0.10"
2025-02-01,"donnas","Donnas",126.980093354162,"METHOD_G+meteo_l0.10"
2025-03-01,"donnas","Donnas",87.0652790528878,"METHOD_G+meteo_l0.10"
2025-04-01,"donnas","Donnas",217.308856911826,"METHOD_G+meteo_l0.10"
2025-05-01,"donnas","Donnas",226.194446528619,"METHOD_G+meteo_l0.10"
2025-06-01,"donnas","Donnas",251.026699994318,"METHOD_G+meteo_l0.10"
2025-07-01,"donnas","Donnas",452.49039127765,"METHOD_G+meteo_l0.10"
2025-08-01,"donnas","Donnas",497.631367884842,"METHOD_G+meteo_l0.10"
2025-09-01,"donnas","Donnas",157.115258102969,"METHOD_G+meteo_l0.10"
2025-01-01,"doues","Doues",121.617593217379,"METHOD_G+meteo_l0.10"
2025-02-01,"doues","Doues",129.363441878459,"METHOD_G+meteo_l0.10"
2025-03-01,"doues","Doues",76.8514732547687,"METHOD_G+meteo_l0.10"
2025-04-01,"doues","Doues",73.4961646316026,"METHOD_G+meteo_l0.10"
2025-05-01,"doues","Doues",53.7442705037882,"METHOD_G+meteo_l0.10"
2025-06-01,"doues","Doues",187.250317035813,"METHOD_G+meteo_l0.10"
2025-07-01,"doues","Doues",634.505700135247,"METHOD_G+meteo_l0.10"
2025-08-01,"doues","Doues",621.46257401252,"METHOD_G+meteo_l0.10"
2025-09-01,"doues","Doues",289.180559391392,"METHOD_G+meteo_l0.10"
2025-01-01,"emarese","Emarèse",46.3427996216034,"METHOD_G+meteo_l0.10"
2025-02-01,"emarese","Emarèse",32.7534540207719,"METHOD_G+meteo_l0.10"
2025-03-01,"emarese","Emarèse",39.0999632008882,"METHOD_G+meteo_l0.10"
2025-04-01,"emarese","Emarèse",6.3506483655824,"METHOD_G+meteo_l0.10"
2025-05-01,"emarese","Emarèse",34.2707610171187,"METHOD_G+meteo_l0.10"
2025-06-01,"emarese","Emarèse",18.453555847279,"METHOD_G+meteo_l0.10"
2025-07-01,"emarese","Emarèse",83.2935915259134,"METHOD_G+meteo_l0.10"
2025-08-01,"emarese","Emarèse",107.522318169226,"METHOD_G+meteo_l0.10"
2025-09-01,"emarese","Emarèse",19.8147147264878,"METHOD_G+meteo_l0.10"
2025-01-01,"etroubles","Etroubles",662.271373296,"METHOD_G+meteo_l0.10"
2025-02-01,"etroubles","Etroubles",750.102760166044,"METHOD_G+meteo_l0.10"
2025-03-01,"etroubles","Etroubles",447.602395926228,"METHOD_G+meteo_l0.10"
2025-04-01,"etroubles","Etroubles",313.633323004628,"METHOD_G+meteo_l0.10"
2025-05-01,"etroubles","Etroubles",650.554358801987,"METHOD_G+meteo_l0.10"
2025-06-01,"etroubles","Etroubles",1875.08993999487,"METHOD_G+meteo_l0.10"
2025-07-01,"etroubles","Etroubles",3801.33012708689,"METHOD_G+meteo_l0.10"
2025-08-01,"etroubles","Etroubles",3802.74836163791,"METHOD_G+meteo_l0.10"
2025-09-01,"etroubles","Etroubles",1850.36079171484,"METHOD_G+meteo_l0.10"
2025-01-01,"fenis","Fénis",710.111917554981,"METHOD_G+meteo_l0.10"
2025-02-01,"fenis","Fénis",604.572700327957,"METHOD_G+meteo_l0.10"
2025-03-01,"fenis","Fénis",560.416854190728,"METHOD_G+meteo_l0.10"
2025-04-01,"fenis","Fénis",582.721894864688,"METHOD_G+meteo_l0.10"
2025-05-01,"fenis","Fénis",644.490245782618,"METHOD_G+meteo_l0.10"
2025-06-01,"fenis","Fénis",814.041700110868,"METHOD_G+meteo_l0.10"
2025-07-01,"fenis","Fénis",1224.52250212087,"METHOD_G+meteo_l0.10"
2025-08-01,"fenis","Fénis",1307.81626180554,"METHOD_G+meteo_l0.10"
2025-09-01,"fenis","Fénis",685.817813263597,"METHOD_G+meteo_l0.10"
2025-01-01,"fontainemore","Fontainemore",68.2404824408327,"METHOD_G+meteo_l0.10"
2025-02-01,"fontainemore","Fontainemore",64.2606096987086,"METHOD_G+meteo_l0.10"
2025-03-01,"fontainemore","Fontainemore",35.5273296241718,"METHOD_G+meteo_l0.10"
2025-04-01,"fontainemore","Fontainemore",43.4796890017009,"METHOD_G+meteo_l0.10"
2025-05-01,"fontainemore","Fontainemore",30.285636678672,"METHOD_G+meteo_l0.10"
2025-06-01,"fontainemore","Fontainemore",189.902201695303,"METHOD_G+meteo_l0.10"
2025-07-01,"fontainemore","Fontainemore",710.461363810531,"METHOD_G+meteo_l0.10"
2025-08-01,"fontainemore","Fontainemore",822.609881198744,"METHOD_G+meteo_l0.10"
2025-09-01,"fontainemore","Fontainemore",246.1214780279,"METHOD_G+meteo_l0.10"
2025-01-01,"gaby","Gaby",925.641117852542,"METHOD_G+meteo_l0.10"
2025-02-01,"gaby","Gaby",779.495174475731,"METHOD_G+meteo_l0.10"
2025-03-01,"gaby","Gaby",465.651435953156,"METHOD_G+meteo_l0.10"
2025-04-01,"gaby","Gaby",277.711872326307,"METHOD_G+meteo_l0.10"
2025-05-01,"gaby","Gaby",136.068311331862,"METHOD_G+meteo_l0.10"
2025-06-01,"gaby","Gaby",539.505987471417,"METHOD_G+meteo_l0.10"
2025-07-01,"gaby","Gaby",1351.14628884661,"METHOD_G+meteo_l0.10"
2025-08-01,"gaby","Gaby",1255.50606391399,"METHOD_G+meteo_l0.10"
2025-09-01,"gaby","Gaby",405.889335790436,"METHOD_G+meteo_l0.10"
2025-01-01,"gignod","Gignod",538.052429157406,"METHOD_G+meteo_l0.10"
2025-02-01,"gignod","Gignod",389.263661743528,"METHOD_G+meteo_l0.10"
2025-03-01,"gignod","Gignod",314.061776435806,"METHOD_G+meteo_l0.10"
2025-04-01,"gignod","Gignod",268.540076329535,"METHOD_G+meteo_l0.10"
2025-05-01,"gignod","Gignod",382.659638956748,"METHOD_G+meteo_l0.10"
2025-06-01,"gignod","Gignod",645.104727284557,"METHOD_G+meteo_l0.10"
2025-07-01,"gignod","Gignod",1689.26457697971,"METHOD_G+meteo_l0.10"
2025-08-01,"gignod","Gignod",1861.86668305098,"METHOD_G+meteo_l0.10"
2025-09-01,"gignod","Gignod",585.072538792369,"METHOD_G+meteo_l0.10"
2025-01-01,"gressan","Gressan",7822.21492531008,"METHOD_G+meteo_l0.10"
2025-02-01,"gressan","Gressan",7021.52527036978,"METHOD_G+meteo_l0.10"
2025-03-01,"gressan","Gressan",5670.71039195407,"METHOD_G+meteo_l0.10"
2025-04-01,"gressan","Gressan",1062.68479978665,"METHOD_G+meteo_l0.10"
2025-05-01,"gressan","Gressan",423.973031990493,"METHOD_G+meteo_l0.10"
2025-06-01,"gressan","Gressan",1317.75442543973,"METHOD_G+meteo_l0.10"
2025-07-01,"gressan","Gressan",6699.87429684607,"METHOD_G+meteo_l0.10"
2025-08-01,"gressan","Gressan",4651.64068283906,"METHOD_G+meteo_l0.10"
2025-09-01,"gressan","Gressan",523.491056438243,"METHOD_G+meteo_l0.10"
2025-01-01,"gressoney la trinite","Gressoney-La-Trinité",4324.2751441714,"METHOD_G+meteo_l0.10"
2025-02-01,"gressoney la trinite","Gressoney-La-Trinité",4989.25888138285,"METHOD_G+meteo_l0.10"
2025-03-01,"gressoney la trinite","Gressoney-La-Trinité",4517.92450259854,"METHOD_G+meteo_l0.10"
2025-04-01,"gressoney la trinite","Gressoney-La-Trinité",2165.9002377638,"METHOD_G+meteo_l0.10"
2025-05-01,"gressoney la trinite","Gressoney-La-Trinité",100.765562029641,"METHOD_G+meteo_l0.10"
2025-06-01,"gressoney la trinite","Gressoney-La-Trinité",8041.73695299064,"METHOD_G+meteo_l0.10"
2025-07-01,"gressoney la trinite","Gressoney-La-Trinité",16284.1237623965,"METHOD_G+meteo_l0.10"
2025-08-01,"gressoney la trinite","Gressoney-La-Trinité",14466.2403285094,"METHOD_G+meteo_l0.10"
2025-09-01,"gressoney la trinite","Gressoney-La-Trinité",3966.43226853031,"METHOD_G+meteo_l0.10"
2025-01-01,"gressoney saint jean","Gressoney-Saint-Jean",4570.47742203375,"METHOD_G+meteo_l0.10"
2025-02-01,"gressoney saint jean","Gressoney-Saint-Jean",4621.05143323948,"METHOD_G+meteo_l0.10"
2025-03-01,"gressoney saint jean","Gressoney-Saint-Jean",3205.48949593255,"METHOD_G+meteo_l0.10"
2025-04-01,"gressoney saint jean","Gressoney-Saint-Jean",1255.33555368988,"METHOD_G+meteo_l0.10"
2025-05-01,"gressoney saint jean","Gressoney-Saint-Jean",520.771554015475,"METHOD_G+meteo_l0.10"
2025-06-01,"gressoney saint jean","Gressoney-Saint-Jean",2946.98249272574,"METHOD_G+meteo_l0.10"
2025-07-01,"gressoney saint jean","Gressoney-Saint-Jean",5153.18564492782,"METHOD_G+meteo_l0.10"
2025-08-01,"gressoney saint jean","Gressoney-Saint-Jean",4727.40360213821,"METHOD_G+meteo_l0.10"
2025-09-01,"gressoney saint jean","Gressoney-Saint-Jean",1796.63733787586,"METHOD_G+meteo_l0.10"
2025-01-01,"hone","Hône",100.86804287701,"METHOD_G+meteo_l0.10"
2025-02-01,"hone","Hône",87.0128486824998,"METHOD_G+meteo_l0.10"
2025-03-01,"hone","Hône",90.9569995300699,"METHOD_G+meteo_l0.10"
2025-04-01,"hone","Hône",101.842720374748,"METHOD_G+meteo_l0.10"
2025-05-01,"hone","Hône",76.2083138131888,"METHOD_G+meteo_l0.10"
2025-06-01,"hone","Hône",130.099812021326,"METHOD_G+meteo_l0.10"
2025-07-01,"hone","Hône",223.395019374216,"METHOD_G+meteo_l0.10"
2025-08-01,"hone","Hône",335.450702316053,"METHOD_G+meteo_l0.10"
2025-09-01,"hone","Hône",116.88051381357,"METHOD_G+meteo_l0.10"
2025-01-01,"introd","Introd",396.525197134803,"METHOD_G+meteo_l0.10"
2025-02-01,"introd","Introd",502.554987921418,"METHOD_G+meteo_l0.10"
2025-03-01,"introd","Introd",288.289161394625,"METHOD_G+meteo_l0.10"
2025-04-01,"introd","Introd",265.440814561831,"METHOD_G+meteo_l0.10"
2025-05-01,"introd","Introd",216.498119213086,"METHOD_G+meteo_l0.10"
2025-06-01,"introd","Introd",547.251689126477,"METHOD_G+meteo_l0.10"
2025-07-01,"introd","Introd",993.465375336608,"METHOD_G+meteo_l0.10"
2025-08-01,"introd","Introd",875.001324403583,"METHOD_G+meteo_l0.10"
2025-09-01,"introd","Introd",377.797722528596,"METHOD_G+meteo_l0.10"
2025-01-01,"issime","Issime",117.645405994279,"METHOD_G+meteo_l0.10"
2025-02-01,"issime","Issime",93.7190624891212,"METHOD_G+meteo_l0.10"
2025-03-01,"issime","Issime",74.9617823582255,"METHOD_G+meteo_l0.10"
2025-04-01,"issime","Issime",43.3523044141647,"METHOD_G+meteo_l0.10"
2025-05-01,"issime","Issime",45.6035054916488,"METHOD_G+meteo_l0.10"
2025-06-01,"issime","Issime",87.4809323744622,"METHOD_G+meteo_l0.10"
2025-07-01,"issime","Issime",61.7869924012695,"METHOD_G+meteo_l0.10"
2025-08-01,"issime","Issime",63.3763679665068,"METHOD_G+meteo_l0.10"
2025-09-01,"issime","Issime",60.7335013392795,"METHOD_G+meteo_l0.10"
2025-01-01,"issogne","Issogne",16.8318252617391,"METHOD_G+meteo_l0.10"
2025-02-01,"issogne","Issogne",21.6750157269662,"METHOD_G+meteo_l0.10"
2025-03-01,"issogne","Issogne",20.6963755479664,"METHOD_G+meteo_l0.10"
2025-04-01,"issogne","Issogne",31.553073423332,"METHOD_G+meteo_l0.10"
2025-05-01,"issogne","Issogne",46.679999501047,"METHOD_G+meteo_l0.10"
2025-06-01,"issogne","Issogne",14.9394528868818,"METHOD_G+meteo_l0.10"
2025-07-01,"issogne","Issogne",41.6575625762581,"METHOD_G+meteo_l0.10"
2025-08-01,"issogne","Issogne",60.4552859504652,"METHOD_G+meteo_l0.10"
2025-09-01,"issogne","Issogne",31.5334955539987,"METHOD_G+meteo_l0.10"
2025-01-01,"jovencan","Jovençan",607.619604213914,"METHOD_G+meteo_l0.10"
2025-02-01,"jovencan","Jovençan",564.602946662171,"METHOD_G+meteo_l0.10"
2025-03-01,"jovencan","Jovençan",556.795232259192,"METHOD_G+meteo_l0.10"
2025-04-01,"jovencan","Jovençan",491.355317263071,"METHOD_G+meteo_l0.10"
2025-05-01,"jovencan","Jovençan",655.039346060252,"METHOD_G+meteo_l0.10"
2025-06-01,"jovencan","Jovençan",565.494450580507,"METHOD_G+meteo_l0.10"
2025-07-01,"jovencan","Jovençan",726.022521826146,"METHOD_G+meteo_l0.10"
2025-08-01,"jovencan","Jovençan",780.347622125218,"METHOD_G+meteo_l0.10"
2025-09-01,"jovencan","Jovençan",540.925137271031,"METHOD_G+meteo_l0.10"
2025-01-01,"la magdeleine","La Magdeleine",108.789923087492,"METHOD_G+meteo_l0.10"
2025-02-01,"la magdeleine","La Magdeleine",129.903204831815,"METHOD_G+meteo_l0.10"
2025-03-01,"la magdeleine","La Magdeleine",68.4987365185974,"METHOD_G+meteo_l0.10"
2025-04-01,"la magdeleine","La Magdeleine",10.2320181829609,"METHOD_G+meteo_l0.10"
2025-05-01,"la magdeleine","La Magdeleine",38.0791222131591,"METHOD_G+meteo_l0.10"
2025-06-01,"la magdeleine","La Magdeleine",72.078325462309,"METHOD_G+meteo_l0.10"
2025-07-01,"la magdeleine","La Magdeleine",156.913856231239,"METHOD_G+meteo_l0.10"
2025-08-01,"la magdeleine","La Magdeleine",164.233984628142,"METHOD_G+meteo_l0.10"
2025-09-01,"la magdeleine","La Magdeleine",39.3188796616401,"METHOD_G+meteo_l0.10"
2025-01-01,"la salle","La Salle",2676.03417806303,"METHOD_G+meteo_l0.10"
2025-02-01,"la salle","La Salle",2706.41074005084,"METHOD_G+meteo_l0.10"
2025-03-01,"la salle","La Salle",2287.63664020248,"METHOD_G+meteo_l0.10"
2025-04-01,"la salle","La Salle",1307.53883118511,"METHOD_G+meteo_l0.10"
2025-05-01,"la salle","La Salle",994.960793922608,"METHOD_G+meteo_l0.10"
2025-06-01,"la salle","La Salle",1792.5882036615,"METHOD_G+meteo_l0.10"
2025-07-01,"la salle","La Salle",3475.99895543391,"METHOD_G+meteo_l0.10"
2025-08-01,"la salle","La Salle",3579.05021402337,"METHOD_G+meteo_l0.10"
2025-09-01,"la salle","La Salle",1315.34615293678,"METHOD_G+meteo_l0.10"
2025-01-01,"la thuile","La Thuile",10404.5380249987,"METHOD_G+meteo_l0.10"
2025-02-01,"la thuile","La Thuile",10327.7425490086,"METHOD_G+meteo_l0.10"
2025-03-01,"la thuile","La Thuile",9468.10483553028,"METHOD_G+meteo_l0.10"
2025-04-01,"la thuile","La Thuile",1203.29744214565,"METHOD_G+meteo_l0.10"
2025-05-01,"la thuile","La Thuile",53.5835636556071,"METHOD_G+meteo_l0.10"
2025-06-01,"la thuile","La Thuile",5541.40460399499,"METHOD_G+meteo_l0.10"
2025-07-01,"la thuile","La Thuile",12338.418550568,"METHOD_G+meteo_l0.10"
2025-08-01,"la thuile","La Thuile",12857.9407644717,"METHOD_G+meteo_l0.10"
2025-09-01,"la thuile","La Thuile",2764.51793182549,"METHOD_G+meteo_l0.10"
2025-01-01,"lillianes","Lillianes",111.122109843652,"METHOD_G+meteo_l0.10"
2025-02-01,"lillianes","Lillianes",78.9884008846731,"METHOD_G+meteo_l0.10"
2025-03-01,"lillianes","Lillianes",68.1600163449783,"METHOD_G+meteo_l0.10"
2025-04-01,"lillianes","Lillianes",71.6499001198266,"METHOD_G+meteo_l0.10"
2025-05-01,"lillianes","Lillianes",88.3996907006613,"METHOD_G+meteo_l0.10"
2025-06-01,"lillianes","Lillianes",241.680548817455,"METHOD_G+meteo_l0.10"
2025-07-01,"lillianes","Lillianes",676.13715920001,"METHOD_G+meteo_l0.10"
2025-08-01,"lillianes","Lillianes",654.134272299241,"METHOD_G+meteo_l0.10"
2025-09-01,"lillianes","Lillianes",165.125048072734,"METHOD_G+meteo_l0.10"
2025-01-01,"montjovet","Montjovet",838.737355574862,"METHOD_G+meteo_l0.10"
2025-02-01,"montjovet","Montjovet",693.28396363635,"METHOD_G+meteo_l0.10"
2025-03-01,"montjovet","Montjovet",402.09706389083,"METHOD_G+meteo_l0.10"
2025-04-01,"montjovet","Montjovet",403.603689555783,"METHOD_G+meteo_l0.10"
2025-05-01,"montjovet","Montjovet",381.719421461132,"METHOD_G+meteo_l0.10"
2025-06-01,"montjovet","Montjovet",420.511171061111,"METHOD_G+meteo_l0.10"
2025-07-01,"montjovet","Montjovet",686.466763694407,"METHOD_G+meteo_l0.10"
2025-08-01,"montjovet","Montjovet",961.889966442158,"METHOD_G+meteo_l0.10"
2025-09-01,"montjovet","Montjovet",306.397800758939,"METHOD_G+meteo_l0.10"
2025-01-01,"morgex","Morgex",1333.631285424,"METHOD_G+meteo_l0.10"
2025-02-01,"morgex","Morgex",1228.064233778,"METHOD_G+meteo_l0.10"
2025-03-01,"morgex","Morgex",1336.14888458485,"METHOD_G+meteo_l0.10"
2025-04-01,"morgex","Morgex",619.838185140743,"METHOD_G+meteo_l0.10"
2025-05-01,"morgex","Morgex",778.569854647651,"METHOD_G+meteo_l0.10"
2025-06-01,"morgex","Morgex",1282.80157705272,"METHOD_G+meteo_l0.10"
2025-07-01,"morgex","Morgex",2228.94986500829,"METHOD_G+meteo_l0.10"
2025-08-01,"morgex","Morgex",2774.14811724551,"METHOD_G+meteo_l0.10"
2025-09-01,"morgex","Morgex",1014.21939624999,"METHOD_G+meteo_l0.10"
2025-01-01,"nus","Nus",1553.992392352,"METHOD_G+meteo_l0.10"
2025-02-01,"nus","Nus",1232.65276401221,"METHOD_G+meteo_l0.10"
2025-03-01,"nus","Nus",1232.64818596231,"METHOD_G+meteo_l0.10"
2025-04-01,"nus","Nus",1012.81158457066,"METHOD_G+meteo_l0.10"
2025-05-01,"nus","Nus",984.596682479142,"METHOD_G+meteo_l0.10"
2025-06-01,"nus","Nus",980.121718596353,"METHOD_G+meteo_l0.10"
2025-07-01,"nus","Nus",1998.5715987841,"METHOD_G+meteo_l0.10"
2025-08-01,"nus","Nus",2152.27992069422,"METHOD_G+meteo_l0.10"
2025-09-01,"nus","Nus",837.705079281626,"METHOD_G+meteo_l0.10"
2025-01-01,"ollomont","Ollomont",50.8599151802257,"METHOD_G+meteo_l0.10"
2025-02-01,"ollomont","Ollomont",10.5766672066636,"METHOD_G+meteo_l0.10"
2025-03-01,"ollomont","Ollomont",9.44925129165772,"METHOD_G+meteo_l0.10"
2025-04-01,"ollomont","Ollomont",10.8951900501683,"METHOD_G+meteo_l0.10"
2025-05-01,"ollomont","Ollomont",8.60770266391986,"METHOD_G+meteo_l0.10"
2025-06-01,"ollomont","Ollomont",36.5850800507809,"METHOD_G+meteo_l0.10"
2025-07-01,"ollomont","Ollomont",459.685375612294,"METHOD_G+meteo_l0.10"
2025-08-01,"ollomont","Ollomont",504.725892444282,"METHOD_G+meteo_l0.10"
2025-09-01,"ollomont","Ollomont",100.028242781524,"METHOD_G+meteo_l0.10"
2025-01-01,"oyace","Oyace",7.78742168819784,"METHOD_G+meteo_l0.10"
2025-02-01,"oyace","Oyace",9.95441671359948,"METHOD_G+meteo_l0.10"
2025-03-01,"oyace","Oyace",6.76071002000716,"METHOD_G+meteo_l0.10"
2025-04-01,"oyace","Oyace",7.35651270028098e-05,"METHOD_G+meteo_l0.10"
2025-05-01,"oyace","Oyace",5.73837125369023e-05,"METHOD_G+meteo_l0.10"
2025-06-01,"oyace","Oyace",8.29578617432626,"METHOD_G+meteo_l0.10"
2025-07-01,"oyace","Oyace",9.79622396837595,"METHOD_G+meteo_l0.10"
2025-08-01,"oyace","Oyace",1.93830456064115,"METHOD_G+meteo_l0.10"
2025-09-01,"oyace","Oyace",4.93514357658255,"METHOD_G+meteo_l0.10"
2025-01-01,"perloz","Perloz",104.039057604684,"METHOD_G+meteo_l0.10"
2025-02-01,"perloz","Perloz",89.4087725364728,"METHOD_G+meteo_l0.10"
2025-03-01,"perloz","Perloz",61.4482675320186,"METHOD_G+meteo_l0.10"
2025-04-01,"perloz","Perloz",77.2770119701815,"METHOD_G+meteo_l0.10"
2025-05-01,"perloz","Perloz",70.4816520138365,"METHOD_G+meteo_l0.10"
2025-06-01,"perloz","Perloz",117.230744951775,"METHOD_G+meteo_l0.10"
2025-07-01,"perloz","Perloz",209.286440941424,"METHOD_G+meteo_l0.10"
2025-08-01,"perloz","Perloz",217.046708429162,"METHOD_G+meteo_l0.10"
2025-09-01,"perloz","Perloz",119.862820348968,"METHOD_G+meteo_l0.10"
2025-01-01,"pollein","Pollein",3377.89958438812,"METHOD_G+meteo_l0.10"
2025-02-01,"pollein","Pollein",2588.9108274494,"METHOD_G+meteo_l0.10"
2025-03-01,"pollein","Pollein",2858.93938434254,"METHOD_G+meteo_l0.10"
2025-04-01,"pollein","Pollein",2806.15340773979,"METHOD_G+meteo_l0.10"
2025-05-01,"pollein","Pollein",3862.63358270401,"METHOD_G+meteo_l0.10"
2025-06-01,"pollein","Pollein",3408.84607917789,"METHOD_G+meteo_l0.10"
2025-07-01,"pollein","Pollein",4016.82258570086,"METHOD_G+meteo_l0.10"
2025-08-01,"pollein","Pollein",3800.95173866855,"METHOD_G+meteo_l0.10"
2025-09-01,"pollein","Pollein",3120.60009289412,"METHOD_G+meteo_l0.10"
2025-01-01,"pont saint martin","Pont-Saint-Martin",530.316262653403,"METHOD_G+meteo_l0.10"
2025-02-01,"pont saint martin","Pont-Saint-Martin",476.679526533565,"METHOD_G+meteo_l0.10"
2025-03-01,"pont saint martin","Pont-Saint-Martin",550.177047812944,"METHOD_G+meteo_l0.10"
2025-04-01,"pont saint martin","Pont-Saint-Martin",541.245640306307,"METHOD_G+meteo_l0.10"
2025-05-01,"pont saint martin","Pont-Saint-Martin",588.59222741011,"METHOD_G+meteo_l0.10"
2025-06-01,"pont saint martin","Pont-Saint-Martin",821.483165161525,"METHOD_G+meteo_l0.10"
2025-07-01,"pont saint martin","Pont-Saint-Martin",1028.48856491509,"METHOD_G+meteo_l0.10"
2025-08-01,"pont saint martin","Pont-Saint-Martin",1150.41257800125,"METHOD_G+meteo_l0.10"
2025-09-01,"pont saint martin","Pont-Saint-Martin",724.168168747533,"METHOD_G+meteo_l0.10"
2025-01-01,"pontboset","Pontboset",115.126403484378,"METHOD_G+meteo_l0.10"
2025-02-01,"pontboset","Pontboset",102.515915180753,"METHOD_G+meteo_l0.10"
2025-03-01,"pontboset","Pontboset",81.7123403485207,"METHOD_G+meteo_l0.10"
2025-04-01,"pontboset","Pontboset",54.283458155876,"METHOD_G+meteo_l0.10"
2025-05-01,"pontboset","Pontboset",92.3688482258275,"METHOD_G+meteo_l0.10"
2025-06-01,"pontboset","Pontboset",192.220658395734,"METHOD_G+meteo_l0.10"
2025-07-01,"pontboset","Pontboset",436.914075147396,"METHOD_G+meteo_l0.10"
2025-08-01,"pontboset","Pontboset",507.967203043514,"METHOD_G+meteo_l0.10"
2025-09-01,"pontboset","Pontboset",109.015738595063,"METHOD_G+meteo_l0.10"
2025-01-01,"pontey","Pontey",104.814527366416,"METHOD_G+meteo_l0.10"
2025-02-01,"pontey","Pontey",70.601099201361,"METHOD_G+meteo_l0.10"
2025-03-01,"pontey","Pontey",53.8526019445806,"METHOD_G+meteo_l0.10"
2025-04-01,"pontey","Pontey",74.877966357458,"METHOD_G+meteo_l0.10"
2025-05-01,"pontey","Pontey",91.966196296913,"METHOD_G+meteo_l0.10"
2025-06-01,"pontey","Pontey",82.6581287881477,"METHOD_G+meteo_l0.10"
2025-07-01,"pontey","Pontey",220.493674708812,"METHOD_G+meteo_l0.10"
2025-08-01,"pontey","Pontey",360.722843107202,"METHOD_G+meteo_l0.10"
2025-09-01,"pontey","Pontey",65.4617016046228,"METHOD_G+meteo_l0.10"
2025-01-01,"pre saint didier","Pré-Saint-Didier",8700.61083984004,"METHOD_G+meteo_l0.10"
2025-02-01,"pre saint didier","Pré-Saint-Didier",7529.04778669196,"METHOD_G+meteo_l0.10"
2025-03-01,"pre saint didier","Pré-Saint-Didier",7603.26962013805,"METHOD_G+meteo_l0.10"
2025-04-01,"pre saint didier","Pré-Saint-Didier",3806.37190778639,"METHOD_G+meteo_l0.10"
2025-05-01,"pre saint didier","Pré-Saint-Didier",3778.21834106602,"METHOD_G+meteo_l0.10"
2025-06-01,"pre saint didier","Pré-Saint-Didier",3741.10617933272,"METHOD_G+meteo_l0.10"
2025-07-01,"pre saint didier","Pré-Saint-Didier",5668.20861339056,"METHOD_G+meteo_l0.10"
2025-08-01,"pre saint didier","Pré-Saint-Didier",5588.32695443805,"METHOD_G+meteo_l0.10"
2025-09-01,"pre saint didier","Pré-Saint-Didier",4265.47249758604,"METHOD_G+meteo_l0.10"
2025-01-01,"quart","Quart",745.656149922056,"METHOD_G+meteo_l0.10"
2025-02-01,"quart","Quart",602.749774665317,"METHOD_G+meteo_l0.10"
2025-03-01,"quart","Quart",577.867293358281,"METHOD_G+meteo_l0.10"
2025-04-01,"quart","Quart",491.62705283723,"METHOD_G+meteo_l0.10"
2025-05-01,"quart","Quart",711.650493931465,"METHOD_G+meteo_l0.10"
2025-06-01,"quart","Quart",655.664062520362,"METHOD_G+meteo_l0.10"
2025-07-01,"quart","Quart",1022.44172341582,"METHOD_G+meteo_l0.10"
2025-08-01,"quart","Quart",975.10839290028,"METHOD_G+meteo_l0.10"
2025-09-01,"quart","Quart",641.4963846351,"METHOD_G+meteo_l0.10"
2025-01-01,"rhemes notre dame","Rhêmes-Notre-Dame",1586.91334913117,"METHOD_G+meteo_l0.10"
2025-02-01,"rhemes notre dame","Rhêmes-Notre-Dame",1243.48136646494,"METHOD_G+meteo_l0.10"
2025-03-01,"rhemes notre dame","Rhêmes-Notre-Dame",1071.37554504273,"METHOD_G+meteo_l0.10"
2025-04-01,"rhemes notre dame","Rhêmes-Notre-Dame",251.082845859692,"METHOD_G+meteo_l0.10"
2025-05-01,"rhemes notre dame","Rhêmes-Notre-Dame",111.387396348196,"METHOD_G+meteo_l0.10"
2025-06-01,"rhemes notre dame","Rhêmes-Notre-Dame",842.459932931329,"METHOD_G+meteo_l0.10"
2025-07-01,"rhemes notre dame","Rhêmes-Notre-Dame",1508.67815926137,"METHOD_G+meteo_l0.10"
2025-08-01,"rhemes notre dame","Rhêmes-Notre-Dame",1504.90019492064,"METHOD_G+meteo_l0.10"
2025-09-01,"rhemes notre dame","Rhêmes-Notre-Dame",616.292142658886,"METHOD_G+meteo_l0.10"
2025-01-01,"rhemes saint georges","Rhêmes-Saint-Georges",136.18159465406,"METHOD_G+meteo_l0.10"
2025-02-01,"rhemes saint georges","Rhêmes-Saint-Georges",170.19954012135,"METHOD_G+meteo_l0.10"
2025-03-01,"rhemes saint georges","Rhêmes-Saint-Georges",36.2898658671831,"METHOD_G+meteo_l0.10"
2025-04-01,"rhemes saint georges","Rhêmes-Saint-Georges",28.3869374624029,"METHOD_G+meteo_l0.10"
2025-05-01,"rhemes saint georges","Rhêmes-Saint-Georges",59.6759928496962,"METHOD_G+meteo_l0.10"
2025-06-01,"rhemes saint georges","Rhêmes-Saint-Georges",360.567212284838,"METHOD_G+meteo_l0.10"
2025-07-01,"rhemes saint georges","Rhêmes-Saint-Georges",1747.05759891588,"METHOD_G+meteo_l0.10"
2025-08-01,"rhemes saint georges","Rhêmes-Saint-Georges",1764.56806434031,"METHOD_G+meteo_l0.10"
2025-09-01,"rhemes saint georges","Rhêmes-Saint-Georges",193.550571210425,"METHOD_G+meteo_l0.10"
2025-01-01,"roisan","Roisan",192.765219467493,"METHOD_G+meteo_l0.10"
2025-02-01,"roisan","Roisan",94.1683696484064,"METHOD_G+meteo_l0.10"
2025-03-01,"roisan","Roisan",85.496341254219,"METHOD_G+meteo_l0.10"
2025-04-01,"roisan","Roisan",56.1030894671223,"METHOD_G+meteo_l0.10"
2025-05-01,"roisan","Roisan",63.1906939545309,"METHOD_G+meteo_l0.10"
2025-06-01,"roisan","Roisan",169.598723410874,"METHOD_G+meteo_l0.10"
2025-07-01,"roisan","Roisan",269.289249158681,"METHOD_G+meteo_l0.10"
2025-08-01,"roisan","Roisan",263.824160622154,"METHOD_G+meteo_l0.10"
2025-09-01,"roisan","Roisan",120.02840101116,"METHOD_G+meteo_l0.10"
2025-01-01,"saint christophe","Saint-Christophe",698.058668488309,"METHOD_G+meteo_l0.10"
2025-02-01,"saint christophe","Saint-Christophe",505.177258522129,"METHOD_G+meteo_l0.10"
2025-03-01,"saint christophe","Saint-Christophe",423.26735123705,"METHOD_G+meteo_l0.10"
2025-04-01,"saint christophe","Saint-Christophe",402.35503849303,"METHOD_G+meteo_l0.10"
2025-05-01,"saint christophe","Saint-Christophe",618.356507286395,"METHOD_G+meteo_l0.10"
2025-06-01,"saint christophe","Saint-Christophe",506.061243198041,"METHOD_G+meteo_l0.10"
2025-07-01,"saint christophe","Saint-Christophe",722.11983623196,"METHOD_G+meteo_l0.10"
2025-08-01,"saint christophe","Saint-Christophe",776.691954284626,"METHOD_G+meteo_l0.10"
2025-09-01,"saint christophe","Saint-Christophe",552.868696851493,"METHOD_G+meteo_l0.10"
2025-01-01,"saint denis","Saint-Denis",9.96122757138536,"METHOD_G+meteo_l0.10"
2025-02-01,"saint denis","Saint-Denis",26.8270343359041,"METHOD_G+meteo_l0.10"
2025-03-01,"saint denis","Saint-Denis",6.74282394305965,"METHOD_G+meteo_l0.10"
2025-04-01,"saint denis","Saint-Denis",8.50910724446022,"METHOD_G+meteo_l0.10"
2025-05-01,"saint denis","Saint-Denis",49.976617400796,"METHOD_G+meteo_l0.10"
2025-06-01,"saint denis","Saint-Denis",35.3227185707754,"METHOD_G+meteo_l0.10"
2025-07-01,"saint denis","Saint-Denis",169.894707651223,"METHOD_G+meteo_l0.10"
2025-08-01,"saint denis","Saint-Denis",147.45366785171,"METHOD_G+meteo_l0.10"
2025-09-01,"saint denis","Saint-Denis",34.9538498012179,"METHOD_G+meteo_l0.10"
2025-01-01,"saint marcel","Saint-Marcel",65.8285228353429,"METHOD_G+meteo_l0.10"
2025-02-01,"saint marcel","Saint-Marcel",86.9352798851529,"METHOD_G+meteo_l0.10"
2025-03-01,"saint marcel","Saint-Marcel",66.4104588004463,"METHOD_G+meteo_l0.10"
2025-04-01,"saint marcel","Saint-Marcel",37.5764083875115,"METHOD_G+meteo_l0.10"
2025-05-01,"saint marcel","Saint-Marcel",81.3977278096834,"METHOD_G+meteo_l0.10"
2025-06-01,"saint marcel","Saint-Marcel",63.2632374763022,"METHOD_G+meteo_l0.10"
2025-07-01,"saint marcel","Saint-Marcel",155.910611794184,"METHOD_G+meteo_l0.10"
2025-08-01,"saint marcel","Saint-Marcel",268.175328323715,"METHOD_G+meteo_l0.10"
2025-09-01,"saint marcel","Saint-Marcel",50.0513990092969,"METHOD_G+meteo_l0.10"
2025-01-01,"saint nicolas","Saint-Nicolas",475.387706287492,"METHOD_G+meteo_l0.10"
2025-02-01,"saint nicolas","Saint-Nicolas",396.077488261206,"METHOD_G+meteo_l0.10"
2025-03-01,"saint nicolas","Saint-Nicolas",361.623271282377,"METHOD_G+meteo_l0.10"
2025-04-01,"saint nicolas","Saint-Nicolas",210.012190194904,"METHOD_G+meteo_l0.10"
2025-05-01,"saint nicolas","Saint-Nicolas",308.209642033104,"METHOD_G+meteo_l0.10"
2025-06-01,"saint nicolas","Saint-Nicolas",439.799772002583,"METHOD_G+meteo_l0.10"
2025-07-01,"saint nicolas","Saint-Nicolas",893.926408781913,"METHOD_G+meteo_l0.10"
2025-08-01,"saint nicolas","Saint-Nicolas",896.209342069884,"METHOD_G+meteo_l0.10"
2025-09-01,"saint nicolas","Saint-Nicolas",402.147567625198,"METHOD_G+meteo_l0.10"
2025-01-01,"saint oyen","Saint-Oyen",402.611580095858,"METHOD_G+meteo_l0.10"
2025-02-01,"saint oyen","Saint-Oyen",341.926791858686,"METHOD_G+meteo_l0.10"
2025-03-01,"saint oyen","Saint-Oyen",318.230658412452,"METHOD_G+meteo_l0.10"
2025-04-01,"saint oyen","Saint-Oyen",156.02120715901,"METHOD_G+meteo_l0.10"
2025-05-01,"saint oyen","Saint-Oyen",147.484901833223,"METHOD_G+meteo_l0.10"
2025-06-01,"saint oyen","Saint-Oyen",384.201628674464,"METHOD_G+meteo_l0.10"
2025-07-01,"saint oyen","Saint-Oyen",986.400815028831,"METHOD_G+meteo_l0.10"
2025-08-01,"saint oyen","Saint-Oyen",985.713944581604,"METHOD_G+meteo_l0.10"
2025-09-01,"saint oyen","Saint-Oyen",295.847117611392,"METHOD_G+meteo_l0.10"
2025-01-01,"saint pierre","Saint-Pierre",1230.83020959147,"METHOD_G+meteo_l0.10"
2025-02-01,"saint pierre","Saint-Pierre",1054.6144418278,"METHOD_G+meteo_l0.10"
2025-03-01,"saint pierre","Saint-Pierre",1031.31725036568,"METHOD_G+meteo_l0.10"
2025-04-01,"saint pierre","Saint-Pierre",767.579924983437,"METHOD_G+meteo_l0.10"
2025-05-01,"saint pierre","Saint-Pierre",963.299754218991,"METHOD_G+meteo_l0.10"
2025-06-01,"saint pierre","Saint-Pierre",1262.16277461508,"METHOD_G+meteo_l0.10"
2025-07-01,"saint pierre","Saint-Pierre",1890.33272714122,"METHOD_G+meteo_l0.10"
2025-08-01,"saint pierre","Saint-Pierre",1769.59667417862,"METHOD_G+meteo_l0.10"
2025-09-01,"saint pierre","Saint-Pierre",1084.63639549075,"METHOD_G+meteo_l0.10"
2025-01-01,"saint rhemy en bosses","Saint-Rhémy-en-Bosses",344.257045560066,"METHOD_G+meteo_l0.10"
2025-02-01,"saint rhemy en bosses","Saint-Rhémy-en-Bosses",554.497099720533,"METHOD_G+meteo_l0.10"
2025-03-01,"saint rhemy en bosses","Saint-Rhémy-en-Bosses",475.965684965877,"METHOD_G+meteo_l0.10"
2025-04-01,"saint rhemy en bosses","Saint-Rhémy-en-Bosses",123.94603606621,"METHOD_G+meteo_l0.10"
2025-05-01,"saint rhemy en bosses","Saint-Rhémy-en-Bosses",89.2179450409097,"METHOD_G+meteo_l0.10"
2025-06-01,"saint rhemy en bosses","Saint-Rhémy-en-Bosses",478.102246866433,"METHOD_G+meteo_l0.10"
2025-07-01,"saint rhemy en bosses","Saint-Rhémy-en-Bosses",1591.54056692715,"METHOD_G+meteo_l0.10"
2025-08-01,"saint rhemy en bosses","Saint-Rhémy-en-Bosses",1616.57753223666,"METHOD_G+meteo_l0.10"
2025-09-01,"saint rhemy en bosses","Saint-Rhémy-en-Bosses",408.811630908482,"METHOD_G+meteo_l0.10"
2025-01-01,"saint vincent","Saint-Vincent",9500.35053957635,"METHOD_G+meteo_l0.10"
2025-02-01,"saint vincent","Saint-Vincent",7492.73106936146,"METHOD_G+meteo_l0.10"
2025-03-01,"saint vincent","Saint-Vincent",7449.28524651266,"METHOD_G+meteo_l0.10"
2025-04-01,"saint vincent","Saint-Vincent",5469.55736449909,"METHOD_G+meteo_l0.10"
2025-05-01,"saint vincent","Saint-Vincent",5962.42930629858,"METHOD_G+meteo_l0.10"
2025-06-01,"saint vincent","Saint-Vincent",6739.32755074578,"METHOD_G+meteo_l0.10"
2025-07-01,"saint vincent","Saint-Vincent",8017.05387019102,"METHOD_G+meteo_l0.10"
2025-08-01,"saint vincent","Saint-Vincent",9011.50306051751,"METHOD_G+meteo_l0.10"
2025-09-01,"saint vincent","Saint-Vincent",6327.30782406549,"METHOD_G+meteo_l0.10"
2025-01-01,"sarre","Sarre",1627.66658390362,"METHOD_G+meteo_l0.10"
2025-02-01,"sarre","Sarre",1444.536363453,"METHOD_G+meteo_l0.10"
2025-03-01,"sarre","Sarre",1195.01505114543,"METHOD_G+meteo_l0.10"
2025-04-01,"sarre","Sarre",806.58079042394,"METHOD_G+meteo_l0.10"
2025-05-01,"sarre","Sarre",1889.50581077695,"METHOD_G+meteo_l0.10"
2025-06-01,"sarre","Sarre",3327.7758957342,"METHOD_G+meteo_l0.10"
2025-07-01,"sarre","Sarre",5137.46835530465,"METHOD_G+meteo_l0.10"
2025-08-01,"sarre","Sarre",3955.10226626005,"METHOD_G+meteo_l0.10"
2025-09-01,"sarre","Sarre",2107.35603681419,"METHOD_G+meteo_l0.10"
2025-01-01,"torgnon","Torgnon",3034.48082471153,"METHOD_G+meteo_l0.10"
2025-02-01,"torgnon","Torgnon",2847.40986329893,"METHOD_G+meteo_l0.10"
2025-03-01,"torgnon","Torgnon",1944.80917177483,"METHOD_G+meteo_l0.10"
2025-04-01,"torgnon","Torgnon",285.536774355426,"METHOD_G+meteo_l0.10"
2025-05-01,"torgnon","Torgnon",164.558668812306,"METHOD_G+meteo_l0.10"
2025-06-01,"torgnon","Torgnon",885.420012527861,"METHOD_G+meteo_l0.10"
2025-07-01,"torgnon","Torgnon",2543.30872770455,"METHOD_G+meteo_l0.10"
2025-08-01,"torgnon","Torgnon",2008.56895238198,"METHOD_G+meteo_l0.10"
2025-09-01,"torgnon","Torgnon",434.882767925796,"METHOD_G+meteo_l0.10"
2025-01-01,"valgrisenche","Valgrisenche",590.917416450932,"METHOD_G+meteo_l0.10"
2025-02-01,"valgrisenche","Valgrisenche",497.693297175871,"METHOD_G+meteo_l0.10"
2025-03-01,"valgrisenche","Valgrisenche",472.115231486249,"METHOD_G+meteo_l0.10"
2025-04-01,"valgrisenche","Valgrisenche",303.207525849759,"METHOD_G+meteo_l0.10"
2025-05-01,"valgrisenche","Valgrisenche",127.884655120784,"METHOD_G+meteo_l0.10"
2025-06-01,"valgrisenche","Valgrisenche",559.016169876605,"METHOD_G+meteo_l0.10"
2025-07-01,"valgrisenche","Valgrisenche",3561.55923940238,"METHOD_G+meteo_l0.10"
2025-08-01,"valgrisenche","Valgrisenche",3741.6165995577,"METHOD_G+meteo_l0.10"
2025-09-01,"valgrisenche","Valgrisenche",824.041386152291,"METHOD_G+meteo_l0.10"
2025-01-01,"valpelline","Valpelline",228.973382412406,"METHOD_G+meteo_l0.10"
2025-02-01,"valpelline","Valpelline",322.261063965386,"METHOD_G+meteo_l0.10"
2025-03-01,"valpelline","Valpelline",244.417953156373,"METHOD_G+meteo_l0.10"
2025-04-01,"valpelline","Valpelline",189.512749735451,"METHOD_G+meteo_l0.10"
2025-05-01,"valpelline","Valpelline",251.331280472212,"METHOD_G+meteo_l0.10"
2025-06-01,"valpelline","Valpelline",531.625899172688,"METHOD_G+meteo_l0.10"
2025-07-01,"valpelline","Valpelline",1324.26369355424,"METHOD_G+meteo_l0.10"
2025-08-01,"valpelline","Valpelline",1964.56504055395,"METHOD_G+meteo_l0.10"
2025-09-01,"valpelline","Valpelline",347.610302944556,"METHOD_G+meteo_l0.10"
2025-01-01,"valsavarenche","Valsavarenche",174.106291757201,"METHOD_G+meteo_l0.10"
2025-02-01,"valsavarenche","Valsavarenche",189.435602341687,"METHOD_G+meteo_l0.10"
2025-03-01,"valsavarenche","Valsavarenche",174.317878208839,"METHOD_G+meteo_l0.10"
2025-04-01,"valsavarenche","Valsavarenche",1667.5186180081,"METHOD_G+meteo_l0.10"
2025-05-01,"valsavarenche","Valsavarenche",816.819409215001,"METHOD_G+meteo_l0.10"
2025-06-01,"valsavarenche","Valsavarenche",5011.97147685315,"METHOD_G+meteo_l0.10"
2025-07-01,"valsavarenche","Valsavarenche",10194.1298674507,"METHOD_G+meteo_l0.10"
2025-08-01,"valsavarenche","Valsavarenche",10010.9551813572,"METHOD_G+meteo_l0.10"
2025-09-01,"valsavarenche","Valsavarenche",2509.12631039833,"METHOD_G+meteo_l0.10"
2025-01-01,"valtournenche","Valtournenche",26130.1621140552,"METHOD_G+meteo_l0.10"
2025-02-01,"valtournenche","Valtournenche",24558.0760504902,"METHOD_G+meteo_l0.10"
2025-03-01,"valtournenche","Valtournenche",26492.6643839866,"METHOD_G+meteo_l0.10"
2025-04-01,"valtournenche","Valtournenche",12695.8733983044,"METHOD_G+meteo_l0.10"
2025-05-01,"valtournenche","Valtournenche",1838.13775353297,"METHOD_G+meteo_l0.10"
2025-06-01,"valtournenche","Valtournenche",3799.15017962243,"METHOD_G+meteo_l0.10"
2025-07-01,"valtournenche","Valtournenche",16338.6903975827,"METHOD_G+meteo_l0.10"
2025-08-01,"valtournenche","Valtournenche",18272.7041324183,"METHOD_G+meteo_l0.10"
2025-09-01,"valtournenche","Valtournenche",3199.73215216567,"METHOD_G+meteo_l0.10"
2025-01-01,"verrayes","Verrayes",681.763252449717,"METHOD_G+meteo_l0.10"
2025-02-01,"verrayes","Verrayes",393.737895953464,"METHOD_G+meteo_l0.10"
2025-03-01,"verrayes","Verrayes",533.548541858062,"METHOD_G+meteo_l0.10"
2025-04-01,"verrayes","Verrayes",274.595864798299,"METHOD_G+meteo_l0.10"
2025-05-01,"verrayes","Verrayes",181.358253336855,"METHOD_G+meteo_l0.10"
2025-06-01,"verrayes","Verrayes",327.083973934264,"METHOD_G+meteo_l0.10"
2025-07-01,"verrayes","Verrayes",698.25998248654,"METHOD_G+meteo_l0.10"
2025-08-01,"verrayes","Verrayes",717.447019468144,"METHOD_G+meteo_l0.10"
2025-09-01,"verrayes","Verrayes",197.328600623256,"METHOD_G+meteo_l0.10"
2025-01-01,"verres","Verrès",172.939806883555,"METHOD_G+meteo_l0.10"
2025-02-01,"verres","Verrès",84.9983524182228,"METHOD_G+meteo_l0.10"
2025-03-01,"verres","Verrès",62.9263698675173,"METHOD_G+meteo_l0.10"
2025-04-01,"verres","Verrès",143.497751005615,"METHOD_G+meteo_l0.10"
2025-05-01,"verres","Verrès",162.476739123193,"METHOD_G+meteo_l0.10"
2025-06-01,"verres","Verrès",289.13249725812,"METHOD_G+meteo_l0.10"
2025-07-01,"verres","Verrès",348.429287845869,"METHOD_G+meteo_l0.10"
2025-08-01,"verres","Verrès",420.869181997915,"METHOD_G+meteo_l0.10"
2025-09-01,"verres","Verrès",279.03025834646,"METHOD_G+meteo_l0.10"
2025-01-01,"villeneuve","Villeneuve",360.203854841958,"METHOD_G+meteo_l0.10"
2025-02-01,"villeneuve","Villeneuve",534.781845540353,"METHOD_G+meteo_l0.10"
2025-03-01,"villeneuve","Villeneuve",534.11212092268,"METHOD_G+meteo_l0.10"
2025-04-01,"villeneuve","Villeneuve",232.994827991392,"METHOD_G+meteo_l0.10"
2025-05-01,"villeneuve","Villeneuve",226.206553960018,"METHOD_G+meteo_l0.10"
2025-06-01,"villeneuve","Villeneuve",271.34704874165,"METHOD_G+meteo_l0.10"
2025-07-01,"villeneuve","Villeneuve",301.783167306387,"METHOD_G+meteo_l0.10"
2025-08-01,"villeneuve","Villeneuve",419.66412138443,"METHOD_G+meteo_l0.10"
2025-09-01,"villeneuve","Villeneuve",197.970040038641,"METHOD_G+meteo_l0.10"
2025-01-01,"allein","Allein",19.795707068016,"METHOD_H+meteo_l0.10"
2025-02-01,"allein","Allein",15.1475060541634,"METHOD_H+meteo_l0.10"
2025-03-01,"allein","Allein",15.0362994111261,"METHOD_H+meteo_l0.10"
2025-04-01,"allein","Allein",10.0221281271777,"METHOD_H+meteo_l0.10"
2025-05-01,"allein","Allein",6.48191453292894,"METHOD_H+meteo_l0.10"
2025-06-01,"allein","Allein",19.2560728125828,"METHOD_H+meteo_l0.10"
2025-07-01,"allein","Allein",42.997126520293,"METHOD_H+meteo_l0.10"
2025-08-01,"allein","Allein",45.2082164892,"METHOD_H+meteo_l0.10"
2025-09-01,"allein","Allein",12.8484246971343,"METHOD_H+meteo_l0.10"
2025-01-01,"antey saint andre","Antey-Saint-André",2641.50166996668,"METHOD_H+meteo_l0.10"
2025-02-01,"antey saint andre","Antey-Saint-André",2645.08935831087,"METHOD_H+meteo_l0.10"
2025-03-01,"antey saint andre","Antey-Saint-André",2355.87476706618,"METHOD_H+meteo_l0.10"
2025-04-01,"antey saint andre","Antey-Saint-André",1193.32756172546,"METHOD_H+meteo_l0.10"
2025-05-01,"antey saint andre","Antey-Saint-André",408.599514391419,"METHOD_H+meteo_l0.10"
2025-06-01,"antey saint andre","Antey-Saint-André",1480.00025615656,"METHOD_H+meteo_l0.10"
2025-07-01,"antey saint andre","Antey-Saint-André",3125.15529120348,"METHOD_H+meteo_l0.10"
2025-08-01,"antey saint andre","Antey-Saint-André",3498.58400630421,"METHOD_H+meteo_l0.10"
2025-09-01,"antey saint andre","Antey-Saint-André",1162.84844792845,"METHOD_H+meteo_l0.10"
2025-01-01,"aosta","Aosta",12298.0900915315,"METHOD_H+meteo_l0.10"
2025-02-01,"aosta","Aosta",10851.0539240015,"METHOD_H+meteo_l0.10"
2025-03-01,"aosta","Aosta",9783.54409711668,"METHOD_H+meteo_l0.10"
2025-04-01,"aosta","Aosta",10258.0576933316,"METHOD_H+meteo_l0.10"
2025-05-01,"aosta","Aosta",12802.4217164577,"METHOD_H+meteo_l0.10"
2025-06-01,"aosta","Aosta",12003.6676049233,"METHOD_H+meteo_l0.10"
2025-07-01,"aosta","Aosta",16223.2168932138,"METHOD_H+meteo_l0.10"
2025-08-01,"aosta","Aosta",17207.7395466472,"METHOD_H+meteo_l0.10"
2025-09-01,"aosta","Aosta",12056.9435556681,"METHOD_H+meteo_l0.10"
2025-01-01,"arnad","Arnad",290.109108195893,"METHOD_H+meteo_l0.10"
2025-02-01,"arnad","Arnad",277.666809556994,"METHOD_H+meteo_l0.10"
2025-03-01,"arnad","Arnad",282.817150195028,"METHOD_H+meteo_l0.10"
2025-04-01,"arnad","Arnad",217.109434952861,"METHOD_H+meteo_l0.10"
2025-05-01,"arnad","Arnad",339.509818416705,"METHOD_H+meteo_l0.10"
2025-06-01,"arnad","Arnad",423.427448311568,"METHOD_H+meteo_l0.10"
2025-07-01,"arnad","Arnad",619.154894598987,"METHOD_H+meteo_l0.10"
2025-08-01,"arnad","Arnad",730.06912705137,"METHOD_H+meteo_l0.10"
2025-09-01,"arnad","Arnad",307.078128322234,"METHOD_H+meteo_l0.10"
2025-01-01,"arvier","Arvier",685.371254273175,"METHOD_H+meteo_l0.10"
2025-02-01,"arvier","Arvier",814.336596189637,"METHOD_H+meteo_l0.10"
2025-03-01,"arvier","Arvier",546.196874205719,"METHOD_H+meteo_l0.10"
2025-04-01,"arvier","Arvier",403.11579508906,"METHOD_H+meteo_l0.10"
2025-05-01,"arvier","Arvier",283.353577996129,"METHOD_H+meteo_l0.10"
2025-06-01,"arvier","Arvier",797.631564587693,"METHOD_H+meteo_l0.10"
2025-07-01,"arvier","Arvier",2531.39033134316,"METHOD_H+meteo_l0.10"
2025-08-01,"arvier","Arvier",2727.72929803785,"METHOD_H+meteo_l0.10"
2025-09-01,"arvier","Arvier",603.006063838866,"METHOD_H+meteo_l0.10"
2025-01-01,"avise","Avise",89.5915116288738,"METHOD_H+meteo_l0.10"
2025-02-01,"avise","Avise",95.9149669848455,"METHOD_H+meteo_l0.10"
2025-03-01,"avise","Avise",79.5695282699334,"METHOD_H+meteo_l0.10"
2025-04-01,"avise","Avise",31.5302868880648,"METHOD_H+meteo_l0.10"
2025-05-01,"avise","Avise",28.146906134512,"METHOD_H+meteo_l0.10"
2025-06-01,"avise","Avise",89.9732205082835,"METHOD_H+meteo_l0.10"
2025-07-01,"avise","Avise",180.842386195547,"METHOD_H+meteo_l0.10"
2025-08-01,"avise","Avise",181.145926792937,"METHOD_H+meteo_l0.10"
2025-09-01,"avise","Avise",78.5867983989261,"METHOD_H+meteo_l0.10"
2025-01-01,"ayas","Ayas",12628.3205648518,"METHOD_H+meteo_l0.10"
2025-02-01,"ayas","Ayas",11434.229588107,"METHOD_H+meteo_l0.10"
2025-03-01,"ayas","Ayas",9420.45891559557,"METHOD_H+meteo_l0.10"
2025-04-01,"ayas","Ayas",2138.07795359397,"METHOD_H+meteo_l0.10"
2025-05-01,"ayas","Ayas",775.645303049126,"METHOD_H+meteo_l0.10"
2025-06-01,"ayas","Ayas",5499.11726636629,"METHOD_H+meteo_l0.10"
2025-07-01,"ayas","Ayas",12732.2249002746,"METHOD_H+meteo_l0.10"
2025-08-01,"ayas","Ayas",12610.7791338068,"METHOD_H+meteo_l0.10"
2025-09-01,"ayas","Ayas",5001.90419163434,"METHOD_H+meteo_l0.10"
2025-01-01,"aymavilles","Aymavilles",558.836403436988,"METHOD_H+meteo_l0.10"
2025-02-01,"aymavilles","Aymavilles",534.004376918118,"METHOD_H+meteo_l0.10"
2025-03-01,"aymavilles","Aymavilles",339.244618013677,"METHOD_H+meteo_l0.10"
2025-04-01,"aymavilles","Aymavilles",293.17350912187,"METHOD_H+meteo_l0.10"
2025-05-01,"aymavilles","Aymavilles",241.591965470989,"METHOD_H+meteo_l0.10"
2025-06-01,"aymavilles","Aymavilles",450.201397345228,"METHOD_H+meteo_l0.10"
2025-07-01,"aymavilles","Aymavilles",1052.26863070159,"METHOD_H+meteo_l0.10"
2025-08-01,"aymavilles","Aymavilles",1194.77683530264,"METHOD_H+meteo_l0.10"
2025-09-01,"aymavilles","Aymavilles",355.157154058061,"METHOD_H+meteo_l0.10"
2025-01-01,"bard","Bard",642.83135152977,"METHOD_H+meteo_l0.10"
2025-02-01,"bard","Bard",546.022229239857,"METHOD_H+meteo_l0.10"
2025-03-01,"bard","Bard",380.812339620321,"METHOD_H+meteo_l0.10"
2025-04-01,"bard","Bard",320.377588395517,"METHOD_H+meteo_l0.10"
2025-05-01,"bard","Bard",588.177683367824,"METHOD_H+meteo_l0.10"
2025-06-01,"bard","Bard",357.938107155199,"METHOD_H+meteo_l0.10"
2025-07-01,"bard","Bard",902.689036686259,"METHOD_H+meteo_l0.10"
2025-08-01,"bard","Bard",1155.9051553854,"METHOD_H+meteo_l0.10"
2025-09-01,"bard","Bard",622.178927030355,"METHOD_H+meteo_l0.10"
2025-01-01,"bionaz","Bionaz",216.079983538733,"METHOD_H+meteo_l0.10"
2025-02-01,"bionaz","Bionaz",176.360769579015,"METHOD_H+meteo_l0.10"
2025-03-01,"bionaz","Bionaz",398.983986028313,"METHOD_H+meteo_l0.10"
2025-04-01,"bionaz","Bionaz",575.149965119237,"METHOD_H+meteo_l0.10"
2025-05-01,"bionaz","Bionaz",191.836680840077,"METHOD_H+meteo_l0.10"
2025-06-01,"bionaz","Bionaz",622.793269103949,"METHOD_H+meteo_l0.10"
2025-07-01,"bionaz","Bionaz",2587.42755440532,"METHOD_H+meteo_l0.10"
2025-08-01,"bionaz","Bionaz",2946.56040356067,"METHOD_H+meteo_l0.10"
2025-09-01,"bionaz","Bionaz",550.138501582409,"METHOD_H+meteo_l0.10"
2025-01-01,"brissogne","Brissogne",79.2166175766018,"METHOD_H+meteo_l0.10"
2025-02-01,"brissogne","Brissogne",63.499401529713,"METHOD_H+meteo_l0.10"
2025-03-01,"brissogne","Brissogne",56.7678757592935,"METHOD_H+meteo_l0.10"
2025-04-01,"brissogne","Brissogne",43.0584968291339,"METHOD_H+meteo_l0.10"
2025-05-01,"brissogne","Brissogne",34.3353697869336,"METHOD_H+meteo_l0.10"
2025-06-01,"brissogne","Brissogne",58.9719009182988,"METHOD_H+meteo_l0.10"
2025-07-01,"brissogne","Brissogne",104.065530060134,"METHOD_H+meteo_l0.10"
2025-08-01,"brissogne","Brissogne",105.080811282909,"METHOD_H+meteo_l0.10"
2025-09-01,"brissogne","Brissogne",45.6973814942416,"METHOD_H+meteo_l0.10"
2025-01-01,"brusson","Brusson",3238.77306115035,"METHOD_H+meteo_l0.10"
2025-02-01,"brusson","Brusson",3621.49334494599,"METHOD_H+meteo_l0.10"
2025-03-01,"brusson","Brusson",2144.88609370071,"METHOD_H+meteo_l0.10"
2025-04-01,"brusson","Brusson",901.019854975251,"METHOD_H+meteo_l0.10"
2025-05-01,"brusson","Brusson",517.221652433616,"METHOD_H+meteo_l0.10"
2025-06-01,"brusson","Brusson",2396.8108373105,"METHOD_H+meteo_l0.10"
2025-07-01,"brusson","Brusson",4772.09459073706,"METHOD_H+meteo_l0.10"
2025-08-01,"brusson","Brusson",4830.0305063085,"METHOD_H+meteo_l0.10"
2025-09-01,"brusson","Brusson",1883.68642201437,"METHOD_H+meteo_l0.10"
2025-01-01,"challand saint anselme","Challand-Saint-Anselme",580.296294264555,"METHOD_H+meteo_l0.10"
2025-02-01,"challand saint anselme","Challand-Saint-Anselme",514.001057622261,"METHOD_H+meteo_l0.10"
2025-03-01,"challand saint anselme","Challand-Saint-Anselme",389.245302480033,"METHOD_H+meteo_l0.10"
2025-04-01,"challand saint anselme","Challand-Saint-Anselme",281.574561843396,"METHOD_H+meteo_l0.10"
2025-05-01,"challand saint anselme","Challand-Saint-Anselme",221.536352463781,"METHOD_H+meteo_l0.10"
2025-06-01,"challand saint anselme","Challand-Saint-Anselme",599.545244005611,"METHOD_H+meteo_l0.10"
2025-07-01,"challand saint anselme","Challand-Saint-Anselme",997.597459535012,"METHOD_H+meteo_l0.10"
2025-08-01,"challand saint anselme","Challand-Saint-Anselme",1022.57004642226,"METHOD_H+meteo_l0.10"
2025-09-01,"challand saint anselme","Challand-Saint-Anselme",470.755137331394,"METHOD_H+meteo_l0.10"
2025-01-01,"challand saint victor","Challand-Saint-Victor",91.3171717079424,"METHOD_H+meteo_l0.10"
2025-02-01,"challand saint victor","Challand-Saint-Victor",68.057356588927,"METHOD_H+meteo_l0.10"
2025-03-01,"challand saint victor","Challand-Saint-Victor",67.2747872391681,"METHOD_H+meteo_l0.10"
2025-04-01,"challand saint victor","Challand-Saint-Victor",55.7308376767486,"METHOD_H+meteo_l0.10"
2025-05-01,"challand saint victor","Challand-Saint-Victor",41.7771584253846,"METHOD_H+meteo_l0.10"
2025-06-01,"challand saint victor","Challand-Saint-Victor",63.0042816137129,"METHOD_H+meteo_l0.10"
2025-07-01,"challand saint victor","Challand-Saint-Victor",113.940106551287,"METHOD_H+meteo_l0.10"
2025-08-01,"challand saint victor","Challand-Saint-Victor",125.528260455887,"METHOD_H+meteo_l0.10"
2025-09-01,"challand saint victor","Challand-Saint-Victor",42.6616041073667,"METHOD_H+meteo_l0.10"
2025-01-01,"chambave","Chambave",148.69007981614,"METHOD_H+meteo_l0.10"
2025-02-01,"chambave","Chambave",130.923980996031,"METHOD_H+meteo_l0.10"
2025-03-01,"chambave","Chambave",128.876773860572,"METHOD_H+meteo_l0.10"
2025-04-01,"chambave","Chambave",87.7771921272609,"METHOD_H+meteo_l0.10"
2025-05-01,"chambave","Chambave",95.5149830952699,"METHOD_H+meteo_l0.10"
2025-06-01,"chambave","Chambave",124.54304540696,"METHOD_H+meteo_l0.10"
2025-07-01,"chambave","Chambave",186.884521531289,"METHOD_H+meteo_l0.10"
2025-08-01,"chambave","Chambave",215.390288761049,"METHOD_H+meteo_l0.10"
2025-09-01,"chambave","Chambave",107.402853622326,"METHOD_H+meteo_l0.10"
2025-01-01,"chamois","Chamois",706.248240398081,"METHOD_H+meteo_l0.10"
2025-02-01,"chamois","Chamois",795.631655235017,"METHOD_H+meteo_l0.10"
2025-03-01,"chamois","Chamois",563.284051990593,"METHOD_H+meteo_l0.10"
2025-04-01,"chamois","Chamois",62.4630338880399,"METHOD_H+meteo_l0.10"
2025-05-01,"chamois","Chamois",34.8637868189931,"METHOD_H+meteo_l0.10"
2025-06-01,"chamois","Chamois",217.83653994776,"METHOD_H+meteo_l0.10"
2025-07-01,"chamois","Chamois",646.694967004564,"METHOD_H+meteo_l0.10"
2025-08-01,"chamois","Chamois",754.915861794985,"METHOD_H+meteo_l0.10"
2025-09-01,"chamois","Chamois",253.091503741919,"METHOD_H+meteo_l0.10"
2025-01-01,"champdepraz","Champdepraz",319.970427413106,"METHOD_H+meteo_l0.10"
2025-02-01,"champdepraz","Champdepraz",265.266612264194,"METHOD_H+meteo_l0.10"
2025-03-01,"champdepraz","Champdepraz",201.530567381904,"METHOD_H+meteo_l0.10"
2025-04-01,"champdepraz","Champdepraz",174.579112918223,"METHOD_H+meteo_l0.10"
2025-05-01,"champdepraz","Champdepraz",57.6128365864673,"METHOD_H+meteo_l0.10"
2025-06-01,"champdepraz","Champdepraz",213.639512650569,"METHOD_H+meteo_l0.10"
2025-07-01,"champdepraz","Champdepraz",345.437410388229,"METHOD_H+meteo_l0.10"
2025-08-01,"champdepraz","Champdepraz",355.576172424599,"METHOD_H+meteo_l0.10"
2025-09-01,"champdepraz","Champdepraz",222.033803254589,"METHOD_H+meteo_l0.10"
2025-01-01,"champorcher","Champorcher",794.431070715713,"METHOD_H+meteo_l0.10"
2025-02-01,"champorcher","Champorcher",771.154866560021,"METHOD_H+meteo_l0.10"
2025-03-01,"champorcher","Champorcher",260.511141001302,"METHOD_H+meteo_l0.10"
2025-04-01,"champorcher","Champorcher",134.279745889488,"METHOD_H+meteo_l0.10"
2025-05-01,"champorcher","Champorcher",96.0463687405848,"METHOD_H+meteo_l0.10"
2025-06-01,"champorcher","Champorcher",334.099286698473,"METHOD_H+meteo_l0.10"
2025-07-01,"champorcher","Champorcher",1613.00113673839,"METHOD_H+meteo_l0.10"
2025-08-01,"champorcher","Champorcher",1520.4488556668,"METHOD_H+meteo_l0.10"
2025-09-01,"champorcher","Champorcher",333.52135350296,"METHOD_H+meteo_l0.10"
2025-01-01,"charvensod","Charvensod",1562.07756193119,"METHOD_H+meteo_l0.10"
2025-02-01,"charvensod","Charvensod",1388.26558784045,"METHOD_H+meteo_l0.10"
2025-03-01,"charvensod","Charvensod",1486.2157932599,"METHOD_H+meteo_l0.10"
2025-04-01,"charvensod","Charvensod",1439.38527986962,"METHOD_H+meteo_l0.10"
2025-05-01,"charvensod","Charvensod",1927.75883196258,"METHOD_H+meteo_l0.10"
2025-06-01,"charvensod","Charvensod",1857.88115797071,"METHOD_H+meteo_l0.10"
2025-07-01,"charvensod","Charvensod",2798.81832666724,"METHOD_H+meteo_l0.10"
2025-08-01,"charvensod","Charvensod",2962.58311647847,"METHOD_H+meteo_l0.10"
2025-09-01,"charvensod","Charvensod",1906.74311479464,"METHOD_H+meteo_l0.10"
2025-01-01,"chatillon","Châtillon",3601.70988935244,"METHOD_H+meteo_l0.10"
2025-02-01,"chatillon","Châtillon",3097.97548700175,"METHOD_H+meteo_l0.10"
2025-03-01,"chatillon","Châtillon",2629.88956806635,"METHOD_H+meteo_l0.10"
2025-04-01,"chatillon","Châtillon",2701.39291513226,"METHOD_H+meteo_l0.10"
2025-05-01,"chatillon","Châtillon",2620.23256646083,"METHOD_H+meteo_l0.10"
2025-06-01,"chatillon","Châtillon",2951.30035291905,"METHOD_H+meteo_l0.10"
2025-07-01,"chatillon","Châtillon",3842.27881803551,"METHOD_H+meteo_l0.10"
2025-08-01,"chatillon","Châtillon",4133.3247930552,"METHOD_H+meteo_l0.10"
2025-09-01,"chatillon","Châtillon",2776.53195018142,"METHOD_H+meteo_l0.10"
2025-01-01,"cogne","Cogne",8682.90315471564,"METHOD_H+meteo_l0.10"
2025-02-01,"cogne","Cogne",7519.31185606629,"METHOD_H+meteo_l0.10"
2025-03-01,"cogne","Cogne",4853.2329632106,"METHOD_H+meteo_l0.10"
2025-04-01,"cogne","Cogne",1654.44281279655,"METHOD_H+meteo_l0.10"
2025-05-01,"cogne","Cogne",3167.33154882483,"METHOD_H+meteo_l0.10"
2025-06-01,"cogne","Cogne",6945.96083482091,"METHOD_H+meteo_l0.10"
2025-07-01,"cogne","Cogne",7258.0796437937,"METHOD_H+meteo_l0.10"
2025-08-01,"cogne","Cogne",12355.1917855005,"METHOD_H+meteo_l0.10"
2025-09-01,"cogne","Cogne",7174.47244447994,"METHOD_H+meteo_l0.10"
2025-01-01,"courmayeur","Courmayeur",23767.1666546008,"METHOD_H+meteo_l0.10"
2025-02-01,"courmayeur","Courmayeur",21846.0940415509,"METHOD_H+meteo_l0.10"
2025-03-01,"courmayeur","Courmayeur",19408.136279264,"METHOD_H+meteo_l0.10"
2025-04-01,"courmayeur","Courmayeur",4808.55976909996,"METHOD_H+meteo_l0.10"
2025-05-01,"courmayeur","Courmayeur",2579.54494141843,"METHOD_H+meteo_l0.10"
2025-06-01,"courmayeur","Courmayeur",28811.9247565963,"METHOD_H+meteo_l0.10"
2025-07-01,"courmayeur","Courmayeur",54402.1955927256,"METHOD_H+meteo_l0.10"
2025-08-01,"courmayeur","Courmayeur",52491.1058129691,"METHOD_H+meteo_l0.10"
2025-09-01,"courmayeur","Courmayeur",24180.7441127254,"METHOD_H+meteo_l0.10"
2025-01-01,"donnas","Donnas",195.493493210587,"METHOD_H+meteo_l0.10"
2025-02-01,"donnas","Donnas",168.770975446626,"METHOD_H+meteo_l0.10"
2025-03-01,"donnas","Donnas",135.681700294641,"METHOD_H+meteo_l0.10"
2025-04-01,"donnas","Donnas",192.82258600082,"METHOD_H+meteo_l0.10"
2025-05-01,"donnas","Donnas",197.349939383292,"METHOD_H+meteo_l0.10"
2025-06-01,"donnas","Donnas",246.658191712532,"METHOD_H+meteo_l0.10"
2025-07-01,"donnas","Donnas",454.231795438572,"METHOD_H+meteo_l0.10"
2025-08-01,"donnas","Donnas",495.9499095251,"METHOD_H+meteo_l0.10"
2025-09-01,"donnas","Donnas",170.334662170359,"METHOD_H+meteo_l0.10"
2025-01-01,"doues","Doues",158.410257002814,"METHOD_H+meteo_l0.10"
2025-02-01,"doues","Doues",158.690369782695,"METHOD_H+meteo_l0.10"
2025-03-01,"doues","Doues",115.185578629676,"METHOD_H+meteo_l0.10"
2025-04-01,"doues","Doues",83.6705220849645,"METHOD_H+meteo_l0.10"
2025-05-01,"doues","Doues",63.5230877602695,"METHOD_H+meteo_l0.10"
2025-06-01,"doues","Doues",193.057725251939,"METHOD_H+meteo_l0.10"
2025-07-01,"doues","Doues",559.304897914294,"METHOD_H+meteo_l0.10"
2025-08-01,"doues","Doues",559.328331268739,"METHOD_H+meteo_l0.10"
2025-09-01,"doues","Doues",251.40125239173,"METHOD_H+meteo_l0.10"
2025-01-01,"emarese","Emarèse",57.5812518957236,"METHOD_H+meteo_l0.10"
2025-02-01,"emarese","Emarèse",49.1555429541128,"METHOD_H+meteo_l0.10"
2025-03-01,"emarese","Emarèse",47.0733129154918,"METHOD_H+meteo_l0.10"
2025-04-01,"emarese","Emarèse",19.8341888261611,"METHOD_H+meteo_l0.10"
2025-05-01,"emarese","Emarèse",25.2607557208425,"METHOD_H+meteo_l0.10"
2025-06-01,"emarese","Emarèse",37.194096738545,"METHOD_H+meteo_l0.10"
2025-07-01,"emarese","Emarèse",88.1816954427323,"METHOD_H+meteo_l0.10"
2025-08-01,"emarese","Emarèse",98.1084852285509,"METHOD_H+meteo_l0.10"
2025-09-01,"emarese","Emarèse",33.2829423489819,"METHOD_H+meteo_l0.10"
2025-01-01,"etroubles","Etroubles",707.837515716328,"METHOD_H+meteo_l0.10"
2025-02-01,"etroubles","Etroubles",782.232679306965,"METHOD_H+meteo_l0.10"
2025-03-01,"etroubles","Etroubles",491.740558240576,"METHOD_H+meteo_l0.10"
2025-04-01,"etroubles","Etroubles",335.92030630528,"METHOD_H+meteo_l0.10"
2025-05-01,"etroubles","Etroubles",622.220416656447,"METHOD_H+meteo_l0.10"
2025-06-01,"etroubles","Etroubles",1834.83834235621,"METHOD_H+meteo_l0.10"
2025-07-01,"etroubles","Etroubles",3681.08896516716,"METHOD_H+meteo_l0.10"
2025-08-01,"etroubles","Etroubles",3732.88906019182,"METHOD_H+meteo_l0.10"
2025-09-01,"etroubles","Etroubles",1944.82736839212,"METHOD_H+meteo_l0.10"
2025-01-01,"fenis","Fénis",747.810756281498,"METHOD_H+meteo_l0.10"
2025-02-01,"fenis","Fénis",641.858900334369,"METHOD_H+meteo_l0.10"
2025-03-01,"fenis","Fénis",591.445220195661,"METHOD_H+meteo_l0.10"
2025-04-01,"fenis","Fénis",573.927246048711,"METHOD_H+meteo_l0.10"
2025-05-01,"fenis","Fénis",717.792992220428,"METHOD_H+meteo_l0.10"
2025-06-01,"fenis","Fénis",817.255453815464,"METHOD_H+meteo_l0.10"
2025-07-01,"fenis","Fénis",1257.11326451459,"METHOD_H+meteo_l0.10"
2025-08-01,"fenis","Fénis",1348.8985986309,"METHOD_H+meteo_l0.10"
2025-09-01,"fenis","Fénis",685.486156561352,"METHOD_H+meteo_l0.10"
2025-01-01,"fontainemore","Fontainemore",105.63445441451,"METHOD_H+meteo_l0.10"
2025-02-01,"fontainemore","Fontainemore",96.6394980800808,"METHOD_H+meteo_l0.10"
2025-03-01,"fontainemore","Fontainemore",73.7916260363584,"METHOD_H+meteo_l0.10"
2025-04-01,"fontainemore","Fontainemore",57.5050947487984,"METHOD_H+meteo_l0.10"
2025-05-01,"fontainemore","Fontainemore",42.8707842727724,"METHOD_H+meteo_l0.10"
2025-06-01,"fontainemore","Fontainemore",184.935495316982,"METHOD_H+meteo_l0.10"
2025-07-01,"fontainemore","Fontainemore",592.368427681289,"METHOD_H+meteo_l0.10"
2025-08-01,"fontainemore","Fontainemore",787.655764600749,"METHOD_H+meteo_l0.10"
2025-09-01,"fontainemore","Fontainemore",211.422194216411,"METHOD_H+meteo_l0.10"
2025-01-01,"gaby","Gaby",890.10458118833,"METHOD_H+meteo_l0.10"
2025-02-01,"gaby","Gaby",756.573244564933,"METHOD_H+meteo_l0.10"
2025-03-01,"gaby","Gaby",475.077435800429,"METHOD_H+meteo_l0.10"
2025-04-01,"gaby","Gaby",280.460988874832,"METHOD_H+meteo_l0.10"
2025-05-01,"gaby","Gaby",145.835458933203,"METHOD_H+meteo_l0.10"
2025-06-01,"gaby","Gaby",538.911637830291,"METHOD_H+meteo_l0.10"
2025-07-01,"gaby","Gaby",1303.19662901114,"METHOD_H+meteo_l0.10"
2025-08-01,"gaby","Gaby",1232.83155852077,"METHOD_H+meteo_l0.10"
2025-09-01,"gaby","Gaby",409.850454228963,"METHOD_H+meteo_l0.10"
2025-01-01,"gignod","Gignod",567.232809737563,"METHOD_H+meteo_l0.10"
2025-02-01,"gignod","Gignod",426.587018584902,"METHOD_H+meteo_l0.10"
2025-03-01,"gignod","Gignod",352.869159639891,"METHOD_H+meteo_l0.10"
2025-04-01,"gignod","Gignod",281.003178757325,"METHOD_H+meteo_l0.10"
2025-05-01,"gignod","Gignod",377.228153638215,"METHOD_H+meteo_l0.10"
2025-06-01,"gignod","Gignod",644.343275928185,"METHOD_H+meteo_l0.10"
2025-07-01,"gignod","Gignod",1622.62748209044,"METHOD_H+meteo_l0.10"
2025-08-01,"gignod","Gignod",1797.28835675379,"METHOD_H+meteo_l0.10"
2025-09-01,"gignod","Gignod",575.361446712605,"METHOD_H+meteo_l0.10"
2025-01-01,"gressan","Gressan",8108.24753265641,"METHOD_H+meteo_l0.10"
2025-02-01,"gressan","Gressan",6906.55993257103,"METHOD_H+meteo_l0.10"
2025-03-01,"gressan","Gressan",5560.22450711707,"METHOD_H+meteo_l0.10"
2025-04-01,"gressan","Gressan",1080.09612688489,"METHOD_H+meteo_l0.10"
2025-05-01,"gressan","Gressan",432.427170436668,"METHOD_H+meteo_l0.10"
2025-06-01,"gressan","Gressan",1357.59949503544,"METHOD_H+meteo_l0.10"
2025-07-01,"gressan","Gressan",6634.30869139675,"METHOD_H+meteo_l0.10"
2025-08-01,"gressan","Gressan",4702.98821276372,"METHOD_H+meteo_l0.10"
2025-09-01,"gressan","Gressan",565.597607472017,"METHOD_H+meteo_l0.10"
2025-01-01,"gressoney la trinite","Gressoney-La-Trinité",4307.14664047387,"METHOD_H+meteo_l0.10"
2025-02-01,"gressoney la trinite","Gressoney-La-Trinité",4967.60836961656,"METHOD_H+meteo_l0.10"
2025-03-01,"gressoney la trinite","Gressoney-La-Trinité",4475.68882983437,"METHOD_H+meteo_l0.10"
2025-04-01,"gressoney la trinite","Gressoney-La-Trinité",2172.36691997287,"METHOD_H+meteo_l0.10"
2025-05-01,"gressoney la trinite","Gressoney-La-Trinité",126.794311376157,"METHOD_H+meteo_l0.10"
2025-06-01,"gressoney la trinite","Gressoney-La-Trinité",8010.634630468,"METHOD_H+meteo_l0.10"
2025-07-01,"gressoney la trinite","Gressoney-La-Trinité",17944.9857710561,"METHOD_H+meteo_l0.10"
2025-08-01,"gressoney la trinite","Gressoney-La-Trinité",14452.042926379,"METHOD_H+meteo_l0.10"
2025-09-01,"gressoney la trinite","Gressoney-La-Trinité",3959.05300363615,"METHOD_H+meteo_l0.10"
2025-01-01,"gressoney saint jean","Gressoney-Saint-Jean",4503.00162173774,"METHOD_H+meteo_l0.10"
2025-02-01,"gressoney saint jean","Gressoney-Saint-Jean",4560.33000638033,"METHOD_H+meteo_l0.10"
2025-03-01,"gressoney saint jean","Gressoney-Saint-Jean",3166.86624020758,"METHOD_H+meteo_l0.10"
2025-04-01,"gressoney saint jean","Gressoney-Saint-Jean",1263.8284478064,"METHOD_H+meteo_l0.10"
2025-05-01,"gressoney saint jean","Gressoney-Saint-Jean",523.553427134334,"METHOD_H+meteo_l0.10"
2025-06-01,"gressoney saint jean","Gressoney-Saint-Jean",2939.03255335814,"METHOD_H+meteo_l0.10"
2025-07-01,"gressoney saint jean","Gressoney-Saint-Jean",5117.77523290251,"METHOD_H+meteo_l0.10"
2025-08-01,"gressoney saint jean","Gressoney-Saint-Jean",4759.79479216021,"METHOD_H+meteo_l0.10"
2025-09-01,"gressoney saint jean","Gressoney-Saint-Jean",1805.42737440358,"METHOD_H+meteo_l0.10"
2025-01-01,"hone","Hône",132.478095491837,"METHOD_H+meteo_l0.10"
2025-02-01,"hone","Hône",116.666501439493,"METHOD_H+meteo_l0.10"
2025-03-01,"hone","Hône",114.042770002253,"METHOD_H+meteo_l0.10"
2025-04-01,"hone","Hône",97.5922596425035,"METHOD_H+meteo_l0.10"
2025-05-01,"hone","Hône",69.1640439499132,"METHOD_H+meteo_l0.10"
2025-06-01,"hone","Hône",133.73357376006,"METHOD_H+meteo_l0.10"
2025-07-01,"hone","Hône",244.419797000006,"METHOD_H+meteo_l0.10"
2025-08-01,"hone","Hône",315.515022378783,"METHOD_H+meteo_l0.10"
2025-09-01,"hone","Hône",115.316296130275,"METHOD_H+meteo_l0.10"
2025-01-01,"introd","Introd",424.914738102802,"METHOD_H+meteo_l0.10"
2025-02-01,"introd","Introd",503.998617566169,"METHOD_H+meteo_l0.10"
2025-03-01,"introd","Introd",315.872522990256,"METHOD_H+meteo_l0.10"
2025-04-01,"introd","Introd",264.244569332346,"METHOD_H+meteo_l0.10"
2025-05-01,"introd","Introd",207.87797337278,"METHOD_H+meteo_l0.10"
2025-06-01,"introd","Introd",530.408536841395,"METHOD_H+meteo_l0.10"
2025-07-01,"introd","Introd",965.541263571313,"METHOD_H+meteo_l0.10"
2025-08-01,"introd","Introd",882.239269749673,"METHOD_H+meteo_l0.10"
2025-09-01,"introd","Introd",373.750804170323,"METHOD_H+meteo_l0.10"
2025-01-01,"issime","Issime",111.566210188209,"METHOD_H+meteo_l0.10"
2025-02-01,"issime","Issime",94.3703630026904,"METHOD_H+meteo_l0.10"
2025-03-01,"issime","Issime",80.949533161626,"METHOD_H+meteo_l0.10"
2025-04-01,"issime","Issime",43.763813248845,"METHOD_H+meteo_l0.10"
2025-05-01,"issime","Issime",39.351836046843,"METHOD_H+meteo_l0.10"
2025-06-01,"issime","Issime",80.03472338805,"METHOD_H+meteo_l0.10"
2025-07-01,"issime","Issime",107.668507793521,"METHOD_H+meteo_l0.10"
2025-08-01,"issime","Issime",110.751578150682,"METHOD_H+meteo_l0.10"
2025-09-01,"issime","Issime",62.2749952891681,"METHOD_H+meteo_l0.10"
2025-01-01,"issogne","Issogne",36.169357487216,"METHOD_H+meteo_l0.10"
2025-02-01,"issogne","Issogne",32.9581594228708,"METHOD_H+meteo_l0.10"
2025-03-01,"issogne","Issogne",31.6950649457513,"METHOD_H+meteo_l0.10"
2025-04-01,"issogne","Issogne",21.9555270683925,"METHOD_H+meteo_l0.10"
2025-05-01,"issogne","Issogne",22.4800245179199,"METHOD_H+meteo_l0.10"
2025-06-01,"issogne","Issogne",27.9922791898994,"METHOD_H+meteo_l0.10"
2025-07-01,"issogne","Issogne",57.8403079285294,"METHOD_H+meteo_l0.10"
2025-08-01,"issogne","Issogne",65.2678261442529,"METHOD_H+meteo_l0.10"
2025-09-01,"issogne","Issogne",27.2022867422783,"METHOD_H+meteo_l0.10"
2025-01-01,"jovencan","Jovençan",660.647176882305,"METHOD_H+meteo_l0.10"
2025-02-01,"jovencan","Jovençan",606.773230178925,"METHOD_H+meteo_l0.10"
2025-03-01,"jovencan","Jovençan",588.766914527405,"METHOD_H+meteo_l0.10"
2025-04-01,"jovencan","Jovençan",486.803901497636,"METHOD_H+meteo_l0.10"
2025-05-01,"jovencan","Jovençan",626.264678397457,"METHOD_H+meteo_l0.10"
2025-06-01,"jovencan","Jovençan",585.222722869335,"METHOD_H+meteo_l0.10"
2025-07-01,"jovencan","Jovençan",807.39008556121,"METHOD_H+meteo_l0.10"
2025-08-01,"jovencan","Jovençan",872.767035152236,"METHOD_H+meteo_l0.10"
2025-09-01,"jovencan","Jovençan",548.287053138593,"METHOD_H+meteo_l0.10"
2025-01-01,"la magdeleine","La Magdeleine",97.8676272854973,"METHOD_H+meteo_l0.10"
2025-02-01,"la magdeleine","La Magdeleine",105.167709576451,"METHOD_H+meteo_l0.10"
2025-03-01,"la magdeleine","La Magdeleine",70.7944679581244,"METHOD_H+meteo_l0.10"
2025-04-01,"la magdeleine","La Magdeleine",24.8677970166694,"METHOD_H+meteo_l0.10"
2025-05-01,"la magdeleine","La Magdeleine",36.2957213378084,"METHOD_H+meteo_l0.10"
2025-06-01,"la magdeleine","La Magdeleine",71.5594117144611,"METHOD_H+meteo_l0.10"
2025-07-01,"la magdeleine","La Magdeleine",143.697483098965,"METHOD_H+meteo_l0.10"
2025-08-01,"la magdeleine","La Magdeleine",148.6280126481,"METHOD_H+meteo_l0.10"
2025-09-01,"la magdeleine","La Magdeleine",50.1358069252117,"METHOD_H+meteo_l0.10"
2025-01-01,"la salle","La Salle",2668.88633673184,"METHOD_H+meteo_l0.10"
2025-02-01,"la salle","La Salle",2694.85598766451,"METHOD_H+meteo_l0.10"
2025-03-01,"la salle","La Salle",2274.35335463723,"METHOD_H+meteo_l0.10"
2025-04-01,"la salle","La Salle",1311.8337911046,"METHOD_H+meteo_l0.10"
2025-05-01,"la salle","La Salle",963.703897988249,"METHOD_H+meteo_l0.10"
2025-06-01,"la salle","La Salle",1810.28572934383,"METHOD_H+meteo_l0.10"
2025-07-01,"la salle","La Salle",3483.76081751294,"METHOD_H+meteo_l0.10"
2025-08-01,"la salle","La Salle",3627.10220709206,"METHOD_H+meteo_l0.10"
2025-09-01,"la salle","La Salle",1333.28103513688,"METHOD_H+meteo_l0.10"
2025-01-01,"la thuile","La Thuile",10291.3619444447,"METHOD_H+meteo_l0.10"
2025-02-01,"la thuile","La Thuile",10227.5371708481,"METHOD_H+meteo_l0.10"
2025-03-01,"la thuile","La Thuile",9468.55847272474,"METHOD_H+meteo_l0.10"
2025-04-01,"la thuile","La Thuile",1222.39368688795,"METHOD_H+meteo_l0.10"
2025-05-01,"la thuile","La Thuile",82.5847193277698,"METHOD_H+meteo_l0.10"
2025-06-01,"la thuile","La Thuile",5543.42346240398,"METHOD_H+meteo_l0.10"
2025-07-01,"la thuile","La Thuile",12228.3109757071,"METHOD_H+meteo_l0.10"
2025-08-01,"la thuile","La Thuile",12883.3093213071,"METHOD_H+meteo_l0.10"
2025-09-01,"la thuile","La Thuile",2781.12381268158,"METHOD_H+meteo_l0.10"
2025-01-01,"lillianes","Lillianes",138.090896774249,"METHOD_H+meteo_l0.10"
2025-02-01,"lillianes","Lillianes",109.87019902957,"METHOD_H+meteo_l0.10"
2025-03-01,"lillianes","Lillianes",99.1643497027495,"METHOD_H+meteo_l0.10"
2025-04-01,"lillianes","Lillianes",77.3846477560866,"METHOD_H+meteo_l0.10"
2025-05-01,"lillianes","Lillianes",81.3726030539845,"METHOD_H+meteo_l0.10"
2025-06-01,"lillianes","Lillianes",217.715756820603,"METHOD_H+meteo_l0.10"
2025-07-01,"lillianes","Lillianes",569.14445415239,"METHOD_H+meteo_l0.10"
2025-08-01,"lillianes","Lillianes",554.362605841149,"METHOD_H+meteo_l0.10"
2025-09-01,"lillianes","Lillianes",154.410571771939,"METHOD_H+meteo_l0.10"
2025-01-01,"montjovet","Montjovet",826.635106133258,"METHOD_H+meteo_l0.10"
2025-02-01,"montjovet","Montjovet",693.460048977141,"METHOD_H+meteo_l0.10"
2025-03-01,"montjovet","Montjovet",434.67249476595,"METHOD_H+meteo_l0.10"
2025-04-01,"montjovet","Montjovet",393.978263732582,"METHOD_H+meteo_l0.10"
2025-05-01,"montjovet","Montjovet",403.450017200973,"METHOD_H+meteo_l0.10"
2025-06-01,"montjovet","Montjovet",440.110699944733,"METHOD_H+meteo_l0.10"
2025-07-01,"montjovet","Montjovet",744.676454887703,"METHOD_H+meteo_l0.10"
2025-08-01,"montjovet","Montjovet",994.176569912254,"METHOD_H+meteo_l0.10"
2025-09-01,"montjovet","Montjovet",330.364549105594,"METHOD_H+meteo_l0.10"
2025-01-01,"morgex","Morgex",1353.4867489501,"METHOD_H+meteo_l0.10"
2025-02-01,"morgex","Morgex",1246.62698266663,"METHOD_H+meteo_l0.10"
2025-03-01,"morgex","Morgex",1332.01483905208,"METHOD_H+meteo_l0.10"
2025-04-01,"morgex","Morgex",631.14525096222,"METHOD_H+meteo_l0.10"
2025-05-01,"morgex","Morgex",743.013033754007,"METHOD_H+meteo_l0.10"
2025-06-01,"morgex","Morgex",1287.48091824174,"METHOD_H+meteo_l0.10"
2025-07-01,"morgex","Morgex",2236.94699066567,"METHOD_H+meteo_l0.10"
2025-08-01,"morgex","Morgex",2779.32506310311,"METHOD_H+meteo_l0.10"
2025-09-01,"morgex","Morgex",1018.65436703016,"METHOD_H+meteo_l0.10"
2025-01-01,"nus","Nus",1147.48174158146,"METHOD_H+meteo_l0.10"
2025-02-01,"nus","Nus",1048.84468916,"METHOD_H+meteo_l0.10"
2025-03-01,"nus","Nus",1286.09951002508,"METHOD_H+meteo_l0.10"
2025-04-01,"nus","Nus",828.08753262436,"METHOD_H+meteo_l0.10"
2025-05-01,"nus","Nus",1143.35290349871,"METHOD_H+meteo_l0.10"
2025-06-01,"nus","Nus",934.911193000071,"METHOD_H+meteo_l0.10"
2025-07-01,"nus","Nus",1777.04778227912,"METHOD_H+meteo_l0.10"
2025-08-01,"nus","Nus",1940.30900675113,"METHOD_H+meteo_l0.10"
2025-09-01,"nus","Nus",752.635501261083,"METHOD_H+meteo_l0.10"
2025-01-01,"ollomont","Ollomont",63.811188750793,"METHOD_H+meteo_l0.10"
2025-02-01,"ollomont","Ollomont",42.3876097011309,"METHOD_H+meteo_l0.10"
2025-03-01,"ollomont","Ollomont",36.5566003413418,"METHOD_H+meteo_l0.10"
2025-04-01,"ollomont","Ollomont",21.1402298606962,"METHOD_H+meteo_l0.10"
2025-05-01,"ollomont","Ollomont",18.5932686666201,"METHOD_H+meteo_l0.10"
2025-06-01,"ollomont","Ollomont",54.8800485622269,"METHOD_H+meteo_l0.10"
2025-07-01,"ollomont","Ollomont",308.438331984481,"METHOD_H+meteo_l0.10"
2025-08-01,"ollomont","Ollomont",383.77849136165,"METHOD_H+meteo_l0.10"
2025-09-01,"ollomont","Ollomont",81.201114629028,"METHOD_H+meteo_l0.10"
2025-01-01,"oyace","Oyace",2.91006293000739,"METHOD_H+meteo_l0.10"
2025-02-01,"oyace","Oyace",2.59557775482795,"METHOD_H+meteo_l0.10"
2025-03-01,"oyace","Oyace",2.3333144595851,"METHOD_H+meteo_l0.10"
2025-04-01,"oyace","Oyace",1.15901701058962,"METHOD_H+meteo_l0.10"
2025-05-01,"oyace","Oyace",0.912675085967886,"METHOD_H+meteo_l0.10"
2025-06-01,"oyace","Oyace",2.0245858992462,"METHOD_H+meteo_l0.10"
2025-07-01,"oyace","Oyace",3.8276459455284,"METHOD_H+meteo_l0.10"
2025-08-01,"oyace","Oyace",3.79591025158845,"METHOD_H+meteo_l0.10"
2025-09-01,"oyace","Oyace",1.66430671753929,"METHOD_H+meteo_l0.10"
2025-01-01,"perloz","Perloz",87.0534105358538,"METHOD_H+meteo_l0.10"
2025-02-01,"perloz","Perloz",72.3713673700686,"METHOD_H+meteo_l0.10"
2025-03-01,"perloz","Perloz",63.5637309623575,"METHOD_H+meteo_l0.10"
2025-04-01,"perloz","Perloz",45.7025228466696,"METHOD_H+meteo_l0.10"
2025-05-01,"perloz","Perloz",34.7975794347148,"METHOD_H+meteo_l0.10"
2025-06-01,"perloz","Perloz",81.5624990984806,"METHOD_H+meteo_l0.10"
2025-07-01,"perloz","Perloz",164.107516956533,"METHOD_H+meteo_l0.10"
2025-08-01,"perloz","Perloz",176.419560517482,"METHOD_H+meteo_l0.10"
2025-09-01,"perloz","Perloz",67.14986994985,"METHOD_H+meteo_l0.10"
2025-01-01,"pollein","Pollein",3410.81020883964,"METHOD_H+meteo_l0.10"
2025-02-01,"pollein","Pollein",2637.72014100075,"METHOD_H+meteo_l0.10"
2025-03-01,"pollein","Pollein",2878.12051707483,"METHOD_H+meteo_l0.10"
2025-04-01,"pollein","Pollein",2804.8847279462,"METHOD_H+meteo_l0.10"
2025-05-01,"pollein","Pollein",4161.32221097218,"METHOD_H+meteo_l0.10"
2025-06-01,"pollein","Pollein",3425.23628550426,"METHOD_H+meteo_l0.10"
2025-07-01,"pollein","Pollein",4086.70699075762,"METHOD_H+meteo_l0.10"
2025-08-01,"pollein","Pollein",3932.78475122696,"METHOD_H+meteo_l0.10"
2025-09-01,"pollein","Pollein",3121.53108142564,"METHOD_H+meteo_l0.10"
2025-01-01,"pont saint martin","Pont-Saint-Martin",581.399165087323,"METHOD_H+meteo_l0.10"
2025-02-01,"pont saint martin","Pont-Saint-Martin",521.556136334846,"METHOD_H+meteo_l0.10"
2025-03-01,"pont saint martin","Pont-Saint-Martin",577.788460084805,"METHOD_H+meteo_l0.10"
2025-04-01,"pont saint martin","Pont-Saint-Martin",528.899247629217,"METHOD_H+meteo_l0.10"
2025-05-01,"pont saint martin","Pont-Saint-Martin",628.369090155197,"METHOD_H+meteo_l0.10"
2025-06-01,"pont saint martin","Pont-Saint-Martin",810.553070745211,"METHOD_H+meteo_l0.10"
2025-07-01,"pont saint martin","Pont-Saint-Martin",1072.13278792093,"METHOD_H+meteo_l0.10"
2025-08-01,"pont saint martin","Pont-Saint-Martin",1198.69858606961,"METHOD_H+meteo_l0.10"
2025-09-01,"pont saint martin","Pont-Saint-Martin",708.091060498226,"METHOD_H+meteo_l0.10"
2025-01-01,"pontboset","Pontboset",144.86747792224,"METHOD_H+meteo_l0.10"
2025-02-01,"pontboset","Pontboset",127.923955599346,"METHOD_H+meteo_l0.10"
2025-03-01,"pontboset","Pontboset",111.063266861083,"METHOD_H+meteo_l0.10"
2025-04-01,"pontboset","Pontboset",68.338454221306,"METHOD_H+meteo_l0.10"
2025-05-01,"pontboset","Pontboset",83.2429077210262,"METHOD_H+meteo_l0.10"
2025-06-01,"pontboset","Pontboset",181.958045761447,"METHOD_H+meteo_l0.10"
2025-07-01,"pontboset","Pontboset",393.265673604128,"METHOD_H+meteo_l0.10"
2025-08-01,"pontboset","Pontboset",446.408096949632,"METHOD_H+meteo_l0.10"
2025-09-01,"pontboset","Pontboset",116.273048673819,"METHOD_H+meteo_l0.10"
2025-01-01,"pontey","Pontey",107.86184630379,"METHOD_H+meteo_l0.10"
2025-02-01,"pontey","Pontey",89.3655994233128,"METHOD_H+meteo_l0.10"
2025-03-01,"pontey","Pontey",77.940227510831,"METHOD_H+meteo_l0.10"
2025-04-01,"pontey","Pontey",59.9570066565772,"METHOD_H+meteo_l0.10"
2025-05-01,"pontey","Pontey",66.1153411298104,"METHOD_H+meteo_l0.10"
2025-06-01,"pontey","Pontey",84.5339516406777,"METHOD_H+meteo_l0.10"
2025-07-01,"pontey","Pontey",171.734291634049,"METHOD_H+meteo_l0.10"
2025-08-01,"pontey","Pontey",228.374885420664,"METHOD_H+meteo_l0.10"
2025-09-01,"pontey","Pontey",65.7101576012497,"METHOD_H+meteo_l0.10"
2025-01-01,"pre saint didier","Pré-Saint-Didier",8637.76670200606,"METHOD_H+meteo_l0.10"
2025-02-01,"pre saint didier","Pré-Saint-Didier",7505.29251406376,"METHOD_H+meteo_l0.10"
2025-03-01,"pre saint didier","Pré-Saint-Didier",7533.1250657779,"METHOD_H+meteo_l0.10"
2025-04-01,"pre saint didier","Pré-Saint-Didier",3818.29393541198,"METHOD_H+meteo_l0.10"
2025-05-01,"pre saint didier","Pré-Saint-Didier",3641.4396337039,"METHOD_H+meteo_l0.10"
2025-06-01,"pre saint didier","Pré-Saint-Didier",3785.50034016771,"METHOD_H+meteo_l0.10"
2025-07-01,"pre saint didier","Pré-Saint-Didier",5734.40977855068,"METHOD_H+meteo_l0.10"
2025-08-01,"pre saint didier","Pré-Saint-Didier",5727.04106551695,"METHOD_H+meteo_l0.10"
2025-09-01,"pre saint didier","Pré-Saint-Didier",4277.40180812407,"METHOD_H+meteo_l0.10"
2025-01-01,"quart","Quart",787.678184191132,"METHOD_H+meteo_l0.10"
2025-02-01,"quart","Quart",648.900381295151,"METHOD_H+meteo_l0.10"
2025-03-01,"quart","Quart",613.665829681454,"METHOD_H+meteo_l0.10"
2025-04-01,"quart","Quart",492.337492475129,"METHOD_H+meteo_l0.10"
2025-05-01,"quart","Quart",681.900448796974,"METHOD_H+meteo_l0.10"
2025-06-01,"quart","Quart",674.358177100017,"METHOD_H+meteo_l0.10"
2025-07-01,"quart","Quart",1080.00356399553,"METHOD_H+meteo_l0.10"
2025-08-01,"quart","Quart",1056.3526312947,"METHOD_H+meteo_l0.10"
2025-09-01,"quart","Quart",646.385815790605,"METHOD_H+meteo_l0.10"
2025-01-01,"rhemes notre dame","Rhêmes-Notre-Dame",1545.81771347367,"METHOD_H+meteo_l0.10"
2025-02-01,"rhemes notre dame","Rhêmes-Notre-Dame",1219.92693308236,"METHOD_H+meteo_l0.10"
2025-03-01,"rhemes notre dame","Rhêmes-Notre-Dame",1033.06379918257,"METHOD_H+meteo_l0.10"
2025-04-01,"rhemes notre dame","Rhêmes-Notre-Dame",262.914265083701,"METHOD_H+meteo_l0.10"
2025-05-01,"rhemes notre dame","Rhêmes-Notre-Dame",127.677720959482,"METHOD_H+meteo_l0.10"
2025-06-01,"rhemes notre dame","Rhêmes-Notre-Dame",831.324104314195,"METHOD_H+meteo_l0.10"
2025-07-01,"rhemes notre dame","Rhêmes-Notre-Dame",1485.84561661623,"METHOD_H+meteo_l0.10"
2025-08-01,"rhemes notre dame","Rhêmes-Notre-Dame",1497.28018857235,"METHOD_H+meteo_l0.10"
2025-09-01,"rhemes notre dame","Rhêmes-Notre-Dame",613.065536372891,"METHOD_H+meteo_l0.10"
2025-01-01,"rhemes saint georges","Rhêmes-Saint-Georges",167.316057633792,"METHOD_H+meteo_l0.10"
2025-02-01,"rhemes saint georges","Rhêmes-Saint-Georges",192.128010202333,"METHOD_H+meteo_l0.10"
2025-03-01,"rhemes saint georges","Rhêmes-Saint-Georges",77.171052419262,"METHOD_H+meteo_l0.10"
2025-04-01,"rhemes saint georges","Rhêmes-Saint-Georges",47.4898881864821,"METHOD_H+meteo_l0.10"
2025-05-01,"rhemes saint georges","Rhêmes-Saint-Georges",68.6704200269775,"METHOD_H+meteo_l0.10"
2025-06-01,"rhemes saint georges","Rhêmes-Saint-Georges",346.685675426308,"METHOD_H+meteo_l0.10"
2025-07-01,"rhemes saint georges","Rhêmes-Saint-Georges",1521.23653248642,"METHOD_H+meteo_l0.10"
2025-08-01,"rhemes saint georges","Rhêmes-Saint-Georges",1595.64517707872,"METHOD_H+meteo_l0.10"
2025-09-01,"rhemes saint georges","Rhêmes-Saint-Georges",197.386417901945,"METHOD_H+meteo_l0.10"
2025-01-01,"roisan","Roisan",100.465923326362,"METHOD_H+meteo_l0.10"
2025-02-01,"roisan","Roisan",70.4297564243213,"METHOD_H+meteo_l0.10"
2025-03-01,"roisan","Roisan",65.1828367587042,"METHOD_H+meteo_l0.10"
2025-04-01,"roisan","Roisan",38.2583675353889,"METHOD_H+meteo_l0.10"
2025-05-01,"roisan","Roisan",35.5284934036249,"METHOD_H+meteo_l0.10"
2025-06-01,"roisan","Roisan",106.920316163349,"METHOD_H+meteo_l0.10"
2025-07-01,"roisan","Roisan",175.153831795852,"METHOD_H+meteo_l0.10"
2025-08-01,"roisan","Roisan",184.460163054164,"METHOD_H+meteo_l0.10"
2025-09-01,"roisan","Roisan",90.5617847945465,"METHOD_H+meteo_l0.10"
2025-01-01,"saint christophe","Saint-Christophe",729.827805750224,"METHOD_H+meteo_l0.10"
2025-02-01,"saint christophe","Saint-Christophe",547.687033400423,"METHOD_H+meteo_l0.10"
2025-03-01,"saint christophe","Saint-Christophe",468.138987654772,"METHOD_H+meteo_l0.10"
2025-04-01,"saint christophe","Saint-Christophe",405.618417427816,"METHOD_H+meteo_l0.10"
2025-05-01,"saint christophe","Saint-Christophe",561.709251453936,"METHOD_H+meteo_l0.10"
2025-06-01,"saint christophe","Saint-Christophe",527.677872062275,"METHOD_H+meteo_l0.10"
2025-07-01,"saint christophe","Saint-Christophe",796.539675268723,"METHOD_H+meteo_l0.10"
2025-08-01,"saint christophe","Saint-Christophe",862.040854184351,"METHOD_H+meteo_l0.10"
2025-09-01,"saint christophe","Saint-Christophe",553.58150630127,"METHOD_H+meteo_l0.10"
2025-01-01,"saint denis","Saint-Denis",31.3378235389111,"METHOD_H+meteo_l0.10"
2025-02-01,"saint denis","Saint-Denis",28.2551749874982,"METHOD_H+meteo_l0.10"
2025-03-01,"saint denis","Saint-Denis",24.6356110833607,"METHOD_H+meteo_l0.10"
2025-04-01,"saint denis","Saint-Denis",14.6880761338343,"METHOD_H+meteo_l0.10"
2025-05-01,"saint denis","Saint-Denis",21.4958095873979,"METHOD_H+meteo_l0.10"
2025-06-01,"saint denis","Saint-Denis",26.8911670723214,"METHOD_H+meteo_l0.10"
2025-07-01,"saint denis","Saint-Denis",66.7944984381292,"METHOD_H+meteo_l0.10"
2025-08-01,"saint denis","Saint-Denis",65.3483728372413,"METHOD_H+meteo_l0.10"
2025-09-01,"saint denis","Saint-Denis",21.9669736947807,"METHOD_H+meteo_l0.10"
2025-01-01,"saint marcel","Saint-Marcel",72.1483446251532,"METHOD_H+meteo_l0.10"
2025-02-01,"saint marcel","Saint-Marcel",66.5077080570388,"METHOD_H+meteo_l0.10"
2025-03-01,"saint marcel","Saint-Marcel",71.1671633386881,"METHOD_H+meteo_l0.10"
2025-04-01,"saint marcel","Saint-Marcel",48.7321752035528,"METHOD_H+meteo_l0.10"
2025-05-01,"saint marcel","Saint-Marcel",43.8572380217835,"METHOD_H+meteo_l0.10"
2025-06-01,"saint marcel","Saint-Marcel",63.3896418740336,"METHOD_H+meteo_l0.10"
2025-07-01,"saint marcel","Saint-Marcel",128.635234968626,"METHOD_H+meteo_l0.10"
2025-08-01,"saint marcel","Saint-Marcel",155.419817990025,"METHOD_H+meteo_l0.10"
2025-09-01,"saint marcel","Saint-Marcel",54.2724532829954,"METHOD_H+meteo_l0.10"
2025-01-01,"saint nicolas","Saint-Nicolas",754.380909335451,"METHOD_H+meteo_l0.10"
2025-02-01,"saint nicolas","Saint-Nicolas",714.935302091656,"METHOD_H+meteo_l0.10"
2025-03-01,"saint nicolas","Saint-Nicolas",670.568050514457,"METHOD_H+meteo_l0.10"
2025-04-01,"saint nicolas","Saint-Nicolas",496.72498903698,"METHOD_H+meteo_l0.10"
2025-05-01,"saint nicolas","Saint-Nicolas",573.750120926378,"METHOD_H+meteo_l0.10"
2025-06-01,"saint nicolas","Saint-Nicolas",673.089590030744,"METHOD_H+meteo_l0.10"
2025-07-01,"saint nicolas","Saint-Nicolas",1121.35631861606,"METHOD_H+meteo_l0.10"
2025-08-01,"saint nicolas","Saint-Nicolas",971.447389291168,"METHOD_H+meteo_l0.10"
2025-09-01,"saint nicolas","Saint-Nicolas",506.978535941848,"METHOD_H+meteo_l0.10"
2025-01-01,"saint oyen","Saint-Oyen",399.256397356159,"METHOD_H+meteo_l0.10"
2025-02-01,"saint oyen","Saint-Oyen",348.918960861283,"METHOD_H+meteo_l0.10"
2025-03-01,"saint oyen","Saint-Oyen",319.313061633238,"METHOD_H+meteo_l0.10"
2025-04-01,"saint oyen","Saint-Oyen",158.257917267865,"METHOD_H+meteo_l0.10"
2025-05-01,"saint oyen","Saint-Oyen",142.62377379884,"METHOD_H+meteo_l0.10"
2025-06-01,"saint oyen","Saint-Oyen",375.439889110975,"METHOD_H+meteo_l0.10"
2025-07-01,"saint oyen","Saint-Oyen",965.667684981609,"METHOD_H+meteo_l0.10"
2025-08-01,"saint oyen","Saint-Oyen",925.117961107111,"METHOD_H+meteo_l0.10"
2025-09-01,"saint oyen","Saint-Oyen",289.865998619796,"METHOD_H+meteo_l0.10"
2025-01-01,"saint pierre","Saint-Pierre",1262.86190864223,"METHOD_H+meteo_l0.10"
2025-02-01,"saint pierre","Saint-Pierre",1088.86960506283,"METHOD_H+meteo_l0.10"
2025-03-01,"saint pierre","Saint-Pierre",1051.84322039277,"METHOD_H+meteo_l0.10"
2025-04-01,"saint pierre","Saint-Pierre",770.835803623431,"METHOD_H+meteo_l0.10"
2025-05-01,"saint pierre","Saint-Pierre",915.997779484385,"METHOD_H+meteo_l0.10"
2025-06-01,"saint pierre","Saint-Pierre",1266.68061775134,"METHOD_H+meteo_l0.10"
2025-07-01,"saint pierre","Saint-Pierre",1922.97994657471,"METHOD_H+meteo_l0.10"
2025-08-01,"saint pierre","Saint-Pierre",1837.81312324154,"METHOD_H+meteo_l0.10"
2025-09-01,"saint pierre","Saint-Pierre",1082.92470369033,"METHOD_H+meteo_l0.10"
2025-01-01,"saint rhemy en bosses","Saint-Rhémy-en-Bosses",364.64885115581,"METHOD_H+meteo_l0.10"
2025-02-01,"saint rhemy en bosses","Saint-Rhémy-en-Bosses",540.596247989782,"METHOD_H+meteo_l0.10"
2025-03-01,"saint rhemy en bosses","Saint-Rhémy-en-Bosses",463.84094609197,"METHOD_H+meteo_l0.10"
2025-04-01,"saint rhemy en bosses","Saint-Rhémy-en-Bosses",135.575645373159,"METHOD_H+meteo_l0.10"
2025-05-01,"saint rhemy en bosses","Saint-Rhémy-en-Bosses",100.273231850229,"METHOD_H+meteo_l0.10"
2025-06-01,"saint rhemy en bosses","Saint-Rhémy-en-Bosses",468.442558873493,"METHOD_H+meteo_l0.10"
2025-07-01,"saint rhemy en bosses","Saint-Rhémy-en-Bosses",1464.1089646791,"METHOD_H+meteo_l0.10"
2025-08-01,"saint rhemy en bosses","Saint-Rhémy-en-Bosses",1526.44763412528,"METHOD_H+meteo_l0.10"
2025-09-01,"saint rhemy en bosses","Saint-Rhémy-en-Bosses",395.987569651165,"METHOD_H+meteo_l0.10"
2025-01-01,"saint vincent","Saint-Vincent",9462.82639575692,"METHOD_H+meteo_l0.10"
2025-02-01,"saint vincent","Saint-Vincent",7504.96900610474,"METHOD_H+meteo_l0.10"
2025-03-01,"saint vincent","Saint-Vincent",7418.32923651937,"METHOD_H+meteo_l0.10"
2025-04-01,"saint vincent","Saint-Vincent",5485.97782176677,"METHOD_H+meteo_l0.10"
2025-05-01,"saint vincent","Saint-Vincent",5745.59763821086,"METHOD_H+meteo_l0.10"
2025-06-01,"saint vincent","Saint-Vincent",6770.30343559021,"METHOD_H+meteo_l0.10"
2025-07-01,"saint vincent","Saint-Vincent",8080.79362969615,"METHOD_H+meteo_l0.10"
2025-08-01,"saint vincent","Saint-Vincent",9176.41907332776,"METHOD_H+meteo_l0.10"
2025-09-01,"saint vincent","Saint-Vincent",6337.84577752202,"METHOD_H+meteo_l0.10"
2025-01-01,"sarre","Sarre",1660.28590112241,"METHOD_H+meteo_l0.10"
2025-02-01,"sarre","Sarre",1478.84453183197,"METHOD_H+meteo_l0.10"
2025-03-01,"sarre","Sarre",1226.91338267803,"METHOD_H+meteo_l0.10"
2025-04-01,"sarre","Sarre",825.852165622008,"METHOD_H+meteo_l0.10"
2025-05-01,"sarre","Sarre",2137.45370049831,"METHOD_H+meteo_l0.10"
2025-06-01,"sarre","Sarre",3282.53931665583,"METHOD_H+meteo_l0.10"
2025-07-01,"sarre","Sarre",5063.0540965006,"METHOD_H+meteo_l0.10"
2025-08-01,"sarre","Sarre",3988.1481866313,"METHOD_H+meteo_l0.10"
2025-09-01,"sarre","Sarre",2089.69973955847,"METHOD_H+meteo_l0.10"
2025-01-01,"torgnon","Torgnon",3024.21661184418,"METHOD_H+meteo_l0.10"
2025-02-01,"torgnon","Torgnon",2763.64566621017,"METHOD_H+meteo_l0.10"
2025-03-01,"torgnon","Torgnon",1886.54362620757,"METHOD_H+meteo_l0.10"
2025-04-01,"torgnon","Torgnon",307.045434676193,"METHOD_H+meteo_l0.10"
2025-05-01,"torgnon","Torgnon",182.063443632376,"METHOD_H+meteo_l0.10"
2025-06-01,"torgnon","Torgnon",904.135092097735,"METHOD_H+meteo_l0.10"
2025-07-01,"torgnon","Torgnon",2509.92959983538,"METHOD_H+meteo_l0.10"
2025-08-01,"torgnon","Torgnon",2030.93067694568,"METHOD_H+meteo_l0.10"
2025-09-01,"torgnon","Torgnon",468.825938414183,"METHOD_H+meteo_l0.10"
2025-01-01,"valgrisenche","Valgrisenche",610.045288266378,"METHOD_H+meteo_l0.10"
2025-02-01,"valgrisenche","Valgrisenche",520.370989862974,"METHOD_H+meteo_l0.10"
2025-03-01,"valgrisenche","Valgrisenche",488.095649038042,"METHOD_H+meteo_l0.10"
2025-04-01,"valgrisenche","Valgrisenche",310.022709284481,"METHOD_H+meteo_l0.10"
2025-05-01,"valgrisenche","Valgrisenche",140.64887732642,"METHOD_H+meteo_l0.10"
2025-06-01,"valgrisenche","Valgrisenche",576.166980159745,"METHOD_H+meteo_l0.10"
2025-07-01,"valgrisenche","Valgrisenche",3498.66279028019,"METHOD_H+meteo_l0.10"
2025-08-01,"valgrisenche","Valgrisenche",3639.33455008736,"METHOD_H+meteo_l0.10"
2025-09-01,"valgrisenche","Valgrisenche",801.707902888056,"METHOD_H+meteo_l0.10"
2025-01-01,"valpelline","Valpelline",279.548303930197,"METHOD_H+meteo_l0.10"
2025-02-01,"valpelline","Valpelline",353.929607859019,"METHOD_H+meteo_l0.10"
2025-03-01,"valpelline","Valpelline",276.858241809026,"METHOD_H+meteo_l0.10"
2025-04-01,"valpelline","Valpelline",198.271744772904,"METHOD_H+meteo_l0.10"
2025-05-01,"valpelline","Valpelline",237.14095601459,"METHOD_H+meteo_l0.10"
2025-06-01,"valpelline","Valpelline",524.941380666029,"METHOD_H+meteo_l0.10"
2025-07-01,"valpelline","Valpelline",1326.10249516387,"METHOD_H+meteo_l0.10"
2025-08-01,"valpelline","Valpelline",1825.21849744394,"METHOD_H+meteo_l0.10"
2025-09-01,"valpelline","Valpelline",354.416027547863,"METHOD_H+meteo_l0.10"
2025-01-01,"valsavarenche","Valsavarenche",247.275581186393,"METHOD_H+meteo_l0.10"
2025-02-01,"valsavarenche","Valsavarenche",252.556185116662,"METHOD_H+meteo_l0.10"
2025-03-01,"valsavarenche","Valsavarenche",231.619148805675,"METHOD_H+meteo_l0.10"
2025-04-01,"valsavarenche","Valsavarenche",1651.49565969967,"METHOD_H+meteo_l0.10"
2025-05-01,"valsavarenche","Valsavarenche",793.080020097731,"METHOD_H+meteo_l0.10"
2025-06-01,"valsavarenche","Valsavarenche",4911.87300796422,"METHOD_H+meteo_l0.10"
2025-07-01,"valsavarenche","Valsavarenche",10326.0276009114,"METHOD_H+meteo_l0.10"
2025-08-01,"valsavarenche","Valsavarenche",9903.46047257231,"METHOD_H+meteo_l0.10"
2025-09-01,"valsavarenche","Valsavarenche",2476.24807897321,"METHOD_H+meteo_l0.10"
2025-01-01,"valtournenche","Valtournenche",25895.7096853082,"METHOD_H+meteo_l0.10"
2025-02-01,"valtournenche","Valtournenche",24426.3634441976,"METHOD_H+meteo_l0.10"
2025-03-01,"valtournenche","Valtournenche",26226.9160461576,"METHOD_H+meteo_l0.10"
2025-04-01,"valtournenche","Valtournenche",12715.5319879302,"METHOD_H+meteo_l0.10"
2025-05-01,"valtournenche","Valtournenche",1805.88992972169,"METHOD_H+meteo_l0.10"
2025-06-01,"valtournenche","Valtournenche",3866.45714728028,"METHOD_H+meteo_l0.10"
2025-07-01,"valtournenche","Valtournenche",16308.8300589528,"METHOD_H+meteo_l0.10"
2025-08-01,"valtournenche","Valtournenche",18434.8827309304,"METHOD_H+meteo_l0.10"
2025-09-01,"valtournenche","Valtournenche",3250.5492422527,"METHOD_H+meteo_l0.10"
2025-01-01,"verrayes","Verrayes",668.530341646363,"METHOD_H+meteo_l0.10"
2025-02-01,"verrayes","Verrayes",421.418468662981,"METHOD_H+meteo_l0.10"
2025-03-01,"verrayes","Verrayes",525.076918828248,"METHOD_H+meteo_l0.10"
2025-04-01,"verrayes","Verrayes",274.396709630766,"METHOD_H+meteo_l0.10"
2025-05-01,"verrayes","Verrayes",182.073625885764,"METHOD_H+meteo_l0.10"
2025-06-01,"verrayes","Verrayes",346.981095802389,"METHOD_H+meteo_l0.10"
2025-07-01,"verrayes","Verrayes",726.788849148602,"METHOD_H+meteo_l0.10"
2025-08-01,"verrayes","Verrayes",756.131743731361,"METHOD_H+meteo_l0.10"
2025-09-01,"verrayes","Verrayes",228.548985869352,"METHOD_H+meteo_l0.10"
2025-01-01,"verres","Verrès",217.337559319482,"METHOD_H+meteo_l0.10"
2025-02-01,"verres","Verrès",146.89348081717,"METHOD_H+meteo_l0.10"
2025-03-01,"verres","Verrès",124.38883958644,"METHOD_H+meteo_l0.10"
2025-04-01,"verres","Verrès",142.038979087753,"METHOD_H+meteo_l0.10"
2025-05-01,"verres","Verrès",213.036126016593,"METHOD_H+meteo_l0.10"
2025-06-01,"verres","Verrès",275.790061053148,"METHOD_H+meteo_l0.10"
2025-07-01,"verres","Verrès",385.531027082521,"METHOD_H+meteo_l0.10"
2025-08-01,"verres","Verrès",443.916906070177,"METHOD_H+meteo_l0.10"
2025-09-01,"verres","Verrès",254.859686108059,"METHOD_H+meteo_l0.10"
2025-01-01,"villeneuve","Villeneuve",375.588357760048,"METHOD_H+meteo_l0.10"
2025-02-01,"villeneuve","Villeneuve",500.855591246294,"METHOD_H+meteo_l0.10"
2025-03-01,"villeneuve","Villeneuve",490.934151970121,"METHOD_H+meteo_l0.10"
2025-04-01,"villeneuve","Villeneuve",223.014466282968,"METHOD_H+meteo_l0.10"
2025-05-01,"villeneuve","Villeneuve",224.638085400668,"METHOD_H+meteo_l0.10"
2025-06-01,"villeneuve","Villeneuve",280.531672334727,"METHOD_H+meteo_l0.10"
2025-07-01,"villeneuve","Villeneuve",376.072002768538,"METHOD_H+meteo_l0.10"
2025-08-01,"villeneuve","Villeneuve",480.607544582218,"METHOD_H+meteo_l0.10"
2025-09-01,"villeneuve","Villeneuve",214.276722329704,"METHOD_H+meteo_l0.10"
