"method","comune_key","comune_nome","n_obs","actual_total","pred_total","mae","rmse","bias","mape","rel_total"
"BASE_static_share","allein","Allein",9,221,247.407278072582,14.6379651447151,20.341297668023,2.93414200806472,0.79923914340088,0.119489946029785
"BASE_static_share","antey saint andre","Antey-Saint-André",9,16799,18882.3390661162,363.243727159709,418.007642032814,231.48211845735,0.206143246916944,0.124015659629511
"BASE_static_share","aosta","Aosta",9,121478,114432.710598118,1019.41458051319,1329.62235869366,-782.809933542437,0.0667246575916052,-0.0579964224129631
"BASE_static_share","arnad","Arnad",9,3474,3319.44750730277,43.0296364792158,51.8163954554717,-17.1724991885807,0.131475546587683,-0.0444883398667893
"BASE_static_share","arvier","Arvier",9,8747,9478.72414156984,119.231343150922,201.266668885259,81.3026823966488,0.162676824467309,0.0836542976528912
"BASE_static_share","avise","Avise",9,916,898.902551063015,17.4091475235479,20.973722088872,-1.89971654855388,0.202426605521448,-0.0186653372674507
"BASE_static_share","ayas","Ayas",9,66587,72591.4289890431,1246.70465407439,1519.74109596222,667.158776560343,0.203700102145334,0.090174192996277
"BASE_static_share","aymavilles","Aymavilles",9,5712,5134.30795404067,68.7556552731311,109.940744237242,-64.1880051065918,0.111014357502819,-0.101136562667949
"BASE_static_share","bard","Bard",9,6889,5352.36993914765,191.803168188244,233.696906150408,-170.736673428039,0.246623404047215,-0.223055604710749
"BASE_static_share","bionaz","Bionaz",9,8769,8048.19060427459,136.803075696149,182.939724937326,-80.0899328583789,0.178677166905245,-0.082199725821121
"BASE_static_share","brissogne","Brissogne",9,365,540.40819498075,19.4897994423056,21.6773642595886,19.4897994423056,0.55214906200466,0.480570397207535
"BASE_static_share","brusson","Brusson",9,24069,24777.444073625,286.796579265519,362.306424344926,78.7160081805601,0.146813986805203,0.0294338806608102
"BASE_static_share","challand saint anselme","Challand-Saint-Anselme",9,4865,5081.50220452424,78.1321349894775,94.1730179256673,24.0558005026928,0.150379377789411,0.0445019947634606
"BASE_static_share","challand saint victor","Challand-Saint-Victor",9,341,543.67265998478,23.645940160943,27.9578670495575,22.5191844427533,1.19211049731669,0.594347976494956
"BASE_static_share","chambave","Chambave",9,1334,1092.54036883607,29.2087403168288,38.7140456919332,-26.8288479071033,0.172702528607054,-0.181004221262316
"BASE_static_share","chamois","Chamois",9,3080,4195.41337665519,123.934819628355,162.677247072854,123.934819628355,1.63129298547797,0.362147200212725
"BASE_static_share","champdepraz","Champdepraz",9,2921,2160.64571431374,107.716082558619,120.189809764761,-84.483809520695,0.346346638044518,-0.260306157372905
"BASE_static_share","champorcher","Champorcher",9,5002,6111.51962184218,214.144574571904,287.106229355442,123.279957982465,0.506479305145568,0.221815198289121
"BASE_static_share","charvensod","Charvensod",9,19464,17270.7828907305,257.142702319818,328.854865724513,-243.690789918832,0.117807222420695,-0.112680698174553
"BASE_static_share","chatillon","Châtillon",9,25773,28336.4953644092,340.465190867909,375.398174160552,284.832818267691,0.126044619332359,0.0994643760683359
"BASE_static_share","cogne","Cogne",9,62861,59817.9991099549,1201.2922664376,1822.18638307352,-338.111210005011,0.15404491573003,-0.0484084072802707
"BASE_static_share","courmayeur","Courmayeur",9,231129,230438.214786065,2643.96988098445,3006.61945492346,-76.7539126594038,0.144749879179166,-0.00298874314315658
"BASE_static_share","donnas","Donnas",9,2348,2125.75602911966,37.9724647625141,46.9836143079584,-24.69377454226,0.168984174210251,-0.094652457785494
"BASE_static_share","doues","Doues",9,2301,2161.63317316746,60.7985847371407,87.2721058052259,-15.4852029813936,0.207841226952765,-0.0605679386495186
"BASE_static_share","emarese","Emarèse",9,403,382.488470557909,18.0269937819965,20.4471926030663,-2.279058826899,1.38286571603103,-0.0508970953898039
"BASE_static_share","etroubles","Etroubles",9,13645,13725.3669698478,181.381766518741,221.134048577771,8.92966331642233,0.142849151836887,0.00588984755205575
"BASE_static_share","fenis","Fénis",9,7013,7307.71410615127,91.4678701861502,118.00981020822,32.7460117945859,0.176700444186407,0.0420239706475508
"BASE_static_share","fontainemore","Fontainemore",9,1900,2218.61134081209,65.6208489011084,107.153800407231,35.401260090232,0.541255867398494,0.167690179374783
"BASE_static_share","gaby","Gaby",9,5410,6216.27546548672,92.4318346753848,122.450682904872,89.586162831858,0.1824863068283,0.149034281975365
"BASE_static_share","gignod","Gignod",9,7182,6719.73912093675,69.5434932475141,88.5485819312389,-51.3623198959167,0.111218382672726,-0.0643638093933793
"BASE_static_share","gressan","Gressan",9,36832,36594.8267136753,508.225693361914,637.529647623442,-26.352587369411,0.127563682037851,-0.0064393268441763
"BASE_static_share","gressoney la trinite","Gressoney-La-Trinité",9,60507,59625.4767718432,866.04302618396,950.195749497439,-97.9470253507504,0.251056935499868,-0.014568946207162
"BASE_static_share","gressoney saint jean","Gressoney-Saint-Jean",9,29157,29258.8988928724,388.764020125761,459.116818348267,11.3220992080447,0.163778636698684,0.00349483461509768
"BASE_static_share","hone","Hône",9,1030,1269.16373330695,35.1289848303735,38.8817520645327,26.5737481452163,0.519157047883301,0.232197799327133
"BASE_static_share","introd","Introd",9,4684,4463.78716934831,54.7056924212226,70.5584377325265,-24.4680922946318,0.114674299192257,-0.0470138408735453
"BASE_static_share","issime","Issime",9,851,652.806548293069,23.3288960952205,27.7318273403457,-22.0214946341034,0.246085264125973,-0.232894772863608
"BASE_static_share","issogne","Issogne",9,561,286.574025501628,34.1565246353537,41.3594648488065,-30.4917749442636,0.581346664553744,-0.489172860068399
"BASE_static_share","jovencan","Jovençan",9,5539,5580.10634947758,79.5081290124832,95.5774708268456,4.56737216417504,0.13907829558124,0.00742125825556515
"BASE_static_share","la magdeleine","La Magdeleine",9,979,791.305156920998,28.8503100773842,46.9327373614866,-20.8549825643336,0.367780845971888,-0.191720983737489
"BASE_static_share","la salle","La Salle",9,20341,20576.0474385077,260.076101199104,293.034555399763,26.1163820564058,0.122354383238404,0.0115553531541051
"BASE_static_share","la thuile","La Thuile",9,63799,65961.5080723081,892.072884237162,985.210048799049,240.278674700903,0.200936634206429,0.0338956421308819
"BASE_static_share","lillianes","Lillianes",9,1777,2065.51564628649,40.1067741277961,51.77831657246,32.0572940318324,0.373950040361637,0.162361084010406
"BASE_static_share","montjovet","Montjovet",9,4725,5186.81728418724,167.930144131119,194.895236603231,51.3130315763597,0.378779640350044,0.0977391077644945
"BASE_static_share","morgex","Morgex",9,13505,12771.1225886995,106.225920249509,143.443572689257,-81.5419345889468,0.0696617278428153,-0.0543411633691611
"BASE_static_share","nus","Nus",9,13998,10847.4421720397,350.061980884479,371.217925399571,-350.061980884479,0.225498970570996,-0.225071997996879
"BASE_static_share","ollomont","Ollomont",9,861,1141.74256621633,37.9390771030759,61.3046033111548,31.1936184684809,1.0492921705043,0.326065698276804
"BASE_static_share","oyace","Oyace",9,65,25.7318602859695,5.94732874171248,8.22439701579669,-4.36312663489228,0.682368653587593,-0.604125226369701
"BASE_static_share","perloz","Perloz",9,884,793.31053478763,23.277683573928,29.0976777133195,-10.0766072458189,0.270242663746435,-0.102589892774174
"BASE_static_share","pollein","Pollein",9,28775,30611.1647456872,265.670907372835,431.207952385697,204.018305076358,0.0970266112708233,0.063811111926576
"BASE_static_share","pont saint martin","Pont-Saint-Martin",9,6102,6548.05544025198,64.2253028267729,71.5553141329867,49.5617155835531,0.093273770587917,0.0730998754919661
"BASE_static_share","pontboset","Pontboset",9,1991,1661.50639168828,36.6104009235242,42.3185176809846,-36.6104009235242,0.218520157188226,-0.165491515977759
"BASE_static_share","pontey","Pontey",9,919,894.381284090191,26.607495221229,37.6481906682667,-2.73541287886762,0.326994812149653,-0.0267885918496286
"BASE_static_share","pre saint didier","Pré-Saint-Didier",9,46900,51281.619369791,587.784147058204,699.030350315467,486.846596643444,0.115466890640374,0.0934247200381876
"BASE_static_share","quart","Quart",9,7286,6507.97783444283,91.8466756592479,133.951480250972,-86.4469072841305,0.0938564993301847,-0.106783168481632
"BASE_static_share","rhemes notre dame","Rhêmes-Notre-Dame",9,8492,8936.58987217436,226.787015611648,263.27319678913,49.3988746860399,0.268859592766296,0.0523539651641969
"BASE_static_share","rhemes saint georges","Rhêmes-Saint-Georges",9,4726,4291.35579509496,83.0825521452736,116.729587551733,-48.293800545004,0.51367323266828,-0.0919687272333975
"BASE_static_share","roisan","Roisan",9,1305,845.189774714046,51.0900250317727,60.3466568932112,-51.0900250317727,0.383514527319913,-0.352345000219122
"BASE_static_share","saint christophe","Saint-Christophe",9,7085,5249.47471006974,203.947254436696,232.801916776433,-203.947254436696,0.249712009243019,-0.259072023984512
"BASE_static_share","saint denis","Saint-Denis",9,401,303.270684187738,22.1178525161268,27.0109037533444,-10.8588128680291,1.08554078485184,-0.243714004519356
"BASE_static_share","saint marcel","Saint-Marcel",9,1071,639.947178806346,47.894757910406,56.2837846006188,-47.894757910406,0.383848268808866,-0.402476957230302
"BASE_static_share","saint nicolas","Saint-Nicolas",9,3251,6501.02333638876,361.113704043195,397.613427460749,361.113704043195,1.13565642259423,0.99969958055637
"BASE_static_share","saint oyen","Saint-Oyen",9,3658,4050.83422967009,89.1601862064619,104.389181937413,43.648247741121,0.27650898583784,0.10739044004103
"BASE_static_share","saint pierre","Saint-Pierre",9,8448,11200.5420351448,305.838003904976,332.504303171037,305.838003904976,0.338938480283994,0.325821737114676
"BASE_static_share","saint rhemy en bosses","Saint-Rhémy-en-Bosses",9,6294,5640.51699695843,120.480031799822,170.729970406418,-72.6092225601746,0.204417709114646,-0.103826343031708
"BASE_static_share","saint vincent","Saint-Vincent",9,59218,64965.6359650895,906.246375596048,1105.73560196232,638.626218343283,0.13973859705036,0.0970589341938185
"BASE_static_share","sarre","Sarre",9,26239,21789.1861075734,880.765008218228,1450.39441969021,-494.423765825174,0.290053202216705,-0.169587785069041
"BASE_static_share","torgnon","Torgnon",9,14102,14335.9763325389,152.795994900609,191.00050718152,25.9973702820983,0.119221533803832,0.0165917127030836
"BASE_static_share","valgrisenche","Valgrisenche",9,10192,10524.4964325628,91.4967636083132,106.255607578387,36.9440480625363,0.163243871734219,0.0326232763503558
"BASE_static_share","valpelline","Valpelline",9,4900,5336.03421101124,101.738082358646,137.265051915898,48.448245667915,0.349142578712822,0.0889865736757623
"BASE_static_share","valsavarenche","Valsavarenche",9,25334,27256.0593681754,342.838824280024,569.438482616027,213.562152019484,0.194592224519637,0.0758687679867119
"BASE_static_share","valtournenche","Valtournenche",9,135375,134190.634668426,1847.9720957674,2236.93665440479,-131.596147952684,0.165751226509066,-0.0087487743791259
"BASE_static_share","verrayes","Verrayes",9,3739,3987.76864948852,95.4234277175598,117.984610706806,27.6409610542799,0.295540557766816,0.0665334713796521
"BASE_static_share","verres","Verrès",9,1870,2063.04438212047,53.6488921523526,59.3830544087852,21.4493757911636,0.303880333028817,0.103232289903996
"BASE_static_share","villeneuve","Villeneuve",9,2581,3101.00364313888,98.722258082384,136.558910046345,57.7781825709862,0.463869962473471,0.201473709081316
"METHOD_A_expw_weather","allein","Allein",9,221,504.627063005717,35.4928125159319,54.0544483476207,31.5141181117464,2.13025693959998,1.28338037559148
"METHOD_A_expw_weather","antey saint andre","Antey-Saint-André",9,16799,22341.2665783558,905.356888796504,1244.27481090831,615.807397595086,0.401614264593185,0.329916458024631
"METHOD_A_expw_weather","aosta","Aosta",9,121478,136211.108087113,2980.06019246247,3316.2442108048,1637.01200967924,0.222633509561775,0.121282109411689
"METHOD_A_expw_weather","arnad","Arnad",9,3474,3094.13540574058,108.153269723274,127.099495047743,-42.2071771399356,0.309528904122205,-0.109345018497243
"METHOD_A_expw_weather","arvier","Arvier",9,8747,8078.33302276418,402.857559319679,503.363959064866,-74.2963308039805,0.502066407198229,-0.0764452929273836
"METHOD_A_expw_weather","avise","Avise",9,916,1139.14420828727,35.2700987115138,42.4041167350411,24.7938009208073,0.324907220875294,0.243607214287407
"METHOD_A_expw_weather","ayas","Ayas",9,66587,64032.9263780352,1134.23342981165,1326.97619360653,-283.785957996094,0.20225577552039,-0.0383569408738169
"METHOD_A_expw_weather","aymavilles","Aymavilles",9,5712,4742.77977555307,158.259989340563,209.939811075788,-107.691136049659,0.274180812657299,-0.16968141184295
"METHOD_A_expw_weather","bard","Bard",9,6889,7826.95748636707,247.655734690208,326.86994646136,104.21749848523,0.297793431597953,0.136152922973881
"METHOD_A_expw_weather","bionaz","Bionaz",9,8769,16004.0150165946,901.983028924932,1748.23610737253,803.890557399398,0.761569330694995,0.82506728436476
"METHOD_A_expw_weather","brissogne","Brissogne",9,365,525.355763408187,19.4797006702367,22.3031540295131,17.8173070453541,0.570198429656155,0.439330858652567
"METHOD_A_expw_weather","brusson","Brusson",9,24069,20747.8320448515,500.448734099343,544.611368879441,-369.018661683165,0.20723522089602,-0.137985290421226
"METHOD_A_expw_weather","challand saint anselme","Challand-Saint-Anselme",9,4865,6787.48100681495,232.99409134655,280.299229406491,213.609000757217,0.399560342107393,0.395165674576557
"METHOD_A_expw_weather","challand saint victor","Challand-Saint-Victor",9,341,1173.9548791922,94.460338798182,137.488317194514,92.550542132467,2.85401438419578,2.44268293018241
"METHOD_A_expw_weather","chambave","Chambave",9,1334,1136.94155815648,27.4737161142229,31.3584329623481,-21.8953824270579,0.191212409781125,-0.147719971396942
"METHOD_A_expw_weather","chamois","Chamois",9,3080,3011.45008801033,142.632734353827,194.238818588369,-7.6166568877407,1.53150123742845,-0.0222564649317098
"METHOD_A_expw_weather","champdepraz","Champdepraz",9,2921,2606.6631414489,85.607153395002,91.7137783300266,-34.9263176167887,0.332174449516148,-0.107612755409482
"METHOD_A_expw_weather","champorcher","Champorcher",9,5002,7608.61210612835,289.623567347594,366.009400987246,289.623567347594,0.798027643668782,0.521113975635416
"METHOD_A_expw_weather","charvensod","Charvensod",9,19464,22445.26108345,499.27451222167,582.010716066881,331.251231494443,0.251496244308354,0.153167955376592
"METHOD_A_expw_weather","chatillon","Châtillon",9,25773,29691.4986590508,595.078786097697,731.635910493795,435.388739894535,0.199294775403467,0.152038903466838
"METHOD_A_expw_weather","cogne","Cogne",9,62861,52013.9560629373,1769.93174946149,2586.23077175748,-1205.22710411807,0.237707999174762,-0.172556019424805
"METHOD_A_expw_weather","courmayeur","Courmayeur",9,231129,211986.732650513,5417.25784591134,6297.21275640838,-2126.91859438746,0.224448710867867,-0.0828207076978102
"METHOD_A_expw_weather","donnas","Donnas",9,2348,2387.52084472461,42.3900413714882,52.9604245451227,4.39120496940139,0.175002999245304,0.0168317055896986
"METHOD_A_expw_weather","doues","Doues",9,2301,2002.88252555321,93.7719575562322,137.190742792866,-33.1241638274214,0.319260928241278,-0.129559962819119
"METHOD_A_expw_weather","emarese","Emarèse",9,403,328.73201446804,17.6647029672456,20.7017133120219,-8.25199839243995,1.15442609502882,-0.184287805290222
"METHOD_A_expw_weather","etroubles","Etroubles",9,13645,12667.8600648817,314.166761101765,487.884833184984,-108.571103902039,0.196896241264733,-0.0716115745781126
"METHOD_A_expw_weather","fenis","Fénis",9,7013,7427.30265115668,193.320332941561,246.189527476969,46.0336279062984,0.272023190451161,0.059076379745713
"METHOD_A_expw_weather","fontainemore","Fontainemore",9,1900,2532.86413002483,89.9156139087066,195.511873403408,70.3182366694253,0.731442544855704,0.333086384223594
"METHOD_A_expw_weather","gaby","Gaby",9,5410,7365.74900522372,217.305445024858,271.019130671349,217.305445024858,0.428905164810952,0.361506285623609
"METHOD_A_expw_weather","gignod","Gignod",9,7182,8029.12369256323,179.589477692269,222.432023269614,94.1248547292476,0.301948885025966,0.117950945775999
"METHOD_A_expw_weather","gressan","Gressan",9,36832,28972.3583947772,1025.28843568446,1353.61746673689,-873.293511691417,0.285933065896686,-0.213391659568385
"METHOD_A_expw_weather","gressoney la trinite","Gressoney-La-Trinité",9,60507,78195.6337865904,2602.79498552047,4003.65295087293,1965.4037540656,0.730905698474653,0.292340287678952
"METHOD_A_expw_weather","gressoney saint jean","Gressoney-Saint-Jean",9,29157,29834.9344313697,478.717946634041,545.137558612219,75.3260479299643,0.192811457684491,0.0232511723212154
"METHOD_A_expw_weather","hone","Hône",9,1030,1150.4433790502,26.1018435977647,38.051945606405,13.3825976722448,0.299662396170617,0.116935319466217
"METHOD_A_expw_weather","introd","Introd",9,4684,3953.46525853713,101.305507869534,125.537373311868,-81.1705268292075,0.221027066394156,-0.155963864530928
"METHOD_A_expw_weather","issime","Issime",9,851,885.123936423666,30.0417420646514,35.1465230190973,3.79154849151847,0.305568169269026,0.04009863269526
"METHOD_A_expw_weather","issogne","Issogne",9,561,225.272301230509,37.7080877082415,44.9260171167956,-37.3030776410546,0.55403786071462,-0.598445095845796
"METHOD_A_expw_weather","jovencan","Jovençan",9,5539,5269.85533459622,110.94283997737,132.558081098713,-29.9049628226427,0.186344533228953,-0.0485908404773036
"METHOD_A_expw_weather","la magdeleine","La Magdeleine",9,979,786.40121759136,37.3185631725037,51.5943270765869,-21.3998647120711,0.357587136184227,-0.196730114819857
"METHOD_A_expw_weather","la salle","La Salle",9,20341,16072.2935785342,547.217425791191,660.939798043546,-474.300713496195,0.239677893058711,-0.209857254877624
"METHOD_A_expw_weather","la thuile","La Thuile",9,63799,48665.357837154,1922.22191405357,2779.83145056105,-1681.51579587177,0.2722151646516,-0.237208140611075
"METHOD_A_expw_weather","lillianes","Lillianes",9,1777,2626.63052282481,100.328841317173,127.281462969816,94.4033914249787,0.876883660589358,0.478126349366803
"METHOD_A_expw_weather","montjovet","Montjovet",9,4725,5231.20512705216,191.160455761852,215.028007742566,56.2450141169061,0.411703955114329,0.107133360222678
"METHOD_A_expw_weather","morgex","Morgex",9,13505,11957.3925720662,225.248031174857,305.874950740069,-171.956380881529,0.133750176160504,-0.114595144608202
"METHOD_A_expw_weather","nus","Nus",9,13998,13094.0231284538,250.435715447537,274.141689523131,-100.441874616242,0.17943272580623,-0.0645790021107429
"METHOD_A_expw_weather","ollomont","Ollomont",9,861,1685.11844432876,95.9416390309929,184.741617806704,91.5687160365294,1.18758150846159,0.957164279127485
"METHOD_A_expw_weather","oyace","Oyace",9,65,38.0816170842426,6.1791895846907,7.91558721960253,-2.99093143508416,0.538491402115501,-0.41412896793473
"METHOD_A_expw_weather","perloz","Perloz",9,884,1487.47645169285,88.981074449128,138.362982569663,67.0529390769833,0.746254644465456,0.682665669335803
"METHOD_A_expw_weather","pollein","Pollein",9,28775,31902.4070808427,894.961576574437,1076.48847432147,347.489675649187,0.304251178129542,0.108684868143968
"METHOD_A_expw_weather","pont saint martin","Pont-Saint-Martin",9,6102,6271.002916196,181.569858258867,212.085927339793,18.7781017995555,0.253480124154192,0.0276963153385774
"METHOD_A_expw_weather","pontboset","Pontboset",9,1991,1985.53311563905,56.560049964173,72.2138546963831,-0.607431595660614,0.244756594403461,-0.00274579827269997
"METHOD_A_expw_weather","pontey","Pontey",9,919,1544.81946907728,69.5354965641424,99.0681493578849,69.5354965641424,0.699944923510599,0.680978747635779
"METHOD_A_expw_weather","pre saint didier","Pré-Saint-Didier",9,46900,42211.1940568895,644.357722847648,758.076256439876,-520.978438123393,0.125146225279717,-0.0999745403648302
"METHOD_A_expw_weather","quart","Quart",9,7286,6630.7037742034,121.572360437824,145.628937107495,-72.8106917551778,0.154312618035789,-0.0899390922037606
"METHOD_A_expw_weather","rhemes notre dame","Rhêmes-Notre-Dame",9,8492,7657.54850422323,239.499157906701,259.404484876442,-92.7168328640852,0.319254891485437,-0.0982632472652811
"METHOD_A_expw_weather","rhemes saint georges","Rhêmes-Saint-Georges",9,4726,3459.60953338958,169.370251119818,257.985568253199,-140.710051845603,0.538909963597614,-0.267962434746175
"METHOD_A_expw_weather","roisan","Roisan",9,1305,2193.17303093268,120.748800761361,210.513809763014,98.6858923258535,0.601711143748165,0.680592360867955
"METHOD_A_expw_weather","saint christophe","Saint-Christophe",9,7085,6930.05727672508,188.601887567367,199.844702206537,-17.2158581416573,0.251520155287982,-0.0218691211397199
"METHOD_A_expw_weather","saint denis","Saint-Denis",9,401,1449.97262963198,118.500251411838,197.66731266869,116.552514403553,3.82775168692735,2.61589184446878
"METHOD_A_expw_weather","saint marcel","Saint-Marcel",9,1071,982.850600514902,46.7351694847191,62.5720108865526,-9.79437772056641,0.483375102924921,-0.0823056951308101
"METHOD_A_expw_weather","saint nicolas","Saint-Nicolas",9,3251,4245.96813232165,172.940365938275,213.895938699229,110.552014702406,0.495821628668301,0.306049871523117
"METHOD_A_expw_weather","saint oyen","Saint-Oyen",9,3658,4230.69203162592,99.0689911176036,163.233892127038,63.6324479584359,0.376642111956923,0.156558783932729
"METHOD_A_expw_weather","saint pierre","Saint-Pierre",9,8448,10517.0796740931,229.897741565903,257.746899804344,229.897741565903,0.247640126536439,0.244919468997766
"METHOD_A_expw_weather","saint rhemy en bosses","Saint-Rhémy-en-Bosses",9,6294,4866.06504248788,184.487508303557,243.235250526813,-158.659439723569,0.286489878142721,-0.226872411425504
"METHOD_A_expw_weather","saint vincent","Saint-Vincent",9,59218,86117.5073045517,3169.17958258948,4099.3095236508,2988.83414495019,0.44830586335908,0.454245454161771
"METHOD_A_expw_weather","sarre","Sarre",9,26239,22558.6761559836,1075.1908414529,1522.38330100927,-408.924871557383,0.38580246454342,-0.140261589390466
"METHOD_A_expw_weather","torgnon","Torgnon",9,14102,11893.753512246,301.113859331186,371.945764022026,-245.360720861559,0.239315014947831,-0.156591014590415
"METHOD_A_expw_weather","valgrisenche","Valgrisenche",9,10192,10631.5424841491,224.493886691409,259.640276931199,48.8380537943464,0.474992064754642,0.0431262248968915
"METHOD_A_expw_weather","valpelline","Valpelline",9,4900,3845.56781824876,294.687776365944,425.433381711369,-117.159131305693,0.625273111185647,-0.215190241173722
"METHOD_A_expw_weather","valsavarenche","Valsavarenche",9,25334,32143.8111805774,858.570485012486,1100.13716674052,756.645686730819,0.444998105809474,0.268801262357992
"METHOD_A_expw_weather","valtournenche","Valtournenche",9,135375,117609.675130025,2714.42023559666,3219.68773490154,-1973.92498555275,0.243996443624458,-0.131230469953646
"METHOD_A_expw_weather","verrayes","Verrayes",9,3739,4279.95506980625,136.891580153511,163.817474540228,60.1061188673608,0.389507368637403,0.144679077241575
"METHOD_A_expw_weather","verres","Verrès",9,1870,1876.5349015225,71.0994135361718,90.7024380597626,0.726100169166663,0.325892813069016,0.00349459974465236
"METHOD_A_expw_weather","villeneuve","Villeneuve",9,2581,5595.6898949575,334.965543884167,493.517845181305,334.965543884167,1.17268872087114,1.16803172993317
"METHOD_B_ets_reconcile","allein","Allein",9,221,368.802668328175,20.2270292495492,35.3980067303898,16.4225187031305,1.40179419625037,0.66879035442613
"METHOD_B_ets_reconcile","antey saint andre","Antey-Saint-André",9,16799,21313.3068591676,611.943470753058,842.7020988871,501.589651018617,0.303228001683458,0.268724737137184
"METHOD_B_ets_reconcile","aosta","Aosta",9,121478,118134.615535646,1522.33794258812,1648.41332208345,-371.487162705984,0.11893682254919,-0.0275225511150485
"METHOD_B_ets_reconcile","arnad","Arnad",9,3474,3212.15409163984,64.2415825529216,81.4010208311681,-29.093989817795,0.174077089833746,-0.0753730306160493
"METHOD_B_ets_reconcile","arvier","Arvier",9,8747,14445.82011596,638.52202491264,981.94207072877,633.202235106668,0.558109570424419,0.651517104831372
"METHOD_B_ets_reconcile","avise","Avise",9,916,969.419433033464,44.3903734605958,59.1302521172299,5.93549255927372,0.398924474095076,0.0583181583334755
"METHOD_B_ets_reconcile","ayas","Ayas",9,66587,58628.7791725781,934.905887130349,1120.86353152874,-884.246758602433,0.189707568456502,-0.119516134191687
"METHOD_B_ets_reconcile","aymavilles","Aymavilles",9,5712,6303.62923718884,137.785699739814,158.336450898107,65.7365819098712,0.257352685235811,0.103576547126898
"METHOD_B_ets_reconcile","bard","Bard",9,6889,5378.50060371359,356.063949340001,470.289638722235,-167.833266254045,0.421421568296077,-0.219262504904399
"METHOD_B_ets_reconcile","bionaz","Bionaz",9,8769,12372.9209761481,443.512191126958,704.866626883754,400.435664016452,0.710327733353342,0.410984260023728
"METHOD_B_ets_reconcile","brissogne","Brissogne",9,365,377.433811077594,19.0450507310196,21.9226615705163,1.38153456417712,0.486956096225373,0.0340652358290249
"METHOD_B_ets_reconcile","brusson","Brusson",9,24069,28556.8653676934,568.266564388105,721.316691290705,498.651707521492,0.183528618665973,0.186458322642961
"METHOD_B_ets_reconcile","challand saint anselme","Challand-Saint-Anselme",9,4865,7041.00571571062,252.35329744211,342.71077646131,241.778412856735,0.419620127952884,0.447277639406088
"METHOD_B_ets_reconcile","challand saint victor","Challand-Saint-Victor",9,341,649.58338640834,37.2958329114097,42.7536098299948,34.28704293426,2.37435710153209,0.904936617033255
"METHOD_B_ets_reconcile","chambave","Chambave",9,1334,885.414847389535,54.9081195222638,77.7855914257561,-49.8427947344961,0.315544012903926,-0.336270729093302
"METHOD_B_ets_reconcile","chamois","Chamois",9,3080,5554.92587689573,420.801356592852,618.577784589907,274.991764099526,2.0154561920989,0.803547362628485
"METHOD_B_ets_reconcile","champdepraz","Champdepraz",9,2921,6016.6116743737,354.018595334254,512.970048049001,343.956852708188,0.948783098845847,1.05977804668733
"METHOD_B_ets_reconcile","champorcher","Champorcher",9,5002,6229.30145484669,201.497584672142,277.557230000934,136.366828316299,0.394529511169029,0.245362146110893
"METHOD_B_ets_reconcile","charvensod","Charvensod",9,19464,17044.7594804427,869.539619176721,1049.70024305642,-268.80450217303,0.376481387177484,-0.124293080536235
"METHOD_B_ets_reconcile","chatillon","Châtillon",9,25773,27165.7886013401,409.670143297398,456.919853779252,154.754289037789,0.147302514441041,0.05404060844062
"METHOD_B_ets_reconcile","cogne","Cogne",9,62861,52802.3402291645,1223.09203632138,1897.2422937541,-1117.62886342617,0.163637838809727,-0.160014313657681
"METHOD_B_ets_reconcile","courmayeur","Courmayeur",9,231129,185822.941502266,8910.61939468208,11407.1360493895,-5034.00649974822,0.320649673529281,-0.196020657285473
"METHOD_B_ets_reconcile","donnas","Donnas",9,2348,1326.99472485455,140.197710681206,204.895990517841,-113.445030571716,0.415739107944186,-0.434840406791075
"METHOD_B_ets_reconcile","doues","Doues",9,2301,1211.69630393851,181.289947677068,269.197611506619,-121.033744006832,0.637325561162575,-0.473404474602994
"METHOD_B_ets_reconcile","emarese","Emarèse",9,403,576.95881323951,38.0612760477958,44.3035513006162,19.3287570266122,3.81264915604293,0.431659586202257
"METHOD_B_ets_reconcile","etroubles","Etroubles",9,13645,28573.4195405739,1691.71807726225,2406.63543217025,1658.71328228599,0.856055524096996,1.09405786299552
"METHOD_B_ets_reconcile","fenis","Fénis",9,7013,6178.46701144062,362.354514074845,451.00164325447,-92.7258876177089,0.532817098551655,-0.118998002076056
"METHOD_B_ets_reconcile","fontainemore","Fontainemore",9,1900,1814.63122331758,42.6357338834275,63.2343356636831,-9.48541963138014,0.275813367682062,-0.0449309350960111
"METHOD_B_ets_reconcile","gaby","Gaby",9,5410,6888.7861887447,166.105549731937,231.363676768852,164.309576527189,0.333808888874345,0.273343103279981
"METHOD_B_ets_reconcile","gignod","Gignod",9,7182,7484.61823519039,100.184584069229,113.966529007458,33.6242483544873,0.202011961351531,0.0421356495670266
"METHOD_B_ets_reconcile","gressan","Gressan",9,36832,35714.1329341221,945.121905111638,1346.95418455914,-124.207451764214,0.221991781244359,-0.0303504307634102
"METHOD_B_ets_reconcile","gressoney la trinite","Gressoney-La-Trinité",9,60507,38153.426383755,2483.73040180499,3128.41144661597,-2483.73040180499,0.452451012427712,-0.369437810769745
"METHOD_B_ets_reconcile","gressoney saint jean","Gressoney-Saint-Jean",9,29157,29803.1154448713,565.531602190965,616.337441456074,71.7906049857028,0.219092678991144,0.0221598739538129
"METHOD_B_ets_reconcile","hone","Hône",9,1030,928.039818580608,75.4887449065642,102.126043750355,-11.3289090465991,0.772616580813475,-0.0989904673974675
"METHOD_B_ets_reconcile","introd","Introd",9,4684,3648.17511145166,265.255012961279,359.343447352278,-115.091654283148,0.475977184086539,-0.221141094907843
"METHOD_B_ets_reconcile","issime","Issime",9,851,458.405379688498,43.6216244790558,47.4226367994972,-43.6216244790558,0.444432720078615,-0.461333278861929
"METHOD_B_ets_reconcile","issogne","Issogne",9,561,100.603050410884,51.1552166210129,63.232531247759,-51.1552166210129,0.712856051427009,-0.820671924401276
"METHOD_B_ets_reconcile","jovencan","Jovençan",9,5539,4524.74085475344,160.087002296822,208.69147287113,-112.695460582952,0.244439904402759,-0.183112320860546
"METHOD_B_ets_reconcile","la magdeleine","La Magdeleine",9,979,777.392799828791,33.2761140041333,40.7807844173124,-22.4008000190233,0.344989603489925,-0.205931767284177
"METHOD_B_ets_reconcile","la salle","La Salle",9,20341,24454.6702049255,1167.52424438317,1288.22929265857,457.07446721394,0.578648799582836,0.202235396731992
"METHOD_B_ets_reconcile","la thuile","La Thuile",9,63799,46320.0914918342,1942.10094535175,2577.34242427087,-1942.10094535175,0.277138361773746,-0.273968377375285
"METHOD_B_ets_reconcile","lillianes","Lillianes",9,1777,1529.25070848082,39.2225575138491,48.9761121250067,-27.5276990576867,0.270926773635544,-0.139419972717603
"METHOD_B_ets_reconcile","montjovet","Montjovet",9,4725,3403.79961642804,247.064651081612,336.471843299874,-146.800042619107,0.443502141710328,-0.279619128798299
"METHOD_B_ets_reconcile","morgex","Morgex",9,13505,17822.5231385383,479.724793170921,566.464377364602,479.724793170921,0.317006511553531,0.319698122068737
"METHOD_B_ets_reconcile","nus","Nus",9,13998,10071.4344877066,490.130023330559,768.74402449893,-436.285056921489,0.25203065782758,-0.280509037883512
"METHOD_B_ets_reconcile","ollomont","Ollomont",9,861,1262.05314765224,50.9738616723435,93.873722168349,44.5614608502492,0.900220929257386,0.4657992423371
"METHOD_B_ets_reconcile","oyace","Oyace",9,65,19.2928868522973,6.89981343114586,9.1239742278198,-5.07856812752252,0.734912709518442,-0.703186356118503
"METHOD_B_ets_reconcile","perloz","Perloz",9,884,470.863859628744,52.4843046082935,70.3814268522292,-45.9040155968062,0.450523337314149,-0.467348575080606
"METHOD_B_ets_reconcile","pollein","Pollein",9,28775,23920.9411905906,1284.00148962896,1419.66646808845,-539.339867712154,0.401970825986249,-0.168690141074175
"METHOD_B_ets_reconcile","pont saint martin","Pont-Saint-Martin",9,6102,6422.48208981673,67.56227267493,87.9364620154369,35.6091210907479,0.0965625884625131,0.0525208275674747
"METHOD_B_ets_reconcile","pontboset","Pontboset",9,1991,1519.41120667286,62.8878282036945,74.4366201676163,-52.3987548141271,0.302494499281411,-0.236860267868982
"METHOD_B_ets_reconcile","pontey","Pontey",9,919,863.765236817127,25.0453971787002,30.5205083445171,-6.1371959092081,0.29686977630172,-0.0601031155417551
"METHOD_B_ets_reconcile","pre saint didier","Pré-Saint-Didier",9,46900,51213.1459325836,1134.97393271083,1278.54207119065,479.238436953735,0.244852476231468,0.0919647320380301
"METHOD_B_ets_reconcile","quart","Quart",9,7286,7140.85158851623,340.577243243851,421.500362374331,-16.1276012759742,0.412255479515525,-0.019921549750723
"METHOD_B_ets_reconcile","rhemes notre dame","Rhêmes-Notre-Dame",9,8492,14128.5468103181,645.917085223305,851.71914575291,626.282978924232,0.844412349286556,0.663747858021442
"METHOD_B_ets_reconcile","rhemes saint georges","Rhêmes-Saint-Georges",9,4726,6104.520704801,225.263464417661,351.874714033517,153.168967200111,0.721119868470418,0.29168868066039
"METHOD_B_ets_reconcile","roisan","Roisan",9,1305,3453.84109645034,250.635357152043,357.342977460128,238.760121827815,1.38957114260453,1.646621529847
"METHOD_B_ets_reconcile","saint christophe","Saint-Christophe",9,7085,5942.38909244294,201.084703687563,226.248798286954,-126.95676750634,0.247603396823535,-0.161271828871851
"METHOD_B_ets_reconcile","saint denis","Saint-Denis",9,401,398.336362867966,28.1241943487109,32.9202898011965,-0.295959681337054,1.50152359678048,-0.00664248661354988
"METHOD_B_ets_reconcile","saint marcel","Saint-Marcel",9,1071,1080.57541690643,64.612906210337,82.223028771237,1.06393521182512,0.554065115964055,0.00894063203214398
"METHOD_B_ets_reconcile","saint nicolas","Saint-Nicolas",9,3251,4521.19931243313,146.820125182005,184.482088044767,141.133256937014,0.494022318188129,0.390710339105853
"METHOD_B_ets_reconcile","saint oyen","Saint-Oyen",9,3658,6823.30408676541,382.164968133249,557.798546973236,351.700454085046,0.859464561663442,0.865310029186827
"METHOD_B_ets_reconcile","saint pierre","Saint-Pierre",9,8448,10036.0719831776,190.681543791321,231.80399280962,176.452442575287,0.210158849696355,0.187982005584468
"METHOD_B_ets_reconcile","saint rhemy en bosses","Saint-Rhémy-en-Bosses",9,6294,5532.59815659844,134.826321031776,161.447107577904,-84.6002048223959,0.255610070722457,-0.120972647505809
"METHOD_B_ets_reconcile","saint vincent","Saint-Vincent",9,59218,59782.5331372488,1880.37024167007,2201.96059045217,62.7259041387571,0.277675350509922,0.00953313413571574
"METHOD_B_ets_reconcile","sarre","Sarre",9,26239,19227.1029018186,911.820619795083,1417.0998121223,-779.099677575713,0.271594346895469,-0.267231872334366
"METHOD_B_ets_reconcile","torgnon","Torgnon",9,14102,23831.3813708479,1081.04237453866,1314.3294081837,1081.04237453866,0.754754004736122,0.689929185282082
"METHOD_B_ets_reconcile","valgrisenche","Valgrisenche",9,10192,29808.536275069,2179.61514167433,3531.36521824424,2179.61514167433,1.79096881794979,1.92469939904523
"METHOD_B_ets_reconcile","valpelline","Valpelline",9,4900,2368.83982736024,422.334646850816,675.668876712734,-281.240019182196,0.861799156470986,-0.516563300538727
"METHOD_B_ets_reconcile","valsavarenche","Valsavarenche",9,25334,48362.8552988633,2699.75334368476,4470.96588301525,2558.7616998737,0.594306964372718,0.909009840485643
"METHOD_B_ets_reconcile","valtournenche","Valtournenche",9,135375,157056.334655545,3898.26277356687,6205.78117736469,2409.03718394944,0.255094682726537,0.16015759671686
"METHOD_B_ets_reconcile","verrayes","Verrayes",9,3739,3078.67346739683,161.17028014686,228.002447082864,-73.3696147336851,0.358162914298206,-0.176605117037488
"METHOD_B_ets_reconcile","verres","Verrès",9,1870,1684.00563559995,46.5034147334886,52.3175781268869,-20.6660404888939,0.255171207443652,-0.0994622269518957
"METHOD_B_ets_reconcile","villeneuve","Villeneuve",9,2581,3120.77779526437,144.968916439463,162.410555727269,59.9753105849298,0.665827669482315,0.20913513958325
"METHOD_C_base+shrunkA_l0.10","allein","Allein",9,221,263.693731810103,14.8034376688214,20.783307560926,4.74374797890033,0.870570362040952,0.193184306833045
"METHOD_C_base+shrunkA_l0.10","antey saint andre","Antey-Saint-André",9,16799,19195.9828242754,408.151160684541,465.890447903761,266.331424919484,0.219852867790401,0.142686042280812
"METHOD_C_base+shrunkA_l0.10","aosta","Aosta",9,121478,116634.142113078,893.637076285393,1098.60228177555,-538.206431880184,0.0600950759891265,-0.0398743631515308
"METHOD_C_base+shrunkA_l0.10","arnad","Arnad",9,3474,3296.59366706293,49.0657686450835,57.083178982768,-19.7118147707852,0.147939620487091,-0.0510668776445213
"METHOD_C_base+shrunkA_l0.10","arvier","Arvier",9,8747,9285.84007857026,128.930760687234,179.517544145442,59.8711198411399,0.178997315255777,0.0616028442403404
"METHOD_C_base+shrunkA_l0.10","avise","Avise",9,916,923.055838484869,17.2670052614353,22.1498227016103,0.783982053874369,0.19175494803813,0.00770288044199711
"METHOD_C_base+shrunkA_l0.10","ayas","Ayas",9,66587,71894.1547438573,1182.24451520386,1438.16739254071,589.683860428588,0.199772047606701,0.0797025657238994
"METHOD_C_base+shrunkA_l0.10","aymavilles","Aymavilles",9,5712,5104.45813771873,74.4417316132313,116.562682760954,-67.5046513645854,0.121522402258494,-0.106362370847561
"METHOD_C_base+shrunkA_l0.10","bard","Bard",9,6889,5556.60657150685,168.874666959741,209.94448530668,-148.043714277016,0.222407465234467,-0.193408829800137
"METHOD_C_base+shrunkA_l0.10","bionaz","Bionaz",9,8769,8621.16969482955,142.526674257603,223.341259744234,-16.4255894633831,0.18237374373065,-0.0168582854567736
"METHOD_C_base+shrunkA_l0.10","brissogne","Brissogne",9,365,538.906623136987,19.3229581263319,21.2399207709731,19.3229581263319,0.548239942347985,0.476456501745171
"METHOD_C_base+shrunkA_l0.10","brusson","Brusson",9,24069,24417.2582028659,255.669979482217,345.973154728882,38.6953558739846,0.135413613287725,0.0144691596188401
"METHOD_C_base+shrunkA_l0.10","challand saint anselme","Challand-Saint-Anselme",9,4865,5246.9767821274,88.6336790101018,104.993823268242,42.441864680822,0.168481212566444,0.0785152686798352
"METHOD_C_base+shrunkA_l0.10","challand saint victor","Challand-Saint-Victor",9,341,579.150355361314,27.6445703319118,31.9720686595911,26.4611505957016,1.29864126242627,0.698388138889484
"METHOD_C_base+shrunkA_l0.10","chambave","Chambave",9,1334,1098.48171839464,27.5723698749987,37.0155417673913,-26.1686979561507,0.162623309869957,-0.176550435986024
"METHOD_C_base+shrunkA_l0.10","chamois","Chamois",9,3080,4035.36772264145,106.151969182383,141.673140794176,106.151969182383,1.57904325399749,0.310184325532938
"METHOD_C_base+shrunkA_l0.10","champdepraz","Champdepraz",9,2921,2200.59147336624,104.187906348745,114.584352117637,-80.0453918481956,0.341511036529088,-0.246630786249148
"METHOD_C_base+shrunkA_l0.10","champorcher","Champorcher",9,5002,6251.10276708875,216.793412399404,291.893489723418,138.789196343194,0.513855385779951,0.249720665151689
"METHOD_C_base+shrunkA_l0.10","charvensod","Charvensod",9,19464,17777.887868586,236.651143481141,296.749622743608,-187.345792379334,0.106356472198369,-0.0866272159583849
"METHOD_C_base+shrunkA_l0.10","chatillon","Châtillon",9,25773,28529.927337171,360.600023025857,390.827952196077,306.325259685665,0.130785752719344,0.106969593651146
"METHOD_C_base+shrunkA_l0.10","cogne","Cogne",9,62861,59140.9511863354,1203.10972284055,1873.00997638835,-413.338757073842,0.154464825774598,-0.0591789633264595
"METHOD_C_base+shrunkA_l0.10","courmayeur","Courmayeur",9,231129,229286.910262055,2857.67163969369,3207.07619947361,-204.676637549495,0.14917927741354,-0.00796996369103604
"METHOD_C_base+shrunkA_l0.10","donnas","Donnas",9,2348,2155.21099212134,33.4899655163115,42.3802465187812,-21.4210008754065,0.154397162302878,-0.0821077546331595
"METHOD_C_base+shrunkA_l0.10","doues","Doues",9,2301,2149.28216965933,63.4988987833359,91.7969189337172,-16.8575367045194,0.212676567208648,-0.0659356064062038
"METHOD_C_base+shrunkA_l0.10","emarese","Emarèse",9,403,377.530062168361,17.9034400162223,20.3241783280496,-2.82999309240436,1.36575487656832,-0.0632008382919088
"METHOD_C_base+shrunkA_l0.10","etroubles","Etroubles",9,13645,13602.2535472329,149.062167822176,178.28987686574,-4.74960586301008,0.128924333152841,-0.00313275579091908
"METHOD_C_base+shrunkA_l0.10","fenis","Fénis",9,7013,7311.97111039505,81.4776601212446,107.89751572827,33.2190122661163,0.161548928940564,0.0426309867952441
"METHOD_C_base+shrunkA_l0.10","fontainemore","Fontainemore",9,1900,2251.72237537601,67.9916540739761,115.006360934313,39.0802639306677,0.560143743195649,0.185117039671584
"METHOD_C_base+shrunkA_l0.10","gaby","Gaby",9,5410,6328.61186438961,102.067984932179,126.464837770554,102.067984932179,0.200471702479761,0.169798865876084
"METHOD_C_base+shrunkA_l0.10","gignod","Gignod",9,7182,6859.03922850133,71.8511497697769,83.0543039666813,-35.884530166519,0.12002152125396,-0.0449680829154373
"METHOD_C_base+shrunkA_l0.10","gressan","Gressan",9,36832,35827.4894205363,523.894538089257,647.713227767719,-111.612286607077,0.135564773010467,-0.0272727676874375
"METHOD_C_base+shrunkA_l0.10","gressoney la trinite","Gressoney-La-Trinité",9,60507,61060.963046295,950.350252636946,1018.28489700196,61.551449588337,0.282926102745723,0.00915535469111061
"METHOD_C_base+shrunkA_l0.10","gressoney saint jean","Gressoney-Saint-Jean",9,29157,29409.0013177296,390.133196065402,463.77437059182,28.0001464144019,0.163955727592547,0.00864290968651154
"METHOD_C_base+shrunkA_l0.10","hone","Hône",9,1030,1256.14305849357,33.3922510589955,36.7647058470425,25.1270064992859,0.483919556664616,0.219556367469488
"METHOD_C_base+shrunkA_l0.10","introd","Introd",9,4684,4423.33569809183,56.9198662570768,73.4641524834885,-28.9627002120187,0.119479909976045,-0.0556499363595577
"METHOD_C_base+shrunkA_l0.10","issime","Issime",9,851,672.967525429929,21.583945574307,26.0853202691648,-19.7813860633412,0.229348093608822,-0.209203847908427
"METHOD_C_base+shrunkA_l0.10","issogne","Issogne",9,561,279.757561602571,34.4994424413623,41.5905732113049,-31.2491598219365,0.576128338876975,-0.501323419603259
"METHOD_C_base+shrunkA_l0.10","jovencan","Jovençan",9,5539,5553.57443487957,73.7910388747198,92.0886070469156,1.61938165328499,0.127587100033885,0.00263123937164924
"METHOD_C_base+shrunkA_l0.10","la magdeleine","La Magdeleine",9,979,788.275977684039,28.4620399459112,46.3879289203753,-21.1915580351067,0.340142827689132,-0.194815140261451
"METHOD_C_base+shrunkA_l0.10","la salle","La Salle",9,20341,20112.4713837395,254.123696307098,277.639675423639,-25.3920684733839,0.120472966241221,-0.0112348761742517
"METHOD_C_base+shrunkA_l0.10","la thuile","La Thuile",9,63799,63999.8647205885,767.321970653584,879.868855166783,22.3183022876083,0.188158329414263,0.00314839920043382
"METHOD_C_base+shrunkA_l0.10","lillianes","Lillianes",9,1777,2119.80313756618,43.3360226265477,57.9452604552236,38.0892375073539,0.405674416671942,0.192911163515017
"METHOD_C_base+shrunkA_l0.10","montjovet","Montjovet",9,4725,5193.24414904316,167.573709231251,191.6397577803,52.0271276714628,0.378370692713843,0.0990992908027862
"METHOD_C_base+shrunkA_l0.10","morgex","Morgex",9,13505,12725.0157830783,111.536085654501,151.502208601855,-86.6649129912994,0.0706330218063837,-0.0577552178394442
"METHOD_C_base+shrunkA_l0.10","nus","Nus",9,13998,11073.04285774,324.995238028886,343.23614611581,-324.995238028886,0.209292284232696,-0.208955360927274
"METHOD_C_base+shrunkA_l0.10","ollomont","Ollomont",9,861,1191.08310803008,43.0876201791785,72.2209451002912,36.6759008922317,1.05676288327968,0.383371786329948
"METHOD_C_base+shrunkA_l0.10","oyace","Oyace",9,65,26.341430967959,5.98280249696084,8.20653080393729,-4.29539655911567,0.681136349847161,-0.594747215877554
"METHOD_C_base+shrunkA_l0.10","perloz","Perloz",9,884,842.999960023442,26.7906097380612,31.4337307777765,-4.55555999739539,0.297706874353316,-0.0463801357200888
"METHOD_C_base+shrunkA_l0.10","pollein","Pollein",9,28775,30762.5638388925,326.592840271504,472.079990106627,220.840426543613,0.116468916097888,0.0690725921422248
"METHOD_C_base+shrunkA_l0.10","pont saint martin","Pont-Saint-Martin",9,6102,6524.86501177044,69.4045080772179,81.4552739352294,46.9850013078265,0.099501596071341,0.0692994119584461
"METHOD_C_base+shrunkA_l0.10","pontboset","Pontboset",9,1991,1695.68514481646,33.2946015296681,39.5052379954532,-32.8127616870602,0.20903273783138,-0.148324889594948
"METHOD_C_base+shrunkA_l0.10","pontey","Pontey",9,919,944.198913928741,25.691337389544,32.5323729129389,2.79987932541562,0.336656046696772,0.0274199281052672
"METHOD_C_base+shrunkA_l0.10","pre saint didier","Pré-Saint-Didier",9,46900,50424.7733434034,492.943686332526,608.484515254702,391.641482600381,0.0966457291128142,0.0751550819489004
"METHOD_C_base+shrunkA_l0.10","quart","Quart",9,7286,6533.29139776242,87.0836244849037,127.631544762496,-83.6342891375083,0.0883062049165176,-0.103308894075978
"METHOD_C_base+shrunkA_l0.10","rhemes notre dame","Rhêmes-Notre-Dame",9,8492,8810.679318253,214.248852992434,247.613185002251,35.4088131392218,0.264147123851938,0.0375270040335606
"METHOD_C_base+shrunkA_l0.10","rhemes saint georges","Rhêmes-Saint-Georges",9,4726,4210.81349774999,91.6207592443846,122.42041789535,-57.2429446944454,0.51766506802842,-0.109011109236142
"METHOD_C_base+shrunkA_l0.10","roisan","Roisan",9,1305,923.443759786526,42.3951378014971,51.1606473305427,-42.3951378014971,0.338557000149411,-0.29238026069998
"METHOD_C_base+shrunkA_l0.10","saint christophe","Saint-Christophe",9,7085,5396.10608017012,189.449459266555,213.627133873755,-187.654879981098,0.234162860445795,-0.238375994330258
"METHOD_C_base+shrunkA_l0.10","saint denis","Saint-Denis",9,401,351.893807110281,23.6583324492349,27.6475583812265,-5.45624365441324,1.18615810457403,-0.122459333889574
"METHOD_C_base+shrunkA_l0.10","saint marcel","Saint-Marcel",9,1071,661.856950360146,45.4603388488726,53.9790766554296,-45.4603388488726,0.359026144401741,-0.382019654192207
"METHOD_C_base+shrunkA_l0.10","saint nicolas","Saint-Nicolas",9,3251,6228.82183372557,330.869092636175,369.345874610984,330.869092636175,1.03954683803373,0.915971034674122
"METHOD_C_base+shrunkA_l0.10","saint oyen","Saint-Oyen",9,3658,4070.292992557,88.2926698218678,102.300121026185,45.810332506333,0.281020622996932,0.112709948758064
"METHOD_C_base+shrunkA_l0.10","saint pierre","Saint-Pierre",9,8448,11163.6622271336,301.740247459285,326.852802852713,301.740247459285,0.33320862808425,0.321456229537591
"METHOD_C_base+shrunkA_l0.10","saint rhemy en bosses","Saint-Rhémy-en-Bosses",9,6294,5577.09615008405,125.254839940616,173.194569094296,-79.6559833239948,0.211593718944995,-0.11390274069208
"METHOD_C_base+shrunkA_l0.10","saint vincent","Saint-Vincent",9,59218,66913.0262389237,1112.06283593756,1283.20728377791,855.002915435962,0.1684056042374,0.129944041320606
"METHOD_C_base+shrunkA_l0.10","sarre","Sarre",9,26239,21918.3286578124,871.831796664926,1442.08634598,-480.074593576402,0.291607472562162,-0.164666006409833
"METHOD_C_base+shrunkA_l0.10","torgnon","Torgnon",9,14102,14100.8006295716,147.357690049699,178.073015571775,-0.133263380934901,0.121128904856949,-8.50496687288408e-05
"METHOD_C_base+shrunkA_l0.10","valgrisenche","Valgrisenche",9,10192,10555.5466910902,89.911944586183,103.529161573047,40.3940767878007,0.178810932755179,0.0356698087804363
"METHOD_C_base+shrunkA_l0.10","valpelline","Valpelline",9,4900,5123.52388196981,106.188060354526,143.337388042429,24.8359868855341,0.356732620227702,0.0456171187693484
"METHOD_C_base+shrunkA_l0.10","valsavarenche","Valsavarenche",9,25334,27778.6919203436,397.732092630514,594.922118722459,271.632435593733,0.216704985101175,0.0964984574225784
"METHOD_C_base+shrunkA_l0.10","valtournenche","Valtournenche",9,135375,132757.039933514,1810.75406484964,2213.29741044838,-290.884451831765,0.161685999642137,-0.0193385785151312
"METHOD_C_base+shrunkA_l0.10","verrayes","Verrayes",9,3739,4020.78964258411,99.2660317703403,116.780513026706,31.3099602871233,0.30364605429383,0.0753649752832602
"METHOD_C_base+shrunkA_l0.10","verres","Verrès",9,1870,2039.42777808382,51.7456141451459,58.0811217889912,18.8253086759795,0.290546489971255,0.0906030898843934
"METHOD_C_base+shrunkA_l0.10","villeneuve","Villeneuve",9,2581,3258.09937150889,90.786335713423,140.139044253757,75.2332635009872,0.45777497236289,0.262339934718669
"METHOD_D_base+meteoOnly_l0.10","allein","Allein",9,221,248.704584952577,14.6372706231023,20.5075211194545,3.07828721695298,0.775707544778937,0.125360112907587
"METHOD_D_base+meteoOnly_l0.10","antey saint andre","Antey-Saint-André",9,16799,18539.8077461064,343.969975213113,401.038170709483,193.423082900713,0.196151144066919,0.103625676891864
"METHOD_D_base+meteoOnly_l0.10","aosta","Aosta",9,121478,113093.90600104,1251.39726839215,1653.72751435883,-931.565999884448,0.080363222225903,-0.0690173858555461
"METHOD_D_base+meteoOnly_l0.10","arnad","Arnad",9,3474,3326.38831496092,41.3555340401059,49.2204128375929,-16.4012983376753,0.128983149954032,-0.0424904102012312
"METHOD_D_base+meteoOnly_l0.10","arvier","Arvier",9,8747,9565.98897071581,140.25559571901,231.998009659997,90.9987745239792,0.167368286691164,0.0936308415131831
"METHOD_D_base+meteoOnly_l0.10","avise","Avise",9,916,887.15258122579,17.1081803590662,19.9844455140244,-3.20526875268999,0.204808729970277,-0.0314928152556877
"METHOD_D_base+meteoOnly_l0.10","ayas","Ayas",9,66587,72422.2079099298,1244.08333493278,1589.36583755009,648.356434436644,0.204529995888151,0.0876328398926187
"METHOD_D_base+meteoOnly_l0.10","aymavilles","Aymavilles",9,5712,5064.92090192271,73.4158646388328,115.055540951869,-71.8976775641432,0.118707911572062,-0.113284155825856
"METHOD_D_base+meteoOnly_l0.10","bard","Bard",9,6889,5314.04612162354,198.315498125718,241.243233951663,-174.994875375162,0.254180545202988,-0.228618649786102
"METHOD_D_base+meteoOnly_l0.10","bionaz","Bionaz",9,8769,8527.02791068155,147.613718841892,221.457605281238,-26.8857877020504,0.182351046453106,-0.0275940345898567
"METHOD_D_base+meteoOnly_l0.10","brissogne","Brissogne",9,365,528.186661046874,18.1318512274304,20.562688615051,18.1318512274304,0.52762624404511,0.447086742594175
"METHOD_D_base+meteoOnly_l0.10","brusson","Brusson",9,24069,24389.8695064885,263.283747867503,353.790359641887,35.6521673876108,0.138536937667606,0.0133312354683824
"METHOD_D_base+meteoOnly_l0.10","challand saint anselme","Challand-Saint-Anselme",9,4865,5114.74430239034,80.7224556323846,100.52822161134,27.74936693226,0.1504532674208,0.0513349028551574
"METHOD_D_base+meteoOnly_l0.10","challand saint victor","Challand-Saint-Victor",9,341,543.026970212443,24.9447324456143,29.4591999345419,22.4474411347159,1.23104514537559,0.592454458101007
"METHOD_D_base+meteoOnly_l0.10","chambave","Chambave",9,1334,1086.14105098676,28.7141808858535,39.8195418834357,-27.5398832236929,0.16559596676599,-0.185801311104375
"METHOD_D_base+meteoOnly_l0.10","chamois","Chamois",9,3080,4245.25320692158,129.472578546842,165.589632217757,129.472578546842,1.45936669833385,0.378328963286228
"METHOD_D_base+meteoOnly_l0.10","champdepraz","Champdepraz",9,2921,2135.79213789826,108.646174745567,119.82409095673,-87.245318011304,0.348944549036124,-0.268814742246401
"METHOD_D_base+meteoOnly_l0.10","champorcher","Champorcher",9,5002,6029.51805649675,206.421173358196,271.177810261694,114.168672944084,0.487596661722058,0.205421442722261
"METHOD_D_base+meteoOnly_l0.10","charvensod","Charvensod",9,19464,17041.9035155592,269.214577784833,351.543302877686,-269.121831604533,0.119647232822687,-0.124439811161159
"METHOD_D_base+meteoOnly_l0.10","chatillon","Châtillon",9,25773,28132.4367013078,313.739557224634,376.184497357093,262.159633478644,0.118748957337324,0.0915468397667248
"METHOD_D_base+meteoOnly_l0.10","cogne","Cogne",9,62861,59583.2449885962,1152.7262282113,1812.32780258644,-364.195001267087,0.148191906689861,-0.0521429027760262
"METHOD_D_base+meteoOnly_l0.10","courmayeur","Courmayeur",9,231129,232278.413994159,2075.20448514615,2485.75285237239,127.712666017637,0.121895615337091,0.00497304100376298
"METHOD_D_base+meteoOnly_l0.10","donnas","Donnas",9,2348,2172.6439146231,35.1899179107184,43.9387197648193,-19.484009486322,0.172212628897284,-0.0746831709441644
"METHOD_D_base+meteoOnly_l0.10","doues","Doues",9,2301,2180.35646326461,59.7604286745127,87.0254463129383,-13.4048374150434,0.204244090394071,-0.0524309155738334
"METHOD_D_base+meteoOnly_l0.10","emarese","Emarèse",9,403,385.729379974002,17.9513987268245,20.3350445188668,-1.91895778066648,1.40571541657422,-0.0428551365409387
"METHOD_D_base+meteoOnly_l0.10","etroubles","Etroubles",9,13645,14260.9905326673,232.147080696952,306.317553968907,68.4433925185854,0.164964462422247,0.0451440478319728
"METHOD_D_base+meteoOnly_l0.10","fenis","Fénis",9,7013,7234.25068073762,83.3974453363004,107.77173841858,24.5834089708464,0.160841681013078,0.0315486497558274
"METHOD_D_base+meteoOnly_l0.10","fontainemore","Fontainemore",9,1900,2360.62063516583,79.9335635796612,136.326045761951,51.1800705739813,0.556844625074119,0.242431913245175
"METHOD_D_base+meteoOnly_l0.10","gaby","Gaby",9,5410,6120.24082228528,83.0215600189942,112.935393873494,78.9156469205865,0.166822265680339,0.131282961605412
"METHOD_D_base+meteoOnly_l0.10","gignod","Gignod",9,7182,6665.08351302901,78.4752120625996,97.8721359184198,-57.4351652189984,0.123906335834129,-0.0719738912518777
"METHOD_D_base+meteoOnly_l0.10","gressan","Gressan",9,36832,35575.6433057347,537.541267557266,666.283437103743,-139.595188251705,0.13964016675769,-0.0341104662865266
"METHOD_D_base+meteoOnly_l0.10","gressoney la trinite","Gressoney-La-Trinité",9,60507,60650.4690354103,774.335159826058,813.467839122014,15.9410039344745,0.239038123206248,0.00237111467119955
"METHOD_D_base+meteoOnly_l0.10","gressoney saint jean","Gressoney-Saint-Jean",9,29157,28738.5398512174,426.205568689726,481.338919912973,-46.4955720869574,0.175566026135298,-0.0143519617512987
"METHOD_D_base+meteoOnly_l0.10","hone","Hône",9,1030,1267.91548100862,35.1059496204674,38.303186307432,26.4350534454025,0.500188547301754,0.230985903891866
"METHOD_D_base+meteoOnly_l0.10","introd","Introd",9,4684,4446.73885878641,59.8485925731574,72.8596890049619,-26.3623490237319,0.126896280589631,-0.0506535314290323
"METHOD_D_base+meteoOnly_l0.10","issime","Issime",9,851,647.021932914095,24.9864466376274,28.7218013176487,-22.6642296762117,0.262544468972267,-0.239692205741369
"METHOD_D_base+meteoOnly_l0.10","issogne","Issogne",9,561,288.015483946162,34.4842762184663,41.2311958533487,-30.3316128948709,0.606101687805593,-0.486603415425737
"METHOD_D_base+meteoOnly_l0.10","jovencan","Jovençan",9,5539,5491.96906735427,68.7159739050099,84.3746361788779,-5.22565918285865,0.119122207058102,-0.00849087067083014
"METHOD_D_base+meteoOnly_l0.10","la magdeleine","La Magdeleine",9,979,793.517840847945,28.2753404397088,46.3056270117795,-20.6091287946728,0.363401671037702,-0.189460836723243
"METHOD_D_base+meteoOnly_l0.10","la salle","La Salle",9,20341,20071.420092433,269.459396053309,298.239400218738,-29.9533230630027,0.127599038613116,-0.0132530311964518
"METHOD_D_base+meteoOnly_l0.10","la thuile","La Thuile",9,63799,65021.728777984,868.418746003484,941.839163889025,135.858753109329,0.214413935314891,0.0191653282650819
"METHOD_D_base+meteoOnly_l0.10","lillianes","Lillianes",9,1777,2159.01487008913,47.7766137515527,72.1721521141778,42.4460966765705,0.344845841276353,0.214977417045095
"METHOD_D_base+meteoOnly_l0.10","montjovet","Montjovet",9,4725,5131.4294346284,173.4575559697,197.943589417352,45.1588260698217,0.391281053472734,0.0860168115615651
"METHOD_D_base+meteoOnly_l0.10","morgex","Morgex",9,13505,12547.3760446576,124.128069583495,170.30122647552,-106.402661704708,0.0769608079700473,-0.0709088452678545
"METHOD_D_base+meteoOnly_l0.10","nus","Nus",9,13998,10727.1078995446,363.432455606151,389.489165251825,-363.432455606151,0.231736033451588,-0.233668531251276
"METHOD_D_base+meteoOnly_l0.10","ollomont","Ollomont",9,861,1277.75727548345,52.197930038696,93.0040862257746,46.3063639426052,0.988484825964498,0.484038647483678
"METHOD_D_base+meteoOnly_l0.10","oyace","Oyace",9,65,24.8578399121158,6.07509772936783,8.3496362831998,-4.46024000976491,0.697620011346171,-0.617571693659757
"METHOD_D_base+meteoOnly_l0.10","perloz","Perloz",9,884,793.73739933944,22.8998591014246,29.4248242645826,-10.0291778511733,0.255845715171397,-0.1021070143219
"METHOD_D_base+meteoOnly_l0.10","pollein","Pollein",9,28775,30143.2236984516,307.302508587644,469.065916554289,152.024855383516,0.111477752721069,0.0475490425178677
"METHOD_D_base+meteoOnly_l0.10","pont saint martin","Pont-Saint-Martin",9,6102,6480.05029342695,64.8834017143884,75.2669791732523,42.0055881585504,0.0949284149782629,0.061955144776623
"METHOD_D_base+meteoOnly_l0.10","pontboset","Pontboset",9,1991,1684.81749369225,37.1945740061117,41.019921415854,-34.0202784786385,0.23069577752329,-0.153783277904443
"METHOD_D_base+meteoOnly_l0.10","pontey","Pontey",9,919,899.4547506732,26.7433393665618,36.1274757114394,-2.17169436964447,0.34174707672029,-0.021267953565615
"METHOD_D_base+meteoOnly_l0.10","pre saint didier","Pré-Saint-Didier",9,46900,50484.1482519163,586.038141190588,731.705864996616,398.238694657367,0.111852511375589,0.0764210714694308
"METHOD_D_base+meteoOnly_l0.10","quart","Quart",9,7286,6419.58365459203,105.041924199056,152.787671016146,-96.2684828231076,0.108389790758756,-0.118915227203949
"METHOD_D_base+meteoOnly_l0.10","rhemes notre dame","Rhêmes-Notre-Dame",9,8492,8773.83005224731,213.593511560787,248.049346064695,31.3144502497012,0.24993827106111,0.0331877122288402
"METHOD_D_base+meteoOnly_l0.10","rhemes saint georges","Rhêmes-Saint-Georges",9,4726,4574.93171471625,73.437334723332,102.608331226321,-16.7853650315273,0.49865740294313,-0.0319653587142925
"METHOD_D_base+meteoOnly_l0.10","roisan","Roisan",9,1305,863.819787688786,49.0200235901349,57.0392565306249,-49.0200235901349,0.377846706447783,-0.338069128207827
"METHOD_D_base+meteoOnly_l0.10","saint christophe","Saint-Christophe",9,7085,5176.28909384497,213.612116010362,244.094649410457,-212.078989572781,0.259594600459421,-0.269401680473539
"METHOD_D_base+meteoOnly_l0.10","saint denis","Saint-Denis",9,401,305.610151680564,21.7434277622992,27.390512295609,-10.5988720354928,1.08991355948791,-0.237879920996099
"METHOD_D_base+meteoOnly_l0.10","saint marcel","Saint-Marcel",9,1071,635.32907040946,48.4078810656155,56.8505315329566,-48.4078810656155,0.387320242902189,-0.406788916517778
"METHOD_D_base+meteoOnly_l0.10","saint nicolas","Saint-Nicolas",9,3251,6389.8197526654,348.757750296155,386.214812121785,348.757750296155,1.09951097830319,0.965493618168379
"METHOD_D_base+meteoOnly_l0.10","saint oyen","Saint-Oyen",9,3658,4074.17947662501,90.3267003946098,107.404051055144,46.2421640694458,0.284895402059367,0.113772410231004
"METHOD_D_base+meteoOnly_l0.10","saint pierre","Saint-Pierre",9,8448,11009.6105084181,284.623389824228,301.986908169152,284.623389824228,0.320874005078899,0.303220940863879
"METHOD_D_base+meteoOnly_l0.10","saint rhemy en bosses","Saint-Rhémy-en-Bosses",9,6294,5701.33957615864,113.296753962442,156.670417341084,-65.8511582045955,0.210652647621221,-0.0941627619703462
"METHOD_D_base+meteoOnly_l0.10","saint vincent","Saint-Vincent",9,59218,65670.4795469301,957.403029165573,1204.40841042599,716.942171881124,0.148519051594761,0.108961456768721
"METHOD_D_base+meteoOnly_l0.10","sarre","Sarre",9,26239,21731.2120514716,847.522054526866,1431.67844627032,-500.86532761427,0.269536922211005,-0.171797246409102
"METHOD_D_base+meteoOnly_l0.10","torgnon","Torgnon",9,14102,14247.1307982768,181.569983933033,230.892705108624,16.1256442529784,0.13907842157376,0.010291504628904
"METHOD_D_base+meteoOnly_l0.10","valgrisenche","Valgrisenche",9,10192,10903.5391073093,145.874758405698,194.614360045434,79.0599008121439,0.181480073468526,0.0698134916904724
"METHOD_D_base+meteoOnly_l0.10","valpelline","Valpelline",9,4900,5482.7663109318,104.275663958692,150.531641245067,64.751812325756,0.330659864905455,0.118931900190164
"METHOD_D_base+meteoOnly_l0.10","valsavarenche","Valsavarenche",9,25334,31130.9332102155,776.285333636703,1216.22234228847,644.103690023945,0.259253295933312,0.228820289342998
"METHOD_D_base+meteoOnly_l0.10","valtournenche","Valtournenche",9,135375,133157.566200847,2602.64972856248,2930.59735685338,-246.381533239233,0.209642301275993,-0.0163799357278161
"METHOD_D_base+meteoOnly_l0.10","verrayes","Verrayes",9,3739,3992.14090184186,100.21787718237,124.797814332061,28.1267668713181,0.31257135423418,0.0677028354752241
"METHOD_D_base+meteoOnly_l0.10","verres","Verrès",9,1870,2054.68125325285,53.3809901996988,59.7943286450958,20.5201392503162,0.301773057233724,0.0987600284774578
"METHOD_D_base+meteoOnly_l0.10","villeneuve","Villeneuve",9,2581,3096.17935804953,99.6201843513034,137.660913113178,57.2421508943921,0.471117145341392,0.199604555617795
"METHOD_E_nnetar_per_comune","allein","Allein",9,221,241.190761518141,16.9976754283013,23.577121853832,2.24341794646012,0.795202455997383,0.0913609118467922
"METHOD_E_nnetar_per_comune","antey saint andre","Antey-Saint-André",9,16799,17392.2652497781,417.069716578707,535.1860445514,65.9183610864605,0.243782496861637,0.0353155098385705
"METHOD_E_nnetar_per_comune","aosta","Aosta",9,121478,124987.458515928,836.479917151292,1011.38844159295,389.939835103148,0.0663907823874191,0.028889663280004
"METHOD_E_nnetar_per_comune","arnad","Arnad",9,3474,2721.98292116324,92.3376854513072,123.919162360079,-83.5574532040845,0.215667439269089,-0.216470086020944
"METHOD_E_nnetar_per_comune","arvier","Arvier",9,8747,9395.0791641224,149.774284205159,177.550800864622,72.0087960135998,0.206553510561611,0.0740915930173086
"METHOD_E_nnetar_per_comune","avise","Avise",9,916,1158.2166281115,37.783125981865,47.1848953617217,26.9129586790552,0.474795908405305,0.264428633309494
"METHOD_E_nnetar_per_comune","ayas","Ayas",9,66587,68679.7788508901,1104.21400127674,1191.17083732764,232.530983432232,0.203167687154334,0.0314292407059949
"METHOD_E_nnetar_per_comune","aymavilles","Aymavilles",9,5712,5218.16943114213,161.720764538392,267.15563658623,-54.8700632064296,0.2039129801927,-0.0864549315227358
"METHOD_E_nnetar_per_comune","bard","Bard",9,6889,5474.04825013638,255.03400001214,305.339473014124,-157.216861095958,0.327237113410466,-0.205392908965543
"METHOD_E_nnetar_per_comune","bionaz","Bionaz",9,8769,7996.47908440867,144.87185523497,189.277200688047,-85.8356572879251,0.221298832021947,-0.0880968087115208
"METHOD_E_nnetar_per_comune","brissogne","Brissogne",9,365,356.096764508561,13.3050805026525,17.6976642791912,-0.989248387937692,0.332498391066086,-0.024392426003943
"METHOD_E_nnetar_per_comune","brusson","Brusson",9,24069,23025.0425135567,361.395897360205,386.567152092389,-115.995276271477,0.179135270355877,-0.0433735297039049
"METHOD_E_nnetar_per_comune","challand saint anselme","Challand-Saint-Anselme",9,4865,4798.86120965192,85.4888635226983,105.186567340609,-7.34875448311971,0.165182600336692,-0.0135948181599337
"METHOD_E_nnetar_per_comune","challand saint victor","Challand-Saint-Victor",9,341,1106.51097209289,85.0567746769883,108.527777651043,85.0567746769883,4.08503104483204,2.24490021141611
"METHOD_E_nnetar_per_comune","chambave","Chambave",9,1334,883.495255292092,50.0560827453231,57.0182242712365,-50.0560827453231,0.316564900185284,-0.337709703679091
"METHOD_E_nnetar_per_comune","chamois","Chamois",9,3080,2963.42455585306,87.8186909985197,102.625306577281,-12.9528271274379,5.4653997613658,-0.0378491701775783
"METHOD_E_nnetar_per_comune","champdepraz","Champdepraz",9,2921,1736.18902089583,148.950471839048,166.967231330236,-131.645664344908,0.470152549748038,-0.405618274256821
"METHOD_E_nnetar_per_comune","champorcher","Champorcher",9,5002,6511.53013249957,288.120781832182,387.992202963448,167.72557027773,0.761940712450907,0.301785312374963
"METHOD_E_nnetar_per_comune","charvensod","Charvensod",9,19464,20911.6915067661,284.417192666954,341.53926869057,160.854611862897,0.141813400746622,0.0743779031425233
"METHOD_E_nnetar_per_comune","chatillon","Châtillon",9,25773,26075.9795276152,278.821710555848,325.186218577834,33.6643919572436,0.10014939376253,0.0117556950147516
"METHOD_E_nnetar_per_comune","cogne","Cogne",9,62861,48619.7036754955,2342.06189871398,3690.41797963676,-1582.36625827828,0.315456745514061,-0.22655217582451
"METHOD_E_nnetar_per_comune","courmayeur","Courmayeur",9,231129,202259.688879916,3207.70123556491,4423.5030390009,-3207.70123556491,0.146309801742295,-0.124905620324945
"METHOD_E_nnetar_per_comune","donnas","Donnas",9,2348,1951.56240571585,48.1286685799885,60.6422673943151,-44.0486215871276,0.166375920280481,-0.168840542710455
"METHOD_E_nnetar_per_comune","doues","Doues",9,2301,3800.13034812569,241.526459911516,424.040215807744,166.570038680632,0.992392619523401,0.65151253721238
"METHOD_E_nnetar_per_comune","emarese","Emarèse",9,403,280.540504560449,20.1209639688038,22.8276456552255,-13.6066106043946,1.04047362832674,-0.303869715730897
"METHOD_E_nnetar_per_comune","etroubles","Etroubles",9,13645,13144.4920042586,178.726594840492,240.462346431503,-55.6119995268203,0.144305058847813,-0.0366806885849309
"METHOD_E_nnetar_per_comune","fenis","Fénis",9,7013,6624.40459496021,138.308317587127,157.6852110364,-43.1772672266428,0.228996617312205,-0.0554107236617405
"METHOD_E_nnetar_per_comune","fontainemore","Fontainemore",9,1900,1664.8482764977,55.805034232601,76.6883831592496,-26.1279692780336,0.462708285763212,-0.123764065001212
"METHOD_E_nnetar_per_comune","gaby","Gaby",9,5410,5847.14138916449,73.4636704694861,93.5971696517545,48.5712654627207,0.13124523199322,0.0808024748917719
"METHOD_E_nnetar_per_comune","gignod","Gignod",9,7182,7724.16204384286,118.060076937613,155.305717603056,60.2402270936513,0.237701651534896,0.0754890063830217
"METHOD_E_nnetar_per_comune","gressan","Gressan",9,36832,32730.7152446985,561.205570955447,722.697694391153,-455.698306144606,0.170088913489488,-0.111351128239071
"METHOD_E_nnetar_per_comune","gressoney la trinite","Gressoney-La-Trinité",9,60507,50115.0469878345,1384.0145641306,2202.32104574991,-1154.66144579616,0.229479980511671,-0.171747946719643
"METHOD_E_nnetar_per_comune","gressoney saint jean","Gressoney-Saint-Jean",9,29157,25888.4581991669,664.122204037446,717.810293788704,-363.171311203674,0.282621806569199,-0.112101443935695
"METHOD_E_nnetar_per_comune","hone","Hône",9,1030,828.924114430725,35.0402199502511,45.4306270270303,-22.3417650632528,0.30764037033855,-0.195219306377937
"METHOD_E_nnetar_per_comune","introd","Introd",9,4684,4289.51903050056,100.476896668231,136.634598077418,-43.8312188332708,0.178605890203921,-0.0842188235481292
"METHOD_E_nnetar_per_comune","issime","Issime",9,851,538.048926910492,36.3224696041782,39.2323960295125,-34.7723414543897,0.363764873099352,-0.367745091762054
"METHOD_E_nnetar_per_comune","issogne","Issogne",9,561,184.960943767453,47.3474242067733,55.6116569503806,-41.7821173591719,0.823569303718157,-0.670301348008105
"METHOD_E_nnetar_per_comune","jovencan","Jovençan",9,5539,5043.12295630249,93.8457206382944,122.778724619706,-55.0974492997235,0.1471630837868,-0.0895246513265051
"METHOD_E_nnetar_per_comune","la magdeleine","La Magdeleine",9,979,790.587772338871,28.3526535469112,53.400487402837,-20.9346919623476,0.330575166397284,-0.19245375654865
"METHOD_E_nnetar_per_comune","la salle","La Salle",9,20341,17530.4885729964,468.268431681915,588.442646718132,-312.279047444845,0.234164677408106,-0.138169776658159
"METHOD_E_nnetar_per_comune","la thuile","La Thuile",9,63799,61230.8288683089,1140.66803285911,1862.34790660924,-285.352347965674,0.247490875445495,-0.0402540969559252
"METHOD_E_nnetar_per_comune","lillianes","Lillianes",9,1777,1960.27986743582,41.0287286539941,75.5997563953136,20.3644297150914,0.190453461380968,0.103140049204177
"METHOD_E_nnetar_per_comune","montjovet","Montjovet",9,4725,4025.68764459798,226.316201331549,268.9799139893,-77.7013728224464,0.407565564878829,-0.148002614899898
"METHOD_E_nnetar_per_comune","morgex","Morgex",9,13505,13250.8037221146,160.981166265664,228.595972981547,-28.2440308761533,0.0996962586310751,-0.0188223826645968
"METHOD_E_nnetar_per_comune","nus","Nus",9,13998,12589.9291610592,166.226800555386,237.964300275366,-156.452315437863,0.0889662299500972,-0.100590858618429
"METHOD_E_nnetar_per_comune","ollomont","Ollomont",9,861,896.955060678914,19.3390756422969,25.6459952103874,3.99500674210161,0.850886473850224,0.0417596523564628
"METHOD_E_nnetar_per_comune","oyace","Oyace",9,65,105.879177950681,9.22013611312423,12.7401810083214,4.54213088340897,0.603057382274899,0.628910430010473
"METHOD_E_nnetar_per_comune","perloz","Perloz",9,884,1910.00672810199,114.000747566887,127.19043485049,114.000747566887,1.35141924274745,1.16064109513799
"METHOD_E_nnetar_per_comune","pollein","Pollein",9,28775,28288.5128356947,532.357155913373,578.412712247643,-54.0541293672527,0.175194833195363,-0.0169065912877594
"METHOD_E_nnetar_per_comune","pont saint martin","Pont-Saint-Martin",9,6102,6207.78572976748,32.4238820744498,48.081434768345,11.7539699741645,0.0617669425903325,0.0173362388999477
"METHOD_E_nnetar_per_comune","pontboset","Pontboset",9,1991,1747.35892295646,63.3801951407757,76.5578623574906,-27.0712307826158,0.308263732012648,-0.1223712089621
"METHOD_E_nnetar_per_comune","pontey","Pontey",9,919,1300.56416514524,74.357016220007,82.4532041702071,42.3960183494716,1.14378173909159,0.415194956632475
"METHOD_E_nnetar_per_comune","pre saint didier","Pré-Saint-Didier",9,46900,43354.90485594,570.355277682701,676.857492262693,-393.899460451107,0.109136990905378,-0.0755883826025578
"METHOD_E_nnetar_per_comune","quart","Quart",9,7286,16576.7686314131,1175.75380363109,2310.73255994402,1032.30762571257,1.0094243158898,1.27515353162409
"METHOD_E_nnetar_per_comune","rhemes notre dame","Rhêmes-Notre-Dame",9,8492,7734.27299529182,235.252252208546,288.585002004123,-84.1918894120202,0.302860145600746,-0.0892283331027063
"METHOD_E_nnetar_per_comune","rhemes saint georges","Rhêmes-Saint-Georges",9,4726,3768.83728381866,220.008421180266,280.701382985475,-106.351412909038,0.990180583178152,-0.20253125606884
"METHOD_E_nnetar_per_comune","roisan","Roisan",9,1305,2154.81797578032,94.4242195311468,125.34949128143,94.4242195311468,0.852618541613482,0.651201514007909
"METHOD_E_nnetar_per_comune","saint christophe","Saint-Christophe",9,7085,6119.71072639986,135.749433447197,159.526115872784,-107.254363733349,0.162468810207963,-0.136244075314064
"METHOD_E_nnetar_per_comune","saint denis","Saint-Denis",9,401,754.648201187,48.7146469255904,77.4669907947025,39.2942445763334,4.77949254313355,0.881915713683292
"METHOD_E_nnetar_per_comune","saint marcel","Saint-Marcel",9,1071,532.87133341664,59.7920740648177,86.1197628959347,-59.7920740648177,0.400008086371688,-0.502454403906031
"METHOD_E_nnetar_per_comune","saint nicolas","Saint-Nicolas",9,3251,3434.80469769816,61.1314151611158,78.5579276228248,20.4227441886847,0.231362379459507,0.0565378953239504
"METHOD_E_nnetar_per_comune","saint oyen","Saint-Oyen",9,3658,3842.41087268546,95.608313676054,112.118281730933,20.4900969650516,0.275377327364719,0.0504130324454522
"METHOD_E_nnetar_per_comune","saint pierre","Saint-Pierre",9,8448,12942.0905210277,506.15533065793,714.477398514602,499.343391225295,0.480663967812915,0.531970942356493
"METHOD_E_nnetar_per_comune","saint rhemy en bosses","Saint-Rhémy-en-Bosses",9,6294,5513.69780978603,166.13327166889,237.393136270289,-86.700243357108,0.288636624317104,-0.123975562474416
"METHOD_E_nnetar_per_comune","saint vincent","Saint-Vincent",9,59218,56094.5433038314,534.471535951077,666.079149213694,-347.050744018733,0.0786443805196926,-0.0527450554927318
"METHOD_E_nnetar_per_comune","sarre","Sarre",9,26239,20005.1780016194,911.902207057742,1489.57148246644,-692.646888708955,0.236569103358781,-0.237578489972201
"METHOD_E_nnetar_per_comune","torgnon","Torgnon",9,14102,13862.2355781805,230.676063310549,305.914262263673,-26.6404913132818,0.339683656400302,-0.0170021572698579
"METHOD_E_nnetar_per_comune","valgrisenche","Valgrisenche",9,10192,11969.0470774485,249.469713469588,432.051990994357,197.449675272059,0.239774738100824,0.174357052339927
"METHOD_E_nnetar_per_comune","valpelline","Valpelline",9,4900,3318.43171965719,246.9886683847,430.804117610152,-175.729808926979,0.471139023737845,-0.322769036804655
"METHOD_E_nnetar_per_comune","valsavarenche","Valsavarenche",9,25334,28860.0062639824,415.049122142738,533.024747617413,391.778473775822,0.201137507617389,0.139180795136275
"METHOD_E_nnetar_per_comune","valtournenche","Valtournenche",9,135375,122386.226684223,1669.48279565629,2171.08019073057,-1443.19703508636,0.176151078154096,-0.0959466172910599
"METHOD_E_nnetar_per_comune","verrayes","Verrayes",9,3739,3674.99464995604,116.961002145063,134.329107238776,-7.1117055604401,0.328077449167501,-0.0171183070457237
"METHOD_E_nnetar_per_comune","verres","Verrès",9,1870,1596.26888060422,44.316565039697,59.452093817235,-30.4145688217537,0.201078359794224,-0.146380277751756
"METHOD_E_nnetar_per_comune","villeneuve","Villeneuve",9,2581,2442.52691527659,73.7486662396537,86.4220868408921,-15.3858983026007,0.293775201787077,-0.0536509433256125
"METHOD_F+meteo_l0.10","allein","Allein",9,221,356.354228796648,19.3431816269585,31.6792154675555,15.0393587551831,1.08161392674888,0.612462573740487
"METHOD_F+meteo_l0.10","antey saint andre","Antey-Saint-André",9,16799,18496.6534668338,415.08590894348,484.455716992267,188.628162981529,0.233594487059232,0.101056816883967
"METHOD_F+meteo_l0.10","aosta","Aosta",9,121478,120154.774530941,966.039195226528,1156.16509176729,-147.025052117715,0.0680151185013222,-0.0108927169451213
"METHOD_F+meteo_l0.10","arnad","Arnad",9,3474,2906.07494282852,73.8878649894297,93.3516431004349,-63.1027841301648,0.208264727613805,-0.163478715363121
"METHOD_F+meteo_l0.10","arvier","Arvier",9,8747,9868.53392555404,158.47633817691,215.865815736973,124.614880617116,0.189698508850174,0.128219266669034
"METHOD_F+meteo_l0.10","avise","Avise",9,916,995.390938848988,17.3952586684637,21.215897459535,8.82121542766527,0.174854374536341,0.0866713306211654
"METHOD_F+meteo_l0.10","ayas","Ayas",9,66587,71280.8634578018,1255.07036026818,1511.89960514312,521.5403842002,0.224843400336161,0.0704921900341179
"METHOD_F+meteo_l0.10","aymavilles","Aymavilles",9,5712,5431.15693670037,81.9801371520254,114.221171741534,-31.2047848110705,0.139701164138105,-0.0491672029586194
"METHOD_F+meteo_l0.10","bard","Bard",9,6889,5344.63375941038,212.315180218173,237.666853299373,-171.596248954402,0.307010179215552,-0.224178580431067
"METHOD_F+meteo_l0.10","bionaz","Bionaz",9,8769,8549.01080147122,184.257150504606,277.515339413205,-24.4432442809758,0.224676490499341,-0.0250871477396263
"METHOD_F+meteo_l0.10","brissogne","Brissogne",9,365,540.318410724699,19.4798234138555,23.0197681526396,19.4798234138555,0.501629504485596,0.480324412944381
"METHOD_F+meteo_l0.10","brusson","Brusson",9,24069,25157.7425732973,343.12314404018,404.738618706837,120.971397033036,0.161629651950366,0.0452342254891072
"METHOD_F+meteo_l0.10","challand saint anselme","Challand-Saint-Anselme",9,4865,5070.29692386201,77.9782024983796,99.9906259338926,22.8107693180012,0.139049117388482,0.042198751050773
"METHOD_F+meteo_l0.10","challand saint victor","Challand-Saint-Victor",9,341,713.239277517881,41.359919724209,48.3517526374698,41.359919724209,2.04163263360028,1.09161078450991
"METHOD_F+meteo_l0.10","chambave","Chambave",9,1334,1054.42882696327,32.0846129148611,40.1552296260948,-31.0634636707481,0.193106349589974,-0.209573592981059
"METHOD_F+meteo_l0.10","chamois","Chamois",9,3080,3768.81695731625,79.8165732604417,110.431192194387,76.5352174795836,0.273144525089948,0.223641869258524
"METHOD_F+meteo_l0.10","champdepraz","Champdepraz",9,2921,2280.25348755335,95.4611893343174,107.97481127467,-71.194056938517,0.280596672264542,-0.219358614326139
"METHOD_F+meteo_l0.10","champorcher","Champorcher",9,5002,6025.89129466626,184.631664310278,229.434192285576,113.765699407362,0.424170459664987,0.2046963803811
"METHOD_F+meteo_l0.10","charvensod","Charvensod",9,19464,19683.535796511,217.132233608833,246.04688991393,24.3928662789978,0.102163559991873,0.0112790688712998
"METHOD_F+meteo_l0.10","chatillon","Châtillon",9,25773,27847.4629813523,304.697950964694,378.042242966033,230.495886816926,0.11471287047878,0.0804897753987635
"METHOD_F+meteo_l0.10","cogne","Cogne",9,62861,53174.9781168024,1601.34029079152,3260.50374660828,-1076.22465368862,0.187663734599404,-0.154086347388644
"METHOD_F+meteo_l0.10","courmayeur","Courmayeur",9,231129,233524.10895522,1385.53210051744,1751.66212144236,266.123217246611,0.104577121393366,0.0103626501011102
"METHOD_F+meteo_l0.10","donnas","Donnas",9,2348,2154.6312728785,39.2626880880091,45.8649469694092,-21.4854141246115,0.168758735299011,-0.0823546537996182
"METHOD_F+meteo_l0.10","doues","Doues",9,2301,2356.0229563995,89.664185763666,126.735779750606,6.11366182216689,0.388913292928241,0.0239126277268588
"METHOD_F+meteo_l0.10","emarese","Emarèse",9,403,324.448995368534,13.4758422991872,17.9127119561553,-8.72788940349626,1.05388676822511,-0.194915644246815
"METHOD_F+meteo_l0.10","etroubles","Etroubles",9,13645,14289.554553913,199.529605575835,230.846085855951,71.6171726569948,0.17790492468423,0.0472374169228987
"METHOD_F+meteo_l0.10","fenis","Fénis",9,7013,7185.0069386352,108.904297521923,133.762327535557,19.1118820705779,0.202597933718647,0.0245268699037789
"METHOD_F+meteo_l0.10","fontainemore","Fontainemore",9,1900,2132.6824320677,55.1960968538368,86.9830417251947,25.8536035630775,0.474277128014999,0.122464437930367
"METHOD_F+meteo_l0.10","gaby","Gaby",9,5410,5932.69012114146,62.2777939553973,81.9177686147554,58.0766801268289,0.122584478017259,0.096615549194355
"METHOD_F+meteo_l0.10","gignod","Gignod",9,7182,7002.68521462999,56.3929099334488,78.5285356104598,-19.9238650411122,0.123897788314986,-0.0249672494249526
"METHOD_F+meteo_l0.10","gressan","Gressan",9,36832,36814.4271188519,668.258025594815,851.99112923396,-1.95254234978646,0.165829007768534,-0.000477109066791929
"METHOD_F+meteo_l0.10","gressoney la trinite","Gressoney-La-Trinité",9,60507,55584.7078553208,892.858105740271,1045.94501223824,-546.921349408798,0.229786831050381,-0.0813507882506021
"METHOD_F+meteo_l0.10","gressoney saint jean","Gressoney-Saint-Jean",9,29157,28301.3426458958,487.748590385097,523.559262165262,-95.0730393449071,0.201979392786696,-0.0293465498543803
"METHOD_F+meteo_l0.10","hone","Hône",9,1030,979.210031278486,18.0339575778807,23.9341166190043,-5.64332985794605,0.210077927130103,-0.0493106492441888
"METHOD_F+meteo_l0.10","introd","Introd",9,4684,4818.85432152359,62.9039366199726,68.0549217830954,14.9838135026207,0.150651024488649,0.0287904187710476
"METHOD_F+meteo_l0.10","issime","Issime",9,851,703.396322266316,17.0667159992806,25.2830127868849,-16.400408637076,0.179623531666608,-0.17344732988682
"METHOD_F+meteo_l0.10","issogne","Issogne",9,561,294.308238118349,31.2743537825451,37.6195410111981,-29.6324179868501,0.500203219399637,-0.475386384815777
"METHOD_F+meteo_l0.10","jovencan","Jovençan",9,5539,5734.78106880104,93.3549685818555,123.427037048869,21.7534520890044,0.1538430600487,0.0353459232354287
"METHOD_F+meteo_l0.10","la magdeleine","La Magdeleine",9,979,830.486724127366,28.3165699078232,49.07831394885,-16.5014750969594,0.271196313042231,-0.151698953904632
"METHOD_F+meteo_l0.10","la salle","La Salle",9,20341,19061.1417888842,393.860640494243,458.513449097,-142.206467901752,0.180310832926098,-0.062920122467714
"METHOD_F+meteo_l0.10","la thuile","La Thuile",9,63799,62690.7632404813,813.023112699826,1001.86273761447,-123.137417724298,0.22629809139057,-0.0173707543929949
"METHOD_F+meteo_l0.10","lillianes","Lillianes",9,1777,2179.1116618852,45.1067388083037,77.6185497680929,44.6790735427995,0.279195264378116,0.226286810289924
"METHOD_F+meteo_l0.10","montjovet","Montjovet",9,4725,5446.64371780846,155.224426825225,181.416174681418,80.1826353120511,0.393140974232442,0.152728829165812
"METHOD_F+meteo_l0.10","morgex","Morgex",9,13505,13189.1596711077,100.871509310078,110.938060001207,-35.0933698769172,0.0825152084370054,-0.0233869180964276
"METHOD_F+meteo_l0.10","nus","Nus",9,13998,12091.9119966124,221.993133717141,255.165556912669,-211.78755593196,0.139924201934807,-0.136168595755653
"METHOD_F+meteo_l0.10","ollomont","Ollomont",9,861,1380.34257531261,70.4269080823406,128.577032604066,57.7047305902902,1.13394569439069,0.603185337180734
"METHOD_F+meteo_l0.10","oyace","Oyace",9,65,49.7308183692467,5.5873323847832,7.63888066494208,-1.69657573675037,0.536524187496381,-0.234910486626974
"METHOD_F+meteo_l0.10","perloz","Perloz",9,884,1063.0936733034,31.0721766672998,33.5783597196042,19.8992970337112,0.36699012546366,0.202594653058146
"METHOD_F+meteo_l0.10","pollein","Pollein",9,28775,31221.799819587,404.485884240781,590.056547824747,271.866646620774,0.154871545150123,0.0850321396902508
"METHOD_F+meteo_l0.10","pont saint martin","Pont-Saint-Martin",9,6102,6604.14523876184,77.3375083985005,90.4611679814081,55.7939154179823,0.125368770469715,0.0822919106459915
"METHOD_F+meteo_l0.10","pontboset","Pontboset",9,1991,1785.35397730248,33.1277701337057,40.5735433343737,-22.8495580775019,0.171756846700762,-0.103287806477909
"METHOD_F+meteo_l0.10","pontey","Pontey",9,919,1129.75203407967,29.7268299001529,37.3617265004158,23.416892675519,0.483354375313912,0.229327567007259
"METHOD_F+meteo_l0.10","pre saint didier","Pré-Saint-Didier",9,46900,49230.8135678527,448.709486885133,564.063776905693,258.97928531697,0.0821304780555295,0.0496975174382246
"METHOD_F+meteo_l0.10","quart","Quart",9,7286,6716.03144435724,76.547068607275,96.8641361727726,-63.3298395158624,0.0859839394198244,-0.0782279104642823
"METHOD_F+meteo_l0.10","rhemes notre dame","Rhêmes-Notre-Dame",9,8492,9094.03782859099,285.247518223267,349.399410978335,66.8930920656659,0.300724229399916,0.0708947042617748
"METHOD_F+meteo_l0.10","rhemes saint georges","Rhêmes-Saint-Georges",9,4726,4931.97536041915,113.878514881809,152.27758411278,22.8861511576829,0.597653430003948,0.0435834448622822
"METHOD_F+meteo_l0.10","roisan","Roisan",9,1305,1309.42170507499,35.4397166734369,42.3144094440986,0.491300563887345,0.27885950697311,0.0033882797509473
"METHOD_F+meteo_l0.10","saint christophe","Saint-Christophe",9,7085,5581.23397196447,186.427200365185,206.361219555123,-167.08511422617,0.231913113718128,-0.2122464400897
"METHOD_F+meteo_l0.10","saint denis","Saint-Denis",9,401,496.869704259658,36.0975381788197,41.7582161929539,10.6521893621843,1.6214993044445,0.239076569226081
"METHOD_F+meteo_l0.10","saint marcel","Saint-Marcel",9,1071,879.609005792103,21.2656660230996,25.5301546328725,-21.2656660230996,0.218980889334322,-0.178703075824367
"METHOD_F+meteo_l0.10","saint nicolas","Saint-Nicolas",9,3251,4365.60655762053,178.954286089578,254.527403536077,123.845173068948,0.527399073168197,0.342850371461252
"METHOD_F+meteo_l0.10","saint oyen","Saint-Oyen",9,3658,4178.51106452074,107.109790071836,134.079223516379,57.8345627245271,0.310634632418987,0.142293894073467
"METHOD_F+meteo_l0.10","saint pierre","Saint-Pierre",9,8448,11596.6473793617,349.849708817971,389.360501535849,349.849708817971,0.371527271681199,0.372709206837327
"METHOD_F+meteo_l0.10","saint rhemy en bosses","Saint-Rhémy-en-Bosses",9,6294,5785.05697528549,104.893079953585,150.543722389012,-56.5492249682785,0.201100758852349,-0.0808616181624573
"METHOD_F+meteo_l0.10","saint vincent","Saint-Vincent",9,59218,62526.5339801151,700.155217064002,953.644082330554,367.614886679453,0.107982259732814,0.0558704106878834
"METHOD_F+meteo_l0.10","sarre","Sarre",9,26239,23403.179743702,715.697109907799,1299.30581868372,-315.09113958867,0.246674340511697,-0.108076537074509
"METHOD_F+meteo_l0.10","torgnon","Torgnon",9,14102,14108.401352909,185.673475070445,209.77395255694,0.711261434337931,0.186194173148373,0.000453932272659249
"METHOD_F+meteo_l0.10","valgrisenche","Valgrisenche",9,10192,11988.2020229139,265.586508284348,450.892794138543,199.578002545992,0.212484885342409,0.17623646221683
"METHOD_F+meteo_l0.10","valpelline","Valpelline",9,4900,4421.66416873354,179.127113958522,337.150223066703,-53.1484256962731,0.257075911875467,-0.0976195574013179
"METHOD_F+meteo_l0.10","valsavarenche","Valsavarenche",9,25334,33044.9553888646,937.711017849,1524.71705809234,856.772820984961,0.261556509243035,0.304371808197073
"METHOD_F+meteo_l0.10","valtournenche","Valtournenche",9,135375,131872.211165179,2738.7793834623,3149.49382971075,-389.198759424544,0.1984900777501,-0.0258747097678366
"METHOD_F+meteo_l0.10","verrayes","Verrayes",9,3739,4224.04058262883,116.204173365087,129.325027309638,53.89339806987,0.345573255586355,0.129724681098911
"METHOD_F+meteo_l0.10","verres","Verrès",9,1870,1735.21479772271,49.4553437659923,55.8427072935349,-14.9761335863658,0.3010275588241,-0.0720776482766266
"METHOD_F+meteo_l0.10","villeneuve","Villeneuve",9,2581,3168.59925103957,111.454660323574,152.81420625172,65.288805671063,0.519451109640754,0.227663406059499
"METHOD_F_expw_median_3yr","allein","Allein",9,221,355.316767336796,19.5481013831923,31.1057919003911,14.924085259644,1.13233894285862,0.60776817799455
"METHOD_F_expw_median_3yr","antey saint andre","Antey-Saint-André",9,16799,18838.3731526977,424.36717492495,501.777494794203,226.597016966407,0.233366596139955,0.121398485189455
"METHOD_F_expw_median_3yr","aosta","Aosta",9,121478,121607.7379799,650.714511399355,816.318873470008,14.4153310999888,0.0462440723372861,0.00106799568563775
"METHOD_F_expw_median_3yr","arnad","Arnad",9,3474,2902.5109333007,75.7524376736284,96.0851556248697,-63.4987851888106,0.210897823710359,-0.164504624841478
"METHOD_F_expw_median_3yr","arvier","Arvier",9,8747,9808.010235428,152.743716070526,195.035118523731,117.890026158667,0.206978398249249,0.121299901157883
"METHOD_F_expw_median_3yr","avise","Avise",9,916,1007.9399576232,17.7079191755608,22.4345508509386,10.2155508470226,0.171468450932772,0.100371132776423
"METHOD_F_expw_median_3yr","ayas","Ayas",9,66587,71437.5609626333,1238.23961808291,1451.11733696959,538.95121807037,0.214060683433174,0.0728454647699
"METHOD_F_expw_median_3yr","aymavilles","Aymavilles",9,5712,5507.03805829153,83.3503937233968,111.060810935967,-22.7735490787184,0.142757963845731,-0.035882692876132
"METHOD_F_expw_median_3yr","bard","Bard",9,6889,5390.59511525206,204.775696374389,230.787653114158,-166.489431638659,0.298322086463493,-0.217506878320211
"METHOD_F_expw_median_3yr","bionaz","Bionaz",9,8769,8066.13948074414,171.063328807686,231.25173019317,-78.095613250651,0.222554050120008,-0.0801528702538327
"METHOD_F_expw_median_3yr","brissogne","Brissogne",9,365,554.059407699227,21.0066008554697,24.8198163680421,21.0066008554697,0.529341522864832,0.517970979997883
"METHOD_F_expw_median_3yr","brusson","Brusson",9,24069,25555.4430337224,348.535337653698,421.194790289371,165.160337080263,0.163084442137426,0.0617575733816265
"METHOD_F_expw_median_3yr","challand saint anselme","Challand-Saint-Anselme",9,4865,5038.84663152512,78.3301641440365,94.1849291891946,19.3162923916798,0.148555854384212,0.0357341483093768
"METHOD_F_expw_median_3yr","challand saint victor","Challand-Saint-Victor",9,341,714.046069579174,41.4495632865749,46.7455113220692,41.4495632865749,2.01475881000456,1.09397674363394
"METHOD_F_expw_median_3yr","chambave","Chambave",9,1334,1060.69516741796,31.6782688917022,38.8223663421824,-30.3672036202266,0.19302786107175,-0.204876186343358
"METHOD_F_expw_median_3yr","chamois","Chamois",9,3080,3719.71898288338,76.5470263974607,109.759631550537,71.0798869870422,0.277877643392469,0.20770096846863
"METHOD_F_expw_median_3yr","champdepraz","Champdepraz",9,2921,2305.11063633442,97.8653701233816,108.818506159421,-68.4321515183982,0.289350520950045,-0.210848806458604
"METHOD_F_expw_median_3yr","champorcher","Champorcher",9,5002,6099.78077653301,192.473983438107,243.831124004123,121.975641837001,0.443192865825393,0.219468367959418
"METHOD_F_expw_median_3yr","charvensod","Charvensod",9,19464,19942.163463582,201.747981647957,239.60323688613,53.1292737313338,0.0922353041296832,0.0245665569041309
"METHOD_F_expw_median_3yr","chatillon","Châtillon",9,25773,28046.6709068765,316.181673517537,365.238846236938,252.630100764053,0.117838900808154,0.08821910165198
"METHOD_F_expw_median_3yr","cogne","Cogne",9,62861,53366.2982623729,1662.08481766252,3263.7648166594,-1054.96685973634,0.194521141065616,-0.151042804562878
"METHOD_F_expw_median_3yr","courmayeur","Courmayeur",9,231129,231600.475738657,1950.00403804773,2245.07451671547,52.3861931840748,0.130914310070699,0.00203988135914004
"METHOD_F_expw_median_3yr","donnas","Donnas",9,2348,2109.8563828976,37.8424174513756,49.2676606174795,-26.4604019002662,0.152579667229342,-0.101424027726744
"METHOD_F_expw_median_3yr","doues","Doues",9,2301,2351.89843736746,92.1579927229871,129.540818534095,5.65538192971812,0.414721865454665,0.0221201379258857
"METHOD_F_expw_median_3yr","emarese","Emarèse",9,403,321.725648468207,13.6925523864663,18.1041005290377,-9.03048350353251,1.03785777585382,-0.201673328863009
"METHOD_F_expw_median_3yr","etroubles","Etroubles",9,13645,13833.3457747532,173.01410617829,208.921079926974,20.9273083059122,0.181008063377206,0.0138032814036798
"METHOD_F_expw_median_3yr","fenis","Fénis",9,7013,7269.78600306552,116.610677381031,147.876770082283,28.5317781183906,0.218249493034205,0.0366157141117233
"METHOD_F_expw_median_3yr","fontainemore","Fontainemore",9,1900,2014.78247055896,46.0110682415667,67.8028410609499,12.7536078398841,0.49679608356298,0.0604118266099774
"METHOD_F_expw_median_3yr","gaby","Gaby",9,5410,6024.17220021425,72.3116194244348,89.3841745506165,68.2413555793608,0.138555861440404,0.113525360483225
"METHOD_F_expw_median_3yr","gignod","Gignod",9,7182,7072.94480782309,54.9011248662339,77.4646037127071,-12.1172435752117,0.130967755395068,-0.0151845157584107
"METHOD_F_expw_median_3yr","gressan","Gressan",9,36832,37871.7023305118,657.171252127709,859.620747513672,115.522481167975,0.177723836169912,0.0282282344296203
"METHOD_F_expw_median_3yr","gressoney la trinite","Gressoney-La-Trinité",9,60507,54722.2184563458,1140.9518009783,1354.12613112947,-642.75350485047,0.259542563204988,-0.0956051621077599
"METHOD_F_expw_median_3yr","gressoney saint jean","Gressoney-Saint-Jean",9,29157,28817.5777158438,451.13031884918,504.563701831757,-37.7135871284704,0.19059127778421,-0.0116411936809765
"METHOD_F_expw_median_3yr","hone","Hône",9,1030,978.472775601864,19.1230219959734,24.6267915364401,-5.7252471553484,0.217429014065737,-0.0500264314545007
"METHOD_F_expw_median_3yr","introd","Introd",9,4684,4844.89490969343,66.0824567909249,71.7225388795721,17.8772121881587,0.159275593063494,0.034349895323106
"METHOD_F_expw_median_3yr","issime","Issime",9,851,711.341132782781,16.1898695117223,24.8040469392062,-15.5176519130243,0.168740664417279,-0.164111477341033
"METHOD_F_expw_median_3yr","issogne","Issogne",9,561,293.151058111046,31.1072662145363,37.839988008156,-29.7609935432172,0.484308543620586,-0.477449094276211
"METHOD_F_expw_median_3yr","jovencan","Jovençan",9,5539,5814.5842906196,99.8068881422568,123.548112567314,30.6204767355112,0.164372773128495,0.0497534375554434
"METHOD_F_expw_median_3yr","la magdeleine","La Magdeleine",9,979,826.905984074044,28.8651236462421,49.5667858383627,-16.8993351028839,0.273006638353277,-0.155356502477993
"METHOD_F_expw_median_3yr","la salle","La Salle",9,20341,19528.0122211285,388.114176700508,429.590530009285,-90.3319754301673,0.176571107098027,-0.039967935640898
"METHOD_F_expw_median_3yr","la thuile","La Thuile",9,63799,63418.0671441822,686.227345972213,828.108673424948,-42.325872868644,0.206973391209153,-0.00597082800385265
"METHOD_F_expw_median_3yr","lillianes","Lillianes",9,1777,2081.10545894382,33.9688598226685,58.1784083563953,33.7894954382019,0.280634012593521,0.171134191864838
"METHOD_F_expw_median_3yr","montjovet","Montjovet",9,4725,5508.53307943697,156.796562546087,181.265224800962,87.0592310485521,0.393652322786778,0.165827106759147
"METHOD_F_expw_median_3yr","morgex","Morgex",9,13505,13430.3674202405,96.8729568001888,105.391236619076,-8.29250886217017,0.0804525933976093,-0.00552629246645916
"METHOD_F_expw_median_3yr","nus","Nus",9,13998,12228.572590635,203.19178713774,234.381702522806,-196.603045484997,0.130554789955833,-0.126405730058935
"METHOD_F_expw_median_3yr","ollomont","Ollomont",9,861,1223.9324153081,53.0506978276995,91.8064107504427,40.3258239231222,1.1642615717708,0.421524291879326
"METHOD_F_expw_median_3yr","oyace","Oyace",9,65,51.4637205719389,5.36772891167913,7.47254881639807,-1.50403104756234,0.513728803705841,-0.208250452739401
"METHOD_F_expw_median_3yr","perloz","Perloz",9,884,1066.02482748173,31.118461327445,34.1969250219065,20.2249808313028,0.381619542928231,0.205910438327743
"METHOD_F_expw_median_3yr","pollein","Pollein",9,28775,31692.8105765679,376.963763814454,554.738822931311,324.201175174209,0.144445511670677,0.101400888846842
"METHOD_F_expw_median_3yr","pont saint martin","Pont-Saint-Martin",9,6102,6677.57002946293,80.5791646986753,90.2800044781102,63.9522254958814,0.131516764672395,0.0943248163656069
"METHOD_F_expw_median_3yr","pontboset","Pontboset",9,1991,1765.13532163466,32.1205509458671,41.6395518869901,-25.0960753739264,0.171294201106482,-0.113442831926337
"METHOD_F_expw_median_3yr","pontey","Pontey",9,919,1122.51865653382,28.4165272140777,36.8156227574433,22.6131840593134,0.471064719551102,0.221456644759326
"METHOD_F_expw_median_3yr","pre saint didier","Pré-Saint-Didier",9,46900,50015.9998675985,453.32391250711,508.219714683831,346.222207510941,0.0860641527622734,0.0664392295863213
"METHOD_F_expw_median_3yr","quart","Quart",9,7286,6814.21188452637,58.2075431684922,74.3997152499295,-52.4209017192925,0.0653871742280466,-0.0647526922143333
"METHOD_F_expw_median_3yr","rhemes notre dame","Rhêmes-Notre-Dame",9,8492,9276.36759400717,299.9407950806,370.086250732189,87.151954889685,0.321157480822236,0.0923654726810134
"METHOD_F_expw_median_3yr","rhemes saint georges","Rhêmes-Saint-Georges",9,4726,4639.29725130353,88.1581802512568,131.689695884872,-9.63363874405187,0.606934110419228,-0.0183459053526168
"METHOD_F_expw_median_3yr","roisan","Roisan",9,1305,1289.38239499786,37.3715393854833,45.4068094361271,-1.73528944468188,0.292622526482303,-0.0119675134115992
"METHOD_F_expw_median_3yr","saint christophe","Saint-Christophe",9,7085,5669.79055166225,171.21672969973,195.616749996703,-157.24549425975,0.214388689882641,-0.199747275700459
"METHOD_F_expw_median_3yr","saint denis","Saint-Denis",9,401,493.008911004908,35.1387407756137,40.4910394833119,10.2232123338787,1.60221426136404,0.229448655872589
"METHOD_F_expw_median_3yr","saint marcel","Saint-Marcel",9,1071,890.060676493754,20.1043692784718,24.844213015044,-20.1043692784718,0.208528184111177,-0.168944279651023
"METHOD_F_expw_median_3yr","saint nicolas","Saint-Nicolas",9,3251,4443.66828923568,183.062739433249,261.575764102187,132.518698803964,0.540603368547018,0.366861977617865
"METHOD_F_expw_median_3yr","saint oyen","Saint-Oyen",9,3658,4157.41225139882,107.552418008519,131.405126389746,55.4902501554243,0.307728391016251,0.136526039201427
"METHOD_F_expw_median_3yr","saint pierre","Saint-Pierre",9,8448,11803.932431278,372.88138125311,423.896582936443,372.88138125311,0.390663924321463,0.397245789687262
"METHOD_F_expw_median_3yr","saint rhemy en bosses","Saint-Rhémy-en-Bosses",9,6294,5739.18409148192,122.555064155007,172.445756700132,-61.6462120575643,0.217165458616894,-0.08814996957707
"METHOD_F_expw_median_3yr","saint vincent","Saint-Vincent",9,59218,61892.1010256482,639.977083752695,889.869633026192,297.122336183136,0.0993102088899113,0.0451568952961638
"METHOD_F_expw_median_3yr","sarre","Sarre",9,26239,23458.0070873794,741.804710785406,1317.03251927846,-308.999212513401,0.269912533359538,-0.105987000747765
"METHOD_F_expw_median_3yr","torgnon","Torgnon",9,14102,14207.1754251586,157.392904285914,190.527573761894,11.6861583509562,0.168393967785632,0.00745819211165836
"METHOD_F_expw_median_3yr","valgrisenche","Valgrisenche",9,10192,11538.7476539198,199.873265414106,334.155578218433,149.638628213312,0.182336774616119,0.132137721145978
"METHOD_F_expw_median_3yr","valpelline","Valpelline",9,4900,4303.95112442159,178.979869484706,334.674892053959,-66.2276528420453,0.281190288072873,-0.121642627669063
"METHOD_F_expw_median_3yr","valsavarenche","Valsavarenche",9,25334,29011.9820943049,521.47153737717,836.824301591836,408.664677144993,0.219027974711317,0.145179683204584
"METHOD_F_expw_median_3yr","valtournenche","Valtournenche",9,135375,132834.433439115,1984.92799161057,2396.46779961531,-282.285173431702,0.15386087997976,-0.0187668813361796
"METHOD_F_expw_median_3yr","verrayes","Verrayes",9,3739,4215.74867582494,111.330301485655,121.377978325199,52.9720750916597,0.32750201037411,0.127507000755533
"METHOD_F_expw_median_3yr","verres","Verrès",9,1870,1747.4450933367,49.3865223311644,56.2946815759798,-13.6172118514777,0.30227943333235,-0.0655373832424059
"METHOD_F_expw_median_3yr","villeneuve","Villeneuve",9,2581,3175.61125924584,110.248829110503,151.819423512162,66.0679176939825,0.511467761233801,0.230380185682233
"METHOD_G+meteo_l0.10","allein","Allein",9,221,353.614425286601,19.0094720222945,30.8889578670161,14.7349361429557,1.07123962888547,0.600065272790052
"METHOD_G+meteo_l0.10","antey saint andre","Antey-Saint-André",9,16799,18578.4957660149,346.221905637374,403.265536329612,197.721751779434,0.194613207116473,0.10592867230281
"METHOD_G+meteo_l0.10","aosta","Aosta",9,121478,113284.403296393,1256.20619709205,1632.93113074413,-910.399633734154,0.0813205902642858,-0.0674492229342546
"METHOD_G+meteo_l0.10","arnad","Arnad",9,3474,3331.73565969001,42.1015031336811,49.416842990944,-15.8071489233319,0.130739967171114,-0.0409511630138133
"METHOD_G+meteo_l0.10","arvier","Arvier",9,8747,9503.85423178221,130.637750408987,204.934558036048,84.0949146424683,0.159299831629438,0.0865272929898495
"METHOD_G+meteo_l0.10","avise","Avise",9,916,998.344180022685,17.4164631948967,21.4875323240585,9.14935333585388,0.172082346333253,0.0898953930378656
"METHOD_G+meteo_l0.10","ayas","Ayas",9,66587,72116.7087340936,1207.13108477465,1498.32074691773,614.412081565953,0.199371547300855,0.0830448696306123
"METHOD_G+meteo_l0.10","aymavilles","Aymavilles",9,5712,5083.43047065694,72.0575266011368,113.80607935719,-69.841058815895,0.115216973114413,-0.110043685109078
"METHOD_G+meteo_l0.10","bard","Bard",9,6889,5301.86935133399,199.977199213631,241.564400772537,-176.347849851779,0.256948114168689,-0.230386216964147
"METHOD_G+meteo_l0.10","bionaz","Bionaz",9,8769,8409.41054177697,129.492930502612,185.107953940559,-39.954384247003,0.173605294527713,-0.0410068945402015
"METHOD_G+meteo_l0.10","brissogne","Brissogne",9,365,529.574227681354,18.2860252979282,20.7065704585089,18.2860252979282,0.532042696450244,0.450888295017407
"METHOD_G+meteo_l0.10","brusson","Brusson",9,24069,24308.356572088,250.831793419451,337.932406973557,26.5951746764404,0.132506909653492,0.00994459977929965
"METHOD_G+meteo_l0.10","challand saint anselme","Challand-Saint-Anselme",9,4865,5115.01988860469,82.5849427272437,101.892473406642,27.7799876227432,0.151295132236179,0.0513915495590315
"METHOD_G+meteo_l0.10","challand saint victor","Challand-Saint-Victor",9,341,714.188775418292,41.4654194909214,48.4309359267381,41.4654194909214,2.04388837801437,1.09439523583077
"METHOD_G+meteo_l0.10","chambave","Chambave",9,1334,1090.59581243471,28.2329907677651,39.4260064459238,-27.0449097294764,0.162466642463787,-0.182461909719106
"METHOD_G+meteo_l0.10","chamois","Chamois",9,3080,4192.47978868706,123.608865409674,156.160959949212,123.608865409674,1.45239999057141,0.361194736586709
"METHOD_G+meteo_l0.10","champdepraz","Champdepraz",9,2921,2133.8969945093,108.982578606675,120.162906198269,-87.4558894989672,0.348884929830078,-0.269463541763336
"METHOD_G+meteo_l0.10","champorcher","Champorcher",9,5002,6001.7077393951,202.638805453285,269.846572545796,111.078637710567,0.48156418035194,0.199861603237726
"METHOD_G+meteo_l0.10","charvensod","Charvensod",9,19464,19464.3957173709,211.912648616429,243.416053352135,0.0439685967709112,0.0991510105381743,2.03307321690637e-05
"METHOD_G+meteo_l0.10","chatillon","Châtillon",9,25773,28225.2281834564,308.041374979448,371.781552409388,272.46979816182,0.116348601760571,0.09514717663665
"METHOD_G+meteo_l0.10","cogne","Cogne",9,62861,59751.302000452,1129.50256112698,1788.1191685872,-345.521999949773,0.142887934613275,-0.0494694325503564
"METHOD_G+meteo_l0.10","courmayeur","Courmayeur",9,231129,232410.803605335,2064.11916545745,2463.62054055149,142.422622815025,0.119713333217932,0.0055458363309461
"METHOD_G+meteo_l0.10","donnas","Donnas",9,2348,2166.10913981725,35.6376766902604,44.3877101714666,-20.2100955758617,0.174208595176124,-0.0774662947967439
"METHOD_G+meteo_l0.10","doues","Doues",9,2301,2187.47209406097,60.1963137820076,88.4409656424174,-12.6142117710033,0.203178591647868,-0.0493385075788916
"METHOD_G+meteo_l0.10","emarese","Emarèse",9,403,387.901806494871,17.9008270388303,20.2418967578471,-1.67757705612543,1.40562708897882,-0.0374645000127268
"METHOD_G+meteo_l0.10","etroubles","Etroubles",9,13645,14153.6934316294,221.254871872651,307.551016100356,56.5214924032662,0.161715354375948,0.0372805739559835
"METHOD_G+meteo_l0.10","fenis","Fénis",9,7013,7134.51189002185,73.1253712610769,102.883214543261,13.5013211135387,0.14385575911255,0.0173266633426278
"METHOD_G+meteo_l0.10","fontainemore","Fontainemore",9,1900,2210.88867217656,63.1101973367996,94.9935715060178,34.5431857973959,0.524999201927829,0.163625616935033
"METHOD_G+meteo_l0.10","gaby","Gaby",9,5410,6136.61558796205,85.0670681132465,114.469306652788,80.7350653291169,0.172772511615268,0.134309720510546
"METHOD_G+meteo_l0.10","gignod","Gignod",9,7182,6673.88610873064,77.0056625446669,95.4133578822863,-56.4570990299288,0.123267966641245,-0.0707482443984069
"METHOD_G+meteo_l0.10","gressan","Gressan",9,36832,35193.8688809742,497.958358543601,623.514122276063,-182.014568780646,0.139470477828032,-0.0444757580100407
"METHOD_G+meteo_l0.10","gressoney la trinite","Gressoney-La-Trinité",9,60507,58856.6576403731,840.235994777009,880.551876313917,-183.371373291876,0.242894335054425,-0.0272752302977653
"METHOD_G+meteo_l0.10","gressoney saint jean","Gressoney-Saint-Jean",9,29157,28797.3345365788,430.674828409825,480.693641727934,-39.9628292690268,0.175559613733009,-0.0123354756463711
"METHOD_G+meteo_l0.10","hone","Hône",9,1030,1262.71497280268,33.8109272418115,36.5059836751574,25.8572192002979,0.476256372023397,0.22593686679872
"METHOD_G+meteo_l0.10","introd","Introd",9,4684,4462.82439162103,57.7394812629993,69.7559846829305,-24.5750675976638,0.122191855436203,-0.0472193869297554
"METHOD_G+meteo_l0.10","issime","Issime",9,851,648.659854828957,24.8478841288445,28.5145100119804,-22.4822383523381,0.260847410895207,-0.237767503138711
"METHOD_G+meteo_l0.10","issogne","Issogne",9,561,286.022086428654,34.6760067131122,41.2242982779687,-30.5531015079273,0.608990051107393,-0.490156708683326
"METHOD_G+meteo_l0.10","jovencan","Jovençan",9,5539,5488.2021782615,68.9999935157998,83.2005404151315,-5.64420241538884,0.119043194970498,-0.00917093730610215
"METHOD_G+meteo_l0.10","la magdeleine","La Magdeleine",9,979,788.048050817355,27.3884943830643,45.6198494492238,-21.2168832425161,0.335573699474771,-0.195047956264193
"METHOD_G+meteo_l0.10","la salle","La Salle",9,20341,20135.5647094796,268.297108932345,298.872198169367,-22.8261433911534,0.124603720586946,-0.0100995669102002
"METHOD_G+meteo_l0.10","la thuile","La Thuile",9,63799,64959.548266199,835.657032201059,911.421518749875,128.949807355444,0.208717548583456,0.0181906968165488
"METHOD_G+meteo_l0.10","lillianes","Lillianes",9,1777,2155.39714628323,46.6929630274443,70.3890328862277,42.0441273648035,0.339505861125296,0.212941556715381
"METHOD_G+meteo_l0.10","montjovet","Montjovet",9,4725,5094.70719607557,178.741164069877,205.846544943501,41.0785773417303,0.39817577489329,0.0782449092223435
"METHOD_G+meteo_l0.10","morgex","Morgex",9,13505,12596.3713991318,126.007342148139,165.899900523657,-100.958733429804,0.0814491478135418,-0.0672809034334125
"METHOD_G+meteo_l0.10","nus","Nus",9,13998,11985.3799267326,234.511650885709,274.188393760364,-223.624452585264,0.149179750119396,-0.143779116535746
"METHOD_G+meteo_l0.10","ollomont","Ollomont",9,861,1191.41331728152,42.541601937643,70.5475538579027,36.7125908090573,0.957317980166493,0.383755304624292
"METHOD_G+meteo_l0.10","oyace","Oyace",9,65,49.4681376505699,5.61523403592145,7.63598302252504,-1.72576248327001,0.541048563549202,-0.23895172845277
"METHOD_G+meteo_l0.10","perloz","Perloz",9,884,1066.08147632852,31.1357374707568,33.6127265319241,20.2312751476135,0.366456352829781,0.205974520733622
"METHOD_G+meteo_l0.10","pollein","Pollein",9,28775,29841.7572830653,267.610515031515,430.789518924868,118.528587007253,0.100419802418321,0.0370723643115647
"METHOD_G+meteo_l0.10","pont saint martin","Pont-Saint-Martin",9,6102,6411.56318154172,57.8537040177008,72.1434525599338,34.3959090601916,0.0824545885875961,0.050731429292318
"METHOD_G+meteo_l0.10","pontboset","Pontboset",9,1991,1692.12464057706,36.312196167774,39.8467154640528,-33.2083732692152,0.227336727053918,-0.150113189062249
"METHOD_G+meteo_l0.10","pontey","Pontey",9,919,1125.44873937551,29.2823707870701,37.1688511253592,22.9387488195016,0.472656543949057,0.224644982998384
"METHOD_G+meteo_l0.10","pre saint didier","Pré-Saint-Didier",9,46900,50680.6327402698,601.028815472277,749.857802221885,420.070304474427,0.117439738698668,0.0806105061891225
"METHOD_G+meteo_l0.10","quart","Quart",9,7286,6424.2613281859,103.665864165395,151.019206864642,-95.7487413126773,0.106907124022668,-0.118273218750219
"METHOD_G+meteo_l0.10","rhemes notre dame","Rhêmes-Notre-Dame",9,8492,8736.57093261895,212.898035211913,251.932407234667,27.1745480687719,0.247433582773485,0.0288001569263952
"METHOD_G+meteo_l0.10","rhemes saint georges","Rhêmes-Saint-Georges",9,4726,4496.47737770615,81.0569819412526,106.088010643951,-25.502513588206,0.500748483680733,-0.0485659378531218
"METHOD_G+meteo_l0.10","roisan","Roisan",9,1305,1314.46424799464,35.4260909542106,42.6511778663189,1.05158311051572,0.276857785679674,0.00725229731390152
"METHOD_G+meteo_l0.10","saint christophe","Saint-Christophe",9,7085,5204.95655459303,210.684531375954,241.107730964374,-208.89371615633,0.256327801666769,-0.265355461595902
"METHOD_G+meteo_l0.10","saint denis","Saint-Denis",9,401,489.641754370532,35.323992337707,40.9774642691559,9.84908381894805,1.5018032364733,0.221051756534994
"METHOD_G+meteo_l0.10","saint marcel","Saint-Marcel",9,1071,875.548974321636,21.7167806309294,25.8022084130544,-21.7167806309294,0.224255346572432,-0.18249395488176
"METHOD_G+meteo_l0.10","saint nicolas","Saint-Nicolas",9,3251,4383.39338853866,180.910230720745,257.116246447163,125.821487615407,0.536183312073266,0.348321559070644
"METHOD_G+meteo_l0.10","saint oyen","Saint-Oyen",9,3658,4018.43864525552,83.5041356981045,94.8071967493223,40.0487383617244,0.27399398669719,0.0985343480742262
"METHOD_G+meteo_l0.10","saint pierre","Saint-Pierre",9,8448,11054.370152413,289.596683601448,307.397815964312,289.596683601448,0.326565079985614,0.308519194177679
"METHOD_G+meteo_l0.10","saint rhemy en bosses","Saint-Rhémy-en-Bosses",9,6294,5682.91578829232,115.850018321688,162.741769289266,-67.8982457452981,0.217840422442842,-0.0970899605509507
"METHOD_G+meteo_l0.10","saint vincent","Saint-Vincent",9,59218,65969.5458317679,934.520802130087,1184.9753414947,750.171759085326,0.144852616467868,0.114011716568745
"METHOD_G+meteo_l0.10","sarre","Sarre",9,26239,21491.007153816,811.622449509983,1419.35022345174,-527.554760687108,0.250244613534655,-0.180951745347916
"METHOD_G+meteo_l0.10","torgnon","Torgnon",9,14102,14148.9757634932,169.909844865379,212.540542164814,5.21952927702304,0.132959636050767,0.00333114192974093
"METHOD_G+meteo_l0.10","valgrisenche","Valgrisenche",9,10192,10678.0515210726,120.937162638703,147.846248450852,54.0057245636181,0.179045834781972,0.0476895134490348
"METHOD_G+meteo_l0.10","valpelline","Valpelline",9,4900,5404.56136596726,110.892664317643,158.227067121537,56.0623739963623,0.334166995354153,0.102971707340257
"METHOD_G+meteo_l0.10","valsavarenche","Valsavarenche",9,25334,30748.3806355902,726.137206228791,1115.35133837066,601.597848398908,0.249485127019616,0.213719927196265
"METHOD_G+meteo_l0.10","valtournenche","Valtournenche",9,135375,133325.190562159,2585.06828165618,2929.96057878224,-227.756604204608,0.206199649706692,-0.0151417132989213
"METHOD_G+meteo_l0.10","verrayes","Verrayes",9,3739,4005.1233849086,100.064636568872,124.271935745534,29.5692649898447,0.310346962288329,0.0711750160226269
"METHOD_G+meteo_l0.10","verres","Verrès",9,1870,1964.30024474647,48.9446466574857,55.9964463726903,10.4778049718296,0.277477157530148,0.0504279383670946
"METHOD_G+meteo_l0.10","villeneuve","Villeneuve",9,2581,3079.06358072751,97.1185773531843,136.17869977236,55.3403978586123,0.455801660295001,0.192973103730148
"METHOD_G_adaptive_winsor","allein","Allein",9,221,352.395688065156,19.2240980217796,30.3182018513371,14.5995208961285,1.12154690076472,0.594550624729214
"METHOD_G_adaptive_winsor","antey saint andre","Antey-Saint-André",9,16799,18917.5992263655,364.960503468157,419.950633438892,235.399914040609,0.204352608888137,0.126114603629113
"METHOD_G_adaptive_winsor","aosta","Aosta",9,121478,114614.17567117,1025.14360222756,1317.31750822052,-762.647147647825,0.0677068333235333,-0.0565026122329181
"METHOD_G_adaptive_winsor","arnad","Arnad",9,3474,3324.12851101784,43.7413608999966,52.0038313016864,-16.6523876646848,0.133147543134788,-0.0431409006857119
"METHOD_G_adaptive_winsor","arvier","Arvier",9,8747,9416.15737552763,108.092985027613,174.523096631448,74.3508195030698,0.15439944636518,0.0765013576686438
"METHOD_G_adaptive_winsor","avise","Avise",9,916,1010.6059584037,17.6965993854779,22.6561622517372,10.5117731559665,0.168802152897264,0.103281613977837
"METHOD_G_adaptive_winsor","ayas","Ayas",9,66587,72273.4706299353,1206.32114257485,1427.42566360515,631.830069992814,0.197502997438717,0.0853991113871375
"METHOD_G_adaptive_winsor","aymavilles","Aymavilles",9,5712,5151.72326714729,68.4886904213104,108.779871626535,-62.2529703169675,0.108415479634022,-0.0980876633145497
"METHOD_G_adaptive_winsor","bard","Bard",9,6889,5339.39218747353,193.540644353432,234.230680696455,-172.178645836274,0.249439249851788,-0.224939441504786
"METHOD_G_adaptive_winsor","bionaz","Bionaz",9,8769,7940.01906521609,120.459526899132,166.651471491978,-92.1089927537674,0.170665211761737,-0.0945354013894295
"METHOD_G_adaptive_winsor","brissogne","Brissogne",9,365,541.760787782914,19.6400875314349,21.8327404117821,19.6400875314349,0.556633231046115,0.484276130912094
"METHOD_G_adaptive_winsor","brusson","Brusson",9,24069,24687.6545586886,273.019250090188,344.020570588019,68.7393954098461,0.14053324656596,0.0257033760724838
"METHOD_G_adaptive_winsor","challand saint anselme","Challand-Saint-Anselme",9,4865,5080.29089819781,79.8723021056639,95.1744802247679,23.9212109108676,0.151150505835635,0.0442530109348014
"METHOD_G_adaptive_winsor","challand saint victor","Challand-Saint-Victor",9,341,714.593713583166,41.5104126203518,46.764971033763,41.5104126203518,2.01495155069504,1.09558273778055
"METHOD_G_adaptive_winsor","chambave","Chambave",9,1334,1096.85971208533,28.6840023762833,38.3399547657847,-26.3489208794075,0.169155663509268,-0.177766332769616
"METHOD_G_adaptive_winsor","chamois","Chamois",9,3080,4145.73845686834,118.415384096483,156.117161930903,118.415384096483,1.62521362459361,0.346018979502709
"METHOD_G_adaptive_winsor","champdepraz","Champdepraz",9,2921,2158.44141138591,108.095855534924,120.563218460937,-84.7287320682319,0.346389196521304,-0.261060797197565
"METHOD_G_adaptive_winsor","champorcher","Champorcher",9,5002,6082.02645319432,210.179471222242,285.918054145408,120.002939243813,0.500359185329916,0.215918923069635
"METHOD_G_adaptive_winsor","charvensod","Charvensod",9,19464,19715.9870978096,197.258086838272,239.44953094232,27.9985664232888,0.0894288795281113,0.0129463161636663
"METHOD_G_adaptive_winsor","chatillon","Châtillon",9,25773,28425.92195282,334.538031129558,371.757133857471,294.769105868891,0.123613677870143,0.102934154068988
"METHOD_G_adaptive_winsor","cogne","Cogne",9,62861,59974.8009288518,1178.94608779552,1800.05515214764,-320.688785683138,0.148877227026751,-0.0459139859554928
"METHOD_G_adaptive_winsor","courmayeur","Courmayeur",9,231129,230508.239715919,2634.94211696498,2998.06059893258,-68.9733648979109,0.141756195053681,-0.00268577410918227
"METHOD_G_adaptive_winsor","donnas","Donnas",9,2348,2118.85054809602,38.4874964020403,47.4458257550743,-25.4610502115536,0.171151425537041,-0.0975934633321902
"METHOD_G_adaptive_winsor","doues","Doues",9,2301,2167.90291532816,61.2468424170378,88.455227368292,-14.788564963538,0.206993616163413,-0.0578431484884146
"METHOD_G_adaptive_winsor","emarese","Emarèse",9,403,384.522558866755,17.9739408957087,20.3433545476478,-2.05304901480496,1.38250253004838,-0.0458497298591678
"METHOD_G_adaptive_winsor","etroubles","Etroubles",9,13645,13618.7188203934,183.217225954634,225.532852418308,-2.92013106739665,0.146392771141394,-0.00192606666226242
"METHOD_G_adaptive_winsor","fenis","Fénis",9,7013,7207.13662852453,81.2044814021981,113.843543079034,21.5707365027258,0.159764309141005,0.0276823939148057
"METHOD_G_adaptive_winsor","fontainemore","Fontainemore",9,1900,2080.73831328564,50.1249121080016,71.0312778172215,20.0820348095152,0.511964046097472,0.0951254280450719
"METHOD_G_adaptive_winsor","gaby","Gaby",9,5410,6231.02127761859,94.3085857827875,123.637278615879,91.2245864020655,0.188391259380359,0.15175994041009
"METHOD_G_adaptive_winsor","gignod","Gignod",9,7182,6726.78699376204,68.2339307129703,86.4584622352666,-50.5792229153293,0.110789411511771,-0.0633824848563024
"METHOD_G_adaptive_winsor","gressan","Gressan",9,36832,36197.1831944163,467.740049550428,578.637182995784,-70.5352006204144,0.1274962855751,-0.0172354693088545
"METHOD_G_adaptive_winsor","gressoney la trinite","Gressoney-La-Trinité",9,60507,57934.0459688654,1054.5098044892,1200.71963183586,-285.88378123718,0.261869795899552,-0.0425232457589142
"METHOD_G_adaptive_winsor","gressoney saint jean","Gressoney-Saint-Jean",9,29157,29311.9763011002,392.781392474164,458.835466067721,17.2195890111328,0.163626941313169,0.00531523480125514
"METHOD_G_adaptive_winsor","hone","Hône",9,1030,1263.70456371878,33.8010740949207,37.0729447745242,25.967173746531,0.495119429229586,0.226897634678427
"METHOD_G_adaptive_winsor","introd","Introd",9,4684,4478.78461896961,52.7183098742216,67.5547951131848,-22.8017090033768,0.110182444280346,-0.0438119942421844
"METHOD_G_adaptive_winsor","issime","Issime",9,851,654.384439270692,23.1972488696762,27.5265855625646,-21.8461734143675,0.244424643221753,-0.231040611902829
"METHOD_G_adaptive_winsor","issogne","Issogne",9,561,284.569042590489,34.3563170983736,41.3653591839585,-30.7145508232789,0.584545614779887,-0.492746804651534
"METHOD_G_adaptive_winsor","jovencan","Jovençan",9,5539,5575.92718180779,79.5064461250311,94.7809096973542,4.10302020086585,0.138501280947222,0.00666675966921688
"METHOD_G_adaptive_winsor","la magdeleine","La Magdeleine",9,979,785.631859830528,27.9828028216115,46.3010584013848,-21.4853489077191,0.340121269094336,-0.197515975658296
"METHOD_G_adaptive_winsor","la salle","La Salle",9,20341,20637.9715272519,258.829706137904,295.368594114339,32.9968363613257,0.119349404294593,0.0145996522910344
"METHOD_G_adaptive_winsor","la thuile","La Thuile",9,63799,65885.9127480772,860.307003934569,960.550809610347,231.879194230804,0.19525491330336,0.0327107438686692
"METHOD_G_adaptive_winsor","lillianes","Lillianes",9,1777,2061.71311645894,39.0052218544136,49.9984469259582,31.6347907176605,0.36866761295156,0.160221224794004
"METHOD_G_adaptive_winsor","montjovet","Montjovet",9,4725,5149.26913717781,173.231361675645,202.946704055671,47.1410152419789,0.385773243767263,0.0897924099847217
"METHOD_G_adaptive_winsor","morgex","Morgex",9,13505,12818.1023531879,108.962077603648,139.740122551355,-76.3219607568977,0.0747342744492646,-0.0508624692197023
"METHOD_G_adaptive_winsor","nus","Nus",9,13998,12117.7567610579,216.098405345323,256.191315768342,-208.915915438008,0.140042628027598,-0.134322277392633
"METHOD_G_adaptive_winsor","ollomont","Ollomont",9,861,1067.48000520817,29.624733388671,43.7583144260731,22.942222800908,1.02203787079273,0.239814175619247
"METHOD_G_adaptive_winsor","oyace","Oyace",9,65,51.1832372117604,5.39854493366746,7.46844820428311,-1.53519586535995,0.518630344492542,-0.212565581357532
"METHOD_G_adaptive_winsor","perloz","Perloz",9,884,1068.46930198944,31.1719014613555,34.1773351007583,20.4965891099383,0.381341727800621,0.208675680983535
"METHOD_G_adaptive_winsor","pollein","Pollein",9,28775,30307.5862818448,235.242018686343,391.453541935242,170.287364649419,0.0884267641090128,0.0532610349902615
"METHOD_G_adaptive_winsor","pont saint martin","Pont-Saint-Martin",9,6102,6478.61279878386,56.9753996650625,68.3714245731472,41.8458665315399,0.0804701445618558,0.0617195671556636
"METHOD_G_adaptive_winsor","pontboset","Pontboset",9,1991,1668.18094828798,35.8687835235572,41.110009706491,-35.8687835235572,0.215440672870673,-0.162139152040188
"METHOD_G_adaptive_winsor","pontey","Pontey",9,919,1117.53424426305,27.8860076684871,36.5692178839345,22.0593604736727,0.459460557720248,0.216032909970679
"METHOD_G_adaptive_winsor","pre saint didier","Pré-Saint-Didier",9,46900,51477.3152381689,614.183928235165,721.899240176123,508.590582018769,0.123038757508999,0.097597339833026
"METHOD_G_adaptive_winsor","quart","Quart",9,7286,6511.9229571916,90.5561485657237,132.47139213921,-86.0085603120448,0.0924789766485408,-0.106241702279495
"METHOD_G_adaptive_winsor","rhemes notre dame","Rhêmes-Notre-Dame",9,8492,8897.8742961702,225.968570039958,266.986560847121,45.0971440189116,0.266202412734164,0.047794900632384
"METHOD_G_adaptive_winsor","rhemes saint georges","Rhêmes-Saint-Georges",9,4726,4216.79118166908,91.4206232812702,128.197853218189,-56.578757592324,0.516629155729748,-0.107746258639635
"METHOD_G_adaptive_winsor","roisan","Roisan",9,1305,1293.77056769988,37.3982627375819,45.6778941597843,-1.24771470001334,0.291011320063288,-0.00860492896560914
"METHOD_G_adaptive_winsor","saint christophe","Saint-Christophe",9,7085,5277.56664664323,200.825928150752,229.840467544583,-200.825928150752,0.246122401300379,-0.255107036465317
"METHOD_G_adaptive_winsor","saint denis","Saint-Denis",9,401,485.708289902884,34.3399201275313,39.7002546388811,9.41203221143152,1.48499085361657,0.21124261821168
"METHOD_G_adaptive_winsor","saint marcel","Saint-Marcel",9,1071,885.601800207281,20.5997999769687,25.1764764520096,-20.5997999769687,0.214011056401276,-0.17310756283167
"METHOD_G_adaptive_winsor","saint nicolas","Saint-Nicolas",9,3251,4459.73146414307,185.139130542733,263.794614272995,134.303496015897,0.549759017629263,0.371802972667816
"METHOD_G_adaptive_winsor","saint oyen","Saint-Oyen",9,3658,3995.43149790803,82.395314000203,93.1679895195104,37.4923886564482,0.265612364718288,0.092244805332978
"METHOD_G_adaptive_winsor","saint pierre","Saint-Pierre",9,8448,11244.0330023652,310.670333596136,337.648617763267,310.670333596136,0.344571672770658,0.330969815620883
"METHOD_G_adaptive_winsor","saint rhemy en bosses","Saint-Rhémy-en-Bosses",9,6294,5621.39274878013,123.077655933358,177.302048901217,-74.7341390244298,0.211648249949704,-0.106864831779452
"METHOD_G_adaptive_winsor","saint vincent","Saint-Vincent",9,59218,65251.6828210224,883.192093398647,1082.21526602492,670.409202335826,0.136089180078818,0.101889338056375
"METHOD_G_adaptive_winsor","sarre","Sarre",9,26239,21544.9566648884,845.713067806262,1439.35828972111,-521.56037056796,0.271038124116866,-0.178895664282619
"METHOD_G_adaptive_winsor","torgnon","Torgnon",9,14102,14236.0352523209,141.034851678388,171.112415127091,14.8928058134383,0.112958612699018,0.00950469807977195
"METHOD_G_adaptive_winsor","valgrisenche","Valgrisenche",9,10192,10308.4515840343,67.8835970190002,80.0640225807115,12.9390648926954,0.16166115441346,0.011425783362859
"METHOD_G_adaptive_winsor","valpelline","Valpelline",9,4900,5259.08139382192,107.874262614323,148.68584825363,39.8979326468801,0.351245545234944,0.0732819171065144
"METHOD_G_adaptive_winsor","valsavarenche","Valsavarenche",9,25334,26916.2250013574,297.734807529906,470.419390149122,175.802777928604,0.18543081207713,0.0624546065113062
"METHOD_G_adaptive_winsor","valtournenche","Valtournenche",9,135375,134351.149509632,1829.86298932535,2240.69039052335,-113.761165596434,0.162212768333168,-0.00756306918092641
"METHOD_G_adaptive_winsor","verrayes","Verrayes",9,3739,3999.96804583025,95.3711106880969,117.483940934974,28.9964495366948,0.293586060501098,0.0697962144504555
"METHOD_G_adaptive_winsor","verres","Verrès",9,1870,1973.50342829657,49.7572919472393,56.092452504129,11.5003809218408,0.282600096660412,0.05534942689656
"METHOD_G_adaptive_winsor","villeneuve","Villeneuve",9,2581,3083.69028778621,96.274544458254,135.113308711221,55.8544764206904,0.448829033294886,0.194765706232551
"METHOD_H+meteo_l0.10","allein","Allein",9,221,186.793395712622,14.5240315860106,26.3410606210256,-3.80073380970864,1.09889925191079,-0.154781014875012
"METHOD_H+meteo_l0.10","antey saint andre","Antey-Saint-André",9,16799,18510.9808730533,335.791800945159,386.043240185501,190.220097005924,0.188751602232892,0.101909689448974
"METHOD_H+meteo_l0.10","aosta","Aosta",9,121478,113484.735122891,1224.47649923189,1586.44355076026,-888.140541900952,0.0794368428970935,-0.0658001027108494
"METHOD_H+meteo_l0.10","arnad","Arnad",9,3474,3486.94191960164,60.0615561657958,71.7517025462265,1.43799106684872,0.201106243099809,0.00372536545815727
"METHOD_H+meteo_l0.10","arvier","Arvier",9,8747,9392.13135556129,116.914203995232,194.5206124915,71.6812617290318,0.156193701776675,0.0737545850647405
"METHOD_H+meteo_l0.10","avise","Avise",9,916,855.301531801924,9.08174088346388,13.4502011902796,-6.74427424423072,0.105145221409749,-0.0662647032730092
"METHOD_H+meteo_l0.10","ayas","Ayas",9,66587,72240.7578172795,1211.78630791786,1535.40149164327,628.195313031055,0.198764785111863,0.084907832118574
"METHOD_H+meteo_l0.10","aymavilles","Aymavilles",9,5712,5019.25489036916,77.0102364305089,125.146651457199,-76.971678847871,0.114672714224356,-0.121278905747696
"METHOD_H+meteo_l0.10","bard","Bard",9,6889,5516.9324184105,180.676459856639,218.995769203135,-152.451953509944,0.230384027113555,-0.199167888168021
"METHOD_H+meteo_l0.10","bionaz","Bionaz",9,8769,8265.33111375772,152.630133288791,193.75500276237,-55.9632095824753,0.230615234395707,-0.057437437135623
"METHOD_H+meteo_l0.10","brissogne","Brissogne",9,365,590.693385237259,25.0770428041399,27.3990264464838,25.0770428041399,0.631112608809523,0.618338041745916
"METHOD_H+meteo_l0.10","brusson","Brusson",9,24069,24306.0163635763,251.63346555522,337.040713246879,26.3351515084823,0.133851732066245,0.00984737062513366
"METHOD_H+meteo_l0.10","challand saint anselme","Challand-Saint-Anselme",9,4865,5077.1214559683,81.7731403366129,101.103962093103,23.5690506631445,0.153809055753171,0.0436015325731347
"METHOD_H+meteo_l0.10","challand saint victor","Challand-Saint-Victor",9,341,669.291564366425,36.4768404851584,40.5547441459033,36.4768404851584,1.80393967754269,0.962731860312098
"METHOD_H+meteo_l0.10","chambave","Chambave",9,1334,1226.0037192169,18.5853598304394,22.3860755323106,-11.999586753678,0.126029820803508,-0.0809567322212161
"METHOD_H+meteo_l0.10","chamois","Chamois",9,3080,4035.02964081995,106.11440453555,122.876181436654,106.11440453555,2.34695990832464,0.310074558707777
"METHOD_H+meteo_l0.10","champdepraz","Champdepraz",9,2921,2155.64645528188,101.92159994937,115.582415803208,-85.0392827464577,0.315378513437816,-0.262017646257487
"METHOD_H+meteo_l0.10","champorcher","Champorcher",9,5002,5857.49382551373,169.459725069676,236.842269377783,95.054869501525,0.438176064084583,0.171030352961561
"METHOD_H+meteo_l0.10","charvensod","Charvensod",9,19464,17329.7287707748,240.670393907402,317.278546479605,-237.141247691689,0.10786758335884,-0.109652241534381
"METHOD_H+meteo_l0.10","chatillon","Châtillon",9,25773,28354.6363402048,339.907911920348,389.231554482911,286.848482244978,0.12593209605694,0.100168251278656
"METHOD_H+meteo_l0.10","cogne","Cogne",9,62861,59610.9270442089,1122.48149910088,1773.36066503875,-361.11921731012,0.146020999063949,-0.0517025334593957
"METHOD_H+meteo_l0.10","courmayeur","Courmayeur",9,231129,232295.47196095,1986.25799887566,2404.67311032421,129.607995661149,0.11710102334779,0.00504684380129863
"METHOD_H+meteo_l0.10","donnas","Donnas",9,2348,2257.29325318253,31.5564699534448,38.6407389980034,-10.0785274241635,0.140193699750554,-0.0386314935338464
"METHOD_H+meteo_l0.10","doues","Doues",9,2301,2142.57202208712,66.027351693335,92.6487882923038,-17.6031086569865,0.257249256931142,-0.0688517939647452
"METHOD_H+meteo_l0.10","emarese","Emarèse",9,403,455.672272071142,22.8838140679786,25.0751607501755,5.85247467457132,2.34456176473172,0.130700426975538
"METHOD_H+meteo_l0.10","etroubles","Etroubles",9,13645,14133.5952123329,200.65797412179,267.390563318855,54.2883569258776,0.140731923860952,0.0358076374007255
"METHOD_H+meteo_l0.10","fenis","Fénis",9,7013,7381.58858860297,84.4917768458689,118.122323914151,40.9542876225527,0.170396025348119,0.0525579051194887
"METHOD_H+meteo_l0.10","fontainemore","Fontainemore",9,1900,2152.82333936795,53.3453289223516,73.5420932602477,28.0914821519947,0.83194459389993,0.133064915456817
"METHOD_H+meteo_l0.10","gaby","Gaby",9,5410,6032.84198895289,73.6687459213673,97.5132985666553,69.2046654392098,0.170601268752312,0.115127909233436
"METHOD_H+meteo_l0.10","gignod","Gignod",9,7182,6644.54088184292,85.0226438835014,106.453213961353,-59.7176797952311,0.138530648207746,-0.0748341852070566
"METHOD_H+meteo_l0.10","gressan","Gressan",9,36832,35348.049276334,535.567751823938,670.266499851857,-164.883413740667,0.139089644567168,-0.0402897133923221
"METHOD_H+meteo_l0.10","gressoney la trinite","Gressoney-La-Trinité",9,60507,60416.3214028131,761.738202935663,803.285082512086,-10.0753996874356,0.233058909263668,-0.00149864639111041
"METHOD_H+meteo_l0.10","gressoney saint jean","Gressoney-Saint-Jean",9,29157,28639.6096960908,403.25961181839,455.279742880481,-57.4878115454629,0.1679222279416,-0.017744977326514
"METHOD_H+meteo_l0.10","hone","Hône",9,1030,1338.92835979512,45.5078030153035,48.6534716566836,34.3253733105692,0.641525912091492,0.299930446403032
"METHOD_H+meteo_l0.10","introd","Introd",9,4684,4468.84829569706,64.1328347770827,79.9584366529771,-23.9057449225492,0.130716008243311,-0.0459333271355556
"METHOD_H+meteo_l0.10","issime","Issime",9,851,730.731560269634,22.249003555021,26.3650810945276,-13.3631599700407,0.237224998115028,-0.141326016134391
"METHOD_H+meteo_l0.10","issogne","Issogne",9,561,323.56083344711,28.3722467432972,36.9136177127843,-26.3821296169877,0.416797551610414,-0.423242721128145
"METHOD_H+meteo_l0.10","jovencan","Jovençan",9,5539,5782.9227982051,79.2483006441302,84.8223219553791,27.1025331339002,0.133636214601289,0.0440373349350247
"METHOD_H+meteo_l0.10","la magdeleine","La Magdeleine",9,979,749.014037561288,29.8721132183057,50.4150238053377,-25.5539958265235,0.288422875244836,-0.234919267046692
"METHOD_H+meteo_l0.10","la salle","La Salle",9,20341,20168.0631572121,260.257490898901,290.110734682955,-19.2152047542067,0.122906060007418,-0.00850188500014069
"METHOD_H+meteo_l0.10","la thuile","La Thuile",9,63799,64728.603566333,820.086353013806,893.233475108166,103.289285148112,0.173836547194139,0.0145708171967117
"METHOD_H+meteo_l0.10","lillianes","Lillianes",9,1777,2001.51608490272,38.1686912899632,43.0079052584903,24.9462316558579,0.522975289094337,0.126345573946382
"METHOD_H+meteo_l0.10","montjovet","Montjovet",9,4725,5261.52420466019,175.591170259231,202.15984805496,59.6138005177986,0.396099247095137,0.113550096224378
"METHOD_H+meteo_l0.10","morgex","Morgex",9,13505,12628.6941944257,118.36766461985,159.325275197289,-97.367311730476,0.0735183213967609,-0.0648875087430051
"METHOD_H+meteo_l0.10","nus","Nus",9,13998,10858.769860181,348.803348868777,369.196485939145,-348.803348868777,0.223853473767827,-0.224262761810187
"METHOD_H+meteo_l0.10","ollomont","Ollomont",9,861,1010.78688385797,17.8789133210006,20.8706354088377,16.6429870953297,2.32476858919378,0.173968506222959
"METHOD_H+meteo_l0.10","oyace","Oyace",9,65,21.2230960548803,6.28685474949822,8.12757310072137,-4.86410043834663,0.747053157873717,-0.673490829924919
"METHOD_H+meteo_l0.10","perloz","Perloz",9,884,792.728057672009,23.1206241524178,28.2167558023293,-10.1413269253323,0.276840851758945,-0.103248803538451
"METHOD_H+meteo_l0.10","pollein","Pollein",9,28775,30459.1169147481,304.286908987587,475.282282005741,187.124101638675,0.111282482896643,0.0585270865246942
"METHOD_H+meteo_l0.10","pont saint martin","Pont-Saint-Martin",9,6102,6627.48760452536,81.478387058768,97.7834040063987,58.3875116139295,0.118164415162215,0.0861172737668576
"METHOD_H+meteo_l0.10","pontboset","Pontboset",9,1991,1673.34092731403,37.4713266365716,47.5363489471617,-35.2954525206636,0.175086896891483,-0.159547500093407
"METHOD_H+meteo_l0.10","pontey","Pontey",9,919,951.593307320962,30.6492818310705,45.8954280548906,3.62147859121801,0.355081145114201,0.0354660580206334
"METHOD_H+meteo_l0.10","pre saint didier","Pré-Saint-Didier",9,46900,50660.270843323,571.540303895807,706.754475758781,417.807871480335,0.110156522375086,0.0801763506039022
"METHOD_H+meteo_l0.10","quart","Quart",9,7286,6681.58252462069,87.0867208971937,115.901535947706,-67.1574972643679,0.0932641642865202,-0.0829560081497819
"METHOD_H+meteo_l0.10","rhemes notre dame","Rhêmes-Notre-Dame",9,8492,8616.91587765745,209.730996800958,253.495857712032,13.8795419619394,0.241773570829381,0.0147098301527856
"METHOD_H+meteo_l0.10","rhemes saint georges","Rhêmes-Saint-Georges",9,4726,4213.72923136224,102.333066768969,136.934676116334,-56.9189742930842,0.591980747898277,-0.108394153330038
"METHOD_H+meteo_l0.10","roisan","Roisan",9,1305,866.961473256313,48.6709474159652,57.1478136172455,-48.6709474159652,0.342591490357375,-0.335661706317002
"METHOD_H+meteo_l0.10","saint christophe","Saint-Christophe",9,7085,5452.82140350379,190.203800888517,211.56050760406,-181.353177388468,0.234017866860526,-0.230371008679775
"METHOD_H+meteo_l0.10","saint denis","Saint-Denis",9,401,301.413507373475,17.3902287989869,21.1179300656113,-11.0651658473917,0.671682654401736,-0.248345368145948
"METHOD_H+meteo_l0.10","saint marcel","Saint-Marcel",9,1071,704.129777361897,41.0227277017199,51.8687680504092,-40.7633580709003,0.314458203088196,-0.342549227486557
"METHOD_H+meteo_l0.10","saint nicolas","Saint-Nicolas",9,3251,6483.23120578474,359.136800642749,401.036052049856,359.136800642749,1.11205114488535,0.99422676277599
"METHOD_H+meteo_l0.10","saint oyen","Saint-Oyen",9,3658,3924.46164473688,86.8706907914186,98.3482401153893,29.6068494152084,0.274862453208665,0.0728435332796271
"METHOD_H+meteo_l0.10","saint pierre","Saint-Pierre",9,8448,11200.8067084636,305.867412051507,325.738941908643,305.867412051507,0.338714231876467,0.325853066816236
"METHOD_H+meteo_l0.10","saint rhemy en bosses","Saint-Rhémy-en-Bosses",9,6294,5459.92164978999,135.15381331344,188.019123132733,-92.6753722455566,0.229755813932239,-0.132519598063236
"METHOD_H+meteo_l0.10","saint vincent","Saint-Vincent",9,59218,65983.0620144948,984.207415341453,1210.45341440492,751.673557166088,0.151728639359332,0.114239961067493
"METHOD_H+meteo_l0.10","sarre","Sarre",9,26239,21752.7910210989,863.878704711836,1428.50309344351,-498.46766432234,0.283090121405939,-0.17097484579828
"METHOD_H+meteo_l0.10","torgnon","Torgnon",9,14102,14077.3360898635,157.099949193817,188.564872713022,-2.74043445961533,0.121800685897429,-0.00174896540466162
"METHOD_H+meteo_l0.10","valgrisenche","Valgrisenche",9,10192,10585.0557371936,102.013606599068,115.872292465856,43.672859688183,0.188444672758719,0.038565123351025
"METHOD_H+meteo_l0.10","valpelline","Valpelline",9,4900,5376.42725520744,109.326705872279,135.949759069608,52.9363616897153,0.414861697581492,0.0972300520831506
"METHOD_H+meteo_l0.10","valsavarenche","Valsavarenche",9,25334,30793.6357553273,719.581935280054,1119.56439095965,606.626195036366,0.301786295441292,0.215506266492749
"METHOD_H+meteo_l0.10","valtournenche","Valtournenche",9,135375,132931.130272731,2488.42756428837,2825.61373186171,-271.541080807618,0.200756005379545,-0.0180525926298693
"METHOD_H+meteo_l0.10","verrayes","Verrayes",9,3739,4129.94673920583,102.415480454535,119.395020126178,43.4385265784253,0.305401599823637,0.104559170688908
"METHOD_H+meteo_l0.10","verres","Verrès",9,1870,2203.79266514134,47.5475272590551,58.0127148292722,37.0880739045936,0.266114789036719,0.178498751412483
"METHOD_H+meteo_l0.10","villeneuve","Villeneuve",9,2581,3166.51859467529,81.8283611117591,118.66038201222,65.0576216305872,0.40907880120042,0.226857262563071
"METHOD_H_volume_shrinkage","allein","Allein",9,221,189.801582793395,14.9429619173078,26.7053686324004,-3.46649080073392,1.20119243286193,-0.141169308627173
"METHOD_H_volume_shrinkage","antey saint andre","Antey-Saint-André",9,16799,18844.3506730098,354.089585936685,402.289321808454,227.261185889977,0.198368101405468,0.121754311150056
"METHOD_H_volume_shrinkage","aosta","Aosta",9,121478,114784.746697666,995.85243223348,1267.6315931071,-743.69481137046,0.0660286816917764,-0.0550984812256881
"METHOD_H_volume_shrinkage","arnad","Arnad",9,3474,3480.15335683183,63.6107793963471,74.1321621077849,0.683706314648131,0.210929973046978,0.00177125988250812
"METHOD_H_volume_shrinkage","arvier","Arvier",9,8747,9309.67876196223,119.684918983199,172.234836430494,62.5198624402479,0.163950163525648,0.0643281996069772
"METHOD_H_volume_shrinkage","avise","Avise",9,916,866.561909317419,9.38538336396764,13.6530615449645,-5.49312118695348,0.106034091953836,-0.0539717147189753
"METHOD_H_volume_shrinkage","ayas","Ayas",9,66587,72382.2274061994,1214.52679913075,1467.92945629949,643.914156244381,0.198984145886604,0.0870324148287117
"METHOD_H_volume_shrinkage","aymavilles","Aymavilles",9,5712,5086.39742952338,72.1770870251161,120.467884007694,-69.5113967196241,0.106871878214168,-0.109524259537223
"METHOD_H_volume_shrinkage","bard","Bard",9,6889,5556.36053136225,173.881572322551,211.496446265763,-148.071052070861,0.222412589294682,-0.193444544728952
"METHOD_H_volume_shrinkage","bionaz","Bionaz",9,8769,7821.50403206168,146.069163684089,203.681980007343,-105.277329770925,0.250144995413044,-0.10805062925514
"METHOD_H_volume_shrinkage","brissogne","Brissogne",9,365,604.959745628813,26.662193958757,29.2479955026628,26.662193958757,0.659680410258176,0.657423960626884
"METHOD_H_volume_shrinkage","brusson","Brusson",9,24069,24679.525085402,273.335409459984,344.007227410896,67.8361206002184,0.141661705870276,0.0253656190702549
"METHOD_H_volume_shrinkage","challand saint anselme","Challand-Saint-Anselme",9,4865,5042.63655330589,80.5719579222984,95.6414181518111,19.7373948117652,0.156832001604562,0.0365131661471503
"METHOD_H_volume_shrinkage","challand saint victor","Challand-Saint-Victor",9,341,674.578820775762,37.0643134195291,40.356804509061,37.0643134195291,1.83380952591686,0.978237011072616
"METHOD_H_volume_shrinkage","chambave","Chambave",9,1334,1233.94879230857,18.4791040263924,21.5329095884455,-11.1168008546033,0.129416025965291,-0.0750009053159143
"METHOD_H_volume_shrinkage","chamois","Chamois",9,3080,3987.75681028757,100.861867809731,121.40713299082,100.861867809731,2.6152713458278,0.294726237106355
"METHOD_H_volume_shrinkage","champdepraz","Champdepraz",9,2921,2179.02731189197,101.031327401099,115.786580972507,-82.4414097897815,0.312802201428649,-0.25401324481617
"METHOD_H_volume_shrinkage","champorcher","Champorcher",9,5002,5934.29159982061,178.116483395069,252.602440125513,103.587955535623,0.456991159135526,0.186383766457538
"METHOD_H_volume_shrinkage","charvensod","Charvensod",9,19464,17558.8468127833,246.028335176823,298.714709135092,-211.683687468524,0.112165814240268,-0.0978808665853225
"METHOD_H_volume_shrinkage","chatillon","Châtillon",9,25773,28551.0935259602,365.883402515429,393.11764766504,308.67705844002,0.13297320837752,0.1077908480177
"METHOD_H_volume_shrinkage","cogne","Cogne",9,62861,59814.1992329047,1172.21072073757,1782.83407862936,-338.533418566146,0.151916922346619,-0.0484688561603429
"METHOD_H_volume_shrinkage","courmayeur","Courmayeur",9,231129,230317.724716136,2567.28994734443,2921.43498124389,-90.1416982071107,0.140861141984943,-0.00351005405580434
"METHOD_H_volume_shrinkage","donnas","Donnas",9,2348,2215.47246446019,34.8683586293752,44.604107178121,-14.7252817266459,0.139565490200058,-0.0564427323423396
"METHOD_H_volume_shrinkage","doues","Doues",9,2301,2132.55398901772,67.516042851327,96.3241697295425,-18.7162234424754,0.271904007665323,-0.0732055675716117
"METHOD_H_volume_shrinkage","emarese","Emarèse",9,403,452.097198811345,22.9251120753137,25.13019193496,5.45524431237161,2.30672096805935,0.121829277447505
"METHOD_H_volume_shrinkage","etroubles","Etroubles",9,13645,13616.9773102342,157.139435295793,196.806123444383,-3.11363219620425,0.127780140848038,-0.00205369657499726
"METHOD_H_volume_shrinkage","fenis","Fénis",9,7013,7456.55517626115,93.4845263770333,131.341343527997,49.2839084734611,0.187655775460692,0.0632475654158205
"METHOD_H_volume_shrinkage","fontainemore","Fontainemore",9,1900,2047.11163836373,46.8972905510706,62.1480931759712,16.3457375959701,0.872155942216569,0.077427178086174
"METHOD_H_volume_shrinkage","gaby","Gaby",9,5410,6124.22793354308,82.6110879869518,106.287665836523,79.3586592825649,0.185764341633016,0.132019950747335
"METHOD_H_volume_shrinkage","gignod","Gignod",9,7182,6700.62939078242,82.6032460149223,100.770859645881,-53.4856232463982,0.133080310484513,-0.0670245905343337
"METHOD_H_volume_shrinkage","gressan","Gressan",9,36832,36349.6551178121,512.472342589853,634.024789332171,-53.5938757986607,0.137173705906081,-0.0130958102244772
"METHOD_H_volume_shrinkage","gressoney la trinite","Gressoney-La-Trinité",9,60507,59362.1885861706,874.208305065811,955.936886349556,-127.201268203261,0.24598315950119,-0.018920313580732
"METHOD_H_volume_shrinkage","gressoney saint jean","Gressoney-Saint-Jean",9,29157,29147.573961383,365.309857217555,433.700217341135,-1.04733762411685,0.156017455327608,-0.00032328561295915
"METHOD_H_volume_shrinkage","hone","Hône",9,1030,1343.31948111065,48.0132881760739,50.4416505496288,34.8132756789613,0.672782565307963,0.304193670981215
"METHOD_H_volume_shrinkage","introd","Introd",9,4684,4484.82130945049,62.6151114716634,78.4856171099169,-22.1309656166117,0.129433945106663,-0.0425232046433616
"METHOD_H_volume_shrinkage","issime","Issime",9,851,741.043221802136,22.7449129742892,27.0876575964572,-12.2174197997627,0.244400327061613,-0.129208905050369
"METHOD_H_volume_shrinkage","issogne","Issogne",9,561,324.37902620513,27.9416473513272,37.242275389332,-26.2912193105411,0.392914351172014,-0.421784267014028
"METHOD_H_volume_shrinkage","jovencan","Jovençan",9,5539,5877.21438903074,94.9650984579747,104.050124585476,37.5793765589709,0.159337570910254,0.0610605504659213
"METHOD_H_volume_shrinkage","la magdeleine","La Magdeleine",9,979,746.303473901928,29.8779032433362,50.9611025343219,-25.8551695664524,0.284494195559419,-0.237687973542464
"METHOD_H_volume_shrinkage","la salle","La Salle",9,20341,20667.3556175465,250.401002948612,290.146828082313,36.2617352829429,0.117422162359712,0.0160442268102103
"METHOD_H_volume_shrinkage","la thuile","La Thuile",9,63799,65641.3363689627,842.085169664027,940.329158393442,204.704040995852,0.15898642937501,0.0288771982156879
"METHOD_H_volume_shrinkage","lillianes","Lillianes",9,1777,1933.10201429064,39.0260331010635,45.7701108216437,17.3446682545157,0.583075072340131,0.0878458155828032
"METHOD_H_volume_shrinkage","montjovet","Montjovet",9,4725,5318.3932074811,170.676457561272,200.535961578136,65.932578609011,0.384690307200453,0.125585864017164
"METHOD_H_volume_shrinkage","morgex","Morgex",9,13505,12847.3664527222,101.044324819226,133.081427445064,-73.0703941419759,0.0661942920172602,-0.0486955607017981
"METHOD_H_volume_shrinkage","nus","Nus",9,13998,10978.9929491935,335.445227867389,352.087169975478,-335.445227867389,0.217568872197097,-0.215674171367803
"METHOD_H_volume_shrinkage","ollomont","Ollomont",9,861,925.01990029607,22.2924094708583,25.7125854776802,7.11332225511891,2.58504398269132,0.0743552848967134
"METHOD_H_volume_shrinkage","oyace","Oyace",9,65,21.9751243881825,6.17413727341324,7.97810536152338,-4.78054173464639,0.735168998639463,-0.661921163258731
"METHOD_H_volume_shrinkage","perloz","Perloz",9,884,794.783605483249,23.7098326045138,29.15812327189,-9.91293272408342,0.294445367566658,-0.100923523208994
"METHOD_H_volume_shrinkage","pollein","Pollein",9,28775,30925.8766781292,301.027130942653,448.936081842502,238.986297569909,0.107746382416735,0.0747481034971045
"METHOD_H_volume_shrinkage","pont saint martin","Pont-Saint-Martin",9,6102,6696.03993417394,84.2827252688669,96.8312348982339,66.0044371304383,0.12373978063074,0.0973516771835373
"METHOD_H_volume_shrinkage","pontboset","Pontboset",9,1991,1659.06924901715,44.8242493132385,54.1171980344047,-36.88119455365,0.210022053869018,-0.166715595671949
"METHOD_H_volume_shrinkage","pontey","Pontey",9,919,948.561943541391,31.7121367561826,47.7199663010182,3.28466039348788,0.35629024170802,0.0321675120145712
"METHOD_H_volume_shrinkage","pre saint didier","Pré-Saint-Didier",9,46900,51458.2575044799,605.819967368585,693.862232076073,506.473056053318,0.1197996381533,0.0971909915667347
"METHOD_H_volume_shrinkage","quart","Quart",9,7286,6772.28038746291,68.1361686238249,95.1395856705971,-57.0799569485653,0.071007971444347,-0.0705077700435201
"METHOD_H_volume_shrinkage","rhemes notre dame","Rhêmes-Notre-Dame",9,8492,8775.77235590314,222.72654123481,267.684769446555,31.5302617670159,0.260514986814326,0.0334164338086604
"METHOD_H_volume_shrinkage","rhemes saint georges","Rhêmes-Saint-Georges",9,4726,3976.97369978054,137.549464983765,184.983312517747,-83.2251444688285,0.668503101062056,-0.158490541730736
"METHOD_H_volume_shrinkage","roisan","Roisan",9,1305,852.25947749198,50.3045025008912,60.8426042101146,-50.3045025008912,0.345077172296097,-0.346927603454422
"METHOD_H_volume_shrinkage","saint christophe","Saint-Christophe",9,7085,5530.99365175971,176.39322782295,200.445995464565,-172.667372026699,0.218455176829162,-0.219337522687408
"METHOD_H_volume_shrinkage","saint denis","Saint-Denis",9,401,300.65952205024,17.4567908798063,20.8253030300521,-11.1489419944178,0.674661869250434,-0.250225630797407
"METHOD_H_volume_shrinkage","saint marcel","Saint-Marcel",9,1071,712.172201265346,40.5746002629656,51.4869449658859,-39.8697554149615,0.313279624137475,-0.335039961470265
"METHOD_H_volume_shrinkage","saint nicolas","Saint-Nicolas",9,3251,6593.17547537426,371.35283059714,412.374087817416,371.35283059714,1.14765661681203,1.02804536308036
"METHOD_H_volume_shrinkage","saint oyen","Saint-Oyen",9,3658,3903.05400622865,85.9563700323863,99.1747483103741,27.2282229142945,0.267271215145749,0.0669912537530484
"METHOD_H_volume_shrinkage","saint pierre","Saint-Pierre",9,8448,11390.8435969948,326.982621888308,356.647355164399,326.982621888308,0.356617217731754,0.34834796365942
"METHOD_H_volume_shrinkage","saint rhemy en bosses","Saint-Rhémy-en-Bosses",9,6294,5406.11875319338,143.716389656758,205.536963126971,-98.6534718674021,0.2297195612945,-0.141067881602577
"METHOD_H_volume_shrinkage","saint vincent","Saint-Vincent",9,59218,65251.9414338897,930.527086070649,1112.73004706048,670.437937098858,0.142592033036786,0.101893705189127
"METHOD_H_volume_shrinkage","sarre","Sarre",9,26239,21805.3652376239,898.238872841623,1449.63534008482,-492.626084708458,0.303961407843277,-0.168971178870236
"METHOD_H_volume_shrinkage","torgnon","Torgnon",9,14102,14166.3653376356,132.207467577336,149.054878709902,7.15170418173594,0.114046291462063,0.00456427014860469
"METHOD_H_volume_shrinkage","valgrisenche","Valgrisenche",9,10192,10226.5380622322,63.3729074981616,79.6357562354586,3.8375624702479,0.169211051967487,0.00338874236972447
"METHOD_H_volume_shrinkage","valpelline","Valpelline",9,4900,5239.80461528874,106.176824052275,136.072686390365,37.7560683654155,0.432620814968578,0.0693478806711714
"METHOD_H_volume_shrinkage","valsavarenche","Valsavarenche",9,25334,27008.4197854903,307.52829524994,494.751675520296,186.046642832259,0.273060431033043,0.0660937785383409
"METHOD_H_volume_shrinkage","valtournenche","Valtournenche",9,135375,133952.175743149,1733.80175087422,2151.63843973428,-158.091584094553,0.156794552047082,-0.0105102438179205
"METHOD_H_volume_shrinkage","verrayes","Verrayes",9,3739,4126.51212168903,97.2455434454121,113.423004050623,43.0569024098922,0.287618147603187,0.103640578146304
"METHOD_H_volume_shrinkage","verres","Verrès",9,1870,2215.79892481271,47.8126525925614,58.4760643523871,38.4221027569673,0.269867070475282,0.184919211129789
"METHOD_H_volume_shrinkage","villeneuve","Villeneuve",9,2581,3169.674639299,80.6350854217837,116.993018974483,65.4082932554441,0.402248209697965,0.228080061719875
