comune_key,variable,n_obs,x_sd,x_q10,x_q50,x_q90,pearson_r,spearman_rho,linear_adj_r2,quad_adj_r2,delta_adj_r2_quad,quad_term_p,aic_gain_quad,loess_r2,loess_gain_over_linear,sign_changes_binned,nonlinear_score,nonlinear_flag
allein,lag12,55,0.898829471512605,7.581160030880044,8.089789175789319,8.578118654969156,0.09999905032295901,0.4908369408369408,-0.008679438801195039,0.12000079763951466,0.1286802364407097,0.004649676541428773,6.553845404565919,0.16633741698832483,0.17501685578951987,0,31.569709223022954,likely_nonlinear
allein,lag24,56,0.30998646215985726,7.583195724586918,8.06147970185666,8.532377089069609,0.38216586756269977,0.4082023239917977,0.13023687533606054,0.172869945986586,0.04263307065052546,0.05707876384470445,1.8612612883907218,0.3484735567210586,0.21823668138499808,1,26.886975203552357,likely_nonlinear
allein,log_arrivi,56,1.516499523464449,0,2.0794415416798357,3.996134321635372,0.06941241432073686,-0.051962697660057976,-0.013611211492576825,0.02421746013246906,0.037828671625045884,0.08438055487815695,1.1767158609202966,0.0662840125289218,0.07989522402149862,1,12.572389564654452,likely_nonlinear
allein,HDD,56,6.400023712104662,1.1354716371860984,11.062062707171215,17.286797643971333,0.37169750879797897,0.580495223858232,0.12219902023267226,0.10566796991536676,-0.016531050317305507,0.9658456671409035,-1.9980443735530287,0.1694896047925475,0.047290584559875226,0,4.729058455987523,mostly_linear_or_weak
allein,temp,56,6.433178797327844,0.7132023560286664,6.937937292828785,16.8645283628139,-0.37173545611580555,-0.5810663021189337,0.12222775395091545,0.10572404818804937,-0.016503705762866083,0.9534538064465605,-1.9963659546617691,0.16846146820829944,0.046233714257383984,0,4.623371425738398,mostly_linear_or_weak
allein,CDD,56,0,0,0,0,NA,NA,NA,NA,NA,NA,NA,NA,NA,NA,NA,insufficient_data_or_variation
antey saint andre,temp,57,7.171893914806866,3.8698119990916586,11.7667855846914,22.24058076073496,-0.1481656384938225,-0.19373865698729587,0.004170384729014764,0.3883546811748938,0.38418429644587904,1.9615340980883629e-7,26.82904632282264,0.45350645539361545,0.4493360706646007,1,85.35203671104797,likely_nonlinear
antey saint andre,HDD,57,5.802131818943429,0,6.2332144153086,14.13018800090834,0.28331599959805914,0.22894732889751718,0.06354555482148738,0.2415795902334139,0.17803403541192653,4.6139154756642245e-4,11.065092748487913,0.37141462036402373,0.30786906554253635,1,50.590310095446284,likely_nonlinear
antey saint andre,log_arrivi,57,1.0844827360342624,5.54354738595754,7.172424577124845,7.959442985115351,0.518361812307118,0.7269898885143895,0.25540258606665134,0.42200937307245767,0.16660678700580633,1.3749294781050783e-4,13.483204966625308,0.5734116160757237,0.3180090300090723,1,50.461581701487866,likely_nonlinear
antey saint andre,lag24,57,0.12527594332069145,11.825393265356157,11.978092416324436,12.163827499869043,0.8121302505368608,0.8714026445423907,0.6533656446341026,0.6699937530816281,0.01662810844752549,0.05736312549360763,1.8479587234180315,0.7253984679396297,0.07203282330552707,0,8.866093175305256,likely_nonlinear
antey saint andre,lag12,57,0.128092961523903,11.86302395722118,11.993467123627628,12.193639706575347,0.8274840974934152,0.8690692247861034,0.6789977485427519,0.6800687988982743,0.0010710503555224626,0.2813505101264896,-0.7635959263607646,0.7102214629664698,0.031223714423717963,0,3.2294764779240426,mostly_linear_or_weak
antey saint andre,CDD,57,0.6884766380099747,0,0,0.24058076073495985,0.23406855016272013,0.16864583429180494,0.03760241501482853,0.03073516594815362,-0.0068672490666749075,0.4380773604001259,-1.359381967316196,NA,NA,1,NA,mostly_linear_or_weak
aosta,temp,57,6.901575960990985,1.8773049466474,9.3915658079631,19.80521030646554,-0.21392009576728177,-0.22102670469276645,0.0284120220525943,0.3822431601281706,0.3538311380755763,5.118134056967407e-7,24.857604577572886,0.4132905355213665,0.3848785134687722,1,75.87096515443486,likely_nonlinear
aosta,HDD,57,6.373029553090705,0,8.6084341920369,16.1226950533526,0.2680772840448357,0.24104060964316862,0.05499025622487286,0.3192084704215379,0.264218214196665,1.6705638734141374e-5,17.738429774901306,0.3546569855937455,0.2996667293688726,1,58.388494356553764,likely_nonlinear
aosta,lag24,57,0.17566688349811754,15.363292855166037,15.662638979789998,15.795685310789388,0.2903314974366843,0.38268084003111236,0.06764314892026124,0.052760818308519974,-0.014882330611741268,0.7138528270357256,-1.8567511103178447,0.3058186116987882,0.23817546277852697,2,25.417546277852697,mostly_linear_or_weak
aosta,lag12,57,0.1508546045678471,15.39737456933779,15.708699175141154,15.804688928009053,0.4997419989858782,0.586919885921701,0.23610101219677604,0.2653898108708501,0.02928879867407408,0.07957488223646642,1.274347932930084,0.3979859567197117,0.16188494452293567,0,19.117374319700975,likely_nonlinear
aosta,log_arrivi,57,0.7459842467827371,8.318517964815808,9.11063052782717,9.52384955409951,0.22409622100934398,0.17902514907959557,0.03295037293013636,0.015043269511055612,-0.01790710341908075,0.9934967928504106,-1.9999292238750002,0.09428487791031204,0.061334504980175675,2,7.733450498017568,mostly_linear_or_weak
aosta,CDD,57,0.015373521796354128,0,0,0,NA,NA,NA,NA,NA,NA,NA,NA,NA,NA,NA,insufficient_data_or_variation
arnad,lag24,57,0.30972794304706686,11.933180111481121,12.195890987923034,12.743662708750689,-0.18962494665424987,-0.2374254602022298,0.01842957712805693,0.2422433626197691,0.22381378549171216,1.1759492710046949e-4,13.797015615627735,0.3033619931564552,0.28493241602839825,1,52.87462015201104,likely_nonlinear
arnad,lag12,57,0.35414993557074725,11.933180111481121,12.195890987923034,12.809602748178028,0.6055595867776133,0.5318252527871403,0.3551879115589699,0.37011913631726123,0.01493122475829134,0.13489391586147373,0.3813107186925926,0.4799101185682747,0.12472220700930481,1,14.765343176759616,mostly_linear_or_weak
arnad,log_arrivi,57,0.9264490965813976,4.5808648786036965,5.521460917862246,6.330177792094989,0.30237649365394415,0.03471411931159915,0.07491211744017101,0.08459614118252912,0.009684023742358105,0.21390728776170262,-0.35426543741361627,0.15343240521264645,0.07852028777247544,2,10.420431151483355,mostly_linear_or_weak
arnad,temp,57,6.7711550290989075,2.955012292753818,9.88423150456535,20.337614721807817,-0.04751864033418541,-0.18647912885662435,-0.015882742072077294,-0.03200493269533666,-0.01612219062325937,0.7089777051980749,-1.851593487505859,0.01540685699192923,0.031289599064006524,2,4.728959906400652,mostly_linear_or_weak
arnad,HDD,57,6.056980177319458,0,8.11576849543465,15.044987707246182,0.0633881794231363,0.2066281400200322,-0.014090701231409763,-0.032847412165215584,-0.01875671093380582,0.9726171945935582,-1.9987446974228646,0.003184074492400879,0.017274775723810643,3,4.127477572381064,mostly_linear_or_weak
arnad,CDD,57,0.11483432012271562,0,0,0,NA,NA,NA,NA,NA,NA,NA,NA,NA,NA,NA,insufficient_data_or_variation
arvier,HDD,57,6.2275400181957785,2.4171657263732205,12.70532134638514,17.858454074069044,0.4374023664718048,0.46415607985480956,0.1766175725623197,0.37883150281417943,0.20221393025185974,6.12561574585947e-5,15.109549162084207,0.47420319322079707,0.2975856206584774,1,51.979955091033716,likely_nonlinear
arvier,temp,57,6.2275400181957785,0.14154592593095344,5.29467865361486,15.58283427362678,-0.4374023664718048,-0.46415607985480956,0.17661757256231936,0.37883150281418054,0.20221393025186118,6.125615745859159e-5,15.109549162084278,0.47420319322079474,0.2975856206584754,1,51.97995509103366,likely_nonlinear
arvier,log_arrivi,57,1.8383450223301947,4.3240630064167265,6.175867270105761,7.6998325735543744,0.2447900953400388,0.31814867137354663,0.04282986697252289,0.04153246959609047,-0.0012973973764324187,0.3403100117789113,-1.0313074982899337,0.08684848391232936,0.044018616939806465,3,6.801861693980647,mostly_linear_or_weak
arvier,lag24,57,0.11844238708710773,11.492926680744956,11.648600807690412,11.786763743971568,0.8472928343071849,0.8865698729582578,0.7127761497422709,0.7122051102260111,-5.710395162598081e-4,0.3494457715823588,-1.0673102344755705,0.7372599132117709,0.024483763469499986,0,2.4483763469499986,mostly_linear_or_weak
arvier,lag12,57,0.12216046726363579,11.5386359950597,11.688440577051205,11.8676545585997,0.8007970018907433,0.8524112004148304,0.6347535807506071,0.632013649599624,-0.0027399311509830326,0.44557960945683794,-1.3800942477945028,0.654708180256555,0.019954599505947912,0,1.9954599505947912,mostly_linear_or_weak
arvier,CDD,57,0,0,0,0,NA,NA,NA,NA,NA,NA,NA,NA,NA,NA,NA,insufficient_data_or_variation
avise,lag24,57,0.2490657102888259,10.99998143206518,11.352087474843115,11.609496635394748,0.6629988241061302,0.7494166450609284,0.42937775787095,0.4881514737876914,0.05877371591674141,0.009125863566426659,5.241725905789412,0.5586177781538887,0.12924002028293868,1,20.80137361996801,likely_nonlinear
avise,log_arrivi,57,1.4767019113130677,1.318334746401733,3.970291913552122,5.190672805005969,-0.3408408382816649,-0.35636097961495933,0.10010288571401293,0.09901268979168876,-0.0010901959223241775,0.338275256830494,-1.023110937337174,0.26787841798170187,0.16777553226768893,2,18.377553226768896,mostly_linear_or_weak
avise,HDD,57,6.149535652830867,3.22414451995866,13.53322385690239,18.574328314455418,0.6693799848815575,0.6924423126782475,0.43803446532658086,0.46224283007856315,0.024208364751982292,0.06770611671270951,1.555805876183321,0.4928191806250949,0.05478471529851403,0,7.899308005049631,likely_nonlinear
avise,temp,57,6.149535652830867,-0.5743283144554179,4.46677614309761,14.77585548004134,-0.6693799848815575,-0.6924423126782475,0.4380344653265811,0.4622428300785629,0.024208364751981848,0.06770611671270996,1.5558058761833031,0.49281918062509267,0.05478471529851159,0,7.899308005049344,likely_nonlinear
avise,lag12,57,0.24379573093211016,11.020418231820802,11.328714123657806,11.609496635394748,0.6553852227370199,0.6851179673321236,0.419157604548999,0.417659435934692,-0.0014981686143069606,0.35828059373736865,-1.1009300953499537,0.4519438731992975,0.032786268650298545,0,3.2786268650298545,mostly_linear_or_weak
avise,CDD,57,0,0,0,0,NA,NA,NA,NA,NA,NA,NA,NA,NA,NA,NA,insufficient_data_or_variation
ayas,temp,57,5.550963090339311,-2.169814528430442,2.59634759982108,11.52883796417104,-0.5736617689758456,-0.5051205600207416,0.31688942200603387,0.45862678573018223,0.14173736372414836,2.481348791751132e-4,12.301128119027837,0.6377154151635924,0.32082599315755855,1,48.256335688170694,likely_nonlinear
ayas,HDD,57,5.550963090339311,6.471162035828961,15.40365240017892,20.169814528430443,0.5736617689758456,0.5051205600207416,0.3168894220060341,0.4586267857301807,0.14173736372414658,2.481348791751371e-4,12.30112811902763,0.6377154151635915,0.32082599315755744,1,48.2563356881704,likely_nonlinear
ayas,log_arrivi,57,1.2365084533648338,6.396672690441065,8.501267040865978,9.380085793889913,0.460168086658059,0.5226212081928961,0.19742293466905714,0.2246111922771329,0.02718825760807575,0.09276617626310506,1.0103084924452475,0.5016918267547539,0.30426889208569674,2,34.74571496937725,likely_nonlinear
ayas,lag24,57,0.4934222797129469,13.151783870599573,13.675801264203153,14.47946975487558,0.8377709954857198,0.8417163598651803,0.6964395179839922,0.7009040890468224,0.004464571062830269,0.1828274868025663,-0.10955414770121052,0.719470389296095,0.023030871312102796,0,2.7495442374933066,mostly_linear_or_weak
ayas,lag12,57,0.4932848823410916,13.152123611850428,13.687845354131595,14.528682166485197,0.8885763175540661,0.8990795955405758,0.7857418334291812,0.7876627198512057,0.0019208864220244815,0.22636136800649315,-0.440773101005977,0.7990268852149767,0.013285051785795421,0,1.5205938207819902,mostly_linear_or_weak
ayas,CDD,57,0,0,0,0,NA,NA,NA,NA,NA,NA,NA,NA,NA,NA,NA,insufficient_data_or_variation
aymavilles,HDD,57,6.226812492450409,2.6340793708984607,12.88948897007961,18.141710392639908,0.5122553824872338,0.5370106300233344,0.24899476919418218,0.3754164848541449,0.12642171565996274,9.904215417571877e-4,9.55257211011677,0.4492047767993529,0.20021000760517071,1,34.66317232651335,likely_nonlinear
aymavilles,temp,57,6.226812492450409,-0.1417103926399095,5.11051102992039,15.365920629101538,-0.5122553824872338,-0.5370106300233344,0.24899476919418218,0.3754164848541447,0.12642171565996252,9.904215417571869e-4,9.552572110116742,0.4492047767993492,0.20021000760516705,1,34.66317232651296,likely_nonlinear
aymavilles,log_arrivi,57,1.1953553902762983,3.9158234988788463,5.796057750765372,6.896072633094789,0.18017982333598662,0.2673061965257973,0.014873219078067046,0.01850452204688713,0.0036313029688200826,0.27749389593938795,-0.7436016264340779,0.17100783835974243,0.15613461928167538,1,16.776592225049548,mostly_linear_or_weak
aymavilles,lag12,57,0.1234585525538252,12.285010662556603,12.443899862229536,12.60253066650441,0.8274398839234188,0.8726341716359867,0.6789232480800607,0.6808649780671792,0.0019417299871185012,0.25306794756804984,-0.6083417913538511,0.7148050968596682,0.03588184877960754,2,5.382357876672604,mostly_linear_or_weak
aymavilles,lag24,57,0.11136305718977124,12.280993532486029,12.415060475720132,12.575710881828506,0.8175963331861591,0.837827326938035,0.6624358324765388,0.6630880294549064,6.521969783676029e-4,0.2975351675606864,-0.8438646865531041,0.6815254030346262,0.019089570558087354,0,1.9741767536454957,mostly_linear_or_weak
aymavilles,CDD,57,0,0,0,0,NA,NA,NA,NA,NA,NA,NA,NA,NA,NA,NA,insufficient_data_or_variation
bard,temp,57,7.020133220357225,4.902856295466533,12.9478943973383,23.43118626396278,-0.32580953280609015,-0.26017630282603066,0.08990006715218324,0.17332886492698696,0.08342879777480372,0.013317919800325945,4.52630578158789,0.24951249311753498,0.15961242596535175,1,26.30412237401555,likely_nonlinear
bard,log_arrivi,57,1.1400009390369983,4.865106326673982,6.037870919922137,6.6621317674887415,0.2608086290208111,0.3166747692475016,0.05107607080756438,0.05192912537145866,8.530545638942844e-4,0.3101925226202005,-0.9028347347014716,0.10156902413116431,0.05049295332359993,2,6.734600788749422,mostly_linear_or_weak
bard,lag12,57,0.1703756154682462,11.492758856665162,11.661560964109377,11.881835472769446,0.3830128428053007,0.3848846253564948,0.13118427116750364,0.1161663690514746,-0.015017902116029047,0.7990490463927129,-1.9309532134939538,0.17352691876664006,0.04234264759913642,2,5.834264759913642,mostly_linear_or_weak
bard,lag24,57,0.15240876935795647,11.502936679350439,11.66144891301396,11.870068768578015,0.28801919719841973,0.22582317863624585,0.06628151355400347,0.049682158244267804,-0.016599355309735664,0.8435879555849798,-1.9585253075891593,0.08894558380531947,0.022664070251316004,3,4.666407025131601,mostly_linear_or_weak
bard,HDD,57,5.333652440144812,0,5.052105602661699,13.097143704533467,0.4089267288098045,0.32436571378960755,0.15207963443572492,0.1432094495730356,-0.008870184862689312,0.5144832817758158,-1.547284832568856,0.18168828399230597,0.029608649556581046,0,2.9608649556581046,mostly_linear_or_weak
bard,CDD,57,0.775105384987902,0,0,1.4311862639627793,0.014268800877180665,0.0741138789099628,-0.01797451770919145,-0.0358931711957009,-0.01791865348650945,0.826310197778338,-1.9486998375821898,NA,NA,2,NA,mostly_linear_or_weak
bionaz,log_arrivi,57,1.6082212304471433,3.401143152088481,5.402677381872279,7.556922558716359,-0.0861933351811238,-0.1356344191281132,-0.01061744913345164,-0.02902509884657234,-0.0184076497131207,0.8993903780566073,-1.982970083793962,0.2425925434345888,0.25320999256804044,2,26.920999256804045,mostly_linear_or_weak
bionaz,HDD,57,5.29780475282682,8.01449567782301,16.60132570150896,20.506602560721028,0.2231391982425774,0.22206378014000525,0.0325145763703828,0.09907002504360451,0.06655544867322172,0.02853717338881781,3.1084518399270102,0.13782093770345893,0.10530636133307614,1,19.186181000629787,likely_nonlinear
bionaz,temp,57,5.29780475282682,-2.506602560721028,1.39867429849104,9.98550432217699,-0.22313919824257744,-0.22206378014000525,0.03251457637038291,0.09907002504360463,0.06655544867322172,0.028537173388817717,3.108451839927014,0.13782093770345893,0.10530636133307603,1,19.186181000629773,likely_nonlinear
bionaz,lag24,57,0.11760681214351977,11.010583750721457,11.107525354749656,11.317928450319432,0.5780176623174837,0.5531501166709879,0.32199722555008137,0.31115193127798346,-0.010845294272097905,0.7156751096848613,-1.8586524346140507,0.35121332004907646,0.029216094498995093,0,2.9216094498995093,mostly_linear_or_weak
bionaz,lag12,57,0.12446737525653807,10.985149146404861,11.111507157507678,11.32895201355904,0.6120353907909372,0.6461628208452166,0.3632161799366279,0.35252250290760934,-0.010693677029018578,0.7632840909781387,-1.903366461369849,0.38892049227403847,0.02570431233741055,0,2.570431233741055,mostly_linear_or_weak
bionaz,CDD,57,0,0,0,0,NA,NA,NA,NA,NA,NA,NA,NA,NA,NA,NA,insufficient_data_or_variation
brissogne,HDD,57,6.270308700225766,1.7740059168951008,11.862209831367139,17.381846086303952,0.09964792778552366,0.0847161005963184,-0.008071568496924364,0.21089083466075376,0.21896240315767812,1.7456629597653443e-4,13.004618148450533,0.254846997723174,0.26291856622009835,1,50.188096937777644,likely_nonlinear
brissogne,temp,57,6.2850278350021,0.6181539136960472,6.13779016863286,16.2259940831049,-0.09860012752897196,-0.0847161005963184,-0.008283069666748188,0.209403236470185,0.21768630613693318,1.8308276793989225e-4,12.909222886175087,0.25392379581140256,0.26220686547815075,1,49.989317161508396,likely_nonlinear
brissogne,lag12,57,0.07963094495368471,13.072385239005424,13.167231574993194,13.273419802925297,0.2985876062123451,0.34035519834067934,0.07259373237604849,0.14707654627104427,0.07448281389499578,0.019440237990865243,3.8180505982720945,0.3303348437641723,0.25774111138812383,1,35.222392528311964,likely_nonlinear
brissogne,log_arrivi,57,0.6570384201099857,2.899948725122351,3.6888794541139363,4.209704312753908,0.13632598906541135,0.29135531992318553,7.408621182020125e-4,0.024004761560376342,0.02326389944217433,0.13429681058200196,0.3886176726796009,0.09022339949345992,0.08948253737525791,2,12.874643681743224,mostly_linear_or_weak
brissogne,lag24,57,0.07961387985324471,13.077023977447116,13.19238931509459,13.294397128933426,0.4390975649640338,0.38430127041742296,0.1781304292220226,0.16342297646595427,-0.014707452756068329,0.8563762221855324,-1.9651015457172036,0.24363321305165075,0.06550278382962815,2,8.150278382962815,mostly_linear_or_weak
brissogne,CDD,57,0,0,0,0,NA,NA,NA,NA,NA,NA,NA,NA,NA,NA,NA,insufficient_data_or_variation
brusson,temp,57,6.360271829472087,-0.6195609531182111,5.48350086628272,15.1795953037078,-0.3220282379651046,-0.3391236712470833,0.08740586215685398,0.5556628442578337,0.46825698210097977,3.2632801409932826e-10,40.06923472259639,0.6427366949541397,0.5553308327972857,1,104.35878148982654,likely_nonlinear
brusson,HDD,57,6.3602718294720875,2.8204046962922007,12.51649913371728,18.61956095311821,0.3220282379651046,0.3391236712470833,0.08740586215685398,0.555662844257834,0.46825698210098,3.2632801409934e-10,40.06923472259632,0.6427366949541375,0.5553308327972836,1,104.35878148982636,likely_nonlinear
brusson,log_arrivi,57,1.1047451875553158,5.944343209800471,7.534228326274089,8.230402097383761,0.4678398511840949,0.6253564946849884,0.20467183774424447,0.2858965271099738,0.08122468936572935,0.009395668861465227,5.186336503518094,0.42899135649364806,0.2243195187494036,2,33.3544208115133,likely_nonlinear
brusson,lag12,57,0.28407416639977945,12.22189403324812,12.526502604441758,12.92856689299725,0.8748806530226052,0.8738008815141304,0.7611509962520475,0.7691136903068143,0.007962694054766795,0.09450607282615557,0.9785511834958598,0.793970609091285,0.03281961283923751,0,4.0782306894004305,likely_nonlinear
brusson,lag24,57,0.27985116834865087,12.2257536265763,12.534426301190996,12.92736557231489,0.8976033638757559,0.8804122374902775,0.8021589224563725,0.800476606997946,-0.0016823154584265643,0.46715425075617445,-1.436741914632293,0.8297293804777334,0.027570458021360822,0,2.757045802136082,mostly_linear_or_weak
brusson,CDD,57,0,0,0,0,NA,NA,NA,NA,NA,NA,NA,NA,NA,NA,NA,insufficient_data_or_variation
challand saint anselme,HDD,57,6.448871588246185,0.13709807434176055,10.22646218179873,16.81347555499911,0.2343115429299497,0.27656991660670915,0.03771829731658072,0.3196574341370315,0.2819391368204508,9.866459604588557e-6,18.80841612701422,0.3788876896436306,0.3411693923270499,1,64.31085291475007,likely_nonlinear
challand saint anselme,temp,57,6.613366266373994,1.18652444500089,7.77353781820127,17.87013596428332,-0.22209939239586135,-0.2789084780917812,0.03204319719538562,0.31078213194870064,0.278738934753315,1.203287791984433e-5,18.40481266971303,0.35724537259049993,0.3252021753951143,1,62.394111014842935,likely_nonlinear
challand saint anselme,log_arrivi,57,1.5971960998486878,3.322699450745001,5.82600010738045,6.728264642532535,0.33394663594355634,0.47980812961372404,0.09536618030634547,0.13966291684240606,0.04429673653606059,0.055464893973692475,1.9076413698799257,0.2629270092243722,0.1675608289180267,1,21.98575654540873,likely_nonlinear
challand saint anselme,lag24,57,0.13421121151464663,11.327187567876877,11.487515345033014,11.683368978884982,0.745666409509831,0.7297122115633914,0.5479460014398537,0.553192797260776,0.005246795820922245,0.20500285923690534,-0.2886554032050128,0.578224870594392,0.030278869154538257,0,3.5525664975460503,mostly_linear_or_weak
challand saint anselme,lag12,57,0.1417845521310422,11.329592064267207,11.502632675484795,11.723768475758199,0.8410995375700556,0.8498185117967334,0.7021293126842105,0.704566967373131,0.002437654688920432,0.23317404113964732,-0.4857147105041548,0.7173507239900827,0.015221411305872179,0,1.765906599479261,mostly_linear_or_weak
challand saint anselme,CDD,57,0,0,0,0,NA,NA,NA,NA,NA,NA,NA,NA,NA,NA,NA,insufficient_data_or_variation
challand saint victor,temp,57,6.639271045483945,1.4633757275151542,8.07274976010734,18.25463432210422,-0.5711540346657562,-0.619328493647913,0.3139663300661524,0.40689264475334286,0.09292631468719048,0.0030619617316063326,7.342324316085232,0.45794151966631924,0.14397518960016686,1,25.690150428735734,likely_nonlinear
challand saint victor,HDD,57,6.4210516254005015,0,9.92725023989266,16.536624272484843,0.5828631367215201,0.6235892023284986,0.3277245168061006,0.4056079470389117,0.07788343023281108,0.005933959547525438,6.064258366248076,0.4736815651205386,0.145957048314438,1,24.38404785472491,likely_nonlinear
challand saint victor,log_arrivi,57,1.236855309059394,1.0986122886681098,3.4339872044851463,4.32801503686326,0.38599073702777437,0.4642869134649151,0.13351591905435867,0.21559626521485742,0.08208034616049875,0.012027257415206037,4.718534159623438,0.27696759435401774,0.14345167529965908,0,23.753202146015784,likely_nonlinear
challand saint victor,lag24,57,0.13664120599327592,10.896229889188263,11.037611762205596,11.198170607392338,0.67876137859356,0.7014519056261345,0.4509118637805968,0.44165236110237593,-0.009259502678220843,0.7680100034599402,-1.907299207933832,0.4790562322562164,0.02814436847561963,0,2.814436847561963,mostly_linear_or_weak
challand saint victor,lag12,57,0.15388841455128371,10.906177242768631,11.106700067915655,11.279861207429292,0.7208652177109238,0.778260305937257,0.5109129650527885,0.5020799495239701,-0.008833015528818433,0.8766813512530262,-1.974345727343163,0.5302704249971391,0.019357459944350563,0,1.9357459944350563,mostly_linear_or_weak
challand saint victor,CDD,57,0,0,0,0,NA,NA,NA,NA,NA,NA,NA,NA,NA,NA,NA,insufficient_data_or_variation
chambave,temp,57,6.868095665509752,1.2354837418817401,8.61139363740767,18.54491979364324,-0.5151173899477989,-0.5251490795955407,0.2519885786162085,0.3827213350260723,0.13073275640986382,7.914231033218342e-4,9.995468671419516,0.42446619000008523,0.17247761138387674,1,32.321036779374055,likely_nonlinear
chambave,HDD,57,6.5413617344315735,0,9.38860636259233,16.76451625811826,0.5395619418315375,0.5356549976817968,0.2782384906925308,0.36923174938810965,0.09099325869557884,0.004206457251084607,6.727006750810261,0.40506007049026105,0.12682157979773023,1,23.781483849330908,likely_nonlinear
chambave,lag24,57,0.09372103821980289,11.649479860122716,11.754608100548191,11.849528653153179,0.8093912867165174,0.8369847031371535,0.6488436051037616,0.6836384328488188,0.034794827745057155,0.01039978925897511,4.993619164860036,0.7292161693155307,0.08037256421176908,0,12.716739195682623,likely_nonlinear
chambave,lag12,57,0.09965229313627416,11.660060183191016,11.775804981288069,11.901810374421203,0.7321221807276551,0.6836919885921703,0.5275665763772971,0.5475690748080679,0.020002498430770843,0.06942835448846042,1.511819778698083,0.5837731143996947,0.05620653802239761,0,7.6209036453168455,likely_nonlinear
chambave,log_arrivi,57,0.9921900628922545,3.9039419225011383,4.605170185988092,5.04973324233627,0.20576214145710284,0.09225283804948513,0.024926023563503263,0.009116315856840251,-0.015809707706663012,0.7277362060117119,-1.8708764851810713,0.06922831664123741,0.044302293077734145,3,6.830229307773415,mostly_linear_or_weak
chambave,CDD,57,0,0,0,0,NA,NA,NA,NA,NA,NA,NA,NA,NA,NA,NA,insufficient_data_or_variation
chamois,HDD,57,5.702308163234711,6.00206846780322,15.3176819489135,20.20120616812274,0.7260362365776426,0.7093596059113302,0.5185309553115329,0.644412517440665,0.12588156212913204,3.3625795310922924e-5,16.320927254406357,0.7342681568936893,0.21573720158215637,1,36.16187637112884,likely_nonlinear
chamois,temp,57,5.702308163234711,-2.2012061681227437,2.6823180510865,11.99793153219678,-0.7260362365776427,-0.7093596059113302,0.5185309553115329,0.6444125174406641,0.12588156212913115,3.362579531092506e-5,16.320927254406215,0.734268156893688,0.21573720158215504,1,36.16187637112862,likely_nonlinear
chamois,log_arrivi,57,2.379269683296823,0,5.3981627015177525,6.545837868493748,0.26775929272989873,0.3098085894695368,0.05481676682218328,0.10425473817436193,0.049437971352178645,0.04956156789722367,2.108097066221191,0.2550378100696702,0.2002210432474869,2,27.765901459966553,likely_nonlinear
chamois,lag12,57,0.5335295040720875,10.948273469272841,11.438869799140814,12.421898195902674,0.908620090342111,0.9101633393829403,0.8224193861837295,0.8192670908527766,-0.003152295330952848,0.8408672573727775,-1.9570501886555185,0.8547392598779973,0.03231987369426781,0,3.231987369426781,mostly_linear_or_weak
chamois,lag24,57,0.546201453969071,10.934145352126178,11.35401179341874,12.435778196879925,0.9138032538449712,0.9169691470054449,0.832037048314708,0.830996641261451,-0.0010404070532570309,0.41963311040599927,-1.3060831883860171,0.8395825308620826,0.007545482547374527,0,0.7545482547374527,mostly_linear_or_weak
chamois,CDD,57,0,0,0,0,NA,NA,NA,NA,NA,NA,NA,NA,NA,NA,NA,insufficient_data_or_variation
champdepraz,temp,57,6.3351198602653325,-0.3002508727201816,5.57995328318119,15.45389275556358,-0.6933715440591203,-0.7883069743323828,0.47132344534930837,0.5528593155003649,0.08153587015105657,0.0016128767386026114,8.593602767191527,0.5968599502157179,0.12553650486640955,1,22.70723750174661,likely_nonlinear
champdepraz,HDD,57,6.332595455438964,2.54610724443642,12.42004671681881,18.300250872720184,0.6935375659923955,0.7883069743323828,0.47155788917797703,0.552849662113643,0.08129177293566592,0.0016348372226856387,8.567089704442338,0.5971808159993564,0.12562292682137932,1,22.691469975704525,likely_nonlinear
champdepraz,log_arrivi,57,2.018990977908321,0,5.25227342804663,5.891280466846077,-0.03997507527344779,-0.08688182297512417,-0.016554756872461773,-0.0077763527710896785,0.008778404101372095,0.22920707324494116,-0.4597410653795677,0.16458306019444702,0.1811378170669088,2,20.59162211682809,mostly_linear_or_weak
champdepraz,lag12,57,0.11773166627987876,11.208922790806199,11.333463814742142,11.51355468670431,0.7920585114615261,0.8524112004148304,0.6205813525891664,0.6396625518001035,0.019081199210937094,0.053041645840290266,1.9870585824220512,0.66109900911716,0.04051765652799366,0,5.959885573893075,likely_nonlinear
champdepraz,lag24,57,0.10853054148302507,11.208922790806199,11.31211809350167,11.512597409137166,0.7583149782796355,0.7546668395125746,0.5673150900338454,0.5737626539940279,0.006447563960182534,0.1815338870306547,-0.09833352148784513,0.5970798837546587,0.02976479372081331,1,4.421235768099584,mostly_linear_or_weak
champdepraz,CDD,57,0,0,0,0,NA,NA,NA,NA,NA,NA,NA,NA,NA,NA,NA,insufficient_data_or_variation
champorcher,temp,57,6.110348697024454,-0.6886629198123166,4.48847657772775,14.201359598996921,-0.44762578659806723,-0.45210007778065864,0.18583009655167537,0.4391852819688292,0.25335518541715385,4.7572820715809274e-06,20.294274875987234,0.5638449769940618,0.3780148804423864,1,65.13700658595403,likely_nonlinear
champorcher,HDD,57,6.110348697024454,3.7986404010030794,13.51152342227225,18.688662919812316,0.4476257865980672,0.45210007778065864,0.18583009655167526,0.4391852819688292,0.25335518541715396,4.7572820715809274e-06,20.294274875987234,0.5638449769940597,0.3780148804423844,1,65.13700658595383,likely_nonlinear
champorcher,log_arrivi,57,1.6785447019915427,2.7258214966192127,5.375278407684165,6.887169945949105,0.4334258824779683,0.5171765620948925,0.1730917773400208,0.19173359247184607,0.01864181513182528,0.13785394407187723,0.34561468593437183,0.3452042182072228,0.172112440867202,0,19.07542559990273,mostly_linear_or_weak
champorcher,lag12,57,0.3327335198284315,11.446336781296935,11.777149537383817,12.307893282956282,0.805871822658914,0.8196136893959036,0.6430553835475219,0.6502231518346572,0.007167768287135279,0.15050819331973642,0.20216068320571878,0.66626520881014,0.023209825262618056,0,3.0377593549753334,mostly_linear_or_weak
champorcher,lag24,57,0.33933916219019017,11.430427993276306,11.690050208357308,12.307893282956282,0.8000050552764398,0.7970572984184602,0.6334627809854546,0.63437215027274,9.093692872853554e-4,0.2910749513656158,-0.8125078667162882,0.6552813205842105,0.021818539598755904,0,2.272790888604126,mostly_linear_or_weak
champorcher,CDD,57,0,0,0,0,NA,NA,NA,NA,NA,NA,NA,NA,NA,NA,NA,insufficient_data_or_variation
charvensod,temp,57,6.3645344358708495,0.591876237951531,6.29043560206224,16.5231386083488,-0.6407770642527427,-0.6871273010111486,0.39987879600095233,0.5045868272481442,0.10470803124719186,7.996381861163469e-4,9.975054378906094,0.5557312365436291,0.15585244054267677,1,28.056047178986866,likely_nonlinear
charvensod,HDD,57,6.342978916704362,1.4768613916512003,11.709564397937761,17.40812376204847,0.6424841645689202,0.6871273010111486,0.40210928175312943,0.5040728948505588,0.1019636130974294,9.17387253545052e-4,9.703706260703754,0.558155340090934,0.1560460583378046,1,27.8009671435234,likely_nonlinear
charvensod,log_arrivi,57,1.134332367779576,5.852402013195665,7.293697720601438,7.741236279589993,0.017963601213791803,-0.022362301699554145,-0.01785326010473054,-0.030274091793493385,-0.012420831688762846,0.5640222876129914,-1.645458532361019,0.12399973307577972,0.14185299318051026,1,14.985299318051027,mostly_linear_or_weak
charvensod,lag12,57,0.11684861587291212,12.428371840283528,12.562126896879109,12.754052992993547,0.7570140200779496,0.7934923515685768,0.5653078670781171,0.6031931786662537,0.03788531158813657,0.01547983918326714,4.243643921433659,0.6400878085679749,0.07477994148985778,0,12.466525307799435,likely_nonlinear
charvensod,lag24,57,0.11588542150088989,12.428371840283528,12.535746827650387,12.731909890951316,0.8084615632982212,0.8700414830178897,0.6473121011366154,0.6491776981978872,0.001865597061271762,0.2606116149668065,-0.6517885347842594,0.685737587566666,0.038425486430050615,0,4.029108349132238,mostly_linear_or_weak
charvensod,CDD,57,0,0,0,0,NA,NA,NA,NA,NA,NA,NA,NA,NA,NA,NA,insufficient_data_or_variation
chatillon,HDD,55,6.528068397050143,0,9.23569110461366,16.68117343501438,0.34962639678887325,0.6480130936406031,0.10567708180952406,0.2716573869970593,0.16598030518753526,6.751889770579159e-4,10.338895316499631,0.31883954854873364,0.21316246673920958,1,39.91427719267448,likely_nonlinear
chatillon,temp,55,6.9004428449152115,1.318826564985622,8.76430889538634,18.736293905740638,-0.3420180317211631,-0.6595238095238094,0.10031551013604756,0.23689595156078502,0.13658044142473746,0.0020973851332532077,8.103386726339437,0.30709448964387587,0.2067789795078283,1,36.33594209325658,likely_nonlinear
chatillon,log_arrivi,55,0.7418300198281765,6.926004435097998,7.8119734296220225,8.151477366748622,-0.2929324998975351,-0.1085137085137085,0.06856057118482684,0.11963833633451548,0.05107776514968865,0.04869264558404167,2.149560414504359,0.16798147720047674,0.0994209060156499,1,17.049867116533857,likely_nonlinear
chatillon,lag24,53,0.19230203994759704,13.459402623075468,13.580563872917224,13.785344755573506,0.20154116768972136,0.5407998709885502,0.02180744702420212,0.04643573167803816,0.02462828465383604,0.13424937691656577,0.4010238650297744,0.14736355595384165,0.12555610892963953,0,15.018439358347557,mostly_linear_or_weak
chatillon,lag12,53,0.24021218397773716,13.45109165413794,13.574434679252128,13.801124484715015,0.1969628847676325,0.540316078051927,0.01994720891669577,0.007071440467052326,-0.012875768449643443,0.5632190380742077,-1.6422315252174098,0.15141459707423843,0.13146738815754266,2,14.746738815754266,mostly_linear_or_weak
chatillon,CDD,55,0.012336526077598102,0,0,0,NA,NA,NA,NA,NA,NA,NA,NA,NA,NA,NA,insufficient_data_or_variation
cogne,temp,57,5.92839180905475,-1.347707248052908,3.82920050988043,13.5189350921455,-0.006400784136710206,-0.04705729841845995,-0.018140103234479454,0.2044325988090121,0.22257270204349155,1.6591041367191206e-4,13.106503660189537,0.3320052010966975,0.35014530433117697,1,59.27180063746685,likely_nonlinear
cogne,HDD,57,5.92839180905475,4.4810649078545,14.17079949011957,19.347707248052906,0.006400784136710196,0.04705729841845995,-0.018140103234479454,0.2044325988090122,0.22257270204349167,1.6591041367191288e-4,13.106503660189524,0.33200520109668896,0.3501453043311684,1,59.271800637466,likely_nonlinear
cogne,log_arrivi,57,1.259305193664567,6.044272514181328,8.464425125877582,9.201303984422857,0.6821044458936293,0.7554446460980038,0.4555440473825426,0.5064171787155827,0.050873131333040056,0.012555609735263195,4.637394274674904,0.5946406254409633,0.13909657805842068,2,21.796970939146075,likely_nonlinear
cogne,lag12,57,0.2809842020616815,12.821656313824842,13.132289945598929,13.498780788890578,0.7818642292385979,0.7444257194710917,0.6042446124712835,0.6004638945676166,-0.0037807179036668526,0.49159461383431546,-1.49604515174682,0.6343021645508432,0.030057552079559735,0,3.0057552079559735,mostly_linear_or_weak
cogne,lag24,57,0.2745930897664,12.811148652713937,13.1436100595904,13.476752690957218,0.7451887769000358,0.7329530723360126,0.547220973458089,0.5507822621069591,0.0035612886488701756,0.23601636454340924,-0.5039987944763524,0.5716393971459615,0.024418423687872504,0,2.797971233674268,mostly_linear_or_weak
cogne,CDD,57,0,0,0,0,NA,NA,NA,NA,NA,NA,NA,NA,NA,NA,NA,insufficient_data_or_variation
courmayeur,HDD,57,5.815007211714587,4.275845480879541,14.49541895437295,19.27377412014227,0.6175278782068395,0.6474591651542652,0.3700923290965069,0.5207636770620123,0.1506713479655054,7.77718467447047e-5,14.628527358222613,0.6161272855353217,0.2460349564388148,2,42.470630440432025,likely_nonlinear
courmayeur,temp,57,5.815007211714587,-1.2737741201422739,3.50458104562705,13.724154519120459,-0.6175278782068395,-0.6474591651542652,0.3700923290965069,0.5207636770620122,0.1506713479655053,7.777184674470533e-5,14.628527358222598,0.6161272855353224,0.24603495643881546,1,41.67063044043208,likely_nonlinear
courmayeur,log_arrivi,57,1.224739481622606,7.60598090658936,9.705219523912486,10.686656511894595,0.10473561417554783,-0.053279751101892675,-0.007012822961875553,-0.01243260800452961,-0.005419785042654057,0.4046213555829523,-1.2600528834325857,0.3187378949531201,0.32575071791499566,2,34.17507179149957,mostly_linear_or_weak
courmayeur,lag24,57,0.2805429925852369,14.348541601486065,14.593181774644762,15.035599769196642,0.6734803967797316,0.6771454498314753,0.4436408602074301,0.4422267747401314,-0.001414085467298709,0.3577093910078629,-1.0987909071308462,0.46640766873702844,0.022766808529598337,0,2.2766808529598337,mostly_linear_or_weak
courmayeur,lag12,57,0.3187205666433278,14.237780576695684,14.570877323005313,15.028340212397595,0.770959435348552,0.7770935960591135,0.5870035136975574,0.5794994931040983,-0.007504020593459115,0.8923146598876537,-1.9804752782220767,0.5917173387806243,0.004713825083066836,0,0.4713825083066836,mostly_linear_or_weak
courmayeur,CDD,57,0,0,0,0,NA,NA,NA,NA,NA,NA,NA,NA,NA,NA,NA,insufficient_data_or_variation
donnas,temp,57,6.453484528173248,2.3530360297235102,8.54372416253236,18.7947419236433,-0.251032595948969,-0.24967591392273794,0.04598131630576696,0.22204653189700752,0.17606521559124055,5.615980592425959e-4,10.67484386011418,0.28026272693213716,0.2342814106263702,1,43.03466262176107,likely_nonlinear
donnas,HDD,57,6.176534574444146,0,9.45627583746764,15.64696397027649,0.27642930741432986,0.2543106284076005,0.059620674033885934,0.19705967538800961,0.13743900135412368,0.0021270405176192584,8.052068284169792,0.2601743215918675,0.20055364755798155,1,35.79926489121053,likely_nonlinear
donnas,log_arrivi,57,1.3917486973885973,3.5462094765384435,5.0238805208462765,6.055836268925857,0.22294479108219684,0.07095394083655764,0.03242627768651507,0.017182220886774457,-0.015244056799740613,0.7030020589672588,-1.845129364465521,0.16484555329266026,0.1324192756061452,2,14.841927560614518,mostly_linear_or_weak
donnas,lag12,57,0.11643614074050662,12.33288804679136,12.470695895030158,12.617834927408072,0.7449213593412144,0.7369069224786104,0.5468152467228136,0.5393995628462463,-0.007415683876567214,0.7363923584306215,-1.8792689610808253,0.5779335773606904,0.031118330637876834,2,4.711833063787683,mostly_linear_or_weak
donnas,lag24,57,0.09248819520518997,12.323829426179323,12.412338567567586,12.555592127314588,0.6059623331769435,0.624837956961369,0.35568471921523204,0.3457237658418866,-0.00996095337334546,0.6883128361673349,-1.8285626538187358,0.400607641748443,0.04492292253321095,0,4.492292253321095,mostly_linear_or_weak
donnas,CDD,57,0,0,0,0,NA,NA,NA,NA,NA,NA,NA,NA,NA,NA,NA,insufficient_data_or_variation
doues,lag12,57,0.32020288341251685,8.376869430057813,8.8771028978649,9.233059472766985,0.29207056511101837,0.31034482758620696,0.06867440073162023,0.17779765703714623,0.109123256305526,0.005676716643251001,6.149378999987142,0.30449603825317206,0.23582163752155183,2,37.29448938270779,likely_nonlinear
doues,temp,57,6.18163617577975,0.08194121250586751,5.8833503034399,15.63921890420798,-0.032568287383733664,-0.04232564169043299,-0.017101839505197614,-0.03592984022811985,-0.018828000722922233,0.984595137715241,-1.9996028161373474,0.009596640260540523,0.026698479765738137,3,5.069847976573814,mostly_linear_or_weak
doues,HDD,57,6.181636175779751,2.3607810957920203,12.1166496965601,17.918058787494132,0.032568287383733664,0.04232564169043299,-0.017101839505197614,-0.03592984022811985,-0.018828000722922233,0.9845951377152417,-1.9996028161373474,0.009596640260539302,0.026698479765736916,3,5.069847976573692,mostly_linear_or_weak
doues,log_arrivi,57,1.458014257970966,3.032401063681566,4.90527477843843,5.987125329272709,0.2602000152409225,0.1859228906541694,0.05075321243921971,0.033204092428344656,-0.017549120010875052,0.9677576590552186,-1.9982593493885616,0.08116310544340177,0.030409893004182065,2,4.640989300418207,mostly_linear_or_weak
doues,lag24,57,0.24043993365255653,8.376869430057813,8.655388690167637,9.030794815901775,-0.5936074826370061,-0.6199118485869848,0.3405947496870554,0.328407018040511,-0.012187731646544409,0.9655052762660852,-1.9980075013813945,0.3709994543068731,0.030404704619817702,0,3.04047046198177,mostly_linear_or_weak
doues,CDD,57,0,0,0,0,NA,NA,NA,NA,NA,NA,NA,NA,NA,NA,NA,insufficient_data_or_variation
emarese,temp,57,6.85951864881953,2.0267257157980043,9.2055800010816,19.489396777371102,-0.17165375255870907,-0.24189784806844702,0.01181892005416818,0.23775286804416107,0.2259339479899929,1.149433952729921e-4,13.842823712712175,0.287076628829419,0.2752577087752508,1,52.11916567652437,likely_nonlinear
emarese,HDD,57,6.331812510020253,0,8.7944199989184,15.973274284201995,0.21671043038932494,0.24913969375731357,0.029635472651154737,0.20119380245333796,0.17155832980218322,7.373437004087798e-4,10.135447110033923,0.2803642514784568,0.25072877882730205,1,44.228710862948525,likely_nonlinear
emarese,log_arrivi,57,1.1652457715190145,1.9643687126991236,3.4339872044851463,4.514732578479499,0.33364881085759474,0.2654778563463254,0.09516373860462657,0.1161527717335773,0.02098903312895073,0.1347001522058578,0.38367789076801273,0.3790747971593127,0.2839110585546861,2,32.090009168363686,mostly_linear_or_weak
emarese,lag24,57,0.11894104130447379,10.142264601672725,10.275706066850656,10.434214990997138,0.6583176986585049,0.8106689136634692,0.42308005041006114,0.42599058381233956,0.0029105334022784257,0.26310516713878396,-0.6658090191897088,0.49107187616316306,0.06799182575310192,2,8.690235915538034,mostly_linear_or_weak
emarese,lag12,57,0.11799216268143638,10.154253732399901,10.287081896226075,10.45922054520702,0.6330279305316485,0.799649987036557,0.38982844012105844,0.3903115915295291,4.831514084706612e-4,0.3115440733379384,-0.9089469760999549,0.4443264879855373,0.05449804786447887,2,7.0981199272949524,mostly_linear_or_weak
emarese,CDD,57,0.0983415235472079,0,0,0,NA,NA,NA,NA,NA,NA,NA,NA,NA,NA,NA,insufficient_data_or_variation
etroubles,HDD,57,5.737600692838838,5.358071905211021,15.12611445301035,19.71023051094909,-0.17346550980388273,-0.1364402385273529,0.012455560965912604,0.15033520346492368,0.13787964249901108,0.0026579286506822355,7.617537113918516,0.23825167895716093,0.22579611799124832,2,39.167576049025946,likely_nonlinear
etroubles,temp,57,5.737600692838838,-1.7102305109490878,2.87388554698965,12.64192809478898,0.1734655098038827,0.1364402385273529,0.012455560965912493,0.15033520346492324,0.13787964249901075,0.0026579286506823187,7.617537113918452,0.23825167895716437,0.22579611799125188,1,38.36757604902626,likely_nonlinear
etroubles,log_arrivi,57,1.6847091846630355,4.1663176523634355,6.39024066706535,8.022246985999436,0.6126946334795466,0.5956474535305879,0.3640382541472653,0.3686067951597305,0.004568541012465177,0.24224542844739266,-0.5431519251514629,0.5182374898167156,0.15419923566945026,2,17.476777668191545,mostly_linear_or_weak
etroubles,lag24,57,0.17334783089640038,11.048083892531952,11.234018115123202,11.488009332267923,0.6285014531507461,0.6547835105003891,0.3840143325510079,0.40286820553401215,0.018853872983004227,0.10387687906217936,0.8177941179129533,0.45496119656175926,0.07094686401075134,2,10.580073699375557,mostly_linear_or_weak
etroubles,lag12,57,0.18929628104825846,11.053217437573476,11.293861082522517,11.523481910861392,0.8581277373631103,0.8510500388903295,0.7315901811525122,0.7274809354637449,-0.004109245688767249,0.6811538511768183,-1.8201334944556322,0.7465032391221067,0.014913057969594523,0,1.4913057969594523,mostly_linear_or_weak
etroubles,CDD,57,0,0,0,0,NA,NA,NA,NA,NA,NA,NA,NA,NA,NA,NA,insufficient_data_or_variation
fenis,temp,57,6.304088790606463,-0.17551668451970476,5.50181643555131,15.38780012026918,-0.373666975094824,-0.3819030334456832,0.12398386297245256,0.28552397253310235,0.1615401095606498,5.645341742956147e-4,10.664499706265545,0.3396625620407242,0.21567869906827164,1,39.72188086289214,likely_nonlinear
fenis,HDD,57,6.304088790606462,2.6121998797308197,12.49818356444869,18.175516684519703,0.37366697509482405,0.3819030334456832,0.12398386297245256,0.28552397253310247,0.1615401095606499,5.645341742956177e-4,10.66449970626553,0.339662562040712,0.21567869906825943,1,39.721880862890934,likely_nonlinear
fenis,log_arrivi,57,1.3981219743116016,4.968341682115922,6.375024819828097,7.02000726766013,0.23045333358783673,0.19853834813256332,0.03589253421559668,0.028499162892166252,-0.007393371323430431,0.44906814823524044,-1.3895427900896635,0.10620180232187248,0.0703092681062758,2,8.63092681062758,mostly_linear_or_weak
fenis,lag12,57,0.09822103896026313,11.995055832577773,12.086404709564805,12.256554789972324,0.8068719629072436,0.8270028519574801,0.6446976802444375,0.6490686561027894,0.004370975858351889,0.19977261264188964,-0.24852863664585811,0.6897427112752799,0.04504503103084234,2,6.541600688919424,mostly_linear_or_weak
fenis,lag24,57,0.08964495473349698,11.995055832577773,12.073523627360677,12.230137568691722,0.7029386571965152,0.6794140523723102,0.4849249877045334,0.4837593977318331,-0.0011655899727003316,0.3535159938167943,-1.0829416263547387,0.5145465753895391,0.029621587685005668,0,2.962158768500567,mostly_linear_or_weak
fenis,CDD,57,0,0,0,0,NA,NA,NA,NA,NA,NA,NA,NA,NA,NA,NA,insufficient_data_or_variation
fontainemore,temp,57,6.442061596372306,0.440787087489193,6.69906794281447,16.73265262667988,-0.5026044910154119,-0.5534742027482501,0.23902238846865786,0.500758046203828,0.26173565773517016,1.2223558795019402e-6,23.072146580610877,0.5469496587167221,0.3079272702480642,1,58.96629279832344,likely_nonlinear
fontainemore,HDD,57,6.400021354387899,1.2673473733201193,11.30093205718553,17.559212912510805,0.5065143485735705,0.5530618529027412,0.243039635952924,0.5009263194917328,0.25788668353880884,1.4031362614684728e-6,22.789658547292746,0.5492069354543412,0.3061672995014172,1,58.4053983040226,likely_nonlinear
fontainemore,log_arrivi,57,1.7689182792614888,2.159915115418553,4.060443010546419,6.344297038719802,-0.2697254950522808,-0.233894259339099,0.05589278527540109,0.05562870149312105,-2.640837822800446e-4,0.3254865767517703,-0.9700407924505612,0.2072837487938164,0.1513909635184153,3,17.53909635184153,mostly_linear_or_weak
fontainemore,lag12,57,0.16663897258430793,10.783286301979047,11.018104415345954,11.208026595117524,0.7302319204798011,0.7577780658542911,0.5247520878273957,0.5285136490992449,0.003761561271849234,0.2355711250134896,-0.5011523100829862,0.5550666030255768,0.03031451519818107,0,3.4076076470030303,mostly_linear_or_weak
fontainemore,lag24,57,0.15827639613350022,10.821674931641262,11.02875800051622,11.21811579320681,0.5971065707390756,0.5914570910033706,0.3448369160346816,0.33828248714813036,-0.006554428886551222,0.5027471852143767,-1.5215089773472954,0.3753133557189101,0.03047643968422853,0,3.047643968422853,mostly_linear_or_weak
fontainemore,CDD,57,0,0,0,0,NA,NA,NA,NA,NA,NA,NA,NA,NA,NA,NA,insufficient_data_or_variation
gaby,lag12,55,0.45883867680947144,11.056842610914678,11.375053235961534,11.707111268135634,0.3341036083593742,0.9064213564213564,0.09486343283797571,0.35241883036780597,0.25755539752983025,1.9562719550251705e-5,17.463943730279965,0.4728253172027329,0.3779618843647572,0,64.75172818945875,likely_nonlinear
gaby,HDD,56,6.369766417492636,2.28700005706885,11.90351124797777,18.111993307004134,0.3658880230864621,0.5226930963773069,0.1178346759091955,0.2317162529001302,0.11388157699093471,0.004099283938765975,6.787099241243588,0.27846136573440816,0.16062668982521267,1,29.450826681614735,likely_nonlinear
gaby,temp,56,6.374530762040164,-0.11199330700413565,6.09648875202223,15.71299994293115,-0.36564596213723577,-0.5226930963773069,0.11765432091665873,0.23147314634375782,0.11381882542709909,0.0041125842518939726,6.780829865758932,0.2770771529785009,0.15942283206184216,1,29.324165748894124,likely_nonlinear
gaby,log_arrivi,56,1.407463028288091,4.330733340286331,5.937449175001129,7.006645586035379,0.14763167790400228,0.3953925577063633,0.003680206993357471,0.07124537270016329,0.06756516570680582,0.03071855702950171,2.9792869319738884,0.1857051109912231,0.18202490399786564,2,27.759006970467144,likely_nonlinear
gaby,lag24,56,0.2267262413223753,11.057435541658009,11.371378188887347,11.699805213041614,0.6025429431675047,0.8886534518113465,0.35126277610838363,0.37005209352972146,0.018789317421337826,0.11208640143040095,0.6926337788389105,0.4026544391682314,0.05139166305984777,0,7.018098048118559,mostly_linear_or_weak
gaby,CDD,56,0,0,0,0,NA,NA,NA,NA,NA,NA,NA,NA,NA,NA,NA,insufficient_data_or_variation
gignod,lag24,57,0.341522627953946,10.50744828018655,10.908375070640925,11.36121599289492,-0.050112971822911155,-0.004666839512574541,-0.015624848056077445,0.11054481328466281,0.12616966134074026,0.004476221570217461,6.606961755963302,0.4056659850866383,0.42129083314271576,2,57.546049448345606,likely_nonlinear
gignod,lag12,57,0.29427054186661405,10.50744828018655,10.87109857843334,11.261912983608163,0.14820496388952525,0.305159450350013,0.004182251527341196,0.1387199891485369,0.1345377376211957,0.0030987219057878306,7.319142532264509,0.25840276390711847,0.2542205123797773,1,40.875825000097294,likely_nonlinear
gignod,log_arrivi,57,1.1578737497620186,4.524972162342536,5.877735781779639,7.2192334744679485,0.09743074768702889,0.025085075365629535,-0.008516472121603558,-0.009528405868496792,-0.0010119337468932343,0.3353629562289706,-1.0112635614173708,0.2518049341149501,0.26032140623655364,1,26.832140623655366,mostly_linear_or_weak
gignod,temp,57,6.367996766606494,0.33196651793790494,6.318085044703,16.31345198816466,-0.5542754698027546,-0.6284029038112524,0.29462531999642916,0.29744742310102656,0.0028221031045974065,0.27407705735041177,-0.7255928409103944,0.3431841246947933,0.048558804698364155,1,5.9380907802961564,mostly_linear_or_weak
gignod,HDD,57,6.350434802165201,1.6865480118353404,11.681914955297,17.668033482062096,0.5543368605660384,0.6284029038112524,0.2946946159818882,0.2974282764367735,0.0027336604548853227,0.27542791238644637,-0.7327461938588868,0.3451277979119769,0.05043318193008872,0,5.3166842384974045,mostly_linear_or_weak
gignod,CDD,57,0,0,0,0,NA,NA,NA,NA,NA,NA,NA,NA,NA,NA,NA,insufficient_data_or_variation
gressan,temp,57,6.4747313934658655,0.3270921115730989,6.49134966375727,16.60629145424604,-0.7363060386815617,-0.7153876069484056,0.5338219750098238,0.6790642455228839,0.14524227051306016,4.6849663092270985e-6,20.325518686655748,0.7844607119349419,0.2506387369251182,1,41.58810074381783,likely_nonlinear
gressan,HDD,57,6.448201391040769,1.3937085457539604,11.50865033624273,17.672907888426902,0.738156241801522,0.7153876069484056,0.5365996307161944,0.6791466989891427,0.14254706827294827,5.497122387935803e-6,19.999522500286844,0.7868659050219731,0.25026627430577864,1,41.28133425787269,likely_nonlinear
gressan,log_arrivi,57,1.3600715681128728,5.483243676052767,7.129297548929373,8.725956264096638,0.4932526972441203,0.47547438874515774,0.22954000921748308,0.3447445470910139,0.1152045378735308,0.001895113148259134,8.277766998686182,0.41260349278867214,0.18306348357118907,2,32.62680214447199,likely_nonlinear
gressan,lag24,57,0.42155872334027944,13.214201125917679,13.546788928205396,14.256128094656304,0.8979208699845195,0.9064039408866997,0.8027393776401898,0.7992316715810874,-0.0035077060591023335,0.8440475581866738,-1.958771852575147,0.8137445026592633,0.01100512501907358,0,1.100512501907358,mostly_linear_or_weak
gressan,lag12,57,0.427094868519129,13.232929300517538,13.570572471822636,14.300047355643288,0.930652867997276,0.9382291936738398,0.8636804836335846,0.862215930694717,-0.0014645529388676026,0.5219766106870621,-1.5632141625747806,0.8733888726523488,0.00970838901876414,0,0.9708389018764141,mostly_linear_or_weak
gressan,CDD,57,0,0,0,0,NA,NA,NA,NA,NA,NA,NA,NA,NA,NA,NA,insufficient_data_or_variation
gressoney la trinite,temp,57,5.268229608912472,-2.123374860226822,1.91459667707725,10.281637078321399,-0.6186017572591431,-0.5628078817733991,0.3714439183401751,0.4549390707275829,0.08349515238740779,0.0033462294777326447,7.1699780808188365,0.6519240226513991,0.28048010431122405,2,39.19752566986319,likely_nonlinear
gressoney la trinite,HDD,57,5.268229608912471,7.718362921678599,16.08540332292275,20.12337486022682,0.6186017572591431,0.5628078817733991,0.3714439183401751,0.454939070727582,0.0834951523874069,0.0033462294777328303,7.169978080818709,0.6519240226513998,0.2804801043112247,2,39.19752566986316,likely_nonlinear
gressoney la trinite,log_arrivi,57,2.219538787509126,3.97797902493907,8.023879992734878,9.282213067401633,0.2460024910699282,0.1608763287529168,0.043435720623748564,0.02594640791479752,-0.017489312708951044,0.9115181310146777,-1.9868442187211883,0.3339644940211054,0.29052877339735683,1,29.852877339735684,mostly_linear_or_weak
gressoney la trinite,lag24,57,0.5091218758534107,12.354715009722609,12.887509021512047,13.656270424269186,0.7818829073624165,0.7971869328493649,0.6042743513859692,0.5977783178217928,-0.0064960335641763844,0.739478938833837,-1.8821856478212737,0.6406963445059652,0.036421993119996054,0,3.6421993119996054,mostly_linear_or_weak
gressoney la trinite,lag12,57,0.5064754994158386,12.347127972420653,12.894571539525613,13.726919723507143,0.8678668887957645,0.8854679802955667,0.7487055355165511,0.7445545668526743,-0.004150968663876764,0.7457094959599249,-1.887952961794248,0.7690959399934008,0.0203904044768497,0,2.03904044768497,mostly_linear_or_weak
gressoney la trinite,CDD,57,0,0,0,0,NA,NA,NA,NA,NA,NA,NA,NA,NA,NA,NA,insufficient_data_or_variation
gressoney saint jean,temp,57,5.967949427790927,-0.954589735694296,4.31243967244227,13.68947616776414,-0.4322307281611605,-0.43498833290121863,0.1720383733188492,0.5922836369094755,0.4202452635906263,4.450757082014446e-10,39.42441958505403,0.720111939568962,0.5480735662501128,1,98.83188298407391,likely_nonlinear
gressoney saint jean,HDD,57,5.967949427790927,4.31052383223586,13.68756032755773,18.954589735694295,0.4322307281611605,0.43498833290121863,0.1720383733188492,0.5922836369094744,0.4202452635906252,4.4507570820146713e-10,39.42441958505394,0.7201119395689619,0.5480735662501127,1,98.83188298407379,likely_nonlinear
gressoney saint jean,log_arrivi,57,1.1516897942142426,5.739521069862573,7.716015266642587,8.45328182097757,0.5141307710833627,0.6236712470832255,0.25095463977067767,0.30667082858052663,0.055716188809848965,0.02368506406347336,3.451696608928593,0.4887018178507504,0.23774717808007273,2,32.14633668899217,likely_nonlinear
gressoney saint jean,lag24,57,0.3167834612999583,12.180590049134624,12.482578748840943,13.01304908424862,0.8198798770251361,0.828364013481981,0.6662430675280379,0.6810386904915433,0.01479562296350545,0.06488668366172598,1.6304617268201618,0.7155696172531314,0.04932654972509354,0,6.4122172688599,likely_nonlinear
gressoney saint jean,lag12,57,0.3129465956515497,12.184408309003244,12.573745885865801,13.01304908424862,0.8840525662777511,0.8743194192377497,0.7775771024866841,0.7747133603726513,-0.002863742114032841,0.5856015022286913,-1.6833019080265998,0.798793880354734,0.021216777868049874,0,2.1216777868049874,mostly_linear_or_weak
gressoney saint jean,CDD,57,0,0,0,0,NA,NA,NA,NA,NA,NA,NA,NA,NA,NA,NA,insufficient_data_or_variation
hone,temp,57,6.646987735931023,3.430302461910996,9.9462534003958,20.49704753659162,-0.7436124566927118,-0.7739175525019447,0.5448314763985433,0.7220375919629474,0.17720611556440402,1.672397537013893e-7,27.15726636887365,0.7620274794993955,0.2171960031008522,1,41.44021186652562,likely_nonlinear
hone,HDD,57,5.897244412118529,0,8.0537465996042,14.569697538089002,0.7938222110290505,0.8035221740539957,0.6234292245907425,0.7030294742629035,0.07960024967216106,2.1562098791200326e-4,12.581868637640355,0.7420562164624553,0.11862699187171288,1,21.822724154387394,likely_nonlinear
hone,log_arrivi,57,1.0624819344829655,3.6017381218166435,4.418840607796598,5.430745314043728,-0.21340069573037135,-0.2529946791403594,0.028186036155264604,0.020218322055562843,-0.007967714099701761,0.46042582742118954,-1.4195256600225932,0.12421618436776127,0.09603014821249667,2,11.203014821249667,mostly_linear_or_weak
hone,lag24,57,0.16221683320973526,11.719804992959956,11.87449441370727,12.160395562685403,0.7657533189113275,0.7995851698211046,0.5788577480677779,0.5715728464351821,-0.007284901632595764,0.8000469946710208,-1.9316521198051362,0.634651773135589,0.05579402506781106,0,5.579402506781106,mostly_linear_or_weak
hone,lag12,57,0.1654449818817461,11.750786465981687,11.910795133956562,12.202589837189501,0.8305059004916984,0.8460591133004928,0.6840989607651922,0.6844106535488532,3.11692783661055e-4,0.3090916864532867,-0.8978306537823642,0.7140832982053924,0.029984337440200237,0,3.029603022386129,mostly_linear_or_weak
hone,CDD,57,0.08036589129560713,0,0,0,NA,NA,NA,NA,NA,NA,NA,NA,NA,NA,NA,insufficient_data_or_variation
introd,HDD,57,6.3448198965340445,1.494027638850919,11.66697559824113,17.45821594486374,0.7313945926743035,0.7899922219341459,0.5264823783785407,0.594284448945582,0.06780207056704124,0.002353607379422494,7.854500026904304,0.6387730716233735,0.11229069324483276,1,20.0092763811874,likely_nonlinear
introd,temp,57,6.3448198965340445,0.5417840551362628,6.33302440175887,16.50597236114908,-0.7313945926743035,-0.7899922219341459,0.5264823783785408,0.594284448945582,0.06780207056704113,0.0023536073794224836,7.854500026904276,0.6387730716233725,0.11229069324483165,1,20.009276381187277,likely_nonlinear
introd,log_arrivi,57,1.1713784938010037,4.75857238244439,5.840641657373398,6.650034450936232,-0.01808937069716683,-0.20230108582979273,-0.01784864329810376,0.020703844640532543,0.038552487938636304,0.08085104093877525,1.2468077491437484,0.0829645500349051,0.10081319333300887,1,14.736568127164517,likely_nonlinear
introd,lag24,57,0.13772490321131767,11.225213620962641,11.375810516214353,11.569982116800348,0.8265644598210147,0.8829401088929222,0.6774489663526464,0.6751666725443483,-0.0022822938082981414,0.436869829470638,-1.3559972381527956,0.7308030409219555,0.05335407456930907,0,5.335407456930907,mostly_linear_or_weak
introd,lag12,57,0.13872881599135137,11.264879186160478,11.408664344755703,11.6175660192193,0.8349889084380214,0.8990795955405758,0.6917011404366007,0.688345789843257,-0.0033553505933436867,0.5257594280464476,-1.5711033842946165,0.7329912123000353,0.041290071863434585,0,4.1290071863434585,mostly_linear_or_weak
introd,CDD,57,0,0,0,0,NA,NA,NA,NA,NA,NA,NA,NA,NA,NA,NA,insufficient_data_or_variation
issime,temp,57,6.30471293066721,-0.49762302487608034,5.49822230671038,15.11484605391096,-0.30634862546147185,-0.3610967072854551,0.07737401632798946,0.42305457510001354,0.3456805587720241,3.225615940113427e-7,25.806047521759083,0.4695639794127434,0.39218996308475396,1,75.78705218567781,likely_nonlinear
issime,HDD,57,6.30471293066721,2.88515394608904,12.50177769328962,18.497623024876077,0.30634862546147185,0.3610967072854551,0.07737401632798968,0.4230545751000142,0.3456805587720245,3.2256159401134093e-7,25.806047521759098,0.46956397941274286,0.3921899630847532,1,75.78705218567777,likely_nonlinear
issime,log_arrivi,57,0.8669595072831877,2.5649493574615367,4.02535169073515,4.57037407501416,0.10283016955423183,0.3143394295834627,-0.0074155190699833895,0.048623839726665175,0.056039358796648564,0.04432580486215378,2.308233893978908,0.12067053621103607,0.12808605528101946,3,22.0125414077668,likely_nonlinear
issime,lag12,57,0.10877829025718452,10.979216441243102,11.098454929447001,11.238609661063618,0.6510222104790206,0.7382680840031114,0.4133540988740242,0.46898131763514805,0.055627218761123864,0.011989448318616161,4.72448024397076,0.500415687807533,0.0870615889335088,1,16.268880769463266,likely_nonlinear
issime,lag24,57,0.10958131011376411,10.986099162098352,11.1094882991963,11.249370132149393,0.7215395334534707,0.7518796992481205,0.5119032855787293,0.5346674899330273,0.022764204354297934,0.06000496265064557,1.7682976289905525,0.5680901637975091,0.05618687821877977,0,7.89510825730777,likely_nonlinear
issime,CDD,57,0,0,0,0,NA,NA,NA,NA,NA,NA,NA,NA,NA,NA,NA,insufficient_data_or_variation
issogne,lag12,57,0.08910894154069994,12.012465366992581,12.10262696207712,12.244637357009683,0.4701918373178893,0.46765620948924047,0.20691818867819645,0.24039367115220622,0.03347548247400978,0.0697359381082807,1.5040870340745442,0.28468798968862574,0.0777698010104293,2,12.724528348443906,likely_nonlinear
issogne,lag24,57,0.09123859900763533,11.991739529513108,12.105777059212532,12.234653110178922,0.26782407610488773,0.2651672284158673,0.054852094573098586,0.05694475725297521,0.0020926626798766224,0.2941935045988263,-0.8277548286596499,0.11425986426413393,0.05940776969103534,1,6.950043237091196,mostly_linear_or_weak
issogne,log_arrivi,57,0.9380823903386001,2.1972245773362196,3.2188758248682006,4.09981903967172,-0.19685586416742737,-0.18442782130992558,0.021274999098142455,0.01813044033806166,-0.0031445587600807956,0.3680881706911465,-1.1369415934124305,0.08693170011339768,0.06565670101525523,0,6.565670101525523,mostly_linear_or_weak
issogne,temp,57,6.8433358797085155,2.169610525938732,9.36767178876048,19.58176135548906,-0.2998864846319749,-0.3128078817733991,0.07338521100428608,0.05860004588659551,-0.014785165117690569,0.7135344716806866,-1.8564174676623253,0.09336781645680414,0.019982605452518065,3,4.398260545251807,mostly_linear_or_weak
issogne,HDD,57,6.311668016401043,0,8.63232821123952,15.830389474061267,0.30214394667911165,0.3062531796891468,0.07476898205146398,0.05846421077706665,-0.016304771274397334,0.8281982976964857,-1.949826674829879,0.09361869719540128,0.018849715143937296,0,1.8849715143937296,mostly_linear_or_weak
issogne,CDD,57,0.05314561789766052,0,0,0,NA,NA,NA,NA,NA,NA,NA,NA,NA,NA,NA,insufficient_data_or_variation
jovencan,temp,57,6.814806085403743,1.4892164644773742,8.72634970752409,19.210471477603278,-0.8424025257464737,-0.8588929219600727,0.7043627793001128,0.7831045535002547,0.07874177420014183,2.78848999261883e-5,16.69980825628744,0.7979994246197125,0.0936366453195997,1,19.237841951974154,likely_nonlinear
jovencan,log_arrivi,57,0.5363056481773504,5.566363823311083,6.210600077024653,6.519705601852275,-0.07207926420688077,-0.08549529258467221,-0.012891935665420018,-0.026072029335960423,-0.013180093670540405,0.5902057465782419,-1.6910182530850761,0.11028323646291183,0.12317517212833184,2,13.917517212833184,mostly_linear_or_weak
jovencan,HDD,57,6.44299378066114,0,9.27365029247591,16.510783535522627,0.8610895852623158,0.8652237771973963,0.7367748242808145,0.782334318700501,0.04555949441968643,8.395814011035087e-4,9.87872432282309,0.7922806929479522,0.05550586866713769,1,12.106536308682411,likely_nonlinear
jovencan,lag12,57,0.18838877654977057,11.3333896025331,11.545276481854554,11.798651632596671,0.8631537652564402,0.8911070780399276,0.74039868470321335,0.7445635492185579,0.004164864515344591,0.17412269205941158,-0.032215429008530805,0.7807129986175891,0.04031431391437579,0,4.447917842972037,mostly_linear_or_weak
jovencan,lag24,57,0.19462004705375166,11.293292603140543,11.515342541485833,11.78599956823513,0.862624935264337,0.8713378273269382,0.7394694476477912,0.7406962100725787,0.0012267624247874753,0.26657903308195474,-0.6850688209381133,0.7619826581417255,0.022513210493934288,0,2.3739972918721763,mostly_linear_or_weak
jovencan,CDD,57,0,0,0,0,NA,NA,NA,NA,NA,NA,NA,NA,NA,NA,NA,insufficient_data_or_variation
la magdeleine,temp,57,5.829270853892155,-2.281553463968768,2.63505286250147,12.068000690710239,-0.36462992778903425,-0.3682649771188895,0.11719052940742614,0.4471661079897018,0.32997557858227566,3.3555826678712885e-7,25.724854754610377,0.5213915397794728,0.4042010103720467,1,75.41765889543223,likely_nonlinear
la magdeleine,HDD,57,5.829270853892155,5.93199930928976,15.364947137498529,20.28155346396877,0.36462992778903425,0.3682649771188895,0.11719052940742625,0.44716610798969847,0.3299755785822722,3.355582667871827e-7,25.724854754610007,0.5213915397794738,0.4042010103720476,1,75.41765889543198,likely_nonlinear
la magdeleine,log_arrivi,57,1.6610905240014178,0.4158883083359675,3.8066624897703196,4.965632097986345,0.38892055640272205,0.5384555068937238,0.1358275482688317,0.22017313816337503,0.08434558989454333,0.01092765331775387,4.89982500131822,0.3924672722306868,0.2566397239618551,2,36.89853138563984,likely_nonlinear
la magdeleine,lag24,57,0.33038434323057475,9.64510534912921,9.993739506513155,10.483163853785143,0.7958460927802605,0.8327985739750446,0.626705021637125,0.6260241923215674,-6.80829315557685e-4,0.3470423252372995,-1.0579631367650233,0.6932780581888004,0.06657303655167535,0,6.657303655167535,mostly_linear_or_weak
la magdeleine,lag12,57,0.3274229308035257,9.643964269517204,9.972033657571142,10.483163853785143,0.8395403510828837,0.8850105331388756,0.6994612374799434,0.6948069658414495,-0.0046542716384938565,0.68960586715643,-1.8300600607022375,0.7156658940462595,0.01620465656631609,0,1.620465656631609,mostly_linear_or_weak
la magdeleine,CDD,57,0,0,0,0,NA,NA,NA,NA,NA,NA,NA,NA,NA,NA,NA,insufficient_data_or_variation
la salle,HDD,57,6.157683472860923,3.13560887494984,13.46195182057614,18.511124761723405,0.4133963415752577,0.41988592170080385,0.15582192677740403,0.3545890216374834,0.19876709486007937,8.935648894407592e-5,14.349042590126516,0.4257072562125177,0.2698853294351137,1,48.8652424295193,likely_nonlinear
la salle,temp,57,6.157683472860923,-0.5111247617234059,4.53804817942386,14.86439112505016,-0.4133963415752577,-0.41988592170080385,0.15582192677740414,0.35458902163748307,0.19876709486007893,8.935648894407746e-5,14.349042590126473,0.42570725621251393,0.2698853294351098,1,48.86524242951887,likely_nonlinear
la salle,log_arrivi,57,0.8888086780538211,6.369616749983164,7.374001859350161,8.012191628182778,0.3423199586271454,0.4697951775991704,0.10113173505766393,0.18596385195020504,0.08483211689254111,0.01216902443640044,4.6964086984804965,0.30107161660977866,0.19993988155211473,3,32.07719984446558,likely_nonlinear
la salle,lag24,57,0.11091048623737815,12.70334713869185,12.836801721945301,12.991085966435177,0.7705940188026614,0.7538890329271456,0.5864299625746988,0.5810758325013228,-0.00535413007337604,0.5879734528451904,-1.6872924810658105,0.6017046198118778,0.015274657237179023,2,3.1274657237179024,mostly_linear_or_weak
la salle,lag12,57,0.11886317308032941,12.711025479990266,12.845655533885372,13.02769411793901,0.825265593038124,0.8274565724656471,0.6752644499444365,0.6797155118186031,0.004451061874166662,0.18966999571180795,-0.1674117403118487,0.6894348481231782,0.014170398178741772,0,1.8621460052908434,mostly_linear_or_weak
la salle,CDD,57,0,0,0,0,NA,NA,NA,NA,NA,NA,NA,NA,NA,NA,NA,insufficient_data_or_variation
la thuile,HDD,56,6.216045557258826,3.1928097141419,12.855649486796526,18.86496595765612,0.6439438497317679,0.6371838687628162,0.4038241201556543,0.47786191138721235,0.07403779123155807,0.004823797639534113,6.472562923035781,0.5544372314415338,0.1506131112858795,1,24.46509025174376,likely_nonlinear
la thuile,temp,56,6.216045557258826,-0.864965957656121,5.144350513203475,14.8071902858581,-0.6439438497317679,-0.6371838687628162,0.40382412015565405,0.4778619113872121,0.07403779123155807,0.004823797639534195,6.472562923035781,0.5541094994323377,0.15028537927668362,1,24.432317050824167,likely_nonlinear
la thuile,log_arrivi,56,1.836511836546773,4.834736310666642,8.316068549208046,9.292536344131118,0.24966175742190339,0.23814080656185918,0.04496675225082636,0.033679264212057025,-0.011287488038769333,0.5460182046226147,-1.6112209209661046,0.14723189348893417,0.10226514123810782,3,12.626514123810782,mostly_linear_or_weak
la thuile,lag24,56,0.4899470848736647,12.964139746978832,13.375822939294952,14.261006680099374,0.710933472984137,0.7248803827751196,0.49626763269464347,0.48856250644751753,-0.007705126247125937,0.6676342405269173,-1.8033354417442666,0.5357405215303276,0.03947288883568412,0,3.9472888835684117,mostly_linear_or_weak
la thuile,lag12,55,0.5477659587374929,12.926469950445671,13.349551538246724,14.302630775881758,0.6284970517340134,0.6512265512265512,0.3835936109069952,0.37836643333045805,-0.005227177576537123,0.45990350932873025,-1.4167873970907294,0.4097781607844617,0.026184549877466545,0,2.6184549877466545,mostly_linear_or_weak
la thuile,CDD,56,0,0,0,0,NA,NA,NA,NA,NA,NA,NA,NA,NA,NA,NA,insufficient_data_or_variation
lillianes,temp,57,6.580320932468767,2.18339814397081,8.66579703305903,18.9867428363805,-0.59572763605257,-0.6534871661913405,0.34316216938144994,0.5762826129380626,0.23312044355661266,7.649200901735629e-7,24.03301722761195,0.597428869345839,0.2542666999643891,1,50.738714352100175,likely_nonlinear
lillianes,HDD,57,6.237514625080666,0,9.33420296694097,15.816601856029191,0.6206601074121151,0.6535841642169778,0.37404113200432276,0.5688870747725043,0.19484594276818157,4.739221341475271e-6,20.302033080717663,0.6020150543480649,0.22797392234374214,1,44.28198651119237,likely_nonlinear
lillianes,log_arrivi,57,1.5643469700879133,2.3707462311488565,4.406719247264253,6.165876068164834,-0.20440388843355506,-0.3241377183688554,0.02435878505415212,0.020248462924924993,-0.004110322129227129,0.3843314275049261,-1.1937324955963788,0.2585257272151237,0.23416694216097156,3,25.816694216097154,mostly_linear_or_weak
lillianes,lag24,57,0.12791702633656993,10.549426863262036,10.695325555718965,10.87630463336456,0.6215244044046823,0.6063002333419757,0.37513426863915156,0.36425058963465806,-0.010883679004493496,0.8099098501313872,-1.9383568561512448,0.3964649678279193,0.021330699188767732,2,3.7330699188767733,mostly_linear_or_weak
lillianes,lag12,57,0.12116611994645855,10.542864445025163,10.671440675897315,10.833781142520245,0.6885679445356008,0.7099429608504021,0.46456446541001606,0.46467769757984434,1.1323216982828122e-4,0.3189976226211193,-0.942043646060057,0.4932910804327434,0.02872661502272733,1,3.6839847192555615,mostly_linear_or_weak
lillianes,CDD,57,0,0,0,0,NA,NA,NA,NA,NA,NA,NA,NA,NA,NA,NA,insufficient_data_or_variation
montjovet,temp,57,7.470094138945178,4.237565324413898,12.9739588189027,23.54401822870032,-0.48685479204215537,-0.5103059372569356,0.2231553628713987,0.32266200492746866,0.09950664205606996,0.003929105454400395,6.858889516908619,0.3821711668492077,0.159015803977809,1,27.852244603387895,likely_nonlinear
montjovet,lag24,57,0.09265182497934542,12.012713671598563,12.106152857788919,12.240819718458537,0.44340215805168726,0.4324604614985741,0.18199830056061972,0.21957946788728144,0.037581167326661724,0.06143576373482379,1.7266961773821237,0.2661848243281253,0.08418652376750557,3,14.57676910941673,likely_nonlinear
montjovet,log_arrivi,57,0.857755389651554,5.0824181788338425,6.124683390894205,6.6163951674239385,0.1058145943237303,0.1259176434684422,-0.0067815129304331645,-0.023828459269261026,-0.017046946338827862,0.7727444981299098,-1.9111502107361815,0.10059015861882181,0.10737167154925498,2,12.337167154925497,mostly_linear_or_weak
montjovet,lag12,57,0.10456951725913968,12.012713671598563,12.129472339321378,12.265791840545429,0.6237898770680562,0.6864143116411721,0.37800678910953533,0.3743529537188509,-0.0036538353906844234,0.4136261239090562,-1.287960097099031,0.4099074441515239,0.03190065504198858,2,4.790065504198858,mostly_linear_or_weak
montjovet,HDD,57,5.696228295814521,0,5.0260411810973,13.762434675586103,0.5728473567958551,0.5676895357405165,0.31593871408232155,0.31185555629852046,-0.0040831577838010835,0.4153894571733854,-1.2933203592740057,0.35068911646373446,0.034750402381412915,0,3.4750402381412915,mostly_linear_or_weak
montjovet,CDD,57,1.034386296154631,0,0,1.544018228700321,-0.07450460057690464,-0.07301910974244992,-0.012529956574564238,-0.023719424303861203,-0.011189467729296965,0.5303541875306106,-1.5805509307938905,NA,NA,1,NA,mostly_linear_or_weak
morgex,HDD,57,6.217439007527088,2.62910205324488,13.083071089093,18.18695077130658,-0.25208966317092707,-0.26769509981851186,0.04652282006449748,0.16787342732871657,0.12135060726421909,0.004039354954173472,6.805364024810572,0.22712851504323572,0.18060569497873824,2,32.99563022429574,likely_nonlinear
morgex,temp,57,6.217439007527088,-0.18695077130658289,4.916928910907,15.37089794675512,0.25208966317092707,0.26769509981851186,0.04652282006449748,0.16787342732871624,0.12135060726421876,0.004039354954173417,6.805364024810629,0.22712851504323106,0.18060569497873358,1,32.195630224295236,likely_nonlinear
morgex,log_arrivi,57,0.8237939990381542,5.84235298591137,6.776506992372183,7.611853021523845,0.45550436112352327,0.47755631203171994,0.1930748452389598,0.25015974323787715,0.05708489799891736,0.026739118522920127,3.2280322905587298,0.3063739499933287,0.11329910475436888,0,18.238400275328623,likely_nonlinear
morgex,lag24,57,0.08709817552026308,13.697186037825384,13.835009217498307,13.93381023286512,0.3443062027759243,0.33743842364532023,0.10252033874760924,0.12086353088121315,0.018343192133603914,0.1485939877315979,0.2229690268886486,0.21804674167865334,0.1155264029310441,1,14.186959506464802,mostly_linear_or_weak
morgex,lag12,57,0.09361589459116972,13.702329376154387,13.845994175151063,13.94609086477678,0.26184112976613866,0.2732045631319679,0.051625518641520096,0.03412332914815697,-0.01750218949336313,0.9539129382475138,-1.996441528987404,0.08594166240418222,0.03431614376266212,3,5.831614376266213,mostly_linear_or_weak
morgex,CDD,57,0,0,0,0,NA,NA,NA,NA,NA,NA,NA,NA,NA,NA,NA,insufficient_data_or_variation
nus,HDD,57,6.26877176132591,2.79714460956996,12.49530871590953,18.505047828073177,0.5676540399202706,0.619014438349977,0.3099080382930369,0.512961693507324,0.2030536552142871,9.388725726660592e-6,18.909379946406247,0.5551986162851554,0.2452905779921185,1,46.83442332064056,likely_nonlinear
nus,temp,57,6.26877176132591,-0.5050478280731769,5.50469128409047,15.202855390430038,-0.5676540399202706,-0.619014438349977,0.3099080382930369,0.5129616935073245,0.20305365521428753,9.38872572666042e-6,18.909379946406276,0.5551986162851461,0.24529057799210918,1,46.83442332063967,likely_nonlinear
nus,log_arrivi,57,1.1346103688227949,5.32788467477667,6.608000625296087,7.296541671107292,0.07778012079155847,0.12361043590990117,-0.01202207558800783,-0.029437688752808278,-0.017415613164800448,0.7930229348499737,-1.92665221750498,0.07619931401327629,0.08822138960128412,2,10.422138960128411,mostly_linear_or_weak
nus,lag12,57,0.1422286523778244,12.378614008802861,12.5324368245743,12.742814220319497,0.8187961126149577,0.8846864365580944,0.6644348390157944,0.669162087601553,0.004727248585758681,0.18703302787255768,-0.14540627939150852,0.7030209045855115,0.03858606556971711,0,4.331331415547579,mostly_linear_or_weak
nus,lag24,57,0.14250345926409141,12.339882681498938,12.494303317473731,12.695117327904423,0.8297317212347192,0.8873944678775246,0.6827902697544593,0.6779142883377085,-0.00487598141675083,0.6840800418728399,-1.8236073453850565,0.7161164415262682,0.033326171771808855,0,3.3326171771808855,mostly_linear_or_weak
nus,CDD,57,0,0,0,0,NA,NA,NA,NA,NA,NA,NA,NA,NA,NA,NA,insufficient_data_or_variation
ollomont,temp,57,5.466378743162321,-2.194652961507676,1.93265692876781,11.1484479396367,-0.269521936495704,-0.246629504796474,0.05578102105698346,0.282037131241213,0.22625611018422953,7.654696049667774e-5,14.66049547179167,0.37419879049210114,0.3184177694351177,1,56.46738796193472,likely_nonlinear
ollomont,HDD,57,5.466378743162321,6.8515520603633,16.06734307123219,20.194652961507675,0.269521936495704,0.246629504796474,0.05578102105698346,0.282037131241213,0.22625611018422953,7.654696049667774e-5,14.660495471791682,0.37419879049209936,0.3184177694351159,1,56.46738796193454,likely_nonlinear
ollomont,log_arrivi,57,1.8188851705233724,0,2.70805020110221,5.870975146871833,0.32111452985032035,0.34054799072996333,0.08680753294064647,0.06999429051372896,-0.016813242426917507,0.9402307790775697,-1.9940104981771647,0.12401678177696052,0.037209248836314046,0,3.7209248836314046,mostly_linear_or_weak
ollomont,lag24,57,0.3196893759359599,10.042747476347557,10.35891673868174,10.971908636172014,0.8568709268973649,0.8690692247861034,0.72939556327762,0.7253178521877578,-0.004077711089862213,0.6700744726647022,-1.8066191156860967,0.7607987718386053,0.03140320856098533,0,3.140320856098533,mostly_linear_or_weak
ollomont,lag12,57,0.30411772540170084,10.182900191864299,10.399707023912757,10.97667333830021,0.8792228922761076,0.8611615245009077,0.7689062196533157,0.7683171050493165,-5.891146039992412e-4,0.357824172903349,-1.099221148770141,0.7803720363352473,0.011465816681931584,0,1.1465816681931584,mostly_linear_or_weak
ollomont,CDD,57,0,0,0,0,NA,NA,NA,NA,NA,NA,NA,NA,NA,NA,NA,insufficient_data_or_variation
oyace,HDD,57,5.6642127238913895,5.7951678296926605,15.39773659940171,19.958671930754136,0.6508418348167035,0.6839512574539799,0.4131150047466199,0.48196281472274094,0.06884780997612105,0.005649933474119809,6.1584666505242325,0.5454407516179061,0.13232574687128618,2,22.917355684740723,likely_nonlinear
oyace,temp,57,5.6642127238913895,-1.9586719307541318,2.60226340059829,12.204832170307338,-0.6508418348167035,-0.6839512574539799,0.4131150047466202,0.4819628147227403,0.06884780997612006,0.005649933474119776,6.158466650524247,0.5454407516179032,0.13232574687128296,1,22.1173556847403,likely_nonlinear
oyace,lag24,57,0.09732287400003131,10.10185215539159,10.214678610538817,10.355993838603153,0.765929227363679,0.794140523723101,0.5791320828086455,0.5723360568897944,-0.00679602591885109,0.7240063338324798,-1.8671626559653447,0.6261478853954539,0.047015802586808375,2,6.301580258680838,mostly_linear_or_weak
oyace,lag12,57,0.10465632958349588,10.10185215539159,10.214678610538817,10.388720167319242,0.8035328319418744,0.7807881773399017,0.6392225576814137,0.6375752524097758,-0.0016473052716379222,0.3903039934963417,-1.213768007824143,0.6825634755401683,0.0433409178587546,0,4.33409178587546,mostly_linear_or_weak
oyace,log_arrivi,57,1.0041201065854366,0,0,2.302585092994046,-0.1653489417492713,-0.1375191203879761,0.009655550220106668,-0.008438559829229364,-0.018094110049336032,0.90912403925187,-1.9861195226392567,0.030365667205077163,0.020710116984970495,2,3.6710116984970496,mostly_linear_or_weak
oyace,CDD,57,0,0,0,0,NA,NA,NA,NA,NA,NA,NA,NA,NA,NA,NA,insufficient_data_or_variation
perloz,temp,57,6.566786286824453,1.6656673155009498,8.22883897891702,18.293559426941762,-0.6364646721801024,-0.6580891884884627,0.3942706840048399,0.5018884961476145,0.10761781214277466,7.152555665612923e-4,10.19562859445125,0.5306183387345841,0.1363476547297442,1,26.396546687251885,likely_nonlinear
perloz,HDD,57,6.370902858150624,0,9.77116102108298,16.33433268449905,0.6483792629004446,0.6656396135797525,0.40985740798767356,0.4988842284590411,0.08902682047136756,0.0018106984776146086,8.366941828776902,0.5320058315740619,0.12214842358638833,1,23.11752440577559,likely_nonlinear
perloz,lag24,57,0.10289302582095723,11.080020729918331,11.187846082621247,11.318813536357535,0.7745701657489771,0.8000388903292716,0.5926854678805475,0.6549150287712049,0.06222956089065734,0.0016950395459344098,8.496216647882136,0.6886455761899695,0.09596010830942192,0,17.018966920007927,likely_nonlinear
perloz,lag12,57,0.09069939251418023,11.109589235239818,11.205271950973945,11.351693613570966,0.7107736979404737,0.7512963443090487,0.49620287240550276,0.5032422182769958,0.007039345871493019,0.1878241005305397,-0.1520454928614754,0.5798545769827823,0.08365170457727955,0,9.069105044877258,mostly_linear_or_weak
perloz,log_arrivi,57,1.2777410448015012,2.0966988060238574,3.7612001156935624,4.836200347931675,0.1027819691966593,0.10504474922866247,-0.007425609840930436,-0.025440893378352536,-0.0180152835374221,0.85494497712931,-1.9643946988219483,0.05689021320057619,0.06431582304150663,2,8.031582304150662,mostly_linear_or_weak
perloz,CDD,57,0,0,0,0,NA,NA,NA,NA,NA,NA,NA,NA,NA,NA,NA,insufficient_data_or_variation
pollein,lag24,57,0.4528752419932078,12.53110523157432,12.76675358028098,13.788998671013509,-0.5209585320017129,-0.0597614726471351,0.25815047919384115,0.6396320440423199,0.3814815648484787,3.0626687149956087e-10,40.201087137245665,0.7716495266736291,0.5134990474797879,1,91.49806123282667,likely_nonlinear
pollein,HDD,57,6.4438629106981775,0.2400720446313216,10.40019354851521,16.803404862620862,-0.07053607487723192,-0.017438656998660578,-0.01311601963438469,0.18571160742534942,0.1988276270597341,3.7101575481724965e-4,11.49877267267862,0.2725183968338186,0.2856344164682033,1,50.44620435279374,likely_nonlinear
pollein,temp,57,6.546874092895002,1.1965951373791381,7.59980645148479,17.759927955368678,0.07806995108603404,0.01704692766398756,-0.011976084241740903,0.18504840686511226,0.19702449110685316,3.9220686325217073e-4,11.388196452285278,0.2525318659793151,0.264507950221056,1,48.15324413279092,likely_nonlinear
pollein,log_arrivi,57,0.579253180104941,6.889082548361588,7.8168199657645525,8.176086648211893,0.7187724440339553,0.6275602800103709,0.5078453504171359,0.5019374762399422,-0.005907874177193628,0.5579304075859447,-1.6342586263498902,0.5424841463527557,0.034638795935619804,0,3.4638795935619804,mostly_linear_or_weak
pollein,lag12,57,0.16146952709699677,12.53110523157432,12.76675358028098,12.967323734204326,0.8415455903541535,0.8356235416126525,0.7028935075653305,0.7045128763684856,0.0016193688031550524,0.2589885228948367,-0.6425727849986345,0.7327198082171179,0.029826300651787374,0,3.1445669454942426,mostly_linear_or_weak
pollein,CDD,57,0,0,0,0,NA,NA,NA,NA,NA,NA,NA,NA,NA,NA,NA,insufficient_data_or_variation
pont saint martin,lag12,57,0.08335334613495388,13.987900276874417,14.100422547275942,14.205380795928585,0.23024164378413634,0.4091262639357014,0.03579323661483047,0.06566656345931954,0.029873326844489068,0.10253456075439345,0.8398267632297944,0.12924504559162775,0.09345180897679728,3,14.732513582128636,mostly_linear_or_weak
pont saint martin,lag24,57,0.09397056971636587,13.987900276874417,14.136097285355264,14.2267902023412,0.5821893746164918,0.5022037853253826,0.3269252764239118,0.3480291352217487,0.02110385879783694,0.10121949707371887,0.8617202099195609,0.397175684721944,0.0702504082980322,0,9.135426709586913,mostly_linear_or_weak
pont saint martin,temp,57,6.721233238533829,3.8633185755701622,10.8947986444085,21.27269217884004,-0.1964399548165269,-0.31760435571687845,0.021108449591015765,0.01682323103852379,-0.004285218552491976,0.38710129522283976,-1.203079055938046,0.06193655684456645,0.04082810725355068,3,6.482810725355069,mostly_linear_or_weak
pont saint martin,HDD,57,5.7551514220847935,0,7.1052013555915,14.136681424429838,0.2109046339719268,0.3318242931698805,0.02710768762412008,0.014698775516652773,-0.012408912107467307,0.5816130214294659,-1.6765174317088203,0.06852705746081955,0.04141936983669947,2,5.741936983669946,mostly_linear_or_weak
pont saint martin,log_arrivi,57,0.6527221820132835,5.354695018193635,6.20050917404269,6.86031951662563,-0.37079778373464845,-0.4006806030300749,0.12180901453930026,0.10556457163996469,-0.016244442899335576,0.9735682876483924,-1.998830415797702,0.16137592530900136,0.03956691076970109,2,5.556691076970109,mostly_linear_or_weak
pont saint martin,CDD,57,0.18197813724847,0,0,0,NA,NA,NA,NA,NA,NA,NA,NA,NA,NA,NA,insufficient_data_or_variation
pontboset,temp,57,6.291052107363814,0.5366308064507395,6.48122549436769,16.21114108732148,-0.19701251234238346,-0.22595281306715068,0.02133781965617554,0.20226982441795738,0.18093200476178184,5.551877878053522e-4,10.697618746764178,0.27549923359973105,0.2541614139435555,3,47.10934187053373,likely_nonlinear
pontboset,HDD,57,6.279752450277065,1.7888589126785193,11.51877450563231,17.463369193549262,0.19726731194843225,0.22595281306715068,0.02144010858814893,0.20468335662297732,0.1832432480348284,5.104477797538983e-4,10.864375719074914,0.2847022163211056,0.26326210773295666,1,46.65053557677851,likely_nonlinear
pontboset,log_arrivi,57,1.2759793457181554,3.0331250514487014,4.574710978503383,5.840508926036861,0.38668422571824673,0.4489756375046153,0.1340615029723986,0.16200138293187083,0.027939879959472225,0.09807506108275336,0.9153547696410271,0.24029549105427028,0.10623398808187168,0,13.417386804134392,likely_nonlinear
pontboset,lag12,57,0.12825231270659423,9.756424895171396,9.93755075781183,10.112932364874947,0.6524526625186841,0.6358568835882812,0.41525255822458307,0.40448281420578747,-0.010769744018795602,0.9420052557976686,-1.9943614799281306,0.47478706831892403,0.059534510094340964,2,7.553451009434097,mostly_linear_or_weak
pontboset,lag24,57,0.1321136062531363,9.756424895171396,9.937695723865865,10.092249497387037,0.46312966561173163,0.47057298418459953,0.20020707057271714,0.18890410434997418,-0.01130296622274296,0.6308565468390129,-1.7540048845878857,0.23380955475618426,0.03360248418346712,2,4.960248418346712,mostly_linear_or_weak
pontboset,CDD,57,0,0,0,0,NA,NA,NA,NA,NA,NA,NA,NA,NA,NA,NA,insufficient_data_or_variation
pontey,temp,57,6.986988264070581,1.9446523359733199,9.52646518460686,19.5862111334921,-0.7543112221568851,-0.7523334197562874,0.5611487911422096,0.6263374832028372,0.0651886920606276,0.001959993989631338,8.211922424875056,0.6433586279108447,0.08220983676863514,1,16.739852882926275,likely_nonlinear
pontey,log_arrivi,57,1.2278087195652627,2.6209620436313483,3.970291913552122,4.94543120418021,-0.11420947623818588,-0.05578968029930995,-0.004900853638079017,-0.02240419907113811,-0.017503345433059092,0.8099398649051875,-1.9383767008814594,0.08436501507326977,0.08926586871134878,3,11.326586871134879,mostly_linear_or_weak
pontey,HDD,57,6.40985205589052,0,8.47353481539314,16.05534766402668,0.7761350647139642,0.7461831402324136,0.5951562866545224,0.6283153553728666,0.03315906871834429,0.018436074375543707,3.916854965241427,0.6483277592549855,0.05317147260046318,1,10.633054131880746,likely_nonlinear
pontey,lag24,57,0.19548573368520042,11.260996561727733,11.392846044639686,11.749175357112891,0.6528044387539245,0.6519315530204823,0.41572006498877045,0.40608475637349206,-0.009635308615278393,0.7440305695981488,-1.88641463295491,0.42975611794742585,0.014036052958655398,2,3.00360529586554,mostly_linear_or_weak
pontey,lag12,57,0.19273898179707302,11.295189758824694,11.455031486551325,11.78300689220151,0.799753201893162,0.7977702877884367,0.6330525509190615,0.6282779025163616,-0.004774648402699921,0.590187637075755,-1.6909881436553889,0.65199615388514,0.018943602966078443,0,1.8943602966078443,mostly_linear_or_weak
pontey,CDD,57,0.13808301064932382,0,0,0,NA,NA,NA,NA,NA,NA,NA,NA,NA,NA,NA,insufficient_data_or_variation
pre saint didier,log_arrivi,57,0.819749483197795,7.832556474248408,8.400434630806041,8.721043051225559,0.5182233267618565,0.7808529945553541,0.2552564239710404,0.556176943981612,0.30092052001057157,8.506359887090616e-8,28.54989920971068,0.6746483107445933,0.4193918867735529,0,73.23124067841245,likely_nonlinear
pre saint didier,HDD,57,6.2605526916587815,2.5283933139256,13.09058319730639,18.14977503364375,0.4631337069155453,0.49837956961368945,0.20021088194463077,0.4270291487336726,0.22681826678904182,1.4285595553510563e-5,18.056155895162284,0.48938743482234637,0.2891765528777156,1,53.59948196667574,likely_nonlinear
pre saint didier,temp,57,6.2605526916587815,-0.149775033643747,4.90941680269361,15.4716066860744,-0.4631337069155453,-0.49837956961368945,0.20021088194463066,0.42702914873367415,0.2268182667890435,1.4285595553509538e-5,18.056155895162462,0.4893874348223418,0.28917655287771116,1,53.59948196667547,likely_nonlinear
pre saint didier,lag24,57,0.17607335392058981,12.168307497691035,12.367030106570354,12.65151150343561,0.7550207039680923,0.7743064557946593,0.5622391045735728,0.5754396988638204,0.013200594290247558,0.1055244625584978,0.7911732254786727,0.6240739440498533,0.061834839476280434,0,7.503543376652799,mostly_linear_or_weak
pre saint didier,lag12,57,0.1827488895988904,12.17188493676064,12.367030106570354,12.680104640407148,0.7600450088447599,0.7764454239045891,0.569989659387466,0.5651159239517924,-0.0048737354356735985,0.5382787113269358,-1.5965031974640596,0.5852338140419002,0.015244154654434183,0,1.5244154654434183,mostly_linear_or_weak
pre saint didier,CDD,57,0,0,0,0,NA,NA,NA,NA,NA,NA,NA,NA,NA,NA,NA,insufficient_data_or_variation
quart,temp,57,6.4888250569284764,0.5094805741997503,6.90261685017991,16.950874296310857,-0.711525593471266,-0.741120041483018,0.4972917368949036,0.68842668549092,0.19113494859601643,2.520412173798646e-7,26.313295164211112,0.7121603071472704,0.21486857025236683,1,42.60035188483833,likely_nonlinear
quart,HDD,57,6.4333155984845725,1.04912570368914,11.09738314982009,17.490519425800247,0.7166171115123963,0.7414885515711584,0.504695358776232,0.6868807271037648,0.18218536832753285,4.3629205164878613e-7,25.185464132046732,0.7128793775629867,0.20818401878675474,1,41.03693871142876,likely_nonlinear
quart,log_arrivi,57,0.623891492547899,5.6173645487292365,6.345636360828596,6.706822082106482,-0.029745888765255763,-0.11372917635872452,-0.0172809126852298,-0.026540010291771443,-0.009259097606541644,0.48083889603074725,-1.470555472534187,0.03210135354617383,0.049382266231403626,3,7.338226623140363,mostly_linear_or_weak
quart,lag24,57,0.1387951613567104,13.228418861486503,13.341415369695284,13.59449838899509,0.8914727460472897,0.8677728804770549,0.7909913597986433,0.7948465546236744,0.0038551948250310497,0.15961688186187487,0.10709148510267141,0.8442017328985566,0.05321037309991328,0,5.706556792494432,mostly_linear_or_weak
quart,lag12,57,0.146048823400157,13.235565270732053,13.36329183551059,13.625055533351276,0.8898139736251124,0.8723749027741771,0.7879828877977578,0.7988089423838628,0.010826054586104972,0.0516800961779636,2.033384753582311,0.8231423954463426,0.035159507648584776,1,5.398556223468975,likely_nonlinear
quart,CDD,57,0,0,0,0,NA,NA,NA,NA,NA,NA,NA,NA,NA,NA,NA,insufficient_data_or_variation
rhemes notre dame,lag12,55,0.6654774076019822,10.320781267686604,11.03253204832444,11.734202591851195,0.19360538989315518,0.5894660894660895,0.01932234976918401,0.1328390736385141,0.1135167238693301,0.006828032709084521,5.813708928869943,0.23843395020858282,0.2191116004393988,1,35.26283243087289,likely_nonlinear
rhemes notre dame,lag24,55,0.6619972997590409,10.28396591440901,11.01782554166572,11.632643197407415,0.22445259472273027,0.5733044733044733,0.03246158930187493,0.1292132030671972,0.09675161376532226,0.011361605244703348,4.842338405008448,0.18467457089223294,0.152212981590358,0,26.096459535568027,likely_nonlinear
rhemes notre dame,temp,56,5.952680142262558,-1.107696041252215,4.67631665969295,14.08106924975815,-0.23583916273362357,-0.3212576896787423,0.03813159420998724,0.0999120587164225,0.06178046450643526,0.03455434233990641,2.764329411228985,0.19940867330527,0.16127707909528277,1,24.305754360171804,likely_nonlinear
rhemes notre dame,HDD,56,5.952680142262558,3.9189307502418504,13.323683340307051,19.107696041252215,0.23583916273362354,0.3212576896787423,0.03813159420998724,0.09991205871642228,0.06178046450643504,0.03455434233990688,2.764329411228985,0.1960377555391195,0.15790616132913227,1,23.968662583556732,likely_nonlinear
rhemes notre dame,log_arrivi,56,1.446317408398885,3.743866880718222,6.520307608135714,7.221803543134946,0.37415396206540974,0.6390621537184809,0.12406509820571154,0.1173071978149568,-0.006757900390754745,0.4471439255604298,-1.3836264525437798,0.22007436102695555,0.096009262821244,3,12.0009262821244,mostly_linear_or_weak
rhemes notre dame,CDD,56,0,0,0,0,NA,NA,NA,NA,NA,NA,NA,NA,NA,NA,NA,insufficient_data_or_variation
rhemes saint georges,temp,57,6.10659372703873,-0.706212703426897,4.21436828085512,14.41740733298732,0.13533397493392588,0.05723360124449055,4.6647176726066775e-4,0.33708012195507575,0.3366136501878151,1.6546934956522345e-6,22.452071000459384,0.44094483371695037,0.4404783619496897,1,79.70920121375048,likely_nonlinear
rhemes saint georges,HDD,57,6.10659372703873,3.5825926670126798,13.785631719144881,18.7062127034269,-0.13533397493392588,-0.05723360124449055,4.6647176726066775e-4,0.337080121955075,0.3366136501878143,1.6546934956522345e-6,22.45207100045937,0.44094483371694604,0.44047836194968537,1,79.70920121374996,likely_nonlinear
rhemes saint georges,log_arrivi,57,1.8650129785795222,1.9643687126991236,4.51085950651685,7.228417235425182,0.5005732903435844,0.5290828703186902,0.23694768480550188,0.3400965879504725,0.1031489031449706,0.003090682397385895,7.3241884666649355,0.3804436184621204,0.1434959336566185,1,26.66448368015891,likely_nonlinear
rhemes saint georges,lag24,57,0.1370957624233026,10.757306957125252,10.902795026793628,11.113329541161367,0.46941824637678486,0.4450998185117968,0.20617809894111794,0.2206632875729203,0.01448518863180237,0.16075878879482766,0.09560953446126064,0.2944268109194319,0.08824871197831397,2,11.873390061011632,mostly_linear_or_weak
rhemes saint georges,lag12,57,0.12781585408004809,10.810100791342514,10.917975202663861,11.15257019005351,0.554445520063074,0.5434275343531243,0.29481728625834047,0.2979388679509284,0.003121581692587916,0.26953654387775655,-0.7012211759323321,0.3735262535962284,0.0787089673378879,2,9.783054903047582,mostly_linear_or_weak
rhemes saint georges,CDD,57,0,0,0,0,NA,NA,NA,NA,NA,NA,NA,NA,NA,NA,NA,insufficient_data_or_variation
roisan,temp,57,6.736661890447058,1.6386884942428783,8.63293588101901,18.9690595368017,-0.8206655732828116,-0.8981721545242418,0.6675554737747256,0.7130496240368862,0.04549415026216064,0.002920526218993011,7.434232545020208,0.7305112500250659,0.06295577625034032,1,12.844992651250095,likely_nonlinear
roisan,HDD,57,6.385381281020563,0,9.36706411898099,16.361311505757122,0.8333031522649195,0.9010707149392223,0.6888376734578264,0.7138889038041987,0.025051230346372244,0.0193140863635943,3.8301698366476558,0.7315164234978193,0.042678750039992885,1,8.772998038636512,likely_nonlinear
roisan,log_arrivi,57,1.9698784023560203,0,4.219507705176107,5.088789190120357,-0.18195311119063473,-0.269379187005765,0.01552706075689625,1.8809583663914609e-4,-0.015338964920257103,0.6942380762090178,-1.835362105500991,0.04643724097547586,0.030910180218579608,2,4.6910180218579605,mostly_linear_or_weak
roisan,lag24,57,0.16357076078741645,11.357697092705568,11.524201649164544,11.805170715680132,0.8623859286884089,0.9031630801140785,0.7390496625452196,0.7393997045724603,3.5004202724064903e-4,0.3046897996744934,-0.8775872587463454,0.7619603568581452,0.022910694312925584,0,2.3260736340166233,mostly_linear_or_weak
roisan,lag12,57,0.17971400295482873,11.372774664223634,11.54287254133818,11.831739822925517,0.8859187423072148,0.9199507389162563,0.7809402364797647,0.7804191928795629,-5.21043600201887e-4,0.3552470124270003,-1.089515202712505,0.7976778512904772,0.016737614810712453,0,1.6737614810712453,mostly_linear_or_weak
roisan,CDD,57,0,0,0,0,NA,NA,NA,NA,NA,NA,NA,NA,NA,NA,NA,insufficient_data_or_variation
saint christophe,log_arrivi,57,0.7031649570753536,4.787282200759057,6.003887067106539,6.608100074742411,0.3375293051263477,0.4410163339382941,0.09781559603396817,0.2728570698473385,0.17504147381337032,4.017072324224349e-4,11.340565907843697,0.34231749635217423,0.24450190031820607,2,44.75433741315764,likely_nonlinear
saint christophe,HDD,57,6.3834154240873815,0,9.15682381431995,16.275347072889986,0.001985849929102185,0.0012673287129946868,-0.0181778028800601,0.16226236129860627,0.18044016417866637,7.265596434779489e-4,10.164598478325537,0.21301385523383054,0.23119165811389064,1,43.163182229255696,likely_nonlinear
saint christophe,temp,57,6.787730859473957,1.7246529271100122,8.84317618568005,19.185189067086377,0.02132716472599904,-0.0027223230490018156,-0.017718700263745335,0.1594110510913037,0.17712975135504905,8.118009181160384e-4,9.94521616681562,0.19749896519872367,0.215217665462469,1,41.23474168175181,likely_nonlinear
saint christophe,lag24,57,0.20799514636732816,12.325594780004621,12.569683977013948,12.864002888617232,-0.06405064965859347,-0.13598651801918593,-0.014004741810644816,0.09343912512198005,0.10744386693262487,0.008265892779519557,5.430167594993883,0.23392804898047226,0.24793279079111707,1,37.53766577237419,likely_nonlinear
saint christophe,lag12,57,0.16477295443353066,12.302660470969254,12.524879041727795,12.733680276280097,0.27888721670385647,0.2362587503240861,0.061010408361566126,0.056338304512638326,-0.0046721038489278,0.3974000379038466,-1.2370091259485392,0.122424685380491,0.06141427701892488,2,7.741427701892487,mostly_linear_or_weak
saint christophe,CDD,57,0,0,0,0,NA,NA,NA,NA,NA,NA,NA,NA,NA,NA,NA,insufficient_data_or_variation
saint denis,lag12,55,0.3882515859191321,10.390470179909691,10.563646557269093,10.759003637553427,0.32798741286219907,0.8409812409812409,0.09073754946766188,0.2873598478047189,0.19662229833705702,2.344254212782745e-4,12.448795586438251,0.4109390847254213,0.3202015352577594,0,52.88238335948164,likely_nonlinear
saint denis,temp,56,7.192810000825629,3.492063798753385,11.492199701011,21.93392742652085,-0.3409452439183555,-0.5034176349965823,0.09987780119037193,0.1572433162905582,0.05736551510018628,0.03512519406606312,2.7344852049139874,0.19694495205185114,0.09706715086147921,1,17.44326659616655,likely_nonlinear
saint denis,lag24,56,0.13914091152896238,10.36295923180969,10.51648159679015,10.700966638101693,0.48294331228939824,0.7924128503075871,0.2190348770125562,0.2046151658556652,-0.014419711156891002,0.8852695252875858,-1.977792676334012,0.31970484346031236,0.10066996644775617,0,10.066996644775617,mostly_linear_or_weak
saint denis,HDD,56,5.931149971453886,0,6.507800298989,14.507936201246615,0.3859079376450868,0.5396387150836489,0.13316428701040095,0.14835128684916055,0.015186999838759596,0.1670261648591903,0.03657829112174937,0.19354588200430833,0.060381594993907384,1,8.3568594832667,mostly_linear_or_weak
saint denis,log_arrivi,56,1.6943873673318186,0,2.0126758453675744,3.997821802143636,0.18206167883563826,0.37414243313310064,0.01524175962082952,0.018763144628380468,0.003521385007550948,0.27950785586861304,-0.752631941732524,0.06959160686895316,0.05434984724812364,2,7.387123225567459,mostly_linear_or_weak
saint denis,CDD,56,0.5930757653175598,0,0,0,-0.008988952511862124,0.029017207700490766,-0.018436220931494107,-0.03755887543550007,-0.019122654504005965,0.9452730106316227,-1.9949740992243932,NA,NA,1,NA,mostly_linear_or_weak
saint marcel,log_arrivi,57,1.4823329794454756,0.6591673732008665,3.9512437185814275,4.8697615145021365,-0.15769424330246226,-0.09379259052115414,0.007137792086567951,-0.008427301154112055,-0.015565093240680006,0.6990394271755878,-1.840755624582684,0.09536492570449862,0.08822713361793066,2,10.422713361793067,mostly_linear_or_weak
saint marcel,HDD,57,6.306995884148174,2.83577611787882,12.73519850895351,18.46453859373943,0.5769540542367021,0.5742805289084782,0.3207464530765346,0.3257706128883773,0.005024159811842677,0.2402792146019957,-0.5309265276806698,0.39974054427364103,0.07899409119710643,1,9.201825100894911,mostly_linear_or_weak
saint marcel,temp,57,6.306995884148173,-0.4645385937394302,5.26480149104649,15.16422388212118,-0.5769540542367021,-0.5742805289084782,0.3207464530765346,0.32577061288837694,0.005024159811842344,0.24027921460199686,-0.5309265276806698,0.3997405442736386,0.07899409119710399,1,9.201825100894634,mostly_linear_or_weak
saint marcel,lag24,57,0.14888868665468807,12.392499646903335,12.64535285713304,12.790836878146028,0.8503871236619831,0.8717267306196528,0.7181247739099209,0.7297081451451859,0.011583371235264983,0.07243553737600326,1.4377459190028645,0.7779861812728419,0.059861407362921004,0,7.144477859818599,likely_nonlinear
saint marcel,lag12,57,0.1636561903822042,12.39225335664249,12.683033268676622,12.810911736295006,0.8634857086085747,0.861680062224527,0.7409822520434568,0.7408786303971009,-1.0362164635591142e-4,0.3271023520359654,-0.9768977371304572,0.7711880408412383,0.030205788797781463,0,3.0205788797781463,mostly_linear_or_weak
saint marcel,CDD,57,0,0,0,0,NA,NA,NA,NA,NA,NA,NA,NA,NA,NA,NA,insufficient_data_or_variation
saint nicolas,HDD,57,6.3527047824935785,1.9738325730859407,12.0061657040578,17.75743491244109,0.0529379511462364,0.11524500907441018,-0.015328438298046532,0.31046576785168845,0.325794206149735,3.202337546430873e-6,21.102112457078718,0.3621226305998243,0.37745106889787083,1,72.32452750476058,likely_nonlinear
saint nicolas,temp,57,6.354382317375183,0.24256508755890646,5.9938342959422,16.02616742691406,-0.052770792564759125,-0.11524500907441018,-0.015346429696670327,0.31034030473063134,0.32568673442730167,3.2170476539404258e-6,21.09275207343309,0.36144052391745907,0.3767869536141294,1,72.24736880414311,likely_nonlinear
saint nicolas,log_arrivi,57,1.2700714805234554,4.851184384993774,6.035481432524756,6.776962832877356,0.42327692485342733,0.5217222213904676,0.1642390524790729,0.2449262351121022,0.08068718263302932,0.011320739973897275,4.83295004652642,0.31921151752396126,0.15497246504488837,0,24.76596476779177,likely_nonlinear
saint nicolas,lag12,57,0.13267606116219438,10.865315874111378,11.003681922386889,11.215441384761785,0.8521082396676644,0.8524760176302828,0.7211082421478803,0.7309549622587941,0.00984672011091381,0.0883061650102647,1.0947630381863007,0.7646291219735613,0.04352087982568098,2,6.936759993659479,likely_nonlinear
saint nicolas,lag24,57,0.1399067186804064,10.818771948288905,10.96006182985734,11.18008017160773,0.768756190053231,0.7834456831734511,0.5835494630132532,0.5792731225934553,-0.004276340419797853,0.5094799604357615,-1.536421360629177,0.6377624487001893,0.05421298568693611,0,5.4212985686936115,mostly_linear_or_weak
saint nicolas,CDD,57,0,0,0,0,NA,NA,NA,NA,NA,NA,NA,NA,NA,NA,NA,insufficient_data_or_variation
saint oyen,temp,57,6.063437130508683,-1.362483646454014,3.85740510567246,13.7925679616087,0.18810540177911236,0.1254861291158932,0.017845162945362647,0.17603548022548343,0.15819031728012078,0.0012742572061556299,9.056326442680607,0.24302647462807359,0.22518131168271094,1,40.337162896283175,likely_nonlinear
saint oyen,HDD,57,6.063437130508683,4.2074320383913,14.14259489432754,19.362483646454017,-0.1881054017791124,-0.1254861291158932,0.017845162945362647,0.17603548022548188,0.15819031728011923,0.0012742572061556845,9.056326442680515,0.2430264746280647,0.22518131168270206,1,40.33716289628213,likely_nonlinear
saint oyen,log_arrivi,57,1.6507276292240383,2.755550938279833,5.389071729816501,6.722085726103173,0.5680775254552548,0.685477212614082,0.3103977490169523,0.404244623409158,0.09384687439220574,0.0029967742538405014,7.384136936926744,0.5302961571549056,0.21989840813795336,0,32.57452825301591,likely_nonlinear
saint oyen,lag12,57,0.1828536539404727,10.252908394159338,10.461129966077028,10.731697028916063,0.6238444523394974,0.5573632356753955,0.37807611709140043,0.42993613677067777,0.051860019679277336,0.017549236303114137,4.0088518704908935,0.5064384722385602,0.12836235514715977,1,20.02223748264371,likely_nonlinear
saint oyen,lag24,57,0.16584307053789982,10.252908394159338,10.41885285634415,10.678020966467717,0.5223792195115285,0.47096188747731405,0.2596596862316114,0.2543211388185922,-0.005338547413019201,0.4396064792174348,-1.3636476626953637,0.32249115418242147,0.06283146795081007,0,6.283146795081008,mostly_linear_or_weak
saint oyen,CDD,57,0,0,0,0,NA,NA,NA,NA,NA,NA,NA,NA,NA,NA,NA,insufficient_data_or_variation
saint pierre,temp,57,6.476203007942366,0.22096034219267685,6.53690472159742,16.73123999848632,-0.6620092050802093,-0.6849235156857664,0.4280426637493109,0.5018794666748818,0.07383680292557093,0.0037979856005966226,6.924573092523602,0.5387954761210276,0.11075281237171675,1,20.458961529728768,likely_nonlinear
saint pierre,HDD,57,6.455197433407478,1.2687600015136802,11.46309527840258,17.779039657807324,0.6627095706263683,0.6849235156857664,0.4289873199997801,0.5023123408676813,0.07332502086790116,0.0038866534375755174,6.8799083034011375,0.5405566107044426,0.11156929070466248,0,19.68943115725636,likely_nonlinear
saint pierre,log_arrivi,57,0.866599135418226,6.066430162155941,6.720220155135295,7.227047912484265,0.12480755894038463,0.0412885662431942,-0.0023216745628211743,-0.020858552181109102,-0.018536877618287928,0.9713369264524558,-1.998624519674351,0.14039676875570906,0.14271844331853023,2,15.871844331853023,mostly_linear_or_weak
saint pierre,lag24,57,0.11135896128632733,12.702810456874236,12.807655372286902,12.967508481644776,0.8653212217061189,0.8686155042779363,0.7442131952210631,0.7712485566903926,0.0270353614693295,0.008339486989496285,5.413273433855295,0.7956191944916393,0.05140599927057621,0,9.04413607399057,likely_nonlinear
saint pierre,lag12,57,0.1200813854982607,12.711628204098695,12.827543894127679,12.994885964660238,0.8992663749514695,0.917617319159969,0.8052014679023289,0.8159651473607915,0.010763679458462572,0.044882011726902565,2.285820778879696,0.8257466653787022,0.02054519747637329,0,4.330887693483586,mostly_linear_or_weak
saint pierre,CDD,57,0,0,0,0,NA,NA,NA,NA,NA,NA,NA,NA,NA,NA,NA,insufficient_data_or_variation
saint rhemy en bosses,temp,57,5.827965728939654,-1.7817007348293679,3.00995488975712,12.90487667350984,-0.6729732605363831,-0.6742286751361163,0.44294560956782525,0.5869336393809053,0.14398802981308,3.7655770193722985e-5,16.092014502419865,0.6583550826796047,0.2154094731117795,1,37.939750292485954,likely_nonlinear
saint rhemy en bosses,HDD,57,5.827965728939654,5.095123326490161,14.99004511024288,19.781700734829364,0.6729732605363831,0.6742286751361163,0.442945609567825,0.5869336393809046,0.14398802981307957,3.765577019372504e-5,16.092014502419765,0.658355082679599,0.21540947311177394,1,37.93975029248535,likely_nonlinear
saint rhemy en bosses,log_arrivi,57,1.287315501285327,3.9626726355638446,5.71042701737487,7.243499198955078,0.04152975240812883,0.021422436845514915,-0.016425739295190533,-0.008620673644890164,0.007805065650300369,0.2377010564229846,-0.5147107024044271,0.13309598514380716,0.1495217244389977,1,16.532679008929808,mostly_linear_or_weak
saint rhemy en bosses,lag12,57,0.2457162922039985,11.762297893498515,11.972026122244301,12.41434185510671,0.8664782094159316,0.7835105003889035,0.7462532962543222,0.7455101519256717,-7.431443286505246e-4,0.3636440737584138,-1.1207902037046864,0.8102706126029571,0.06401731634863483,0,6.401731634863483,mostly_linear_or_weak
saint rhemy en bosses,lag24,57,0.2401675720179569,11.750899153708243,11.911506935112067,12.36487833557955,0.8811657303654749,0.7796862846772104,0.7723885542681663,0.7681823919016819,-0.004206162366484412,0.9639233797883535,-1.9978204351922244,0.808221693595265,0.03583313932709864,0,3.583313932709864,mostly_linear_or_weak
saint rhemy en bosses,CDD,57,0,0,0,0,NA,NA,NA,NA,NA,NA,NA,NA,NA,NA,NA,insufficient_data_or_variation
saint vincent,lag24,57,0.22873417686292535,13.497789104406362,14.014794929286658,14.153788918098005,0.19515036888439552,0.4836660617059892,0.020594278593456194,0.02642818143463388,0.005833902841177685,0.2539594799906057,-0.6135591314345028,0.2155841004507436,0.19498982185728742,2,21.682372469846513,mostly_linear_or_weak
saint vincent,temp,57,7.043241794809869,2.0307340300587544,9.87789943231029,19.9304746007238,0.2502301656432591,0.22835105003889036,0.04557177463054185,0.10047663986487054,0.05490486523432869,0.04158911050201958,2.423003906825109,0.1562746969848473,0.11070292235430546,1,18.560778758863414,likely_nonlinear
saint vincent,HDD,57,6.372795237442637,0,8.12210056768971,15.969265969941246,-0.21812119644859337,-0.2200069430445617,0.030260071909987474,0.07981880427437371,0.04955873236438624,0.05160526977889983,2.035968010175253,0.13622812718538313,0.10596805527539566,1,16.35267876397819,likely_nonlinear
saint vincent,log_arrivi,57,1.4023452481837608,8.005913618438314,8.662677858158219,8.953406270870323,0.8903223715166112,0.7958905885403165,0.7889043602270097,0.8610362173959804,0.07213185716897064,1.3442301275331745e-6,22.877484480032408,0.8118760471229187,0.022971686895909005,0,10.710354406487964,likely_nonlinear
saint vincent,lag12,57,0.22781266979900555,13.516287977930194,14.039759897669086,14.16304083679226,0.6002923421744646,0.7778714026445425,0.3487209123655416,0.3408081078506483,-0.00791280451489329,0.562376219632674,-1.642455184386499,0.4104981220112869,0.06177720964574529,0,6.1777209645745295,mostly_linear_or_weak
saint vincent,CDD,57,0.21798857662088647,0,0,0,NA,NA,NA,NA,NA,NA,NA,NA,NA,NA,NA,insufficient_data_or_variation
sarre,temp,57,6.269722150435313,-0.06704807476269031,5.40965537555541,15.625665874064381,-0.3920346222320188,-0.4382291936738399,0.1383037113018485,0.3637928498861148,0.22548913858426634,3.333522121911378e-5,16.338484367212658,0.41378536514510234,0.27548165384325385,1,52.09707924275202,likely_nonlinear
sarre,HDD,57,6.269722150435313,2.3743341259356194,12.59034462444459,18.06704807476269,0.3920346222320188,0.4382291936738399,0.13830371130184893,0.36379284988611515,0.22548913858426622,3.333522121911292e-5,16.3384843672127,0.41378536514509623,0.2754816538432473,1,52.09707924275135,likely_nonlinear
sarre,log_arrivi,57,1.2771351181799215,5.825138857431177,7.130098510125578,8.138307514697285,0.05860336274811955,0.022427119965349955,-0.014685021254150499,-0.016933240016798523,-0.0022482187626480243,0.3528113809408644,-1.0802532304999062,0.17025718075205765,0.18494220200620815,2,20.094220200620818,mostly_linear_or_weak
sarre,lag24,57,0.0935375719072089,12.941686833959373,13.04186239807371,13.185709099848463,0.7268267664280971,0.8315400570391498,0.5197003692762574,0.5375830434577045,0.017882674181447067,0.08265529868367284,1.2086605918394326,0.5596658867390265,0.03996551746276911,0,5.784819164421617,likely_nonlinear
sarre,lag12,57,0.09883827276973128,12.94968794030123,13.062524197047976,13.201703142887053,0.7615889186089168,0.8505963183821625,0.5723816387833152,0.5824993257636442,0.010117686980329,0.13250507494057007,0.4107635768903606,0.6082014439317802,0.035819805148465056,0,4.5937492128794055,mostly_linear_or_weak
sarre,CDD,57,0,0,0,0,NA,NA,NA,NA,NA,NA,NA,NA,NA,NA,NA,insufficient_data_or_variation
torgnon,temp,57,5.9795145666836875,-1.0868167910690898,4.19377825492277,13.844995563115159,-0.6508088548472953,-0.6140782991962667,0.41307129583033175,0.5768522899753761,0.16378099414504432,1.7064651707561944e-5,17.695277190415048,0.6947057800142495,0.2816344841839178,1,46.541547832896214,likely_nonlinear
torgnon,HDD,57,5.9795145666836875,4.155004436884839,13.80622174507723,19.08681679106909,0.6508088548472953,0.6140782991962667,0.41307129583033186,0.5768522899753761,0.1637809941450442,1.706465170756188e-5,17.695277190415048,0.694705780014248,0.2816344841839161,1,46.541547832896036,likely_nonlinear
torgnon,log_arrivi,57,1.4392790884558744,3.8727712332018998,6.54534966033442,7.764380733866586,0.46306356705475465,0.5295652315517605,0.20014473744499095,0.3231762829991577,0.12303154555416673,0.0016357150368082013,8.566037425114544,0.4212115656980794,0.22106682825308843,1,36.40983738072552,likely_nonlinear
torgnon,lag24,57,0.5144228587668427,11.74726422133404,12.132695175725399,13.104592136568371,0.8586584719629107,0.8718563650505576,0.7325179055004716,0.7352808581193313,0.0027629526188597264,0.21502283818129617,-0.3622563739478224,0.7544621804303464,0.02194427492987483,0,2.4707227548734556,mostly_linear_or_weak
torgnon,lag12,57,0.5290950500885812,11.773466366267964,12.169818328270896,13.157125778198413,0.8911091576622963,0.8854031630801142,0.790331449612691,0.786607785222869,-0.003723664389821968,0.8417314140114974,-1.9575216250181118,0.8013185083475862,0.01098705873489525,0,1.098705873489525,mostly_linear_or_weak
torgnon,CDD,57,0,0,0,0,NA,NA,NA,NA,NA,NA,NA,NA,NA,NA,NA,insufficient_data_or_variation
valgrisenche,temp,57,6.057484781893374,-1.054351545786316,4.17476077997281,14.41779282673344,-0.5354591892762133,-0.5902255639097745,0.27374775325998135,0.4955498100777561,0.22180205681777476,6.008216158352245e-6,19.818313914668842,0.551094065729863,0.2773463124698816,1,51.91483692876564,likely_nonlinear
valgrisenche,HDD,57,6.057484781893374,3.5822071732665597,13.82523922002719,19.054351545786314,0.5354591892762133,0.5902255639097745,0.27374775325998124,0.4955498100777552,0.22180205681777398,6.0082161583525e-6,19.818313914668764,0.5510940657298617,0.2773463124698805,1,51.91483692876545,likely_nonlinear
valgrisenche,log_arrivi,57,1.800440002401162,3.7255482442415113,5.814130531825066,7.741423065685076,-0.09857874081050966,-0.029752066131328057,-0.008287363348581822,-0.0205179075632691,-0.012230544214687278,0.5617729974783323,-1.6413503325121006,0.1471164694021566,0.15540383275073844,3,17.94038327507384,mostly_linear_or_weak
valgrisenche,lag24,57,0.21973210041621782,11.182029114625234,11.364727035302302,11.789957287383931,0.7811059407684853,0.799325900959295,0.6030378814438916,0.5957466670428017,-0.007291214401089929,0.9290334970884764,-1.991549617005429,0.6209144832132081,0.01787660176931649,0,1.7876601769316491,mostly_linear_or_weak
valgrisenche,lag12,57,0.22964152490669282,11.145607221299093,11.313693733702332,11.78559862398318,0.7948187425940374,0.7990018148820328,0.6250411396438358,0.6182347102290522,-0.006806429414783599,0.8897038896042471,-1.9795109044533454,0.6336184798039656,0.008577340160129787,0,0.8577340160129787,mostly_linear_or_weak
valgrisenche,CDD,57,0,0,0,0,NA,NA,NA,NA,NA,NA,NA,NA,NA,NA,NA,insufficient_data_or_variation
valpelline,log_arrivi,57,1.8216488077249084,4.620621530953052,5.560681631015528,7.359722172149034,-0.30392680325087856,-0.3913374949140728,0.0758691654021948,0.15427787022025596,0.07840870481806117,0.016716791520999714,4.099680711902337,0.3234566916316379,0.24758752622944313,1,34.599623104750435,likely_nonlinear
valpelline,lag24,57,0.5805496211361458,10.475253115712622,11.246509001422552,11.921597626542173,0.7082379853420226,0.6464220897070263,0.49253924467916965,0.49432137496946316,0.0017821302902935043,0.2794084263479467,-0.7535708501725082,0.5265443865647261,0.03400514188555648,1,4.3787272175849985,mostly_linear_or_weak
valpelline,temp,57,6.0684557521162965,-0.736687215696439,4.58952301600473,14.47496178200398,-0.7323800614748835,-0.6759787399533318,0.5279511099813352,0.5228459504761437,-0.0051051595051915255,0.5239002252445654,-1.5672385744485098,0.567712694534587,0.03976158455325174,0,3.976158455325174,mostly_linear_or_weak
valpelline,HDD,57,6.0684557521162965,3.5250382179960202,13.41047698399527,18.73668721569644,0.7323800614748835,0.6759787399533318,0.5279511099813352,0.5228459504761436,-0.0051051595051916365,0.5239002252445648,-1.5672385744485098,0.5677126945345867,0.03976158455325152,0,3.9761584553251517,mostly_linear_or_weak
valpelline,lag12,57,0.6061757600702156,10.460882222473543,11.25909072050183,11.906722960543284,0.7389385685971763,0.7117578428830699,0.5377762119451794,0.5296046915884223,-0.008171520356757167,0.833606367316547,-1.9529818810221258,0.5468481547111239,0.009071942765944474,0,0.9071942765944474,mostly_linear_or_weak
valpelline,CDD,57,0,0,0,0,NA,NA,NA,NA,NA,NA,NA,NA,NA,NA,NA,insufficient_data_or_variation
valsavarenche,temp,57,5.900295491226053,-1.220868311928728,3.9825667459314,13.786428629217298,0.5266069997487739,0.32266009852216754,0.26417520367866776,0.6528603626404836,0.3886851589618159,1.3737438136659466e-10,41.868001901213994,0.7279873139903158,0.46381211031164804,1,87.24972692734639,likely_nonlinear
valsavarenche,HDD,57,5.900295491226053,4.2135713707827005,14.0174332540686,19.220868311928726,-0.5266069997487739,-0.32266009852216754,0.26417520367866776,0.6528603626404839,0.3886851589618161,1.373743813665917e-10,41.86800190121406,0.727987313990315,0.46381211031164726,1,87.24972692734633,likely_nonlinear
valsavarenche,log_arrivi,57,2.326191704238147,3.682939447686759,5.66988092298052,8.88756245040878,0.626820728495455,0.6030367358313101,0.3818661206837862,0.5284401324265408,0.14657401174275453,8.399893157400182e-5,14.473463938085619,0.7592767919541358,0.37741067127034955,2,55.198468301310406,likely_nonlinear
valsavarenche,lag24,57,0.2658803125603681,10.557295352119212,10.829233443181039,11.30421721555033,0.8955525867105916,0.7758620689655173,0.7984146980288307,0.8182175554592761,0.01980285743044541,0.010699307812500771,4.939815716457716,0.8485263350134905,0.05011163698465981,0,8.191449441510523,likely_nonlinear
valsavarenche,lag12,57,0.2552834036553096,10.57014105298985,10.839424036657118,11.30421721555033,0.9136095113737781,0.8127430645579468,0.8316765636230431,0.8471968515274375,0.015520287904394414,0.013082484115527699,4.559902116263217,0.8649992660498483,0.03332270242680524,2,7.684299033119966,likely_nonlinear
valsavarenche,CDD,57,0,0,0,0,NA,NA,NA,NA,NA,NA,NA,NA,NA,NA,NA,insufficient_data_or_variation
valtournenche,log_arrivi,57,1.2882263063223631,7.059171785123738,9.380167531188448,9.95675325751862,0.5709416194712086,0.6504407570650766,0.3137193207143052,0.3913973851439766,0.0776780644296714,0.006488817196425106,5.892807226973609,0.45502443609000676,0.14130511537570156,2,24.698317980537297,likely_nonlinear
valtournenche,HDD,57,5.3031402195264645,7.87629897621558,16.20581867721937,20.38282877310338,0.6500774781484503,0.5259268861809697,0.41210255900668125,0.4048163866550546,-0.007286172351626652,0.5699826547490243,-1.6561931298057573,0.5688542931044333,0.156751734097752,2,17.275173409775203,mostly_linear_or_weak
valtournenche,temp,57,5.3031402195264645,-2.38282877310338,1.79418132278063,10.12370102378442,-0.6500774781484503,-0.5259268861809697,0.41210255900668125,0.4048163866550547,-0.007286172351626541,0.5699826547490121,-1.6561931298057146,0.5688542931044308,0.15675173409774956,2,17.275173409774958,mostly_linear_or_weak
valtournenche,lag24,57,0.462409920673142,13.67729387644185,14.085920827879496,14.863002082986704,0.670743575301807,0.748898107337309,0.4398950700597172,0.4422898022138908,0.002394732154173629,0.271137507543678,-0.7098727686272426,0.5054772881885725,0.06558221812885534,0,6.797695028302897,mostly_linear_or_weak
valtournenche,lag12,57,0.4590850272293792,13.705334443691143,14.115327701697781,14.884516562486485,0.7377645764278593,0.7691210785584652,0.5360110533269011,0.5576197908473608,0.021608737520459664,0.06014128146991446,1.7642888216872024,0.5763750259837364,0.04036397265683522,0,6.197271017729489,likely_nonlinear
valtournenche,CDD,57,0,0,0,0,NA,NA,NA,NA,NA,NA,NA,NA,NA,NA,NA,insufficient_data_or_variation
verrayes,temp,57,6.774435642556149,0.9096283250072889,7.92504652043166,17.98233568461594,-0.7079054786315464,-0.7334067928441795,0.4920598060706789,0.5703385253751602,0.07827871930448127,0.0016193352627328957,8.585767569395372,0.6122379196427945,0.12017811357211561,0,21.04568328765969,likely_nonlinear
verrayes,HDD,57,6.545523277810598,0.031379671940580806,10.07495347956834,17.09037167499271,0.7145621485170064,0.7359632814287572,0.5017008652585728,0.5726813289684349,0.07098046370986211,0.0024139634204604038,7.805121216664077,0.6145865219072439,0.11288565664867112,0,19.58661203585332,likely_nonlinear
verrayes,log_arrivi,57,1.234392459883661,4.711341990509859,5.717027701406222,6.389903688684419,-0.27895673689380424,-0.17345649012512826,0.06104989489586554,0.047062755234024034,-0.013987139661841508,0.662418707914633,-1.7969415488542992,0.22126874618250014,0.1602188512866346,2,17.62188512866346,mostly_linear_or_weak
verrayes,lag12,57,0.17339316171501082,11.887979057155388,12.07146638973286,12.338402950566826,0.7608109264849825,0.8290770028519576,0.571175688874554,0.563908519698037,-0.007267169176517041,0.773765360045917,-1.9119689724285394,0.7066466947529071,0.13547100587835303,0,13.547100587835303,mostly_linear_or_weak
verrayes,lag24,57,0.18408632515955345,11.921338221677521,12.115097057793381,12.396702263256133,0.8615562253573009,0.8946072076743585,0.7375932954419546,0.7332331736845918,-0.004360121757362778,0.7517843993439739,-1.893422588117872,0.8116694120101281,0.07407611656817348,0,7.407611656817348,mostly_linear_or_weak
verrayes,CDD,57,0,0,0,0,NA,NA,NA,NA,NA,NA,NA,NA,NA,NA,NA,insufficient_data_or_variation
verres,log_arrivi,57,0.8661832736438578,3.7955173877077586,4.948759890378168,5.801509580242911,0.1865653134067647,0.00515372029533001,0.017257645551411183,0.10510526370578932,0.08784761815437814,0.014368860527902177,4.383431419811053,0.20919244824956895,0.19193480269815777,3,31.57824208525359,likely_nonlinear
verres,lag24,57,0.3877512701267763,12.612149756353023,12.908226642666717,13.620464880213548,0.25805844375705983,0.15821882291936742,0.04962314512875754,0.11283989293460472,0.06321674780584718,0.030787522134469458,2.969389042312443,0.252471982425407,0.2028488372966495,1,28.606558510249666,likely_nonlinear
verres,HDD,57,5.3702047895710585,0,4.424518636031101,12.94028383860683,0.11839836139390508,0.1929946275082943,-0.003908770346860768,-0.019544313617823716,-0.01563554327096295,0.6939302080377705,-1.8350127303415533,0.04505239567350783,0.048961166020368596,3,7.29611660203686,mostly_linear_or_weak
verres,temp,57,7.322098387203678,5.059716161393172,13.5754813639689,24.0204824490925,-0.1305892636077122,-0.1846642468239565,-8.181977618568759e-4,-0.01915910226313744,-0.018340904501280564,0.9198749990716801,-1.9892199233968384,0.041189854367777,0.04200805212963388,2,5.800805212963388,mostly_linear_or_weak
verres,lag12,57,0.39400149199374435,12.612149756353023,13.279471394282163,13.620464880213548,0.5142160337205698,0.3659579984443869,0.25104391350504807,0.2531915101150295,0.002147596609981428,0.2866314481008016,-0.7904194730370762,0.29665533626647056,0.04561142276142249,1,5.575901937140391,mostly_linear_or_weak
verres,CDD,57,1.1263549705458293,0,0,2.0204824490925004,-0.0025014144492670294,-0.1460454718792187,-0.018175447342584805,-0.03702351003715032,-0.018848062694565515,0.9847967875113954,-1.9996131476121164,NA,NA,3,NA,mostly_linear_or_weak
villeneuve,temp,57,6.639484283557889,2.5225168521807504,8.89006579602572,19.491284911182742,-0.8156515122456298,-0.8365309826289865,0.6592017056000117,0.7347723708466545,0.0755706652466428,1.479675085304865e-4,13.335935141071417,0.7480536738675259,0.08885196826751418,1,18.442263351415697,likely_nonlinear
villeneuve,HDD,57,6.162857184341504,0,9.10993420397428,15.47748314781925,0.8334702332379733,0.8354453638613671,0.6891212229609218,0.7354925534970802,0.046371330536158384,0.0019189454727110739,8.253318824188739,0.7508202387545778,0.061699015793656,1,12.807034632981438,likely_nonlinear
villeneuve,log_arrivi,57,1.427066237364994,4.264695004369417,5.564520407322694,6.110533540267067,-0.07450401044714614,-0.04018862731417899,-0.01253004610778774,-0.0292483657621585,-0.01671831965437076,0.745285150544107,-1.8875652471966475,0.07412463593261343,0.08665468204040117,2,10.265468204040117,mostly_linear_or_weak
villeneuve,lag12,57,0.16580300012995183,11.932600253684011,12.084176161232248,12.381024658430812,0.8643879886306631,0.8660876328752919,0.7425696238869449,0.7457914122476917,0.0032217883607468245,0.19820135994236934,-0.23623209649949217,0.8286815938699696,0.08611196998302473,1,9.733375834377156,mostly_linear_or_weak
villeneuve,lag24,57,0.17340855956668874,11.932600253684011,12.062467828762529,12.400754562061845,0.8904650128318904,0.8466424682395646,0.7891629925154772,0.7934478492376884,0.004284856722211239,0.14920910472193055,0.21624952835063027,0.8308189623429746,0.04165596982749742,1,5.394082654970865,mostly_linear_or_weak
villeneuve,CDD,57,0,0,0,0,NA,NA,NA,NA,NA,NA,NA,NA,NA,NA,NA,insufficient_data_or_variation
