"scenario","comune_key","comune_nome","date","mean_arrivals","q05","q25","q50","q75","q95"
"baseline","allein","Allein",2025-10-01,64.0043170789346,13.8855250300205,29.7415418249144,45.3381647662637,74.574722742658,175.882127961344
"baseline","allein","Allein",2025-11-01,275.954921311767,70.3513475562904,112.209732508996,185.648677207637,281.246579492828,660.535217719241
"baseline","allein","Allein",2025-12-01,833.053195613588,105.1321150217,245.120324870087,664.554544924488,1120.49632971754,1998.85481754102
"baseline","allein","Allein",2026-01-01,487.934292199554,83.0440547993655,200.533559461226,364.217511050719,715.33544091771,1323.81356481036
"baseline","allein","Allein",2026-02-01,498.796781185078,102.109842857988,166.776378240754,372.218111919143,680.663458597616,1376.84003029429
"baseline","allein","Allein",2026-03-01,190.809341293126,48.4775193108342,84.7143109773002,113.277666175921,222.307647420939,494.826319951929
"baseline","allein","Allein",2026-04-01,136.80278118346,20.9015810769609,49.7816051383292,102.562541853999,152.535071555129,431.563612128495
"baseline","allein","Allein",2026-05-01,79.8755544601944,11.4899140516086,29.9695564048518,50.9265070374167,125.875618786517,197.32695307313
"baseline","allein","Allein",2026-06-01,68.6470726967128,11.8620449769229,16.1920235144445,45.584279411821,82.3103079850153,214.157497411153
"baseline","allein","Allein",2026-07-01,122.522854975043,27.6478738909097,52.8314215130541,76.7670690243936,131.548252642281,382.325984258963
"baseline","allein","Allein",2026-08-01,233.485852328938,49.2505401256659,97.081348459577,170.520079707999,281.2354032576,588.825983119491
"baseline","allein","Allein",2026-09-01,192.955191010183,26.1687387904666,63.9918303007631,132.354779594329,278.76162727458,546.712967478657
"baseline","antey saint andre","Antey-Saint-André",2025-10-01,2191.48583382608,646.578442013153,957.133414889987,1786.42601460646,3022.11608237479,5387.95121174514
"baseline","antey saint andre","Antey-Saint-André",2025-11-01,9016.08405627768,902.568121937487,2345.36574279955,4775.55030392011,12233.0036343769,31890.7279252232
"baseline","antey saint andre","Antey-Saint-André",2025-12-01,27261.2183243846,4273.6192967318,8007.75470701359,15017.5090996128,36084.5943984681,89929.3480036398
"baseline","antey saint andre","Antey-Saint-André",2026-01-01,19584.6379963711,2275.9383493743,4148.42384600855,10894.4984118615,19616.4821925176,35071.645289647
"baseline","antey saint andre","Antey-Saint-André",2026-02-01,18263.9583161347,2361.43106833616,4065.57099327071,9708.15689428108,21174.8379541756,68006.0797464659
"baseline","antey saint andre","Antey-Saint-André",2026-03-01,6922.73301407448,856.891416601675,2312.74178545008,4686.10340809741,8271.61980101351,21052.9880754957
"baseline","antey saint andre","Antey-Saint-André",2026-04-01,3265.82284797834,513.997929339236,1211.73714245364,2268.01838035901,4105.51105509858,8051.71193382869
"baseline","antey saint andre","Antey-Saint-André",2026-05-01,1992.21256283268,264.015987665451,629.960610533969,1489.69804898375,2380.06575287364,5834.31504156343
"baseline","antey saint andre","Antey-Saint-André",2026-06-01,2197.93891544861,342.632989582293,871.903937757854,1418.1353359619,2556.52110632853,6802.55645918302
"baseline","antey saint andre","Antey-Saint-André",2026-07-01,4027.76339524703,740.527416177384,1821.46699155319,2845.62341963296,5071.9693642303,8802.50554969368
"baseline","antey saint andre","Antey-Saint-André",2026-08-01,5912.65610155895,1061.10760460514,2382.58057239445,3165.3147111487,5866.014549548,16568.5207318944
"baseline","antey saint andre","Antey-Saint-André",2026-09-01,3851.0431788209,398.534692085198,1146.68885344672,2369.95708493355,4210.03825226535,13715.1340663062
"baseline","aosta","Aosta",2025-10-01,15054.5238190805,3534.89606072911,6124.86540249044,10441.4731831072,16241.1078453164,43605.771393997
"baseline","aosta","Aosta",2025-11-01,40532.3594765594,7525.8022827342,14256.8681608516,23045.2253886315,55071.2146409353,101904.510215127
"baseline","aosta","Aosta",2025-12-01,79362.0507909233,10896.4818965338,34850.7902493092,58510.1116399048,87576.1712159632,224231.311770512
"baseline","aosta","Aosta",2026-01-01,54456.2236046086,7182.64999132703,17649.1876349465,33570.4434826122,56870.6813817068,137765.047441265
"baseline","aosta","Aosta",2026-02-01,39291.7595546094,7120.41142434673,19353.8847823211,32030.9390922745,56710.926992448,87499.4743045047
"baseline","aosta","Aosta",2026-03-01,18569.7171674879,2935.96153840189,7081.72364924149,14917.9692572429,23040.4054812087,50960.64853854
"baseline","aosta","Aosta",2026-04-01,6962.65835758766,718.677018009595,3054.35978020528,4234.16732723363,8502.00508873993,20830.4169756098
"baseline","aosta","Aosta",2026-05-01,5488.21711357598,538.874844065883,1655.41000427689,3237.44824444939,6761.32091257124,15604.3233191413
"baseline","aosta","Aosta",2026-06-01,3955.73687317368,718.837414828531,1583.10024636668,3073.23823231251,5939.05726158568,8412.59115264652
"baseline","aosta","Aosta",2026-07-01,8100.80397481961,1203.54010856616,2323.30568220897,5917.59890438914,10964.1284357073,21883.3269434534
"baseline","aosta","Aosta",2026-08-01,9822.78807162972,924.057777674499,3364.25450167988,7293.55844468424,14387.777308738,28032.7600408289
"baseline","aosta","Aosta",2026-09-01,9372.41233043617,804.84961339989,3169.0978436501,5778.09578543445,13753.8925541584,25602.8958694512
"baseline","arnad","Arnad",2025-10-01,665.251370757973,153.859363756063,260.936878184236,548.361416423754,758.238113564217,1886.01089489421
"baseline","arnad","Arnad",2025-11-01,2059.95071343714,358.998939052506,749.160630249867,1251.61138499932,2589.95190182691,6002.88283028243
"baseline","arnad","Arnad",2025-12-01,6627.94623080844,543.620335438568,1471.46054407782,3286.09923021517,7502.69107531009,25901.2224427793
"baseline","arnad","Arnad",2026-01-01,3215.97283558474,459.155662479388,1195.70014220931,1899.79379283871,3452.73326920913,9844.62051121879
"baseline","arnad","Arnad",2026-02-01,4045.17505490725,561.02418138735,1394.85548971627,2426.4458594793,4356.31785185128,12341.2220385656
"baseline","arnad","Arnad",2026-03-01,1711.53834107329,218.521180638327,648.797346574622,1195.8726536386,2098.82763682256,4358.03143909116
"baseline","arnad","Arnad",2026-04-01,791.729522714476,113.279849769108,319.435768682769,528.451101010318,1001.18143913135,1983.75753464312
"baseline","arnad","Arnad",2026-05-01,534.71714575762,119.515272507225,237.694119741609,400.210658687332,696.370439074656,1487.07935551723
"baseline","arnad","Arnad",2026-06-01,526.436971522431,100.756883735621,207.313091484232,399.065852535948,752.61328321467,1317.83372425338
"baseline","arnad","Arnad",2026-07-01,786.428911868163,105.499859276649,326.064058396262,545.833583288563,877.969161499621,2190.12257994886
"baseline","arnad","Arnad",2026-08-01,1192.27571985673,203.637295641456,474.160488254161,767.129016174897,1595.80168880117,4015.5093545083
"baseline","arnad","Arnad",2026-09-01,926.708135204803,184.120673075217,375.128598498622,667.936143810229,1071.75143251947,1949.14896040909
"baseline","arvier","Arvier",2025-10-01,435.413749640193,66.5821601236968,132.613836854505,241.48801811666,716.152058267404,1210.13242923828
"baseline","arvier","Arvier",2025-11-01,1140.09092526591,177.302655453972,383.471121852331,822.224338449142,1203.79669185069,3727.40604364065
"baseline","arvier","Arvier",2025-12-01,2887.14966691951,486.21686351851,836.537297493109,1472.92785914549,3276.33157101055,10725.9077997186
"baseline","arvier","Arvier",2026-01-01,1734.69694546063,221.691986659787,403.794727399364,1004.38529282735,2265.17762485783,5038.31895921926
"baseline","arvier","Arvier",2026-02-01,1133.92478251304,220.311372222146,596.194671641727,956.309210751917,1477.74024130982,2574.31691403135
"baseline","arvier","Arvier",2026-03-01,538.587428558778,101.846151047451,186.777531442815,324.47484843543,493.214347914789,1565.14567149366
"baseline","arvier","Arvier",2026-04-01,367.632898814456,42.3201232091446,95.9110143668009,173.396116712154,324.032421801616,800.844486435808
"baseline","arvier","Arvier",2026-05-01,161.639170234404,17.6416294082159,68.5331211564306,128.462728550796,191.20112475915,432.639529162242
"baseline","arvier","Arvier",2026-06-01,165.246671738688,20.6568575536979,61.5301877052062,120.307807404787,216.61673637325,492.963742506445
"baseline","arvier","Arvier",2026-07-01,268.731082911926,38.6137286192293,111.051285811719,194.803560604723,315.24182626178,639.685959707961
"baseline","arvier","Arvier",2026-08-01,338.919387644836,58.8655094690851,122.825794990412,220.487176236384,447.081219637806,705.740433235482
"baseline","arvier","Arvier",2026-09-01,338.609697442531,36.9646329464342,78.5237734531006,200.508574082093,340.158584683538,1257.44555716376
"baseline","avise","Avise",2025-10-01,119.010624160958,19.5455769239981,47.7120084844748,90.7960700912984,152.991183218255,278.79376269736
"baseline","avise","Avise",2025-11-01,448.668764784377,71.5396499433542,138.689445075,343.745882093503,587.668201374418,1275.98474159176
"baseline","avise","Avise",2025-12-01,962.751082080719,130.127884148577,342.863864565273,658.131670660832,1093.66399197367,2765.68982017962
"baseline","avise","Avise",2026-01-01,571.922542994097,82.8410266050869,228.891009720616,377.540495491152,713.77900155753,1750.03839759775
"baseline","avise","Avise",2026-02-01,446.941750297975,54.9545159007199,150.920148900675,323.732292649308,577.672856890201,1240.61672377617
"baseline","avise","Avise",2026-03-01,211.385316305004,30.2775557488948,82.6053832933577,168.203032743035,247.097795336833,658.291625719964
"baseline","avise","Avise",2026-04-01,79.8994927593209,10.7677183660402,27.7453149478122,64.7458288429045,112.820527855148,185.702207842846
"baseline","avise","Avise",2026-05-01,52.0028601933361,6.92128465217474,16.1204899646426,29.8911037222236,62.0481859707366,138.072623079695
"baseline","avise","Avise",2026-06-01,50.23185261286,4.50541089453469,14.7656742520853,28.8800198776924,69.3072566802569,133.69195704648
"baseline","avise","Avise",2026-07-01,76.9008714598019,12.0220097270056,26.0946645531056,46.0888555822578,91.426746456137,183.634368033883
"baseline","avise","Avise",2026-08-01,144.695430971993,15.9334211599914,39.6350224847605,78.6485833714726,151.035124080412,511.586772459646
"baseline","avise","Avise",2026-09-01,177.208755100241,25.895309665423,45.196984772626,76.8680811222566,149.332907499665,831.050328222662
"baseline","ayas","Ayas",2025-10-01,1869.73834266029,408.668728334906,906.979606098488,1367.77978433823,2180.76112436073,4708.77167015403
"baseline","ayas","Ayas",2025-11-01,2048.70958957586,321.092726190838,755.318936412206,1224.93400227957,2331.02738056765,6571.54819058009
"baseline","ayas","Ayas",2025-12-01,4795.83610797247,716.292840476287,2129.60468762127,3295.24603538634,5612.07399009092,17069.8994869045
"baseline","ayas","Ayas",2026-01-01,3386.49787795878,324.690460976468,805.514680890756,1871.27687131781,4610.71375720744,9685.63182312696
"baseline","ayas","Ayas",2026-02-01,2271.46977738532,608.178702247106,1084.30114417467,1677.93912642061,2945.34226953631,5478.75252183053
"baseline","ayas","Ayas",2026-03-01,1292.02391518211,261.312269028625,635.560397079364,950.351056759455,1675.08394262641,3044.65194751566
"baseline","ayas","Ayas",2026-04-01,572.438776514433,124.120215864137,231.286669449235,433.968657449975,752.755860561465,1372.21717424955
"baseline","ayas","Ayas",2026-05-01,316.272882819098,41.6221932934295,114.89738968961,219.329177313521,379.501373847211,994.561105046106
"baseline","ayas","Ayas",2026-06-01,383.082133269566,32.137431588471,106.232673029784,154.445823001348,329.962590853519,1211.77630261263
"baseline","ayas","Ayas",2026-07-01,376.922458388157,82.3699946676026,170.22416714478,295.98055475503,482.828415487568,1083.93241096949
"baseline","ayas","Ayas",2026-08-01,533.65410141898,102.122211439299,271.458156690033,407.841067722929,641.054052100768,1281.80701717647
"baseline","ayas","Ayas",2026-09-01,555.975789738315,83.8735006466754,147.34845929505,317.169073703477,579.089063874577,1656.49450161225
"baseline","aymavilles","Aymavilles",2025-10-01,512.066699513308,67.2752185336546,160.283173423413,424.631038964143,542.277692406384,1328.17155850746
"baseline","aymavilles","Aymavilles",2025-11-01,959.357166478731,114.210643259101,337.637967743074,671.122646570066,1154.84592382959,2745.97792579885
"baseline","aymavilles","Aymavilles",2025-12-01,2209.48434784214,366.730649942322,757.580105003866,1237.42961364639,2088.4581287516,7710.67873156259
"baseline","aymavilles","Aymavilles",2026-01-01,1046.39240877594,180.243568258925,338.119967509954,723.151911134842,1253.13751892447,2919.81078791414
"baseline","aymavilles","Aymavilles",2026-02-01,1013.22186454053,147.873810540888,366.848239687411,953.584924974905,1438.49705099825,2189.77664626146
"baseline","aymavilles","Aymavilles",2026-03-01,665.135764370543,64.9557368117659,216.833285855104,371.5942050033,742.561351367149,1726.02752455836
"baseline","aymavilles","Aymavilles",2026-04-01,229.665039281856,26.3392073683534,97.6552100496992,168.662566543331,283.443655701569,735.276177541931
"baseline","aymavilles","Aymavilles",2026-05-01,182.726239498194,17.7564997607627,48.7820609613566,105.247300051858,187.640954486374,569.910297144561
"baseline","aymavilles","Aymavilles",2026-06-01,115.323367311034,15.7598110300438,37.7603366355186,79.5967502905545,156.830297682856,333.350740227629
"baseline","aymavilles","Aymavilles",2026-07-01,284.822213974634,36.9175448097821,65.8123815084654,112.673794497774,213.073332315778,1119.55124962302
"baseline","aymavilles","Aymavilles",2026-08-01,260.631425810739,35.7084640271744,87.7543687232022,170.980004561162,338.82520643469,691.335807782814
"baseline","aymavilles","Aymavilles",2026-09-01,191.500579261432,40.9130112153314,67.5504263054497,119.416006388954,227.146504351832,702.378788959679
"baseline","bard","Bard",2025-10-01,1834.75112876547,417.296235898369,735.441307744953,1268.3572345063,2024.26739799391,5507.12019582192
"baseline","bard","Bard",2025-11-01,5839.41661451562,1103.64746188127,2566.25986235802,4307.12250619567,8138.61178284775,15530.1719352676
"baseline","bard","Bard",2025-12-01,16647.2185095719,2725.46542226046,6034.67386017979,12328.7817498262,24973.0437323905,46823.6504918034
"baseline","bard","Bard",2026-01-01,10491.1896183638,1669.50710988652,3760.44977551565,8003.662997746,14820.3711012299,26871.8340953976
"baseline","bard","Bard",2026-02-01,11862.2692138976,3170.52405440274,5666.17727956925,9854.46759471558,15220.1782425888,28863.2101722595
"baseline","bard","Bard",2026-03-01,6351.78793202993,1667.04439216327,2939.86179518964,5016.91671816855,8467.72639675857,14310.1646679567
"baseline","bard","Bard",2026-04-01,3839.08173772753,625.574980074771,1823.96958371365,2631.23858740868,3907.63208706193,11582.4349951802
"baseline","bard","Bard",2026-05-01,1962.33259956307,258.726424647016,722.502358213534,1448.00379551513,2697.87972839364,4954.13705684809
"baseline","bard","Bard",2026-06-01,2214.75238216184,317.200882224188,721.283966718532,1497.62479254702,2700.19231953999,6120.30521805225
"baseline","bard","Bard",2026-07-01,3716.35757766067,395.451306894782,967.097548838775,2260.83355807534,4503.69083165239,11540.9097040233
"baseline","bard","Bard",2026-08-01,4713.86278765538,757.082812140232,1500.42490670073,3140.3462840682,5547.89449454865,12716.8760779582
"baseline","bard","Bard",2026-09-01,2869.48399082537,680.156313090842,1571.98745252362,2433.20235386971,3627.06346900042,6962.53997234265
"baseline","bionaz","Bionaz",2025-10-01,422.718858622258,82.575334022845,199.009964952813,296.728438832191,504.858255511907,1228.05745389384
"baseline","bionaz","Bionaz",2025-11-01,675.125475581563,67.1753331089143,205.127886468874,521.658308493689,823.953442514245,1704.17491714696
"baseline","bionaz","Bionaz",2025-12-01,1233.76014659131,127.948300623878,362.365143963883,880.876740561955,1438.23275665649,3656.64385157291
"baseline","bionaz","Bionaz",2026-01-01,645.996741497053,73.6501331261729,157.297769732319,392.284785646659,788.011739092934,1958.96028942814
"baseline","bionaz","Bionaz",2026-02-01,587.026464656839,61.7951667165098,155.664296554044,343.763377506361,685.447470173443,2212.42796519652
"baseline","bionaz","Bionaz",2026-03-01,339.677527875763,51.5424587229869,137.069447876368,236.611667531929,400.612962084913,1133.30499783861
"baseline","bionaz","Bionaz",2026-04-01,318.814146117451,34.1200221207065,67.6584508517733,142.505972716121,357.391817278505,903.897814049171
"baseline","bionaz","Bionaz",2026-05-01,138.998157017764,16.1478888182657,40.8423466689023,80.7879515055051,119.947436621035,478.592964740682
"baseline","bionaz","Bionaz",2026-06-01,108.849798620473,19.2937228821977,52.9353436195637,85.341895463483,134.832424636894,257.921665222576
"baseline","bionaz","Bionaz",2026-07-01,195.547330575865,34.810519044313,75.7516548369983,118.246860257187,283.523216050786,479.80302023991
"baseline","bionaz","Bionaz",2026-08-01,305.235109694615,60.5095202312058,133.06633973276,240.54315914162,334.733834207538,792.787165493247
"baseline","bionaz","Bionaz",2026-09-01,247.467731411061,41.8216598053246,94.2662880805609,152.980285456547,295.325104876835,691.895805533803
"baseline","brissogne","Brissogne",2025-10-01,70.7643023088552,13.0444126937019,26.2656033493154,55.8106872151854,88.0638194075669,174.878981509208
"baseline","brissogne","Brissogne",2025-11-01,357.294267383133,67.5356714464872,153.443613900658,263.107747865483,434.582673662092,1014.9145277312
"baseline","brissogne","Brissogne",2025-12-01,1286.00723483593,172.917688227315,472.280108287364,890.626946094831,1889.48769611879,3968.73799672962
"baseline","brissogne","Brissogne",2026-01-01,785.210174589694,71.1667905770866,236.938441082607,422.205092403659,1010.7664765243,2772.45698812943
"baseline","brissogne","Brissogne",2026-02-01,780.802983871698,91.1863712325,276.650334440308,508.943998927469,887.565053436457,2515.06823053342
"baseline","brissogne","Brissogne",2026-03-01,362.962752461211,63.8173643923999,128.130514042416,193.51255365225,486.372375223752,1236.45600046068
"baseline","brissogne","Brissogne",2026-04-01,150.908187117449,19.1375932011182,50.0720910307503,100.830041721516,217.582231832626,444.403566614037
"baseline","brissogne","Brissogne",2026-05-01,110.489985877212,11.5761261954486,35.9690032187671,64.6716834834238,136.639001550522,304.294676065578
"baseline","brissogne","Brissogne",2026-06-01,102.707337360666,13.1110450685464,47.2452313129024,69.476877843801,153.254057879391,255.136281598414
"baseline","brissogne","Brissogne",2026-07-01,147.456014213527,23.6566243655781,47.5483700954552,104.4763038719,192.264988355047,410.791018357316
"baseline","brissogne","Brissogne",2026-08-01,226.45183506063,26.2970143581113,73.9437922186394,139.461031704438,304.654869668252,715.663376054451
"baseline","brissogne","Brissogne",2026-09-01,240.528204618668,30.3777465001876,79.2018213292228,162.011022722704,247.130947814794,768.274135614647
"baseline","brusson","Brusson",2025-10-01,1178.65169115637,208.361614591158,521.781786611025,940.434488567442,1459.57300282705,2937.03023999512
"baseline","brusson","Brusson",2025-11-01,2069.64923014943,384.966595160261,729.582507329137,1882.59975283718,2602.45236121115,5513.95546550044
"baseline","brusson","Brusson",2025-12-01,4796.82238104123,647.513121269791,2134.63603504151,3044.53636418568,6388.71088114752,12520.0765346493
"baseline","brusson","Brusson",2026-01-01,2962.55815611336,322.764384210851,714.871462030224,2033.76339076315,3130.63026156089,8231.4162730828
"baseline","brusson","Brusson",2026-02-01,2158.46044619171,470.801686037583,905.553988126318,1697.87731242218,2430.82928394348,6249.64943608251
"baseline","brusson","Brusson",2026-03-01,1136.17248006704,233.041017216762,438.124656001231,705.833478233745,1192.66819483689,3696.24052889567
"baseline","brusson","Brusson",2026-04-01,667.302701093663,94.5321198645001,191.807889995658,320.099360721044,720.860989418499,1548.20091636713
"baseline","brusson","Brusson",2026-05-01,302.902071740062,52.725925104037,132.851446014582,195.599993452738,378.580106742227,915.126609468464
"baseline","brusson","Brusson",2026-06-01,344.47107666637,62.0786029479502,140.180964063531,224.000710255083,373.131930852769,1218.42046038592
"baseline","brusson","Brusson",2026-07-01,505.161653615328,65.5841324448801,166.019527253199,421.310787376278,750.549590900536,1247.05842675665
"baseline","brusson","Brusson",2026-08-01,717.135668771286,139.34055911773,245.159699848565,519.397699004308,878.13029546624,2062.89505641991
"baseline","brusson","Brusson",2026-09-01,589.582742910403,82.8622088248561,214.997262975162,349.286136018619,624.165131118188,2203.19169333324
"baseline","challand saint anselme","Challand-Saint-Anselme",2025-10-01,723.235163308595,202.174006777512,309.508375911282,732.858185312803,937.272552195534,1614.62753607177
"baseline","challand saint anselme","Challand-Saint-Anselme",2025-11-01,1644.37669291937,448.34829264438,706.204531089022,1308.63341804131,2016.34953077674,3515.56989720784
"baseline","challand saint anselme","Challand-Saint-Anselme",2025-12-01,3803.79440951527,750.994013875013,1630.7181584153,3066.87814539427,5796.22875044142,8338.57539835182
"baseline","challand saint anselme","Challand-Saint-Anselme",2026-01-01,2765.15004683299,368.745598490973,1205.28295322825,1903.611889071,3769.28246843186,7436.07060674659
"baseline","challand saint anselme","Challand-Saint-Anselme",2026-02-01,2805.90846292147,220.011172186691,756.722845731712,1483.17334008353,3289.73135998921,9139.61748336938
"baseline","challand saint anselme","Challand-Saint-Anselme",2026-03-01,1322.39698885527,174.495966772463,433.728984589437,892.13111229824,1716.68895457062,3404.65999516688
"baseline","challand saint anselme","Challand-Saint-Anselme",2026-04-01,632.771982821841,122.939880865038,193.925173570682,439.387074751755,756.211853061969,1931.14577405725
"baseline","challand saint anselme","Challand-Saint-Anselme",2026-05-01,379.546938064949,39.6215378377641,134.72859983371,234.607732967604,458.801732530162,908.758395203584
"baseline","challand saint anselme","Challand-Saint-Anselme",2026-06-01,354.269273173091,54.080866632227,125.112056674009,239.373186669789,392.014767279512,1054.20325287778
"baseline","challand saint anselme","Challand-Saint-Anselme",2026-07-01,663.361726400788,97.8024297337665,185.976378877447,352.60618915904,692.608321859057,2553.7932563541
"baseline","challand saint anselme","Challand-Saint-Anselme",2026-08-01,724.933674072092,133.530783569603,215.356920414487,392.21477010775,695.561699718722,2029.36223375342
"baseline","challand saint anselme","Challand-Saint-Anselme",2026-09-01,753.831271040547,114.456651523304,214.81170012832,400.753369202868,960.037424317181,2506.67802722941
"baseline","challand saint victor","Challand-Saint-Victor",2025-10-01,81.4874997649599,9.48024082800769,23.3019032462792,52.3990728225783,101.149663546764,222.607214016712
"baseline","challand saint victor","Challand-Saint-Victor",2025-11-01,489.575795001496,50.8579194489606,142.316212269919,264.696436582244,527.018798101842,1534.01414273578
"baseline","challand saint victor","Challand-Saint-Victor",2025-12-01,1702.75418625213,243.39478975886,430.807903024185,859.116583634483,1828.23495908883,4487.13429289172
"baseline","challand saint victor","Challand-Saint-Victor",2026-01-01,1017.39354217669,171.73492432176,325.382537343307,597.376575064692,1036.58334157659,3691.95180452711
"baseline","challand saint victor","Challand-Saint-Victor",2026-02-01,1118.37321615939,182.744305340292,397.591776751524,580.694589760217,1303.8521739476,2644.99180101592
"baseline","challand saint victor","Challand-Saint-Victor",2026-03-01,517.36703005792,82.6601418686752,170.449308881379,305.216052265235,578.481041938429,1597.96120019118
"baseline","challand saint victor","Challand-Saint-Victor",2026-04-01,225.263666038875,22.5369758260699,76.3559269914441,132.998441524191,261.445356772927,711.900162297723
"baseline","challand saint victor","Challand-Saint-Victor",2026-05-01,171.652827285131,21.7519744874221,65.5850586395665,115.72664512696,171.900444898384,567.90195748052
"baseline","challand saint victor","Challand-Saint-Victor",2026-06-01,162.828455186808,20.4635217016283,55.9669157376521,116.637450289916,192.35448736798,583.102893221581
"baseline","challand saint victor","Challand-Saint-Victor",2026-07-01,250.665445363526,25.0687169138931,96.029456157327,179.784911285926,335.583793131757,710.662593203838
"baseline","challand saint victor","Challand-Saint-Victor",2026-08-01,312.30160511012,50.0566814896592,100.661962940897,170.336816391462,422.08012985748,979.663576124148
"baseline","challand saint victor","Challand-Saint-Victor",2026-09-01,180.79299569896,25.8517071832651,69.9621209051797,138.261547977929,203.099167118842,447.35292328637
"baseline","chambave","Chambave",2025-10-01,314.727317858764,33.465095578432,116.858305372248,181.793142059088,386.63086487,1020.03376025331
"baseline","chambave","Chambave",2025-11-01,1435.89547533333,168.69384539733,266.320258344125,556.339617959535,1466.55746379006,6100.82325503182
"baseline","chambave","Chambave",2025-12-01,4140.83554313884,535.652033761658,1096.41719676582,1935.9880363195,4416.48668098925,13143.1491819132
"baseline","chambave","Chambave",2026-01-01,2606.27014078915,181.504286588746,717.558493478506,1181.25624652862,3545.3629803099,8753.10069730121
"baseline","chambave","Chambave",2026-02-01,2125.58589081,158.705916526794,765.126783145753,1839.18181512324,2520.56066427704,5790.79505089546
"baseline","chambave","Chambave",2026-03-01,972.177222407003,184.896313383771,454.048789790315,790.70180788454,1175.40765043898,2191.03289217308
"baseline","chambave","Chambave",2026-04-01,623.023189328969,114.428627024179,209.89972584533,320.485952311724,554.542038862711,2045.90257527133
"baseline","chambave","Chambave",2026-05-01,254.749316883807,50.1542567732603,86.769946441943,172.918207607017,314.995928825796,679.412151173678
"baseline","chambave","Chambave",2026-06-01,265.720655563579,30.2419700685157,88.7029755986187,181.29679628852,354.478272727126,702.506718184984
"baseline","chambave","Chambave",2026-07-01,690.456968539514,87.9013993060489,154.609974056606,333.313252336734,879.353638764895,2615.53279925265
"baseline","chambave","Chambave",2026-08-01,1104.6324459585,92.5011785982248,325.963877349671,773.648814375151,1473.6555544395,3105.00913911082
"baseline","chambave","Chambave",2026-09-01,678.648959747918,76.135309449327,209.821396195277,402.989806997424,701.691002313683,2658.05467330332
"baseline","chamois","Chamois",2025-10-01,124.965044711452,24.848871102268,45.9297638807731,84.5301226922409,147.115933582534,382.400055075969
"baseline","chamois","Chamois",2025-11-01,247.517064689878,40.0796889390458,115.790843709932,203.720926911598,321.1153700259,627.61473881707
"baseline","chamois","Chamois",2025-12-01,878.879786936932,148.441382035304,325.101561859241,534.745501162182,1027.40169565167,2265.70956245264
"baseline","chamois","Chamois",2026-01-01,521.798123332299,52.2262706716876,153.829138439749,325.141055395529,601.564935751225,1674.79379576716
"baseline","chamois","Chamois",2026-02-01,778.537198177024,100.96403276853,205.948133888437,477.521295112419,1121.84736692101,2399.01270402311
"baseline","chamois","Chamois",2026-03-01,400.613432161568,55.9139769259769,127.866287381316,275.089132059628,456.95250398214,1036.59585081039
"baseline","chamois","Chamois",2026-04-01,96.6442005830621,9.75571937327491,37.1171675396355,66.0941739255808,99.4067728294801,310.62045909523
"baseline","chamois","Chamois",2026-05-01,42.8370284304376,5.13843982148096,11.6525472728309,19.5719404591536,49.7868749466576,99.32033645999
"baseline","chamois","Chamois",2026-06-01,54.2812944727115,8.84247484205168,17.95456165301,26.9445569105762,40.2977343787308,227.681523745455
"baseline","chamois","Chamois",2026-07-01,101.259191874027,20.609511275531,40.1307783245951,71.6263061387371,133.025403981263,287.9879307788
"baseline","chamois","Chamois",2026-08-01,201.271599759395,20.7426235388415,56.0695424406544,116.504517101918,239.25174711766,770.069431650107
"baseline","chamois","Chamois",2026-09-01,147.410810437866,14.334116384002,49.7365733508057,85.0811011420594,153.719618227673,439.549881392084
"baseline","champdepraz","Champdepraz",2025-10-01,387.064743155011,81.3986231839714,169.301233093483,224.035394373662,534.018887928604,1040.88409243053
"baseline","champdepraz","Champdepraz",2025-11-01,821.010324623943,167.954514250778,283.887611194054,546.261340012227,945.1580440831,2594.00254544133
"baseline","champdepraz","Champdepraz",2025-12-01,1523.43514531573,273.475736321767,573.550761125272,926.574883245193,1547.49555984664,4871.27635913954
"baseline","champdepraz","Champdepraz",2026-01-01,789.117742626103,174.123993471775,288.748846203049,635.941781408012,1026.42726969622,2014.41546585789
"baseline","champdepraz","Champdepraz",2026-02-01,747.070208800521,137.91725047309,296.274906208122,482.504305953431,995.631258053109,2373.96014026882
"baseline","champdepraz","Champdepraz",2026-03-01,376.736757114368,70.5007891306473,166.19257751778,244.02933610872,501.759984015468,1188.5347946569
"baseline","champdepraz","Champdepraz",2026-04-01,207.714488734479,31.9287145642606,84.2894767123593,124.353739503109,219.536333116841,493.260421682056
"baseline","champdepraz","Champdepraz",2026-05-01,95.5544119812552,16.6658452100015,48.0372878372363,80.7965600680337,117.92633998305,230.737561815264
"baseline","champdepraz","Champdepraz",2026-06-01,114.438408281595,19.6951714943898,39.1676468913837,61.0164566001769,107.369942410202,344.539499085859
"baseline","champdepraz","Champdepraz",2026-07-01,167.003878488038,22.9665211087042,65.263947579242,119.402582205022,192.426084521121,317.116554870611
"baseline","champdepraz","Champdepraz",2026-08-01,212.251491302774,22.635470264801,85.2176042665888,139.905547053731,309.226505581606,530.751265999716
"baseline","champdepraz","Champdepraz",2026-09-01,208.518454507582,16.6975945048717,79.73645522969,151.036954840992,266.630538778526,492.433615580456
"baseline","champorcher","Champorcher",2025-10-01,336.275399552837,73.2914889775606,145.944273923245,262.356948886185,470.301703214502,812.425894760994
"baseline","champorcher","Champorcher",2025-11-01,736.246001325172,103.568029689866,278.306442355819,532.874390920769,916.907123690447,2122.67892259834
"baseline","champorcher","Champorcher",2025-12-01,1714.01966879955,222.316609458231,725.763519162747,1398.22789799208,2069.66658549644,5303.75744255739
"baseline","champorcher","Champorcher",2026-01-01,787.89569863394,145.506862301139,307.907518167438,566.492287445954,952.946485762774,2253.46592078153
"baseline","champorcher","Champorcher",2026-02-01,635.871867526611,86.8837250125401,263.600192387711,387.095316650825,698.583002544678,2043.97203854738
"baseline","champorcher","Champorcher",2026-03-01,325.316559238697,73.1074095369699,159.311151108463,284.886650305172,443.723321507416,747.999722664287
"baseline","champorcher","Champorcher",2026-04-01,135.177839470879,28.3685336654052,47.089196468924,89.1883900973063,178.921396023872,374.030654998625
"baseline","champorcher","Champorcher",2026-05-01,65.2803877127686,9.21431499083073,25.9049621209923,44.4217320626614,83.9120810436924,152.361740666623
"baseline","champorcher","Champorcher",2026-06-01,88.1765976210975,6.38392091282011,24.8065424603695,40.0504371243033,105.377645024523,255.183351347868
"baseline","champorcher","Champorcher",2026-07-01,120.850953765733,10.8936025410228,56.9068713568169,76.4473656994583,121.833461458977,407.284067797523
"baseline","champorcher","Champorcher",2026-08-01,188.750745369979,25.0341016307777,73.0715276234202,131.779046918194,234.365588780587,679.052333615241
"baseline","champorcher","Champorcher",2026-09-01,204.75645709495,29.1982169718862,83.5819649544522,121.34907032536,289.372790562859,612.407473084798
"baseline","charvensod","Charvensod",2025-10-01,1990.96757168159,298.63547152074,1100.22827437929,1868.36751279204,2664.57571473992,4551.32065815589
"baseline","charvensod","Charvensod",2025-11-01,4569.63824193057,1126.74264162086,1785.88393229281,3565.32694830204,5636.90518394968,11080.4031705563
"baseline","charvensod","Charvensod",2025-12-01,8786.77307973602,2027.24324056067,3757.51231025679,5742.95414428774,11778.3570611583,26249.9342053799
"baseline","charvensod","Charvensod",2026-01-01,4085.48538447934,508.089636058117,1283.62557980712,2577.03090320132,5345.52701201525,8941.78971863833
"baseline","charvensod","Charvensod",2026-02-01,3207.76974980513,478.371656934068,1311.36152948323,2312.25099164092,3583.04818471389,8993.43425083208
"baseline","charvensod","Charvensod",2026-03-01,1337.18580102311,210.673745968851,509.337749914593,1040.04335458089,1651.5806809982,3552.73690378209
"baseline","charvensod","Charvensod",2026-04-01,682.522869976502,95.6359273391283,236.906983349947,429.508733978997,784.505934399051,1702.78706449356
"baseline","charvensod","Charvensod",2026-05-01,835.63992749179,71.8005321999014,219.367111508281,421.270476637149,797.88832178113,2511.41202000516
"baseline","charvensod","Charvensod",2026-06-01,428.769250902244,38.6062826563562,168.380476502169,281.934647910672,576.096441369298,1096.17798738563
"baseline","charvensod","Charvensod",2026-07-01,701.660437790695,90.39524308252,239.798607940367,369.833195142218,802.331532805466,2664.34582363344
"baseline","charvensod","Charvensod",2026-08-01,954.527696762346,103.443238289375,288.678399220323,680.677490612067,1313.5183739413,2692.40767099207
"baseline","charvensod","Charvensod",2026-09-01,887.190652114131,164.219612794784,318.653632233613,744.643337040729,1085.17032647087,2420.75912518519
"baseline","chatillon","Châtillon",2025-10-01,3085.44792327752,398.76325608854,1148.77847204671,2686.77433903731,3940.37404346873,7546.00631178734
"baseline","chatillon","Châtillon",2025-11-01,7193.59801447269,1159.90815331553,2398.41138071255,4891.97520178515,11207.9174779786,21030.5352666582
"baseline","chatillon","Châtillon",2025-12-01,15486.5192833817,2029.36006904163,5244.22231413721,10785.593738049,20341.1454404909,45459.1560239033
"baseline","chatillon","Châtillon",2026-01-01,8980.9691318228,794.058813008932,2636.45048916225,4777.62873317319,10005.5040725318,28250.8911213547
"baseline","chatillon","Châtillon",2026-02-01,6413.93647066856,648.077719041963,2165.21036323751,5080.46822129417,8768.69347048177,17808.6699866679
"baseline","chatillon","Châtillon",2026-03-01,2692.788073194,367.454092378487,1025.53685336168,1564.52663730818,3361.41935172499,8847.43550044293
"baseline","chatillon","Châtillon",2026-04-01,1523.72930004464,274.579545021832,513.273737421841,1090.6049064498,2065.60421716964,4533.88626983401
"baseline","chatillon","Châtillon",2026-05-01,947.096711547414,140.244944728726,308.484352924911,478.478878627163,1032.78423473348,2964.72238215909
"baseline","chatillon","Châtillon",2026-06-01,877.21340705513,143.593758007209,363.427072562757,645.686073565217,945.482630464935,2206.10533327408
"baseline","chatillon","Châtillon",2026-07-01,2097.16098719799,309.881048701724,646.420525775159,1290.14090125588,3110.17497848309,5095.27077956408
"baseline","chatillon","Châtillon",2026-08-01,2374.87891832679,404.040023764032,728.059032957251,1500.24178589269,2336.19377441723,7392.17261578895
"baseline","chatillon","Châtillon",2026-09-01,1612.0826396766,472.461643505048,596.445470472824,1024.22945673754,1755.23856559716,4054.14463473884
"baseline","cogne","Cogne",2025-10-01,1736.67022151395,453.703713728485,871.334854270908,1342.9535043234,2045.73208828236,4909.14364153216
"baseline","cogne","Cogne",2025-11-01,2178.97199488908,365.704684733024,639.148896437755,1464.84113962824,2642.66667957603,7018.29185508852
"baseline","cogne","Cogne",2025-12-01,2984.83660038619,534.933029980688,1162.20486901483,1979.0806572541,3651.84280473304,9311.50930995415
"baseline","cogne","Cogne",2026-01-01,1514.0077565009,192.471116108147,477.18682220853,924.431309531405,2390.87830637168,4246.17618994667
"baseline","cogne","Cogne",2026-02-01,1371.3233638192,123.261587029202,357.599896703004,707.319954011891,1527.9915125288,4977.55220537603
"baseline","cogne","Cogne",2026-03-01,613.379083339924,68.3691011804589,215.295220567147,358.582328564159,720.256092464066,1854.91353520114
"baseline","cogne","Cogne",2026-04-01,231.962603610211,22.297102004184,66.0005702054897,125.856131661808,254.75085998214,733.47897435087
"baseline","cogne","Cogne",2026-05-01,156.5280656615,14.6125049277071,35.5273858814324,73.7900710935187,204.759594328909,481.569140844552
"baseline","cogne","Cogne",2026-06-01,148.48306584401,17.8424974104477,32.3787887395142,110.3237980055,168.324620411717,468.778209420265
"baseline","cogne","Cogne",2026-07-01,323.055629773716,44.6952957042024,93.9585973794691,142.468309615554,284.645189007264,1232.59009089126
"baseline","cogne","Cogne",2026-08-01,393.398807710062,54.7691890370855,103.300925104205,217.329111144293,368.630916420002,1028.49017229116
"baseline","cogne","Cogne",2026-09-01,286.580233153798,37.3282356102949,97.1222978040672,182.334895306562,311.481734888038,1112.97909382912
"baseline","courmayeur","Courmayeur",2025-10-01,5353.74785501476,1124.54788673109,2427.02406667258,3924.79758262976,6972.14549618847,14192.9548519453
"baseline","courmayeur","Courmayeur",2025-11-01,5358.59633147499,859.511121797413,1834.64055535639,3504.81688347113,5525.17133661366,17668.4724513731
"baseline","courmayeur","Courmayeur",2025-12-01,9521.94139920438,1274.62661735493,2331.11029085074,5121.45528114508,9658.30827365761,34563.1575362184
"baseline","courmayeur","Courmayeur",2026-01-01,5637.06975043883,523.969699692001,1655.56640499082,2676.02004624027,6863.04236908588,18129.4676212594
"baseline","courmayeur","Courmayeur",2026-02-01,3743.64417536775,312.077913277015,1064.61883653405,2117.26623576268,5482.48185181653,9944.59588261294
"baseline","courmayeur","Courmayeur",2026-03-01,1378.1857108908,134.615826399689,443.160717327687,1237.30697054212,1849.56203548183,3185.77209675857
"baseline","courmayeur","Courmayeur",2026-04-01,566.207637719892,74.8478306323973,252.12701030006,388.242280240352,647.274865453781,1772.1290933116
"baseline","courmayeur","Courmayeur",2026-05-01,230.909787760566,41.1927232615012,85.9172334047219,160.001531258418,248.702749244074,840.92291214992
"baseline","courmayeur","Courmayeur",2026-06-01,309.833144108062,45.3664453910368,102.275339913367,181.747790312595,300.93313079441,591.048077056266
"baseline","courmayeur","Courmayeur",2026-07-01,659.849810098746,122.339870567925,275.952506982559,440.37689667109,768.581171873221,1801.26855129333
"baseline","courmayeur","Courmayeur",2026-08-01,1088.44874673809,115.930856479683,416.3953041136,721.990404475448,1181.72574191339,2745.70463278681
"baseline","courmayeur","Courmayeur",2026-09-01,865.061727580015,112.636353545219,364.023792515974,785.857093464774,1212.18230866819,1987.50396795218
"baseline","donnas","Donnas",2025-10-01,307.587831741121,70.0998803460439,130.158642198953,237.205947228822,365.275200691966,779.995664443665
"baseline","donnas","Donnas",2025-11-01,942.489434826315,222.147771624246,415.339642021515,812.660896473074,1160.45229073528,2214.74286209758
"baseline","donnas","Donnas",2025-12-01,2677.99118380069,422.810727048765,1029.28034959189,1981.81011758362,3205.08641033323,7640.18687783449
"baseline","donnas","Donnas",2026-01-01,1717.89550842899,300.751648250056,694.838340165571,1138.78141273201,2324.65974876821,3582.95669974129
"baseline","donnas","Donnas",2026-02-01,1900.35140955729,354.814395031997,701.079698209781,1284.13060815831,2319.97902489891,5667.8049669808
"baseline","donnas","Donnas",2026-03-01,1049.58577418849,168.513589383287,387.263390887448,665.090289258736,1217.13149397484,2631.94773172947
"baseline","donnas","Donnas",2026-04-01,497.111420898561,77.0902925317474,142.021159216457,271.730292619082,598.037006976923,1543.47799142625
"baseline","donnas","Donnas",2026-05-01,245.344432254259,49.6709679354287,87.0582407140374,161.246235459897,273.834020146299,651.52785455991
"baseline","donnas","Donnas",2026-06-01,308.505707739009,61.7625875124265,132.162039182641,209.63304570202,412.810684484219,787.987801636772
"baseline","donnas","Donnas",2026-07-01,484.156009499057,77.2784774139181,193.288145755476,297.001580330675,615.161478924206,1446.01455848531
"baseline","donnas","Donnas",2026-08-01,708.566678438722,71.0474864798088,268.43107006752,492.794889196601,1004.61133821087,1570.69676188571
"baseline","donnas","Donnas",2026-09-01,644.817651029679,76.307469805445,199.941164282865,436.792043609612,661.525115831369,1807.06803876246
"baseline","doues","Doues",2025-10-01,442.351563655474,97.417760066969,171.190389806757,305.226728862401,582.81866269683,1213.39374669566
"baseline","doues","Doues",2025-11-01,911.501687890183,209.036374688773,446.757193591887,608.827972981546,844.15990899705,2364.55337004391
"baseline","doues","Doues",2025-12-01,1995.62367918073,393.509465009336,916.69964213481,1448.19709866223,2334.03614789067,5319.61292315253
"baseline","doues","Doues",2026-01-01,1548.85288495101,306.636059053519,634.713227233554,1008.16782103883,2186.84460823172,4303.75505641385
"baseline","doues","Doues",2026-02-01,980.49910198243,124.52974945476,350.211253241979,693.035433911094,1069.91062023364,3290.12350203952
"baseline","doues","Doues",2026-03-01,422.318925179744,93.0587699598604,168.658376092137,265.552950554357,476.36323890184,1377.32688584463
"baseline","doues","Doues",2026-04-01,207.272363066584,37.4121880154128,66.5144272624778,132.089720337769,235.741455989778,494.251565851176
"baseline","doues","Doues",2026-05-01,139.847052656304,28.1071858817427,55.4375610366461,103.805985622334,189.267835674828,362.409871436788
"baseline","doues","Doues",2026-06-01,190.59875495758,26.9021833476389,76.1820368365952,108.350360767975,236.601353073706,558.73710953289
"baseline","doues","Doues",2026-07-01,336.771144230756,31.6487360728468,99.657186810909,184.088606698471,362.432452642737,943.362485427459
"baseline","doues","Doues",2026-08-01,709.869682181328,63.5864011968759,206.536639783343,397.714069863261,554.276429391304,1829.49975922906
"baseline","doues","Doues",2026-09-01,433.999615272083,43.7212819129025,92.9901406645352,218.548095283489,486.868922329448,1406.21204092705
"baseline","emarese","Emarèse",2025-10-01,42.4742148073118,10.0814447770053,20.437428077094,30.7940255753849,53.5338158819854,112.826659449166
"baseline","emarese","Emarèse",2025-11-01,451.932679724358,60.0076346743661,132.249500229679,267.780619568973,474.937559261118,1509.0094082934
"baseline","emarese","Emarèse",2025-12-01,2033.12715560367,254.125059690151,678.663254788951,1518.29681009981,2474.38618638395,4962.01573579469
"baseline","emarese","Emarèse",2026-01-01,1356.11342011549,244.24634554825,478.101572236037,830.857545838537,1816.50026745766,3724.41414600398
"baseline","emarese","Emarèse",2026-02-01,1404.42695928142,123.294398113233,479.443235392195,1150.9239098645,1933.03179408612,4572.01398311731
"baseline","emarese","Emarèse",2026-03-01,627.119504280095,54.3907378505148,193.132095075011,515.170996139879,925.464486141301,1209.26660129031
"baseline","emarese","Emarèse",2026-04-01,441.637659044347,53.5967400290317,174.508979998014,323.449598764517,540.61642778185,1231.51306582893
"baseline","emarese","Emarèse",2026-05-01,311.359243869894,38.8649238305449,93.4327065893714,185.405259549723,315.005847731579,797.274085669593
"baseline","emarese","Emarèse",2026-06-01,181.463672457035,32.3150707804786,96.5935500765708,161.320582123083,245.971976266684,374.150288286982
"baseline","emarese","Emarèse",2026-07-01,342.273823100965,60.917347138585,146.162341476823,230.974045375792,458.63340091296,817.615167089042
"baseline","emarese","Emarèse",2026-08-01,504.971409036935,65.300748932737,147.548492333551,288.887190134467,576.013871060119,1410.20233094553
"baseline","emarese","Emarèse",2026-09-01,207.284715455799,28.1986816417282,76.9543858432822,137.836616620863,306.022942308109,541.395475342019
"baseline","etroubles","Etroubles",2025-10-01,998.974767506549,161.079748269002,284.552188177715,585.077180112907,1363.21986944298,3372.90887435498
"baseline","etroubles","Etroubles",2025-11-01,1545.39050105254,180.027067532504,380.219720252788,877.416333893138,1679.36773593756,5750.3672809824
"baseline","etroubles","Etroubles",2025-12-01,2128.43283324431,310.964975645861,658.233371490828,1465.26455781972,2715.72886766045,6976.40440588801
"baseline","etroubles","Etroubles",2026-01-01,1098.61428322467,194.2922394074,311.180748160613,600.022480190606,1211.99342345674,2589.14285444512
"baseline","etroubles","Etroubles",2026-02-01,1108.81108302532,172.399628379703,350.044305140384,641.254762360873,989.60804880262,3627.27826859963
"baseline","etroubles","Etroubles",2026-03-01,515.285717099828,48.8464265971316,140.976539840128,332.605030499587,601.764266395856,1900.05173351849
"baseline","etroubles","Etroubles",2026-04-01,283.329330460017,16.3091129689504,50.4335593701699,170.787078236541,352.442543243119,1013.91473467888
"baseline","etroubles","Etroubles",2026-05-01,116.636941452813,16.2386102758945,32.1563484038466,73.5293029183044,137.587843710566,324.33115998405
"baseline","etroubles","Etroubles",2026-06-01,101.161787709324,14.6949862124684,50.3140181172283,87.3048431825225,121.895436675869,267.777997470951
"baseline","etroubles","Etroubles",2026-07-01,286.335617901321,27.2304205006805,69.1781375670909,159.918992840984,272.599888270176,1182.2662440542
"baseline","etroubles","Etroubles",2026-08-01,337.420470635599,58.3554888193819,134.794415101068,257.76745261849,364.446015100897,1084.19232253444
"baseline","etroubles","Etroubles",2026-09-01,330.162260477106,81.2936801337779,121.591785199042,189.355998414983,373.921315887786,1022.65763242531
"baseline","fenis","Fénis",2025-10-01,551.494383479949,125.474598638397,246.289167457831,399.707768499279,698.686954296894,1518.35926034933
"baseline","fenis","Fénis",2025-11-01,1588.54451814565,241.592235049833,467.318719037277,760.109564273752,1592.9354892915,7104.06345406498
"baseline","fenis","Fénis",2025-12-01,2484.24421319696,342.973961910619,835.359627146641,1703.46445904501,3569.06843309222,6212.30468206233
"baseline","fenis","Fénis",2026-01-01,945.64468176524,256.260414496914,439.994966365363,656.024763928157,1144.99141648826,2461.62113427094
"baseline","fenis","Fénis",2026-02-01,1095.5419110268,126.672136130316,412.654921890556,744.12369168899,1530.90473993818,3329.8674193159
"baseline","fenis","Fénis",2026-03-01,620.043626259814,52.8304457643324,115.622738999123,271.923260935679,598.926493914501,1466.63749470136
"baseline","fenis","Fénis",2026-04-01,316.350944265589,27.7964322675215,83.1762782742034,142.728958027269,305.941015780944,1291.22240857343
"baseline","fenis","Fénis",2026-05-01,158.810625067677,26.8357167853843,45.9347311621445,99.7252837488099,231.447805435751,480.501781467097
"baseline","fenis","Fénis",2026-06-01,135.205994700333,30.3859735917028,49.4910399144187,105.652909373649,147.09166211349,443.229916196822
"baseline","fenis","Fénis",2026-07-01,219.373958779045,57.1632660258573,101.680929000024,158.089858345277,265.350534806502,634.1792795963
"baseline","fenis","Fénis",2026-08-01,424.661820082221,60.1702020294213,169.751920357627,312.902745252835,588.251366607177,1118.49619320354
"baseline","fenis","Fénis",2026-09-01,328.505072803938,72.175191439877,129.042472695524,232.667750097129,398.439131482861,938.635010336823
"baseline","fontainemore","Fontainemore",2025-10-01,236.556126531489,75.1570031523732,129.594332142085,167.417602694796,304.050957693205,600.018741707819
"baseline","fontainemore","Fontainemore",2025-11-01,600.460348115654,87.1067763698791,210.879457050861,404.954647409617,708.62281075356,1970.13398188413
"baseline","fontainemore","Fontainemore",2025-12-01,1124.12507959404,282.053332533084,493.064068340012,937.180596488264,1399.78146274129,2735.95839745276
"baseline","fontainemore","Fontainemore",2026-01-01,915.229238408191,131.850891319823,242.074624164656,511.910500877219,852.900899883312,3126.51521251184
"baseline","fontainemore","Fontainemore",2026-02-01,619.670769805755,124.121296739868,237.359673326108,389.265318724771,749.344066824805,1721.30946655461
"baseline","fontainemore","Fontainemore",2026-03-01,220.359990551263,43.0604225255195,106.735263139065,168.959257979916,283.033145257528,516.693090401669
"baseline","fontainemore","Fontainemore",2026-04-01,147.545065668221,22.137352770831,55.0371388821039,94.6503765604392,166.197329097975,541.303496618225
"baseline","fontainemore","Fontainemore",2026-05-01,84.060658674568,13.1610158184802,31.0120490065806,51.2348303493466,114.488881272491,249.729977788022
"baseline","fontainemore","Fontainemore",2026-06-01,105.53453853456,12.2491553869729,34.3432013324924,65.7220294162463,112.279240782848,334.703979640631
"baseline","fontainemore","Fontainemore",2026-07-01,336.474146488633,26.0571770480912,82.0102625740627,143.009116215703,365.085509009219,1437.17440753011
"baseline","fontainemore","Fontainemore",2026-08-01,485.283719822813,58.5558977208187,134.175889353819,256.542526771961,530.036260090889,1705.90460785301
"baseline","fontainemore","Fontainemore",2026-09-01,465.938391699365,34.122472997204,114.232838047726,304.358895153947,638.828884653697,1167.87606006455
"baseline","gaby","Gaby",2025-10-01,561.72252382991,96.9453310016468,159.236149867641,257.505199688351,549.274532420786,1800.33246617942
"baseline","gaby","Gaby",2025-11-01,1446.84671482417,220.498755540499,395.521894628304,618.97512683452,1358.96033380466,4463.56390835401
"baseline","gaby","Gaby",2025-12-01,3514.0405241525,471.163514011132,910.923857949115,1715.65890264472,3010.58485494734,10885.0040009502
"baseline","gaby","Gaby",2026-01-01,2274.79926137182,427.987671889972,768.372680088545,1465.81958698221,2967.54122767713,6974.02523567931
"baseline","gaby","Gaby",2026-02-01,1828.97088837655,183.942622613752,699.185223544362,1190.70207937508,2325.20543007667,5590.99939319644
"baseline","gaby","Gaby",2026-03-01,905.289375882186,80.6152552887722,245.626976154433,485.862642427555,767.618735775955,2851.64253792801
"baseline","gaby","Gaby",2026-04-01,368.473332487451,38.9441709229922,115.462138749698,186.317210728821,389.657796418407,1527.39594951811
"baseline","gaby","Gaby",2026-05-01,140.755178751972,22.1083750094322,41.3075566621735,83.4483929778208,204.188457767161,419.51249912799
"baseline","gaby","Gaby",2026-06-01,223.133535024446,25.8522122967474,62.331711755173,143.566058836977,232.465712937941,863.220893877554
"baseline","gaby","Gaby",2026-07-01,336.082596743451,67.5873357643291,94.4367236226887,195.118543701424,361.044607041981,954.515720269847
"baseline","gaby","Gaby",2026-08-01,518.165035011864,54.1407999302393,167.672550251088,345.814215900562,706.921928826936,1432.31565382925
"baseline","gaby","Gaby",2026-09-01,331.684241336204,56.5915753537197,113.760801125233,220.817249276999,453.94554630528,999.655275571621
"baseline","gignod","Gignod",2025-10-01,718.296916886562,178.570139602916,322.042844784521,542.674697243934,831.702481202678,1853.06780304643
"baseline","gignod","Gignod",2025-11-01,1918.98534554201,226.401426033031,600.922319347266,1127.12735992721,2743.73076858801,5504.86925014851
"baseline","gignod","Gignod",2025-12-01,4678.25301886931,658.959082133999,1491.65295412145,2642.24927698131,6019.92989211838,15118.5576817284
"baseline","gignod","Gignod",2026-01-01,1896.9835262391,531.264479070799,817.642068411552,1204.67742151989,2492.0309493402,4104.60032926594
"baseline","gignod","Gignod",2026-02-01,1760.08283205747,354.083063797774,739.907653323908,1257.60039468879,2051.51387656604,3212.72084056054
"baseline","gignod","Gignod",2026-03-01,878.298880346184,131.754898310148,283.100193900834,529.302976393246,1047.67771263652,2721.6510536319
"baseline","gignod","Gignod",2026-04-01,370.301389721927,37.8191881587546,137.168382784934,262.304297874865,618.240086639267,885.577908148465
"baseline","gignod","Gignod",2026-05-01,318.836914056836,28.7321700572462,109.427262887046,144.633028582332,296.905842282696,1245.09632519641
"baseline","gignod","Gignod",2026-06-01,378.353064490619,40.5697044228171,113.652781358645,212.232680062191,310.352049264707,735.446283280866
"baseline","gignod","Gignod",2026-07-01,602.716412631829,115.02814031649,199.085281251119,322.250461135454,585.571530213442,2030.18360784496
"baseline","gignod","Gignod",2026-08-01,908.042307203192,130.153362168877,227.357529171337,398.44436816162,772.392300247895,3664.03770151884
"baseline","gignod","Gignod",2026-09-01,598.295400027353,77.2399077921114,153.414273288459,394.194383428777,706.946160957225,1837.92519974338
"baseline","gressan","Gressan",2025-10-01,618.258779290895,107.54276668452,308.702699037715,481.364855032592,655.911045776877,1846.68133550391
"baseline","gressan","Gressan",2025-11-01,1848.68763881019,308.421501832092,606.747712780666,1170.98587344691,2312.55597513455,5562.08335330438
"baseline","gressan","Gressan",2025-12-01,4864.35332460653,877.575769753656,1713.1387425524,3620.69570087304,5633.07004497857,13339.1653122245
"baseline","gressan","Gressan",2026-01-01,4038.256628973,671.677779649057,1813.18640606635,2929.54849634986,5203.95997553843,9754.51059572017
"baseline","gressan","Gressan",2026-02-01,5987.95439813754,617.038084342159,1960.9979209604,2760.56037878109,4908.76515697104,10324.2537687581
"baseline","gressan","Gressan",2026-03-01,2005.95401968204,545.987389181891,963.223433618603,1554.25027377994,2208.31315490247,6927.71981751444
"baseline","gressan","Gressan",2026-04-01,663.596599103305,141.664628892887,306.156286753259,461.289413588273,875.026624951906,1895.25498266669
"baseline","gressan","Gressan",2026-05-01,345.175113745607,45.3614975697466,89.2639118379119,206.998276474796,344.669147807425,1105.58602799561
"baseline","gressan","Gressan",2026-06-01,335.52308261628,31.4874868293725,132.02774650612,221.211280030404,398.131995370452,797.250824763165
"baseline","gressan","Gressan",2026-07-01,694.273561724641,98.9923413928854,186.829064562383,419.293813572189,933.005130413655,1735.19773680729
"baseline","gressan","Gressan",2026-08-01,1010.82445212775,139.420570311698,359.100622296918,817.056458985588,1534.23541678911,2634.49187831798
"baseline","gressan","Gressan",2026-09-01,774.30691658341,92.6251527504353,289.996258599909,434.208954051773,1051.32626250367,2310.47889275483
"baseline","gressoney la trinite","Gressoney-La-Trinité",2025-10-01,1453.24980015321,146.615321719359,320.921195907841,883.045057841117,1496.90991176622,3868.28977062783
"baseline","gressoney la trinite","Gressoney-La-Trinité",2025-11-01,1295.14055643886,121.402955846655,330.083155429797,620.00755267191,1442.19757398836,5039.3822994687
"baseline","gressoney la trinite","Gressoney-La-Trinité",2025-12-01,3806.40179764661,393.279281186578,950.718759033503,2062.32512665863,4172.95297430165,13840.7215672494
"baseline","gressoney la trinite","Gressoney-La-Trinité",2026-01-01,2073.04978618965,336.935630594164,733.176899844486,987.477179601626,2152.35971604244,5140.36348849383
"baseline","gressoney la trinite","Gressoney-La-Trinité",2026-02-01,1542.40889705456,282.43853212586,583.13029497167,1034.26747359334,2057.63428202721,4288.41500680602
"baseline","gressoney la trinite","Gressoney-La-Trinité",2026-03-01,1074.05106690746,174.290869735822,345.230788561246,666.293527689316,1526.79513282454,2576.26716172657
"baseline","gressoney la trinite","Gressoney-La-Trinité",2026-04-01,608.914368463516,60.5499696523525,193.888404500603,319.91669553647,791.109400156983,1864.87552201072
"baseline","gressoney la trinite","Gressoney-La-Trinité",2026-05-01,263.1238997849,33.6059568047301,69.7679197728656,143.765797754523,271.037319589372,918.591548298036
"baseline","gressoney la trinite","Gressoney-La-Trinité",2026-06-01,326.591077824474,57.4093141609072,108.389160385284,238.007879122624,462.187668817032,856.927793245481
"baseline","gressoney la trinite","Gressoney-La-Trinité",2026-07-01,508.887469724505,77.4917936850342,168.688299216475,367.226248369543,784.481289093856,1553.15112213352
"baseline","gressoney la trinite","Gressoney-La-Trinité",2026-08-01,914.317579481531,115.403628205372,361.942839148275,677.194433549873,1238.4034734411,2316.66446792779
"baseline","gressoney la trinite","Gressoney-La-Trinité",2026-09-01,558.646642904127,87.7041672495982,201.991547968613,358.585384347539,708.077341275813,1546.02635355365
"baseline","gressoney saint jean","Gressoney-Saint-Jean",2025-10-01,1039.97137513819,268.500016928509,376.589066318644,796.74365285838,1290.45233689849,3137.77614094511
"baseline","gressoney saint jean","Gressoney-Saint-Jean",2025-11-01,1880.93451062483,281.461157114085,593.127304257771,1136.64697752436,3060.81498489131,4759.19057447966
"baseline","gressoney saint jean","Gressoney-Saint-Jean",2025-12-01,3298.75615196935,811.194797707069,1500.55181758896,2265.64154229915,3397.43873821292,9803.64515761404
"baseline","gressoney saint jean","Gressoney-Saint-Jean",2026-01-01,3015.08473635403,444.696561257109,911.580192673439,2178.47460974116,3315.90463531812,6161.83271612585
"baseline","gressoney saint jean","Gressoney-Saint-Jean",2026-02-01,2564.88529967078,304.081751740547,681.202430863827,1331.98350813648,2902.27301902042,8102.54620340022
"baseline","gressoney saint jean","Gressoney-Saint-Jean",2026-03-01,1270.06587035329,186.870628219187,360.001639183028,601.673116796832,1621.86032005652,4977.24007366969
"baseline","gressoney saint jean","Gressoney-Saint-Jean",2026-04-01,557.031159633013,94.2488917262622,216.295283570643,394.482915521047,714.766228540751,1701.72690506715
"baseline","gressoney saint jean","Gressoney-Saint-Jean",2026-05-01,347.991601689549,38.7678257417387,105.155831815878,258.512646966497,377.678707749132,850.388466750132
"baseline","gressoney saint jean","Gressoney-Saint-Jean",2026-06-01,295.342740064516,48.623599620795,93.156158438094,188.514489442703,447.16303520355,812.572668490182
"baseline","gressoney saint jean","Gressoney-Saint-Jean",2026-07-01,527.85821045766,91.6470557380964,226.340578895962,391.704943987045,644.418207814375,1517.10125118215
"baseline","gressoney saint jean","Gressoney-Saint-Jean",2026-08-01,687.073908551757,136.159052214528,262.662617393696,504.541779960976,928.449551094321,1579.90281078557
"baseline","gressoney saint jean","Gressoney-Saint-Jean",2026-09-01,481.427330680176,100.886025424935,222.34456150676,365.710881582437,552.317566266687,1375.32729149964
"baseline","hone","Hône",2025-10-01,220.23945716253,28.2208940092556,82.9741246076233,145.59660261522,273.710588453549,643.98304966151
"baseline","hone","Hône",2025-11-01,845.159518864546,129.956038289521,386.081789555622,685.272893906367,972.791199827077,2195.44224198437
"baseline","hone","Hône",2025-12-01,2655.14597929822,357.019784494318,1042.44596798586,2101.24498580915,3922.87278037244,7136.85271078374
"baseline","hone","Hône",2026-01-01,1912.45151610307,250.855096319545,715.092137313872,1139.5783649,2605.51099236042,5476.269145795
"baseline","hone","Hône",2026-02-01,2067.12491609439,234.257683502278,795.942605017425,1383.73295489944,2644.08692461834,5119.19585627934
"baseline","hone","Hône",2026-03-01,813.468678796656,170.709183315282,306.905183649719,639.746916949657,1253.19117461052,1759.166587453
"baseline","hone","Hône",2026-04-01,713.07413416279,70.8603338314948,161.542156943395,352.740250188605,828.873726262962,2834.31991866307
"baseline","hone","Hône",2026-05-01,444.47117636828,57.7283124299876,153.435149091473,294.61442988879,557.24418899386,1310.65845864927
"baseline","hone","Hône",2026-06-01,390.268525002835,47.0701385306418,172.886483941574,267.069837772547,453.169637028336,957.172588209295
"baseline","hone","Hône",2026-07-01,647.699672424218,86.5390164289846,181.040917984673,387.898657315918,797.11018362834,1966.03633400818
"baseline","hone","Hône",2026-08-01,893.477657489929,97.68380253386,344.345507323972,618.979598095581,1079.83390733237,2484.16797352154
"baseline","hone","Hône",2026-09-01,600.612126231916,58.5034660245326,173.728593005865,365.650314463614,611.00858691298,2258.53856541281
"baseline","introd","Introd",2025-10-01,435.545567541113,85.2448498078815,194.129831041551,341.006140753114,623.338597660872,1059.60341704731
"baseline","introd","Introd",2025-11-01,1372.40616688043,211.618908755321,432.531507846803,1077.91892346283,1679.12146440613,4004.5659820694
"baseline","introd","Introd",2025-12-01,3292.89174352158,412.116051059085,1013.15765565123,1998.7041266711,4356.79598424407,8890.92823257631
"baseline","introd","Introd",2026-01-01,1704.96222989079,347.527484876568,772.281709436957,1258.42484149451,1891.0347282645,4222.79130496476
"baseline","introd","Introd",2026-02-01,1859.00935069771,210.289487658552,633.3682844499,1086.08484285411,1963.60262631608,6401.20564423207
"baseline","introd","Introd",2026-03-01,832.60422570611,91.9036788915761,192.394973432569,497.151540494162,1066.24795646608,2570.67491820303
"baseline","introd","Introd",2026-04-01,367.272326756576,45.1069059485059,99.2989566442773,285.291362650061,598.29957927097,923.615343049731
"baseline","introd","Introd",2026-05-01,215.826405294376,22.3878527039585,67.8704252775898,154.715736968342,337.379645289612,534.056208516188
"baseline","introd","Introd",2026-06-01,209.438703195495,28.1273769056903,80.2819793455232,124.860327782318,275.268443734039,641.707736770514
"baseline","introd","Introd",2026-07-01,420.77302501581,59.2001020862344,153.652451670379,231.949229259629,434.442468630424,1627.85976780012
"baseline","introd","Introd",2026-08-01,479.595085692808,82.8926820010997,138.975616967262,287.60930844267,602.902384060771,1219.75551736204
"baseline","introd","Introd",2026-09-01,421.583241473153,33.5661640011813,103.877053077031,259.416319405956,482.710310995811,1508.52298817006
"baseline","issime","Issime",2025-10-01,247.887655587786,38.0133914612663,82.4492769744982,148.866773446015,182.3664094753,708.401399027354
"baseline","issime","Issime",2025-11-01,717.600968699012,96.4127943356404,280.683971634653,438.601915928556,820.554104309113,2764.07530932096
"baseline","issime","Issime",2025-12-01,1424.71838744139,146.669796107961,426.105725284877,920.812775253662,1863.5625151603,3934.93400586042
"baseline","issime","Issime",2026-01-01,637.872932972089,91.8070168039109,258.804859784935,443.763787130845,731.809169381873,1822.36749808086
"baseline","issime","Issime",2026-02-01,536.376036642498,125.923147832242,240.890151208864,369.459204354343,749.90666865902,1350.97700280119
"baseline","issime","Issime",2026-03-01,358.415642070255,52.1242933082879,120.420035166178,207.371313806252,469.746708614197,1017.12603196279
"baseline","issime","Issime",2026-04-01,238.385329581687,17.2970500218888,50.9755699408216,113.342962637157,237.873735148678,600.279954709191
"baseline","issime","Issime",2026-05-01,107.543200346334,13.1256839317275,36.3642352693056,68.9206884439612,135.420332531804,351.798093722796
"baseline","issime","Issime",2026-06-01,82.8804230519923,12.4238323727174,25.7973951460277,52.4415673232378,126.79754050971,204.970673470515
"baseline","issime","Issime",2026-07-01,157.155017857535,20.3672625847582,39.7169699336499,92.1664223573202,155.06637700236,386.537739580537
"baseline","issime","Issime",2026-08-01,171.931922428575,27.1063793908038,65.2492582886864,108.357654041962,215.60087846013,477.152277368612
"baseline","issime","Issime",2026-09-01,225.968772869224,36.4835043996579,74.0881445683573,113.754868506853,256.979303798871,650.719849414205
"baseline","issogne","Issogne",2025-10-01,208.187090724581,46.558641081163,88.8336667354599,123.060229143611,283.029098557297,614.349634686158
"baseline","issogne","Issogne",2025-11-01,660.863806263826,91.7343766231087,241.837667220253,379.248477174022,768.300426022326,2429.99595895566
"baseline","issogne","Issogne",2025-12-01,1685.40798332854,236.58692508492,472.234773312025,923.075669615747,2139.21575820976,4965.88704052357
"baseline","issogne","Issogne",2026-01-01,1125.63318526528,167.653146932933,429.959335196452,795.671945251905,1248.51755059692,3267.73726113727
"baseline","issogne","Issogne",2026-02-01,1424.88114417908,164.193809229357,586.81237156424,879.185353237889,1393.0842358195,5673.27919024161
"baseline","issogne","Issogne",2026-03-01,679.857849453227,57.8144412778607,191.092522171187,511.777358043911,910.397773604792,1983.94784478677
"baseline","issogne","Issogne",2026-04-01,307.223872675991,34.4483236460186,100.192550526079,235.803590669836,362.052619607382,825.901186313156
"baseline","issogne","Issogne",2026-05-01,174.113501820002,30.2016170520345,78.4998928021903,126.664137372125,233.783871243191,464.325278517398
"baseline","issogne","Issogne",2026-06-01,210.075330283833,32.2693246831549,90.1009435446906,159.159051781626,253.91469606252,530.209279822282
"baseline","issogne","Issogne",2026-07-01,371.564200956635,67.5593696252694,149.659817528465,268.144094371971,432.49905144679,969.028025014899
"baseline","issogne","Issogne",2026-08-01,571.322480212069,76.2383607245819,222.256984435472,395.755289591608,671.928313539727,1795.10041320742
"baseline","issogne","Issogne",2026-09-01,495.066878644876,88.1387174406396,198.346147511279,280.873632564666,551.453141790278,1469.03906225776
"baseline","jovencan","Jovençan",2025-10-01,1192.50124341841,280.146589113365,441.962046201462,939.071888690033,1462.32458587989,2944.5647331349
"baseline","jovencan","Jovençan",2025-11-01,5142.12970617103,1008.45753742473,1864.00707991701,4323.10585108324,6241.77689151853,11233.9518636053
"baseline","jovencan","Jovençan",2025-12-01,12608.7843019298,3267.49462605823,5147.35556226345,9849.2140552736,16871.0939709708,36596.0729458343
"baseline","jovencan","Jovençan",2026-01-01,10416.1132867385,1376.18461720971,3393.42157502391,6811.03589812705,13422.5919680286,31062.5715734046
"baseline","jovencan","Jovençan",2026-02-01,10283.3319422397,1277.17290409953,3352.19506044436,6205.7816276141,10786.042082008,38438.2251771102
"baseline","jovencan","Jovençan",2026-03-01,4248.3305385136,810.817064050349,1469.75290330915,2674.33018222961,6304.47232198211,13474.2588988933
"baseline","jovencan","Jovençan",2026-04-01,2030.25921054012,266.489364351296,627.100717435568,1382.62651500819,2390.68496778347,6081.59568974695
"baseline","jovencan","Jovençan",2026-05-01,1338.24482887413,152.664370122663,496.396603256732,881.172696473619,1720.84097971235,4222.72435736165
"baseline","jovencan","Jovençan",2026-06-01,1868.39328621437,209.793146457808,448.08469913571,877.01799378824,1781.85870780694,3962.48649318719
"baseline","jovencan","Jovençan",2026-07-01,2633.66087352128,195.333082563783,626.100234296953,1225.7761600061,3438.65690607837,8653.49197375985
"baseline","jovencan","Jovençan",2026-08-01,3368.87167257748,242.331485777819,1039.15756254857,2262.334293368,3355.26573609181,12094.883699633
"baseline","jovencan","Jovençan",2026-09-01,2814.76077955925,303.083514834522,928.947401813378,1987.46003008668,3846.09550986408,6631.25568211094
"baseline","la magdeleine","La Magdeleine",2025-10-01,79.3672306564012,16.4122420018585,28.5214160699286,58.6076372996635,98.4752532471398,227.437106291042
"baseline","la magdeleine","La Magdeleine",2025-11-01,381.143752621498,30.1369232637772,90.9086086514474,155.308968369431,263.261369571051,1171.50109981667
"baseline","la magdeleine","La Magdeleine",2025-12-01,504.578613360848,100.437746692029,160.284133922078,315.478934788904,599.839319558805,1304.2142712298
"baseline","la magdeleine","La Magdeleine",2026-01-01,365.22088133167,63.3518428678867,130.692186470925,241.193861121445,473.15287584403,1086.0297094174
"baseline","la magdeleine","La Magdeleine",2026-02-01,370.770686234491,57.5352802049442,152.448906635887,265.921985906455,486.228191536158,809.492727931934
"baseline","la magdeleine","La Magdeleine",2026-03-01,235.570187735809,53.1116278906209,83.2593300158895,161.858243396197,263.057844444618,659.623766952208
"baseline","la magdeleine","La Magdeleine",2026-04-01,91.3207643291553,16.8226367679075,37.6360999690182,65.5994637945985,111.038510714466,251.168355685439
"baseline","la magdeleine","La Magdeleine",2026-05-01,40.6298761927348,6.40884040187111,19.2632515783877,28.7584192892748,56.7046619605541,94.0688384206685
"baseline","la magdeleine","La Magdeleine",2026-06-01,44.7538023068713,5.1776766058688,16.6289228630035,29.0503182878051,51.7012052433873,151.897306946268
"baseline","la magdeleine","La Magdeleine",2026-07-01,91.8411254018985,9.77717226874008,26.6205768561442,53.7832103950342,101.491866028084,330.593395445884
"baseline","la magdeleine","La Magdeleine",2026-08-01,125.120339659623,22.2501574530793,32.2678206225887,73.1357126070353,164.764412513143,362.00549808406
"baseline","la magdeleine","La Magdeleine",2026-09-01,101.5307345451,12.2486670944081,28.6759334175458,64.4251644517342,127.052764861611,271.135568535831
"baseline","la salle","La Salle",2025-10-01,1112.21832688964,265.682781993887,444.962165904525,784.40846717111,1164.94368934898,3697.02269532035
"baseline","la salle","La Salle",2025-11-01,2050.5576873972,196.260539008069,567.513765622858,931.327971566044,2533.93000181315,7250.38937938553
"baseline","la salle","La Salle",2025-12-01,3400.66069537608,708.988007052533,1063.36609719225,2099.51499981023,4039.42660851327,11314.9733710779
"baseline","la salle","La Salle",2026-01-01,2072.8674101515,253.326033872264,882.740779882565,1276.30429455755,2212.62994369016,6056.81458420553
"baseline","la salle","La Salle",2026-02-01,1777.17271209111,291.172802902298,747.26003376382,1140.56323521038,1948.38344774482,5594.19763122185
"baseline","la salle","La Salle",2026-03-01,924.125484488172,187.175544914857,374.541401288444,579.895384600515,1035.19463735081,2455.25056583709
"baseline","la salle","La Salle",2026-04-01,541.528376058075,56.7793031740044,114.215108333544,360.876914199675,749.161117538032,1660.55075706982
"baseline","la salle","La Salle",2026-05-01,232.377392219973,27.0481577393933,94.2020557064378,152.102944098102,254.42357535291,736.382482393816
"baseline","la salle","La Salle",2026-06-01,182.187292771744,43.365248966196,85.7702760965072,134.039368220667,227.434449700445,438.790106578048
"baseline","la salle","La Salle",2026-07-01,296.548987479168,58.0751303160137,110.162146350323,216.027515336176,377.125616191334,824.997768244102
"baseline","la salle","La Salle",2026-08-01,364.235818613412,80.1247438095505,148.09943675643,222.745848923773,414.153594305892,1212.09582531196
"baseline","la salle","La Salle",2026-09-01,369.090838356144,67.8068347138856,147.898260295905,216.565521488539,461.986566534753,978.186130554699
"baseline","la thuile","La Thuile",2025-10-01,980.832803850417,156.585502002899,396.700219279797,764.864415962409,1398.47599053321,2375.74933184988
"baseline","la thuile","La Thuile",2025-11-01,2099.09418555167,212.26363541589,539.340808433108,1643.24955599849,2539.42400725262,6326.01782838934
"baseline","la thuile","La Thuile",2025-12-01,4212.94682804261,357.964469368855,1138.12538428842,2685.16509725883,3967.21102503137,13055.5279923178
"baseline","la thuile","La Thuile",2026-01-01,1981.73734906725,269.900399210043,884.710162648822,1635.33534921542,2561.99381814003,4992.79001662084
"baseline","la thuile","La Thuile",2026-02-01,2289.27110053703,283.374798545924,560.175634897213,1087.05562929867,2891.30876748598,8015.4150925039
"baseline","la thuile","La Thuile",2026-03-01,869.976167772394,137.760612574535,335.353446202935,558.542013941955,1092.08954776541,2624.2392986641
"baseline","la thuile","La Thuile",2026-04-01,385.403583933693,69.1373464426997,122.783097398993,173.086712455522,472.755049496556,1235.10010806826
"baseline","la thuile","La Thuile",2026-05-01,94.1123162548354,13.1524128516835,28.596800175289,71.8296502631834,123.564469412809,307.797554076469
"baseline","la thuile","La Thuile",2026-06-01,140.632224419774,19.6205612509074,52.2319408999097,90.0431964469144,122.975583895995,450.789793762096
"baseline","la thuile","La Thuile",2026-07-01,231.10892346015,35.475423635386,95.4574948385865,175.793733650534,296.455835913095,448.561070799753
"baseline","la thuile","La Thuile",2026-08-01,406.374463289375,47.4604102998431,116.218536311369,206.989164677811,454.704332531621,1352.29224210855
"baseline","la thuile","La Thuile",2026-09-01,320.723180555662,40.9364892779347,146.075285599733,214.919933359563,365.142255238242,899.922594685915
"baseline","lillianes","Lillianes",2025-10-01,344.158885164988,70.4819377643051,142.825745585848,247.232581645462,490.789082067074,918.535413816375
"baseline","lillianes","Lillianes",2025-11-01,1131.875018177,139.725601948102,361.389118043869,746.002286662445,1277.55769858623,3174.61964425369
"baseline","lillianes","Lillianes",2025-12-01,2757.44174294208,284.758795339838,726.006522339071,1385.48217071564,3663.20863336038,8720.02394586996
"baseline","lillianes","Lillianes",2026-01-01,1338.47864367995,171.27774549246,485.510601066077,839.378434431722,2112.11246725853,3124.84805542565
"baseline","lillianes","Lillianes",2026-02-01,1354.11348896423,150.27817856562,528.770709865705,829.820806397262,1294.57236192226,4546.77974317987
"baseline","lillianes","Lillianes",2026-03-01,830.84546102023,99.7135380876815,231.347949608276,498.917966874482,1068.79509421067,2888.26657268273
"baseline","lillianes","Lillianes",2026-04-01,384.384473715874,60.4115716302828,143.312742768029,261.111417360169,451.308607758971,1175.31903470432
"baseline","lillianes","Lillianes",2026-05-01,246.628971848655,46.1484480478149,94.6906268517667,182.968162120292,273.364200545519,786.251543701668
"baseline","lillianes","Lillianes",2026-06-01,243.794751270278,30.868021450552,73.661358603382,166.642786553545,334.379669635575,597.917567803827
"baseline","lillianes","Lillianes",2026-07-01,557.427542441531,46.3946362615342,149.537520231128,339.262725370345,647.510325102902,1420.76005848042
"baseline","lillianes","Lillianes",2026-08-01,738.562961434161,101.775864014079,222.570194547703,365.937384521536,931.268436187525,2865.16218731254
"baseline","lillianes","Lillianes",2026-09-01,634.771396397427,86.1765472695605,169.066105969481,301.00789821696,469.567112826144,1994.51878690073
"baseline","montjovet","Montjovet",2025-10-01,1068.93278012203,223.662200779333,572.057570660352,809.616985413283,1417.41437777887,2601.69887081947
"baseline","montjovet","Montjovet",2025-11-01,4719.55231473713,973.5378615124,1977.75249604438,3332.50617829077,5281.60693879967,13625.6128417365
"baseline","montjovet","Montjovet",2025-12-01,17960.8650196951,1811.33579894502,3925.40646308439,6898.59524912736,21813.9413570923,63274.1233040429
"baseline","montjovet","Montjovet",2026-01-01,10533.2426793836,1253.63596857433,3221.56911968177,7082.52406814079,13006.7771903283,31254.3708109859
"baseline","montjovet","Montjovet",2026-02-01,11048.6080438383,2622.16418062981,4281.76295940749,6661.54298701154,10480.1021043753,28623.4819858589
"baseline","montjovet","Montjovet",2026-03-01,7258.96305763233,875.922086101123,1822.88508712902,3982.09169562005,7994.40483768175,20734.9014888516
"baseline","montjovet","Montjovet",2026-04-01,3634.0127764893,404.944981577193,853.408864479196,1710.92697263537,3345.67264813122,9073.46375589686
"baseline","montjovet","Montjovet",2026-05-01,1959.88141094581,349.707771802286,665.377648730703,1019.43558673111,1756.81287931812,6204.06875372647
"baseline","montjovet","Montjovet",2026-06-01,1854.95161667778,285.211132856395,670.501985913396,1066.03163214769,1857.54023938675,5441.97032077022
"baseline","montjovet","Montjovet",2026-07-01,3484.0190792363,478.993311323893,1333.84901439995,2403.08497731237,3942.69759909247,10780.3667230321
"baseline","montjovet","Montjovet",2026-08-01,4586.39751980165,855.229007330615,1516.69610394465,3054.98016207628,5367.77912070394,15056.5638104803
"baseline","montjovet","Montjovet",2026-09-01,3433.17165929841,588.451531818154,1107.2295741734,2109.33547750107,4123.63509600976,9041.40651626593
"baseline","morgex","Morgex",2025-10-01,793.692918188207,184.777404208071,399.142802457177,707.227736738919,925.573174852927,1843.11847773987
"baseline","morgex","Morgex",2025-11-01,1985.86253044603,250.781642766002,614.502286804511,1023.92975925914,2376.57689292041,4357.6445384395
"baseline","morgex","Morgex",2025-12-01,3379.86497164762,454.352525430769,1166.12784417973,2286.2523399678,3978.59338429682,10314.5403672869
"baseline","morgex","Morgex",2026-01-01,1783.11001124843,274.660134895331,548.08370719769,1126.079710351,2162.63634829878,5973.87378368639
"baseline","morgex","Morgex",2026-02-01,1259.1220103241,156.579984835192,394.201242264302,882.616355982286,1783.4653347461,3680.10405420861
"baseline","morgex","Morgex",2026-03-01,607.6471763292,66.7321104506139,179.62342940036,301.246090970062,671.568087309143,1907.53080487594
"baseline","morgex","Morgex",2026-04-01,405.914413405857,30.4676167759364,111.884578294149,229.525488746937,561.823355397834,1175.48946494935
"baseline","morgex","Morgex",2026-05-01,202.600375477892,18.499079964702,55.1350794379406,113.366775519742,224.468295197212,615.243945227049
"baseline","morgex","Morgex",2026-06-01,160.591852391069,33.5664344790005,63.1481835048388,138.762252527036,244.838827171442,403.289399759217
"baseline","morgex","Morgex",2026-07-01,258.862656146176,30.5919191045301,97.457886485799,177.71098576819,306.340589747243,790.6278102347
"baseline","morgex","Morgex",2026-08-01,358.507154115623,53.3890108964986,161.227395601422,251.379760799488,445.303941356591,848.560486569244
"baseline","morgex","Morgex",2026-09-01,264.923943517671,39.3410418729921,103.570178887229,179.385547242051,331.957971680357,686.661570466747
"baseline","nus","Nus",2025-10-01,843.332427253505,226.456837422382,421.386355125746,589.373904944096,1091.26402620437,2202.76850548975
"baseline","nus","Nus",2025-11-01,1717.24579369622,392.048920008037,794.201784024176,1296.99190781428,2106.04160912984,4664.89974672061
"baseline","nus","Nus",2025-12-01,3783.54740704849,729.93149900004,1464.45665517475,2826.66122809972,4731.98571932907,10384.5807915543
"baseline","nus","Nus",2026-01-01,2347.14478798018,525.867161374659,1224.49343413665,1665.03725583373,2808.40820405514,6489.93386441961
"baseline","nus","Nus",2026-02-01,2596.07855164753,289.993740241157,704.045346608771,1347.02294480237,2685.73342656442,8240.5601882539
"baseline","nus","Nus",2026-03-01,1211.06388683752,206.318630538862,380.394078356482,553.977020561696,1182.56115137427,4458.21609175212
"baseline","nus","Nus",2026-04-01,491.421056287594,80.1072745498254,168.648240913796,327.251957751433,769.727621463004,1242.18126050583
"baseline","nus","Nus",2026-05-01,237.389617755296,55.1649592187765,103.297834965525,187.80658897339,319.746223663102,581.34598185804
"baseline","nus","Nus",2026-06-01,257.752675688517,42.8838976007747,93.9618555952242,210.410116924348,287.165350511449,625.157037234769
"baseline","nus","Nus",2026-07-01,495.56045938733,62.8987197402812,146.336105402905,276.704439043141,633.692075931373,1363.09398641253
"baseline","nus","Nus",2026-08-01,855.210077102152,109.183365390594,247.609341728772,508.057774969963,1003.80731608503,2162.78605370384
"baseline","nus","Nus",2026-09-01,672.975753432487,78.014761199591,298.041412049806,466.10836816509,825.191939302697,1972.29852074612
"baseline","ollomont","Ollomont",2025-10-01,71.7469543823567,13.8422583733062,28.3999400758949,45.2556712233853,85.6054656240373,228.055223026293
"baseline","ollomont","Ollomont",2025-11-01,181.870591907053,22.7620817313667,64.9995376390677,113.365728879143,176.934857743666,617.190303856308
"baseline","ollomont","Ollomont",2025-12-01,392.923086337236,76.7495959740918,130.588837356172,282.456673587914,482.398073043984,1015.51178547702
"baseline","ollomont","Ollomont",2026-01-01,334.913741681553,42.5919153803832,72.9897472712338,191.922287748386,469.829081613354,1191.06701685711
"baseline","ollomont","Ollomont",2026-02-01,173.825188981392,36.9865152783712,70.3977167616631,102.331438287566,195.662168104387,512.430420230977
"baseline","ollomont","Ollomont",2026-03-01,77.5402260522978,16.1456502364234,31.484953733293,54.4228770897979,76.3356898721142,215.084292258105
"baseline","ollomont","Ollomont",2026-04-01,34.448287484209,4.44061326865216,11.971671276308,26.4671665917764,46.0535450520903,93.6840021146645
"baseline","ollomont","Ollomont",2026-05-01,18.1461307733032,2.21874636659474,5.98233729797695,10.0136460539525,27.6241101549057,42.1792370749879
"baseline","ollomont","Ollomont",2026-06-01,24.461843763404,2.33192220256117,5.20206309144473,9.57257057137611,24.1778897873286,86.9329173657722
"baseline","ollomont","Ollomont",2026-07-01,48.9182698526764,7.12016043502224,23.8764353586188,42.6267709562293,72.6202414080667,105.711723968797
"baseline","ollomont","Ollomont",2026-08-01,85.4744435693348,15.2261723300385,28.6814294860329,56.3691729402616,101.28934815695,242.547442674616
"baseline","ollomont","Ollomont",2026-09-01,89.3921113179077,10.4840770032214,32.6046560671813,54.79591820759,102.349965295864,259.597544070843
"baseline","oyace","Oyace",2025-10-01,17.5927695152281,3.31219625545915,5.2893295307163,10.0213856030796,24.3886680520626,49.0058465544292
"baseline","oyace","Oyace",2025-11-01,84.1204447678962,6.89245866818388,22.1872532333051,49.2486801922409,107.479182312015,286.022236259088
"baseline","oyace","Oyace",2025-12-01,208.796823073889,30.590306756327,69.5594095187873,135.619446212259,238.661456294043,671.681032792779
"baseline","oyace","Oyace",2026-01-01,109.80153827943,21.6583506509808,43.5874077669737,61.1943961500591,135.810369632027,414.183125248588
"baseline","oyace","Oyace",2026-02-01,127.98770173412,19.1175523988984,48.4617129369172,92.080283821471,186.5761537382,305.021258533602
"baseline","oyace","Oyace",2026-03-01,42.6358663126698,6.64503572022717,19.399746042414,31.6204511869261,44.7636131991496,137.869659431818
"baseline","oyace","Oyace",2026-04-01,27.0144311165321,1.94096672039593,7.92762877835124,20.4325774634758,32.6427331389637,98.0774214759657
"baseline","oyace","Oyace",2026-05-01,15.4073971917746,1.38049801657266,4.75004602631449,9.27280928402782,19.8930701527478,49.4250662245506
"baseline","oyace","Oyace",2026-06-01,20.3202444050425,1.79372281300195,7.93951657176719,13.0116043045463,25.921254893937,63.2604217369648
"baseline","oyace","Oyace",2026-07-01,39.7114438475936,4.63189024564565,16.5487887073304,26.2481820473093,48.7942073522073,97.6909746323558
"baseline","oyace","Oyace",2026-08-01,65.7630966483981,8.65645614906888,24.0967938967853,49.7523916741858,93.4792642240387,147.117871681709
"baseline","oyace","Oyace",2026-09-01,42.9146818549101,4.16562656235932,14.5467300016765,31.5670274032051,56.1255349995277,119.218207879292
"baseline","perloz","Perloz",2025-10-01,240.24095079306,36.7990270933714,64.1622364284023,108.311936958309,279.432641547776,871.822525098185
"baseline","perloz","Perloz",2025-11-01,662.38464615966,99.9492516243362,279.510083406189,466.803165989618,729.973129063745,1713.34360477574
"baseline","perloz","Perloz",2025-12-01,2007.65092780691,354.580885865901,649.119434230086,1493.56793623634,2848.6978407761,5361.07954586762
"baseline","perloz","Perloz",2026-01-01,1322.68536393565,182.278730319384,393.403655975551,956.68344135032,1635.35369347694,3931.78512950216
"baseline","perloz","Perloz",2026-02-01,1058.10633019429,168.802406489017,346.29656327794,672.100795870441,1201.45412541548,3395.56221733084
"baseline","perloz","Perloz",2026-03-01,640.645541020779,77.1991537497358,242.614017774716,382.976099240324,669.030680279557,1974.11445544548
"baseline","perloz","Perloz",2026-04-01,440.489054590244,33.8694561193229,113.89543973738,260.907102263498,504.538244301348,1060.74759769479
"baseline","perloz","Perloz",2026-05-01,188.770413138566,29.6841918775558,82.7439166351825,139.299275308858,193.395019933912,578.089815093257
"baseline","perloz","Perloz",2026-06-01,203.710588936471,30.5693709828882,101.453615741417,147.277102337163,268.110580342583,488.47407307643
"baseline","perloz","Perloz",2026-07-01,336.25460123323,40.8426721023334,127.440224441684,219.816709250547,421.478161266734,953.159937377276
"baseline","perloz","Perloz",2026-08-01,361.662254484017,65.1036383511062,130.830968937851,246.300728764417,466.136204954304,974.951062708519
"baseline","perloz","Perloz",2026-09-01,302.129150490948,52.0646002988244,122.370577959813,192.889314096297,315.184556140572,1013.84214312115
"baseline","pollein","Pollein",2025-10-01,3229.75769470987,699.92303383407,1503.31921001184,2664.63051525755,4082.11680688675,7712.94511681123
"baseline","pollein","Pollein",2025-11-01,6303.4044381226,1032.37247490099,2356.11960804256,4769.52134899069,7830.99611152889,17295.9722920472
"baseline","pollein","Pollein",2025-12-01,15389.9382132246,1418.35512090399,4686.39394127659,9078.62273071285,18482.8028103716,56109.2155207363
"baseline","pollein","Pollein",2026-01-01,10495.5656411228,1035.02393193357,2684.55772173197,5706.1307974322,9969.22068811278,34431.6628119239
"baseline","pollein","Pollein",2026-02-01,7492.78481532364,929.803724597912,2346.63024672625,4872.4756961494,9838.14431643505,20656.7008166272
"baseline","pollein","Pollein",2026-03-01,4202.90875847901,450.660547998613,1136.86118304783,2465.42222858435,5726.08854173792,12136.102573546
"baseline","pollein","Pollein",2026-04-01,2180.41190502245,204.281730662472,802.948163386639,1283.42077729791,3190.53479178704,7000.02086421512
"baseline","pollein","Pollein",2026-05-01,1443.68675444002,163.635544231579,449.247959425476,775.997957429695,1254.91780355258,4865.53523200868
"baseline","pollein","Pollein",2026-06-01,1069.85703263545,202.06970049669,355.225298934814,590.596595812357,1057.18711314924,2778.56905818239
"baseline","pollein","Pollein",2026-07-01,1781.92501515705,246.051116734104,599.469615206904,948.367974827899,1823.16815317779,6197.55677998122
"baseline","pollein","Pollein",2026-08-01,1721.10265352509,429.027520206411,873.177425302397,1315.90076192974,2473.44243218514,4013.02168239724
"baseline","pollein","Pollein",2026-09-01,1638.18084457269,371.848523722179,668.43620669469,1109.41393108415,2061.60568970192,4092.59835244378
"baseline","pont saint martin","Pont-Saint-Martin",2025-10-01,1219.12194302506,319.855085512902,655.336978041814,1107.14022162915,1423.68192525696,2670.8700951602
"baseline","pont saint martin","Pont-Saint-Martin",2025-11-01,5284.26994978276,690.775847729384,1589.43375591915,2825.09915569717,6584.63538123868,18650.22487427
"baseline","pont saint martin","Pont-Saint-Martin",2025-12-01,11292.1844593355,1222.35638285907,3357.19294470043,6562.75744206157,13782.3041123188,38635.7373770837
"baseline","pont saint martin","Pont-Saint-Martin",2026-01-01,7314.06143128136,1241.03864287846,2360.89575816729,4387.04814686022,8602.60876215937,26723.17830764
"baseline","pont saint martin","Pont-Saint-Martin",2026-02-01,6712.77708331653,858.231705890981,2695.86953727374,4692.43458364021,6724.79157197678,22172.3567549554
"baseline","pont saint martin","Pont-Saint-Martin",2026-03-01,2630.39466128446,629.429834621151,1550.6179810101,2282.31460176108,2916.02692250742,5380.79235103108
"baseline","pont saint martin","Pont-Saint-Martin",2026-04-01,1722.18338042863,248.608644262124,587.786865852477,809.605592920089,1469.4313235996,8373.55307204945
"baseline","pont saint martin","Pont-Saint-Martin",2026-05-01,1053.81826261576,224.575789612152,427.033225624636,688.097098486179,1192.57658931755,2841.57758494355
"baseline","pont saint martin","Pont-Saint-Martin",2026-06-01,795.583979463281,115.5362404408,328.056199927982,529.26790084438,879.686124950104,2288.03375175336
"baseline","pont saint martin","Pont-Saint-Martin",2026-07-01,1633.36624935785,194.285582433159,512.830026254804,1271.28278528318,2030.6933908108,4915.33881486654
"baseline","pont saint martin","Pont-Saint-Martin",2026-08-01,2308.20913337591,310.086370539758,871.886799803781,1789.67442622139,2774.81324160403,6660.71687049766
"baseline","pont saint martin","Pont-Saint-Martin",2026-09-01,1860.15886012685,210.882538620196,586.831286174671,1238.65446665605,2853.29977394008,4522.53251886143
"baseline","pontboset","Pontboset",2025-10-01,261.759849857277,50.7657507618864,120.79365964283,188.038279543271,285.230177780532,821.751081884022
"baseline","pontboset","Pontboset",2025-11-01,864.451649072167,169.410796285046,314.235936454591,530.340920731084,922.0141090368,2668.94854687047
"baseline","pontboset","Pontboset",2025-12-01,1742.47127114055,193.064693231738,545.914599111415,945.496250801234,2260.88644484195,5148.51135999329
"baseline","pontboset","Pontboset",2026-01-01,1052.16964839735,106.175073217796,234.121513100988,484.591225686585,955.638517401037,4490.2376724228
"baseline","pontboset","Pontboset",2026-02-01,898.520965388265,93.3461543302583,351.176619621673,556.941467805945,1129.65880293212,2616.92420751763
"baseline","pontboset","Pontboset",2026-03-01,415.864234246454,36.693413224792,103.288468183117,205.546984536118,574.371618966367,1380.99284865643
"baseline","pontboset","Pontboset",2026-04-01,175.389055831919,32.7763949671346,57.3722723164137,131.068039042726,232.442475743888,537.328432476858
"baseline","pontboset","Pontboset",2026-05-01,160.392023815466,20.4799654707073,45.8210405206643,79.7959013062019,154.017064911981,527.137377796237
"baseline","pontboset","Pontboset",2026-06-01,106.48339974897,10.3335715642019,47.9281035175061,76.1243606771411,131.531734770051,275.99111472893
"baseline","pontboset","Pontboset",2026-07-01,207.782468619914,35.7590958521947,65.3538851265251,155.857755614153,260.672067368624,674.944747423343
"baseline","pontboset","Pontboset",2026-08-01,249.274591428913,56.2110450240083,127.300232747116,179.838442906698,268.597727064409,715.647535844788
"baseline","pontboset","Pontboset",2026-09-01,229.947043670609,49.7348532966127,107.195415344009,174.98025140956,274.807345687299,607.666335119493
"baseline","pontey","Pontey",2025-10-01,142.733127122932,38.1892373791721,73.783799475619,109.534404631435,181.380560269061,365.042083170712
"baseline","pontey","Pontey",2025-11-01,781.351125082688,194.501958959523,338.252081640561,499.639869551252,696.225774659847,2771.74415716961
"baseline","pontey","Pontey",2025-12-01,2375.28673630179,328.787650006885,907.306505934969,1755.38200670059,3055.6573164416,6060.39072177442
"baseline","pontey","Pontey",2026-01-01,1689.19895674756,350.099446936698,687.081822212787,1123.85441257974,1652.02382600131,4886.80347192826
"baseline","pontey","Pontey",2026-02-01,2007.43246030877,351.459830519396,550.492886496489,1254.72582057338,2602.99960481389,5968.11609495638
"baseline","pontey","Pontey",2026-03-01,1064.2611752331,280.881126647255,382.727390693253,906.848595475638,1462.54442359144,2582.80518922564
"baseline","pontey","Pontey",2026-04-01,468.95125868401,80.1553503615671,185.799559580456,360.604969642654,693.046394189564,1201.43109321547
"baseline","pontey","Pontey",2026-05-01,293.295157618932,37.2882941451894,101.648349157046,214.301819872003,318.24810793322,977.970515941588
"baseline","pontey","Pontey",2026-06-01,375.065375300072,59.1201822570082,122.07623524997,212.369997398413,370.358420775725,1583.3195599686
"baseline","pontey","Pontey",2026-07-01,569.00381959488,75.4411835137712,219.31096849756,399.376083371603,828.902385635689,1397.75442107016
"baseline","pontey","Pontey",2026-08-01,1068.06679296414,142.767423797544,443.408885109051,647.552016767834,1622.05665953207,2534.62077523156
"baseline","pontey","Pontey",2026-09-01,692.294108057305,93.6772781777364,195.731737838226,428.507404902478,697.021054305288,2472.16031177017
"baseline","pre saint didier","Pré-Saint-Didier",2025-10-01,1782.21607072692,327.762261641597,758.736066601941,1404.49350099674,2359.57954027748,4399.23318890355
"baseline","pre saint didier","Pré-Saint-Didier",2025-11-01,3313.72471714653,408.669176665219,1094.98344775233,2081.35169227114,3984.6000646532,9683.27959363481
"baseline","pre saint didier","Pré-Saint-Didier",2025-12-01,3758.99292484393,603.490661557885,1751.08369929608,2649.14232838535,5134.57082032133,10950.3938142885
"baseline","pre saint didier","Pré-Saint-Didier",2026-01-01,2818.21873635076,403.953833304269,1105.95296805505,1678.42127042372,3403.06086034111,6734.11663275145
"baseline","pre saint didier","Pré-Saint-Didier",2026-02-01,2022.16909257906,578.232058053692,995.244739306474,1377.10633802026,2029.18981380467,5958.22454544575
"baseline","pre saint didier","Pré-Saint-Didier",2026-03-01,1089.600927267,191.009443557333,459.764723092199,690.468678492179,1303.57949513279,3059.28030299275
"baseline","pre saint didier","Pré-Saint-Didier",2026-04-01,571.936977803293,106.389937117435,216.547375329378,394.526184704814,642.134263806307,1854.85629144624
"baseline","pre saint didier","Pré-Saint-Didier",2026-05-01,309.460125907617,49.660327523107,116.033187675559,208.139005328615,399.115799880908,818.198474107818
"baseline","pre saint didier","Pré-Saint-Didier",2026-06-01,375.19801589124,39.6193200827214,134.785047686217,222.04541251684,507.130183945266,804.086735933688
"baseline","pre saint didier","Pré-Saint-Didier",2026-07-01,497.01992546184,86.7325208639986,164.43535715744,381.153382290731,692.557503239267,925.822394632451
"baseline","pre saint didier","Pré-Saint-Didier",2026-08-01,534.569753933579,107.162259419509,224.732719082641,476.182766151412,658.906289288631,1002.83502710846
"baseline","pre saint didier","Pré-Saint-Didier",2026-09-01,605.650965791226,92.8044342425296,241.827714157321,365.565800264622,751.950274185961,1807.59094303696
"baseline","quart","Quart",2025-10-01,1032.8819677717,233.935008914202,452.069366096592,811.77428251564,1579.85090680703,2281.90081751666
"baseline","quart","Quart",2025-11-01,2994.46995968392,507.109297440559,1149.93161429687,2049.43298280512,3218.10342190886,11362.1068205581
"baseline","quart","Quart",2025-12-01,8598.81457493278,1068.96115311819,2577.49906588888,4398.11209111965,8397.19040081377,20685.6677774503
"baseline","quart","Quart",2026-01-01,3695.50008430632,512.318166379659,1263.93548277971,2665.19824935938,5106.50192134472,10682.6650591013
"baseline","quart","Quart",2026-02-01,3066.14128715657,536.881175689565,1151.024727892,1837.65650974493,3527.95204522234,12202.0868516606
"baseline","quart","Quart",2026-03-01,1321.43950163719,222.412068606108,501.384770156493,907.66643264915,1490.58413351648,4199.28129512876
"baseline","quart","Quart",2026-04-01,683.56232871121,76.2345933783375,256.225208531964,435.30321251756,851.465935300836,2309.1579820812
"baseline","quart","Quart",2026-05-01,720.131253927062,80.3445578104698,176.760989312347,335.49317078088,577.600770313183,1445.84094743365
"baseline","quart","Quart",2026-06-01,439.91366045122,62.5140094834975,158.197198320366,254.011303910263,429.126848171159,1134.85172999073
"baseline","quart","Quart",2026-07-01,558.258784336669,130.171260624375,250.117149312761,411.533010999237,648.683907268334,1695.37607678627
"baseline","quart","Quart",2026-08-01,778.074772797438,120.906720139932,280.79265800958,561.107599449336,1025.76877209219,2406.11247366968
"baseline","quart","Quart",2026-09-01,754.91899283531,97.628347527935,305.434127391699,472.63500564039,993.396679492813,2281.99498589389
"baseline","rhemes notre dame","Rhêmes-Notre-Dame",2025-10-01,345.746042757514,71.0774547856768,166.824217958533,324.715486590915,417.450284025793,868.709796188689
"baseline","rhemes notre dame","Rhêmes-Notre-Dame",2025-11-01,696.453500746802,113.503535030198,238.541841587087,545.627265685087,996.669903629122,1654.71947865229
"baseline","rhemes notre dame","Rhêmes-Notre-Dame",2025-12-01,1460.89963270749,246.634073102221,391.01224006902,1038.97439779338,1926.88004460494,4268.81502505011
"baseline","rhemes notre dame","Rhêmes-Notre-Dame",2026-01-01,817.7604798368,114.45476080692,258.227858351928,490.785754413031,864.48624029597,2343.14203390619
"baseline","rhemes notre dame","Rhêmes-Notre-Dame",2026-02-01,1065.74046035851,107.771899166352,270.057560427074,600.235748663854,1282.37036540872,2933.16436060179
"baseline","rhemes notre dame","Rhêmes-Notre-Dame",2026-03-01,438.267410628549,51.430636525146,132.447541051641,271.45455865568,516.663103738151,791.586079192656
"baseline","rhemes notre dame","Rhêmes-Notre-Dame",2026-04-01,145.772942576937,27.4727823961336,53.2942657141608,105.980313150839,176.409182501592,433.49375079025
"baseline","rhemes notre dame","Rhêmes-Notre-Dame",2026-05-01,68.0957694238274,18.7920423545978,33.1633331906313,53.748399315041,85.865248407618,173.84460405801
"baseline","rhemes notre dame","Rhêmes-Notre-Dame",2026-06-01,65.685398678723,9.18310781824098,22.5135047588072,45.0628392290304,84.1441872124238,117.807098978584
"baseline","rhemes notre dame","Rhêmes-Notre-Dame",2026-07-01,91.4221257885508,11.2383223358302,40.1020712757354,60.1931582007272,104.497573306234,228.28595383771
"baseline","rhemes notre dame","Rhêmes-Notre-Dame",2026-08-01,177.671683701264,14.8072629716628,69.0860587092053,112.828736159701,216.346963323329,549.846833041299
"baseline","rhemes notre dame","Rhêmes-Notre-Dame",2026-09-01,189.829132410225,18.1728622338902,53.1322006828388,134.485379107583,211.261865270321,701.423434093961
"baseline","rhemes saint georges","Rhêmes-Saint-Georges",2025-10-01,67.797365469972,11.5832771300869,31.5492465023756,61.0489385076558,92.5929212181781,159.221974422903
"baseline","rhemes saint georges","Rhêmes-Saint-Georges",2025-11-01,317.710723300769,26.0027319699899,102.772461735998,165.002940069429,299.194521568273,1230.00847101231
"baseline","rhemes saint georges","Rhêmes-Saint-Georges",2025-12-01,1046.19192400146,132.710304595575,271.26845283354,517.398182181346,981.660719081064,3330.79328511636
"baseline","rhemes saint georges","Rhêmes-Saint-Georges",2026-01-01,509.286672727632,91.2783049426843,186.457228214328,327.802618790914,673.02100910335,1481.61029499268
"baseline","rhemes saint georges","Rhêmes-Saint-Georges",2026-02-01,370.079899124594,49.8989087160153,139.088049872367,244.408063816593,459.595718633658,1160.25828482633
"baseline","rhemes saint georges","Rhêmes-Saint-Georges",2026-03-01,174.737946306926,15.3342672908244,60.1145176972627,109.250925880897,190.323171205506,503.784594031751
"baseline","rhemes saint georges","Rhêmes-Saint-Georges",2026-04-01,90.6366423327394,5.67710836304896,18.8643849071238,38.4539400367169,78.6484976720059,351.860365945466
"baseline","rhemes saint georges","Rhêmes-Saint-Georges",2026-05-01,55.6969921326316,4.29086929702783,13.9385667443293,24.3543734174222,74.4277922437144,230.440325352156
"baseline","rhemes saint georges","Rhêmes-Saint-Georges",2026-06-01,42.1015098715229,6.61762367741118,15.7579819997644,30.067566070999,52.5290609569335,115.742793274481
"baseline","rhemes saint georges","Rhêmes-Saint-Georges",2026-07-01,108.607592267638,16.5372255645175,28.7829855344212,59.057964348992,149.827505448975,321.374166597003
"baseline","rhemes saint georges","Rhêmes-Saint-Georges",2026-08-01,152.057337007634,18.966583099386,74.7107137938733,115.157886985394,185.346012151964,420.078453624908
"baseline","rhemes saint georges","Rhêmes-Saint-Georges",2026-09-01,128.4265771124,14.624454586457,49.7481667880719,100.529056978134,148.43978444681,415.3746187181
"baseline","roisan","Roisan",2025-10-01,412.776727201927,81.4626771738498,186.272118152788,285.549882000168,461.229916229896,1291.87569128232
"baseline","roisan","Roisan",2025-11-01,1427.5650043394,231.704640033207,603.869967234994,1075.83912098413,1612.0285525599,3786.53696255631
"baseline","roisan","Roisan",2025-12-01,3692.07942840154,693.891878270589,1486.32200039072,2208.29441033278,4030.65264328986,11665.913920092
"baseline","roisan","Roisan",2026-01-01,2049.63414884789,289.251522724674,933.243773839371,1440.36262358353,2530.49936024332,5703.2276653528
"baseline","roisan","Roisan",2026-02-01,3081.42490367322,298.954401131026,883.014744331176,2172.28433913195,3862.61671735972,9336.51711932429
"baseline","roisan","Roisan",2026-03-01,1430.70076355231,196.465393047556,382.637672453273,623.223622997722,1733.56535337516,4166.68363577053
"baseline","roisan","Roisan",2026-04-01,817.349937888573,101.310203239759,245.06836254051,525.542774613604,1027.54645711376,2282.39272287016
"baseline","roisan","Roisan",2026-05-01,452.243888827047,61.3372683171719,147.972925074203,289.168817234641,645.353043936185,1290.83335924171
"baseline","roisan","Roisan",2026-06-01,463.030886096379,66.827607524091,194.865234327338,292.255526595466,603.391142438255,1368.60184334197
"baseline","roisan","Roisan",2026-07-01,901.502253551143,111.70294236339,308.853739013471,620.401645062966,1393.57761940325,2351.67829479528
"baseline","roisan","Roisan",2026-08-01,1250.6135207557,165.058581236825,396.18113662951,891.919529150462,1670.45587273701,3683.21860662768
"baseline","roisan","Roisan",2026-09-01,967.308489479874,120.720397801673,325.616491634144,660.314807273167,1171.33290274677,2621.47301818923
"baseline","saint christophe","Saint-Christophe",2025-10-01,1464.31919500483,273.122001259483,570.340497834598,902.440642936764,1958.15563905366,4421.96720908019
"baseline","saint christophe","Saint-Christophe",2025-11-01,5705.43104595352,726.344820279778,2039.21410473666,4224.46923968854,6896.21525376375,16696.8801301442
"baseline","saint christophe","Saint-Christophe",2025-12-01,10496.5241781149,1868.81230733465,4263.81092547647,7097.0570355246,10836.1494028375,29733.3535730795
"baseline","saint christophe","Saint-Christophe",2026-01-01,8434.48122068902,1213.37621939742,2746.97839951524,6433.43132761301,12028.8335809959,23693.1439029454
"baseline","saint christophe","Saint-Christophe",2026-02-01,7077.69040495797,1083.98701868881,2507.40302422946,5469.59056699362,9729.73823132706,19492.3014868869
"baseline","saint christophe","Saint-Christophe",2026-03-01,3234.59724732865,390.392520952429,1201.41225603235,2414.12025291003,4287.2993125514,9073.10773874109
"baseline","saint christophe","Saint-Christophe",2026-04-01,1519.15168106209,315.688625203184,660.08928471671,1142.33429372776,1735.24110499724,3548.33519033496
"baseline","saint christophe","Saint-Christophe",2026-05-01,1037.00424214349,123.650940688353,316.642461637615,623.678311045808,1282.82999624562,3258.27215880667
"baseline","saint christophe","Saint-Christophe",2026-06-01,993.165873583543,140.301441827609,380.889535345204,615.137832066756,1188.19317587525,3820.9081350011
"baseline","saint christophe","Saint-Christophe",2026-07-01,2271.0075059555,261.947500696933,724.260164970534,1332.63460686779,3214.34507697713,7351.25203317245
"baseline","saint christophe","Saint-Christophe",2026-08-01,2818.47240748911,286.432768261894,823.256915886303,1692.19163003527,3342.3483162355,10025.4563191611
"baseline","saint christophe","Saint-Christophe",2026-09-01,1821.13721487638,333.14280667226,671.29576520602,1155.11414133542,2727.48803922332,4861.16760613114
"baseline","saint denis","Saint-Denis",2025-10-01,66.2974554631804,18.4689404582949,30.7574890475548,48.5733253972353,77.2011922046241,207.328494204456
"baseline","saint denis","Saint-Denis",2025-11-01,512.019998238323,85.2693763445351,208.41894259631,379.290347193093,696.161160907013,1282.87200291496
"baseline","saint denis","Saint-Denis",2025-12-01,2958.18580419329,416.847402234822,1158.68848715182,1843.76221904363,3938.07966959858,8169.95036045196
"baseline","saint denis","Saint-Denis",2026-01-01,3023.20568387486,531.820345636108,944.400721436752,1629.2945729045,3332.67512035229,7823.94138129719
"baseline","saint denis","Saint-Denis",2026-02-01,4167.59276003309,791.779985170156,1536.79032810252,2265.29567329936,5354.02589748628,12102.3739269308
"baseline","saint denis","Saint-Denis",2026-03-01,2283.99556663239,273.177929544338,612.705664953215,1024.65703340699,2543.74116146466,7987.54938493565
"baseline","saint denis","Saint-Denis",2026-04-01,1084.7289652702,132.436085804608,245.3462534852,599.524432737287,1450.77533049273,3792.30055472354
"baseline","saint denis","Saint-Denis",2026-05-01,472.418864644416,70.6617091301489,162.966385090811,335.234771317236,443.01562546553,1675.50168976561
"baseline","saint denis","Saint-Denis",2026-06-01,469.941365268743,66.3248607621735,149.730754674665,306.797312782686,677.779041701583,1407.43795391196
"baseline","saint denis","Saint-Denis",2026-07-01,946.465980613699,165.282717064486,311.61179039448,657.890771503093,1311.81258093377,2631.15697490315
"baseline","saint denis","Saint-Denis",2026-08-01,1288.46872486639,164.224915752388,456.642204319547,875.999961629313,1367.20117919016,4037.83169023873
"baseline","saint denis","Saint-Denis",2026-09-01,511.321946327037,84.6275314381444,223.190239410322,373.228153591442,705.277140115774,1247.10068163191
"baseline","saint marcel","Saint-Marcel",2025-10-01,118.088727432896,28.3196184425101,55.2402342895477,96.4662528070098,145.281712075957,325.488455953845
"baseline","saint marcel","Saint-Marcel",2025-11-01,504.097348071005,66.7003512024627,138.129875656297,346.581790610044,656.927834107439,1444.32723403735
"baseline","saint marcel","Saint-Marcel",2025-12-01,1276.9522174461,122.003810237238,305.216033858137,734.269576545748,1279.81011945405,4291.22090956701
"baseline","saint marcel","Saint-Marcel",2026-01-01,455.316113127179,63.652763263253,192.77928673946,411.377817705609,631.661428368377,1091.54126303668
"baseline","saint marcel","Saint-Marcel",2026-02-01,441.861126917569,59.819576583867,162.036706099978,277.510800128625,466.302763995258,1376.7961100347
"baseline","saint marcel","Saint-Marcel",2026-03-01,230.590613497247,28.48077184251,73.2898098615966,132.906803628493,209.375952886599,612.791806863608
"baseline","saint marcel","Saint-Marcel",2026-04-01,94.9419395289217,13.9010174543107,34.0464225542458,74.7434310989825,130.307531206666,205.081774987044
"baseline","saint marcel","Saint-Marcel",2026-05-01,63.030368171394,6.38957761052323,24.0317693611088,42.8928640375362,79.2877537874051,189.062971068597
"baseline","saint marcel","Saint-Marcel",2026-06-01,55.0622585790222,9.04272434450414,19.0863622383616,39.0097862293845,76.4867297069276,183.937134226489
"baseline","saint marcel","Saint-Marcel",2026-07-01,105.066752214574,13.9390283996349,44.4616076101452,87.1906226659739,134.626167696843,239.604353670383
"baseline","saint marcel","Saint-Marcel",2026-08-01,284.03568154295,18.4361895409133,58.2207527735789,113.598373535553,194.44139639845,977.447843353146
"baseline","saint marcel","Saint-Marcel",2026-09-01,153.560931901774,12.8634668195886,45.0278521717106,91.0420960057141,166.003573370956,614.463810115367
"baseline","saint nicolas","Saint-Nicolas",2025-10-01,388.377766576206,85.8882719684927,191.593504582611,309.101779484971,487.237117142138,747.688563262599
"baseline","saint nicolas","Saint-Nicolas",2025-11-01,1274.3163410089,200.093472857493,486.990253892403,886.820903048226,1628.3538138102,3162.93296091084
"baseline","saint nicolas","Saint-Nicolas",2025-12-01,2633.74431532945,288.879506101495,893.890389725414,1773.47239008414,2797.74188432906,10008.1276425763
"baseline","saint nicolas","Saint-Nicolas",2026-01-01,1146.8065167856,154.023609557415,346.301536349391,939.717147832751,1702.80244278373,2974.13353110108
"baseline","saint nicolas","Saint-Nicolas",2026-02-01,1279.12483744225,164.799762428079,378.749549279724,726.523286201258,1741.59410264362,3370.52542004258
"baseline","saint nicolas","Saint-Nicolas",2026-03-01,473.118308654905,90.9791427182475,178.099154894146,303.467820362964,569.600570074141,1025.55852319034
"baseline","saint nicolas","Saint-Nicolas",2026-04-01,232.171973181528,46.7699773915223,109.374446457462,150.860308082288,281.370709724496,610.148830363401
"baseline","saint nicolas","Saint-Nicolas",2026-05-01,172.697697094232,23.3079816694281,90.029035293819,135.585825699855,209.412828306535,425.079230113466
"baseline","saint nicolas","Saint-Nicolas",2026-06-01,180.365734620016,28.8657514011151,88.7343544745254,119.898386063276,220.705669420744,589.189493039417
"baseline","saint nicolas","Saint-Nicolas",2026-07-01,286.276463008306,38.3206602620984,78.2829714206807,157.724294528461,418.341472555796,913.533422399021
"baseline","saint nicolas","Saint-Nicolas",2026-08-01,272.912879716466,50.2656823665035,111.255849442865,213.254079179451,322.701842728827,626.601935962649
"baseline","saint nicolas","Saint-Nicolas",2026-09-01,293.825925553665,49.5511251317453,98.4406174078642,198.163773759158,404.980475871136,821.719566866333
"baseline","saint oyen","Saint-Oyen",2025-10-01,214.40587261847,43.0497364272127,92.2428594026905,168.385985052149,265.862545518612,564.879265257676
"baseline","saint oyen","Saint-Oyen",2025-11-01,509.363498779122,71.380201912488,144.677421122807,353.838448921441,735.801741049233,1408.64446245132
"baseline","saint oyen","Saint-Oyen",2025-12-01,1059.21435215777,266.546681702839,372.276042676759,599.468613775407,1280.86585197879,3760.70955186706
"baseline","saint oyen","Saint-Oyen",2026-01-01,573.908990316019,144.141219542548,240.434182062859,393.309587339869,612.862349391794,1521.4025299041
"baseline","saint oyen","Saint-Oyen",2026-02-01,447.106722741984,90.4544518955633,202.092416468953,343.485385080226,646.998495077327,1065.9937347416
"baseline","saint oyen","Saint-Oyen",2026-03-01,239.592022414162,48.1999423399993,102.009283806986,194.59612980307,272.392845741336,562.345590159208
"baseline","saint oyen","Saint-Oyen",2026-04-01,118.49359785359,19.1041483764963,43.1725259250477,88.8265437375773,160.069183873399,310.323978192505
"baseline","saint oyen","Saint-Oyen",2026-05-01,94.8545067134175,9.83438040824031,20.5584620640884,51.6866680841901,115.854179522642,240.231301774516
"baseline","saint oyen","Saint-Oyen",2026-06-01,86.4639180742139,6.71775260926096,28.1514933019883,59.7566415305469,119.505501794421,245.1106895531
"baseline","saint oyen","Saint-Oyen",2026-07-01,141.510243610746,10.8751425279517,51.7912318482525,107.628732332072,169.483335585743,345.767224210538
"baseline","saint oyen","Saint-Oyen",2026-08-01,243.893689310334,16.4630071425871,53.7275265806046,142.197136269076,292.281493221706,789.027786753528
"baseline","saint oyen","Saint-Oyen",2026-09-01,209.002363364875,29.297941621854,62.7281997989218,137.14450708264,271.14993374043,650.977079688225
"baseline","saint pierre","Saint-Pierre",2025-10-01,863.879627189475,139.560225723454,364.50486734031,611.449219977298,1196.33725657529,2291.95139998239
"baseline","saint pierre","Saint-Pierre",2025-11-01,2370.86233021346,434.702221657362,926.1996073014,1892.495246352,2789.69450104827,5496.37331433358
"baseline","saint pierre","Saint-Pierre",2025-12-01,7272.17666027345,1342.7031751724,2623.32752053237,3908.59901952751,6725.55990773321,25434.684949801
"baseline","saint pierre","Saint-Pierre",2026-01-01,4371.97678633472,534.27106693942,1395.65536102552,2616.60102337466,6478.26736069578,10458.6597254204
"baseline","saint pierre","Saint-Pierre",2026-02-01,3268.57968338617,317.005373285122,987.241532116992,2006.93799926833,3835.3488627977,10885.1116970476
"baseline","saint pierre","Saint-Pierre",2026-03-01,1222.71459585222,131.09942082141,414.832171464831,753.115967390085,1668.643174678,3276.41179279833
"baseline","saint pierre","Saint-Pierre",2026-04-01,594.195188423001,68.4897224576818,211.374595127366,344.968406913929,645.94098177133,2019.66601622238
"baseline","saint pierre","Saint-Pierre",2026-05-01,360.994235360165,62.3468510178752,139.915925270135,261.097385100059,445.86458674329,962.227353537323
"baseline","saint pierre","Saint-Pierre",2026-06-01,392.411689973252,74.0808682867855,160.420766377928,292.164212125429,471.446012265434,907.955784413576
"baseline","saint pierre","Saint-Pierre",2026-07-01,816.983693489002,122.269378179021,271.406033878235,457.354140988982,979.496754047314,1949.94548501908
"baseline","saint pierre","Saint-Pierre",2026-08-01,890.994378329801,145.57948397235,344.443292912029,607.493047725338,1107.94819233015,2267.87717426486
"baseline","saint pierre","Saint-Pierre",2026-09-01,1027.75848627997,115.875381012272,282.690096756054,504.791092513618,1126.13398047939,3835.2118110722
"baseline","saint rhemy en bosses","Saint-Rhémy-en-Bosses",2025-10-01,278.33751078072,73.8310666856489,142.671916664656,215.846152741328,373.007688585421,663.612000923741
"baseline","saint rhemy en bosses","Saint-Rhémy-en-Bosses",2025-11-01,510.905341116062,72.0328606995326,176.202395894567,300.613121028517,499.946186236845,1398.95003113999
"baseline","saint rhemy en bosses","Saint-Rhémy-en-Bosses",2025-12-01,1215.44634957863,129.576244081541,398.907931977598,888.64665601685,1443.16668179808,3332.42285139732
"baseline","saint rhemy en bosses","Saint-Rhémy-en-Bosses",2026-01-01,703.658600347907,126.178428237489,249.876987675783,450.687123430703,664.887342612409,1850.25346891585
"baseline","saint rhemy en bosses","Saint-Rhémy-en-Bosses",2026-02-01,674.006628861933,106.987469249638,245.793949564878,360.86855605992,610.644729432755,2172.64166937216
"baseline","saint rhemy en bosses","Saint-Rhémy-en-Bosses",2026-03-01,290.222748406356,58.5864485068063,121.052413284921,200.105579756249,342.19608187773,955.650548135216
"baseline","saint rhemy en bosses","Saint-Rhémy-en-Bosses",2026-04-01,137.503992685216,18.6595900185094,46.4983724729335,73.5950937029484,147.801126161222,450.385441722446
"baseline","saint rhemy en bosses","Saint-Rhémy-en-Bosses",2026-05-01,47.9194184644948,5.72140845336147,17.7612911973624,35.1630877312364,65.2505050303552,141.769037743484
"baseline","saint rhemy en bosses","Saint-Rhémy-en-Bosses",2026-06-01,42.7606759924296,7.31299680433789,17.0747804289454,29.6850657622769,51.9641704090306,107.660743284384
"baseline","saint rhemy en bosses","Saint-Rhémy-en-Bosses",2026-07-01,98.5250367620825,21.7275897722837,44.9707156757672,59.9791335275016,129.341749579428,292.475614539088
"baseline","saint rhemy en bosses","Saint-Rhémy-en-Bosses",2026-08-01,235.602075863605,28.2947626351277,80.4401274750114,144.409261988506,224.035556750289,634.657983555471
"baseline","saint rhemy en bosses","Saint-Rhémy-en-Bosses",2026-09-01,200.615786166895,24.8484829982993,58.5411977410621,113.127567474841,236.701238254796,801.547004696732
"baseline","saint vincent","Saint-Vincent",2025-10-01,5299.07747652645,1125.77108729466,2549.21527933577,4485.5436117818,7102.95359864817,12511.2914040633
"baseline","saint vincent","Saint-Vincent",2025-11-01,13234.9695639772,2234.03417346745,5013.81312755446,9925.32493117943,16228.2816633342,34694.8901246341
"baseline","saint vincent","Saint-Vincent",2025-12-01,26565.3962621009,5322.16315531821,9402.92999993035,21206.719663375,34947.9299020487,67858.0521211058
"baseline","saint vincent","Saint-Vincent",2026-01-01,12954.8550688883,1793.77166001481,6440.59573078418,11542.5021303126,14753.054499181,35814.1765511177
"baseline","saint vincent","Saint-Vincent",2026-02-01,11990.9805066366,2147.71190319407,4626.96491678934,8347.52858098461,15310.9146735601,31145.0548248115
"baseline","saint vincent","Saint-Vincent",2026-03-01,5434.94881683477,737.949901137776,1609.35678494878,3140.39288451978,6811.75146349527,13007.3360770026
"baseline","saint vincent","Saint-Vincent",2026-04-01,2809.2686920906,405.646580261282,893.931225479537,1892.07236930841,3580.03619752458,8141.74153597853
"baseline","saint vincent","Saint-Vincent",2026-05-01,2144.49147907643,315.125453677995,583.46904923037,1211.87786045437,2770.35526363124,5962.00185486635
"baseline","saint vincent","Saint-Vincent",2026-06-01,2046.50213393893,284.044714953676,602.166943069181,920.316121733682,2363.44169820393,5033.1191834011
"baseline","saint vincent","Saint-Vincent",2026-07-01,3537.0800416752,541.733738099134,1233.77165821239,1964.2379912366,3225.51837410537,10391.6581385542
"baseline","saint vincent","Saint-Vincent",2026-08-01,3842.09970441443,568.570994847855,1481.55101233676,3085.51915494095,5728.92937567822,8702.91839437168
"baseline","saint vincent","Saint-Vincent",2026-09-01,3825.29471840205,580.099425051103,1323.23162658905,2142.8073993695,4383.18068342808,12695.8292857081
"baseline","sarre","Sarre",2025-10-01,1674.20075602986,421.630652535942,870.903695857182,1235.93706942518,1885.33906503082,4428.64547631881
"baseline","sarre","Sarre",2025-11-01,2939.73514660918,626.626804699055,904.445498684395,1515.68929905082,3932.15921337819,8508.59204847372
"baseline","sarre","Sarre",2025-12-01,5263.4342805617,802.423541115255,2150.12652016719,4051.46209240607,7028.3007464058,15671.5227702551
"baseline","sarre","Sarre",2026-01-01,2493.60538350319,283.87824270447,619.197831704005,1669.26941742718,3714.2285613141,7503.77678544004
"baseline","sarre","Sarre",2026-02-01,2074.67622900913,310.604806022743,614.9196849838,1582.08065094037,2824.5814796072,6511.66115226702
"baseline","sarre","Sarre",2026-03-01,1234.94005151489,128.173821348434,284.276379685337,676.157765946404,1136.13912217032,2731.2909148576
"baseline","sarre","Sarre",2026-04-01,538.398594608672,56.5507496313917,148.66043354158,310.862269741682,698.955710827771,1746.70614693767
"baseline","sarre","Sarre",2026-05-01,310.695881536238,56.7286123370996,102.22218305106,206.650750713382,330.629509531673,1007.70194677842
"baseline","sarre","Sarre",2026-06-01,307.172851460526,48.6819564440565,111.658508604824,206.403167973914,494.040211110908,735.923055339876
"baseline","sarre","Sarre",2026-07-01,598.893313332057,76.4115199497718,198.728335577032,420.504465887574,602.16549627156,1529.87594199408
"baseline","sarre","Sarre",2026-08-01,878.412949717286,165.081048036291,388.204586183331,624.557385240005,1153.94995626233,2245.86745527744
"baseline","sarre","Sarre",2026-09-01,796.393378488214,92.047077732652,279.515881201918,541.988490761654,815.488173888191,2301.46224938752
"baseline","torgnon","Torgnon",2025-10-01,382.147064630953,51.3857694802321,173.461440992103,347.46099426464,480.604402115002,802.570399940666
"baseline","torgnon","Torgnon",2025-11-01,1140.75957153626,140.904021225399,434.760889268242,768.922918958871,1234.00078535592,3252.04444115358
"baseline","torgnon","Torgnon",2025-12-01,3328.19759519511,334.880463507086,989.14331832062,2091.54454876695,3807.09478059849,12040.398769887
"baseline","torgnon","Torgnon",2026-01-01,2510.56862390721,415.869079348204,891.938118594289,1356.43663488766,2315.6198526417,7212.59899641112
"baseline","torgnon","Torgnon",2026-02-01,2619.13178717764,244.601505841336,779.554831443364,1472.30734873132,2613.88565730263,10359.5590709432
"baseline","torgnon","Torgnon",2026-03-01,1150.09531379637,105.563630266172,257.648212881501,661.080764977713,1225.79448460202,2762.80684455626
"baseline","torgnon","Torgnon",2026-04-01,352.191950950454,48.1160118170002,114.513340535173,255.040214713195,506.927745495621,938.022018794092
"baseline","torgnon","Torgnon",2026-05-01,169.674434280922,32.3439634657166,56.7830512999923,104.027013272413,245.377263452859,508.343882620397
"baseline","torgnon","Torgnon",2026-06-01,109.688316458872,21.333523492334,56.5379158735875,99.0832348451658,138.082676274731,273.007894302693
"baseline","torgnon","Torgnon",2026-07-01,304.832026514672,53.5636529433079,89.1951608456343,194.04402854249,420.440422811132,875.037649410976
"baseline","torgnon","Torgnon",2026-08-01,440.101874760191,73.0809453765191,150.024419114635,337.411645833027,558.691420442699,1229.57355371595
"baseline","torgnon","Torgnon",2026-09-01,483.553858590307,67.6010180098871,149.368959384568,250.627285950433,579.313089095429,1724.25555240533
"baseline","valgrisenche","Valgrisenche",2025-10-01,472.780113652015,86.1157151336611,240.880104575906,382.737648854957,650.423608170469,1063.13893769283
"baseline","valgrisenche","Valgrisenche",2025-11-01,905.354524950489,151.456318561427,413.604814641783,640.484441985958,1260.05176287485,2139.38351010847
"baseline","valgrisenche","Valgrisenche",2025-12-01,1334.34767561785,239.227084329633,491.00865022553,955.559735945978,1737.22131847466,3303.99382637009
"baseline","valgrisenche","Valgrisenche",2026-01-01,573.782104308209,99.9280904442037,200.007943547412,423.91125450125,821.379377288667,1365.40968923402
"baseline","valgrisenche","Valgrisenche",2026-02-01,565.98465085814,71.5394315158823,153.368084303189,371.403324978174,664.800321310225,2049.49954152185
"baseline","valgrisenche","Valgrisenche",2026-03-01,248.662750660339,24.2285207552001,80.8683757889147,229.60109817667,358.995760483835,621.686680537144
"baseline","valgrisenche","Valgrisenche",2026-04-01,103.948251620235,15.2821176239844,34.6937571624114,70.8871053270191,148.849278229283,281.696956716203
"baseline","valgrisenche","Valgrisenche",2026-05-01,56.6420600796021,6.82100395053533,12.885822704437,29.0030599104417,89.456493121787,155.791017704646
"baseline","valgrisenche","Valgrisenche",2026-06-01,59.349063887523,4.86599656409473,20.0045990078183,34.6876550045818,82.719234000663,165.580621557832
"baseline","valgrisenche","Valgrisenche",2026-07-01,117.069520014534,14.0467048328667,37.621137471909,73.0250293231301,159.203519021405,337.725977773859
"baseline","valgrisenche","Valgrisenche",2026-08-01,245.361199787419,32.2346662595288,95.6182333863655,153.761834816365,308.352598055487,866.762356163367
"baseline","valgrisenche","Valgrisenche",2026-09-01,196.330048318552,34.1451760211071,80.6328110623773,161.9493595976,247.892796668346,431.445589129022
"baseline","valpelline","Valpelline",2025-10-01,348.650873437925,71.420381837581,122.18540807514,239.840615487421,426.221259047118,1116.75713005468
"baseline","valpelline","Valpelline",2025-11-01,918.568733264375,124.152815944094,362.431380965942,578.504842601179,1178.91042157248,2197.7650497124
"baseline","valpelline","Valpelline",2025-12-01,2246.73656414419,318.998135096803,719.187019479303,1331.27278847294,3242.57252246712,6560.48715789558
"baseline","valpelline","Valpelline",2026-01-01,1180.77012795056,131.148878110079,378.815096394007,646.255206802429,1325.84560184609,4915.40814776319
"baseline","valpelline","Valpelline",2026-02-01,808.115731427898,116.964403315369,209.956229741485,516.902606417812,1023.00959368174,2955.09082568272
"baseline","valpelline","Valpelline",2026-03-01,421.242626857366,49.0770325623153,125.200118937225,310.596009406742,467.051779957831,1051.87797286788
"baseline","valpelline","Valpelline",2026-04-01,158.575741768406,16.8056133134798,71.911718402399,102.951682881045,191.140743423827,560.079700274838
"baseline","valpelline","Valpelline",2026-05-01,88.1468128589351,14.6594420240828,33.073311739883,68.404019908555,128.604713024285,180.20652687801
"baseline","valpelline","Valpelline",2026-06-01,106.951018159299,14.0878310527097,36.739523239178,69.3218242238689,125.65464824275,315.09391326544
"baseline","valpelline","Valpelline",2026-07-01,256.045677293919,24.4126360389445,83.147896878772,167.525727293733,280.687772211406,663.863296335033
"baseline","valpelline","Valpelline",2026-08-01,378.771997890457,61.5375144154225,125.820458154218,239.316015712769,414.639606630328,850.917507878223
"baseline","valpelline","Valpelline",2026-09-01,416.355138715466,64.5468333508823,128.24508405193,217.211569761096,391.493428673486,1733.64067605935
"baseline","valsavarenche","Valsavarenche",2025-10-01,659.14040460046,140.605670475771,296.271228400104,590.41218550835,860.28918398815,1304.9328167183
"baseline","valsavarenche","Valsavarenche",2025-11-01,1215.53311687372,158.007542471642,387.550038514987,617.35048122329,1188.17469998136,4818.90823646117
"baseline","valsavarenche","Valsavarenche",2025-12-01,1575.27926392934,264.498395604659,517.917388689804,1212.80554337511,1802.7132389413,3889.2784191812
"baseline","valsavarenche","Valsavarenche",2026-01-01,632.246436922375,76.0734811904661,159.346980099228,358.757461293349,597.24113368026,1645.41172410405
"baseline","valsavarenche","Valsavarenche",2026-02-01,663.45231329673,116.372092335906,187.796565953396,372.583832772877,679.698318364051,1933.5786438258
"baseline","valsavarenche","Valsavarenche",2026-03-01,222.347567616354,36.2387533548437,100.735899555764,146.860532275301,287.323654985915,539.448423416158
"baseline","valsavarenche","Valsavarenche",2026-04-01,138.61960463022,23.2435242066561,41.1345108766219,67.6827522307764,153.109734767772,513.083324224094
"baseline","valsavarenche","Valsavarenche",2026-05-01,62.6371408035637,10.7776317024058,23.0654157238859,41.1403203050243,69.2048903466648,179.148847047889
"baseline","valsavarenche","Valsavarenche",2026-06-01,73.8102421334197,10.4890413037902,31.8925088492711,54.8643222094058,95.5104727682605,192.087248691076
"baseline","valsavarenche","Valsavarenche",2026-07-01,140.673139917981,21.7351891099089,54.9819945599661,97.5406937771461,159.525371836065,359.113364075599
"baseline","valsavarenche","Valsavarenche",2026-08-01,286.527445539235,37.9449673228046,111.034512273494,243.929196689569,364.374494618777,756.700687567645
"baseline","valsavarenche","Valsavarenche",2026-09-01,286.482032852025,70.4454515333778,107.400559301234,188.360786259932,390.805266398051,679.147047291023
"baseline","valtournenche","Valtournenche",2025-10-01,1658.28822382394,422.606130764624,731.773640890245,1130.63694799637,1971.58234699494,4746.52967753078
"baseline","valtournenche","Valtournenche",2025-11-01,2551.07530389771,339.376574292522,840.891641726163,1458.01403374033,3343.92314276471,7418.66752844588
"baseline","valtournenche","Valtournenche",2025-12-01,7353.18923002892,964.805754618321,2387.6081988248,5634.94968303738,9086.34534854745,24746.7572354405
"baseline","valtournenche","Valtournenche",2026-01-01,3884.39809269566,577.96497426142,1397.3712921554,2428.84710538996,4106.44055129811,12768.6993047757
"baseline","valtournenche","Valtournenche",2026-02-01,3220.77746162703,435.632355650041,1182.65847570659,2255.99012683373,3162.57798481151,11258.1527520479
"baseline","valtournenche","Valtournenche",2026-03-01,2183.58209406748,201.055938417543,813.882265226219,1443.43537273909,2820.75817772413,5693.75790392785
"baseline","valtournenche","Valtournenche",2026-04-01,1135.28986836492,239.921505407488,502.406219725798,688.173141187017,1336.58652541556,3904.01192277829
"baseline","valtournenche","Valtournenche",2026-05-01,494.88204476577,53.9329176739126,118.807746433931,327.701848103779,588.489042259061,1229.21621113326
"baseline","valtournenche","Valtournenche",2026-06-01,298.059409573183,47.7560817501621,107.299836117568,207.02852330047,328.301110977961,1050.88853063849
"baseline","valtournenche","Valtournenche",2026-07-01,386.341302750069,72.4792675929322,158.916797312505,277.247374395315,404.724777873286,966.990380239917
"baseline","valtournenche","Valtournenche",2026-08-01,606.986197036089,130.574953927505,257.122452062627,421.360473780455,875.961041482302,1468.01595610049
"baseline","valtournenche","Valtournenche",2026-09-01,581.620247646698,100.76226136837,240.879015791229,426.714541943167,809.670898638234,1362.84197275867
"baseline","verrayes","Verrayes",2025-10-01,523.780146859911,113.711808991786,238.102446751511,397.825674973144,803.07989663342,1342.33992802246
"baseline","verrayes","Verrayes",2025-11-01,1699.32156248196,225.527412539108,846.787565273296,1319.92462616105,1990.4181874334,3590.43455732581
"baseline","verrayes","Verrayes",2025-12-01,4419.82534919661,644.072340521728,1485.74598101079,1859.32087398133,5130.32387263034,14654.8339911941
"baseline","verrayes","Verrayes",2026-01-01,2829.2066014308,463.383125828764,742.074458495141,2002.36497255157,4173.07302187101,8658.75054102205
"baseline","verrayes","Verrayes",2026-02-01,2365.46772042925,466.655331921722,932.216008726789,1446.76829124888,2792.670357608,6853.58302658796
"baseline","verrayes","Verrayes",2026-03-01,1078.59128002638,177.265230678505,408.00002522224,844.324221214549,1334.9363664215,3184.79091841077
"baseline","verrayes","Verrayes",2026-04-01,756.867480441816,95.8216967769888,227.015384811931,504.795947341431,829.569465376042,3213.23215316094
"baseline","verrayes","Verrayes",2026-05-01,318.364743310582,57.0519764453658,126.530934943939,215.412986168755,467.264699043645,902.309151604825
"baseline","verrayes","Verrayes",2026-06-01,420.857699014529,53.5943551607404,96.3998674010113,279.755892959179,617.855520532805,1170.79420749903
"baseline","verrayes","Verrayes",2026-07-01,707.529433260058,97.0364158853421,237.540587424127,411.226978036256,845.029993884945,2145.3018518497
"baseline","verrayes","Verrayes",2026-08-01,806.714757595988,115.039263460921,261.217374434786,548.003284297406,835.671718211607,2579.26009832102
"baseline","verrayes","Verrayes",2026-09-01,657.117202226213,89.0830234287943,173.305557255348,314.478562163984,758.154613275831,2382.26263880766
"baseline","verres","Verrès",2025-10-01,888.551272177296,163.737713735735,340.336025358845,658.504476327489,1041.10897342499,2732.72337106687
"baseline","verres","Verrès",2025-11-01,5222.50894603596,737.124449382555,1637.95978790243,2514.90315918514,6733.57136611561,20313.641068528
"baseline","verres","Verrès",2025-12-01,13213.0495494517,2020.87722491955,3946.38699701756,8383.93509160687,20304.0784634265,39419.5928216693
"baseline","verres","Verrès",2026-01-01,12670.9365385481,1744.51961145874,3765.44262360632,6663.51081745047,10701.9757300366,41219.0419308675
"baseline","verres","Verrès",2026-02-01,11031.3703807835,1486.18251163098,4278.01815208828,8223.69456535678,12368.0791234423,33043.4162768698
"baseline","verres","Verrès",2026-03-01,5067.55514179177,1149.96261148858,2285.1557529786,3480.08026778648,6422.91914331445,15126.5933297666
"baseline","verres","Verrès",2026-04-01,2241.83899309334,463.457098124982,810.824365601843,1257.74781755937,2286.4807260972,6464.80566249477
"baseline","verres","Verrès",2026-05-01,1565.83571161172,317.364168840457,605.892565682154,1128.54141885694,1913.94012493222,4876.98081416707
"baseline","verres","Verrès",2026-06-01,2135.46706485192,355.150807234462,617.870747431873,1302.64270452175,2504.76334023952,5438.36101236563
"baseline","verres","Verrès",2026-07-01,3543.24848048899,562.221507899729,1186.54426661202,2605.57953628728,4380.42671733561,11860.7924954403
"baseline","verres","Verrès",2026-08-01,3759.96560016699,777.468620134451,1402.7749032947,2685.51299419094,5315.87371401,10276.0913769084
"baseline","verres","Verrès",2026-09-01,2842.82084323543,522.733656232783,863.673325097927,2122.68477642088,3397.82635640848,10221.279314149
"baseline","villeneuve","Villeneuve",2025-10-01,528.133265111767,93.6868440547005,217.350746300525,382.400661335002,620.034827282394,1442.38149077324
"baseline","villeneuve","Villeneuve",2025-11-01,2637.63310329823,693.063701761977,1275.85947140101,1925.4524429365,3786.00913241034,6093.39664861477
"baseline","villeneuve","Villeneuve",2025-12-01,8959.19885132563,1532.00857665476,3817.92094930352,6939.34512836252,10259.0882261453,23815.3052924219
"baseline","villeneuve","Villeneuve",2026-01-01,8849.16320812622,1382.75308840104,3269.37439424078,7203.07018591571,11424.2874507684,23994.7354338113
"baseline","villeneuve","Villeneuve",2026-02-01,14679.330733379,1882.85018396791,3924.59032546893,7938.26546553382,16875.5278898971,50733.8935832068
"baseline","villeneuve","Villeneuve",2026-03-01,6853.85084621957,898.835598188452,1662.78911255078,4365.10501025832,6209.81621876948,18822.712723085
"baseline","villeneuve","Villeneuve",2026-04-01,2297.61798672517,376.102184914074,1221.95863682897,1815.26250143311,2985.00749191045,5140.85234143616
"baseline","villeneuve","Villeneuve",2026-05-01,1515.54229479265,331.209518766926,520.47441227971,926.221356134033,1811.74924952923,3747.09362090076
"baseline","villeneuve","Villeneuve",2026-06-01,1509.60751622117,353.258018127793,687.586429453957,1075.09831912016,1819.56497274249,3399.44143966891
"baseline","villeneuve","Villeneuve",2026-07-01,2553.13827119768,525.71845370309,847.395332866068,1492.27974906547,2870.35788881973,8158.56451566509
"baseline","villeneuve","Villeneuve",2026-08-01,3626.4909483272,694.138355304555,1434.57070148753,2136.85447822824,4152.12040310234,11620.0848329745
"baseline","villeneuve","Villeneuve",2026-09-01,1722.89158414438,175.603919219223,557.854370986423,1090.05393562605,1969.82948185761,5329.02103772674
"high_tourism","allein","Allein",2025-10-01,68.5453301228659,10.4365229808295,25.4566549334153,42.333793870323,83.4722606481247,210.294086366971
"high_tourism","allein","Allein",2025-11-01,408.384638828268,29.0925313510201,119.144525692967,267.680592022833,383.282472988642,1441.99722954238
"high_tourism","allein","Allein",2025-12-01,1156.3265924215,167.399519498161,418.975199576288,639.048549543328,1504.98477992251,2810.97686145495
"high_tourism","allein","Allein",2026-01-01,846.5528427866,106.989852491933,187.678504340827,442.276790382813,787.283110133894,3182.67844511912
"high_tourism","allein","Allein",2026-02-01,711.405193795822,116.612372071532,282.457365524834,531.51492678467,868.590620869367,1538.47402715815
"high_tourism","allein","Allein",2026-03-01,259.326879894218,41.0652894985459,107.869708605527,178.140780589898,307.256217971841,730.166570834105
"high_tourism","allein","Allein",2026-04-01,199.78913606237,17.1390382615901,46.2053084218157,97.4501392270463,231.329303147722,554.89944733482
"high_tourism","allein","Allein",2026-05-01,103.340475946249,7.12552257398052,27.9179174623563,65.2602322459535,142.212842628144,303.452784883564
"high_tourism","allein","Allein",2026-06-01,64.0429034031971,6.47366128917655,23.0782551077311,41.7822215508876,79.6804802265508,198.108471685255
"high_tourism","allein","Allein",2026-07-01,182.721323891126,19.6618264358816,49.3158718508481,94.6361464504476,200.734942508264,384.846224616428
"high_tourism","allein","Allein",2026-08-01,382.201130214949,62.8614414061259,97.9789801046904,172.303957721564,359.54764556607,1271.19261699987
"high_tourism","allein","Allein",2026-09-01,219.178267441648,45.62458591863,76.3624542984616,151.016154936994,283.774401681382,656.791529525744
"high_tourism","antey saint andre","Antey-Saint-André",2025-10-01,2539.79135827801,597.848651207896,1126.39325556937,1905.73199096083,3643.48528121741,6269.60530762815
"high_tourism","antey saint andre","Antey-Saint-André",2025-11-01,8446.11027761113,1477.00405103439,3321.69857933002,6233.69528433101,10918.3242264857,24305.2817296468
"high_tourism","antey saint andre","Antey-Saint-André",2025-12-01,26616.8218360078,3141.244142746,9762.52350103024,17736.806222042,26994.6182211668,79932.784888306
"high_tourism","antey saint andre","Antey-Saint-André",2026-01-01,16034.7731575248,2471.87375974026,5488.26780664967,12565.0317842382,21670.1751103611,37907.4263705958
"high_tourism","antey saint andre","Antey-Saint-André",2026-02-01,19993.2793536443,3559.03075710558,5599.04603372581,11463.6175333592,20711.9537879194,53234.673693436
"high_tourism","antey saint andre","Antey-Saint-André",2026-03-01,9635.09981753548,1495.12475932805,3576.99042020082,7553.50927316008,14262.2883875061,25899.486657994
"high_tourism","antey saint andre","Antey-Saint-André",2026-04-01,3491.57393479565,737.035947807413,1340.06262296995,2983.8945667409,4665.51799747494,9028.41408370188
"high_tourism","antey saint andre","Antey-Saint-André",2026-05-01,1894.15021901389,224.363079380978,596.083072747881,1378.27504165812,2406.47776290352,5496.09604975727
"high_tourism","antey saint andre","Antey-Saint-André",2026-06-01,2303.67554536245,346.930078890878,954.426675123381,1479.39506587659,3328.42157396989,6002.87986723422
"high_tourism","antey saint andre","Antey-Saint-André",2026-07-01,5310.39939408523,554.891848205012,1730.64910974551,2979.70939456204,6531.29628628277,17490.2822092799
"high_tourism","antey saint andre","Antey-Saint-André",2026-08-01,6802.70507267865,576.908518994511,2210.78880391951,4465.41014377574,9570.08076852569,20236.6146991275
"high_tourism","antey saint andre","Antey-Saint-André",2026-09-01,7574.13435184262,471.701152510185,1119.79591281891,2537.36478947451,7313.66875802246,25919.6294142994
"high_tourism","aosta","Aosta",2025-10-01,15045.0559854583,3397.76946602458,6776.15556248738,11815.5747262837,23653.6505826882,31743.7545809812
"high_tourism","aosta","Aosta",2025-11-01,35499.6520657662,7760.68126620826,17390.3076169771,25260.3244154437,41238.2234433754,85835.2542109212
"high_tourism","aosta","Aosta",2025-12-01,103062.047144968,12386.2404906333,40476.0253113777,72776.6785702831,118262.651457786,271690.820790087
"high_tourism","aosta","Aosta",2026-01-01,58599.2773624194,5009.42031416479,10633.2883802623,29068.2033494427,55709.7001308159,195620.136140559
"high_tourism","aosta","Aosta",2026-02-01,48928.4131031278,5860.90743311817,10026.704114142,27395.1818419671,60353.7356444645,171573.000758458
"high_tourism","aosta","Aosta",2026-03-01,20222.1430542879,1811.12638393621,4107.09527638694,14572.6798302856,29793.1418473513,57363.7569433993
"high_tourism","aosta","Aosta",2026-04-01,6696.22092850184,1219.3328816618,1928.85731482858,4317.35084528235,7552.62193986579,22765.1580182888
"high_tourism","aosta","Aosta",2026-05-01,4651.16838749518,644.033442250068,2316.35136338535,3638.2616461547,5598.86716504072,11867.933293816
"high_tourism","aosta","Aosta",2026-06-01,6299.12272766423,848.540453798814,1855.54023885751,4165.14686755353,7170.42014601882,22663.2342759006
"high_tourism","aosta","Aosta",2026-07-01,10466.7582491872,1299.11008394355,2806.67723795328,5208.72019339464,14719.5509208553,30071.2493652953
"high_tourism","aosta","Aosta",2026-08-01,13928.9068818749,1510.3423020596,4178.98562916794,7667.13282983338,16574.6973582152,47439.5425862086
"high_tourism","aosta","Aosta",2026-09-01,11554.637235528,1551.28761352533,4275.41006732956,7208.17335091368,11375.021525979,46615.8106657835
"high_tourism","arnad","Arnad",2025-10-01,867.101952139947,173.672638865819,320.29115233288,609.076481228937,852.545706278181,1804.22710295306
"high_tourism","arnad","Arnad",2025-11-01,2618.83659086363,573.713879398596,1085.64088118235,2283.17381125113,3933.84154994958,6151.96151664657
"high_tourism","arnad","Arnad",2025-12-01,6800.09441301486,1201.830564719,2967.76878321354,4834.84038559377,10792.8584542102,14760.170142487
"high_tourism","arnad","Arnad",2026-01-01,4055.91176947944,979.73304336395,1872.77530466254,2924.73919565337,5075.88604683402,9801.75811925447
"high_tourism","arnad","Arnad",2026-02-01,5229.15975979286,788.974287656936,1670.63445092482,3417.84211086344,6028.21450536648,16091.5261544275
"high_tourism","arnad","Arnad",2026-03-01,2618.42930933186,229.315025537432,603.386916136435,1473.55172614654,3278.9710893804,9334.79230737014
"high_tourism","arnad","Arnad",2026-04-01,1221.3856996824,196.574837107611,365.478308726653,837.117607196116,1558.50915050308,3672.60840555675
"high_tourism","arnad","Arnad",2026-05-01,840.001974122373,162.318552595056,352.121325198751,537.264073991931,1190.07960374242,2184.50710275255
"high_tourism","arnad","Arnad",2026-06-01,724.253857837641,151.738816132813,305.873038922418,574.866218779477,944.573446281807,2113.31639418801
"high_tourism","arnad","Arnad",2026-07-01,1661.00572062332,250.678345897507,604.384674390091,938.650256183343,1728.47704013662,5615.84531615948
"high_tourism","arnad","Arnad",2026-08-01,2007.52884918874,237.753397580859,572.171741748032,1019.76238383426,2655.10632335638,7866.07006204392
"high_tourism","arnad","Arnad",2026-09-01,1722.5422468537,164.067610440868,510.452993069536,1091.02078247054,1936.36207721906,5776.36976749438
"high_tourism","arvier","Arvier",2025-10-01,530.221282164027,98.8627261819056,220.513694504542,328.773220012043,699.753424790284,1383.30979399871
"high_tourism","arvier","Arvier",2025-11-01,1408.65438074505,246.361957764527,582.499378831976,840.206519262913,1705.31068390164,3632.47524831207
"high_tourism","arvier","Arvier",2025-12-01,2605.26250762609,440.534536460762,951.514509450568,1844.41110438402,3308.71833625706,7400.80018089706
"high_tourism","arvier","Arvier",2026-01-01,1862.60846361787,232.937745298278,718.470986836303,1311.26729843063,2411.02532262176,4935.7942311408
"high_tourism","arvier","Arvier",2026-02-01,1862.09616572302,275.154869436767,617.567229843975,1128.33586581003,2217.76534412338,5249.9918874628
"high_tourism","arvier","Arvier",2026-03-01,1005.34395351724,145.694130829843,326.073264026008,716.684151089596,1011.10346211053,2816.44122389937
"high_tourism","arvier","Arvier",2026-04-01,456.891393233436,65.203617202023,123.278956234219,251.06436463169,528.580834400009,1828.8544652897
"high_tourism","arvier","Arvier",2026-05-01,163.900940285666,24.7486844922876,84.1257376906022,108.571886316818,227.274634985264,460.160432878996
"high_tourism","arvier","Arvier",2026-06-01,231.847806059877,28.5517293781382,66.8990376235729,136.065900959301,285.480494279625,864.47358013891
"high_tourism","arvier","Arvier",2026-07-01,510.382922291065,47.8551777212011,119.463137895941,286.920071916189,499.257817040302,1974.96006828965
"high_tourism","arvier","Arvier",2026-08-01,628.389039723002,56.8790786326203,156.912562801072,307.255246552916,655.777479269871,2291.08987813671
"high_tourism","arvier","Arvier",2026-09-01,370.08503376277,49.7040400338138,159.940407597054,255.538643226619,453.643408476426,1184.90852630951
"high_tourism","avise","Avise",2025-10-01,150.489349216992,35.892271079748,75.0027949166586,114.541515882253,209.473908864462,334.595813153956
"high_tourism","avise","Avise",2025-11-01,446.551661160753,82.5858871323792,222.481636692934,305.71929496246,595.573159191598,1083.92662026362
"high_tourism","avise","Avise",2025-12-01,1113.91623195852,218.343737672603,472.877923853433,752.695894783844,1299.18748728283,3379.16153678843
"high_tourism","avise","Avise",2026-01-01,606.823242077057,84.4564259269076,236.786720154539,458.708553118147,712.708548201694,1838.20356445354
"high_tourism","avise","Avise",2026-02-01,762.47463966075,102.166629232882,185.942520149024,414.08687958009,1031.35888536088,2605.09891479912
"high_tourism","avise","Avise",2026-03-01,263.39435989493,46.3486491010967,92.0140246523654,169.198173178066,283.257424467618,790.228472052737
"high_tourism","avise","Avise",2026-04-01,125.09460610662,26.3890069870947,40.564729723201,63.4860624050808,124.686695944509,306.283770919201
"high_tourism","avise","Avise",2026-05-01,71.4245745877914,12.0224817017256,32.7874195985584,49.4644180489379,88.3390362375828,174.046205768504
"high_tourism","avise","Avise",2026-06-01,86.157918338596,9.16994485823767,29.6743551416329,47.6040309629175,90.908441345982,259.888008721333
"high_tourism","avise","Avise",2026-07-01,115.690892547267,22.6300125388874,42.7360461605759,99.2615586711133,145.412877263774,248.630801163079
"high_tourism","avise","Avise",2026-08-01,171.482511303451,27.3968001529159,53.1824179690182,106.480081864271,206.0260238858,412.935690973626
"high_tourism","avise","Avise",2026-09-01,153.963140046188,35.7338407580079,68.6956701492396,99.0305854274302,188.085980122029,475.565248008245
"high_tourism","ayas","Ayas",2025-10-01,1480.05739664004,299.989383033209,686.041494953602,1174.86704176315,1816.97015602371,3797.09486939465
"high_tourism","ayas","Ayas",2025-11-01,2948.47039994886,638.853246615254,922.577611681143,1785.04232170941,3199.55592506424,11539.2514345949
"high_tourism","ayas","Ayas",2025-12-01,5750.12738449858,1029.88403675902,1947.01725988778,4267.2338851749,6375.04597955884,16524.3771652914
"high_tourism","ayas","Ayas",2026-01-01,3751.44849645761,504.889620140502,1122.20991091824,2516.23019813235,4166.8579595288,14008.272652397
"high_tourism","ayas","Ayas",2026-02-01,3729.88190404825,782.91776646634,1264.97562569274,2468.24491436796,3838.78180898883,9384.88935626166
"high_tourism","ayas","Ayas",2026-03-01,1689.44433740769,294.128860018658,832.655914235147,1222.21829520924,2205.07346810015,4601.49980986999
"high_tourism","ayas","Ayas",2026-04-01,726.413922753867,184.502481157033,273.499775071514,550.624892075405,912.231790811516,1819.39580610189
"high_tourism","ayas","Ayas",2026-05-01,313.222780179029,39.2189068823888,156.919382344787,311.353521932737,379.33846807755,589.581899840767
"high_tourism","ayas","Ayas",2026-06-01,348.113737172483,53.9796970891863,123.541084206429,168.114436918918,355.399255436825,1315.56517868221
"high_tourism","ayas","Ayas",2026-07-01,691.801744779892,128.440605970856,238.819566737797,490.857309039905,946.382497626297,2031.65325880413
"high_tourism","ayas","Ayas",2026-08-01,985.474979274992,180.593592458511,358.019467212861,693.757036908506,1216.79835786613,2496.55716867401
"high_tourism","ayas","Ayas",2026-09-01,634.353754252709,107.262086459102,223.260646536247,361.239084209183,755.873838918502,2042.0994779945
"high_tourism","aymavilles","Aymavilles",2025-10-01,424.991913579022,126.407737160548,194.553725600991,397.423199270964,517.759862680383,1063.11365153937
"high_tourism","aymavilles","Aymavilles",2025-11-01,944.617978587083,127.239757604004,262.585613100919,456.635732317944,1118.86843614044,3162.78317531074
"high_tourism","aymavilles","Aymavilles",2025-12-01,2277.16602208236,279.442173697345,758.757457396005,1450.28741823047,2590.01270824617,7829.48953334393
"high_tourism","aymavilles","Aymavilles",2026-01-01,1204.0494698981,216.157019203136,446.330777233114,768.69890502067,1388.28452381103,3610.59435712389
"high_tourism","aymavilles","Aymavilles",2026-02-01,1209.04649106284,166.018325695561,477.021870840928,727.161170397017,1612.4306517987,3686.2673304617
"high_tourism","aymavilles","Aymavilles",2026-03-01,493.525007723267,65.9727860815087,193.247096606561,306.602056911282,629.058951174762,1394.21149527597
"high_tourism","aymavilles","Aymavilles",2026-04-01,278.773256325284,47.7348104304064,86.7670873679099,185.69026314277,378.838107122393,776.353994487832
"high_tourism","aymavilles","Aymavilles",2026-05-01,146.389801253598,19.6276588560405,47.5551640422044,79.3274605141061,188.656498352358,418.077121667106
"high_tourism","aymavilles","Aymavilles",2026-06-01,154.884619042093,11.6738325875543,38.0026792609886,88.4095766013759,213.129102176895,421.546069511273
"high_tourism","aymavilles","Aymavilles",2026-07-01,239.849351196168,22.9164669320998,65.0899304785259,155.185262676052,386.492947084348,654.615829148253
"high_tourism","aymavilles","Aymavilles",2026-08-01,305.985397096119,47.4901089049756,147.100649096474,255.452430976757,412.315608167764,728.559505514256
"high_tourism","aymavilles","Aymavilles",2026-09-01,308.918488221864,83.165852081679,158.199193294612,255.876745650557,371.713730758939,655.99990225658
"high_tourism","bard","Bard",2025-10-01,1866.2266332124,374.370471949015,680.273756523907,1562.62817004801,2333.2931223991,4592.43878489655
"high_tourism","bard","Bard",2025-11-01,8746.1627664585,994.061273064161,2495.34510254464,4644.09395919822,10723.7061406229,31921.0579803726
"high_tourism","bard","Bard",2025-12-01,33667.2142837812,3660.8553987032,9473.53748129386,18296.4071601483,32616.5857225767,127882.011225972
"high_tourism","bard","Bard",2026-01-01,19463.6418269892,2684.36390663294,4406.5920992453,10563.4858200453,16921.461322388,80426.6935716581
"high_tourism","bard","Bard",2026-02-01,16470.7074210301,1650.24063080725,4080.24170240824,12457.5371558375,26695.5549436571,38035.4447903201
"high_tourism","bard","Bard",2026-03-01,8473.56622841025,1360.73703225411,3345.46458640695,5745.34924357509,10553.8702971831,21650.6160050764
"high_tourism","bard","Bard",2026-04-01,4712.6271149578,802.062214773906,1669.30496250856,2875.57324763677,4815.04753522686,15492.9014108572
"high_tourism","bard","Bard",2026-05-01,3286.44078584569,515.474976101049,900.459913155438,1888.04631668457,3340.38004477611,10596.7180070416
"high_tourism","bard","Bard",2026-06-01,2753.06506813373,587.290471062286,1080.69995805384,1768.04903789189,3535.255903171,6661.65840531629
"high_tourism","bard","Bard",2026-07-01,4856.1920700938,710.034924107426,1907.43580583714,3054.75718207256,6009.6639314214,15900.734493592
"high_tourism","bard","Bard",2026-08-01,6799.71621429139,1391.29076906429,2573.08726886371,4471.94107371846,7735.87352868049,18934.1051742288
"high_tourism","bard","Bard",2026-09-01,5312.16494908422,328.083622608018,1954.69095468404,3867.5269626132,5969.27441338833,14240.8111923721
"high_tourism","bionaz","Bionaz",2025-10-01,559.965633423363,88.8653332132424,238.010773686977,371.907512950885,707.834566337882,1823.99812004368
"high_tourism","bionaz","Bionaz",2025-11-01,830.211379396898,172.157552553306,335.933731036852,488.103141218919,1107.26355342339,2642.32787886457
"high_tourism","bionaz","Bionaz",2025-12-01,1949.66840341086,271.745756040877,579.954886405307,1201.79714120086,1912.09398789981,5590.92189415342
"high_tourism","bionaz","Bionaz",2026-01-01,919.387836961429,176.837510824127,292.233469655926,540.297520835198,850.304601068119,3262.17523233065
"high_tourism","bionaz","Bionaz",2026-02-01,692.574198365049,91.8293433832104,187.794385787005,335.057467332829,625.256583989241,1774.88809499522
"high_tourism","bionaz","Bionaz",2026-03-01,498.304637871464,80.4192916240249,163.235150841979,345.907029137469,542.880883689023,1461.6914690899
"high_tourism","bionaz","Bionaz",2026-04-01,256.459973912706,40.8767129562231,96.3443110751218,165.312978995045,315.051006549521,760.877518106175
"high_tourism","bionaz","Bionaz",2026-05-01,215.004801558362,17.3953251583061,53.8490424758632,133.147686263707,230.614515139129,840.730897401735
"high_tourism","bionaz","Bionaz",2026-06-01,138.881117932209,19.516774518199,45.8348464977278,91.2533864055751,169.11269161733,435.407322262238
"high_tourism","bionaz","Bionaz",2026-07-01,270.000126714342,45.3461307339943,87.9220587693583,175.758055770377,313.43332876752,783.871210033459
"high_tourism","bionaz","Bionaz",2026-08-01,360.27146486691,65.4647725632394,128.803875097429,252.06229445966,507.610206996951,876.523425064488
"high_tourism","bionaz","Bionaz",2026-09-01,320.04217410999,52.4457077504504,92.0210103497458,162.710796663354,339.845008096982,1086.34088107349
"high_tourism","brissogne","Brissogne",2025-10-01,128.16124763549,24.2429874902279,41.956813684487,92.3481935946108,177.923463817858,359.338651508651
"high_tourism","brissogne","Brissogne",2025-11-01,571.607020365087,93.3173843033846,213.229665244795,310.31954881446,468.239929407325,2219.44063932674
"high_tourism","brissogne","Brissogne",2025-12-01,1735.40272988949,220.20227245669,525.319892307909,1037.8292772381,2555.6088954583,4103.14286493054
"high_tourism","brissogne","Brissogne",2026-01-01,1254.35996949689,110.190221651692,310.904769305682,520.786276606212,1135.14433299251,3404.64022831513
"high_tourism","brissogne","Brissogne",2026-02-01,1041.29654112234,65.2395657715351,272.536852861115,611.230384817191,1153.02510052245,3529.35630320917
"high_tourism","brissogne","Brissogne",2026-03-01,377.575226496846,60.3292547123585,144.22767515304,248.44174554754,505.56678883037,1042.09350218364
"high_tourism","brissogne","Brissogne",2026-04-01,190.548291030399,26.0083677327206,62.1143725898139,114.8917194769,204.04009020211,541.0840636317
"high_tourism","brissogne","Brissogne",2026-05-01,120.405989376077,19.2842442648781,32.1501820919573,72.7697412879927,140.546090873519,357.426691120062
"high_tourism","brissogne","Brissogne",2026-06-01,101.06902121912,20.6420652198466,36.0627152913201,77.8224784814955,129.07762395409,274.678543764839
"high_tourism","brissogne","Brissogne",2026-07-01,207.30890607854,20.4721172404465,70.5652376859009,138.201624873196,203.322993607551,423.586481812634
"high_tourism","brissogne","Brissogne",2026-08-01,256.580988989232,21.7999798966174,101.816927087136,192.447651282169,376.837943779685,581.422706605092
"high_tourism","brissogne","Brissogne",2026-09-01,240.587024084822,46.0161990505439,97.9121677872685,207.016899804343,297.467840553192,607.717125136877
"high_tourism","brusson","Brusson",2025-10-01,1530.85202514089,239.42079376359,542.137766740666,919.691644370486,1460.93235129498,5768.88948944417
"high_tourism","brusson","Brusson",2025-11-01,3486.58026189455,541.912817551499,911.817750711692,1528.46758927511,3539.43288822747,14644.5441595115
"high_tourism","brusson","Brusson",2025-12-01,6397.83697194935,1109.01915020551,1837.29583630281,3267.66820420716,5823.58940745291,22420.5138793847
"high_tourism","brusson","Brusson",2026-01-01,4048.58568738928,443.095365979392,1066.73264360373,2983.33055908401,5347.82072782418,10399.2104205215
"high_tourism","brusson","Brusson",2026-02-01,3329.03156981006,483.291137325875,1069.83956618773,2289.36622189231,4631.04655424414,9030.78975326525
"high_tourism","brusson","Brusson",2026-03-01,1351.1153324667,231.690859079303,488.111593556767,919.983055494566,1485.9778085966,3544.96030283407
"high_tourism","brusson","Brusson",2026-04-01,795.262828626009,111.986170830375,271.728279371973,428.9327815534,865.702494430112,2409.45342058669
"high_tourism","brusson","Brusson",2026-05-01,372.366609676791,60.9687522606084,158.174049396136,251.512594592599,483.808521821887,979.829870517838
"high_tourism","brusson","Brusson",2026-06-01,315.152277523824,54.8810794808525,128.529688720101,201.852313335919,431.434360195945,743.222144096695
"high_tourism","brusson","Brusson",2026-07-01,533.77834320997,89.5750833392511,160.27460774084,385.513450294576,671.926196771909,1674.04637293522
"high_tourism","brusson","Brusson",2026-08-01,740.488749405947,125.561697566952,283.829524298118,518.690226675782,950.540375412819,2004.88025069467
"high_tourism","brusson","Brusson",2026-09-01,633.249410617167,112.610357990564,248.174999952111,423.772354776779,815.116603146991,2172.76419704028
"high_tourism","challand saint anselme","Challand-Saint-Anselme",2025-10-01,748.983930948835,166.687334199737,328.747243286293,632.179511307128,880.728571722131,1726.44485210593
"high_tourism","challand saint anselme","Challand-Saint-Anselme",2025-11-01,1735.19490483626,345.926076338328,783.798305506011,1380.51682566446,2127.79715518849,4754.04676414407
"high_tourism","challand saint anselme","Challand-Saint-Anselme",2025-12-01,3810.48050562278,581.716215741774,1474.84587484593,2576.1836461077,4618.24982582531,9812.04091963324
"high_tourism","challand saint anselme","Challand-Saint-Anselme",2026-01-01,3532.42419015932,518.756758362036,1216.55632755023,2597.0843872381,5189.47067432675,9531.51364690814
"high_tourism","challand saint anselme","Challand-Saint-Anselme",2026-02-01,2833.649105859,583.129504201541,1289.47349596993,2084.77462881968,3789.29282053211,6194.97695676383
"high_tourism","challand saint anselme","Challand-Saint-Anselme",2026-03-01,1276.41805563197,298.347029916053,485.778085577937,844.437920349077,1412.44156059612,4033.34474211938
"high_tourism","challand saint anselme","Challand-Saint-Anselme",2026-04-01,868.104768041039,90.820068215216,263.706913594429,494.788659143255,1299.23983509344,2556.88137891258
"high_tourism","challand saint anselme","Challand-Saint-Anselme",2026-05-01,595.107830853312,67.7692088698686,177.94316112493,387.434105666916,583.887647649328,1726.84080702434
"high_tourism","challand saint anselme","Challand-Saint-Anselme",2026-06-01,686.769180861884,87.5543158384416,183.096090717556,320.695249566821,778.86797806141,1895.19899323249
"high_tourism","challand saint anselme","Challand-Saint-Anselme",2026-07-01,1054.64370363123,167.76542250511,356.634965637285,795.934655011028,1275.55159074552,3075.47281188232
"high_tourism","challand saint anselme","Challand-Saint-Anselme",2026-08-01,1205.14140080487,145.250238498686,393.913193183254,600.145405640729,1687.52181734002,4204.45770760418
"high_tourism","challand saint anselme","Challand-Saint-Anselme",2026-09-01,1046.85536720214,133.945738002479,357.561862392385,617.872916868226,1173.14066626712,2842.92475107834
"high_tourism","challand saint victor","Challand-Saint-Victor",2025-10-01,61.6748102577967,14.6443529054472,26.9959788847495,46.4633690196778,68.6194410967385,123.969623865196
"high_tourism","challand saint victor","Challand-Saint-Victor",2025-11-01,460.706018943235,75.5848473927955,167.308012645274,305.51894058421,592.618066202324,1578.88115235322
"high_tourism","challand saint victor","Challand-Saint-Victor",2025-12-01,1742.25391309212,338.969207529317,539.764440788595,1182.40984794266,1946.46718944241,5649.1410542267
"high_tourism","challand saint victor","Challand-Saint-Victor",2026-01-01,1089.69237204487,165.746353281353,374.146379898517,726.998561912445,1152.96853774879,3629.00036443788
"high_tourism","challand saint victor","Challand-Saint-Victor",2026-02-01,1520.37180130866,176.921806035605,481.24934590178,807.107482562065,1712.92787994418,5159.19154346993
"high_tourism","challand saint victor","Challand-Saint-Victor",2026-03-01,684.709692102209,95.362200529165,295.102228828878,458.763805784996,917.947900394229,1915.61644380872
"high_tourism","challand saint victor","Challand-Saint-Victor",2026-04-01,377.298828033808,42.7931952871464,104.36626647304,237.200311165821,448.626670183592,1182.68065022197
"high_tourism","challand saint victor","Challand-Saint-Victor",2026-05-01,245.629315787452,15.9810404328514,68.5102882123801,126.100331035044,317.129118116796,477.08648223738
"high_tourism","challand saint victor","Challand-Saint-Victor",2026-06-01,155.096100905562,22.3831251402464,59.4391679595246,97.6076327855355,183.249597256399,351.651693526453
"high_tourism","challand saint victor","Challand-Saint-Victor",2026-07-01,229.277454032374,41.6551624658412,70.2599001210944,132.572323831233,272.955518597567,745.34630706086
"high_tourism","challand saint victor","Challand-Saint-Victor",2026-08-01,376.315564162102,46.9387144845784,117.480564763218,225.798669436364,533.529688759537,1161.63779578789
"high_tourism","challand saint victor","Challand-Saint-Victor",2026-09-01,256.333956059914,36.9134186805695,86.26183723184,183.108752456428,285.349083266563,711.276323245419
"high_tourism","chambave","Chambave",2025-10-01,273.253979332654,75.0561303432728,140.304723650275,209.870728362962,298.983790198954,784.789156326297
"high_tourism","chambave","Chambave",2025-11-01,1397.38568954037,272.26257848091,457.261401304273,1103.1341837372,1610.62588420415,4328.18730292434
"high_tourism","chambave","Chambave",2025-12-01,4344.98595584322,358.680276963918,1345.34573595457,3003.58919646708,5227.29771479192,12671.0368220279
"high_tourism","chambave","Chambave",2026-01-01,3242.65742134767,349.513776030364,842.375314238372,1615.29124907979,3224.99787952572,13013.4345099787
"high_tourism","chambave","Chambave",2026-02-01,2589.7911614241,395.578473552347,822.70715257163,1886.04746431225,2763.37067506324,7124.09282682055
"high_tourism","chambave","Chambave",2026-03-01,986.279919881359,162.433314816792,377.675562187875,576.269623424556,1050.18174422854,3712.23720461623
"high_tourism","chambave","Chambave",2026-04-01,665.708486057147,74.2821612385015,195.063669857344,382.608241513357,883.329998613009,2022.02229799689
"high_tourism","chambave","Chambave",2026-05-01,426.38863356175,69.3645528500773,113.656241308727,223.054413200777,677.220806774832,1219.40047675808
"high_tourism","chambave","Chambave",2026-06-01,455.808302412274,90.496795518534,148.836045119475,288.412585322161,440.239597281022,1364.46056364525
"high_tourism","chambave","Chambave",2026-07-01,819.668467828798,171.721376787804,343.211063851371,562.553463615435,953.625642774479,2304.69642854562
"high_tourism","chambave","Chambave",2026-08-01,1274.00957425799,152.622585981628,354.102319225245,662.817641766858,1376.84158999244,5007.06497400875
"high_tourism","chambave","Chambave",2026-09-01,812.614900055409,130.215489895866,271.341999956815,491.007996219932,777.276721861782,2306.53876735064
"high_tourism","chamois","Chamois",2025-10-01,122.203471907274,19.5603073736923,41.3942778367106,68.0487888026556,165.575430038894,295.1445782092
"high_tourism","chamois","Chamois",2025-11-01,402.538749423627,48.0337372814046,99.4194327833856,190.472137406446,386.312413163591,1763.43790068501
"high_tourism","chamois","Chamois",2025-12-01,988.049816781525,213.730818378144,344.394267541598,795.746095818622,1435.12383498401,2322.2911144045
"high_tourism","chamois","Chamois",2026-01-01,806.395058079841,125.036997870249,261.335366946687,510.724908909718,1109.83187274966,2172.58165431127
"high_tourism","chamois","Chamois",2026-02-01,1019.42812564877,195.163163438474,282.163215137019,452.398301934204,1197.76578517228,2280.91232691295
"high_tourism","chamois","Chamois",2026-03-01,460.202234690176,73.4929677916395,160.146090563436,291.012842518176,535.67252449539,1521.38818575538
"high_tourism","chamois","Chamois",2026-04-01,130.95193689484,14.9358835274528,62.7816208378313,93.3902167035389,153.289908142203,364.684639484451
"high_tourism","chamois","Chamois",2026-05-01,67.6283398690059,5.54221030688464,17.3501528803171,33.7716713494866,72.2765379179019,201.999723393315
"high_tourism","chamois","Chamois",2026-06-01,67.4110369772895,6.61442462528693,19.5389180684468,43.4802729708547,95.3973485173784,212.582721563349
"high_tourism","chamois","Chamois",2026-07-01,137.113714892035,13.2929214272656,60.4624989155654,107.530672275841,158.600115562549,401.53707180589
"high_tourism","chamois","Chamois",2026-08-01,291.729467863004,24.6958633082367,69.4849807133715,170.139750655598,283.219418836231,717.479538891508
"high_tourism","chamois","Chamois",2026-09-01,192.74351575656,19.5649692597497,49.7642233463926,89.1814399183613,192.88143198707,871.469877216988
"high_tourism","champdepraz","Champdepraz",2025-10-01,418.777748130852,89.263867925351,160.637536803806,232.253599696793,505.106196031905,1287.98017706447
"high_tourism","champdepraz","Champdepraz",2025-11-01,842.600919664347,91.953714965078,340.408329999153,616.710566118615,1204.56246071881,2269.55485774898
"high_tourism","champdepraz","Champdepraz",2025-12-01,1727.36110369364,242.830454676748,698.295405517335,1270.95005450182,2157.5376116164,5418.15049403004
"high_tourism","champdepraz","Champdepraz",2026-01-01,1053.52890858297,208.470914030748,473.963499696581,673.768412386617,1292.01800411833,3021.21907578227
"high_tourism","champdepraz","Champdepraz",2026-02-01,938.543849868996,102.714521526402,326.679821440932,512.291262735327,1189.34304815206,2978.02987016618
"high_tourism","champdepraz","Champdepraz",2026-03-01,410.79390724968,47.9180446402754,135.84961666618,218.452426837655,656.19141221579,1044.63743050864
"high_tourism","champdepraz","Champdepraz",2026-04-01,203.511953901566,39.9500290560792,80.4970803616346,149.232696132779,277.683300491195,504.250616840036
"high_tourism","champdepraz","Champdepraz",2026-05-01,122.522310818995,17.8721837372606,43.3337270781697,86.1893405123311,167.685250261888,309.649810640409
"high_tourism","champdepraz","Champdepraz",2026-06-01,121.073658238623,32.5637011216017,45.0212048386989,94.1197333926554,177.581204848409,308.967296018327
"high_tourism","champdepraz","Champdepraz",2026-07-01,227.517285698797,34.9701258631272,78.1893902177996,170.847516134738,273.863823282783,598.234975349536
"high_tourism","champdepraz","Champdepraz",2026-08-01,331.089467517644,69.1044573806772,116.270720460483,262.983457981429,411.44613317638,1038.95811984815
"high_tourism","champdepraz","Champdepraz",2026-09-01,339.447428787708,54.134268896401,94.4877163078074,215.374129660695,389.028787610014,1075.70508792559
"high_tourism","champorcher","Champorcher",2025-10-01,265.640801866381,60.570606889631,103.041740948398,177.837103708113,311.551013048799,765.40891797542
"high_tourism","champorcher","Champorcher",2025-11-01,744.513987957522,133.943344271644,247.787045548922,454.049587707483,755.009612669978,1818.87872534486
"high_tourism","champorcher","Champorcher",2025-12-01,1491.95394151463,227.534588823946,513.137502064389,908.444879959822,1895.10412684026,4705.82328667995
"high_tourism","champorcher","Champorcher",2026-01-01,730.732369717721,98.1752733115598,272.044347913001,521.286781861235,1144.56524412267,1843.14908215594
"high_tourism","champorcher","Champorcher",2026-02-01,739.733373369492,116.165619999464,346.607815346396,619.075180224467,979.392821371218,1795.39018228598
"high_tourism","champorcher","Champorcher",2026-03-01,648.923158226899,61.7319763144515,169.968547433865,422.555125484161,697.817241687336,2505.50078182825
"high_tourism","champorcher","Champorcher",2026-04-01,202.765602022172,23.275770155183,60.1663060713692,130.284955268876,311.248085617919,535.634419069669
"high_tourism","champorcher","Champorcher",2026-05-01,94.7531551220845,12.2328468166318,33.2369943021032,64.0696529905662,137.854417723479,279.650329217027
"high_tourism","champorcher","Champorcher",2026-06-01,117.842808163124,14.0565670745633,34.7312172131618,89.9759490838459,166.622643869817,262.580530487727
"high_tourism","champorcher","Champorcher",2026-07-01,212.210540789047,33.4341206734322,71.3723274273899,124.320288098988,326.025283335009,563.13333647229
"high_tourism","champorcher","Champorcher",2026-08-01,289.980067467009,36.1050707504627,85.445907782453,172.778586512131,324.331898954878,897.452195509376
"high_tourism","champorcher","Champorcher",2026-09-01,207.816065491285,31.3249644017724,61.1071439692367,141.373626790265,269.307003616744,567.945997784123
"high_tourism","charvensod","Charvensod",2025-10-01,1993.05335642344,320.245748026356,745.517453156835,1451.14950510688,2607.06701860381,5003.54537286024
"high_tourism","charvensod","Charvensod",2025-11-01,6113.70002807796,580.265267100023,1954.36094466218,3442.91470257888,5781.42025860579,12930.3334643621
"high_tourism","charvensod","Charvensod",2025-12-01,11147.6531671167,1914.98739156786,4200.8059428318,7757.41321666179,11658.8895147903,27284.2919229193
"high_tourism","charvensod","Charvensod",2026-01-01,4608.67527370786,1008.28713338779,1849.99965336452,3577.76845112215,5436.4368085754,10771.2982574104
"high_tourism","charvensod","Charvensod",2026-02-01,5457.90575392477,729.934111734613,1589.87584887801,2942.82165693352,4593.55340948862,20587.9491351685
"high_tourism","charvensod","Charvensod",2026-03-01,1976.50398363415,135.651717946787,539.41718270677,1181.65860533316,2360.22843035397,6521.54626321991
"high_tourism","charvensod","Charvensod",2026-04-01,1021.04921735151,160.063627244434,299.635744426771,768.915611142915,1359.49149785327,3304.2910061003
"high_tourism","charvensod","Charvensod",2026-05-01,555.913255854634,82.0119897244934,169.532633930547,330.532945390745,777.757904491921,1537.85221132135
"high_tourism","charvensod","Charvensod",2026-06-01,495.682948821152,77.3549028354471,142.364491319058,311.332723945842,519.756849814198,1605.90764216842
"high_tourism","charvensod","Charvensod",2026-07-01,801.359451821557,75.1830004075078,193.079459717692,322.458453901014,897.096999916271,3069.85794285943
"high_tourism","charvensod","Charvensod",2026-08-01,1100.45020928567,118.638476635956,334.818540323675,558.936876466496,1038.66296324927,4378.43777628458
"high_tourism","charvensod","Charvensod",2026-09-01,716.491792024421,174.751932719767,331.292802397119,497.371744943293,804.719088797808,1697.54892477585
"high_tourism","chatillon","Châtillon",2025-10-01,2630.56550379818,528.414703396767,1195.81845771188,1842.2012644136,3800.27909391532,5747.65445664936
"high_tourism","chatillon","Châtillon",2025-11-01,7211.51793875186,1186.67829378817,3505.61132147746,5894.70960903533,8904.30902927037,17154.0150150669
"high_tourism","chatillon","Châtillon",2025-12-01,20755.8019599199,2944.24301379349,6720.59522865008,13590.6857826812,25950.0202050761,65097.2976768011
"high_tourism","chatillon","Châtillon",2026-01-01,13573.182359332,1354.09621566556,3863.05488889513,7127.33092200513,16788.6456481506,39972.3843818147
"high_tourism","chatillon","Châtillon",2026-02-01,10049.2069406317,1824.26923762812,3924.3982038919,5771.04888825664,13227.4775689664,28912.7961371905
"high_tourism","chatillon","Châtillon",2026-03-01,4616.33109187416,851.899167836507,2618.81535781877,3595.93670707252,4985.42015572769,9983.76309358464
"high_tourism","chatillon","Châtillon",2026-04-01,2082.57945559768,291.637242366983,724.775448224441,1315.49039919259,2704.60041907061,6048.75965522002
"high_tourism","chatillon","Châtillon",2026-05-01,1227.21546017167,255.201275363017,555.661671065264,772.029808468469,1574.55240297585,3262.51702442005
"high_tourism","chatillon","Châtillon",2026-06-01,1060.70812508554,140.57592414356,339.334302121556,833.139600708526,1648.93203409476,2847.57456604782
"high_tourism","chatillon","Châtillon",2026-07-01,2050.16157648333,501.423148521357,777.49640848123,1394.28479696158,2281.79539162464,5931.83830048693
"high_tourism","chatillon","Châtillon",2026-08-01,2686.7220673477,454.725212860819,734.490698942242,1446.0155737616,3425.37002237292,7740.96405534344
"high_tourism","chatillon","Châtillon",2026-09-01,1995.84594536838,363.957735010906,768.342818761678,1187.94422384935,2246.72805807176,5188.79299270452
"high_tourism","cogne","Cogne",2025-10-01,2737.92484129657,442.263374289791,864.665829644531,2036.14675593238,3481.32135857987,7375.36018886721
"high_tourism","cogne","Cogne",2025-11-01,3858.34198859378,495.542844129084,974.07959716403,2207.3423202754,4476.44459732314,14785.8574063197
"high_tourism","cogne","Cogne",2025-12-01,4097.77033779488,690.107896270323,1450.67032364518,2896.90641546357,4684.35473954425,10134.5154380085
"high_tourism","cogne","Cogne",2026-01-01,1497.34672046546,365.057857943294,700.847202557716,1280.46164384757,1840.03489625285,3174.83309102767
"high_tourism","cogne","Cogne",2026-02-01,1708.4865757711,254.998072058818,525.415561323572,1117.69489889016,2289.58479254191,4510.03387487366
"high_tourism","cogne","Cogne",2026-03-01,790.667329289042,89.023141648265,220.591389584847,532.691615822522,944.349367077107,2201.72621505513
"high_tourism","cogne","Cogne",2026-04-01,269.383147559408,37.9560723345217,131.062664272054,183.036537315377,327.023765173858,867.891302087738
"high_tourism","cogne","Cogne",2026-05-01,164.062561152315,26.6665136097015,49.9360630202505,86.3792608224762,156.695227259771,339.343447613117
"high_tourism","cogne","Cogne",2026-06-01,165.591563757417,27.911853773425,77.9088670012792,143.946230559785,212.384123142801,410.222025621816
"high_tourism","cogne","Cogne",2026-07-01,346.62557401884,67.1274533468541,139.836470537468,209.564507602024,399.80004575516,1007.4690480579
"high_tourism","cogne","Cogne",2026-08-01,565.975784311393,62.2278897407733,172.833883039804,324.236653572305,686.033833903643,1538.30778640689
"high_tourism","cogne","Cogne",2026-09-01,404.817522758252,79.2188620882417,146.781158213062,235.914523151684,411.492454670072,1422.39020990236
"high_tourism","courmayeur","Courmayeur",2025-10-01,8588.46474952084,1109.43447758463,2323.93404982811,4583.49832594951,11646.5965624389,29576.8739292557
"high_tourism","courmayeur","Courmayeur",2025-11-01,5188.38699637404,918.094181785734,2241.98126711657,4334.60233007742,7038.76251570759,13386.3848910727
"high_tourism","courmayeur","Courmayeur",2025-12-01,7200.72700283541,1083.6931329934,3434.04448759775,6124.36966710349,9977.50014876663,15769.1508837781
"high_tourism","courmayeur","Courmayeur",2026-01-01,3930.56219127289,631.297230231095,1103.05411739058,3146.09900427289,5993.5397582258,9303.38384825837
"high_tourism","courmayeur","Courmayeur",2026-02-01,4017.20817237195,470.705778469951,1524.23785390017,2458.2530576961,3990.35873031501,16932.3765982649
"high_tourism","courmayeur","Courmayeur",2026-03-01,1560.26785261804,231.401767809641,629.363233081217,1242.54824153035,1923.42189773666,3224.83508596754
"high_tourism","courmayeur","Courmayeur",2026-04-01,711.39357458323,122.424714710129,312.369256290354,522.925651211116,878.561539401497,2320.5263417833
"high_tourism","courmayeur","Courmayeur",2026-05-01,313.423047828387,57.6135647009465,127.877133927045,210.758479744239,454.845818766433,876.191971633968
"high_tourism","courmayeur","Courmayeur",2026-06-01,340.477399930431,61.9286358635726,148.160369027135,252.679421915211,406.514244797936,878.000455648019
"high_tourism","courmayeur","Courmayeur",2026-07-01,686.399019795857,96.4716872900704,254.888713752318,397.172658832712,882.100996439628,2113.66140149438
"high_tourism","courmayeur","Courmayeur",2026-08-01,1217.15387861249,208.096800116393,365.437954423945,725.554500397192,1722.3392307654,3435.56325223043
"high_tourism","courmayeur","Courmayeur",2026-09-01,1071.57122375432,281.607794364182,420.893662816136,811.620729989025,1373.18447180671,2620.39525801014
"high_tourism","donnas","Donnas",2025-10-01,349.933533856586,81.5369553923743,199.492912149338,302.43178659629,468.265592712543,712.463900935585
"high_tourism","donnas","Donnas",2025-11-01,1535.80807443017,305.795147403506,522.427128603885,901.693705574885,1613.27052975864,5298.9389409038
"high_tourism","donnas","Donnas",2025-12-01,4651.05789758663,624.007040451214,1708.74997946454,2748.26502642119,6016.34816016291,13361.5121267539
"high_tourism","donnas","Donnas",2026-01-01,2694.68128312986,380.499821454508,870.477574705217,1411.14267568379,3398.13511818917,7377.87918186902
"high_tourism","donnas","Donnas",2026-02-01,2936.17195156092,489.251322287581,748.109537841951,1152.11531155746,2961.53741244801,9788.49070667616
"high_tourism","donnas","Donnas",2026-03-01,1257.00685670809,154.467939688607,325.02351933101,707.922727860677,1142.37646659011,4548.82013386258
"high_tourism","donnas","Donnas",2026-04-01,696.511349220591,82.9299131677634,194.422238517376,387.733159998613,868.743571486153,2199.07853896926
"high_tourism","donnas","Donnas",2026-05-01,435.81227377927,61.8585989114917,144.872501183943,323.553339772082,579.365998788327,1126.37794253991
"high_tourism","donnas","Donnas",2026-06-01,358.090106645872,60.7175428696475,166.789829076811,309.716258469881,459.733569170446,950.021439765564
"high_tourism","donnas","Donnas",2026-07-01,709.144817516344,86.1305758906257,265.559616846452,476.810750886956,794.024615698622,1446.66079100429
"high_tourism","donnas","Donnas",2026-08-01,802.224748063157,117.996405820687,265.295667866267,547.881643900708,1096.22503003674,2112.38861889046
"high_tourism","donnas","Donnas",2026-09-01,834.100331701658,49.3361107594291,196.012449561322,469.517186992567,922.100010827597,2600.86916709194
"high_tourism","doues","Doues",2025-10-01,501.739547127996,135.737219452647,242.152911485685,408.722797933069,731.58926136401,1127.37708925768
"high_tourism","doues","Doues",2025-11-01,1044.06472206759,159.086893349077,389.898739038059,652.995900986629,1354.29881447704,3097.51059707191
"high_tourism","doues","Doues",2025-12-01,2399.16748792198,363.919923188458,1037.51394691172,1750.52950280697,3053.94778235571,7578.02030332946
"high_tourism","doues","Doues",2026-01-01,1467.25565570514,157.753363205735,491.877486877369,868.17439310483,1730.80729710551,4392.99909681732
"high_tourism","doues","Doues",2026-02-01,1253.00915980341,195.036949545515,448.494449945822,947.185394286964,1425.40860070893,3243.12704120628
"high_tourism","doues","Doues",2026-03-01,610.654707575318,76.8316006796892,171.07723723828,329.396814691527,676.740669636283,2027.63118628091
"high_tourism","doues","Doues",2026-04-01,304.615071267134,38.9744200944069,101.129691241266,192.216723330808,387.379528354801,798.243043948186
"high_tourism","doues","Doues",2026-05-01,215.567823095559,28.946332464267,63.2345868675047,126.598346832786,297.571049425344,649.459637556419
"high_tourism","doues","Doues",2026-06-01,215.254103656875,37.9154536010808,84.4322894927654,130.494887774165,210.409088984884,718.569497417001
"high_tourism","doues","Doues",2026-07-01,349.936059119024,35.7841738860284,106.668590136094,209.509764127468,400.722079311493,1271.28197744098
"high_tourism","doues","Doues",2026-08-01,640.247617831021,80.6878859057331,170.916449464087,300.40983385162,641.924616167359,2378.77232464079
"high_tourism","doues","Doues",2026-09-01,462.524204120259,86.7925200816461,166.291961310533,269.465024087492,637.598936156569,1484.734029087
"high_tourism","emarese","Emarèse",2025-10-01,52.5418455568711,12.6536832615071,23.1087153176114,34.9906845712103,58.7038701469664,153.762793871822
"high_tourism","emarese","Emarèse",2025-11-01,409.525225543665,79.7743541075035,144.327925355018,276.740718139808,421.79275366522,1133.58804051685
"high_tourism","emarese","Emarèse",2025-12-01,1631.10053995624,363.299385661971,836.32871372432,1237.58936081363,2269.17524639489,3879.04222711996
"high_tourism","emarese","Emarèse",2026-01-01,1549.28522107482,188.818437838171,538.346310075723,961.327576483689,1946.92067725247,4011.35061236301
"high_tourism","emarese","Emarèse",2026-02-01,1794.56303062503,263.549716752741,567.33069131223,1033.90736236543,2281.27977077517,4743.63388468901
"high_tourism","emarese","Emarèse",2026-03-01,1145.44602137318,80.3619838366602,257.698137660091,646.311037140542,1288.9735522525,3525.39617106584
"high_tourism","emarese","Emarèse",2026-04-01,456.186718890116,85.4109847128601,138.431246576162,285.087457754372,559.472532824699,1398.17119473098
"high_tourism","emarese","Emarèse",2026-05-01,354.224034865685,29.3401256836254,113.238119041294,229.458028312293,380.474870800779,1048.45349522785
"high_tourism","emarese","Emarèse",2026-06-01,224.963748670796,38.3132056957748,67.9816972691164,118.085455086797,241.164216328247,752.175764116838
"high_tourism","emarese","Emarèse",2026-07-01,501.248641825735,49.4964523064811,106.672494609183,233.063523602319,478.316759678718,1953.09834196077
"high_tourism","emarese","Emarèse",2026-08-01,692.650552488491,70.2982875288135,149.022729930677,389.904826848836,774.86275082823,2322.25301891962
"high_tourism","emarese","Emarèse",2026-09-01,365.752148996344,28.8389461698113,82.5721901480532,217.90074443372,486.610571105485,1005.79157622053
"high_tourism","etroubles","Etroubles",2025-10-01,812.602731121944,223.73817083732,354.01961565563,680.345968406268,1123.03714947588,1760.19777300008
"high_tourism","etroubles","Etroubles",2025-11-01,1381.61036890184,298.687265636903,575.961506961657,850.923045614695,1490.80187449564,3726.54954107681
"high_tourism","etroubles","Etroubles",2025-12-01,2320.4888217134,334.841047713868,975.14292446232,1370.15125453885,2754.89613977237,6892.66759262508
"high_tourism","etroubles","Etroubles",2026-01-01,1171.36738953239,249.674012220482,399.523552735008,717.309004690196,1482.18423244057,3384.68599126164
"high_tourism","etroubles","Etroubles",2026-02-01,1081.68056715613,100.014828669022,384.336356905328,895.225288590433,1652.67481021084,2688.62306566831
"high_tourism","etroubles","Etroubles",2026-03-01,482.659758442482,70.166631303186,249.388527965116,359.565696411275,639.343165178286,1307.09662444294
"high_tourism","etroubles","Etroubles",2026-04-01,323.761781805722,30.1220032568391,92.4744473842889,160.561487499427,352.375635898138,900.215171744236
"high_tourism","etroubles","Etroubles",2026-05-01,171.621652467101,18.4097900658699,48.2836825450298,105.997515966252,210.695010472223,602.3127175963
"high_tourism","etroubles","Etroubles",2026-06-01,195.081424061901,25.2999455501816,47.7497702454855,116.003544684488,259.855712809168,568.073564460786
"high_tourism","etroubles","Etroubles",2026-07-01,320.724569722066,48.2949846596491,109.43440018934,245.768629662625,523.546427224319,773.88378548746
"high_tourism","etroubles","Etroubles",2026-08-01,504.050850008821,45.774010465295,152.838155555885,319.31334334051,640.805634405422,1620.79726401829
"high_tourism","etroubles","Etroubles",2026-09-01,436.692599198158,68.3967842666428,134.245449742936,277.039714123836,561.365813330648,1378.11027623979
"high_tourism","fenis","Fénis",2025-10-01,873.773021291313,90.3177350558547,317.257850426855,564.573365630308,945.642045359034,2540.3348527639
"high_tourism","fenis","Fénis",2025-11-01,2220.67448599808,200.680023550255,919.07378594881,1236.47035090672,2985.31003096802,6340.0634621526
"high_tourism","fenis","Fénis",2025-12-01,3313.1457709264,495.32866450259,1092.53739860555,1991.13869761122,3796.29862983565,9155.8544226611
"high_tourism","fenis","Fénis",2026-01-01,1612.25637181161,154.290252756264,647.814113778622,1250.83275139098,1963.09181970013,3899.35733163586
"high_tourism","fenis","Fénis",2026-02-01,1785.85187475482,275.449508058713,659.341919376188,1295.51615020245,2408.98113694636,5091.88482316929
"high_tourism","fenis","Fénis",2026-03-01,692.753900928219,120.17669466906,285.762077017803,613.183451069817,1054.82014504394,1512.7053724224
"high_tourism","fenis","Fénis",2026-04-01,388.370324560462,50.4521470510299,98.4152679780482,207.711524616058,469.054602036685,1242.85514814016
"high_tourism","fenis","Fénis",2026-05-01,235.571868240772,24.7442392346514,69.0701898327115,127.505187357271,325.132056985283,831.008593030597
"high_tourism","fenis","Fénis",2026-06-01,167.981655593546,19.8808734165982,58.1564057387528,122.170780252085,203.95953592793,495.949892190759
"high_tourism","fenis","Fénis",2026-07-01,288.208668076912,60.677123731199,107.614169059301,199.055771062055,316.727199915446,835.263331785423
"high_tourism","fenis","Fénis",2026-08-01,368.913873386059,71.4319088011965,151.497805677021,232.893934806217,514.058245568013,955.763881038386
"high_tourism","fenis","Fénis",2026-09-01,360.242233427398,29.4599811594906,137.628036289001,311.296040975155,476.645584008796,940.835848550997
"high_tourism","fontainemore","Fontainemore",2025-10-01,301.713817688921,61.784322187113,113.595178083211,188.249457046833,451.434077903545,732.059470896225
"high_tourism","fontainemore","Fontainemore",2025-11-01,778.531160618676,102.847766495431,250.608898502826,464.639991098986,721.484217590847,2536.83341177445
"high_tourism","fontainemore","Fontainemore",2025-12-01,2019.98200922634,189.857976651682,775.545094919637,1359.80416062514,2869.2659718964,5894.50475279979
"high_tourism","fontainemore","Fontainemore",2026-01-01,1298.82188077687,204.621754677522,431.65931973443,763.678975746847,1548.66781981784,3578.0220972308
"high_tourism","fontainemore","Fontainemore",2026-02-01,1097.93076449324,179.104034946879,305.125988286249,533.046149929909,1252.3148090499,3419.93828096042
"high_tourism","fontainemore","Fontainemore",2026-03-01,577.618191024199,54.3066016214006,150.654222822822,319.31831013643,499.139403177607,1958.78778103287
"high_tourism","fontainemore","Fontainemore",2026-04-01,171.48016750495,20.0530856931542,44.4663988492342,101.071158242871,228.052725422289,476.678453837577
"high_tourism","fontainemore","Fontainemore",2026-05-01,100.547238892821,15.9666466014734,28.1593994122337,61.6426237923055,125.14956141965,360.479896766137
"high_tourism","fontainemore","Fontainemore",2026-06-01,160.763150102897,22.345145940522,57.979806016838,92.1654293159587,178.887345548641,570.313737658063
"high_tourism","fontainemore","Fontainemore",2026-07-01,293.943999439014,40.7938891160897,92.8314799039675,199.763627479548,363.201398974983,979.421523416931
"high_tourism","fontainemore","Fontainemore",2026-08-01,425.575606948614,56.0168457846697,139.782638655987,274.204737448464,495.464093297124,1363.52163737207
"high_tourism","fontainemore","Fontainemore",2026-09-01,308.992008611971,35.2938870038142,107.636519114061,222.67083748558,376.306483888448,786.282059884191
"high_tourism","gaby","Gaby",2025-10-01,510.136933899621,119.659564805561,243.680311496531,375.432525156626,573.180098105158,1305.75182700014
"high_tourism","gaby","Gaby",2025-11-01,1149.3311362925,253.242923861233,410.142787311116,701.887180382574,1472.26282233405,2609.17896335489
"high_tourism","gaby","Gaby",2025-12-01,2698.41556614577,400.567276144941,963.234766473548,2002.10062322604,3776.50621847727,7920.03765627954
"high_tourism","gaby","Gaby",2026-01-01,1923.66213877558,236.267424739652,677.843346581625,1197.83395428319,2408.16862597701,6787.59810032487
"high_tourism","gaby","Gaby",2026-02-01,1982.5774262096,214.945838045881,583.527573554727,1082.47604933118,2736.25475329974,5197.22546975553
"high_tourism","gaby","Gaby",2026-03-01,1007.28859770393,123.569833024831,394.419439420421,694.57499023803,1226.45582723327,3274.65211639974
"high_tourism","gaby","Gaby",2026-04-01,448.573760168755,84.5851086300529,150.68637788963,276.90829559092,540.874556731476,1272.1207749588
"high_tourism","gaby","Gaby",2026-05-01,217.089418499022,31.0587561246074,79.2374773866704,161.482939787996,308.339129776247,629.671327024956
"high_tourism","gaby","Gaby",2026-06-01,234.832247701149,33.32066727935,84.5736100574606,167.747924013178,263.982925869748,821.856945210445
"high_tourism","gaby","Gaby",2026-07-01,456.714829117679,52.5729094264232,136.528443682273,286.535782964726,562.806853333846,1493.5382542439
"high_tourism","gaby","Gaby",2026-08-01,654.107526112028,119.782524143397,254.001566911562,434.642882582345,801.207575639293,1827.91197685792
"high_tourism","gaby","Gaby",2026-09-01,455.234324757005,75.2799175478551,158.364141069554,324.521241770321,580.932219470355,1309.19148644743
"high_tourism","gignod","Gignod",2025-10-01,718.344450548513,155.292130218455,327.130662280735,580.317070721615,915.822292572756,1460.02769657786
"high_tourism","gignod","Gignod",2025-11-01,1524.92378712833,450.465672844228,922.249857366877,1286.50632159093,1771.24109355211,3187.35285172096
"high_tourism","gignod","Gignod",2025-12-01,3431.52551519034,618.844318712171,1258.75707272351,2669.13288563971,4327.68586582498,9460.1642750173
"high_tourism","gignod","Gignod",2026-01-01,3099.76771636372,438.784520759748,861.753178623042,1767.4927280454,3006.7819903139,7582.54159933428
"high_tourism","gignod","Gignod",2026-02-01,2483.02327646836,466.796101151807,841.117082528921,1577.00706062444,3135.12718034016,7535.61893255076
"high_tourism","gignod","Gignod",2026-03-01,998.364571452822,164.648361017041,377.064898338607,546.309127725664,1237.22693285858,3085.42346801255
"high_tourism","gignod","Gignod",2026-04-01,472.073253146081,107.741710648133,187.102837692875,351.313326668045,527.617341961773,1358.73047297264
"high_tourism","gignod","Gignod",2026-05-01,357.756181326426,42.0910708442937,120.275911087954,289.321464361078,459.107988763606,895.282898156818
"high_tourism","gignod","Gignod",2026-06-01,473.110433190867,68.0707528989378,150.31409577875,268.507588344858,477.658996765315,1566.38905317238
"high_tourism","gignod","Gignod",2026-07-01,711.548631909414,81.9356558887688,157.188838383234,383.050318448522,652.969613739236,2398.18772647305
"high_tourism","gignod","Gignod",2026-08-01,890.294068747456,137.878964266456,265.617150162081,751.185928007231,1228.92926884012,2379.88348286692
"high_tourism","gignod","Gignod",2026-09-01,870.704320476061,129.88170617609,363.887638249393,619.960899728185,824.472879039937,1721.60582559858
"high_tourism","gressan","Gressan",2025-10-01,680.872701231722,143.278188242482,364.656445863684,527.260887410583,856.374953831165,1744.87182155603
"high_tourism","gressan","Gressan",2025-11-01,1593.76092545929,306.955076015407,504.802425659918,1184.58011194516,2107.84246779628,4341.48628033061
"high_tourism","gressan","Gressan",2025-12-01,5644.47890953395,831.020659739287,1701.75210598168,3989.33732834017,6889.93125669149,16150.2921751621
"high_tourism","gressan","Gressan",2026-01-01,5530.56040997862,775.435698118388,1951.78709623101,3911.86738733692,6128.65896083935,13099.6625665495
"high_tourism","gressan","Gressan",2026-02-01,6018.47270413276,970.025952217787,2044.9283187669,3782.00076217419,5553.89242846173,18232.7910078939
"high_tourism","gressan","Gressan",2026-03-01,2399.19819993868,419.651667233761,1165.87142011108,1824.95337170697,2936.73532091364,6131.89638759594
"high_tourism","gressan","Gressan",2026-04-01,1027.67201489307,203.762109677818,453.051800745535,681.552510007693,1219.92347753098,2572.19281931281
"high_tourism","gressan","Gressan",2026-05-01,628.191701917183,78.8714351399457,184.968383602568,278.153247612492,528.349960193297,1232.00488587995
"high_tourism","gressan","Gressan",2026-06-01,509.917510875653,86.242193625966,182.992323125429,278.801208498987,643.53295420296,1677.39198990108
"high_tourism","gressan","Gressan",2026-07-01,1177.44932196092,110.625140148537,222.185154333483,577.693834803728,1292.83037404223,3824.26002467136
"high_tourism","gressan","Gressan",2026-08-01,1509.16191035333,219.489079326872,418.510627589986,823.260639823419,1665.18005632355,4797.78077578235
"high_tourism","gressan","Gressan",2026-09-01,1081.81382236347,81.702368629302,326.165048081987,681.15308945919,1225.07364963589,3342.03697465476
"high_tourism","gressoney la trinite","Gressoney-La-Trinité",2025-10-01,856.855238487495,211.772230688364,286.325594760169,580.859957759868,1022.59112838072,2543.391252282
"high_tourism","gressoney la trinite","Gressoney-La-Trinité",2025-11-01,1036.22295756612,115.649273996022,361.17332951396,598.830871527907,1288.77844008622,2666.71973022326
"high_tourism","gressoney la trinite","Gressoney-La-Trinité",2025-12-01,2953.65898683762,332.60838669835,1109.37596144211,2461.33472107467,3992.96101937615,8400.19882386634
"high_tourism","gressoney la trinite","Gressoney-La-Trinité",2026-01-01,1913.62386846209,217.759303677854,655.091706770078,1491.78219747466,2362.75209193667,4711.33478276367
"high_tourism","gressoney la trinite","Gressoney-La-Trinité",2026-02-01,2373.90275561988,263.735761674495,838.803643846667,1636.39130557624,2761.75586149244,7501.06147212495
"high_tourism","gressoney la trinite","Gressoney-La-Trinité",2026-03-01,2043.09744551392,205.832720757324,470.16147567634,1307.76354870624,2396.26993820964,7902.47801529802
"high_tourism","gressoney la trinite","Gressoney-La-Trinité",2026-04-01,1018.75091365316,103.710101509562,265.8876915779,610.015499652202,1207.72144045778,4230.62722183796
"high_tourism","gressoney la trinite","Gressoney-La-Trinité",2026-05-01,378.678978156047,43.9994169395619,131.665549398833,269.153815477542,572.352228176305,967.310681719717
"high_tourism","gressoney la trinite","Gressoney-La-Trinité",2026-06-01,448.761883925055,40.4500924279796,113.78010206131,340.498547625542,641.123653679588,1160.42539357774
"high_tourism","gressoney la trinite","Gressoney-La-Trinité",2026-07-01,858.405940484961,96.7220567479826,279.775268951059,483.152501746514,890.101776595531,3051.06622235039
"high_tourism","gressoney la trinite","Gressoney-La-Trinité",2026-08-01,1323.82522418484,237.598086865163,455.227132831186,796.446140083382,1426.86253776095,5083.09481977022
"high_tourism","gressoney la trinite","Gressoney-La-Trinité",2026-09-01,823.637745053531,132.437110911606,287.665398219151,674.626868749591,1279.77350404615,1781.11923085618
"high_tourism","gressoney saint jean","Gressoney-Saint-Jean",2025-10-01,1524.00806372191,182.163781389664,540.530306315012,1098.25952701552,1691.05924493197,3650.20920325528
"high_tourism","gressoney saint jean","Gressoney-Saint-Jean",2025-11-01,3083.03272550024,412.237758062685,895.985387700748,1705.63657474054,3302.69945038535,10173.8771510837
"high_tourism","gressoney saint jean","Gressoney-Saint-Jean",2025-12-01,5716.93691480329,919.098817423376,1752.23318299919,3870.52071919938,6915.15443465569,15017.7602200461
"high_tourism","gressoney saint jean","Gressoney-Saint-Jean",2026-01-01,3394.61530579888,451.052799010598,1020.0462534823,1704.20388276366,3729.07979423111,11287.1985513386
"high_tourism","gressoney saint jean","Gressoney-Saint-Jean",2026-02-01,3744.5852073849,567.430302700718,1165.20942677972,2051.814185609,3401.472240981,11584.6424091815
"high_tourism","gressoney saint jean","Gressoney-Saint-Jean",2026-03-01,1792.22189246249,239.786841279376,575.400010621342,1161.37836955057,2881.37831515065,4586.77890624614
"high_tourism","gressoney saint jean","Gressoney-Saint-Jean",2026-04-01,828.329474831761,105.539623586705,285.01635744114,551.019382118255,918.609694236884,2452.24236603231
"high_tourism","gressoney saint jean","Gressoney-Saint-Jean",2026-05-01,501.760220066343,82.0304713087585,185.895942725883,341.597499096848,662.203520828514,1302.00844592496
"high_tourism","gressoney saint jean","Gressoney-Saint-Jean",2026-06-01,497.340798524825,61.4827696824652,174.810702221313,325.075097447947,642.33439827566,1467.2784919832
"high_tourism","gressoney saint jean","Gressoney-Saint-Jean",2026-07-01,647.451748695141,118.709481650419,195.426057256651,474.552621382398,849.20796277556,1744.50471562863
"high_tourism","gressoney saint jean","Gressoney-Saint-Jean",2026-08-01,1027.60853072693,103.019162173497,335.798809688823,603.297392851065,799.395446791569,3667.82002543709
"high_tourism","gressoney saint jean","Gressoney-Saint-Jean",2026-09-01,613.871704769645,94.0215710129056,247.980497444147,390.914230126952,725.158275309999,1894.76425948439
"high_tourism","hone","Hône",2025-10-01,320.368169267542,76.5706869528164,116.716594020906,169.185744681037,332.033180123932,925.854133275185
"high_tourism","hone","Hône",2025-11-01,1175.37531000021,231.489135879606,433.649635351284,758.259478539688,1246.49465633829,2348.38937722168
"high_tourism","hone","Hône",2025-12-01,4252.78302349284,474.627766168462,1187.06872690108,2596.11938870022,5340.41013666927,12955.8366095432
"high_tourism","hone","Hône",2026-01-01,2841.74305458043,226.108818670462,957.252516722248,2112.74661607284,3428.12033538375,8280.30946581901
"high_tourism","hone","Hône",2026-02-01,2467.19932485816,393.480834911026,1044.01659325958,1760.49166133607,3153.24872275033,6996.1392169124
"high_tourism","hone","Hône",2026-03-01,1302.31547551866,186.685624701909,470.65876022926,709.653344752591,1862.94087515403,3582.11809866411
"high_tourism","hone","Hône",2026-04-01,877.772479691086,72.685823257156,265.800098474576,429.175501002575,1142.75639210601,2284.4625602447
"high_tourism","hone","Hône",2026-05-01,505.229746573365,96.3745939555432,154.665513217568,376.703135050879,568.883988922434,1390.00981863531
"high_tourism","hone","Hône",2026-06-01,405.979592801047,50.9078577051647,134.840501487957,267.830931041264,506.506647558319,1287.20349876515
"high_tourism","hone","Hône",2026-07-01,897.549312418107,195.173695587656,321.069908732913,473.24811735537,1018.88375005719,3575.27390768568
"high_tourism","hone","Hône",2026-08-01,1024.21527105412,167.848583192054,307.616636759478,577.838861792395,1565.29832118628,3119.01858450588
"high_tourism","hone","Hône",2026-09-01,675.26727904911,77.8165265205244,273.723534254868,486.072531227702,869.591104181389,1650.14721998118
"high_tourism","introd","Introd",2025-10-01,488.160824464943,101.200675103935,226.325838799796,389.877957357647,581.555758672874,1202.87175376119
"high_tourism","introd","Introd",2025-11-01,1212.68564552224,214.353344490387,435.768272066776,857.56712878685,1470.19887925517,3473.55591518754
"high_tourism","introd","Introd",2025-12-01,3225.04108129314,477.150089980228,1091.28079479929,2690.86494911392,4375.51489864972,8986.05168306765
"high_tourism","introd","Introd",2026-01-01,2056.31631998102,451.769226139389,1024.79373695928,1603.84518380632,2587.55009885799,4780.60696057916
"high_tourism","introd","Introd",2026-02-01,2294.81004542839,455.041976285558,846.029950514732,1640.03085025476,2255.24767483765,7147.91392561857
"high_tourism","introd","Introd",2026-03-01,765.591398317026,143.776859725168,369.467317980507,604.602277369312,931.948346609796,1736.75575054295
"high_tourism","introd","Introd",2026-04-01,375.986583379051,55.5041917786773,136.780783515235,285.673520581586,487.751516009591,961.295010506693
"high_tourism","introd","Introd",2026-05-01,339.357522819915,41.6937661721669,100.368358191684,261.354575589432,384.728430319102,927.854657219644
"high_tourism","introd","Introd",2026-06-01,257.30247288101,23.776641297584,96.7179374780982,202.729462413915,324.88338912016,688.315169825845
"high_tourism","introd","Introd",2026-07-01,454.621086776671,66.0636164644963,155.158704421731,266.418229095369,604.972194548164,1347.36484503309
"high_tourism","introd","Introd",2026-08-01,699.692487053514,104.777946524429,234.87598871651,435.350996696888,960.508839687441,1606.8937409393
"high_tourism","introd","Introd",2026-09-01,493.910916904126,74.1953279139672,190.351755678228,363.702988071841,689.994348501465,1104.95841374636
"high_tourism","issime","Issime",2025-10-01,192.783612440347,38.914650647548,73.640628666553,142.593774349147,268.29398479148,497.063684896334
"high_tourism","issime","Issime",2025-11-01,650.102397066786,95.4315341095122,217.124671073957,426.905468570631,778.292370159713,2078.87635678662
"high_tourism","issime","Issime",2025-12-01,1216.65109476335,200.199020422615,521.25294660702,821.32845697114,1600.0146314212,3222.80710678301
"high_tourism","issime","Issime",2026-01-01,756.095092134022,151.036208823119,422.598999983693,597.294665282885,825.962810174966,1958.15658782488
"high_tourism","issime","Issime",2026-02-01,838.154984234351,127.604045891781,262.354990403958,506.988618619251,1116.45981102871,2641.37104367164
"high_tourism","issime","Issime",2026-03-01,520.744781800236,62.7730703593456,134.136581633918,308.860390751702,584.336252564601,1679.57929983418
"high_tourism","issime","Issime",2026-04-01,170.552463060504,19.6954561937298,66.0585156140311,121.673449739678,275.431894379678,409.092181841117
"high_tourism","issime","Issime",2026-05-01,147.419967031994,12.388824112042,43.9631066712649,95.0703623222564,167.793840349759,367.154547163365
"high_tourism","issime","Issime",2026-06-01,139.281858485156,15.0252135419334,47.7991091510189,89.062143183901,192.143597802062,432.760153028287
"high_tourism","issime","Issime",2026-07-01,149.330908169423,26.5414504158061,50.173798241548,100.950980389315,212.219550466999,377.516363287779
"high_tourism","issime","Issime",2026-08-01,244.035242137377,45.2097760716389,77.1593435360689,177.772217328464,318.779389729076,656.237973177642
"high_tourism","issime","Issime",2026-09-01,224.188337982769,42.5616788556053,80.6807598837073,147.720749744019,263.150647696018,752.219748632332
"high_tourism","issogne","Issogne",2025-10-01,222.327244042385,55.5383208634269,123.533365341489,178.765140039431,281.464819579178,569.741739884022
"high_tourism","issogne","Issogne",2025-11-01,697.245597196288,102.526731949766,249.417395863484,547.434097175399,696.130670488105,2129.20674711933
"high_tourism","issogne","Issogne",2025-12-01,2275.31327601368,425.419343605591,1128.17156961909,1643.46700833621,2747.42741322344,6202.62075708604
"high_tourism","issogne","Issogne",2026-01-01,1926.69899419053,282.003313142004,629.097681225092,1288.6809042467,2000.17759955841,4022.0108112656
"high_tourism","issogne","Issogne",2026-02-01,2004.54246014284,203.053129786888,590.408856271089,1077.76916725681,2194.94984948958,7429.68071770019
"high_tourism","issogne","Issogne",2026-03-01,1007.00474390034,163.951232034088,352.317353906239,639.775651434346,1008.91973044292,3166.39584192809
"high_tourism","issogne","Issogne",2026-04-01,408.168885775843,93.8174452660349,155.435159590816,367.681729043053,585.486238259107,868.391426468301
"high_tourism","issogne","Issogne",2026-05-01,330.650588415895,46.852998376816,114.010195585192,221.24224412652,403.033909935561,935.031518965177
"high_tourism","issogne","Issogne",2026-06-01,330.89973224316,53.1339287069351,134.883775977457,286.998257190133,394.526550726111,769.680596225073
"high_tourism","issogne","Issogne",2026-07-01,422.285017643217,70.5860338309943,212.560055395247,333.907347220223,531.5744701466,954.457028362987
"high_tourism","issogne","Issogne",2026-08-01,527.454952965788,106.350810360513,213.46416342748,396.174837237731,691.570772856288,1318.05807090892
"high_tourism","issogne","Issogne",2026-09-01,612.467086435593,170.729758286625,259.23896469215,462.192432718195,669.839573889021,1304.08894354172
"high_tourism","jovencan","Jovençan",2025-10-01,1601.09647474005,306.445661198285,695.395443385022,1308.93773235575,2088.75414861862,3479.17656083262
"high_tourism","jovencan","Jovençan",2025-11-01,6668.11437451294,1237.15442546093,2886.33059053167,4273.94508051439,9084.84518444957,18293.17156872
"high_tourism","jovencan","Jovençan",2025-12-01,22263.2526522279,3588.77767531935,7401.67122962749,15121.2752184572,26659.4729884296,56330.4655280465
"high_tourism","jovencan","Jovençan",2026-01-01,12544.2548912717,1266.48696632161,3452.06073960522,6946.26410020366,18551.334930526,38513.9755989601
"high_tourism","jovencan","Jovençan",2026-02-01,11992.8572928445,1874.74430057321,3248.68275236647,7259.11513580723,14467.7330690149,39265.5609022534
"high_tourism","jovencan","Jovençan",2026-03-01,5631.06481715144,946.402527448387,2568.7607160419,4282.56012756075,6108.55304759849,12112.8350216733
"high_tourism","jovencan","Jovençan",2026-04-01,2869.83231004962,329.000935862213,1166.58798686334,2194.38201792832,4524.75284718299,7177.139427106
"high_tourism","jovencan","Jovençan",2026-05-01,1547.94779843318,343.431162894243,673.36242655479,1201.20998313161,2030.15162448643,3432.34778265553
"high_tourism","jovencan","Jovençan",2026-06-01,1935.3237491913,179.815928354265,690.246256494883,1369.45660943586,2704.955685977,5646.87369070174
"high_tourism","jovencan","Jovençan",2026-07-01,2877.01875328609,427.555592994425,1091.78841142189,1661.9054390879,3364.37362866637,9673.26504617811
"high_tourism","jovencan","Jovençan",2026-08-01,2840.72921231195,349.963241739191,865.787029947764,1600.07797540703,3368.66771285892,10364.4296951031
"high_tourism","jovencan","Jovençan",2026-09-01,2857.22376684855,169.299856130084,1019.4079741322,1990.23628538537,2788.8982051166,8468.75932838304
"high_tourism","la magdeleine","La Magdeleine",2025-10-01,115.44765176866,26.2344159728675,47.7186384108381,79.6467360061703,144.862472236938,299.969328270189
"high_tourism","la magdeleine","La Magdeleine",2025-11-01,226.601071020806,42.4728173699691,91.2668058368221,186.65463798243,313.571432512037,501.157973629795
"high_tourism","la magdeleine","La Magdeleine",2025-12-01,595.690036107548,74.8581107723089,241.92953869457,394.550016172589,668.286390084766,1678.26612036788
"high_tourism","la magdeleine","La Magdeleine",2026-01-01,503.639666633647,69.0400560952025,139.717952834618,265.519927979229,644.313728635386,1537.41355006948
"high_tourism","la magdeleine","La Magdeleine",2026-02-01,537.111431209144,61.0817346599598,209.079799880764,342.454270103735,556.757577700441,1408.71305244635
"high_tourism","la magdeleine","La Magdeleine",2026-03-01,242.018216450413,45.2238409921552,92.5267994733281,180.65910194106,303.478101089676,719.548436757875
"high_tourism","la magdeleine","La Magdeleine",2026-04-01,105.925716893369,21.9732674548277,38.3467744646747,77.4460923180747,126.340160390731,303.516696249654
"high_tourism","la magdeleine","La Magdeleine",2026-05-01,39.5442673270018,9.35872429993995,16.5900085603879,31.0666603769139,55.9861486204748,95.3393253858661
"high_tourism","la magdeleine","La Magdeleine",2026-06-01,41.7208318606982,6.3523913231149,22.2857911015711,31.3926988831901,54.7475039380451,110.307477923258
"high_tourism","la magdeleine","La Magdeleine",2026-07-01,105.753584591055,15.051846557862,32.5450819640427,70.8022388753217,152.375517991725,319.784910209411
"high_tourism","la magdeleine","La Magdeleine",2026-08-01,147.351172613191,14.7198216360002,50.5464329438635,78.2322813967469,176.268221525266,376.030420154392
"high_tourism","la magdeleine","La Magdeleine",2026-09-01,102.036102936042,21.1964389227807,51.5509903445425,78.9404137654113,125.512346765873,274.679950809625
"high_tourism","la salle","La Salle",2025-10-01,1082.48860982782,219.63711448102,451.98526274002,799.249623788344,1258.5836484104,2731.80626713585
"high_tourism","la salle","La Salle",2025-11-01,2186.91128797831,351.736360817395,873.539889468008,1388.19806221919,2461.12639794027,6914.49795412439
"high_tourism","la salle","La Salle",2025-12-01,4612.68865218209,674.775196878915,1417.12934508248,2747.44333579044,4259.73984928728,17012.2279080931
"high_tourism","la salle","La Salle",2026-01-01,2198.37060059142,294.912295667974,786.149138427,1238.53169723324,3061.42616557949,7059.21899858071
"high_tourism","la salle","La Salle",2026-02-01,2797.4570721468,243.136377069447,866.033343848572,1739.08245712818,3996.30373895204,8081.5210542638
"high_tourism","la salle","La Salle",2026-03-01,982.06223222458,225.602740512158,345.756936299773,623.711307577011,1400.79759187073,2794.75231104212
"high_tourism","la salle","La Salle",2026-04-01,496.543684876759,57.4490244226598,163.458730991627,323.699486371293,587.286099294385,1227.91015425244
"high_tourism","la salle","La Salle",2026-05-01,209.712197477162,30.8699840526064,102.18026264534,167.66607780815,239.73110977268,530.254641024642
"high_tourism","la salle","La Salle",2026-06-01,265.696625631562,30.1624888012405,69.98178305794,131.934160301857,278.042341049507,904.384467834216
"high_tourism","la salle","La Salle",2026-07-01,294.252400765491,50.9123648869206,112.168102154301,174.818035383463,432.486024613296,743.238882766154
"high_tourism","la salle","La Salle",2026-08-01,484.607451616967,93.3908920015035,170.719035682116,364.240952224226,606.40039700108,1223.8365116596
"high_tourism","la salle","La Salle",2026-09-01,467.618868464013,70.530316198817,146.547901757177,333.890512171271,606.064227922863,1275.452467531
"high_tourism","la thuile","La Thuile",2025-10-01,1198.78319523555,208.637891662784,541.234408052475,894.71487966301,1521.5244349141,3262.41147128968
"high_tourism","la thuile","La Thuile",2025-11-01,2055.75884526007,336.539236965751,875.208332083663,1460.46147707506,2425.2420811949,6677.48385862098
"high_tourism","la thuile","La Thuile",2025-12-01,4470.62350569029,800.436993928938,1878.43414242487,3260.15639845144,4739.45194938708,10219.3986956089
"high_tourism","la thuile","La Thuile",2026-01-01,2457.22596575918,403.930912159502,801.379271038274,1848.25049645779,3197.09350776141,6384.72369815465
"high_tourism","la thuile","La Thuile",2026-02-01,1955.93382565416,319.588539561646,745.19756318369,1313.30335346093,2760.97759076972,5353.51855429021
"high_tourism","la thuile","La Thuile",2026-03-01,895.389856927616,120.517774632906,359.804301893693,604.707069237533,1250.81844032779,2146.85385834099
"high_tourism","la thuile","La Thuile",2026-04-01,471.925303763951,87.7258893867701,197.600696995896,327.259650203808,506.46988009218,1341.01604104904
"high_tourism","la thuile","La Thuile",2026-05-01,112.625382667775,27.6909783942616,49.959546315451,94.9898346544045,144.651589503206,302.847129343811
"high_tourism","la thuile","La Thuile",2026-06-01,194.98287077721,28.3528850717508,52.4786983057607,117.965115354646,192.136879236986,634.617480585037
"high_tourism","la thuile","La Thuile",2026-07-01,272.829300435435,48.8319138964642,108.009168216364,166.729940034448,358.860161089226,784.153890993623
"high_tourism","la thuile","La Thuile",2026-08-01,526.745095637803,67.0159795829666,137.496701113273,363.912415264912,623.584168533214,1356.88171444395
"high_tourism","la thuile","La Thuile",2026-09-01,554.044409440345,60.4365140049194,174.33114764858,313.105557893092,788.414187386941,1438.96146549846
"high_tourism","lillianes","Lillianes",2025-10-01,337.772509219008,79.6716964024556,111.920546511266,197.609791379652,467.844142199322,1024.28906500718
"high_tourism","lillianes","Lillianes",2025-11-01,1413.64059924275,129.498622356879,394.015267754845,828.553387449553,1906.94834312015,3759.74212382671
"high_tourism","lillianes","Lillianes",2025-12-01,3069.01009011937,481.685955972966,1074.51515184164,2000.96056834436,3487.92115104623,9940.56945576109
"high_tourism","lillianes","Lillianes",2026-01-01,2061.72912816162,264.120715340553,618.713882584195,1296.91850009813,2897.17693050703,6094.62750925734
"high_tourism","lillianes","Lillianes",2026-02-01,1911.88989877619,192.214293011506,542.80763695092,1206.99821291257,2353.6173132496,4849.66486743002
"high_tourism","lillianes","Lillianes",2026-03-01,859.676214979912,103.414576606623,234.989258019562,527.471516641441,973.445332861073,2924.35600942377
"high_tourism","lillianes","Lillianes",2026-04-01,372.136567063836,43.113076183391,101.747837297587,223.188484623237,593.171740766132,990.440565191344
"high_tourism","lillianes","Lillianes",2026-05-01,209.8150065921,23.8071173227284,81.3468357062515,139.141504651737,262.816771988874,674.350746212123
"high_tourism","lillianes","Lillianes",2026-06-01,269.311106225431,48.3473802976979,129.956169232645,186.706650104853,293.90050605115,801.248661817699
"high_tourism","lillianes","Lillianes",2026-07-01,569.172187011442,82.8755642614677,170.601353562582,307.94824978336,904.091841975945,1373.37955120901
"high_tourism","lillianes","Lillianes",2026-08-01,966.014143366946,82.0366393246381,298.213122853762,589.897922108051,1089.07846551784,2213.7946304369
"high_tourism","lillianes","Lillianes",2026-09-01,700.010378018114,83.6786667332796,243.38156897443,432.287126695327,768.250390416556,1912.37729992682
"high_tourism","montjovet","Montjovet",2025-10-01,1523.05008382208,382.98534151498,696.241179852193,1155.57425610184,2070.28435008127,3154.15330632433
"high_tourism","montjovet","Montjovet",2025-11-01,7870.28836479264,1560.23699430492,3172.78004687894,5280.94240491212,8302.10372280358,23893.9192690422
"high_tourism","montjovet","Montjovet",2025-12-01,24262.2175423,3539.76257844441,9885.19499554158,14052.8931208805,26001.2249307544,68431.0405971456
"high_tourism","montjovet","Montjovet",2026-01-01,16385.2077223352,1374.95430858997,4223.40421104893,9483.86192396105,14965.3756163299,52806.4970099834
"high_tourism","montjovet","Montjovet",2026-02-01,13348.480750099,1005.56718682332,4073.62272638459,10392.8120793918,19608.439852424,37712.11477227
"high_tourism","montjovet","Montjovet",2026-03-01,7456.65790473469,869.601003677427,2381.82042833904,4510.3098099631,9101.16865391229,18560.8616123756
"high_tourism","montjovet","Montjovet",2026-04-01,2972.73905233814,634.26544946688,1329.23879219711,2302.17450512462,3701.8190772392,7878.4603225169
"high_tourism","montjovet","Montjovet",2026-05-01,2397.57515215049,290.016954951167,998.13795600389,1692.50103236832,2978.39058422589,6987.68325583219
"high_tourism","montjovet","Montjovet",2026-06-01,2414.97511683128,476.697860723221,958.73763288429,1819.62744050705,3221.37923702347,5862.21489279317
"high_tourism","montjovet","Montjovet",2026-07-01,5612.22241459218,624.119880643103,1474.9852261211,3314.01765937545,6920.31442688048,14954.0013931067
"high_tourism","montjovet","Montjovet",2026-08-01,5159.8794573773,390.619004561306,1964.08971700817,3506.97176472629,7596.03460652131,12714.3279972103
"high_tourism","montjovet","Montjovet",2026-09-01,4294.58022877847,606.131120188472,1319.58785322291,3078.3699507533,5473.43505961175,13549.1468726148
"high_tourism","morgex","Morgex",2025-10-01,1136.9188741489,173.247704828368,381.441746664855,793.929867589212,1342.00391242204,3696.93972247324
"high_tourism","morgex","Morgex",2025-11-01,2020.24690570298,217.28696507715,810.132490957251,1344.65934785328,2305.3021662386,6297.67276921371
"high_tourism","morgex","Morgex",2025-12-01,4650.51908952798,497.049696051306,1585.73835848896,3475.952771105,6144.62048194397,13497.8735126624
"high_tourism","morgex","Morgex",2026-01-01,2270.86722668174,245.331668151669,929.810257170128,1742.39295442558,2931.9797262452,7406.66952722266
"high_tourism","morgex","Morgex",2026-02-01,1993.63450250493,274.477692225955,795.7952914161,1333.03512649465,2876.8504101735,5577.47741596335
"high_tourism","morgex","Morgex",2026-03-01,987.736037309557,140.403923385806,250.459040287422,612.703322645598,1203.68465948306,2978.899802102
"high_tourism","morgex","Morgex",2026-04-01,441.365020352185,50.8510475411764,150.203939855221,301.246666929694,499.729985685774,1339.5912327387
"high_tourism","morgex","Morgex",2026-05-01,201.131648568472,24.6718677187067,59.2819151359098,143.487430264639,205.921985444198,409.395625066361
"high_tourism","morgex","Morgex",2026-06-01,202.749924184224,34.6219114755192,65.3523259057319,116.811364075848,239.130932923362,650.484409015192
"high_tourism","morgex","Morgex",2026-07-01,332.904969849693,51.7106434535528,110.776909286955,227.001191650391,406.608709487413,1125.11892380863
"high_tourism","morgex","Morgex",2026-08-01,517.179791325792,83.7929997000655,127.405500220069,261.532837383699,496.721605151347,1382.95770990087
"high_tourism","morgex","Morgex",2026-09-01,514.259299217362,63.0866168836226,148.927143419034,265.969354160898,555.647093240486,1904.0574199553
"high_tourism","nus","Nus",2025-10-01,1043.25546472736,216.867402197285,431.213211296144,799.886178632119,1290.4376462088,3152.50913488586
"high_tourism","nus","Nus",2025-11-01,2730.79697138564,420.551453903963,1068.57490160517,1975.19753447133,2860.2440617043,7725.32995812283
"high_tourism","nus","Nus",2025-12-01,5307.00423611751,890.74733498189,2219.39998644243,3745.41617947926,7058.9657731636,16190.4086475184
"high_tourism","nus","Nus",2026-01-01,3418.98098268861,536.260761793468,1066.2340688221,1965.2080314005,3234.90546089603,11103.0722489678
"high_tourism","nus","Nus",2026-02-01,2743.94306628726,302.640729540735,927.800371065814,1715.25549888805,2691.72194001265,5356.90203089638
"high_tourism","nus","Nus",2026-03-01,1461.53119315397,181.998417865494,394.197371747166,896.587061815139,1708.57049207359,3844.72676135725
"high_tourism","nus","Nus",2026-04-01,656.879676287037,61.6371999964294,232.987736993585,374.360693098803,637.075965622904,2423.44920401743
"high_tourism","nus","Nus",2026-05-01,394.731420439513,67.8718247284687,154.97669711104,264.478078954418,553.77806111779,1048.98852054862
"high_tourism","nus","Nus",2026-06-01,299.322655253699,29.6173782954267,105.121464737975,213.211481526726,384.465611268589,794.34627720326
"high_tourism","nus","Nus",2026-07-01,782.094468188273,104.821853057385,247.350470303234,487.821502789921,825.337983182722,1911.75706857644
"high_tourism","nus","Nus",2026-08-01,885.30180678976,98.8918708312551,277.446112360831,549.237393625095,1123.7951224448,2022.3270840403
"high_tourism","nus","Nus",2026-09-01,958.511703633434,143.518111835258,460.798880985186,613.000043475407,1145.88563121055,2309.05327180198
"high_tourism","ollomont","Ollomont",2025-10-01,67.7231745692583,13.944516756109,34.3470803917876,43.9609139307488,93.4992583132072,163.706734820048
"high_tourism","ollomont","Ollomont",2025-11-01,186.488483452237,26.457440376988,68.8039052717461,116.840226724156,205.557685237096,562.721455482191
"high_tourism","ollomont","Ollomont",2025-12-01,653.26048630686,96.2333370976274,241.40973605453,400.802802243984,714.535020210506,1972.2737372664
"high_tourism","ollomont","Ollomont",2026-01-01,397.48389905727,28.3654548397681,148.745630806478,216.816276159854,440.33962440597,1434.22624647893
"high_tourism","ollomont","Ollomont",2026-02-01,273.749013141538,42.0086973953586,85.5178745099816,188.203512781368,341.626994123451,876.656615531959
"high_tourism","ollomont","Ollomont",2026-03-01,109.798641147776,22.3059619790268,42.0823166373655,71.1524125409008,109.47861006222,352.712040331157
"high_tourism","ollomont","Ollomont",2026-04-01,40.5425143168569,5.34511716393191,12.4317790306746,25.2520648775179,51.6794677472733,118.080506652267
"high_tourism","ollomont","Ollomont",2026-05-01,30.0928783769298,3.21772109585117,10.0082190773411,21.9170045133845,36.3409806560877,95.3353889154198
"high_tourism","ollomont","Ollomont",2026-06-01,25.0785849100563,3.99202589032747,7.11309018636507,15.6478908874121,36.6276109303505,69.6567749266698
"high_tourism","ollomont","Ollomont",2026-07-01,62.4081480066743,8.40467283030953,19.7825861436889,45.2386934558727,79.9205834528436,193.334521952986
"high_tourism","ollomont","Ollomont",2026-08-01,157.429264835201,15.4022515001549,44.3458964665006,94.7291376445106,233.405654447007,451.299295535836
"high_tourism","ollomont","Ollomont",2026-09-01,141.213907672636,22.9129014548094,41.7130387559448,105.355722060866,167.419452405001,485.729454946447
"high_tourism","oyace","Oyace",2025-10-01,15.4445137869536,3.46307620200202,7.52565552447023,13.8535012428681,19.8524192895861,33.3355351402989
"high_tourism","oyace","Oyace",2025-11-01,58.6912506038267,10.6253658654746,23.459635379583,43.9463373075722,80.4860284808226,157.806102252425
"high_tourism","oyace","Oyace",2025-12-01,225.802116249679,30.7806174183907,95.0495858758995,130.040090651536,224.791482615814,618.658344585122
"high_tourism","oyace","Oyace",2026-01-01,127.562926576541,19.4605416767904,41.9276208929891,76.3713727557525,163.64842032209,383.327408416931
"high_tourism","oyace","Oyace",2026-02-01,135.424781336737,29.8792556856046,62.438328355897,101.856628017232,161.828811611185,363.708480766607
"high_tourism","oyace","Oyace",2026-03-01,48.3352470824819,11.9297589204983,23.2825129422323,41.5425380888816,59.6399356007353,107.651175104489
"high_tourism","oyace","Oyace",2026-04-01,27.3628894371166,3.71151034322336,10.1092335751437,19.4217701739556,29.3433175271857,98.5724080025122
"high_tourism","oyace","Oyace",2026-05-01,16.6000914701491,1.30596704929632,6.5334707874981,10.996836060205,18.8186542454998,40.7186618557544
"high_tourism","oyace","Oyace",2026-06-01,19.8964175627978,3.28445992418947,7.27368322653616,13.3047530495414,23.0394883919869,58.4454585747823
"high_tourism","oyace","Oyace",2026-07-01,39.7635998020712,5.84723330567157,12.4919323520096,23.829859514048,54.8598887492337,107.449909260933
"high_tourism","oyace","Oyace",2026-08-01,64.222369252746,6.78067985015212,19.6009450021377,52.0426334864428,77.0608565290305,152.116349502856
"high_tourism","oyace","Oyace",2026-09-01,79.9893715140583,4.72464098006846,24.4548810060892,36.3534743322959,83.9844803880292,242.151610403859
"high_tourism","perloz","Perloz",2025-10-01,220.150702427177,54.4039635796877,102.310919538686,179.903402671015,293.311814171651,516.405750742212
"high_tourism","perloz","Perloz",2025-11-01,1011.52745948379,119.615966352633,323.161383337287,600.368498110867,1267.20120355142,3558.66506745394
"high_tourism","perloz","Perloz",2025-12-01,2768.86395166245,440.729394931266,770.448565115508,1728.0902599339,3552.58692907862,9447.80505035114
"high_tourism","perloz","Perloz",2026-01-01,1747.88546215454,223.566771061301,591.454936899913,1219.19380878566,2183.76483442724,5179.23517911766
"high_tourism","perloz","Perloz",2026-02-01,1521.85096266737,184.949547729517,501.534192518835,1282.86060677272,1975.50632070065,3664.18696330323
"high_tourism","perloz","Perloz",2026-03-01,951.828472870489,90.1537485586688,275.414581855147,480.312310780707,1072.69690367223,3328.59828769908
"high_tourism","perloz","Perloz",2026-04-01,347.675610076649,42.2805012675253,113.111001941727,262.716538415231,474.213693714916,930.123686309322
"high_tourism","perloz","Perloz",2026-05-01,296.518345699291,31.6559042427362,66.4970139665014,155.84373548451,334.16412507928,850.733130927252
"high_tourism","perloz","Perloz",2026-06-01,349.966340729125,27.8958469442738,86.3346945841874,155.915061703559,272.677840687149,634.777709174852
"high_tourism","perloz","Perloz",2026-07-01,530.027666129439,36.5379486355368,160.640838609392,295.610928555729,580.171100242606,1949.56064820096
"high_tourism","perloz","Perloz",2026-08-01,604.765042019942,77.0305339596161,185.827709372563,359.384143729089,642.793679555738,2090.41821254949
"high_tourism","perloz","Perloz",2026-09-01,416.542372983382,52.7435102130395,137.601554130125,253.37252038342,538.952391222067,1216.15287599077
"high_tourism","pollein","Pollein",2025-10-01,4123.67094276981,691.334956670056,1848.68025219271,3161.28076034498,5202.53135268287,9322.76158488258
"high_tourism","pollein","Pollein",2025-11-01,10196.3088629534,1117.66016654708,3335.55542769117,7487.67302227969,12153.7491776237,32757.427029839
"high_tourism","pollein","Pollein",2025-12-01,20819.1920387054,3131.89863437855,6085.98786065413,10685.1380098678,23044.1488145225,59956.6085231216
"high_tourism","pollein","Pollein",2026-01-01,8003.25876068179,1563.76997405707,3149.25569666122,6522.28532838109,9587.91649624844,21218.3523980691
"high_tourism","pollein","Pollein",2026-02-01,8769.36839436677,1626.05877199337,3602.15768043256,6421.6535847624,9747.01582996607,26041.3565205937
"high_tourism","pollein","Pollein",2026-03-01,4635.68363861159,959.515136379013,1812.09518883338,3127.16048805493,6958.21540791205,12053.1375136474
"high_tourism","pollein","Pollein",2026-04-01,2252.90645159481,305.71924199854,704.254644695845,1446.05622299297,2896.28999448315,6423.76239595866
"high_tourism","pollein","Pollein",2026-05-01,1169.18303223331,153.412181563402,445.992875292177,873.390470333813,1472.14367861015,2687.96092557662
"high_tourism","pollein","Pollein",2026-06-01,1286.55014145068,191.913576847165,498.753223684025,909.782604832195,1810.6800384555,4035.86943170271
"high_tourism","pollein","Pollein",2026-07-01,1948.90729381721,295.499120111515,726.692124865612,1102.41312230188,2228.61854113268,6373.36557614274
"high_tourism","pollein","Pollein",2026-08-01,2149.97045164534,415.5536317975,845.206203124845,1383.30105798584,2558.49896106128,6098.68682156912
"high_tourism","pollein","Pollein",2026-09-01,1733.92856882104,226.969601836678,669.889244817579,1245.00332755912,2263.66866063958,5199.44878226206
"high_tourism","pont saint martin","Pont-Saint-Martin",2025-10-01,1532.69444150494,383.470958217677,763.443260988383,1307.39270954181,1972.03009541239,3607.97956277549
"high_tourism","pont saint martin","Pont-Saint-Martin",2025-11-01,3839.02553967149,1039.14999875988,1448.71082647189,3056.95262576651,4913.42224977892,9970.51715513449
"high_tourism","pont saint martin","Pont-Saint-Martin",2025-12-01,11963.9406245582,1869.47501870094,4304.71798590927,8966.36182740732,16154.5809015933,33689.7995791642
"high_tourism","pont saint martin","Pont-Saint-Martin",2026-01-01,6232.76997105628,1825.819428947,3054.44563485461,5212.99606894091,8115.33146895986,12691.3271687833
"high_tourism","pont saint martin","Pont-Saint-Martin",2026-02-01,7025.19043454066,806.768024467581,1860.62309918439,4501.09913918474,8897.13216281173,17359.5519439743
"high_tourism","pont saint martin","Pont-Saint-Martin",2026-03-01,3992.09651958964,230.593458465623,1244.68590966076,2416.67620621334,5082.57586676622,12391.4680666307
"high_tourism","pont saint martin","Pont-Saint-Martin",2026-04-01,1987.36764564346,271.688456021224,640.03200954292,1140.66866113397,2734.87181357457,6988.67846348143
"high_tourism","pont saint martin","Pont-Saint-Martin",2026-05-01,1308.59211803959,186.447799835109,374.165682362692,793.500533280668,1955.71924547527,3487.20485323896
"high_tourism","pont saint martin","Pont-Saint-Martin",2026-06-01,1748.94811629662,203.47917655628,582.417361890204,1048.33151549485,1839.9102800773,4183.35719500935
"high_tourism","pont saint martin","Pont-Saint-Martin",2026-07-01,2472.59047243468,286.641393205507,727.538060587554,1395.80923875676,2476.63162717374,8644.5365049098
"high_tourism","pont saint martin","Pont-Saint-Martin",2026-08-01,3176.09896606143,366.848308715353,648.899321775074,1215.47476528946,2173.82447731647,5051.40355148618
"high_tourism","pont saint martin","Pont-Saint-Martin",2026-09-01,2422.43701005069,348.698869181261,706.211359432138,1371.33215884635,2312.12360374998,7245.77909862499
"high_tourism","pontboset","Pontboset",2025-10-01,315.878641124634,56.8576284647021,128.893753953177,267.079076143223,465.140958532379,740.829599771387
"high_tourism","pontboset","Pontboset",2025-11-01,841.208384558949,75.7964308421295,240.651889282731,454.83701305491,957.512840355577,3346.31418258947
"high_tourism","pontboset","Pontboset",2025-12-01,2103.72358424608,272.985467191252,670.675537443418,1279.6119598809,2464.77983660592,6852.38562670381
"high_tourism","pontboset","Pontboset",2026-01-01,1045.00996535581,142.110346976645,438.080847426048,801.715426812243,1392.95793873337,2499.36025051541
"high_tourism","pontboset","Pontboset",2026-02-01,1095.3877803272,141.997430932538,368.538826164183,569.40401940048,1290.85927077192,3845.43352769854
"high_tourism","pontboset","Pontboset",2026-03-01,544.539511686854,85.6897500351001,157.349480011172,326.413139510617,680.72319862988,1558.64650473191
"high_tourism","pontboset","Pontboset",2026-04-01,264.685967918005,33.6918910404932,75.9109940319691,155.117692761453,294.076111337791,777.525589493847
"high_tourism","pontboset","Pontboset",2026-05-01,124.613388233571,27.0246376386944,42.6939120738373,84.6426525252303,163.479480842305,374.018395238479
"high_tourism","pontboset","Pontboset",2026-06-01,116.702516225229,17.4851194083329,53.3479356285249,89.8286397149374,170.917556414443,274.101765431538
"high_tourism","pontboset","Pontboset",2026-07-01,296.855814836489,56.4806303384924,116.460124797715,177.959127044729,311.041828054819,663.186420125714
"high_tourism","pontboset","Pontboset",2026-08-01,362.428358472098,50.8570242764914,134.778357614529,241.586530027493,448.675921489525,1095.42998861194
"high_tourism","pontboset","Pontboset",2026-09-01,308.68215414079,58.8912726428377,106.758419733626,191.817519019121,383.699530221197,912.666943113796
"high_tourism","pontey","Pontey",2025-10-01,216.273235548778,36.8037239021932,85.2283885036044,144.171047278478,296.467210610339,655.533063969608
"high_tourism","pontey","Pontey",2025-11-01,1116.16731620079,161.36255871373,426.193574549267,624.655981914125,1370.1052314192,3239.871957772
"high_tourism","pontey","Pontey",2025-12-01,3967.36396150435,785.757534584368,1352.35390012109,2655.40448160261,4122.38303776358,11519.9263833215
"high_tourism","pontey","Pontey",2026-01-01,2957.45177040574,267.858634639731,848.113797409752,1765.130150311,2430.61658274563,7261.94721994837
"high_tourism","pontey","Pontey",2026-02-01,2415.29285517639,467.361014926854,954.459492812548,1513.71526397349,2450.21986612636,6357.50572683416
"high_tourism","pontey","Pontey",2026-03-01,1159.84264600755,195.022585134604,418.741607594012,808.388727554263,1322.11161077496,3493.13915851303
"high_tourism","pontey","Pontey",2026-04-01,846.451064981426,77.6096334735745,229.030175738642,399.419622124499,980.797540781397,3182.49520265175
"high_tourism","pontey","Pontey",2026-05-01,485.195354601305,69.671524403325,154.881852720522,296.590191966019,567.990730993098,1485.1740442911
"high_tourism","pontey","Pontey",2026-06-01,388.675532984128,37.8181727133258,94.9316904012494,271.572038085657,486.822849699118,1182.61697175978
"high_tourism","pontey","Pontey",2026-07-01,755.598301572722,143.935958266117,286.542075585994,428.757494184931,910.522079733149,2211.48584801142
"high_tourism","pontey","Pontey",2026-08-01,1751.71027156885,129.364061595513,297.327513417089,531.166238393809,1101.97270186491,7490.02643300381
"high_tourism","pontey","Pontey",2026-09-01,817.292955987174,92.5455782538114,199.644219908051,534.375659272907,1264.34338456537,2068.18431811094
"high_tourism","pre saint didier","Pré-Saint-Didier",2025-10-01,2412.17449169093,537.267210384674,907.572311440273,1380.65095768552,2131.72056683574,9088.79351062906
"high_tourism","pre saint didier","Pré-Saint-Didier",2025-11-01,3590.42655295903,556.034804033361,1283.9345344549,1994.59904111263,5341.36699290134,10960.837844194
"high_tourism","pre saint didier","Pré-Saint-Didier",2025-12-01,7552.9222633449,913.081132785303,2416.29866174002,5217.49689126749,9253.03960073613,25173.5667375301
"high_tourism","pre saint didier","Pré-Saint-Didier",2026-01-01,4868.01341437016,435.148230286681,1082.74908822976,2558.27508046203,6472.60234805263,16857.0361433522
"high_tourism","pre saint didier","Pré-Saint-Didier",2026-02-01,3477.42013937809,558.421942374145,1284.47439497314,1811.79808199751,4110.21462775645,9844.75168802782
"high_tourism","pre saint didier","Pré-Saint-Didier",2026-03-01,1158.63490352585,292.286840485718,464.889918205164,830.445404415744,1449.47217922885,2928.58561797526
"high_tourism","pre saint didier","Pré-Saint-Didier",2026-04-01,579.201971067571,112.843748815209,249.979257052,437.460534449895,759.147878693122,1297.15211067999
"high_tourism","pre saint didier","Pré-Saint-Didier",2026-05-01,335.633216532084,63.5410250238174,152.054204327905,249.321368208823,377.618775118472,1082.1240187739
"high_tourism","pre saint didier","Pré-Saint-Didier",2026-06-01,425.441971990133,86.664391606843,174.816073570644,321.537948330452,486.803096344786,1070.10748035585
"high_tourism","pre saint didier","Pré-Saint-Didier",2026-07-01,595.294745838038,87.260515799701,238.597315353766,364.825054710408,782.891165410861,1601.4913430497
"high_tourism","pre saint didier","Pré-Saint-Didier",2026-08-01,521.557333104638,157.494962931208,239.814637184793,389.675550404286,614.48260228955,1683.79725192219
"high_tourism","pre saint didier","Pré-Saint-Didier",2026-09-01,605.302861848058,90.0363793487202,229.556487097274,494.554292066148,806.306063600272,1662.78612266782
"high_tourism","quart","Quart",2025-10-01,895.74411420761,177.828339741224,427.554649964434,742.664569644763,1205.82669590783,2256.546843383
"high_tourism","quart","Quart",2025-11-01,3128.1105851909,544.247617639988,1169.6863679936,2599.21082447086,3992.87672181577,7907.17965903747
"high_tourism","quart","Quart",2025-12-01,5927.04845617665,993.208894176604,2456.32253363899,4542.89271952442,7852.98446538131,14995.0003690035
"high_tourism","quart","Quart",2026-01-01,4658.74047097684,491.534577940861,1301.54686169572,2978.12167776994,6188.61253159285,13156.0340919949
"high_tourism","quart","Quart",2026-02-01,3235.69527276786,447.480415261793,1447.5703374207,2490.89761744009,4020.89695869342,7653.42246432488
"high_tourism","quart","Quart",2026-03-01,2174.93088936039,361.058090727376,567.074486888388,1145.51301911567,2924.27931850349,6091.65355314568
"high_tourism","quart","Quart",2026-04-01,1237.07413012372,192.797560796204,504.424476266654,875.134629084385,1710.91100260372,3634.57932593709
"high_tourism","quart","Quart",2026-05-01,820.240982424496,107.699304854403,287.284228054842,609.50567696316,978.956908818963,2442.66700663433
"high_tourism","quart","Quart",2026-06-01,534.872080175665,89.3245839931555,269.258053856016,365.992887294506,497.760828158871,1623.29443873392
"high_tourism","quart","Quart",2026-07-01,1012.41881198093,155.989927901855,297.322412855102,532.343009721388,1015.85081570107,3064.1744378412
"high_tourism","quart","Quart",2026-08-01,1659.92032111206,157.340064453748,481.485367796623,811.54887571219,1582.02836155958,3296.37635935382
"high_tourism","quart","Quart",2026-09-01,1062.5173160978,138.940877265755,365.071886504839,715.70398688546,1312.57849374798,3028.48259786689
"high_tourism","rhemes notre dame","Rhêmes-Notre-Dame",2025-10-01,286.055026066013,70.3445856459583,148.457915616258,231.139733499156,343.94871639915,753.89855325151
"high_tourism","rhemes notre dame","Rhêmes-Notre-Dame",2025-11-01,622.238321011597,85.1496253799236,191.712455255801,399.324450836269,649.101700791706,1570.47330873989
"high_tourism","rhemes notre dame","Rhêmes-Notre-Dame",2025-12-01,1354.27075126247,220.052358210766,542.038518753129,1056.68960336519,1831.88898045374,3411.6475925816
"high_tourism","rhemes notre dame","Rhêmes-Notre-Dame",2026-01-01,1017.20036444307,135.90762689719,367.502922759274,617.963551274959,1107.87000409085,3217.97000547154
"high_tourism","rhemes notre dame","Rhêmes-Notre-Dame",2026-02-01,851.193487786368,230.643335348328,333.408822085197,657.49311111383,967.222243661898,2127.92510421654
"high_tourism","rhemes notre dame","Rhêmes-Notre-Dame",2026-03-01,446.685152470076,50.8068408311764,155.274071547158,332.543494101064,575.520686922407,1238.85186232297
"high_tourism","rhemes notre dame","Rhêmes-Notre-Dame",2026-04-01,168.744892400296,23.9326008701344,88.358907134741,132.631769936433,210.373313969823,475.419068518624
"high_tourism","rhemes notre dame","Rhêmes-Notre-Dame",2026-05-01,91.5648621805084,12.43483264318,34.047705746854,53.4243763108178,92.4900896079204,314.510843963983
"high_tourism","rhemes notre dame","Rhêmes-Notre-Dame",2026-06-01,81.2763374621715,9.37393667384062,24.4118301437136,48.8268524715408,107.838020253488,247.779287588
"high_tourism","rhemes notre dame","Rhêmes-Notre-Dame",2026-07-01,129.194730526276,8.0272501323328,42.7498031587861,93.7697851760889,181.049732199608,359.994724333936
"high_tourism","rhemes notre dame","Rhêmes-Notre-Dame",2026-08-01,169.347907934276,18.9140100743113,60.6528233298836,101.638953980341,197.735429108047,431.552014933639
"high_tourism","rhemes notre dame","Rhêmes-Notre-Dame",2026-09-01,166.637413979592,34.4744579567939,60.9147274663391,122.359478686883,223.1025779107,454.613724750707
"high_tourism","rhemes saint georges","Rhêmes-Saint-Georges",2025-10-01,80.5772915543716,15.8999520591667,34.8629280669506,53.1401233892677,109.958229499257,207.611743628574
"high_tourism","rhemes saint georges","Rhêmes-Saint-Georges",2025-11-01,265.286748339568,35.0881049681898,80.7665218084985,154.891437271214,240.266588955293,961.582893797401
"high_tourism","rhemes saint georges","Rhêmes-Saint-Georges",2025-12-01,860.069230697223,106.712830470332,286.945996179082,476.593831614902,936.013385822253,3482.62459339407
"high_tourism","rhemes saint georges","Rhêmes-Saint-Georges",2026-01-01,589.561812010275,50.223978842909,182.922764985026,371.422389904856,619.782074958375,2233.95619382339
"high_tourism","rhemes saint georges","Rhêmes-Saint-Georges",2026-02-01,428.660910503372,62.0415572130768,173.970899886379,321.22289519664,520.941571718474,1122.68517725236
"high_tourism","rhemes saint georges","Rhêmes-Saint-Georges",2026-03-01,256.643550079496,33.7942480240492,74.9101977666565,163.921895201975,301.166377941075,651.718467907615
"high_tourism","rhemes saint georges","Rhêmes-Saint-Georges",2026-04-01,67.230106995112,7.74278108222553,15.2987822110361,38.3338790756771,92.9513600366236,234.01697745181
"high_tourism","rhemes saint georges","Rhêmes-Saint-Georges",2026-05-01,46.7013290447058,6.73459997077785,13.6161034157149,34.1610261373476,64.6350736022399,124.975301942122
"high_tourism","rhemes saint georges","Rhêmes-Saint-Georges",2026-06-01,69.4299545148588,9.09669226390506,23.840045622294,50.888964973205,87.3828550905001,204.35401310381
"high_tourism","rhemes saint georges","Rhêmes-Saint-Georges",2026-07-01,142.054041545542,23.8432592781398,52.5216054223844,90.9586912665623,148.893792964065,530.296548073397
"high_tourism","rhemes saint georges","Rhêmes-Saint-Georges",2026-08-01,251.439126803573,33.5094670946528,89.7040104300785,144.764491594677,320.62127881146,882.29619966605
"high_tourism","rhemes saint georges","Rhêmes-Saint-Georges",2026-09-01,130.266795451024,22.0262336972323,48.6156463524642,84.025382535654,127.582782545665,428.091912985615
"high_tourism","roisan","Roisan",2025-10-01,473.268828307034,113.043864377422,206.160789293993,359.246365284606,593.062027877743,1180.40070396958
"high_tourism","roisan","Roisan",2025-11-01,2243.51076699327,349.622472021559,875.556969454493,1410.38247099594,2974.2292087017,7046.325880611
"high_tourism","roisan","Roisan",2025-12-01,5799.4444366509,1312.08640168127,2167.18649476895,3861.86685663802,7166.46860725176,13652.5284349018
"high_tourism","roisan","Roisan",2026-01-01,3405.81598703653,502.366643313179,1369.30940316855,2313.06681432005,4331.79273114287,9385.97036450282
"high_tourism","roisan","Roisan",2026-02-01,3480.51416396788,550.658968141036,1344.06167525558,2358.35471355686,4169.63291706224,10618.5109423957
"high_tourism","roisan","Roisan",2026-03-01,1619.68610449742,225.414341384159,395.78620960423,1069.99082941305,2180.25713103321,4413.33688489358
"high_tourism","roisan","Roisan",2026-04-01,1010.48091343503,155.442271000956,327.508434662916,474.086712530555,1100.24452126551,3014.37971296615
"high_tourism","roisan","Roisan",2026-05-01,469.393683848883,78.8722640217,206.179817124824,389.970054937433,521.846924372188,1261.97759307535
"high_tourism","roisan","Roisan",2026-06-01,596.524713271791,80.2747549235664,156.269279672146,428.153536297229,827.54355841309,1723.1153189438
"high_tourism","roisan","Roisan",2026-07-01,990.848380750761,186.867911698299,329.167575342627,601.013240767243,1072.53945502447,3087.71718579144
"high_tourism","roisan","Roisan",2026-08-01,1181.76011501264,248.342623703876,549.702881907474,852.744175356479,1457.87054120505,3050.76988463498
"high_tourism","roisan","Roisan",2026-09-01,1163.28152834474,156.450846460035,418.783076090156,732.119614856842,1460.46150509657,2947.98223650265
"high_tourism","saint christophe","Saint-Christophe",2025-10-01,1731.28561550459,280.688046643976,565.393345076759,810.746941088699,2410.65438436589,5314.40977341391
"high_tourism","saint christophe","Saint-Christophe",2025-11-01,7532.1834404129,603.218837997757,1767.23386818229,4191.58252637237,8365.89802906357,19563.2700578302
"high_tourism","saint christophe","Saint-Christophe",2025-12-01,16860.3503614715,1946.12714185202,5201.45012600081,10849.1795323332,22548.8861578366,48110.1016676583
"high_tourism","saint christophe","Saint-Christophe",2026-01-01,13184.1456545882,2104.63906377836,4740.65595311055,9676.40384450959,15935.5569293087,38608.57317127
"high_tourism","saint christophe","Saint-Christophe",2026-02-01,13562.4021472153,2705.72048905969,4037.01716377151,8142.94411883571,17829.7815442486,42097.4592340572
"high_tourism","saint christophe","Saint-Christophe",2026-03-01,4805.80969858407,771.334700599861,1778.73404462191,2688.18069233618,7288.8367790647,13327.9658354865
"high_tourism","saint christophe","Saint-Christophe",2026-04-01,2225.00445209274,328.621084899434,798.978606303451,1626.54558031878,3146.42196023653,5801.33119163606
"high_tourism","saint christophe","Saint-Christophe",2026-05-01,1597.40030568377,232.346817027343,515.806257535076,990.242897704203,2380.16968473031,4550.1344388489
"high_tourism","saint christophe","Saint-Christophe",2026-06-01,1533.19715516855,236.163782284326,552.693371213779,1068.4475527611,1912.00836983417,3587.73192476102
"high_tourism","saint christophe","Saint-Christophe",2026-07-01,2102.855895593,370.217701341811,689.791604862964,1302.94920574685,2893.3992006138,6953.78789358762
"high_tourism","saint christophe","Saint-Christophe",2026-08-01,2399.31817982619,448.632604957609,823.72891137081,1897.39688739924,3100.04120682693,6561.17720280087
"high_tourism","saint christophe","Saint-Christophe",2026-09-01,2474.24162976763,315.600341494054,690.700969254933,1425.65774612341,2981.14630269046,7256.64225161601
"high_tourism","saint denis","Saint-Denis",2025-10-01,87.314176726004,13.161773909659,33.0520012304924,59.3235375218641,108.712660652451,249.618097889808
"high_tourism","saint denis","Saint-Denis",2025-11-01,620.29899128777,122.708940074226,236.130410232297,451.903085004722,758.48493615563,1837.39205987502
"high_tourism","saint denis","Saint-Denis",2025-12-01,3128.69504965293,305.119637257738,1122.33413554442,2020.33786475696,4340.43450726677,9536.61150132649
"high_tourism","saint denis","Saint-Denis",2026-01-01,3145.18092229584,498.237789579677,714.409403884158,1219.80946669651,3084.65999554249,11004.1376486018
"high_tourism","saint denis","Saint-Denis",2026-02-01,4101.02269009102,405.871470627889,1047.03580915492,2420.48081007504,4509.76158596552,13903.8326129688
"high_tourism","saint denis","Saint-Denis",2026-03-01,2359.21838696114,159.927192573943,640.377771632498,1310.79551879063,2241.11684709861,8485.73511124129
"high_tourism","saint denis","Saint-Denis",2026-04-01,1045.30359994246,154.653677674012,369.590152989999,708.004120965833,1285.90317410411,3077.23067008003
"high_tourism","saint denis","Saint-Denis",2026-05-01,535.345425523677,59.1341209085156,219.098281047181,368.218267342165,537.029020708055,1799.53870587285
"high_tourism","saint denis","Saint-Denis",2026-06-01,683.234405185479,111.489428126249,191.556361475162,534.938684602266,901.542531861381,1833.96129426896
"high_tourism","saint denis","Saint-Denis",2026-07-01,1375.01584799961,201.076288916256,473.495348222416,928.99593360643,1276.96287510586,4868.07089207742
"high_tourism","saint denis","Saint-Denis",2026-08-01,1339.46636285886,235.722618319477,581.516152902496,1005.22770513212,1864.64850257922,2850.2251892353
"high_tourism","saint denis","Saint-Denis",2026-09-01,976.440263844214,114.090096176533,345.542541650974,532.77176490628,984.065149172872,2781.79299204179
"high_tourism","saint marcel","Saint-Marcel",2025-10-01,157.564686924245,29.0305700318955,64.4867842256267,103.717331507681,189.397895857681,432.184288485304
"high_tourism","saint marcel","Saint-Marcel",2025-11-01,477.406702895044,79.8240284625632,183.77122697817,271.911065141276,544.147768678021,1430.38797229697
"high_tourism","saint marcel","Saint-Marcel",2025-12-01,977.35231395013,144.893255731173,409.749791391516,549.704113336082,869.77174255576,2726.75937083284
"high_tourism","saint marcel","Saint-Marcel",2026-01-01,575.973233378452,83.9380892212573,218.56296521032,373.689730862813,612.676292876409,1886.23825940667
"high_tourism","saint marcel","Saint-Marcel",2026-02-01,604.895565520322,67.602655489914,164.531138806909,390.147829437071,702.403859430257,1944.18807536653
"high_tourism","saint marcel","Saint-Marcel",2026-03-01,318.124164247049,38.8472194041982,86.6341382844694,134.568987124536,354.84386385159,1125.53552087907
"high_tourism","saint marcel","Saint-Marcel",2026-04-01,137.200799624175,25.5718005757463,45.6911168363045,81.1017631873238,150.959824787473,412.809728710167
"high_tourism","saint marcel","Saint-Marcel",2026-05-01,92.818298214481,12.0576460575547,30.2948053775691,50.7220256416673,102.684821871703,280.391932212019
"high_tourism","saint marcel","Saint-Marcel",2026-06-01,109.990392760182,11.1299268863932,29.0038038551355,74.0797846574026,144.300213238659,350.915431086539
"high_tourism","saint marcel","Saint-Marcel",2026-07-01,176.661082687703,26.0806048502385,47.4132536183745,111.848099336715,235.605737926147,536.725531549547
"high_tourism","saint marcel","Saint-Marcel",2026-08-01,191.142764863153,28.2602167926165,76.4288226922242,136.955865148476,224.644305166749,584.950820271696
"high_tourism","saint marcel","Saint-Marcel",2026-09-01,190.322377240458,24.436525394777,82.5082374195459,120.217498717177,205.476165351211,610.737182368941
"high_tourism","saint nicolas","Saint-Nicolas",2025-10-01,415.528128732145,65.4483201289218,181.196276006022,312.41237771795,563.656076540655,1102.03247637932
"high_tourism","saint nicolas","Saint-Nicolas",2025-11-01,1446.92845468191,124.860487795112,648.193878139113,1268.50107201852,1837.61675558257,3120.32341691537
"high_tourism","saint nicolas","Saint-Nicolas",2025-12-01,3421.0234785274,485.590550652887,1374.55199807033,2218.12434330861,3744.73638827023,8935.7811454174
"high_tourism","saint nicolas","Saint-Nicolas",2026-01-01,1953.04807993549,235.773635180889,690.44622320088,1422.10891761526,2096.12992202784,5994.28927094004
"high_tourism","saint nicolas","Saint-Nicolas",2026-02-01,1634.6341716272,178.231300514126,614.512562665334,1386.26409973579,2504.69995498376,3747.35349397304
"high_tourism","saint nicolas","Saint-Nicolas",2026-03-01,921.650247744242,97.0963571713221,285.350760368597,587.756612211721,1189.76684909165,3300.39498308519
"high_tourism","saint nicolas","Saint-Nicolas",2026-04-01,370.113443577044,56.8374371019312,146.982123738031,270.038205023721,430.40198922967,1008.46893266711
"high_tourism","saint nicolas","Saint-Nicolas",2026-05-01,176.43691993019,34.5420879419538,64.4345387897104,122.659281241877,258.327830492006,390.265715507584
"high_tourism","saint nicolas","Saint-Nicolas",2026-06-01,145.696645110991,21.9175955042334,45.4503128390819,100.901503656067,183.251127436432,424.667702763758
"high_tourism","saint nicolas","Saint-Nicolas",2026-07-01,249.281589770188,33.4520429501898,73.5252356896963,146.361425179166,338.254104364587,685.83564527515
"high_tourism","saint nicolas","Saint-Nicolas",2026-08-01,336.967829470819,52.998999331536,155.612123307444,236.694587729151,450.233819978522,1007.26904421975
"high_tourism","saint nicolas","Saint-Nicolas",2026-09-01,443.039051774258,62.0660385938434,132.559055510219,306.416722936123,568.722605385171,1356.84139038303
"high_tourism","saint oyen","Saint-Oyen",2025-10-01,290.896015553629,66.6965521359871,111.496496327234,234.728142749792,349.214759887762,744.358013143512
"high_tourism","saint oyen","Saint-Oyen",2025-11-01,750.660783617002,97.4070827711051,241.103587373356,445.050661059221,828.912149144529,2439.37926886495
"high_tourism","saint oyen","Saint-Oyen",2025-12-01,1673.63390549194,244.20411263097,384.450179358791,1034.20296908959,2085.85990387234,5547.03934372254
"high_tourism","saint oyen","Saint-Oyen",2026-01-01,942.947035702122,142.419702714654,360.613277215315,677.104481267249,1073.52585673019,2287.83592419629
"high_tourism","saint oyen","Saint-Oyen",2026-02-01,704.322038362786,94.2630309953138,224.915332945412,494.638808394073,943.428020640335,1852.90903510421
"high_tourism","saint oyen","Saint-Oyen",2026-03-01,428.551921794701,72.9688449950278,156.009559236796,274.749647154176,684.008087803157,1162.78213080447
"high_tourism","saint oyen","Saint-Oyen",2026-04-01,222.983295504453,36.3312768900784,79.0910537077926,127.798766329638,229.866581322058,750.061300065455
"high_tourism","saint oyen","Saint-Oyen",2026-05-01,154.468245449388,17.0735518588409,37.1870164736508,95.9436356426808,150.512666279635,533.758113236991
"high_tourism","saint oyen","Saint-Oyen",2026-06-01,133.753988756612,13.4487738659133,35.7738506561814,77.7453247047568,148.208185054731,341.004873809926
"high_tourism","saint oyen","Saint-Oyen",2026-07-01,178.554703503999,40.1156932435176,81.7023928805798,143.366133670865,236.921277180596,483.577804444972
"high_tourism","saint oyen","Saint-Oyen",2026-08-01,251.974667042099,37.7270980547819,94.5707919053609,197.733504397265,313.498316355589,745.526704694296
"high_tourism","saint oyen","Saint-Oyen",2026-09-01,226.411918634195,35.7195089026234,86.8891676314155,146.156469839892,277.09041277239,754.934209504089
"high_tourism","saint pierre","Saint-Pierre",2025-10-01,1176.87754572805,216.144402130829,545.527976923824,863.505689468399,1784.42551026975,2568.42693697103
"high_tourism","saint pierre","Saint-Pierre",2025-11-01,3167.20451611137,687.053623416553,1372.27261279886,2634.48831562259,3899.90653389417,7060.12426603304
"high_tourism","saint pierre","Saint-Pierre",2025-12-01,8091.74689853407,1497.31857082115,2585.91065461542,5468.56972190447,10005.1586076166,25541.793455968
"high_tourism","saint pierre","Saint-Pierre",2026-01-01,4704.04507699591,507.400222000908,1700.57443225546,3734.34615704775,5325.55808592699,17054.2813620646
"high_tourism","saint pierre","Saint-Pierre",2026-02-01,5187.27211457388,496.286888840163,1151.50633804069,2150.41307337328,3316.70143501382,23837.2072594499
"high_tourism","saint pierre","Saint-Pierre",2026-03-01,2179.21829322963,240.33138603785,639.599422890165,1069.39702369288,2085.2189147182,7542.97191806905
"high_tourism","saint pierre","Saint-Pierre",2026-04-01,922.386840845571,113.170059486189,305.844031145122,653.119701776184,1129.70828693635,2544.08656186358
"high_tourism","saint pierre","Saint-Pierre",2026-05-01,542.31376891242,105.140565596431,266.946320722719,384.68835879784,646.178239291194,1433.42282431923
"high_tourism","saint pierre","Saint-Pierre",2026-06-01,725.472355171964,127.252668703938,223.377547716965,433.340451247227,790.602286522686,2653.37174015395
"high_tourism","saint pierre","Saint-Pierre",2026-07-01,950.296262326643,128.102609927697,281.238618300496,582.935402747358,1145.60904136953,2710.775630598
"high_tourism","saint pierre","Saint-Pierre",2026-08-01,1234.91035518429,191.745928103239,379.897612335807,696.99741308156,1260.36545206677,3753.67621181244
"high_tourism","saint pierre","Saint-Pierre",2026-09-01,1249.92239688196,107.881133468263,323.250776439887,705.415951577703,1268.89381361405,4360.23394450718
"high_tourism","saint rhemy en bosses","Saint-Rhémy-en-Bosses",2025-10-01,372.172536961158,111.808220310601,227.05801053237,326.162495121749,465.456888182406,800.237120302074
"high_tourism","saint rhemy en bosses","Saint-Rhémy-en-Bosses",2025-11-01,1222.96932559793,114.654288335462,342.009245994629,522.970927311204,1119.21570077831,3258.90473529124
"high_tourism","saint rhemy en bosses","Saint-Rhémy-en-Bosses",2025-12-01,1300.5572610681,196.208931343682,417.154124909987,980.530642827134,1385.7431144925,4113.40852724958
"high_tourism","saint rhemy en bosses","Saint-Rhémy-en-Bosses",2026-01-01,898.302275137552,141.265623259264,325.257966862526,453.580487331094,1071.2994243616,2989.86435355995
"high_tourism","saint rhemy en bosses","Saint-Rhémy-en-Bosses",2026-02-01,861.535404871185,69.156977845627,370.656905418464,661.116882243528,1176.42949508978,2255.37988738969
"high_tourism","saint rhemy en bosses","Saint-Rhémy-en-Bosses",2026-03-01,386.653609106124,38.7586116713137,146.123720136212,296.954274774259,517.213262032224,1069.14887082675
"high_tourism","saint rhemy en bosses","Saint-Rhémy-en-Bosses",2026-04-01,168.64304294469,21.0736189068543,68.554428137841,91.2355440397714,164.434714040546,418.044540488549
"high_tourism","saint rhemy en bosses","Saint-Rhémy-en-Bosses",2026-05-01,90.5357487905124,8.56247478258046,16.0792690518909,36.2192702642928,91.5831162082868,416.140001284226
"high_tourism","saint rhemy en bosses","Saint-Rhémy-en-Bosses",2026-06-01,73.3075295023021,9.5281206662359,15.544309868305,38.6680372431086,84.6871103500699,303.979166139307
"high_tourism","saint rhemy en bosses","Saint-Rhémy-en-Bosses",2026-07-01,129.613964906507,17.397575260261,39.3768429157934,73.3643186887508,166.937871122441,404.624585246117
"high_tourism","saint rhemy en bosses","Saint-Rhémy-en-Bosses",2026-08-01,230.416151975004,46.5569112966073,110.444688321587,171.352991007309,317.899660630679,544.61735378902
"high_tourism","saint rhemy en bosses","Saint-Rhémy-en-Bosses",2026-09-01,233.6456916509,29.7823404582675,73.4852278594528,150.637707505464,305.138883985491,631.617825188927
"high_tourism","saint vincent","Saint-Vincent",2025-10-01,7505.8404687307,1248.28877460072,2864.86925099106,4963.26010514351,9978.65188202703,19654.5400639675
"high_tourism","saint vincent","Saint-Vincent",2025-11-01,14525.5055891762,1853.19237173103,3927.13908786442,10426.6532969664,19666.3581334816,32652.8245885608
"high_tourism","saint vincent","Saint-Vincent",2025-12-01,29862.4197660362,4843.02402568982,9891.90444382821,17873.2634201154,37780.52253812,92390.7122320628
"high_tourism","saint vincent","Saint-Vincent",2026-01-01,20219.5937482626,2362.22231983943,5645.16015896005,11163.3244120795,23444.9893790631,63284.8326241549
"high_tourism","saint vincent","Saint-Vincent",2026-02-01,15150.4111822476,3100.91151828496,6074.24694715569,9830.99218049903,19636.9572616494,33621.5391756508
"high_tourism","saint vincent","Saint-Vincent",2026-03-01,7595.85290229785,883.452007989337,1774.28085362429,4450.33192991159,6902.97129894994,31267.6438579387
"high_tourism","saint vincent","Saint-Vincent",2026-04-01,4348.1177483068,732.714162028973,1419.45519002315,2615.17405383413,4782.73624310837,9274.4841808965
"high_tourism","saint vincent","Saint-Vincent",2026-05-01,2389.3849268797,444.070943394154,863.776270242338,1289.67346770874,2466.80984632957,8331.3813508997
"high_tourism","saint vincent","Saint-Vincent",2026-06-01,2181.06115614259,379.188535022135,756.390796698084,1287.79923989295,2152.32364846063,6593.6734444889
"high_tourism","saint vincent","Saint-Vincent",2026-07-01,4064.88443705831,327.353654644866,1254.17043010381,3109.95621921969,4851.59153530987,10820.8470767338
"high_tourism","saint vincent","Saint-Vincent",2026-08-01,4925.31715124926,735.47247958358,1403.59632514328,2427.06513736773,6710.83627022713,18717.5882102905
"high_tourism","saint vincent","Saint-Vincent",2026-09-01,3546.679542336,672.154170327592,1414.94116911638,2406.69733402286,4231.06898173442,9345.63427345024
"high_tourism","sarre","Sarre",2025-10-01,1752.12481274873,409.082651014475,669.079069514012,1214.01233276151,2481.47682517,4258.37008932854
"high_tourism","sarre","Sarre",2025-11-01,3875.15630302416,772.053903102791,1514.44521061325,2525.07942675001,3965.57741601581,9344.38780565251
"high_tourism","sarre","Sarre",2025-12-01,7691.10472042888,1335.16031547395,3337.07430909043,5001.51852403748,9196.95677306086,23814.3511186176
"high_tourism","sarre","Sarre",2026-01-01,3754.48732392767,654.417567336843,1299.36515558095,2011.70197706667,4562.75684691526,11271.9629507102
"high_tourism","sarre","Sarre",2026-02-01,3110.4887923108,627.811425265704,1238.91394558769,1791.50653780575,3668.58567204682,7463.84587661487
"high_tourism","sarre","Sarre",2026-03-01,1247.07225323266,240.809566094935,474.936303106732,937.825630800377,1549.45884682173,3591.65031072334
"high_tourism","sarre","Sarre",2026-04-01,524.899663913894,85.076103167869,201.754680820331,361.258966349946,681.868206196151,1421.7282688259
"high_tourism","sarre","Sarre",2026-05-01,420.370244449534,26.0152252305711,63.112631160608,225.739330893208,572.23002225952,1198.56424539208
"high_tourism","sarre","Sarre",2026-06-01,360.079067299913,48.2120627699193,128.905592279109,262.578531523024,503.332015029498,1013.31555187814
"high_tourism","sarre","Sarre",2026-07-01,639.054699028577,83.069516622064,265.154652899997,443.165072316549,848.378628217496,1709.99666253442
"high_tourism","sarre","Sarre",2026-08-01,1187.35390086763,163.510700240019,401.320672253152,755.932165814885,1125.68237772917,3589.18526360809
"high_tourism","sarre","Sarre",2026-09-01,1184.15633648957,128.793829235861,329.336917298749,597.559833712259,1280.89862029938,4666.75568574507
"high_tourism","torgnon","Torgnon",2025-10-01,425.725447636395,105.703420477957,176.453350978757,342.816344893262,604.15847832356,923.88914483099
"high_tourism","torgnon","Torgnon",2025-11-01,1407.46991975594,147.491490330518,346.572752842839,591.394030401732,1462.71901448302,4645.77229618122
"high_tourism","torgnon","Torgnon",2025-12-01,3452.55815393854,391.750884989277,1527.29560574953,2218.51033363631,3546.9734723164,11394.2322877265
"high_tourism","torgnon","Torgnon",2026-01-01,2556.74892967025,354.782903407393,799.500215156089,1913.87728191247,3032.76448461625,7533.95582833666
"high_tourism","torgnon","Torgnon",2026-02-01,1994.77020497724,298.076516574349,678.63388600239,1475.43387024462,2999.19169586448,4577.4193913341
"high_tourism","torgnon","Torgnon",2026-03-01,1490.32400666544,207.421759137864,425.920171605741,949.558181860266,1813.79840193686,3126.63008070521
"high_tourism","torgnon","Torgnon",2026-04-01,450.752686148528,54.1009201442104,124.113552649566,269.864107760735,524.3253529984,1375.15741715131
"high_tourism","torgnon","Torgnon",2026-05-01,267.534640167072,17.1209656161864,60.0691527837834,123.089834733192,328.705890408589,878.954863676391
"high_tourism","torgnon","Torgnon",2026-06-01,210.280963199869,26.2955125740291,70.1575499465198,142.715665880567,261.328299881492,684.546819404706
"high_tourism","torgnon","Torgnon",2026-07-01,321.480774645489,56.5507558621683,112.756308403319,184.350599748727,502.849921238133,759.757477309527
"high_tourism","torgnon","Torgnon",2026-08-01,463.910026295061,95.5232671106631,200.662019266973,341.640365936371,572.016249503129,1226.07816914901
"high_tourism","torgnon","Torgnon",2026-09-01,421.985110899381,72.2436999564671,144.773272940729,210.490578058345,413.021556059489,1472.21950812533
"high_tourism","valgrisenche","Valgrisenche",2025-10-01,558.538851225351,109.079891750297,288.122437107337,449.166345909696,706.983365216034,1447.85444493247
"high_tourism","valgrisenche","Valgrisenche",2025-11-01,906.340114939281,109.233663687074,303.388332519619,579.376323210804,1261.90976577382,2423.32473692347
"high_tourism","valgrisenche","Valgrisenche",2025-12-01,1561.16468296941,271.856973195235,586.333218264325,1096.74043269537,1487.75640584012,3860.79616912711
"high_tourism","valgrisenche","Valgrisenche",2026-01-01,625.691897299835,145.016808432125,285.732214045587,426.706016313048,845.493380639055,1736.38233271757
"high_tourism","valgrisenche","Valgrisenche",2026-02-01,743.285849891021,98.7161669570037,213.554004992999,472.771162058242,708.971493580328,2529.9186706414
"high_tourism","valgrisenche","Valgrisenche",2026-03-01,374.918870832182,47.6108326271336,113.921163072574,234.652201621237,416.098950393096,1272.40420165679
"high_tourism","valgrisenche","Valgrisenche",2026-04-01,167.529766024557,22.4384277323092,42.6913848890945,92.6806234268379,208.594442420262,414.875703136223
"high_tourism","valgrisenche","Valgrisenche",2026-05-01,72.408892294771,8.92688960078133,25.0955271228553,46.4940421775931,91.2883694632409,228.77924352597
"high_tourism","valgrisenche","Valgrisenche",2026-06-01,64.9262461867745,10.5477020457229,26.0132257730779,44.6699757624867,86.8443765784786,193.602795726458
"high_tourism","valgrisenche","Valgrisenche",2026-07-01,176.576659562082,27.9463539108744,53.221281474916,84.3833491066171,178.691597588681,493.289310645712
"high_tourism","valgrisenche","Valgrisenche",2026-08-01,313.438838109984,58.3800258106119,109.620531523478,217.308107354748,389.342054355295,1013.32361945687
"high_tourism","valgrisenche","Valgrisenche",2026-09-01,246.36886650778,58.6698811482216,133.419456802704,178.435058419691,362.186388427529,583.884513773221
"high_tourism","valpelline","Valpelline",2025-10-01,371.625030327491,85.3155514176327,156.854464072631,282.440192907573,494.213433092828,991.611081747394
"high_tourism","valpelline","Valpelline",2025-11-01,1329.96064238697,257.688381324713,516.068111756532,1002.91804545948,1344.92187867477,4256.64847733307
"high_tourism","valpelline","Valpelline",2025-12-01,2281.45538421314,488.998223838009,752.53420036739,1839.61197211189,3238.35966383132,6868.05050484996
"high_tourism","valpelline","Valpelline",2026-01-01,1090.17796563654,151.642051822508,375.112882441706,748.970444208939,1288.97419836402,2583.0889566475
"high_tourism","valpelline","Valpelline",2026-02-01,1173.79545765028,150.08693774484,405.19810540826,711.248145618102,1199.47984124737,4132.65622518312
"high_tourism","valpelline","Valpelline",2026-03-01,512.827321747725,64.0982106674149,139.521018047832,321.833233226079,654.312145953078,1869.33379309448
"high_tourism","valpelline","Valpelline",2026-04-01,209.518505585961,20.1544921856269,60.6538132339274,125.633513648049,307.448813486701,617.420062076017
"high_tourism","valpelline","Valpelline",2026-05-01,194.288011720545,19.8451581925894,43.2428250523139,103.001934989689,203.692064240271,764.309681777799
"high_tourism","valpelline","Valpelline",2026-06-01,143.160827907647,23.0730712348373,55.3937958639816,111.452771810479,186.209261546816,363.468660813175
"high_tourism","valpelline","Valpelline",2026-07-01,366.050188570805,41.3066447642543,86.8584028499676,244.36467862716,527.221675351346,1236.47016873833
"high_tourism","valpelline","Valpelline",2026-08-01,505.370245242113,54.0837982929305,123.889483473012,317.189342872547,609.801648892243,1598.1358853906
"high_tourism","valpelline","Valpelline",2026-09-01,366.191265523051,58.418120020578,127.725988920556,240.350064255456,456.215770872022,1166.18011716486
"high_tourism","valsavarenche","Valsavarenche",2025-10-01,630.417851614164,110.915076420571,360.596536475108,574.572016897366,899.032457136225,1298.51850543737
"high_tourism","valsavarenche","Valsavarenche",2025-11-01,955.117828589152,155.566931503205,369.738897503957,770.567639254509,1220.9781776983,1943.04899083407
"high_tourism","valsavarenche","Valsavarenche",2025-12-01,1664.85889089051,313.957613552679,622.400352962528,1176.39793921492,2170.32370743925,3943.25295068975
"high_tourism","valsavarenche","Valsavarenche",2026-01-01,565.398773128388,107.794564168438,274.743218636308,432.201611575943,588.355740990416,1340.9536763725
"high_tourism","valsavarenche","Valsavarenche",2026-02-01,600.346595342947,93.0147301947386,269.412471666543,421.273248447674,927.527857226688,1392.79543876975
"high_tourism","valsavarenche","Valsavarenche",2026-03-01,337.314255473772,63.84998941992,123.923549540098,204.766099246086,537.039546080905,950.229797728452
"high_tourism","valsavarenche","Valsavarenche",2026-04-01,335.62594552056,30.1497092810413,63.6072726417636,159.802527154904,286.221368578781,1430.71506070933
"high_tourism","valsavarenche","Valsavarenche",2026-05-01,214.689019538988,19.8341980027259,39.5111791312794,98.0423061546088,191.967707835789,897.679157842756
"high_tourism","valsavarenche","Valsavarenche",2026-06-01,171.716593169013,17.2541641473067,49.2715257560834,105.349680839673,203.135140155941,608.586171236683
"high_tourism","valsavarenche","Valsavarenche",2026-07-01,270.881200305778,31.9306643940543,110.785042141531,228.232328775869,389.94929129402,688.841568192934
"high_tourism","valsavarenche","Valsavarenche",2026-08-01,430.607471914038,43.9052282520548,167.453384601297,268.841527299371,580.109804199952,1233.75006866787
"high_tourism","valsavarenche","Valsavarenche",2026-09-01,396.781723037721,81.0752519849646,136.358058363971,281.452902289234,547.563110057765,1141.7740448773
"high_tourism","valtournenche","Valtournenche",2025-10-01,1666.56963407322,332.534386513724,715.551907853536,1432.47185881842,2051.72966471271,4115.62900521578
"high_tourism","valtournenche","Valtournenche",2025-11-01,3268.61975943899,410.16003350239,1085.53574742638,2786.98463719397,4688.7551210079,6712.83610713205
"high_tourism","valtournenche","Valtournenche",2025-12-01,8248.17792042872,1109.71673395046,2608.59322006539,5234.48163423134,9383.20283078052,29363.0998450707
"high_tourism","valtournenche","Valtournenche",2026-01-01,5561.08281612221,549.106187656124,1347.81340964805,2309.41840629191,5501.39818364853,11644.3024589844
"high_tourism","valtournenche","Valtournenche",2026-02-01,3669.98680771525,472.856577949192,1098.16485678573,2980.31037206408,4305.57380860502,12111.3711183264
"high_tourism","valtournenche","Valtournenche",2026-03-01,2382.93952659389,382.135431666142,896.802841194547,1496.46477037617,2636.10489118061,7501.13651609207
"high_tourism","valtournenche","Valtournenche",2026-04-01,1129.15054768814,192.743632972837,422.010505527413,896.058682543558,1591.42046541244,2847.87671216816
"high_tourism","valtournenche","Valtournenche",2026-05-01,525.599533923817,85.6064797106796,146.872345654884,308.047237125904,658.183967589241,1525.45641778068
"high_tourism","valtournenche","Valtournenche",2026-06-01,291.805820826849,61.7892276353917,137.009286593876,227.092484689098,383.734222713037,680.73364786304
"high_tourism","valtournenche","Valtournenche",2026-07-01,488.324781263241,78.7300941481962,207.616316235238,373.418939364038,553.019658122338,1503.1290084791
"high_tourism","valtournenche","Valtournenche",2026-08-01,748.441791028724,192.216891567523,341.490475861402,550.338191628126,920.111907458525,1883.21144040805
"high_tourism","valtournenche","Valtournenche",2026-09-01,672.291997824552,136.095158789277,318.999481339974,479.303172539971,817.926729141739,1758.16916822834
"high_tourism","verrayes","Verrayes",2025-10-01,714.52090116666,165.284087019582,269.22297806504,470.832523379592,915.554783962552,1703.38452200639
"high_tourism","verrayes","Verrayes",2025-11-01,2466.97729349916,248.878775214175,1028.38119810663,1783.34950354033,2911.91554784762,8150.78594584272
"high_tourism","verrayes","Verrayes",2025-12-01,5862.17670776253,984.57391216619,1991.90155170186,3901.3415481826,7503.11696749442,19055.6363465508
"high_tourism","verrayes","Verrayes",2026-01-01,3502.34717664255,281.292027725848,1102.57468601487,2176.39626775775,4546.66057837499,11402.7185521412
"high_tourism","verrayes","Verrayes",2026-02-01,2755.77346042763,803.833311222379,1490.43299579078,2629.11772323865,3611.86664332912,5904.34715085535
"high_tourism","verrayes","Verrayes",2026-03-01,1590.75408375042,330.262870481221,570.122433079675,991.693143763599,2207.0537197202,4598.10719927521
"high_tourism","verrayes","Verrayes",2026-04-01,892.53163992016,125.322708871557,259.886860694497,466.526958462735,859.426021592207,3244.20394865522
"high_tourism","verrayes","Verrayes",2026-05-01,585.240382495325,66.7255526751727,159.450110831676,274.048721502999,517.556506065963,1735.53724050617
"high_tourism","verrayes","Verrayes",2026-06-01,464.012938558636,76.5123827630492,175.976691814366,272.786683211157,560.703193971673,1319.11582753063
"high_tourism","verrayes","Verrayes",2026-07-01,762.764574872674,116.367418909293,275.343664403344,562.579697579174,957.229281396221,2345.06735699679
"high_tourism","verrayes","Verrayes",2026-08-01,993.589090745451,160.428491240677,299.482564343842,552.433542621443,1073.39995349395,3643.46390577302
"high_tourism","verrayes","Verrayes",2026-09-01,913.013454644378,150.594949031621,396.588666249036,695.042472952279,1254.39130263427,2277.95237977207
"high_tourism","verres","Verrès",2025-10-01,1001.9422815823,337.530009700755,464.656810305396,774.824586428132,1090.99956254678,2221.18286469772
"high_tourism","verres","Verrès",2025-11-01,4857.03866687864,834.830244954679,1796.45198091917,2842.56604985092,6268.61120500866,13958.0032086777
"high_tourism","verres","Verrès",2025-12-01,15255.5243755634,2503.46650909186,5189.71828359552,11604.07055963,20823.9045188297,33578.6256079617
"high_tourism","verres","Verrès",2026-01-01,13566.473685273,1001.92481256139,3527.94686370044,6572.28600109945,11617.5166947847,56013.3107876859
"high_tourism","verres","Verrès",2026-02-01,17389.1158284157,2200.34595788526,5042.17602988337,9147.1086967677,18824.0384334209,61259.5176979579
"high_tourism","verres","Verrès",2026-03-01,7149.14112026172,1308.68459846235,3391.72447525171,4898.96658267749,9821.87512048536,20713.560276911
"high_tourism","verres","Verrès",2026-04-01,4633.64774636035,394.737072706955,1267.5549443243,2764.77539452157,5141.94941262725,15644.794064647
"high_tourism","verres","Verrès",2026-05-01,2361.27131242386,254.382625740786,804.615788220246,1530.93521537282,2884.33191079195,7777.19276320668
"high_tourism","verres","Verrès",2026-06-01,2069.89958308785,269.270881883667,525.296075865659,1363.01638937855,2604.05133991021,5964.29324065576
"high_tourism","verres","Verrès",2026-07-01,3703.76429029538,528.727688467674,1427.82741340828,2245.05877213467,4408.2471654266,8318.22586661368
"high_tourism","verres","Verrès",2026-08-01,4129.31329373644,613.613422811162,1448.12284594341,3306.72772829155,5192.11677688616,11416.3636534808
"high_tourism","verres","Verrès",2026-09-01,2639.99330187394,518.882152483643,1070.39139282524,1826.5337977606,3280.608792987,5050.39339982839
"high_tourism","villeneuve","Villeneuve",2025-10-01,594.862383625473,121.464272893053,245.523405645683,362.245577890713,584.235171786666,1327.93276702358
"high_tourism","villeneuve","Villeneuve",2025-11-01,2577.71667522157,404.427097942972,1028.48817586635,1734.87514962505,3168.825566698,7242.61977627021
"high_tourism","villeneuve","Villeneuve",2025-12-01,11090.2352932066,2262.74423744749,4126.43128362806,7881.96927561056,15129.2809120005,30019.4144642814
"high_tourism","villeneuve","Villeneuve",2026-01-01,11970.7656358583,1854.19863533308,3915.27891467782,7481.9732928695,16041.3037906835,41894.3531083734
"high_tourism","villeneuve","Villeneuve",2026-02-01,16356.9542775515,1951.07381339862,4636.86316907351,9304.25008329163,20166.9685459273,47777.972825853
"high_tourism","villeneuve","Villeneuve",2026-03-01,6427.62717749978,772.402993731887,1922.10419657817,4285.69742113413,7436.42385448111,21367.5124332554
"high_tourism","villeneuve","Villeneuve",2026-04-01,2490.59010563881,398.175305229651,909.753130478544,1709.90832641428,3446.94140792116,6359.51157306327
"high_tourism","villeneuve","Villeneuve",2026-05-01,2357.62577239295,248.71861519849,545.512286261251,1213.50191811845,2318.74929197197,9390.55297909824
"high_tourism","villeneuve","Villeneuve",2026-06-01,3110.79703617176,316.624231735984,661.615476035881,1103.27206026312,3222.02081327961,12646.4652543473
"high_tourism","villeneuve","Villeneuve",2026-07-01,4156.95108869732,498.51452356243,1089.54763502453,1890.92138145224,4328.53292749183,9760.76126095676
"high_tourism","villeneuve","Villeneuve",2026-08-01,3253.26957169985,483.29701266034,1064.32019622686,1918.53228481761,4224.34872373143,10612.4170942358
"high_tourism","villeneuve","Villeneuve",2026-09-01,2009.2840306762,214.787349814459,546.645233506155,1208.91089490049,2697.49431664758,5216.15170374075
"low_tourism","allein","Allein",2025-10-01,54.77609037112,7.27060538199612,23.6870178066789,37.249414202706,54.8060300658786,203.722316550258
"low_tourism","allein","Allein",2025-11-01,172.483058921723,48.6690738528122,73.3896697751626,123.629163330856,198.773770833745,565.571811268334
"low_tourism","allein","Allein",2025-12-01,610.222414783565,117.120249584025,232.818685937588,360.854203295626,701.150315309239,2287.50651976321
"low_tourism","allein","Allein",2026-01-01,404.790605955014,54.830211750218,172.743287454516,325.520924185353,523.973366267107,938.516412757443
"low_tourism","allein","Allein",2026-02-01,334.722850350696,55.8031393947703,143.90421907316,258.076126714397,427.141020391058,838.151494338875
"low_tourism","allein","Allein",2026-03-01,105.649277270841,17.6945127301347,39.2479184670129,90.3931462573829,135.577649968259,255.795476581755
"low_tourism","allein","Allein",2026-04-01,80.9305182771309,10.8723926478452,26.0866878315127,53.9379826540471,121.942149332368,231.121351859398
"low_tourism","allein","Allein",2026-05-01,66.8656690881587,6.47343189929735,18.4509110087689,39.7031164085204,75.9238646612075,204.731713358602
"low_tourism","allein","Allein",2026-06-01,39.9961505931466,5.43107594833385,10.5738838671474,18.5607272522379,40.2485218511077,144.704879490181
"low_tourism","allein","Allein",2026-07-01,85.787339731066,9.81649591136039,22.4572175173247,58.4625824049774,128.366447406749,237.375168118104
"low_tourism","allein","Allein",2026-08-01,168.823561083025,27.3701655090849,58.3364229289632,104.896509059636,167.178222801798,496.917006735007
"low_tourism","allein","Allein",2026-09-01,133.465836610745,15.5351151316361,46.4020474785143,100.656863035486,182.791289178281,362.376294504265
"low_tourism","antey saint andre","Antey-Saint-André",2025-10-01,1974.79650109972,362.649085773075,799.482450285779,1593.00096176263,2518.85355297797,4872.72223431648
"low_tourism","antey saint andre","Antey-Saint-André",2025-11-01,4989.48243031102,910.185657836165,1959.07448164709,4050.60746852069,6482.6277940567,10167.779349482
"low_tourism","antey saint andre","Antey-Saint-André",2025-12-01,15417.8504946296,2557.42929469913,6468.26791763428,10038.1381340279,20512.757964456,40020.8840679993
"low_tourism","antey saint andre","Antey-Saint-André",2026-01-01,9501.36992517592,1153.85932701307,4237.82510563663,6080.63440646194,9587.37352656566,23106.549628867
"low_tourism","antey saint andre","Antey-Saint-André",2026-02-01,11519.346031306,1623.36896346635,3507.81041771427,5854.29061069129,10696.0247099866,27819.2726238249
"low_tourism","antey saint andre","Antey-Saint-André",2026-03-01,8423.88870780215,882.470194308449,2507.29625769191,4370.24598404011,7221.06894115988,19701.5343868881
"low_tourism","antey saint andre","Antey-Saint-André",2026-04-01,3834.50321632196,556.212918745066,1004.49817203594,2280.05284749366,4776.12878761774,9751.54747491897
"low_tourism","antey saint andre","Antey-Saint-André",2026-05-01,1768.78296242927,245.207701632636,629.775276539131,1385.94887463487,2311.55420246819,5176.90557423642
"low_tourism","antey saint andre","Antey-Saint-André",2026-06-01,1499.65353847703,179.724537820875,466.603741735854,1098.08362906154,2023.24091573645,4344.63494787726
"low_tourism","antey saint andre","Antey-Saint-André",2026-07-01,2537.90153782153,417.587316608931,883.043646236814,1435.3596550113,3148.31084737744,7509.15041079874
"low_tourism","antey saint andre","Antey-Saint-André",2026-08-01,5175.55159665837,366.399636134739,1063.67677594896,2742.30380999435,5831.86631493253,21507.0166755304
"low_tourism","antey saint andre","Antey-Saint-André",2026-09-01,3279.12814985236,440.513751091135,1054.84053844118,1973.57611558122,4123.45152248808,8762.8979205462
"low_tourism","aosta","Aosta",2025-10-01,11811.1569763974,3340.3035333216,5685.71585801482,9594.50358386471,15836.3809408133,27764.6708842001
"low_tourism","aosta","Aosta",2025-11-01,28209.2382743199,3363.44092588802,11206.6169963516,18020.4785905752,29717.2267510634,65130.6867096118
"low_tourism","aosta","Aosta",2025-12-01,66223.9744168383,10133.4041037885,19559.9536179528,45184.7834410295,86220.2462878558,156124.2495652
"low_tourism","aosta","Aosta",2026-01-01,37268.6527263224,5180.58475972067,11426.3017975813,24150.58957482,40519.1586658221,102360.935603754
"low_tourism","aosta","Aosta",2026-02-01,26903.8423322336,4752.1760353706,9425.1071300417,14858.9599321098,24771.5490414455,92692.3708303728
"low_tourism","aosta","Aosta",2026-03-01,14248.4673711812,1567.55853137524,3916.90924499026,8610.84827345812,16457.8825326048,35613.9277150087
"low_tourism","aosta","Aosta",2026-04-01,6937.99045966178,1020.84023314235,2215.48472283619,3139.83015303891,6366.68179873699,24420.6950795516
"low_tourism","aosta","Aosta",2026-05-01,4041.92417582385,884.11724420946,1533.97292252566,2716.61476578149,5158.15400025099,10784.0856489776
"low_tourism","aosta","Aosta",2026-06-01,4464.76084067065,804.172148382883,1610.70772886273,2709.79893799173,5285.15857346166,13217.6706418777
"low_tourism","aosta","Aosta",2026-07-01,7427.33685886316,1052.82855084069,1925.70882758019,4055.04823081043,6875.46021186283,21645.7450736075
"low_tourism","aosta","Aosta",2026-08-01,7635.45187435859,1177.8353651248,2247.63236705196,4267.18343788944,10978.0352060959,24314.2708593404
"low_tourism","aosta","Aosta",2026-09-01,6770.11942592143,1012.31682300554,3219.2556842854,5513.06532745699,8218.63730279677,17878.6101679822
"low_tourism","arnad","Arnad",2025-10-01,556.132639304607,137.184099344785,238.289512402765,450.033473286569,756.761894097746,1241.26540616892
"low_tourism","arnad","Arnad",2025-11-01,1732.84538918176,169.860013378162,643.804865472348,1215.32348795284,1860.91187400301,5625.1364538422
"low_tourism","arnad","Arnad",2025-12-01,4031.36537777328,830.030205810815,1968.82844576143,3493.5951392206,4797.16194934851,10350.8308092216
"low_tourism","arnad","Arnad",2026-01-01,3090.57816109301,388.912406157973,981.294469634324,1949.06962259424,3995.79585862627,9844.97815256332
"low_tourism","arnad","Arnad",2026-02-01,2695.02859231814,496.266686763253,1145.62641260742,2075.2543283323,3866.90985594808,6389.75552374298
"low_tourism","arnad","Arnad",2026-03-01,1314.53602330675,400.653786627946,641.306612332122,1178.77126250868,1755.14882146096,2721.68406558116
"low_tourism","arnad","Arnad",2026-04-01,1011.51507370546,177.255326986339,409.050719440581,608.198854637049,1157.41681151539,2414.01171299522
"low_tourism","arnad","Arnad",2026-05-01,498.278524305841,64.1920007159832,152.190228579679,338.370812399505,712.306499623906,1164.85789714197
"low_tourism","arnad","Arnad",2026-06-01,391.146084947066,67.8582426575275,158.905641982543,272.931595149729,460.310139996468,1232.56724632598
"low_tourism","arnad","Arnad",2026-07-01,649.713743268629,93.7562360633905,225.372297403738,398.342342616712,870.808061675597,1785.16040569752
"low_tourism","arnad","Arnad",2026-08-01,846.056677463756,112.464464614174,286.818567621514,623.513271811767,1186.85821673786,2228.92649353765
"low_tourism","arnad","Arnad",2026-09-01,765.511057024928,137.226601655449,300.816538434721,450.45847344225,901.505630504478,2471.00643805686
"low_tourism","arvier","Arvier",2025-10-01,334.498317402892,78.1866370878777,159.785006611801,261.644653584498,463.538303253075,778.332411741451
"low_tourism","arvier","Arvier",2025-11-01,1122.90802405502,165.679251452771,387.972165259885,633.262868705667,1168.58731244976,3327.48092428806
"low_tourism","arvier","Arvier",2025-12-01,2156.0654774321,233.354343796884,577.633770099555,1419.39648448432,2293.53603869462,8345.77917208896
"low_tourism","arvier","Arvier",2026-01-01,805.621334340704,165.296370546031,319.534342881424,458.842842863465,1188.8313962132,2121.6784521192
"low_tourism","arvier","Arvier",2026-02-01,947.25446002688,99.6716489202154,398.855161284898,553.708380941956,1146.99595948899,2650.70031949373
"low_tourism","arvier","Arvier",2026-03-01,338.29468622566,45.8973812988127,180.339722924121,260.526151705294,382.666713685304,906.737227663879
"low_tourism","arvier","Arvier",2026-04-01,172.45874106501,31.066902024476,74.9311407421881,124.535894305225,224.8934224758,476.117431922121
"low_tourism","arvier","Arvier",2026-05-01,77.6432357680725,11.4646676969343,22.4646915842941,55.4038689179464,95.0068673436524,223.375936579156
"low_tourism","arvier","Arvier",2026-06-01,100.734172847629,8.53515208684014,33.9793289649818,62.0335485516425,112.761706456104,214.580040720643
"low_tourism","arvier","Arvier",2026-07-01,199.305155795034,29.2336035885033,58.2650248439976,132.52572221893,266.707554926577,559.870973289777
"low_tourism","arvier","Arvier",2026-08-01,332.707647848139,41.9492413629392,87.874668054461,156.310861231022,441.950851323044,1012.82969747667
"low_tourism","arvier","Arvier",2026-09-01,217.04561920448,40.1857119734783,90.2309170537349,123.883828196151,261.764061026425,635.538319004328
"low_tourism","avise","Avise",2025-10-01,138.413399965049,20.2697405340481,50.8866643803688,86.5947190494551,163.278307721821,397.849895132922
"low_tourism","avise","Avise",2025-11-01,424.283365425002,42.6908977721902,127.044692226398,250.119373955911,529.464636442256,1377.03340130896
"low_tourism","avise","Avise",2025-12-01,954.407027249045,134.874886897058,381.266665315716,622.704928907644,822.341309835527,2866.2595406029
"low_tourism","avise","Avise",2026-01-01,462.510465826485,61.6520398882661,159.57659430807,292.341557407587,427.690117409205,1581.82453779092
"low_tourism","avise","Avise",2026-02-01,363.997096279199,67.5276850179066,133.861994097878,271.882892567611,465.41859533541,784.14833828131
"low_tourism","avise","Avise",2026-03-01,196.104220205281,23.4467211457827,42.7641812808303,94.2542971043841,194.484721949724,457.016730788887
"low_tourism","avise","Avise",2026-04-01,57.5978025979225,12.5723483175818,23.3263574795415,38.0625257078081,65.6259911998387,151.848892004699
"low_tourism","avise","Avise",2026-05-01,30.5190218995574,3.53385712318139,12.0413641184995,20.4019221991067,33.6577422982677,116.810649489574
"low_tourism","avise","Avise",2026-06-01,34.3471618305904,5.85827708167057,15.4479915520938,28.7573073553959,44.1106808606687,75.5540205926647
"low_tourism","avise","Avise",2026-07-01,85.5606165984071,11.0006286359777,29.6128644991199,53.4723647547921,103.519269450039,235.381624246695
"low_tourism","avise","Avise",2026-08-01,110.27909306778,23.44095590554,44.0585475160437,70.5194934816293,139.002927225418,322.697633559217
"low_tourism","avise","Avise",2026-09-01,129.6818282488,13.6751557011347,40.8383248286015,70.1446384818947,170.297313549716,413.183454880756
"low_tourism","ayas","Ayas",2025-10-01,1593.45657061665,331.041117625955,542.403440398402,1076.88256144398,2370.56441815485,4208.87827913929
"low_tourism","ayas","Ayas",2025-11-01,2096.85199533095,366.36706193729,715.175095469688,1248.4879797041,3188.20736049563,5665.63527321274
"low_tourism","ayas","Ayas",2025-12-01,4358.30464684039,725.289876715625,2056.92549335318,3277.0806226238,6302.2709040999,10230.5563112573
"low_tourism","ayas","Ayas",2026-01-01,2407.86310171086,529.837515998728,910.097394511762,1756.2707327985,2898.26957132833,6211.21248862464
"low_tourism","ayas","Ayas",2026-02-01,2667.34004983573,482.170900303987,778.153573460978,1665.0912733766,2751.66481754818,8700.49468453542
"low_tourism","ayas","Ayas",2026-03-01,940.069573904832,160.762323827248,368.780907476821,748.290095485125,1269.95948937402,2261.29147960275
"low_tourism","ayas","Ayas",2026-04-01,464.248912262077,63.4497951379998,148.408703166825,354.728708564587,525.424338241046,1483.00568307905
"low_tourism","ayas","Ayas",2026-05-01,224.422295596112,27.2292788603549,81.064472387299,150.682049202157,248.982125343294,630.691773980153
"low_tourism","ayas","Ayas",2026-06-01,264.739324219967,46.7881657997488,92.7000227331318,179.611192503581,287.205592047218,858.799763181112
"low_tourism","ayas","Ayas",2026-07-01,496.093396066474,65.434198079271,140.09286423746,298.916460625196,487.417779542814,913.546747120167
"low_tourism","ayas","Ayas",2026-08-01,657.503947213325,119.848387821637,202.052698573421,442.494115216721,904.107726582598,1919.61633769254
"low_tourism","ayas","Ayas",2026-09-01,403.221402987292,81.8333464154157,154.870560199375,332.252629963539,490.98626660237,1028.27617456054
"low_tourism","aymavilles","Aymavilles",2025-10-01,390.444036553122,91.7449053559126,141.604692022636,262.918784745649,387.60175108036,1028.19787506157
"low_tourism","aymavilles","Aymavilles",2025-11-01,758.852452213037,127.474341858361,284.685583506816,612.731885123939,865.641432178807,1950.01125001123
"low_tourism","aymavilles","Aymavilles",2025-12-01,1385.83933285707,257.967407511378,589.298929182337,936.750532601439,1788.09545665303,3949.91662213386
"low_tourism","aymavilles","Aymavilles",2026-01-01,805.300165317241,159.048556562156,305.608327984506,575.594047533539,946.714480589481,2103.77925411392
"low_tourism","aymavilles","Aymavilles",2026-02-01,887.58798431266,85.2355301764365,250.302770168757,389.521338972625,784.158664014868,3203.18582923667
"low_tourism","aymavilles","Aymavilles",2026-03-01,454.961493022635,53.4851596310772,109.268736677939,192.761232394493,498.045425681397,1385.55781920274
"low_tourism","aymavilles","Aymavilles",2026-04-01,180.211751142235,34.1901227284967,68.3845884025947,108.310351395674,199.172143295097,562.138530769619
"low_tourism","aymavilles","Aymavilles",2026-05-01,92.0571641939537,19.2368111755851,43.37672438781,74.9224148979703,125.427705729617,217.068628940966
"low_tourism","aymavilles","Aymavilles",2026-06-01,92.2269356075164,12.6640283187659,36.6792211461818,64.6576062775979,137.67921894069,243.172696672328
"low_tourism","aymavilles","Aymavilles",2026-07-01,186.077094736776,15.9920016712998,62.4910747107592,130.892048876107,200.783746568781,540.642987515504
"low_tourism","aymavilles","Aymavilles",2026-08-01,302.383997275057,59.060562909299,128.557062060578,195.199899322564,350.059226080741,1000.44356220367
"low_tourism","aymavilles","Aymavilles",2026-09-01,212.278578260247,22.1020298092544,80.1768675767032,159.357405729695,287.399172458951,546.054836990383
"low_tourism","bard","Bard",2025-10-01,1744.3664869446,448.059562873612,715.545973353823,1489.68312848209,2284.49473773925,4147.7009617639
"low_tourism","bard","Bard",2025-11-01,5704.19133826844,1027.1458719574,2294.9362638203,4171.95307985967,5910.79303114501,13762.3734206345
"low_tourism","bard","Bard",2025-12-01,14373.2271754109,1934.02208186084,5130.68101050611,12891.5077687313,20988.5126589683,31635.8857660601
"low_tourism","bard","Bard",2026-01-01,8897.90305602325,1101.27614338441,2760.1581440388,5697.0958227045,10717.8271528604,29230.895789831
"low_tourism","bard","Bard",2026-02-01,9532.64129244327,1529.03107705239,3345.06250860957,6438.95429715418,9020.64613783156,31836.3871222698
"low_tourism","bard","Bard",2026-03-01,4145.74847332107,1024.54119995146,1804.93976038559,3359.69042918269,5181.99719081115,8740.86709178197
"low_tourism","bard","Bard",2026-04-01,2188.57922167184,281.335443454953,761.606438308234,1577.92428319809,3245.41136896964,5530.40481304122
"low_tourism","bard","Bard",2026-05-01,1414.337248005,224.677187042922,568.428198907657,1247.08014433901,2012.18261776831,3260.94526414294
"low_tourism","bard","Bard",2026-06-01,1981.00799924379,333.616083298729,865.534182774987,1550.94478354474,2799.52218696898,4908.40254137102
"low_tourism","bard","Bard",2026-07-01,4544.14027707974,450.758892737244,1633.09573075954,3127.06635240269,5934.85928815437,11831.6986315752
"low_tourism","bard","Bard",2026-08-01,4343.36207266126,899.672403967809,1888.5466998487,3550.58203217093,6037.74911655216,10332.0279280026
"low_tourism","bard","Bard",2026-09-01,2390.49059462883,295.652827852832,937.981321270262,1718.76538776373,2703.74936763013,6593.08476040165
"low_tourism","bionaz","Bionaz",2025-10-01,309.274718318848,74.4853616433841,161.505428569938,253.869317484404,406.923998062463,724.46268358333
"low_tourism","bionaz","Bionaz",2025-11-01,503.058956559909,76.6403979763073,233.603845663377,333.367845084026,619.633238122538,1725.35627024069
"low_tourism","bionaz","Bionaz",2025-12-01,1025.79608573382,104.969420003733,359.895819787674,749.485312825174,1306.26287681093,2954.0404580724
"low_tourism","bionaz","Bionaz",2026-01-01,645.650163396603,72.0368533853769,184.983995120715,406.191248270094,801.671205419389,1993.10925079812
"low_tourism","bionaz","Bionaz",2026-02-01,531.141790043859,62.8843982190754,140.46951336917,386.332915712565,710.127550871395,1317.53613916003
"low_tourism","bionaz","Bionaz",2026-03-01,276.359742899921,51.067702328831,113.304664579649,171.058517130798,276.365819567173,1032.03526052964
"low_tourism","bionaz","Bionaz",2026-04-01,161.663349055378,39.8293678427478,58.1507257278804,89.4124331070743,223.529112505484,484.823690260445
"low_tourism","bionaz","Bionaz",2026-05-01,100.847598108801,12.6274122387957,30.1877968630951,68.9098400032923,103.62336397432,358.930049926334
"low_tourism","bionaz","Bionaz",2026-06-01,82.5644469844381,12.3512295899675,31.5623685115095,57.496417617573,89.2721471805557,236.293627243605
"low_tourism","bionaz","Bionaz",2026-07-01,161.213981173733,12.7390279444736,47.7072634480372,75.1053750497842,150.94721137725,444.925513876811
"low_tourism","bionaz","Bionaz",2026-08-01,173.576446142825,47.8140677911828,88.8647082345656,125.867575404716,199.596692923243,442.309577209106
"low_tourism","bionaz","Bionaz",2026-09-01,137.314010336017,24.7810252744476,54.1023661199753,94.658173217196,172.392411303213,365.423748551537
"low_tourism","brissogne","Brissogne",2025-10-01,92.8925758268712,14.2857708823964,36.0051540060104,64.842699295596,126.802617624541,239.612156044136
"low_tourism","brissogne","Brissogne",2025-11-01,428.119956340022,71.0232857383565,147.081599042872,226.345190263186,515.555256694181,1319.95165461356
"low_tourism","brissogne","Brissogne",2025-12-01,920.364368283277,155.636804436448,377.736855397826,635.998349075812,1500.68791778602,2342.18304050946
"low_tourism","brissogne","Brissogne",2026-01-01,477.043320486932,124.200460153232,203.682362474434,394.68967703761,572.173831389538,1259.69053314086
"low_tourism","brissogne","Brissogne",2026-02-01,455.358797068388,82.8832009149701,168.02784501899,325.454732860522,598.3441449967,1077.61117895739
"low_tourism","brissogne","Brissogne",2026-03-01,247.089077766016,27.5939578337872,69.9045350467249,140.67335469856,304.428393154244,788.431132592744
"low_tourism","brissogne","Brissogne",2026-04-01,103.624699077619,22.8202648520391,37.017863524381,86.67592109131,155.834143492781,231.583774116215
"low_tourism","brissogne","Brissogne",2026-05-01,69.4878972141059,11.4982337068672,27.1562941324992,51.1382166920775,90.3930034167654,182.11885044177
"low_tourism","brissogne","Brissogne",2026-06-01,74.294197228761,7.43789897831343,21.6834163048127,53.7506575651973,90.445254196965,236.558133898447
"low_tourism","brissogne","Brissogne",2026-07-01,167.692304815513,16.1123332125501,35.5339228757969,87.5609643790553,170.485172763598,623.363520757707
"low_tourism","brissogne","Brissogne",2026-08-01,186.802183510677,19.6158154708342,65.1909742548184,110.230377471347,173.000063911868,530.871693309013
"low_tourism","brissogne","Brissogne",2026-09-01,145.768726783379,28.7049060937588,68.5601793337727,106.151869268005,165.56494426274,419.276858817946
"low_tourism","brusson","Brusson",2025-10-01,1145.71121797173,252.602122467869,418.981754530176,935.402310263667,1578.10794583665,2449.86658479913
"low_tourism","brusson","Brusson",2025-11-01,2178.73824005496,394.482755948766,783.360216613816,1703.46430018343,2755.65990234954,5991.28749449056
"low_tourism","brusson","Brusson",2025-12-01,4245.80483624812,690.142049187345,1492.16146943077,2606.39441756662,5440.63823605239,12212.4569689103
"low_tourism","brusson","Brusson",2026-01-01,2305.38728157742,250.455886725008,676.850786908011,1246.77271885068,2512.6393357716,7617.00830376951
"low_tourism","brusson","Brusson",2026-02-01,3023.85352942638,336.362673188505,746.30108986365,1389.40464674023,3774.95720829543,6008.01362673209
"low_tourism","brusson","Brusson",2026-03-01,1124.11211293867,97.9207078889646,392.439646989964,781.231998581215,1356.73666157443,2995.7023131186
"low_tourism","brusson","Brusson",2026-04-01,380.969207228109,52.9194746101516,151.870659518159,271.958868410318,442.390743645822,1088.49203274621
"low_tourism","brusson","Brusson",2026-05-01,198.876775486053,43.6656632867152,76.9198004059074,122.732268805611,242.735311351835,409.678972780695
"low_tourism","brusson","Brusson",2026-06-01,374.982127362251,41.1215327473568,86.7706064102984,146.791573209338,324.196630920133,1133.10421918569
"low_tourism","brusson","Brusson",2026-07-01,544.359488004564,66.5383210068363,206.124760249236,283.174138154299,658.719810999431,1641.64572537363
"low_tourism","brusson","Brusson",2026-08-01,585.685688674447,98.1733320404201,255.639913800182,342.730150632497,679.292486418575,1336.58561772688
"low_tourism","brusson","Brusson",2026-09-01,514.958917924769,63.9334889003114,209.31071643295,398.13440309964,713.756856913031,1264.51050915627
"low_tourism","challand saint anselme","Challand-Saint-Anselme",2025-10-01,635.458244150763,100.245727591893,234.220593665017,370.328766542221,640.605760785761,1797.48021146828
"low_tourism","challand saint anselme","Challand-Saint-Anselme",2025-11-01,1663.15375648936,223.1437878508,433.493732005761,764.498161300161,2212.04380689993,4638.64496465923
"low_tourism","challand saint anselme","Challand-Saint-Anselme",2025-12-01,3036.88397834441,256.656876072243,1172.47538399171,1944.13762844305,3841.02074255034,8002.51194240801
"low_tourism","challand saint anselme","Challand-Saint-Anselme",2026-01-01,2100.63518056776,440.345253225472,709.868522318931,1411.31885432169,2527.11498918029,5938.22099888877
"low_tourism","challand saint anselme","Challand-Saint-Anselme",2026-02-01,1572.80755554916,360.590636426925,677.87652893342,1169.29099691125,1991.45496383888,4204.48329774596
"low_tourism","challand saint anselme","Challand-Saint-Anselme",2026-03-01,694.283534078024,124.879620934965,266.586968822844,514.753570244603,860.667329101602,2087.51323026567
"low_tourism","challand saint anselme","Challand-Saint-Anselme",2026-04-01,431.519644828733,53.7642571067176,115.664903812186,318.523146136864,613.005936230168,1252.69460031456
"low_tourism","challand saint anselme","Challand-Saint-Anselme",2026-05-01,240.827035808605,19.7348574416135,73.010229267547,183.30725935489,335.686100039244,562.472729547459
"low_tourism","challand saint anselme","Challand-Saint-Anselme",2026-06-01,194.552888295931,25.3679101903697,78.2750977161175,147.498954344487,284.400987668847,427.38603731364
"low_tourism","challand saint anselme","Challand-Saint-Anselme",2026-07-01,397.592476344128,42.5175625492312,142.212725927373,236.746726342307,479.236343855474,1355.24541692903
"low_tourism","challand saint anselme","Challand-Saint-Anselme",2026-08-01,554.604898676754,101.739188063171,211.669336949149,341.533588538794,746.05911358333,1670.87505496954
"low_tourism","challand saint anselme","Challand-Saint-Anselme",2026-09-01,693.098309521183,81.563666201069,192.321059417563,467.155231557009,750.681137966846,2261.95678615895
"low_tourism","challand saint victor","Challand-Saint-Victor",2025-10-01,46.1209038402611,13.9749395761434,21.6412378164107,33.7119713334426,54.335990719125,114.806432597507
"low_tourism","challand saint victor","Challand-Saint-Victor",2025-11-01,363.740306767273,58.1549774026435,124.441280167606,209.355353808195,496.067007815185,1006.36563375843
"low_tourism","challand saint victor","Challand-Saint-Victor",2025-12-01,1284.4707014147,297.645542079875,468.70341788831,873.07809213753,1688.53938405559,3762.89292532654
"low_tourism","challand saint victor","Challand-Saint-Victor",2026-01-01,842.530042703883,149.141763312085,317.064896939267,462.696054478009,992.829335980414,2053.74432012627
"low_tourism","challand saint victor","Challand-Saint-Victor",2026-02-01,809.23997034771,104.481692498546,286.93706840928,470.772866543716,746.418715536729,2583.44299950433
"low_tourism","challand saint victor","Challand-Saint-Victor",2026-03-01,335.5968544294,82.9357715902715,164.746094475492,243.168911705031,499.219889223137,803.090120865026
"low_tourism","challand saint victor","Challand-Saint-Victor",2026-04-01,155.942639387851,32.6012133436932,65.6183968448384,113.066125719674,193.010002679445,355.918700826828
"low_tourism","challand saint victor","Challand-Saint-Victor",2026-05-01,111.29125235184,17.4218777993974,34.3779020107291,63.8558140905425,111.339763361009,203.12407738887
"low_tourism","challand saint victor","Challand-Saint-Victor",2026-06-01,67.0927675905766,7.96108602245786,26.9813275749275,51.7447949471413,80.1569676299508,176.334198505186
"low_tourism","challand saint victor","Challand-Saint-Victor",2026-07-01,129.738984808541,15.610715551812,52.594676587068,87.8900627899893,155.646307629626,393.630465517466
"low_tourism","challand saint victor","Challand-Saint-Victor",2026-08-01,269.171537769637,31.5118930310205,66.3997183983548,148.15777644939,223.201084732321,938.642919680433
"low_tourism","challand saint victor","Challand-Saint-Victor",2026-09-01,153.764988408731,18.1181013996211,38.2633186829132,104.928894596284,206.386599915769,475.325083433798
"low_tourism","chambave","Chambave",2025-10-01,238.765595094248,80.484788270104,116.56569091431,142.351913325481,232.868605209831,768.274088023001
"low_tourism","chambave","Chambave",2025-11-01,855.837762003719,169.913721753565,335.182780895284,639.375193252388,1043.81272400593,1954.66216565924
"low_tourism","chambave","Chambave",2025-12-01,2359.3932375121,312.163233823067,914.060125776856,2209.31092300305,3120.01772033932,4624.22612866954
"low_tourism","chambave","Chambave",2026-01-01,1609.95477892211,289.407957923879,653.859158571011,1124.20730733276,2468.56547569927,4433.68689191452
"low_tourism","chambave","Chambave",2026-02-01,2096.85261044201,270.292854476782,434.582835677456,1167.96993356699,2832.52201505323,6827.4139281607
"low_tourism","chambave","Chambave",2026-03-01,985.889805668845,114.372488589397,300.823336850511,529.395440711351,1048.03683785245,2498.64941094677
"low_tourism","chambave","Chambave",2026-04-01,363.459188651868,65.2389239438938,104.901106390766,205.819162084025,452.716838153358,705.699979693918
"low_tourism","chambave","Chambave",2026-05-01,211.934574403048,28.2420450544259,76.961557945291,144.036237251659,289.67601755716,556.312590113092
"low_tourism","chambave","Chambave",2026-06-01,252.42313723951,24.0654343454259,76.008411533729,179.371965785305,274.790402896219,939.577197089472
"low_tourism","chambave","Chambave",2026-07-01,423.382440784127,94.0675381602329,204.968458333317,320.294364998449,567.500418896827,1176.33642464761
"low_tourism","chambave","Chambave",2026-08-01,708.409491583031,79.9860342847721,236.509528429936,529.295971769159,802.595860045167,2283.6211686806
"low_tourism","chambave","Chambave",2026-09-01,678.826209096645,68.5219433244276,203.200047859621,373.998905935835,864.740806830325,2408.38439303093
"low_tourism","chamois","Chamois",2025-10-01,103.670715505371,13.7407749977762,48.9660940547392,74.5584797097774,164.697022989408,224.318012343083
"low_tourism","chamois","Chamois",2025-11-01,173.514948407335,34.6490253627946,73.7016512511948,140.244725241808,240.305666420961,402.482519674423
"low_tourism","chamois","Chamois",2025-12-01,450.740288000867,114.873121343011,255.252894366977,322.331854233234,591.853615595618,1110.11881617102
"low_tourism","chamois","Chamois",2026-01-01,461.646068322659,96.5162147787395,220.833876967725,289.334892128663,527.670422570142,1268.97471045229
"low_tourism","chamois","Chamois",2026-02-01,560.828733327157,106.99587249374,195.963213456219,386.187535453305,756.827901254634,1878.6360532677
"low_tourism","chamois","Chamois",2026-03-01,384.323389543904,40.0763771600706,67.9778531806875,185.156649657231,353.726995761513,1093.64271721007
"low_tourism","chamois","Chamois",2026-04-01,76.9202039000301,9.8988689818368,24.5249950416723,48.8413932955356,85.4950783368353,227.843899395137
"low_tourism","chamois","Chamois",2026-05-01,31.499529368718,6.31750021587179,14.5866745173258,22.9927618659174,34.2897423264202,98.7151556436736
"low_tourism","chamois","Chamois",2026-06-01,42.0790315408702,4.85819596813903,16.5824329390196,29.0436797722214,52.4443192333994,128.372340101356
"low_tourism","chamois","Chamois",2026-07-01,102.974164689954,11.6287931580905,34.7055383546262,75.4848293864691,116.850348578779,287.72488454495
"low_tourism","chamois","Chamois",2026-08-01,176.706016621221,29.4577927572539,45.3401970464763,101.869682080786,184.397734030808,462.799827617525
"low_tourism","chamois","Chamois",2026-09-01,146.131392074181,21.9416839328857,42.1331431571734,85.3205591464369,152.326830410852,535.001018254856
"low_tourism","champdepraz","Champdepraz",2025-10-01,339.540497934159,84.1557000056424,159.507859311693,239.902501549839,467.373808787578,761.75839653884
"low_tourism","champdepraz","Champdepraz",2025-11-01,843.596267049427,183.62170591955,306.869945910492,647.851086104529,1049.46959812577,2454.29328420182
"low_tourism","champdepraz","Champdepraz",2025-12-01,1401.82670315008,293.943826461137,626.544203458986,1034.5811565592,1820.29467745257,3372.77835618442
"low_tourism","champdepraz","Champdepraz",2026-01-01,847.296682616587,132.548567967437,330.797993990891,643.014728996934,1058.30366473377,1985.23452106198
"low_tourism","champdepraz","Champdepraz",2026-02-01,577.20630740589,88.2204451166243,203.385091160723,392.069286931462,807.863653714952,1969.8095914619
"low_tourism","champdepraz","Champdepraz",2026-03-01,358.800688660558,56.0728718167422,102.903345946915,166.773195274926,338.177111682059,1068.86006259629
"low_tourism","champdepraz","Champdepraz",2026-04-01,146.642884532146,18.4067369033488,42.687586463003,78.4771171789413,162.071629895653,457.726490547236
"low_tourism","champdepraz","Champdepraz",2026-05-01,84.6271186588191,16.3625132800777,25.1084262228145,48.6935498595714,95.5773728095136,299.440438800445
"low_tourism","champdepraz","Champdepraz",2026-06-01,72.7260229963641,19.9925399171048,34.9126516275892,49.7241969721102,79.2083189365999,225.769143866312
"low_tourism","champdepraz","Champdepraz",2026-07-01,122.732388864125,21.3267826336912,45.4412152341659,87.0989434475091,159.632961387528,256.135708740863
"low_tourism","champdepraz","Champdepraz",2026-08-01,205.430021251513,37.907586560503,79.0997480132389,155.132869835409,277.798898052619,471.092129451883
"low_tourism","champdepraz","Champdepraz",2026-09-01,175.951023499849,36.0652821082675,70.6837681461291,130.6591627169,267.193547522348,440.782962728991
"low_tourism","champorcher","Champorcher",2025-10-01,356.934831262459,62.284623854671,118.757781804791,166.54501545087,342.850057455475,1019.85320683457
"low_tourism","champorcher","Champorcher",2025-11-01,750.408248331271,138.314333105676,292.054353902184,573.748690364432,905.908312849617,1968.70778926741
"low_tourism","champorcher","Champorcher",2025-12-01,1775.4889248249,221.623880428479,453.193993404879,1037.01082251581,1791.37384413899,7094.82734180104
"low_tourism","champorcher","Champorcher",2026-01-01,930.796894509708,88.355162847031,251.097322480798,613.315142980793,1294.70572676733,2811.6747614558
"low_tourism","champorcher","Champorcher",2026-02-01,643.150949332559,70.6762266141359,244.307352924533,368.065123311194,913.935679848615,1790.89129037895
"low_tourism","champorcher","Champorcher",2026-03-01,234.206981054969,37.9674480707685,68.3381709038061,171.464524300273,272.709910598011,609.258555741816
"low_tourism","champorcher","Champorcher",2026-04-01,103.03392037877,13.2640759012757,38.6858338265732,82.8548076927939,126.729079221379,282.922022342687
"low_tourism","champorcher","Champorcher",2026-05-01,45.0497923385381,7.21725646426029,22.5398343447983,35.449387131492,53.0684207334393,110.321636310142
"low_tourism","champorcher","Champorcher",2026-06-01,57.1669343533176,7.32913917877159,20.0100743746522,33.989229143366,66.0156646702924,199.502158441416
"low_tourism","champorcher","Champorcher",2026-07-01,95.9025416622844,15.2063182694737,33.7688330499709,61.3041086678511,104.748048262805,360.979886338718
"low_tourism","champorcher","Champorcher",2026-08-01,144.009196160418,21.152780336387,47.2881388814077,102.821889351487,181.888242440694,445.669507372806
"low_tourism","champorcher","Champorcher",2026-09-01,149.686884234318,19.0553956183635,42.9010601369202,77.8500038103241,177.075549727235,544.278115672425
"low_tourism","charvensod","Charvensod",2025-10-01,1690.51347438466,284.480043909119,639.808969367022,1287.85936036844,2114.86393467443,4607.08956587308
"low_tourism","charvensod","Charvensod",2025-11-01,3021.53740077266,545.400202821584,1158.45361820996,2427.18888556927,3706.83843990583,6664.40512724478
"low_tourism","charvensod","Charvensod",2025-12-01,6349.12999248494,1105.51165508425,2338.61245087637,3638.29605413664,6636.40504322739,24716.9053532203
"low_tourism","charvensod","Charvensod",2026-01-01,3449.82143546925,532.317086904576,1026.28817043787,2176.3497642953,3998.10362311094,9829.72245259041
"low_tourism","charvensod","Charvensod",2026-02-01,2839.80966609657,365.992578465088,910.326536918388,1541.18622753677,2479.184132287,9763.33461209165
"low_tourism","charvensod","Charvensod",2026-03-01,1483.14145513127,130.8697158854,431.957594521052,749.388467548512,1769.89730982155,5228.21912087406
"low_tourism","charvensod","Charvensod",2026-04-01,587.508636032523,68.2049452252686,144.707504203691,307.529323855577,717.340442646958,1802.47526348255
"low_tourism","charvensod","Charvensod",2026-05-01,336.326258708481,85.5860602458706,139.2249131851,188.775565275468,343.370172633749,1311.27913543884
"low_tourism","charvensod","Charvensod",2026-06-01,339.128204050542,68.4934140885088,137.638027159398,206.523770559706,387.627541575219,1071.45804820525
"low_tourism","charvensod","Charvensod",2026-07-01,547.741923745085,96.8290919867673,176.838798069986,325.68514213297,561.91412775747,2081.98364902059
"low_tourism","charvensod","Charvensod",2026-08-01,930.475022781608,131.952918910892,339.511388538795,681.972752170708,995.783302587596,2498.19298248749
"low_tourism","charvensod","Charvensod",2026-09-01,673.447207010689,146.941465067363,346.23907785065,495.16463396643,730.71586815143,2145.10750462233
"low_tourism","chatillon","Châtillon",2025-10-01,2183.56581520606,631.998305707635,1359.8536752245,1889.57337823296,2726.22172806032,5050.44892091394
"low_tourism","chatillon","Châtillon",2025-11-01,5565.25802404934,1150.66345244567,2380.3836030247,4379.75358140444,6687.36027635155,15485.5561090527
"low_tourism","chatillon","Châtillon",2025-12-01,10832.2848603299,1118.01566243616,5219.27417246537,8374.71186204173,13014.9477923698,33479.7906097654
"low_tourism","chatillon","Châtillon",2026-01-01,7602.93850422375,1131.27864504336,2850.87530685367,5693.91402158922,10434.2193428961,18755.7189040748
"low_tourism","chatillon","Châtillon",2026-02-01,7557.12054958839,1259.16155014773,2935.09506984085,5442.61913555331,8838.8107253891,14554.9287380828
"low_tourism","chatillon","Châtillon",2026-03-01,3150.50904407858,685.5892466422,1132.32637389094,2250.15329376339,4676.66335786017,7745.75147949746
"low_tourism","chatillon","Châtillon",2026-04-01,1373.06292855015,192.676910501043,395.72413675884,783.323535591072,1841.37476052974,4346.76645636131
"low_tourism","chatillon","Châtillon",2026-05-01,955.652042565346,93.6081602658669,229.623324196469,531.258123475144,1000.40433178782,3230.37852065977
"low_tourism","chatillon","Châtillon",2026-06-01,764.774505841646,129.656237908796,246.442654183252,440.033948982988,921.760279158448,2529.10388150607
"low_tourism","chatillon","Châtillon",2026-07-01,1390.00546074165,190.853613504477,443.797545853197,791.605876384364,1611.81248856366,3833.52823676923
"low_tourism","chatillon","Châtillon",2026-08-01,1472.16216029768,312.416453285513,618.446573198969,1112.30123013568,2223.8005695523,3514.29534814682
"low_tourism","chatillon","Châtillon",2026-09-01,1210.69677338233,210.791761841881,497.618645705642,850.47941347894,1546.41163828126,2774.69177976
"low_tourism","cogne","Cogne",2025-10-01,1655.4580002411,333.675606263231,614.281653950967,1334.31165658593,2099.43019296342,5012.97438612364
"low_tourism","cogne","Cogne",2025-11-01,1999.67348394182,322.643675926911,758.525615112733,1221.21183740329,2648.97530505966,4679.69090504286
"low_tourism","cogne","Cogne",2025-12-01,3009.76636050548,516.976912779617,970.313132902034,1915.24965480765,3708.30583448968,9806.13168594197
"low_tourism","cogne","Cogne",2026-01-01,1507.06299492196,197.125799973223,472.000681968737,954.655028906612,1985.72995526285,4322.80916542505
"low_tourism","cogne","Cogne",2026-02-01,1327.03729414806,235.276337660193,355.471798174866,672.67427835103,1478.83024680591,3831.58226164315
"low_tourism","cogne","Cogne",2026-03-01,540.045184323962,44.9827699394359,143.038773733386,304.55493001467,744.215332050751,1497.3009362707
"low_tourism","cogne","Cogne",2026-04-01,232.976876558464,25.2355028883749,76.332030308644,181.242985075333,271.128887486433,625.836516674145
"low_tourism","cogne","Cogne",2026-05-01,129.433779077861,19.8102726249788,41.8054635865174,88.7444317237253,145.284577924624,388.783907118535
"low_tourism","cogne","Cogne",2026-06-01,115.949380899145,19.7463377852351,44.2410965969112,80.5612915371891,145.413661990937,291.912668453664
"low_tourism","cogne","Cogne",2026-07-01,160.612846202846,34.8298114056635,75.6240174830812,112.182954964737,203.386221868722,419.933943902252
"low_tourism","cogne","Cogne",2026-08-01,238.822302678108,31.5099811924812,80.628091364922,161.825142792243,269.452225837625,645.071911331467
"low_tourism","cogne","Cogne",2026-09-01,211.752648993478,30.9224106631533,73.4212233674089,144.127982376486,280.697948441233,538.5478695863
"low_tourism","courmayeur","Courmayeur",2025-10-01,4848.59128265576,1243.14313364967,2369.12421044024,4177.06235619715,7069.84473912769,11056.1815788929
"low_tourism","courmayeur","Courmayeur",2025-11-01,4221.726279023,670.290349641725,1472.91542485784,2995.21392443082,6091.8534792798,11119.1994561556
"low_tourism","courmayeur","Courmayeur",2025-12-01,5508.93683257051,1118.42014395465,2111.70582481681,3951.0858866919,6686.86650086016,13168.9765372258
"low_tourism","courmayeur","Courmayeur",2026-01-01,2740.12004947341,584.482790597509,910.777835591278,1505.84529107413,2610.73284469123,7566.52740949962
"low_tourism","courmayeur","Courmayeur",2026-02-01,2260.70482595645,506.598688896911,1012.11227262114,1761.18130523485,3269.77985828792,4837.60248923538
"low_tourism","courmayeur","Courmayeur",2026-03-01,1128.18735875709,206.049715680715,363.216474402976,830.243659432683,1343.2579422339,2526.50902223721
"low_tourism","courmayeur","Courmayeur",2026-04-01,518.117167775903,60.666797793302,167.873134502935,352.596386329604,633.568442098294,1411.07321131038
"low_tourism","courmayeur","Courmayeur",2026-05-01,278.706645462221,38.202621740484,71.5572319560847,147.647277706054,283.103998158446,992.37382941394
"low_tourism","courmayeur","Courmayeur",2026-06-01,286.610928050618,36.3134246881659,85.7323861513162,190.372474415557,342.162898750535,742.196416753906
"low_tourism","courmayeur","Courmayeur",2026-07-01,420.605644382364,76.6933843727745,128.645572702936,269.583902218755,534.392282131413,1089.32220166969
"low_tourism","courmayeur","Courmayeur",2026-08-01,780.922756368798,85.3075629119536,308.535904317506,518.070308012818,1100.10685210185,1678.37222851091
"low_tourism","courmayeur","Courmayeur",2026-09-01,961.256626842856,112.936398497837,257.624657144698,550.013504892089,1323.61126505985,3642.85730774479
"low_tourism","donnas","Donnas",2025-10-01,281.296786360198,75.2732401152992,127.634995874154,221.009074357134,301.086360144582,588.743930804546
"low_tourism","donnas","Donnas",2025-11-01,974.108336958308,193.643931368024,357.477522370732,601.456514736973,1289.59046440842,2688.0106059844
"low_tourism","donnas","Donnas",2025-12-01,2524.04944148997,324.011314277204,727.060653682508,1635.03798437653,2795.22304417367,6308.04879249184
"low_tourism","donnas","Donnas",2026-01-01,1934.14256186666,260.926705022328,491.504137018485,1027.54909289848,2373.57614963135,6936.18624640305
"low_tourism","donnas","Donnas",2026-02-01,1458.6005375624,166.387861199098,485.540439702531,1035.86812978151,2021.8215978308,3642.09033213453
"low_tourism","donnas","Donnas",2026-03-01,792.047797696298,54.9433124141807,301.637922095769,652.388460336229,899.950600599806,2388.83809680502
"low_tourism","donnas","Donnas",2026-04-01,377.365153116206,55.8850333467139,124.965821476753,233.958021507959,514.949109202481,988.520550318185
"low_tourism","donnas","Donnas",2026-05-01,363.053107100658,37.2937382264706,92.8249676611004,169.066095594447,342.874125042714,1293.74260079242
"low_tourism","donnas","Donnas",2026-06-01,203.156507538349,28.78879749797,59.9566256346603,124.543771572565,237.11879275898,745.176453377313
"low_tourism","donnas","Donnas",2026-07-01,357.081868299224,61.6295402135259,130.316783026822,230.118992974689,505.413645177377,1045.00652205177
"low_tourism","donnas","Donnas",2026-08-01,974.457250696437,76.8204166270632,248.223637748761,385.052253171016,774.041106553684,3757.37084737453
"low_tourism","donnas","Donnas",2026-09-01,512.000473531538,64.668191011264,143.473084561986,236.887531836568,525.403823074425,1676.53022558863
"low_tourism","doues","Doues",2025-10-01,405.722603971134,56.0580051149415,169.257550228117,317.211375923283,482.201650229941,1201.91586551071
"low_tourism","doues","Doues",2025-11-01,1013.82605751545,110.639168800535,326.987080027524,648.867903832422,1218.80688364372,3366.4339873259
"low_tourism","doues","Doues",2025-12-01,2431.67903569463,431.146038224158,785.190783527836,1402.48275367703,2171.01129367003,6338.05066721197
"low_tourism","doues","Doues",2026-01-01,1319.24869977357,248.965913276567,402.78954957225,627.097513538585,984.022029647908,3166.44986447515
"low_tourism","doues","Doues",2026-02-01,1053.73447682695,204.802690902216,428.300783909616,674.524763001894,1010.6073510623,3507.20291581909
"low_tourism","doues","Doues",2026-03-01,408.315063866388,52.9583582955321,160.293835369453,261.653384252638,630.116824011501,1005.86266067315
"low_tourism","doues","Doues",2026-04-01,193.804245764085,27.5590915811051,67.6526739443514,125.511014185428,225.061899999758,522.39798311957
"low_tourism","doues","Doues",2026-05-01,97.578669156066,21.0200044746776,50.242959943335,86.1957286248564,139.384912043179,205.739790379804
"low_tourism","doues","Doues",2026-06-01,86.29172874275,22.1989390070372,40.0321403315434,72.0427324999838,108.778981999928,201.65140598544
"low_tourism","doues","Doues",2026-07-01,220.952030002054,31.7973553176454,82.7300185507225,144.572310514931,285.615580087974,594.121473885944
"low_tourism","doues","Doues",2026-08-01,335.508582104229,42.0209910305171,92.4001981306499,192.110605875623,376.06878928296,1124.16170616617
"low_tourism","doues","Doues",2026-09-01,337.921348626959,38.4181611984574,97.1995431993086,159.924186071236,450.849264388641,964.517783197494
"low_tourism","emarese","Emarèse",2025-10-01,33.4370416554389,5.61876065735564,10.574781565266,18.7411508578761,43.0970291234361,116.996995889102
"low_tourism","emarese","Emarèse",2025-11-01,271.452025590071,63.0709969002824,90.0186541079549,186.092631350745,344.160634085188,899.448091208526
"low_tourism","emarese","Emarèse",2025-12-01,1442.19981268468,269.770118521908,570.232870953934,1027.00549021341,1682.80176329182,4330.61890567714
"low_tourism","emarese","Emarèse",2026-01-01,1156.06507020885,313.355331126997,535.939650212602,873.652380736426,1500.99277187301,3222.96106350798
"low_tourism","emarese","Emarèse",2026-02-01,1698.41069670162,126.950386388348,535.10579932159,1033.31300574919,2148.52702095552,5209.49640405873
"low_tourism","emarese","Emarèse",2026-03-01,608.772977728732,84.3723781432425,209.817624154783,421.597552498406,737.736955978413,1729.62600370736
"low_tourism","emarese","Emarèse",2026-04-01,343.165519522535,42.3488151488391,121.704508581843,211.459082816449,313.580283933691,888.460489065252
"low_tourism","emarese","Emarèse",2026-05-01,183.408563413352,19.7739033510868,73.2900886896186,128.825445601684,229.765016787412,472.293582900696
"low_tourism","emarese","Emarèse",2026-06-01,105.823908986023,12.4429212052226,35.3919963848088,80.8113062435382,151.839075817835,261.861746304821
"low_tourism","emarese","Emarèse",2026-07-01,242.974793412702,37.2124839356512,77.2697532228328,163.650622787058,349.387973834319,637.528675159244
"low_tourism","emarese","Emarèse",2026-08-01,377.774773590555,68.2688575412387,148.945100807796,245.824654023074,529.914177447383,1125.33186603029
"low_tourism","emarese","Emarèse",2026-09-01,189.913274580353,30.5206797865687,79.8829254413793,134.05762566689,198.973010429889,535.104400929305
"low_tourism","etroubles","Etroubles",2025-10-01,953.34372909256,121.574762781054,470.562661950632,723.63514564356,1135.47100995487,2186.70752843635
"low_tourism","etroubles","Etroubles",2025-11-01,1113.37458138993,177.787533235383,480.659751494128,806.518708837534,1435.720444771,3028.58424467295
"low_tourism","etroubles","Etroubles",2025-12-01,1626.67746085302,241.425616981311,572.995046405817,1189.5398103684,2098.54842346839,4655.75229403391
"low_tourism","etroubles","Etroubles",2026-01-01,1250.40703129282,156.139440554998,333.619592897419,724.066084408013,1355.5360732827,3151.7211821997
"low_tourism","etroubles","Etroubles",2026-02-01,968.744049812728,71.3868004685103,282.693623767215,517.088017739824,873.952822514688,1902.27041594932
"low_tourism","etroubles","Etroubles",2026-03-01,468.607117836097,41.3578771759737,125.316064687159,309.93425735486,483.054765973649,1888.49201209653
"low_tourism","etroubles","Etroubles",2026-04-01,186.903448303164,19.3625930252207,43.9998056689242,106.827089845131,234.141995403199,516.49751875477
"low_tourism","etroubles","Etroubles",2026-05-01,81.7830994770048,10.8885210651228,40.8163690624634,57.0713253851324,98.9024257674525,225.894874089679
"low_tourism","etroubles","Etroubles",2026-06-01,88.2587878155167,21.9494486769428,43.6137848963451,65.6101202192823,83.0334005877135,183.53147552244
"low_tourism","etroubles","Etroubles",2026-07-01,144.156744141012,34.7345367784473,64.0145042549904,109.311402381859,203.52894883568,340.792069489098
"low_tourism","etroubles","Etroubles",2026-08-01,274.881007984229,34.9075155782762,79.4460460166411,192.902409173872,307.238677226874,914.044624695017
"low_tourism","etroubles","Etroubles",2026-09-01,267.362521092003,40.9533682486288,86.7242854763964,182.869489758238,361.372196635896,783.118369905021
"low_tourism","fenis","Fénis",2025-10-01,508.437791313482,101.785057488336,259.523549434658,438.796558607789,669.94525372957,1152.02721516869
"low_tourism","fenis","Fénis",2025-11-01,1753.37000105298,184.426597425934,495.114664593063,942.606799633138,2335.75482862727,6195.10391406681
"low_tourism","fenis","Fénis",2025-12-01,2704.97710456109,402.086322593245,948.179044344892,1674.697527885,3342.01887170175,7029.02727890577
"low_tourism","fenis","Fénis",2026-01-01,1417.9509278422,173.424444214782,450.109409159603,872.321521521204,1496.97639633294,4757.66542659762
"low_tourism","fenis","Fénis",2026-02-01,1105.8868005398,125.632825800467,410.033217266687,768.04815629731,1285.46274677804,3976.00239138997
"low_tourism","fenis","Fénis",2026-03-01,419.592275643442,60.2525798282984,140.311054551876,271.744936449082,429.148465767007,1549.76386024717
"low_tourism","fenis","Fénis",2026-04-01,274.51092887954,36.8161117174357,78.2092668625787,164.648355131921,295.939059152888,654.610089851862
"low_tourism","fenis","Fénis",2026-05-01,160.879112619797,18.4893764727648,36.6303000933226,94.2061683534828,196.513284320343,540.516345692621
"low_tourism","fenis","Fénis",2026-06-01,157.286641102078,14.3758615141929,42.6183088222337,93.6615246272208,212.574157506754,466.552712332662
"low_tourism","fenis","Fénis",2026-07-01,247.957724599215,36.9128203588045,79.9835801615511,152.126402940431,346.447201598313,619.408831802858
"low_tourism","fenis","Fénis",2026-08-01,334.616492422215,45.3378298432961,96.4335893966004,160.736814099064,326.909502315141,1088.78837163136
"low_tourism","fenis","Fénis",2026-09-01,280.957140006025,36.985642231197,85.735075288777,144.517106630018,266.93050951554,1025.90486622662
"low_tourism","fontainemore","Fontainemore",2025-10-01,290.799638588217,41.898222991047,90.4970385780888,164.710913144357,282.925141614994,880.995582054399
"low_tourism","fontainemore","Fontainemore",2025-11-01,607.337666247645,68.7459322676001,231.322808022056,390.290230847007,610.346127584038,993.405916890673
"low_tourism","fontainemore","Fontainemore",2025-12-01,1460.04627737581,292.174422626871,541.250842028092,817.133710535859,1695.65155870988,4162.38406666558
"low_tourism","fontainemore","Fontainemore",2026-01-01,869.024882604152,140.828151164647,298.89538469057,705.195917603079,1142.92218570375,2392.26894217366
"low_tourism","fontainemore","Fontainemore",2026-02-01,816.859262154093,144.677549769229,264.877251435509,445.149013591328,1077.03203895398,2387.49820394069
"low_tourism","fontainemore","Fontainemore",2026-03-01,314.941234753333,59.3106777253993,117.700992489904,205.46921892968,356.014139998252,925.361057179542
"low_tourism","fontainemore","Fontainemore",2026-04-01,140.998165617385,22.7482067705808,60.0382763828138,106.217368467134,175.797195653629,377.751395536847
"low_tourism","fontainemore","Fontainemore",2026-05-01,80.9872327931598,4.94725521787635,18.1891864989934,46.5533592486682,103.565336572897,222.57479832862
"low_tourism","fontainemore","Fontainemore",2026-06-01,94.8274381389047,12.5454073086258,33.6766535112068,53.3841998768815,111.562844402538,226.639953022466
"low_tourism","fontainemore","Fontainemore",2026-07-01,193.114843376789,27.800153616102,67.9328807957502,112.640142968541,210.738088674493,564.554508522611
"low_tourism","fontainemore","Fontainemore",2026-08-01,376.949719245226,45.6599147828721,97.3038563020271,222.429091928997,443.256955788692,1188.90289120887
"low_tourism","fontainemore","Fontainemore",2026-09-01,453.948392732488,54.6080001764433,105.589495004047,165.858393149695,454.513506808505,1348.58721538811
"low_tourism","gaby","Gaby",2025-10-01,386.028925871604,85.940386325859,174.036821346105,308.896053882789,495.130776243479,1019.53670995397
"low_tourism","gaby","Gaby",2025-11-01,891.175107492562,161.333907741527,340.161185912676,720.115690206139,1112.71585055581,2106.35881293397
"low_tourism","gaby","Gaby",2025-12-01,2871.9287074973,302.315624325605,884.894620683265,1445.17749137542,3536.87446083146,11737.007593508
"low_tourism","gaby","Gaby",2026-01-01,1423.06426124688,216.439027846589,411.890723816733,900.041026735149,1410.03713489647,4956.03130334379
"low_tourism","gaby","Gaby",2026-02-01,1189.60210086501,255.608340604063,506.383835776528,887.086899813268,1637.98458653675,2656.85366494791
"low_tourism","gaby","Gaby",2026-03-01,755.627634934202,81.9452860449608,255.28012192528,447.384864178598,867.554132516053,1854.50320756305
"low_tourism","gaby","Gaby",2026-04-01,391.185332846631,46.1868675399509,118.272816150973,216.563201300178,658.793228445337,913.259737893806
"low_tourism","gaby","Gaby",2026-05-01,182.64215632205,22.9903848603827,60.3464556348392,107.911348127973,240.30457581855,535.366564059022
"low_tourism","gaby","Gaby",2026-06-01,128.607476064754,22.774862862287,53.2271513861397,83.3829201910838,190.296414103579,361.875326629656
"low_tourism","gaby","Gaby",2026-07-01,327.810964820519,52.0836488412753,114.483160166929,193.548216881979,423.215854069206,1039.58072607564
"low_tourism","gaby","Gaby",2026-08-01,615.797397221561,64.4998067266848,180.427810245143,339.394113340297,633.235620185912,2075.32344261358
"low_tourism","gaby","Gaby",2026-09-01,373.718106636842,45.1057811616821,97.4217613419317,214.201762519067,411.442412607112,1034.22190768343
"low_tourism","gignod","Gignod",2025-10-01,676.088416296727,116.661693360582,328.345751461458,438.714095728376,775.375559670699,1805.62657785127
"low_tourism","gignod","Gignod",2025-11-01,1408.32457452885,218.806042562756,589.884768636896,1020.44356593678,2037.94586923255,3999.35248567559
"low_tourism","gignod","Gignod",2025-12-01,3077.54633667466,561.890654663592,1448.41915646305,1792.16652304914,4004.74696148218,9433.51603927164
"low_tourism","gignod","Gignod",2026-01-01,1563.913610496,202.081562451561,730.312561244528,1346.05314051433,2027.91728528466,3825.17853104329
"low_tourism","gignod","Gignod",2026-02-01,1235.32497503794,312.452562022942,577.527756917227,925.999143913219,1649.56844426168,3435.79097795328
"low_tourism","gignod","Gignod",2026-03-01,681.805533025492,90.1464909082071,251.181794167677,405.115445390773,808.804737066667,1611.33750207711
"low_tourism","gignod","Gignod",2026-04-01,423.867847972583,31.3558030560504,122.301319332215,208.444317597467,439.171893542107,1220.02703194174
"low_tourism","gignod","Gignod",2026-05-01,215.998864497791,32.9379714317675,82.133592958831,147.17573898589,247.805155580337,598.903122201866
"low_tourism","gignod","Gignod",2026-06-01,262.483330435295,45.8834890841803,92.0376662689171,152.037654347042,249.354681691593,881.824191501459
"low_tourism","gignod","Gignod",2026-07-01,390.35807557698,48.1789399899089,154.572992894744,262.750220592901,449.002899829376,973.04955473187
"low_tourism","gignod","Gignod",2026-08-01,694.179801488702,70.1359379063883,208.616475608136,410.870499094012,772.783881176922,2706.82655435675
"low_tourism","gignod","Gignod",2026-09-01,598.595901236164,85.2272962322745,157.097661708946,334.239105656874,671.938715997394,2227.19409065259
"low_tourism","gressan","Gressan",2025-10-01,585.393504632723,146.129781267236,238.466243487872,540.521787114027,768.205910501747,1065.25202938311
"low_tourism","gressan","Gressan",2025-11-01,1899.96249985511,263.504765899478,654.438916486797,1287.4532585306,2041.00751519492,4515.23284325768
"low_tourism","gressan","Gressan",2025-12-01,4842.10395650923,901.404176697036,2064.92144962855,4112.34215986008,6005.22700498919,12683.9753035535
"low_tourism","gressan","Gressan",2026-01-01,4049.16174474659,583.18654694049,1557.68319047236,3192.14766932305,5294.13679321708,11477.8742306207
"low_tourism","gressan","Gressan",2026-02-01,3564.39669594391,723.672848810904,1668.84599212061,2572.6491807611,4289.44724367221,8258.88015728366
"low_tourism","gressan","Gressan",2026-03-01,1506.90281956741,313.204893335303,550.989708867476,905.395652032294,2026.63736463974,3770.06357650147
"low_tourism","gressan","Gressan",2026-04-01,721.499229592002,76.2951574847955,231.225689353775,380.953637046503,963.594001127234,2262.4708385406
"low_tourism","gressan","Gressan",2026-05-01,301.879420314514,51.9248857163836,100.988513216532,222.421605782562,346.630745156321,951.925831215565
"low_tourism","gressan","Gressan",2026-06-01,338.656315071688,36.1369522595613,88.2244575129769,243.810592150794,460.884276066083,896.250048312776
"low_tourism","gressan","Gressan",2026-07-01,629.800918220598,89.9441841072661,178.947069641987,440.704329276484,736.544018052952,2000.49730111484
"low_tourism","gressan","Gressan",2026-08-01,820.895010278791,148.468157112454,383.212334854099,509.764618541528,966.756250078613,1760.33429119677
"low_tourism","gressan","Gressan",2026-09-01,812.323708791048,133.829079286956,274.693011411583,479.862166202658,915.134549992455,2767.33654589448
"low_tourism","gressoney la trinite","Gressoney-La-Trinité",2025-10-01,856.122241008189,188.829303081906,399.315612116989,604.493152373206,889.158939223784,2385.05075066078
"low_tourism","gressoney la trinite","Gressoney-La-Trinité",2025-11-01,817.660436151096,139.631892843232,307.43495819279,548.553124882129,976.022036826161,2496.04534374392
"low_tourism","gressoney la trinite","Gressoney-La-Trinité",2025-12-01,1998.80532675962,432.896965327507,866.13311107699,1373.45306052087,2442.6009392622,5407.40169511023
"low_tourism","gressoney la trinite","Gressoney-La-Trinité",2026-01-01,1421.75496863612,193.665895579963,555.821888488037,986.524162986331,1664.25354288747,4275.15498481466
"low_tourism","gressoney la trinite","Gressoney-La-Trinité",2026-02-01,1301.42750350972,189.730929873707,423.524551915187,763.742676800071,1773.14131738805,3145.05744647482
"low_tourism","gressoney la trinite","Gressoney-La-Trinité",2026-03-01,771.543794044694,91.4946831769531,367.663080952991,473.120464139712,839.214049630046,2243.3082265677
"low_tourism","gressoney la trinite","Gressoney-La-Trinité",2026-04-01,332.211265369265,39.5888558018663,170.654666328719,266.973152652476,403.425745004389,868.487650885287
"low_tourism","gressoney la trinite","Gressoney-La-Trinité",2026-05-01,185.637625738679,26.024878923249,67.528323228653,115.150964386745,231.772846744966,580.10308763658
"low_tourism","gressoney la trinite","Gressoney-La-Trinité",2026-06-01,231.559979169105,28.8233436865698,72.1606563777013,125.830329220166,255.430417171891,949.112272198293
"low_tourism","gressoney la trinite","Gressoney-La-Trinité",2026-07-01,345.447267310743,68.6314221595334,147.442184459082,240.47195953342,427.404885255404,1098.25268181707
"low_tourism","gressoney la trinite","Gressoney-La-Trinité",2026-08-01,616.683788122133,61.5539740161446,203.218625807851,441.614355424397,716.798781002781,1225.54727106584
"low_tourism","gressoney la trinite","Gressoney-La-Trinité",2026-09-01,465.047864821596,53.1149317758493,126.150472619336,275.9590472817,540.949247715862,1462.4737078171
"low_tourism","gressoney saint jean","Gressoney-Saint-Jean",2025-10-01,1393.05091227692,246.711296686989,462.807859764405,780.43353613469,1871.75706897437,4292.86883307372
"low_tourism","gressoney saint jean","Gressoney-Saint-Jean",2025-11-01,2485.66476381565,449.663451534584,898.763642842531,1737.29262013283,3297.65728365721,7515.44502425783
"low_tourism","gressoney saint jean","Gressoney-Saint-Jean",2025-12-01,4943.86667295232,787.000341218173,1709.53759430649,2959.39423728473,5402.19732313855,16900.3536418536
"low_tourism","gressoney saint jean","Gressoney-Saint-Jean",2026-01-01,3282.7548292516,587.063694317891,1364.3530719628,2234.95129365443,4424.80529927013,8933.89742767454
"low_tourism","gressoney saint jean","Gressoney-Saint-Jean",2026-02-01,1993.78062420706,552.202692070178,957.718526074756,1363.89855709855,2058.43823916098,5984.8236905317
"low_tourism","gressoney saint jean","Gressoney-Saint-Jean",2026-03-01,879.991333697055,160.95672862484,360.910800813056,612.07556088176,1323.34976683042,2475.97129016074
"low_tourism","gressoney saint jean","Gressoney-Saint-Jean",2026-04-01,420.539914956878,88.2623796164371,183.013670897511,293.272933723752,553.194084224347,1125.05478050614
"low_tourism","gressoney saint jean","Gressoney-Saint-Jean",2026-05-01,266.16201413085,45.2839400772964,107.650286271198,172.369750528793,322.636869477306,718.732098049127
"low_tourism","gressoney saint jean","Gressoney-Saint-Jean",2026-06-01,280.793835502081,72.215764216255,107.989243955159,192.024569162702,326.062392667881,722.849759852708
"low_tourism","gressoney saint jean","Gressoney-Saint-Jean",2026-07-01,440.996222844352,63.4621493065622,204.202733253772,338.013764429043,579.443601852861,1141.21530916387
"low_tourism","gressoney saint jean","Gressoney-Saint-Jean",2026-08-01,867.811026244262,69.6494244869449,252.18106472265,478.637597729626,883.761415604423,3372.83417849947
"low_tourism","gressoney saint jean","Gressoney-Saint-Jean",2026-09-01,511.798428354012,59.6719926563564,156.504157648869,365.944616071018,728.082143579674,1342.76430376932
"low_tourism","hone","Hône",2025-10-01,228.029511459053,32.6697248503196,87.0006603487563,162.891529514027,310.795563250214,529.201027973732
"low_tourism","hone","Hône",2025-11-01,1518.88258530324,155.892939452849,305.725820143886,581.072919818212,1333.03531131245,3945.50500949467
"low_tourism","hone","Hône",2025-12-01,2994.35590822479,510.032837933493,1167.16627160115,2076.14394846021,3693.65173722395,8188.2459898154
"low_tourism","hone","Hône",2026-01-01,2407.10517398069,319.620889265873,641.726016968584,1316.77268548713,2788.51712283581,8234.57400525373
"low_tourism","hone","Hône",2026-02-01,2292.8094031508,432.385893366919,843.855228280541,1598.4769151737,2539.63563560408,6501.93665216438
"low_tourism","hone","Hône",2026-03-01,798.097854449476,116.451328145161,309.834781630018,652.196618020602,1163.52279374639,1976.68360814632
"low_tourism","hone","Hône",2026-04-01,393.269178529365,48.4777471474519,127.695373010863,243.878365503119,590.055857993906,1006.15682674164
"low_tourism","hone","Hône",2026-05-01,276.573260984401,63.3781356742343,118.491593004006,171.513642250859,376.561434088822,829.247256037972
"low_tourism","hone","Hône",2026-06-01,254.930364346378,43.2919797068284,119.489449948988,172.642411672699,287.58407405402,860.112479967994
"low_tourism","hone","Hône",2026-07-01,678.691608473572,81.548066052331,193.838784526815,374.819480080977,737.570044741788,2745.73417324373
"low_tourism","hone","Hône",2026-08-01,739.519174194633,77.7115495724185,275.161912775193,438.600119324739,1070.23349499681,1942.89688501929
"low_tourism","hone","Hône",2026-09-01,600.390543218103,45.5592887347391,179.060794819364,331.534354748239,658.50191286487,1661.48670860005
"low_tourism","introd","Introd",2025-10-01,432.484994660915,108.759333658705,206.991949614682,324.56087559443,501.219831470625,1181.35475117897
"low_tourism","introd","Introd",2025-11-01,1057.56979319694,159.603729093103,401.525370464576,673.262376396349,1218.42565027351,3718.46525484611
"low_tourism","introd","Introd",2025-12-01,2214.42492312266,467.882251627097,1069.09350020073,1563.02298634573,2690.44712646931,6364.5573756048
"low_tourism","introd","Introd",2026-01-01,1667.34937248846,170.276632605572,528.732281535367,861.425136811951,1881.85484945929,4714.74042261272
"low_tourism","introd","Introd",2026-02-01,1120.96555487921,171.29271361451,443.866350138857,803.073847436186,1398.86221870688,3285.88391261115
"low_tourism","introd","Introd",2026-03-01,599.158810324171,109.464809557817,230.567923146258,366.877868966282,637.336964253672,1449.34602234671
"low_tourism","introd","Introd",2026-04-01,244.292838734356,39.1405079989905,98.2288347994919,196.876928641674,330.696738713917,603.559295477652
"low_tourism","introd","Introd",2026-05-01,167.675380361468,19.6069051229271,52.3549213861417,113.345438437986,247.82698378519,501.189512499898
"low_tourism","introd","Introd",2026-06-01,225.40181392097,37.3624258791469,89.5799206909821,140.088228521103,257.383758964759,694.418260628749
"low_tourism","introd","Introd",2026-07-01,313.937160228271,62.2037804036023,101.505386949614,178.172750879396,318.508669472014,976.287639880902
"low_tourism","introd","Introd",2026-08-01,538.989651242164,60.9879299944347,144.745519444104,235.147286842327,542.33267812352,1214.8638154144
"low_tourism","introd","Introd",2026-09-01,391.407485045901,49.6663196362931,121.576084244912,237.062549123648,353.570661655526,1505.53565103544
"low_tourism","issime","Issime",2025-10-01,144.550745146773,41.6793103176465,75.3115002187041,111.906372011945,175.073420026324,385.048778889876
"low_tourism","issime","Issime",2025-11-01,506.002224715754,131.948948679757,184.52683303798,259.817684909551,571.063162923395,1570.12911924093
"low_tourism","issime","Issime",2025-12-01,958.335006080867,207.795430638633,389.279826509303,653.979707862879,1301.24539893567,2731.82568603863
"low_tourism","issime","Issime",2026-01-01,695.878580431401,94.639749081328,257.197816847423,470.911382324761,813.096878048932,2252.71086813245
"low_tourism","issime","Issime",2026-02-01,612.716026255336,81.4947272209232,198.520854364643,431.180053697134,734.835125094671,2100.08112906417
"low_tourism","issime","Issime",2026-03-01,294.328975012779,26.9873640694393,94.154942681897,169.463565471498,376.986875600401,1038.97942271118
"low_tourism","issime","Issime",2026-04-01,156.381438615733,30.660458937564,48.9882950639239,96.1328873927978,202.635778571706,458.590493749507
"low_tourism","issime","Issime",2026-05-01,87.0572577128806,14.6886445582773,30.0066807029986,50.6154685539809,116.343189189633,209.592537729842
"low_tourism","issime","Issime",2026-06-01,64.8422376287172,7.47285200482477,25.5210178408994,46.0458836048428,76.4531767395031,194.78548823139
"low_tourism","issime","Issime",2026-07-01,110.758965907504,11.9547347746486,41.2487890007419,81.9780003300113,138.169039861192,325.761697027231
"low_tourism","issime","Issime",2026-08-01,157.280420814754,18.4999277630876,46.087072342222,95.0735155570854,245.192869517377,517.518521455753
"low_tourism","issime","Issime",2026-09-01,157.203530199604,21.3913265829072,60.6352749332069,106.667644943199,163.46802667314,526.118204395155
"low_tourism","issogne","Issogne",2025-10-01,148.99542274068,49.0312487955309,69.7722205892926,124.621536597864,176.464088407981,317.603167723696
"low_tourism","issogne","Issogne",2025-11-01,486.060199847696,114.844623743941,186.379644731844,326.498934051093,551.675419057191,1275.80926086035
"low_tourism","issogne","Issogne",2025-12-01,1026.91235513613,169.06913911069,496.0073828392,688.384530303955,1209.63031021896,2699.39268522052
"low_tourism","issogne","Issogne",2026-01-01,956.681696446132,99.2741624545589,319.763334431451,567.897338140945,1007.90750173807,2620.08266044713
"low_tourism","issogne","Issogne",2026-02-01,870.49923933123,226.223787886569,357.166617369933,607.763711961936,1193.67201125304,2310.15512662142
"low_tourism","issogne","Issogne",2026-03-01,550.537766994891,78.9453307721358,214.999455707851,363.32650912438,580.507691519291,2101.85235035619
"low_tourism","issogne","Issogne",2026-04-01,209.564536110753,31.9331432415626,96.4472949015734,150.437039437712,225.338038504875,565.080733875182
"low_tourism","issogne","Issogne",2026-05-01,145.549849900102,26.3419127956516,60.3891394439546,107.885631530264,213.397441792406,361.207357653345
"low_tourism","issogne","Issogne",2026-06-01,173.024173058822,43.2344113373342,83.9175278611639,165.348512503997,225.38549101752,406.005498737827
"low_tourism","issogne","Issogne",2026-07-01,353.864133515287,47.6787817836123,131.479000025359,234.672323167824,478.184642962846,1018.02639673071
"low_tourism","issogne","Issogne",2026-08-01,489.246310383241,51.3280575773994,199.268524018348,330.310677599316,589.055690159636,1096.0051631593
"low_tourism","issogne","Issogne",2026-09-01,424.097275688913,66.7079943609624,126.804987561527,341.358570793678,657.422125244412,1056.63068094573
"low_tourism","jovencan","Jovençan",2025-10-01,1038.39521752579,222.689576096651,346.720325207941,597.244309880362,1434.91821813409,2565.5915298831
"low_tourism","jovencan","Jovençan",2025-11-01,4227.84861761072,903.300511136886,1822.82499825883,3019.05736269397,6256.2084474313,11123.1284349256
"low_tourism","jovencan","Jovençan",2025-12-01,11320.1387681285,1525.37451997018,4059.05728689112,6993.54915756532,12924.2573592531,32041.8753542047
"low_tourism","jovencan","Jovençan",2026-01-01,9679.32598417132,1758.73005955185,3423.97986468697,7326.08562230759,11034.7127182737,27101.4969910841
"low_tourism","jovencan","Jovençan",2026-02-01,9199.41578727519,1070.94474095544,3095.68315139492,6631.24646571208,12472.6271117985,23994.838916358
"low_tourism","jovencan","Jovençan",2026-03-01,5628.8828938042,690.14038222416,1582.09789019464,3903.59899252987,6928.09841067115,17806.1975494299
"low_tourism","jovencan","Jovençan",2026-04-01,2172.39003322457,307.381181783863,761.54623767169,1206.91659483898,2539.22137580256,6695.87153221807
"low_tourism","jovencan","Jovençan",2026-05-01,1822.88202105339,153.727660181894,476.212001034229,1029.31625422034,2292.23546621673,5994.68248123791
"low_tourism","jovencan","Jovençan",2026-06-01,989.480090487002,138.715196115311,352.31082047943,687.918563648239,1209.91253766116,2488.96940645422
"low_tourism","jovencan","Jovençan",2026-07-01,1672.05706871686,215.515854052979,462.864253576699,1032.81296546863,1754.15871802395,5203.88438942449
"low_tourism","jovencan","Jovençan",2026-08-01,2964.10194319603,350.647177131544,596.783394677746,1315.40505658704,2637.04498935032,8719.33763181668
"low_tourism","jovencan","Jovençan",2026-09-01,1947.99810688524,218.101513607428,703.733044173535,1222.7978343101,2182.119198368,4771.71752856739
"low_tourism","la magdeleine","La Magdeleine",2025-10-01,73.4389132737976,12.4272710676864,33.7111818737674,58.5327544210492,91.1087121230799,176.470213771265
"low_tourism","la magdeleine","La Magdeleine",2025-11-01,155.717122408349,39.0732977898146,69.5592120110493,116.664704603965,208.95398813443,378.0602496773
"low_tourism","la magdeleine","La Magdeleine",2025-12-01,551.262583966569,109.490952122639,225.085525181616,324.258707804156,861.027614458516,1465.68136042803
"low_tourism","la magdeleine","La Magdeleine",2026-01-01,385.110599364309,42.352100096424,126.78488701335,251.288515130381,512.437664228123,1291.84849519634
"low_tourism","la magdeleine","La Magdeleine",2026-02-01,386.44419637321,46.6641651080369,90.3007786539838,154.570668385589,500.851177465685,1427.53274718691
"low_tourism","la magdeleine","La Magdeleine",2026-03-01,176.672209139572,30.5656752075946,63.0178907648339,95.1897101268832,171.055467735812,393.975946026122
"low_tourism","la magdeleine","La Magdeleine",2026-04-01,79.7171989568216,15.592366446373,29.5154132817791,47.8503463109256,68.1222215171826,172.983850338497
"low_tourism","la magdeleine","La Magdeleine",2026-05-01,35.9056564249694,3.89621662660303,8.88081706822584,17.715517860044,49.8847857893341,103.841758114475
"low_tourism","la magdeleine","La Magdeleine",2026-06-01,38.0804056489357,2.47658032535902,7.82997764560365,16.9282219520319,42.9466346971157,143.749319566423
"low_tourism","la magdeleine","La Magdeleine",2026-07-01,62.6811372492812,4.96132564995076,18.6891772761123,39.485358509859,62.8449043863913,220.433156319486
"low_tourism","la magdeleine","La Magdeleine",2026-08-01,86.0978308847763,13.2951028458172,24.1089913840479,61.7243367359691,125.653790340402,211.127215453865
"low_tourism","la magdeleine","La Magdeleine",2026-09-01,70.2123146571832,13.1855531469665,20.9365234908584,49.9690882753195,95.381867520033,190.416393269709
"low_tourism","la salle","La Salle",2025-10-01,960.512163107546,175.790108590468,455.145228766965,606.814224556603,1138.79458227284,2713.7096626828
"low_tourism","la salle","La Salle",2025-11-01,1787.0840259914,209.582704357903,760.87437759586,999.745877270167,2164.19485204254,6320.96719362014
"low_tourism","la salle","La Salle",2025-12-01,4655.33524892101,608.335225748287,1032.54214703169,1998.68766876553,4245.63454099505,13990.1886301442
"low_tourism","la salle","La Salle",2026-01-01,1654.69445129996,145.86084654083,609.777856657758,1240.4414184783,2330.4173009487,4275.41486365369
"low_tourism","la salle","La Salle",2026-02-01,1467.96197111159,219.874170171761,572.89648088394,1047.35649257646,1937.62027877983,3790.38425776844
"low_tourism","la salle","La Salle",2026-03-01,695.427051743696,123.546157615957,217.160212085322,464.58310341618,712.330429834337,2239.20921500412
"low_tourism","la salle","La Salle",2026-04-01,274.205175123824,41.6452297189044,77.3791251102986,145.504788472219,272.27650321268,833.259514795685
"low_tourism","la salle","La Salle",2026-05-01,218.150554529454,17.5495165261928,38.6316616162034,101.425874814534,167.327854664989,441.544409746609
"low_tourism","la salle","La Salle",2026-06-01,155.878428630503,13.7950460531114,45.6772106837173,105.156273232604,227.445056394904,451.58387385039
"low_tourism","la salle","La Salle",2026-07-01,220.248871741022,26.1920759324293,60.8224770077997,160.288727588462,317.320052913793,548.003104620213
"low_tourism","la salle","La Salle",2026-08-01,294.559701095785,33.1837572389411,109.047104231046,186.510794516661,359.270079430926,911.028415396193
"low_tourism","la salle","La Salle",2026-09-01,263.444196849212,56.817715401969,87.4387648301329,189.771489337041,375.326220826296,671.776822976441
"low_tourism","la thuile","La Thuile",2025-10-01,1116.08902516662,209.602954745981,550.541669788781,784.271307637652,1426.53167938623,2500.26865413643
"low_tourism","la thuile","La Thuile",2025-11-01,1181.04051963845,269.89338233517,395.688364188359,838.400299186086,1713.27817634579,2761.95246839475
"low_tourism","la thuile","La Thuile",2025-12-01,2694.47194079627,372.309937848619,835.754827194978,1812.37852430772,3567.12029148196,7674.57087211499
"low_tourism","la thuile","La Thuile",2026-01-01,1576.89839352328,176.521445889808,530.90830435164,1216.54799233822,1944.53921429206,4869.05143053256
"low_tourism","la thuile","La Thuile",2026-02-01,1453.59558547203,207.161717809635,412.373348366722,652.817141464531,1452.32267575807,5829.50969516213
"low_tourism","la thuile","La Thuile",2026-03-01,849.693136399813,78.4352366657979,229.567130742668,390.062287468325,1179.90674259432,3087.37591546025
"low_tourism","la thuile","La Thuile",2026-04-01,392.69370094101,49.6204252971483,89.1561877090195,211.949343428843,425.83584261185,1193.68880453417
"low_tourism","la thuile","La Thuile",2026-05-01,93.7642012819613,5.71686486168322,29.402357703829,63.4912355254244,111.553978288853,294.242836903577
"low_tourism","la thuile","La Thuile",2026-06-01,80.8818759339719,13.1593954729129,31.8286861002039,73.0764507428461,122.190182362164,179.842451787942
"low_tourism","la thuile","La Thuile",2026-07-01,176.559234487434,20.7710816136709,62.0648723828024,131.825030176914,271.030854439168,381.415508264956
"low_tourism","la thuile","La Thuile",2026-08-01,424.347224624534,44.6066987942599,103.9753172199,221.475817217288,430.812775677017,1719.00950731028
"low_tourism","la thuile","La Thuile",2026-09-01,421.692016867067,66.5605711002881,135.275463242103,257.815044039563,413.496640267756,1172.7630737964
"low_tourism","lillianes","Lillianes",2025-10-01,249.666575593622,59.990919851222,116.339852716218,176.375751846744,329.670122374341,599.974074080342
"low_tourism","lillianes","Lillianes",2025-11-01,800.159919156865,176.425507775726,389.238386676377,591.230124348662,1012.74122900772,1949.423850312
"low_tourism","lillianes","Lillianes",2025-12-01,1959.12493397101,349.104937621098,718.239772356961,1174.13104511981,2441.7184036469,6199.46216929529
"low_tourism","lillianes","Lillianes",2026-01-01,1089.8393769314,140.454767771281,347.055960083693,643.241485364551,1354.74361477437,3067.35040158578
"low_tourism","lillianes","Lillianes",2026-02-01,1075.19767891214,184.794258141715,366.901174358603,619.907305909671,1427.79339347529,2956.61789767285
"low_tourism","lillianes","Lillianes",2026-03-01,485.360832359253,83.6461245406354,163.27922842467,330.269253083607,616.024825935215,1519.24123045507
"low_tourism","lillianes","Lillianes",2026-04-01,230.502870222114,34.2301270191523,82.3634671096178,149.326639619963,249.65777571415,752.424327552462
"low_tourism","lillianes","Lillianes",2026-05-01,167.060418362449,21.9094342562182,64.1331493891119,116.254549616689,233.206410740992,475.717657338304
"low_tourism","lillianes","Lillianes",2026-06-01,251.048640146381,17.4643969902844,72.7466182605759,127.380042193512,325.213911149116,851.97824019541
"low_tourism","lillianes","Lillianes",2026-07-01,437.857294462563,63.615921955159,136.76471833758,272.705013318169,520.409920221984,1444.07102144586
"low_tourism","lillianes","Lillianes",2026-08-01,629.525482887358,90.5164569486715,214.446863093617,300.441853345782,956.661945494762,1969.96271040906
"low_tourism","lillianes","Lillianes",2026-09-01,586.62980954118,48.6260896127696,160.081537688049,279.165441072674,591.855950132065,2341.96497535641
"low_tourism","montjovet","Montjovet",2025-10-01,1091.68568025885,152.331884522633,380.668009161676,655.957742974671,1308.81335152911,3202.80111260834
"low_tourism","montjovet","Montjovet",2025-11-01,4993.83173999703,681.983667720885,1537.66124646962,3118.88908542472,7006.6407749077,16194.8395445764
"low_tourism","montjovet","Montjovet",2025-12-01,10432.2383260596,1885.29086182523,3999.34091440852,8616.11758723345,12965.414327833,28446.7522865824
"low_tourism","montjovet","Montjovet",2026-01-01,11468.3700186351,1078.77287599061,3552.10645477736,6648.6114029328,10221.9040345179,34802.979296594
"low_tourism","montjovet","Montjovet",2026-02-01,11279.5927747435,1746.91884492897,4239.5237609648,8569.64443163556,14774.9932671258,32560.7399061684
"low_tourism","montjovet","Montjovet",2026-03-01,5621.40109527537,669.013449226673,2283.01807806141,3671.90774545863,7286.78638988334,15732.3323707724
"low_tourism","montjovet","Montjovet",2026-04-01,2295.04621215569,267.184234500817,726.295352997694,1220.49935884235,3121.4883530646,8665.83775519016
"low_tourism","montjovet","Montjovet",2026-05-01,1505.29605795536,289.395341967936,558.976301452161,960.563761656218,1812.8839943361,3802.59337613091
"low_tourism","montjovet","Montjovet",2026-06-01,1569.20539060866,151.477899730786,568.617229436556,1297.73280477541,2030.11586663999,3068.10131372445
"low_tourism","montjovet","Montjovet",2026-07-01,4401.38142492409,391.091918960115,1180.30091505744,2868.16624865887,5355.14602884852,11196.2349088577
"low_tourism","montjovet","Montjovet",2026-08-01,4677.87394840158,1036.75225288326,2206.16784053115,3336.72951994445,6062.42518580078,10593.3044743642
"low_tourism","montjovet","Montjovet",2026-09-01,2700.3257723006,746.879739996357,1236.51030368727,2233.9134230031,3217.98586056309,6377.10388482202
"low_tourism","morgex","Morgex",2025-10-01,862.877340400086,200.433794725935,387.485650267216,651.449104531733,977.186231362076,2188.29589993534
"low_tourism","morgex","Morgex",2025-11-01,1924.87131550064,257.498666441975,827.200194296988,1238.98376656797,2650.16776587098,5386.2463901089
"low_tourism","morgex","Morgex",2025-12-01,3596.56368076088,564.576201828935,1140.01323232405,2334.84340620414,4571.45920106573,11242.5664799873
"low_tourism","morgex","Morgex",2026-01-01,1792.33082094826,169.391283415618,495.288692814547,830.26880226662,1939.2977152587,6012.68344118589
"low_tourism","morgex","Morgex",2026-02-01,1351.60602657656,89.0084944225796,364.927340382837,821.736870917061,1404.78479961158,5480.58996090203
"low_tourism","morgex","Morgex",2026-03-01,538.5162597012,47.8611280767162,132.817878256282,279.519458765867,654.420526517143,1667.43336367611
"low_tourism","morgex","Morgex",2026-04-01,210.869255523459,54.4989542190073,108.411834870228,196.491364590461,288.02450377294,418.09592376289
"low_tourism","morgex","Morgex",2026-05-01,151.168496822332,22.3300749481085,56.1486523052875,86.8956971524463,175.650863915857,460.804904031535
"low_tourism","morgex","Morgex",2026-06-01,143.672925530882,35.8811738312259,55.8539152943975,86.0538120270198,194.937185495078,404.436593872433
"low_tourism","morgex","Morgex",2026-07-01,190.458882346943,34.659811406858,86.3831585012199,169.057374247278,248.874003871504,367.807794263513
"low_tourism","morgex","Morgex",2026-08-01,332.974535518881,77.127157220878,132.19743150153,229.675701528005,361.037838787368,824.183072646983
"low_tourism","morgex","Morgex",2026-09-01,352.216186551815,47.8853469173348,142.750069247843,246.743444563822,482.00137786233,984.805873463793
"low_tourism","nus","Nus",2025-10-01,838.454923270384,173.024899168186,361.274257592582,526.969224642165,1015.42697270005,2211.65888354938
"low_tourism","nus","Nus",2025-11-01,2502.50723357719,356.342706055339,913.064307851145,1571.01990708443,2868.84146989385,7930.9551510041
"low_tourism","nus","Nus",2025-12-01,4279.2481044337,558.27050544502,1467.47087656093,2910.32394359358,4297.99987200465,12552.6662927385
"low_tourism","nus","Nus",2026-01-01,3318.27193108152,499.918716990188,1124.21837384732,1939.81028668113,3153.39357376257,7359.41088097054
"low_tourism","nus","Nus",2026-02-01,1803.23468474072,368.040096407248,882.438504265762,1429.20713478409,2215.83806278377,4043.47977893983
"low_tourism","nus","Nus",2026-03-01,862.3302684597,122.371128683808,251.248813461749,642.335765242844,1157.70128876907,2212.07309916757
"low_tourism","nus","Nus",2026-04-01,414.784707534351,57.8572797242641,118.511198730824,320.083553398368,577.474566630587,1208.9866745808
"low_tourism","nus","Nus",2026-05-01,183.048124585918,43.1177177422442,75.394756970348,160.635125298753,248.26248626184,444.732752457567
"low_tourism","nus","Nus",2026-06-01,171.316604405023,27.2417619228195,59.7613269997451,123.584221913993,242.322983964876,495.76712532646
"low_tourism","nus","Nus",2026-07-01,446.562204630441,34.2466628918556,99.0462768328241,230.596076375931,501.097775376197,1039.86319496467
"low_tourism","nus","Nus",2026-08-01,540.13701599043,66.8070628062832,161.950551692026,281.216416632426,675.414864637761,1464.05488677521
"low_tourism","nus","Nus",2026-09-01,466.728675145511,80.7202971676791,144.861762526404,307.608116794517,609.259035571039,1275.7409773807
"low_tourism","ollomont","Ollomont",2025-10-01,57.5124627060498,13.9208834406787,23.765778050117,40.8370094151932,90.6693843339891,135.257540540857
"low_tourism","ollomont","Ollomont",2025-11-01,160.887370480833,11.7809757592434,41.4061651406701,82.6960578065104,212.381170805792,549.106270245849
"low_tourism","ollomont","Ollomont",2025-12-01,359.238558080954,47.6867121120434,139.032133089779,234.430685378934,388.648309263051,1073.74231383974
"low_tourism","ollomont","Ollomont",2026-01-01,188.299942989804,30.8426139443289,72.2562134563073,120.94436118408,228.354939641526,568.476264337527
"low_tourism","ollomont","Ollomont",2026-02-01,201.530288119396,25.925593360419,68.4172016549756,134.689335308966,263.353823412998,628.336307143008
"low_tourism","ollomont","Ollomont",2026-03-01,62.2379802707348,11.4108491772752,22.0549317116057,37.8234334278722,81.3463015360465,164.021765570306
"low_tourism","ollomont","Ollomont",2026-04-01,25.5150563930086,3.69819188854152,8.27903648226508,19.0227960103369,30.253742660161,78.5981884769515
"low_tourism","ollomont","Ollomont",2026-05-01,18.9095919132256,4.75503729249758,7.89992524585196,11.3820666074712,23.6243160374116,51.2357896049967
"low_tourism","ollomont","Ollomont",2026-06-01,25.2634712936851,4.25432086736374,8.79863640981064,16.4603757394981,27.5527236322335,82.1541386787595
"low_tourism","ollomont","Ollomont",2026-07-01,53.8551230450648,9.38197996260692,18.0942796014319,29.9384013711896,69.9501114361453,172.820278275841
"low_tourism","ollomont","Ollomont",2026-08-01,113.535052900417,14.4954263594892,33.7756626447874,66.7077352224989,137.290085155701,420.055825484732
"low_tourism","ollomont","Ollomont",2026-09-01,63.7067954916429,7.29954169283635,22.394510759153,46.5783917745428,89.7358185881461,174.249449479291
"low_tourism","oyace","Oyace",2025-10-01,14.4568033238278,2.3969615108593,5.63279275572276,10.3406632190793,17.555598381557,43.5531624028379
"low_tourism","oyace","Oyace",2025-11-01,61.6449007299783,12.6217213827547,24.7083985638511,44.5836366038387,85.1436399147767,138.523034257743
"low_tourism","oyace","Oyace",2025-12-01,190.302912405277,26.6726593301424,56.8010628754786,151.076833389284,265.336796596479,495.013796202954
"low_tourism","oyace","Oyace",2026-01-01,71.9140747656884,6.59200599609491,22.4342405009866,45.7760075481724,71.7087181667732,269.81921761168
"low_tourism","oyace","Oyace",2026-02-01,77.8392983092499,10.9128342628406,28.2162080929918,58.7957400792505,97.9520148783074,188.474629297612
"low_tourism","oyace","Oyace",2026-03-01,44.6928758386256,3.1239926101606,8.82978257409295,27.5888600531728,66.5217228161148,133.674372610048
"low_tourism","oyace","Oyace",2026-04-01,19.3073835530052,1.75733205949358,5.86913317796068,12.2259092512972,22.7622916982304,63.8660264036661
"low_tourism","oyace","Oyace",2026-05-01,13.8430857232444,1.90600190809136,3.78919608005359,9.51991836970062,15.2263827005925,49.2402144949043
"low_tourism","oyace","Oyace",2026-06-01,16.1161182827824,0.710901617417657,3.85500088732395,9.89853389029622,29.7304959490446,46.7400317595051
"low_tourism","oyace","Oyace",2026-07-01,23.7924157716795,1.98400085149094,8.8759681727178,16.7607562491866,30.1511740205778,77.5302005770739
"low_tourism","oyace","Oyace",2026-08-01,44.9826575921019,3.49600670770531,12.1160673916977,23.3036216654115,53.0042715343963,152.364500677024
"low_tourism","oyace","Oyace",2026-09-01,38.9757921865786,4.45242404683875,12.7362571490535,21.3717320643285,43.4841662655372,105.681323495769
"low_tourism","perloz","Perloz",2025-10-01,186.130508722496,45.2879591361142,71.8720750689095,160.068105703054,239.401680086138,423.704853407322
"low_tourism","perloz","Perloz",2025-11-01,579.740091006436,106.041533818909,280.500281026614,408.046737574648,786.828733838555,1514.26675728313
"low_tourism","perloz","Perloz",2025-12-01,1792.13211384392,321.976734935525,575.852176761646,992.159583536979,2555.07512098951,4848.17903285277
"low_tourism","perloz","Perloz",2026-01-01,1161.51006889968,114.323114821368,284.9529383036,607.641500979213,1451.04568321809,3278.66885074084
"low_tourism","perloz","Perloz",2026-02-01,1040.16972338757,127.470512642976,365.059987234596,821.335265772896,1196.644372942,2595.81282266563
"low_tourism","perloz","Perloz",2026-03-01,943.452498387832,99.0246569976799,177.345728417315,348.615196631604,776.854548286053,3833.08289676231
"low_tourism","perloz","Perloz",2026-04-01,357.892136467778,37.3026153235019,115.654500621932,251.660672484673,404.109866493656,1089.34096106755
"low_tourism","perloz","Perloz",2026-05-01,171.066655710782,18.948749473965,49.2297969357203,102.669799904515,269.590698612297,467.171224240134
"low_tourism","perloz","Perloz",2026-06-01,177.856390673452,25.8041340778773,46.0334743331794,114.041508248263,180.148433191788,579.510272765188
"low_tourism","perloz","Perloz",2026-07-01,306.879636362106,49.3019749926681,89.8666821709792,150.229272531905,370.605702469243,1025.93955141657
"low_tourism","perloz","Perloz",2026-08-01,314.982473270769,48.7200526506229,133.987552036457,264.23705716492,425.935424519562,885.284371749243
"low_tourism","perloz","Perloz",2026-09-01,285.684250810877,60.1979680502082,127.14689221773,178.938275716647,251.766902012866,999.29007178579
"low_tourism","pollein","Pollein",2025-10-01,2766.11257330698,602.485333216599,996.434610373522,1921.80024400504,3716.96050364925,5875.62429155234
"low_tourism","pollein","Pollein",2025-11-01,6878.5709705803,1383.84446325521,2599.40278899037,4364.61073714609,8137.85991349195,24003.7009368131
"low_tourism","pollein","Pollein",2025-12-01,14898.2484837879,1545.79358952048,4094.76973601633,9603.29205457767,19548.4713326531,39710.9148315045
"low_tourism","pollein","Pollein",2026-01-01,5663.69950769805,1030.08065274617,2423.58699978741,4302.54929197769,9072.34292240425,12939.4162516048
"low_tourism","pollein","Pollein",2026-02-01,5381.79217390169,985.801301870481,1850.34909745944,3623.39453311151,7594.80987023153,14119.2101371802
"low_tourism","pollein","Pollein",2026-03-01,2151.85937174708,322.790837914167,799.531329206544,1514.46309955175,3307.88051248371,5449.1406578744
"low_tourism","pollein","Pollein",2026-04-01,1086.44000481124,109.705423394534,441.791530902599,763.907786065689,1171.4825932278,3382.43778943149
"low_tourism","pollein","Pollein",2026-05-01,799.323421486163,90.3907005598908,384.258885668641,679.041621443917,934.740920798124,2051.15083217619
"low_tourism","pollein","Pollein",2026-06-01,738.7318288458,72.7730283834511,294.452575614735,541.314298251567,953.552290584038,2053.94150898102
"low_tourism","pollein","Pollein",2026-07-01,1189.27763013393,186.129275352931,498.235940097836,933.528672970305,1417.38212480627,2762.32947392049
"low_tourism","pollein","Pollein",2026-08-01,1318.63805148996,171.388147653972,523.482752503921,971.597606148306,1703.82841164642,3621.36468150324
"low_tourism","pollein","Pollein",2026-09-01,1360.37754568201,320.118370176644,419.289930417304,852.518325876022,1590.84427416745,4977.77029890849
"low_tourism","pont saint martin","Pont-Saint-Martin",2025-10-01,1167.0280188469,254.837253721847,503.736825454953,776.00622520915,1544.01203790062,3265.4365680325
"low_tourism","pont saint martin","Pont-Saint-Martin",2025-11-01,3012.08934106388,434.68339679787,1032.47942535172,1635.96459215023,4665.75695682451,7518.09318288789
"low_tourism","pont saint martin","Pont-Saint-Martin",2025-12-01,7479.7707353267,1256.70069502567,2335.69382322967,4250.51674287133,8502.06775488303,27959.8529294052
"low_tourism","pont saint martin","Pont-Saint-Martin",2026-01-01,4872.87827079258,694.045081642527,1290.17643395156,2843.56919758247,6494.1677358482,14639.9454120515
"low_tourism","pont saint martin","Pont-Saint-Martin",2026-02-01,5960.02245852244,582.92136260039,1845.38680960022,4147.86324720114,7672.94344671258,19127.9234362222
"low_tourism","pont saint martin","Pont-Saint-Martin",2026-03-01,2341.86735230081,419.541301790146,1070.59911277602,1860.39869939757,2917.34986408913,5570.82461234766
"low_tourism","pont saint martin","Pont-Saint-Martin",2026-04-01,1514.12350834914,283.520270210095,454.767058331975,991.165022202413,2218.08548957548,3839.61270444888
"low_tourism","pont saint martin","Pont-Saint-Martin",2026-05-01,987.882119825453,142.677120474313,261.644606670198,463.743224787772,971.517470813109,2080.31699882693
"low_tourism","pont saint martin","Pont-Saint-Martin",2026-06-01,763.025072493031,110.144758447258,194.410517213947,470.855676722641,855.673002359317,2202.36996007875
"low_tourism","pont saint martin","Pont-Saint-Martin",2026-07-01,1088.05858864039,152.600454382019,395.541468250649,646.266370881959,1206.54990409077,2355.10870517999
"low_tourism","pont saint martin","Pont-Saint-Martin",2026-08-01,1308.35328718124,207.175513614454,460.818752824719,751.903181345821,1381.94488216927,3671.7556483236
"low_tourism","pont saint martin","Pont-Saint-Martin",2026-09-01,1138.59505007138,227.435010074372,378.921173957855,677.655718093321,1854.57402338893,2872.67352401632
"low_tourism","pontboset","Pontboset",2025-10-01,263.592287039128,43.5708936985433,105.780776884145,203.026798802743,358.514926220794,706.829689472935
"low_tourism","pontboset","Pontboset",2025-11-01,530.280056217903,78.2679297453217,229.697634138302,416.178422196254,837.510516943144,1254.44019830527
"low_tourism","pontboset","Pontboset",2025-12-01,1321.29915833139,94.8257457907382,411.53189390979,903.14207168599,1988.82601201215,3569.2084630464
"low_tourism","pontboset","Pontboset",2026-01-01,591.372853282536,91.8730439741491,240.700865602612,489.216816526229,784.183521377984,1551.12411284879
"low_tourism","pontboset","Pontboset",2026-02-01,608.222540504732,60.4571842742766,156.755363138671,439.432002855528,765.478560288294,2201.27312175454
"low_tourism","pontboset","Pontboset",2026-03-01,376.910123326844,54.0102453330767,112.916571196446,207.189441363577,473.017486679542,1370.28749535748
"low_tourism","pontboset","Pontboset",2026-04-01,177.658938387994,26.8174584637215,63.1846158418361,120.036694264915,247.338807197563,474.529403903087
"low_tourism","pontboset","Pontboset",2026-05-01,105.293866984495,14.9506515459563,36.2134817079792,75.5554634245252,144.055776887799,227.240030040963
"low_tourism","pontboset","Pontboset",2026-06-01,80.176718302271,13.4084293626144,27.7996402703792,63.7432525556908,109.795691559856,195.362890685155
"low_tourism","pontboset","Pontboset",2026-07-01,159.436462709693,34.767852364526,62.1660552828381,124.959995539768,215.310986053192,368.11931442309
"low_tourism","pontboset","Pontboset",2026-08-01,250.255852919405,36.7870072131395,93.4184230990642,175.714085145298,272.77221930198,830.161723409324
"low_tourism","pontboset","Pontboset",2026-09-01,224.941203530537,21.181773629687,65.3993389423864,141.07566426206,276.635593045591,703.588315434312
"low_tourism","pontey","Pontey",2025-10-01,157.098341500429,32.4414262002156,72.3841880179055,101.706522148971,181.066960018067,413.156713426852
"low_tourism","pontey","Pontey",2025-11-01,731.591470542603,178.681906867271,289.895241735078,440.462875526687,877.613211092943,2243.91765739397
"low_tourism","pontey","Pontey",2025-12-01,2268.95544099029,563.564964147626,918.139355774437,1842.76656311707,3073.0714002462,5608.92586436505
"low_tourism","pontey","Pontey",2026-01-01,1598.91990408343,225.244797653647,517.57082685433,1072.19861118629,2020.12144019611,5230.91677083515
"low_tourism","pontey","Pontey",2026-02-01,1387.69718325751,193.182507820437,540.230177675434,962.497749750093,1562.04305688116,3828.22372088824
"low_tourism","pontey","Pontey",2026-03-01,739.952329190315,140.520049240324,239.315576259389,410.007908433077,753.518825706654,2083.00470234134
"low_tourism","pontey","Pontey",2026-04-01,348.976098806288,45.1693980902566,159.12130763049,249.183377622452,438.270702593745,939.239405118711
"low_tourism","pontey","Pontey",2026-05-01,224.110520174719,35.9256127288238,71.0636534257185,157.606880841439,363.928347555713,480.139756847881
"low_tourism","pontey","Pontey",2026-06-01,228.941114258501,26.0248032708761,84.5313488272495,161.671947231425,320.498723561003,591.369622205657
"low_tourism","pontey","Pontey",2026-07-01,413.858603336116,58.8145103667402,133.628675099216,283.167170128808,535.541005484286,1309.12093794144
"low_tourism","pontey","Pontey",2026-08-01,541.890202601141,111.241636050546,189.321558390311,388.803628665735,732.474781478978,1180.2274349639
"low_tourism","pontey","Pontey",2026-09-01,354.706855381869,102.156070683826,161.686500132326,232.414394690939,354.738744091003,1150.19042906348
"low_tourism","pre saint didier","Pré-Saint-Didier",2025-10-01,2154.72712341494,411.959282235854,850.177918827754,1262.71582478335,2551.3215174157,6763.20160292084
"low_tourism","pre saint didier","Pré-Saint-Didier",2025-11-01,2703.48505842736,584.362447871733,1015.90343878812,1909.85391946048,3251.53323055875,7850.39872808057
"low_tourism","pre saint didier","Pré-Saint-Didier",2025-12-01,6001.21267257019,825.116037169538,1666.15223498094,3099.90459947459,5717.76169437844,18908.1799095581
"low_tourism","pre saint didier","Pré-Saint-Didier",2026-01-01,2366.0280076877,376.068871797084,940.558252350355,1927.63396039716,3444.02155876332,6115.80565199503
"low_tourism","pre saint didier","Pré-Saint-Didier",2026-02-01,2413.36644844016,292.896179899634,758.895271247707,1397.60540731068,2900.27530877455,6762.2562597928
"low_tourism","pre saint didier","Pré-Saint-Didier",2026-03-01,798.123117748625,178.053613957704,263.586732007968,577.852479383025,989.976877028434,1997.42905394645
"low_tourism","pre saint didier","Pré-Saint-Didier",2026-04-01,370.10656929331,60.5461393007117,155.670165241737,282.043947067175,481.598571956262,973.655342509021
"low_tourism","pre saint didier","Pré-Saint-Didier",2026-05-01,228.917112644545,32.5764937984182,79.7644857961969,140.031676277879,295.846488246252,726.772515480262
"low_tourism","pre saint didier","Pré-Saint-Didier",2026-06-01,290.868050126096,32.8457487755851,96.9581470512715,206.212804594651,457.152381634089,827.723298203242
"low_tourism","pre saint didier","Pré-Saint-Didier",2026-07-01,380.320815708818,67.0738561569139,145.767064298545,264.330681531845,418.647376424056,1363.45695463105
"low_tourism","pre saint didier","Pré-Saint-Didier",2026-08-01,567.227625204473,76.3919427491322,193.278922030716,304.751367842876,748.66618739796,1798.68790981068
"low_tourism","pre saint didier","Pré-Saint-Didier",2026-09-01,499.058832091333,80.7230312395779,154.61773042323,298.454906649218,649.122387143791,1776.97785466144
"low_tourism","quart","Quart",2025-10-01,833.124223717187,126.580795369882,268.503223177056,625.650547405351,1142.43392315049,2311.20243452852
"low_tourism","quart","Quart",2025-11-01,2544.49856982653,357.927130664997,851.370192398232,1622.24494277136,3330.23123302025,8144.43612804728
"low_tourism","quart","Quart",2025-12-01,5394.01393659229,1226.89102128973,2110.43999189843,3872.30752611036,7584.30118011157,15074.6599773413
"low_tourism","quart","Quart",2026-01-01,2540.8838095889,592.194333360914,1181.80214618362,1831.49110448513,3681.9429966256,6063.39871174949
"low_tourism","quart","Quart",2026-02-01,2463.15642995342,437.863791757378,936.642568053775,1690.72366541479,2902.88926716361,7817.6359042391
"low_tourism","quart","Quart",2026-03-01,1199.9208411837,129.362645801288,433.921485384418,764.290391234042,1226.27617221314,2896.86673995849
"low_tourism","quart","Quart",2026-04-01,446.904505065717,72.8227028143095,190.158087508144,412.81413297886,545.965790179194,1061.25539000094
"low_tourism","quart","Quart",2026-05-01,350.36418903159,81.4622146596021,131.508156836537,211.003324698018,425.427694160226,944.566871721658
"low_tourism","quart","Quart",2026-06-01,311.053920382288,39.8839268928973,103.803397601536,171.952103589274,392.121113752971,989.198844007089
"low_tourism","quart","Quart",2026-07-01,527.278233140979,71.6594362808861,198.160829866739,275.643744082892,826.884622756802,1548.4208808361
"low_tourism","quart","Quart",2026-08-01,796.425656731766,116.739932828178,223.254820231202,436.811231833616,951.435276088826,2265.80881874575
"low_tourism","quart","Quart",2026-09-01,591.378467307368,95.7900122760138,229.345238183899,461.603146725059,669.518541573819,1772.49607267669
"low_tourism","rhemes notre dame","Rhêmes-Notre-Dame",2025-10-01,327.177492826929,60.5651274368655,92.3573402334028,219.127369044026,303.29640882425,976.738437224342
"low_tourism","rhemes notre dame","Rhêmes-Notre-Dame",2025-11-01,514.835259771962,105.889975659447,205.841513517013,308.405232650621,609.374591724882,1293.69950039896
"low_tourism","rhemes notre dame","Rhêmes-Notre-Dame",2025-12-01,1285.51587922649,348.377397377765,506.166678773001,911.608892531941,1828.5313907214,2934.10924822565
"low_tourism","rhemes notre dame","Rhêmes-Notre-Dame",2026-01-01,655.374132516352,132.396310095731,319.215985440908,533.876728911075,894.17913526099,1562.0889377458
"low_tourism","rhemes notre dame","Rhêmes-Notre-Dame",2026-02-01,795.709175578132,90.1224950578438,215.636619443927,398.913977600525,737.120974237037,2857.18584837657
"low_tourism","rhemes notre dame","Rhêmes-Notre-Dame",2026-03-01,391.90325611059,57.0142476089257,108.941862249909,213.459468650412,446.656481934928,1363.29114630003
"low_tourism","rhemes notre dame","Rhêmes-Notre-Dame",2026-04-01,101.840118868696,17.7731310820416,36.1201582307456,63.7916246547565,125.013701755163,307.343913252013
"low_tourism","rhemes notre dame","Rhêmes-Notre-Dame",2026-05-01,50.7137292258123,5.29698765422683,16.6072151627444,29.8294803679649,57.981210257052,178.72955541024
"low_tourism","rhemes notre dame","Rhêmes-Notre-Dame",2026-06-01,67.1507584589249,9.07191429029699,14.9969124180824,36.8172483359827,82.6822354494597,179.607060825679
"low_tourism","rhemes notre dame","Rhêmes-Notre-Dame",2026-07-01,104.818256236252,10.9684722215384,17.686757644014,44.4018346620818,133.119640880463,398.293702482513
"low_tourism","rhemes notre dame","Rhêmes-Notre-Dame",2026-08-01,148.13690744925,18.4817439787299,44.5308274107988,84.4217207719831,171.851924733882,377.806519748364
"low_tourism","rhemes notre dame","Rhêmes-Notre-Dame",2026-09-01,186.432980166921,27.3174711674341,52.2061584849155,89.6671245297258,171.907505767599,644.061300466639
"low_tourism","rhemes saint georges","Rhêmes-Saint-Georges",2025-10-01,76.3861685677079,10.1606248116815,29.8975872016541,51.3345945555047,78.7940135050372,241.29944106002
"low_tourism","rhemes saint georges","Rhêmes-Saint-Georges",2025-11-01,196.610765881758,40.6728736602823,91.994718734918,139.183280840006,287.654246467249,479.958577249875
"low_tourism","rhemes saint georges","Rhêmes-Saint-Georges",2025-12-01,526.335987495501,83.5453134422867,182.879373663971,316.636835158328,723.931515478256,1184.11438129833
"low_tourism","rhemes saint georges","Rhêmes-Saint-Georges",2026-01-01,404.994760269405,61.1913396442389,124.471135395548,206.107605716793,432.212250810601,1525.21011028975
"low_tourism","rhemes saint georges","Rhêmes-Saint-Georges",2026-02-01,442.734267176614,55.3614247249571,152.483569227018,256.39359317132,514.741674820906,1526.8411457015
"low_tourism","rhemes saint georges","Rhêmes-Saint-Georges",2026-03-01,158.801522793934,20.6192676300329,35.6369932616253,70.6392074328122,135.681883367993,695.122148065356
"low_tourism","rhemes saint georges","Rhêmes-Saint-Georges",2026-04-01,47.0560265387069,5.31408292115167,11.7118210930824,25.9056467248315,62.0679130356083,120.774206839876
"low_tourism","rhemes saint georges","Rhêmes-Saint-Georges",2026-05-01,33.193888519456,3.69475501285945,10.917554232422,19.2301440819174,52.6324589795039,94.2220740301544
"low_tourism","rhemes saint georges","Rhêmes-Saint-Georges",2026-06-01,37.7054044213709,6.45745499318334,13.1277629383102,26.2874292487346,48.2087077437053,100.992921197038
"low_tourism","rhemes saint georges","Rhêmes-Saint-Georges",2026-07-01,97.2924662882125,7.9668780190272,24.1003956283921,51.178375776928,120.913487706976,326.68071891689
"low_tourism","rhemes saint georges","Rhêmes-Saint-Georges",2026-08-01,155.283985678168,18.3584182695524,40.5125534807559,72.7130705610049,167.260570146734,627.627504990093
"low_tourism","rhemes saint georges","Rhêmes-Saint-Georges",2026-09-01,76.3806559230083,11.8476682985195,31.8119631411079,54.9268976128403,90.5676538781373,238.164721841624
"low_tourism","roisan","Roisan",2025-10-01,325.062333900289,88.6915256994454,153.740790596864,259.010362782602,381.530446286194,903.890134624995
"low_tourism","roisan","Roisan",2025-11-01,1384.97158310436,230.779566169977,476.812256098905,779.286444448572,1708.7200798949,4130.97595219046
"low_tourism","roisan","Roisan",2025-12-01,3686.68212844646,866.817763973294,1568.15574760528,2388.82075535714,4666.77074169916,11163.9328525798
"low_tourism","roisan","Roisan",2026-01-01,3540.67761617926,350.617878727083,887.574741437268,1988.58697583042,4606.31022600449,10138.4864536919
"low_tourism","roisan","Roisan",2026-02-01,2598.70732161843,480.631020401381,950.349694433987,1748.73734879656,3623.1706424603,7030.75730193957
"low_tourism","roisan","Roisan",2026-03-01,1290.41898909429,176.099865603709,435.28002526204,777.644148609677,1236.28055053458,5237.59407983251
"low_tourism","roisan","Roisan",2026-04-01,592.056299388433,70.0546812700892,196.577705954389,380.223880897908,774.282430331049,1437.76907738073
"low_tourism","roisan","Roisan",2026-05-01,490.108605185868,52.9233424629732,142.892243196272,279.839293188808,484.693796414345,1713.38941634982
"low_tourism","roisan","Roisan",2026-06-01,474.05392276629,62.2376832821229,192.371872012448,292.96604168938,635.407977509144,1559.13294025861
"low_tourism","roisan","Roisan",2026-07-01,926.055191602259,121.786457112884,270.013319976211,559.34581881949,1061.14592193199,2969.23983329744
"low_tourism","roisan","Roisan",2026-08-01,922.660136278669,126.868304782879,261.031225870259,498.325205162052,1035.95317862388,2761.30379288442
"low_tourism","roisan","Roisan",2026-09-01,797.619290514518,59.3961205181636,216.800291086039,396.488524370638,918.782417486694,2115.74220257668
"low_tourism","saint christophe","Saint-Christophe",2025-10-01,1200.22260820784,266.201550099793,451.344937759644,769.683835332143,1483.95589120033,2981.42285999943
"low_tourism","saint christophe","Saint-Christophe",2025-11-01,4394.37336781324,722.839593885917,1285.35059082689,2480.22733437754,4575.48288346079,11730.9320744326
"low_tourism","saint christophe","Saint-Christophe",2025-12-01,10005.2528953894,1960.51853256773,4645.9844187659,8016.79572852054,11599.5899693384,24409.8083964401
"low_tourism","saint christophe","Saint-Christophe",2026-01-01,5474.93792812174,970.282729488934,2383.43514238298,3873.32901440821,6789.11459805995,12576.5205392814
"low_tourism","saint christophe","Saint-Christophe",2026-02-01,7038.56645760939,1171.42409658394,2003.75672258941,3874.68308615461,6550.17497895036,17421.5198963196
"low_tourism","saint christophe","Saint-Christophe",2026-03-01,2006.69678453362,350.134788898018,1029.19492548106,1517.25688249143,2445.00513906466,4286.35344595326
"low_tourism","saint christophe","Saint-Christophe",2026-04-01,1251.90692152559,148.744898550112,570.652490862539,927.317327775714,1530.54295145271,3190.45857122422
"low_tourism","saint christophe","Saint-Christophe",2026-05-01,1107.23728538021,132.803997026823,371.346322281805,606.913125241969,1537.91526941669,3961.35481165103
"low_tourism","saint christophe","Saint-Christophe",2026-06-01,994.63031339618,119.97213115169,343.226502667494,714.637163279621,1518.80473041394,2704.84168655507
"low_tourism","saint christophe","Saint-Christophe",2026-07-01,1439.15572836928,181.787872350241,512.52257549508,966.962416560187,1750.24876248006,3642.17511170228
"low_tourism","saint christophe","Saint-Christophe",2026-08-01,2081.74909955747,336.963902290577,578.894295621225,991.891608454382,2167.03047604907,5470.73920055015
"low_tourism","saint christophe","Saint-Christophe",2026-09-01,1711.63046280737,164.044602895873,449.265239555807,801.550874503637,1756.99185855997,6946.53280006188
"low_tourism","saint denis","Saint-Denis",2025-10-01,61.3133175538453,10.2658124951613,24.0635800059636,46.8121964044954,80.8820250652373,158.080971714227
"low_tourism","saint denis","Saint-Denis",2025-11-01,546.167756399287,87.1528448742355,223.36530880826,373.345236383364,631.146723507062,1567.76016998977
"low_tourism","saint denis","Saint-Denis",2025-12-01,2916.38688136482,821.432258211978,1121.55698582179,2024.78924180119,3855.73937056393,7015.87687644999
"low_tourism","saint denis","Saint-Denis",2026-01-01,1962.45468178041,480.494034219383,895.218602604494,1394.99325786655,2022.64239285595,7054.5943505871
"low_tourism","saint denis","Saint-Denis",2026-02-01,3005.31300152263,592.279597868043,1084.62029806029,2075.5329840115,3440.03650383946,8358.14460670258
"low_tourism","saint denis","Saint-Denis",2026-03-01,1237.72405899887,213.262135621855,434.642965646286,737.791928937876,1389.90509730446,3522.47612794491
"low_tourism","saint denis","Saint-Denis",2026-04-01,604.951638015803,114.838552119678,257.411787455036,432.404914520206,677.065225972199,1790.73566087749
"low_tourism","saint denis","Saint-Denis",2026-05-01,378.407687424329,42.8998502223143,126.735649694586,271.550680470004,399.674421226532,1041.01982447824
"low_tourism","saint denis","Saint-Denis",2026-06-01,281.597320332451,48.7280683697501,116.56022038906,229.053451872019,367.513402170857,673.779978137556
"low_tourism","saint denis","Saint-Denis",2026-07-01,580.078275726232,107.036412400258,223.814377757711,388.295514399748,751.085207155299,1761.82993944004
"low_tourism","saint denis","Saint-Denis",2026-08-01,913.845109904409,149.557346070708,316.639312728188,747.718637993842,1316.23097621433,2016.32202463944
"low_tourism","saint denis","Saint-Denis",2026-09-01,865.408240491968,90.5850677292657,154.593218800668,347.31380342245,912.537210768223,1874.35125522473
"low_tourism","saint marcel","Saint-Marcel",2025-10-01,98.7381654170924,30.0129232761652,47.0054443997781,66.3101934391883,114.587901581949,317.934954103921
"low_tourism","saint marcel","Saint-Marcel",2025-11-01,347.501802918653,65.4145432227085,152.324600340643,296.125758271068,568.312182320959,776.520138631386
"low_tourism","saint marcel","Saint-Marcel",2025-12-01,1088.70114363265,201.516046693268,351.873247962613,676.938658361617,1165.6593371567,3106.40201685221
"low_tourism","saint marcel","Saint-Marcel",2026-01-01,609.414088811411,100.792327425404,205.161095271552,377.580917083831,563.895368483054,1958.69622869712
"low_tourism","saint marcel","Saint-Marcel",2026-02-01,432.651984779369,73.1276690416065,159.248473382982,311.57822946496,569.11761791996,1300.26182794202
"low_tourism","saint marcel","Saint-Marcel",2026-03-01,198.42212270984,19.296846671077,65.1831667504398,136.515500863469,261.040872043429,513.641236026058
"low_tourism","saint marcel","Saint-Marcel",2026-04-01,99.8423061896273,15.5864006080313,39.4755854339794,70.5170314992114,122.875160712346,258.80101276287
"low_tourism","saint marcel","Saint-Marcel",2026-05-01,85.6606324802253,14.4789873515535,34.4353202658104,62.5876583481672,116.502370062471,252.647788506028
"low_tourism","saint marcel","Saint-Marcel",2026-06-01,70.2195894739004,9.56243298554678,24.2220334898818,38.4743890989202,86.4478183529811,232.084792373282
"low_tourism","saint marcel","Saint-Marcel",2026-07-01,105.786457471441,18.4381862669435,46.8301637995443,70.1505946138373,136.023285056141,271.051476880685
"low_tourism","saint marcel","Saint-Marcel",2026-08-01,139.652271034019,32.3933861486676,66.3356274547864,112.110044028929,187.639500924214,333.468503194577
"low_tourism","saint marcel","Saint-Marcel",2026-09-01,178.220544193843,26.041780810644,51.9017856468786,94.3042606287978,191.64163648616,743.674060537409
"low_tourism","saint nicolas","Saint-Nicolas",2025-10-01,395.410554964227,87.5887257522257,148.131308717343,258.874725855629,491.944512604203,1051.79254095938
"low_tourism","saint nicolas","Saint-Nicolas",2025-11-01,843.558626509228,166.201587014326,290.717560257617,650.760528820219,1184.59363598257,1971.67305549711
"low_tourism","saint nicolas","Saint-Nicolas",2025-12-01,2110.56803908941,274.508498881131,680.946790162531,1353.24895207431,3198.31270294998,5303.74960153643
"low_tourism","saint nicolas","Saint-Nicolas",2026-01-01,1087.93960065922,207.742112100433,403.655789599661,853.729538000355,1259.88644176004,2921.18215810357
"low_tourism","saint nicolas","Saint-Nicolas",2026-02-01,1172.21972805627,255.122277336782,509.884664972584,749.154320514203,1188.3068670051,3284.09319308062
"low_tourism","saint nicolas","Saint-Nicolas",2026-03-01,499.841341726392,75.0756079839791,190.412224746146,302.20148864443,510.259701946013,1451.43305318433
"low_tourism","saint nicolas","Saint-Nicolas",2026-04-01,193.871453378618,16.3768550366911,83.0063969029185,147.349816945229,252.767490427582,501.757395368911
"low_tourism","saint nicolas","Saint-Nicolas",2026-05-01,127.625327725699,13.4436159212805,32.9952900802017,76.438523977566,162.523546757752,426.327646880825
"low_tourism","saint nicolas","Saint-Nicolas",2026-06-01,108.429404742189,22.2282888646982,45.8042883090372,81.4444957012819,124.880079697566,280.0312612752
"low_tourism","saint nicolas","Saint-Nicolas",2026-07-01,188.375270020151,35.5991283130731,70.6867175612764,114.968369032709,259.495249807221,629.58271766088
"low_tourism","saint nicolas","Saint-Nicolas",2026-08-01,322.672443630535,44.3477227531076,103.738828633599,167.546286947566,273.286830917427,1180.73021448081
"low_tourism","saint nicolas","Saint-Nicolas",2026-09-01,245.914071731661,32.6977466532843,82.3063902300302,138.864454133179,339.411331498425,568.927391197579
"low_tourism","saint oyen","Saint-Oyen",2025-10-01,198.521256120718,51.8127946104128,81.9176106615311,140.708722472033,202.988262889932,554.799842531851
"low_tourism","saint oyen","Saint-Oyen",2025-11-01,289.83175086741,64.4465911361315,159.030421832277,241.425699003009,368.691594772991,677.880602320241
"low_tourism","saint oyen","Saint-Oyen",2025-12-01,910.452990123968,129.977206142933,256.008421365128,548.535431705299,1028.2007444274,2444.17556602248
"low_tourism","saint oyen","Saint-Oyen",2026-01-01,452.636979518466,59.9812972155546,160.386313853751,388.665069798889,548.647940396738,1361.52053288974
"low_tourism","saint oyen","Saint-Oyen",2026-02-01,421.53195981335,56.5573368343643,99.4139903258634,233.908232782827,403.566685688265,1476.31302888162
"low_tourism","saint oyen","Saint-Oyen",2026-03-01,203.934059987062,40.8042147798247,83.517348139046,159.716798550494,242.665278266482,500.353777652332
"low_tourism","saint oyen","Saint-Oyen",2026-04-01,113.409329842987,13.711161950659,39.870555852857,78.3462459373047,139.38188244341,273.784877575823
"low_tourism","saint oyen","Saint-Oyen",2026-05-01,63.2214373599793,2.59030493708582,20.0477247654487,44.8949410566911,67.923066430575,220.410083670823
"low_tourism","saint oyen","Saint-Oyen",2026-06-01,62.832823867901,6.51954162334654,18.5154537331293,30.4539031786198,54.9134657967771,187.370761690135
"low_tourism","saint oyen","Saint-Oyen",2026-07-01,117.926273880948,20.3211663225082,41.2593451885989,75.3875878350971,107.596973253714,234.935674210003
"low_tourism","saint oyen","Saint-Oyen",2026-08-01,160.291467974747,36.1292493902223,69.0064725341045,137.466392822953,221.497353242576,369.612018940983
"low_tourism","saint oyen","Saint-Oyen",2026-09-01,182.312982266329,20.5142166967209,52.3950680307399,102.982968065527,133.615341010155,522.651642116778
"low_tourism","saint pierre","Saint-Pierre",2025-10-01,977.715625470872,223.039908277323,461.183358526796,689.033927958845,1190.91852624611,2600.82025554288
"low_tourism","saint pierre","Saint-Pierre",2025-11-01,2349.61496137041,547.842188743149,1119.35303270974,1765.19618029895,2498.61567863228,5841.4655049264
"low_tourism","saint pierre","Saint-Pierre",2025-12-01,5226.44551864186,1022.11388509068,1822.57229434473,3352.28216293344,6104.53963360471,13680.4580163068
"low_tourism","saint pierre","Saint-Pierre",2026-01-01,3356.09476304561,827.834150346394,1063.87912594177,1887.62561486741,3620.1809059199,10619.0524869366
"low_tourism","saint pierre","Saint-Pierre",2026-02-01,4779.27937796885,404.322114562905,1158.20764320346,1908.48141357594,3213.5069020247,13746.3867031795
"low_tourism","saint pierre","Saint-Pierre",2026-03-01,1276.3986155342,228.777833626711,555.875831291999,843.719808567604,1502.03211465632,3612.38482210625
"low_tourism","saint pierre","Saint-Pierre",2026-04-01,684.416980130405,92.4553231181638,237.868953208625,499.219098252222,778.024258463749,2333.29554334242
"low_tourism","saint pierre","Saint-Pierre",2026-05-01,366.945549000303,51.0300265985614,144.444160319391,302.48260638937,479.60329397303,898.324318187248
"low_tourism","saint pierre","Saint-Pierre",2026-06-01,346.772918933478,68.9236553994235,110.63250578687,215.345384901164,442.554196013761,1037.52035197091
"low_tourism","saint pierre","Saint-Pierre",2026-07-01,463.620134533323,57.5629313748566,157.016810514088,344.312566211618,589.140638329146,1303.09833435935
"low_tourism","saint pierre","Saint-Pierre",2026-08-01,765.572592236282,67.83190478131,210.800517213544,509.407835038041,774.571484918527,2470.03193465592
"low_tourism","saint pierre","Saint-Pierre",2026-09-01,591.361598023095,54.0393116993265,157.999030396796,395.56789972443,714.200990403453,1942.78444805896
"low_tourism","saint rhemy en bosses","Saint-Rhémy-en-Bosses",2025-10-01,360.109572902197,78.9560674324345,128.165943291695,233.754211166233,497.73106548332,978.665784962159
"low_tourism","saint rhemy en bosses","Saint-Rhémy-en-Bosses",2025-11-01,513.925542497929,71.0057105385089,226.83222382046,320.494120638516,642.778888305875,1581.44767451267
"low_tourism","saint rhemy en bosses","Saint-Rhémy-en-Bosses",2025-12-01,870.909396468521,148.108416426475,336.800538833178,588.834038692858,1279.03533787361,1995.27306204216
"low_tourism","saint rhemy en bosses","Saint-Rhémy-en-Bosses",2026-01-01,557.184937528755,125.675486663977,206.682976944833,323.853373015303,530.678219811318,1872.23096907623
"low_tourism","saint rhemy en bosses","Saint-Rhémy-en-Bosses",2026-02-01,589.975390950622,74.9387196494631,142.718979294185,373.473128533855,669.53374365026,1759.21097935712
"low_tourism","saint rhemy en bosses","Saint-Rhémy-en-Bosses",2026-03-01,236.524981140024,45.5393407256858,86.587820465977,143.38472745899,319.177418512295,618.352742743939
"low_tourism","saint rhemy en bosses","Saint-Rhémy-en-Bosses",2026-04-01,104.743836679136,13.5584130545194,42.6806829143957,69.7067926047857,142.591641056805,301.436848312316
"low_tourism","saint rhemy en bosses","Saint-Rhémy-en-Bosses",2026-05-01,45.0673195216033,6.68618388539594,17.3048200200339,28.3590462592405,62.7684390713059,117.762916943568
"low_tourism","saint rhemy en bosses","Saint-Rhémy-en-Bosses",2026-06-01,63.0326857214416,4.95989188099067,19.949952335007,34.6744988028753,63.6121876538612,296.269393990025
"low_tourism","saint rhemy en bosses","Saint-Rhémy-en-Bosses",2026-07-01,112.494331419301,14.2160469006449,33.431806149989,69.6072434074902,132.684748308373,297.629590927095
"low_tourism","saint rhemy en bosses","Saint-Rhémy-en-Bosses",2026-08-01,207.739786976691,28.9185830428554,65.8743152130068,96.7441606873763,222.979521654068,413.464849059145
"low_tourism","saint rhemy en bosses","Saint-Rhémy-en-Bosses",2026-09-01,150.339000499367,32.2425112061791,54.987762656221,105.008460167285,159.660219040088,454.842546174346
"low_tourism","saint vincent","Saint-Vincent",2025-10-01,5588.99110960326,1155.39732141333,2699.35250714889,3817.66465910244,6103.17317493533,9171.72163485812
"low_tourism","saint vincent","Saint-Vincent",2025-11-01,10414.6872089321,2229.53007238105,4268.17379507477,7261.80500412865,12672.1481760576,29448.8379712793
"low_tourism","saint vincent","Saint-Vincent",2025-12-01,21337.2920403267,3555.75332446379,7587.01606341932,15517.5623196906,29871.2340218575,60012.2006561497
"low_tourism","saint vincent","Saint-Vincent",2026-01-01,10449.0609495614,1737.52851950678,4056.59892501114,6596.09182759276,11636.3733608549,26085.010300161
"low_tourism","saint vincent","Saint-Vincent",2026-02-01,12191.4163971813,1222.22600069146,4066.49703491832,6767.694232539,13270.4764815139,32278.1587675201
"low_tourism","saint vincent","Saint-Vincent",2026-03-01,5789.44578356413,673.779135041738,1388.43788050645,2779.90553736209,8463.39709683032,19961.6377541131
"low_tourism","saint vincent","Saint-Vincent",2026-04-01,2445.99798417007,453.012451361195,753.008036432041,1652.83355834898,2871.68482302125,6701.90405711468
"low_tourism","saint vincent","Saint-Vincent",2026-05-01,1284.79137409673,162.979848583876,545.829892586321,908.864487076328,1553.77295391242,2905.75360356378
"low_tourism","saint vincent","Saint-Vincent",2026-06-01,1727.3018869117,159.950525322392,417.681818333943,1019.69203135156,1818.55850783239,6583.57489806471
"low_tourism","saint vincent","Saint-Vincent",2026-07-01,2812.55308043955,323.379211494289,739.006965691034,1462.29597207667,2919.73627927361,7795.86487831212
"low_tourism","saint vincent","Saint-Vincent",2026-08-01,2489.33272745377,368.467891304163,985.159563376878,1839.82839966497,2755.49299614341,8158.68663353609
"low_tourism","saint vincent","Saint-Vincent",2026-09-01,2689.08171432239,491.81472257931,892.390601731465,1398.26645996518,2718.3095010911,9266.37566437788
"low_tourism","sarre","Sarre",2025-10-01,1422.10948159333,257.692002450126,399.522936779974,822.402518976503,1846.39637034876,4003.46530888286
"low_tourism","sarre","Sarre",2025-11-01,2061.2769684137,388.435592949842,878.851960346289,1549.11209743109,2487.72667105454,6341.39915077887
"low_tourism","sarre","Sarre",2025-12-01,4427.99465626071,552.048057165086,1451.41697326157,2353.56771895874,5439.27532622782,11812.7857784958
"low_tourism","sarre","Sarre",2026-01-01,1685.5696772601,216.212482243599,599.903550813955,1479.62377158609,2388.8699385849,4214.56915320606
"low_tourism","sarre","Sarre",2026-02-01,1699.95098844524,282.175881487061,614.102323784358,1184.05764961615,2065.60715079104,4752.97345380434
"low_tourism","sarre","Sarre",2026-03-01,666.421820844143,107.940477622302,247.498843050897,480.836898365074,796.570452333317,2065.10848855888
"low_tourism","sarre","Sarre",2026-04-01,372.426477862111,44.1294026570454,132.705675188041,218.973091252316,529.871276150364,1033.52893583803
"low_tourism","sarre","Sarre",2026-05-01,257.340054864681,33.5011800950918,70.6576702233986,162.343935214551,259.981662269428,945.241626201066
"low_tourism","sarre","Sarre",2026-06-01,269.045247938083,39.6857320017459,85.9628957317975,159.855653483891,377.792670151446,797.494912571323
"low_tourism","sarre","Sarre",2026-07-01,590.978982947116,69.2478838857671,153.465645949829,439.09736802701,760.598175163298,1869.12152134211
"low_tourism","sarre","Sarre",2026-08-01,671.956853424743,126.972904019133,226.782867450532,337.223810750552,890.248880648319,1952.9125412804
"low_tourism","sarre","Sarre",2026-09-01,825.560622193966,128.71647020284,246.036885144077,415.111339505101,779.353620514995,3206.7910983852
"low_tourism","torgnon","Torgnon",2025-10-01,291.639227999417,82.6158914057062,160.530273076338,215.312893553744,345.64180657321,619.131534129731
"low_tourism","torgnon","Torgnon",2025-11-01,662.703524623832,134.790810453312,249.889203167979,524.62609655666,920.85225893642,1701.39927321048
"low_tourism","torgnon","Torgnon",2025-12-01,2060.45998166514,286.046601231502,681.341328424749,1374.35231102411,2613.46156329644,6994.41799717272
"low_tourism","torgnon","Torgnon",2026-01-01,1735.80967308801,280.578688563975,542.314550689887,1098.79917881502,2405.43884245396,4957.68293111373
"low_tourism","torgnon","Torgnon",2026-02-01,1600.61692406004,305.626585705676,695.596912163619,1152.58137137766,1970.00611215355,4346.82417169393
"low_tourism","torgnon","Torgnon",2026-03-01,1042.66341199591,139.098389562437,342.554426307866,605.614081985456,1078.28692829382,2615.28737998391
"low_tourism","torgnon","Torgnon",2026-04-01,403.214055532972,53.3803259211151,83.5834817234114,250.287372243268,552.678781018643,1320.85560065471
"low_tourism","torgnon","Torgnon",2026-05-01,140.898762171832,17.6002252600554,45.4402494664534,96.5881466044898,175.465409033712,485.105519596618
"low_tourism","torgnon","Torgnon",2026-06-01,174.131885449695,11.9657557579534,36.9537380131889,79.5438447131173,195.524728880677,627.932070596476
"low_tourism","torgnon","Torgnon",2026-07-01,205.793718065677,16.8362682879376,57.0840601358639,127.445526206936,316.458153992826,569.870176988407
"low_tourism","torgnon","Torgnon",2026-08-01,379.025280411802,22.767087598428,106.899817855589,182.202533876829,316.53152986373,848.483377763985
"low_tourism","torgnon","Torgnon",2026-09-01,265.88267999147,22.7372415275943,69.5184627571881,123.77615377133,261.718724044404,693.771962403767
"low_tourism","valgrisenche","Valgrisenche",2025-10-01,364.387455911608,84.238079809203,153.384382816777,339.419704943074,397.451557875094,982.989477297064
"low_tourism","valgrisenche","Valgrisenche",2025-11-01,481.058203209011,92.2838944294137,215.832653863024,426.086613063203,560.406969177931,1019.22348932611
"low_tourism","valgrisenche","Valgrisenche",2025-12-01,738.538494297672,102.935578467608,301.495905991755,419.099118695925,882.402283927156,1921.07974309324
"low_tourism","valgrisenche","Valgrisenche",2026-01-01,414.29076972641,49.8699551967302,113.370307695015,236.859308794295,513.69799065298,1242.47015815716
"low_tourism","valgrisenche","Valgrisenche",2026-02-01,393.239683539778,71.4744104698672,198.577858457347,308.8122620348,489.793236973048,936.859086824432
"low_tourism","valgrisenche","Valgrisenche",2026-03-01,269.25678684446,49.111936393105,86.3839269743276,172.604536765629,255.338065448565,1099.0466568651
"low_tourism","valgrisenche","Valgrisenche",2026-04-01,114.203674119681,23.7280037999614,33.8828871959666,73.8065438052031,143.221017475319,289.045476066738
"low_tourism","valgrisenche","Valgrisenche",2026-05-01,45.7360321000683,6.30632426215819,13.6266916651105,27.0621270678889,57.9346933889771,152.598604264721
"low_tourism","valgrisenche","Valgrisenche",2026-06-01,50.393620882849,3.49226201988487,11.1809222264672,31.8978204798047,58.5128895710957,201.82638222715
"low_tourism","valgrisenche","Valgrisenche",2026-07-01,131.976668767916,17.9475143030415,43.5892914996719,93.0680665513926,161.842988555353,260.228235476919
"low_tourism","valgrisenche","Valgrisenche",2026-08-01,218.664224891954,27.4790517893035,71.7374015981993,119.37576715634,243.785388832679,661.023736975743
"low_tourism","valgrisenche","Valgrisenche",2026-09-01,199.149107383111,19.8909841359766,56.4960719614287,125.710056300841,265.136869288558,660.085272662913
"low_tourism","valpelline","Valpelline",2025-10-01,392.957148444176,70.1134428184013,161.529771624774,245.877340509057,487.306514935715,1160.71505498051
"low_tourism","valpelline","Valpelline",2025-11-01,717.02278427666,117.284762579932,280.227276434217,505.249771803203,937.737596102158,1967.50819471186
"low_tourism","valpelline","Valpelline",2025-12-01,1359.87953957401,238.514682406581,421.758058314738,824.381079011273,1949.88362790341,3319.58129117357
"low_tourism","valpelline","Valpelline",2026-01-01,601.654403332861,99.5595300933634,240.112961079826,440.588116875692,745.224098374036,1921.57320977541
"low_tourism","valpelline","Valpelline",2026-02-01,646.388295137024,85.8023258071692,178.351065793237,337.82769370411,564.031004182911,1526.52560560337
"low_tourism","valpelline","Valpelline",2026-03-01,237.930791591581,40.7748044294788,84.6549568545813,145.414427227562,288.226287404357,801.167585077028
"low_tourism","valpelline","Valpelline",2026-04-01,114.346027749826,13.8292624577081,38.6830587189341,73.7503046268852,142.340771510436,311.616001533168
"low_tourism","valpelline","Valpelline",2026-05-01,67.922252159833,8.22190316432806,29.5725944410847,52.2077986527087,79.044738722851,219.332113740168
"low_tourism","valpelline","Valpelline",2026-06-01,77.418754587919,13.9018858661033,26.6077949533024,50.2609062971866,97.8345879816713,181.562988943291
"low_tourism","valpelline","Valpelline",2026-07-01,183.479995811173,17.9290367292893,52.6024711801932,114.700840205242,211.649128495603,649.87047617479
"low_tourism","valpelline","Valpelline",2026-08-01,252.95986562615,45.0542349625717,99.6560086931205,194.450354269565,310.380226788376,719.030297712757
"low_tourism","valpelline","Valpelline",2026-09-01,241.452529165178,26.8788749008779,92.9805777689578,160.99551322366,315.159191724849,645.949796176209
"low_tourism","valsavarenche","Valsavarenche",2025-10-01,638.636330414199,144.449092175092,292.729323722681,519.236549126609,986.204606539538,1364.00103230012
"low_tourism","valsavarenche","Valsavarenche",2025-11-01,733.495616292834,130.180251774979,280.666991682173,539.628691452659,933.996530729162,2220.75213554046
"low_tourism","valsavarenche","Valsavarenche",2025-12-01,1128.59752252495,108.280387871454,305.245012253295,577.09110256205,984.423804706958,3668.58215393466
"low_tourism","valsavarenche","Valsavarenche",2026-01-01,321.563759498215,52.6866179193161,116.544561901248,248.536383499058,465.216931674228,762.11281095722
"low_tourism","valsavarenche","Valsavarenche",2026-02-01,350.139302483749,43.421693978037,76.0572225409232,171.249406475977,348.733475420005,1387.5105301648
"low_tourism","valsavarenche","Valsavarenche",2026-03-01,192.486446272007,28.5644211371061,53.9700200525702,114.631145166839,206.532691672781,754.098081052142
"low_tourism","valsavarenche","Valsavarenche",2026-04-01,132.873583420889,14.8209833698213,28.5833674785581,56.0433187085223,136.510691540212,562.793734117758
"low_tourism","valsavarenche","Valsavarenche",2026-05-01,105.79577156203,8.97778072436484,29.1717847732586,51.3001256514266,109.406090122695,365.751930514184
"low_tourism","valsavarenche","Valsavarenche",2026-06-01,78.6591149259384,11.0998953518082,28.6671989015843,45.4797780803559,106.395071941763,224.509527876147
"low_tourism","valsavarenche","Valsavarenche",2026-07-01,137.460054027072,32.0272601821904,50.255712881092,86.7757118932872,148.991386349864,449.134546093582
"low_tourism","valsavarenche","Valsavarenche",2026-08-01,267.884255608055,44.8721054400806,70.3708917193817,177.997757312427,287.88476401772,748.3621182082
"low_tourism","valsavarenche","Valsavarenche",2026-09-01,209.413830649794,19.7980821490375,78.7926200358598,159.207695588044,267.969657129942,619.399394167979
"low_tourism","valtournenche","Valtournenche",2025-10-01,1268.15669306656,276.994406181578,575.387080586385,1070.92493589544,1689.88263165311,3157.34927494933
"low_tourism","valtournenche","Valtournenche",2025-11-01,2109.961839252,442.867328413697,783.024533810563,1645.99038442503,2760.27663084495,6061.71589637794
"low_tourism","valtournenche","Valtournenche",2025-12-01,6490.09022437624,597.750502205372,1383.16184583771,3819.74644096521,7224.70181854877,15994.0347908711
"low_tourism","valtournenche","Valtournenche",2026-01-01,3649.98010886034,492.710884417944,1311.34371833059,2676.93883182148,4282.00883133572,10797.6120873661
"low_tourism","valtournenche","Valtournenche",2026-02-01,2824.91730485975,350.731455781055,945.46570244058,2359.3903398343,4057.17711964321,7428.96179451886
"low_tourism","valtournenche","Valtournenche",2026-03-01,1413.33204114647,141.217602763383,499.083206247057,1071.38327312895,1599.04282513323,4152.12277203233
"low_tourism","valtournenche","Valtournenche",2026-04-01,763.543326896361,100.440228464433,282.57965222313,525.269698337531,1054.031260203,1921.37981901024
"low_tourism","valtournenche","Valtournenche",2026-05-01,282.886898040551,45.7853102855186,91.2502122127558,215.456747138509,405.542201498035,712.130816183365
"low_tourism","valtournenche","Valtournenche",2026-06-01,279.29826066857,22.9281150899218,69.3233173576248,137.763087747905,316.834424671108,1065.91624089856
"low_tourism","valtournenche","Valtournenche",2026-07-01,394.004314503389,31.3299504899276,118.11696060035,344.807352940168,582.427900154099,837.260513316177
"low_tourism","valtournenche","Valtournenche",2026-08-01,575.128373376331,65.2426932976431,179.597631757776,416.954282839493,780.18256502127,1332.13364836735
"low_tourism","valtournenche","Valtournenche",2026-09-01,616.141158926578,70.0807993320542,137.975401185635,248.435544932283,464.863608823456,1871.26543767719
"low_tourism","verrayes","Verrayes",2025-10-01,475.842406896775,171.776430181959,247.831119423362,333.221408404274,482.934807480966,994.023875695331
"low_tourism","verrayes","Verrayes",2025-11-01,1430.55116362974,198.017604527515,679.972546407396,1073.17946914863,1862.36485067509,3979.90549858392
"low_tourism","verrayes","Verrayes",2025-12-01,3217.83646668511,272.355081680448,1047.25048944721,2246.52275480015,4500.42764707694,9253.40581216434
"low_tourism","verrayes","Verrayes",2026-01-01,2428.28716305577,299.903239925017,988.75761812104,1672.14481799976,3060.5339395374,5469.09982136034
"low_tourism","verrayes","Verrayes",2026-02-01,2042.32774236099,354.128932318852,808.846964383243,1259.63120185949,2293.56243131608,6996.38773516259
"low_tourism","verrayes","Verrayes",2026-03-01,830.568948979084,205.357416062672,324.601318759427,517.306136741034,1078.01768694396,1879.06907414373
"low_tourism","verrayes","Verrayes",2026-04-01,467.040279133854,62.0551843694184,151.51449341078,321.509367580695,573.858540886163,1193.46324839566
"low_tourism","verrayes","Verrayes",2026-05-01,236.474020006817,24.4887331361385,134.747899123702,194.302259229798,332.059213409916,508.173059288996
"low_tourism","verrayes","Verrayes",2026-06-01,259.191078632176,53.5676181871288,118.416120519729,201.973207989955,377.902826159345,571.904908000467
"low_tourism","verrayes","Verrayes",2026-07-01,503.046183597702,95.0798627945512,162.652359940807,311.028208268771,651.20017484699,1102.93635170079
"low_tourism","verrayes","Verrayes",2026-08-01,674.461696250197,93.2968935694005,230.802929027968,471.586507925279,850.889531293899,2023.00279547623
"low_tourism","verrayes","Verrayes",2026-09-01,590.111883863676,70.7341548045364,187.823842474735,411.240625304662,740.9249864329,2028.15653077175
"low_tourism","verres","Verrès",2025-10-01,769.320341748073,205.715462960355,349.65206291857,607.760879871178,867.497304226293,1612.90561264665
"low_tourism","verres","Verrès",2025-11-01,3450.07968186144,549.479142544653,1403.91980893231,2232.10112743381,4224.7594414931,8223.61336721295
"low_tourism","verres","Verrès",2025-12-01,10097.9504062205,2667.13551522475,4880.92885542833,8849.98444395036,14221.6405263582,21354.4668733342
"low_tourism","verres","Verrès",2026-01-01,8012.00916618328,873.613320727376,2731.91279413178,5566.79324554291,10296.2963158064,23527.7297017013
"low_tourism","verres","Verrès",2026-02-01,6733.71950716531,1342.40594452472,3292.95010855839,5781.44319404811,8667.651851775,16758.5661434588
"low_tourism","verres","Verrès",2026-03-01,3284.44521297538,733.11290171496,1335.17099548866,2447.49240883493,3999.6513348744,8351.30604305679
"low_tourism","verres","Verrès",2026-04-01,1948.84340327464,481.059782121346,775.63688157029,1376.45025720206,2230.98735016413,4903.38067004607
"low_tourism","verres","Verrès",2026-05-01,1246.47545205581,214.580082321469,698.691358093316,888.24449338152,1455.69134941666,2909.52614889089
"low_tourism","verres","Verrès",2026-06-01,1475.13659949244,298.920582423991,639.700002945904,1136.92844195685,1693.88719097747,3907.80492315779
"low_tourism","verres","Verrès",2026-07-01,2787.16001306421,330.05219905947,865.91744716195,1458.54186180387,2890.58060028595,8613.38274790874
"low_tourism","verres","Verrès",2026-08-01,3449.87018847669,649.797765937179,1210.51607497201,2704.53267254902,4011.58297023055,10215.164663187
"low_tourism","verres","Verrès",2026-09-01,2708.81766613952,310.914880856272,1042.5146555514,2094.52122050357,3399.81560892499,6874.61760553991
"low_tourism","villeneuve","Villeneuve",2025-10-01,525.968853496394,112.812012664257,217.820038970436,344.12703814517,764.684006762897,1317.11824207058
"low_tourism","villeneuve","Villeneuve",2025-11-01,1864.6753457949,349.626171677659,644.063706058913,1306.2939056221,2366.11955924358,4958.99856670551
"low_tourism","villeneuve","Villeneuve",2025-12-01,7883.49889163108,1871.20095611564,2824.94754011274,5160.80176931262,8871.2234150078,25069.6982330583
"low_tourism","villeneuve","Villeneuve",2026-01-01,8705.43571262818,1478.99251331048,2708.34092219613,4886.03441820507,11179.7982947394,27781.4069882894
"low_tourism","villeneuve","Villeneuve",2026-02-01,9789.79951717337,1138.78305596167,4412.91695333219,5676.95818935592,10632.493479359,31289.0929501547
"low_tourism","villeneuve","Villeneuve",2026-03-01,5916.12363159294,479.452833988414,1287.91421776764,2961.02295478327,6204.02574721763,16822.6003422683
"low_tourism","villeneuve","Villeneuve",2026-04-01,1851.73471821621,281.586880829565,542.496315934721,1160.04953862102,2150.59431999405,5586.65035763195
"low_tourism","villeneuve","Villeneuve",2026-05-01,1426.88384700364,196.049579660712,444.463172306397,903.254937683716,1488.88713074312,4240.9470895708
"low_tourism","villeneuve","Villeneuve",2026-06-01,1464.39594901334,191.171301694909,416.427516412713,1145.25621019998,1919.81272547869,3853.51875872409
"low_tourism","villeneuve","Villeneuve",2026-07-01,2111.1096754093,445.524518298945,782.875674388315,1152.96768132112,2451.93773576992,6442.34536007775
"low_tourism","villeneuve","Villeneuve",2026-08-01,2544.31548108589,554.527685230775,962.502722726431,1811.35547661656,3011.44074994244,6301.79294887582
"low_tourism","villeneuve","Villeneuve",2026-09-01,2310.87903582727,254.45755241389,513.770716702458,1020.12511130531,1953.57767639064,10275.2649400635
"shock","allein","Allein",2025-10-01,75.1940898243618,16.5588410898244,28.6027050018873,46.2834304896556,89.8985859764639,228.806844095763
"shock","allein","Allein",2025-11-01,339.128856104118,48.665821409913,119.736098052395,261.773174940278,387.697738296877,854.862404018469
"shock","allein","Allein",2025-12-01,1129.79348833981,126.927978558161,350.028694663949,702.677691215718,1351.12566221257,3522.05122094795
"shock","allein","Allein",2026-01-01,1611.92548924472,111.583927287505,360.848357062816,709.561514166875,1081.64581768208,3132.71691453915
"shock","allein","Allein",2026-02-01,893.750804876347,135.283388659008,273.711349650118,437.069888646244,800.364291270935,2760.13960476893
"shock","allein","Allein",2026-03-01,303.992057276562,80.5383440489151,142.424102125969,225.929143133992,391.725146125405,692.022392650199
"shock","allein","Allein",2026-04-01,229.8846993416,26.7718034318909,84.1056393068949,141.339757309134,257.673928047207,724.064750378442
"shock","allein","Allein",2026-05-01,142.763446297966,22.8217585291516,52.7791881235602,93.7847663888968,182.977878588591,383.315822130611
"shock","allein","Allein",2026-06-01,101.905557490123,13.3931964643377,28.3460892765396,49.9811898828787,98.43659294469,281.113784487006
"shock","allein","Allein",2026-07-01,166.222735823617,35.7224371783326,62.6661432786631,127.143736413123,221.257985817561,470.347193232783
"shock","allein","Allein",2026-08-01,416.907525508184,83.4314178561935,144.596367456682,248.553346927313,462.407841601589,1586.42736906568
"shock","allein","Allein",2026-09-01,328.762082865901,40.2810647400801,92.1892548585924,200.623336333955,389.816595126953,1135.63862198622
"shock","antey saint andre","Antey-Saint-André",2025-10-01,3041.81897060191,424.134909766003,1175.09229067355,2299.24666670673,3447.38096575418,5459.25512219393
"shock","antey saint andre","Antey-Saint-André",2025-11-01,10870.7283630298,1804.4826663212,3679.85838962476,5718.87508298988,14190.776532352,39203.5354335639
"shock","antey saint andre","Antey-Saint-André",2025-12-01,37148.6558712564,4319.4516179604,11388.3427397224,22422.3809153078,42507.6545256551,134207.735487513
"shock","antey saint andre","Antey-Saint-André",2026-01-01,26891.7932708414,2591.12772908577,11556.1690228074,20164.9556194721,39580.0872875809,65438.3047986171
"shock","antey saint andre","Antey-Saint-André",2026-02-01,26412.6346568553,3818.38429023745,7659.5516443222,20366.616031345,29957.0479116507,78281.9601621652
"shock","antey saint andre","Antey-Saint-André",2026-03-01,14981.486477901,2033.40908042847,4102.65179625697,7484.14771016146,16100.7380575182,42930.2480375252
"shock","antey saint andre","Antey-Saint-André",2026-04-01,5857.99508240582,1098.06696133527,1980.99302887609,3393.3706123537,6185.18782553686,20184.3379916104
"shock","antey saint andre","Antey-Saint-André",2026-05-01,2664.08678165144,408.833415136039,1105.67636555612,1883.54314790626,3457.4158303205,7258.66525703477
"shock","antey saint andre","Antey-Saint-André",2026-06-01,3586.21926440023,824.825752031628,1597.01469455915,2674.08962960868,4343.16861209335,11463.5945483915
"shock","antey saint andre","Antey-Saint-André",2026-07-01,7774.61208000684,1137.13138809681,2415.46087000431,4198.57446163347,9015.76261552262,24038.405194244
"shock","antey saint andre","Antey-Saint-André",2026-08-01,7250.2536823379,1306.79108667818,2448.03627468736,4741.12538919019,7709.03772785571,23106.7192476162
"shock","antey saint andre","Antey-Saint-André",2026-09-01,5679.800985175,750.819865994578,2341.20156103146,4806.98225141809,7666.101625268,12140.5582659751
"shock","aosta","Aosta",2025-10-01,20842.8176076802,3754.69976813838,8618.74624676927,16497.4676489179,29296.4643502967,51680.7973927537
"shock","aosta","Aosta",2025-11-01,70658.3027889052,11431.8790391213,27627.9032842211,43180.3971158726,76418.2200838651,252445.434309247
"shock","aosta","Aosta",2025-12-01,130115.668319247,16368.3971649671,53079.9548043078,116991.086628477,154339.837248853,330005.909463535
"shock","aosta","Aosta",2026-01-01,60201.461234777,9892.88231553356,24350.417220483,53024.8750100463,81807.4120906015,138209.50563835
"shock","aosta","Aosta",2026-02-01,53135.1344097785,5835.45726299905,18817.2759764721,30450.4447698714,62493.0644443751,149890.690081573
"shock","aosta","Aosta",2026-03-01,29641.9692225192,2819.75916879995,7820.12262701107,17981.9973447886,30769.0781699888,81710.3922456976
"shock","aosta","Aosta",2026-04-01,12334.0667224176,1712.41294310864,4177.27605034188,8520.39471975664,14782.6186157502,37898.0415614562
"shock","aosta","Aosta",2026-05-01,8342.31390602176,1427.10317991978,2964.32906018203,4674.72947017444,11347.9279188517,26584.8270939377
"shock","aosta","Aosta",2026-06-01,7850.50641003505,1163.92699737648,3285.11250407497,6160.22012892919,10777.0085255845,17868.1235403552
"shock","aosta","Aosta",2026-07-01,14892.876812666,2129.0237889891,4677.0014017975,9837.47879053839,19360.347990908,46977.2787776593
"shock","aosta","Aosta",2026-08-01,16424.5451350433,2993.68248742046,6753.0974415868,11088.6616824656,19101.2487259583,48063.8331336055
"shock","aosta","Aosta",2026-09-01,14786.6929761678,2882.76032120981,5497.82615157629,12238.765312921,17572.8125323776,37245.6824115848
"shock","arnad","Arnad",2025-10-01,1032.94853333818,204.615838564179,505.350521280258,713.161475334997,1469.35747335211,2606.08335454075
"shock","arnad","Arnad",2025-11-01,3214.87657617734,564.127615842038,1006.14266034447,1772.5018804309,3158.17321881854,8788.1195444913
"shock","arnad","Arnad",2025-12-01,9456.3416957025,1438.53487065185,3603.82310579297,6883.12615138943,12984.1382436379,24955.4692448184
"shock","arnad","Arnad",2026-01-01,6263.59186548052,1028.47786739134,1653.14653514863,3338.86073559131,9135.53983710361,19068.9760098426
"shock","arnad","Arnad",2026-02-01,5741.00957643495,562.286870545584,1700.12014622503,2794.14137548052,7181.30728583188,19887.9752962522
"shock","arnad","Arnad",2026-03-01,3138.82718069308,475.309169276648,1269.66763762315,2231.20276705287,3676.00438739933,7206.74065681821
"shock","arnad","Arnad",2026-04-01,1637.62878497696,182.404632155745,568.367933834681,1356.54404765372,2404.76357566296,3811.68604184968
"shock","arnad","Arnad",2026-05-01,994.915590188083,191.019145575612,374.486138600172,695.033551990169,1270.13961490662,3272.85399842853
"shock","arnad","Arnad",2026-06-01,1257.59386416598,71.1655923162377,251.91559088084,575.181728450781,861.491098748198,4534.60784319117
"shock","arnad","Arnad",2026-07-01,2288.84891527889,288.198558877204,564.279973969925,984.850124442419,2351.17812648115,6749.59658868215
"shock","arnad","Arnad",2026-08-01,3582.41089452622,420.39558676004,981.981736644643,2053.24656135022,4445.5088643877,8483.30004791544
"shock","arnad","Arnad",2026-09-01,2129.26873866325,339.467999815375,587.66985662162,1199.91057625104,3070.82333707328,6805.72581296043
"shock","arvier","Arvier",2025-10-01,522.969215841611,121.056712101447,229.401923843036,356.487040543294,673.613417793228,1449.78448043716
"shock","arvier","Arvier",2025-11-01,2174.21816207362,239.549758118224,712.023712245623,1630.11044833971,2802.25073288297,5200.55696255771
"shock","arvier","Arvier",2025-12-01,4080.88114128621,629.303348774093,1630.91731006752,2982.25773364327,4241.43730878863,12090.1363454644
"shock","arvier","Arvier",2026-01-01,1873.63317713986,258.829251015913,491.475325315839,1221.08161460997,2835.46464515404,5374.47882759465
"shock","arvier","Arvier",2026-02-01,2000.08826080595,382.046529313144,802.923627002755,1532.78844008863,2601.0480331343,5442.97968154301
"shock","arvier","Arvier",2026-03-01,991.460051323582,128.286086422266,281.255988728939,590.183790618775,886.397166969852,3477.23485197049
"shock","arvier","Arvier",2026-04-01,510.136910388532,57.4189611461504,128.537876157534,220.551178089991,613.629826265913,1979.2659602033
"shock","arvier","Arvier",2026-05-01,202.094089027776,22.9884454120217,71.4778257158468,125.042001373326,231.781604725304,507.871877435432
"shock","arvier","Arvier",2026-06-01,248.827792314693,23.0798070359964,77.664918026369,162.636055507502,284.651979538061,771.811398564312
"shock","arvier","Arvier",2026-07-01,379.012758800639,50.5396737199669,151.660068775289,243.906554715273,429.9168380837,945.473825527878
"shock","arvier","Arvier",2026-08-01,558.263020699641,78.1510185858236,217.063025836619,389.672977241791,711.179179072024,1511.68764038797
"shock","arvier","Arvier",2026-09-01,460.556741176617,73.2270233074848,160.85913464265,278.531303893694,650.265749531382,1411.55371399708
"shock","avise","Avise",2025-10-01,203.506523321335,34.0698488891892,70.211799014194,129.989681032055,212.507520486133,633.985329405686
"shock","avise","Avise",2025-11-01,580.714051673998,73.9094687450412,134.410965557113,362.81396478084,609.493087955965,1792.78496714472
"shock","avise","Avise",2025-12-01,1595.60144866631,218.108944271477,623.838090712142,1066.78472328746,1823.26449420288,4303.95091711364
"shock","avise","Avise",2026-01-01,856.629659570138,127.321383905406,294.76353985069,557.413806007357,1094.63581400466,2260.51966343786
"shock","avise","Avise",2026-02-01,800.109094769412,101.126017379863,281.254748570469,458.297636168004,1064.963087556,2529.36708817599
"shock","avise","Avise",2026-03-01,315.439184925009,41.0311917304743,113.192696532044,271.913284972035,429.994465277916,870.610077566907
"shock","avise","Avise",2026-04-01,178.870106642509,28.8901432125015,66.1335886478805,110.865220390085,206.193233624626,488.209113562359
"shock","avise","Avise",2026-05-01,79.0674776840511,9.91840813833824,28.2694414201745,54.2498896592526,102.026051216114,208.933069113759
"shock","avise","Avise",2026-06-01,82.5586287385894,9.02051315301166,20.5374105597065,56.6670437193378,111.008973357063,274.211467499662
"shock","avise","Avise",2026-07-01,128.583689030733,14.9198670429579,44.9524541420285,81.6539249217497,158.52120815701,435.134644333722
"shock","avise","Avise",2026-08-01,238.862348862472,31.0950341308315,71.3579297487065,122.814954290633,270.323789631475,544.815127297453
"shock","avise","Avise",2026-09-01,287.93180510597,47.2229659902183,81.8161652753926,136.523483883582,270.587997083656,854.215306475532
"shock","ayas","Ayas",2025-10-01,2981.24920872425,574.417600914267,1359.67753337902,2486.74455871052,4070.49252096544,7546.25694123401
"shock","ayas","Ayas",2025-11-01,3754.40651817291,552.090675846364,1382.62985950743,2649.32314210794,4455.80602259147,8532.07567817953
"shock","ayas","Ayas",2025-12-01,8900.60499972692,1010.03570093482,2530.7127395108,4988.33478842745,9154.69471682172,36183.6479674821
"shock","ayas","Ayas",2026-01-01,5116.3515399707,555.259656460201,1895.91828049394,2989.0296741231,5922.74459141762,18162.6532368368
"shock","ayas","Ayas",2026-02-01,4454.58476984827,877.187727214881,1530.42138799429,3002.85978937434,6438.90718734265,12970.7998708812
"shock","ayas","Ayas",2026-03-01,2551.28411675593,280.096893936318,924.610628105648,1500.08743005427,3005.55955321353,11201.758200226
"shock","ayas","Ayas",2026-04-01,1031.59462632575,152.289911266701,355.952207634031,870.14665352709,1163.90612692092,2286.3287516321
"shock","ayas","Ayas",2026-05-01,528.145479260886,75.9454345322352,208.673991489821,302.775665123004,435.249834089969,1545.73226268504
"shock","ayas","Ayas",2026-06-01,396.953657896679,69.0113093585529,180.346300611081,305.372253871186,499.702236184903,1019.39582024105
"shock","ayas","Ayas",2026-07-01,646.564428673458,154.062516883997,267.198562389813,409.707114562441,772.987183185347,1796.40562228382
"shock","ayas","Ayas",2026-08-01,1201.23474600652,256.30074148568,521.740887520704,968.382576680117,1411.41473511213,3400.57447426509
"shock","ayas","Ayas",2026-09-01,854.695413555305,135.048236895122,351.008236220468,541.532482088285,1136.3991791497,2117.63927131577
"shock","aymavilles","Aymavilles",2025-10-01,453.525110382903,119.044679090519,211.987594570236,364.341266715577,652.800439781162,863.047963471214
"shock","aymavilles","Aymavilles",2025-11-01,1146.44976310371,201.45929534299,331.461897888906,652.656573984601,1356.49099983158,3103.68092988479
"shock","aymavilles","Aymavilles",2025-12-01,2572.96670847366,344.602966535366,880.646304650908,1994.17002919091,3763.26729867998,6644.75441516697
"shock","aymavilles","Aymavilles",2026-01-01,1201.53763431551,206.719068461396,445.548312540198,787.940420226777,1430.38466959439,3608.71067655467
"shock","aymavilles","Aymavilles",2026-02-01,1631.43525318163,162.23589408894,506.33027026792,1047.79144794955,2362.98987702093,4237.61973247173
"shock","aymavilles","Aymavilles",2026-03-01,680.776501461884,94.740510136246,306.139392454741,496.309992688429,982.057519094481,1638.90551494752
"shock","aymavilles","Aymavilles",2026-04-01,303.552765738454,56.4203502756175,125.943302177188,223.703573608089,408.842369504576,795.099008684474
"shock","aymavilles","Aymavilles",2026-05-01,222.836174130094,41.3673759381348,78.2608586299992,135.30861539636,274.702164492994,699.70331328985
"shock","aymavilles","Aymavilles",2026-06-01,207.505390777394,21.7047851239462,61.5715797977406,136.997215384251,267.493342274638,701.668919231838
"shock","aymavilles","Aymavilles",2026-07-01,325.231329270898,53.302938461548,106.877333187544,197.842139517409,413.640174066714,894.546571053919
"shock","aymavilles","Aymavilles",2026-08-01,555.348455415374,53.3244503742505,122.162625818191,300.672194868747,712.273586728275,1504.03533100255
"shock","aymavilles","Aymavilles",2026-09-01,449.279294955383,56.2536616847944,154.307017413051,315.008538812313,605.722680923857,1168.3221419028
"shock","bard","Bard",2025-10-01,2267.35983978168,459.886094802172,939.384789678869,1863.41700627215,2916.92861123777,6172.79873225044
"shock","bard","Bard",2025-11-01,9938.90137244799,1882.60618482594,4927.12707812482,6691.63013708291,11138.8889983406,28599.2220684638
"shock","bard","Bard",2025-12-01,34006.9570996431,4463.95910195912,8304.32252410353,20400.0799264169,44291.4366035636,116327.014706659
"shock","bard","Bard",2026-01-01,20140.1296584103,2562.97115195854,5582.86973498807,14888.684834065,26915.3399382107,53312.2312954909
"shock","bard","Bard",2026-02-01,22904.1390916763,2606.27250518943,5094.15233205615,14281.7428337094,27231.1415003823,79247.5039901624
"shock","bard","Bard",2026-03-01,10130.9525941745,1063.58223452314,4097.44753712709,6277.12103816577,12237.6577219038,36540.0080088312
"shock","bard","Bard",2026-04-01,5823.97401272613,860.567516205784,1826.78106851432,3940.75243735077,6746.77569864691,20073.2565058111
"shock","bard","Bard",2026-05-01,4135.29350179615,348.997841780951,890.194753539826,1548.94890244254,3716.252489009,15307.9478627079
"shock","bard","Bard",2026-06-01,6831.11035974394,505.851626528156,956.588612628257,1712.62600892883,2926.98153950955,14716.0301985628
"shock","bard","Bard",2026-07-01,7528.87818697023,903.368432316837,1970.75323640208,2897.54429766187,8382.18416427339,23824.0652561744
"shock","bard","Bard",2026-08-01,9728.88699324621,601.782170973659,2344.19048195552,4769.11197586614,9576.54456220254,22721.4362157509
"shock","bard","Bard",2026-09-01,5790.9112024321,784.331999984745,2140.58720939377,4107.70742162581,6855.65832295588,18325.5204746909
"shock","bionaz","Bionaz",2025-10-01,589.499591264788,122.183734881649,176.270476131232,445.33261175788,771.748461504816,1746.78677138741
"shock","bionaz","Bionaz",2025-11-01,792.992266252183,141.090052210689,251.596663368183,543.71854062126,1010.75235529154,2356.33560931135
"shock","bionaz","Bionaz",2025-12-01,1442.54732335824,231.821358692183,637.369496791096,1167.7689277904,1921.94912500915,3486.69375095972
"shock","bionaz","Bionaz",2026-01-01,963.391461684854,75.2594483654142,238.559603355953,533.870998765835,1001.42508155505,3373.76487820163
"shock","bionaz","Bionaz",2026-02-01,897.620800967555,149.105938031294,236.011518123472,500.05645075533,884.963569982396,2629.30581214967
"shock","bionaz","Bionaz",2026-03-01,582.083007522649,86.3352125393434,158.457222171884,347.782352914364,709.058469840923,1867.80791160024
"shock","bionaz","Bionaz",2026-04-01,326.80241320868,40.4482682217341,102.416693650168,256.836494286613,329.522448698245,844.953967475952
"shock","bionaz","Bionaz",2026-05-01,170.151887842957,39.7569087093883,68.6938227605776,111.875017893357,193.946338850298,497.018994206503
"shock","bionaz","Bionaz",2026-06-01,233.511905999748,19.434246616606,69.4240993095714,133.387658682657,274.279199891496,852.914079240847
"shock","bionaz","Bionaz",2026-07-01,388.702282684033,35.8134772301803,112.143026381439,215.605261959083,414.462053207123,1203.68426789496
"shock","bionaz","Bionaz",2026-08-01,614.706002934079,83.50336153316,219.481331157145,378.354914277194,734.157210111866,1796.32828773691
"shock","bionaz","Bionaz",2026-09-01,318.790616375041,40.9639859832704,125.87750213347,184.859856949162,394.025011674127,741.508365457395
"shock","brissogne","Brissogne",2025-10-01,171.109836964488,21.6184624857806,59.5704856474932,111.556783917789,195.163435402251,518.088383258266
"shock","brissogne","Brissogne",2025-11-01,722.394356177237,106.534678163992,231.217881413634,409.4598764984,852.552085602869,1844.18428779293
"shock","brissogne","Brissogne",2025-12-01,2156.78300748842,372.954534338266,673.79732788136,1605.00457937794,2777.66839863529,6620.05007845383
"shock","brissogne","Brissogne",2026-01-01,1646.49257701741,200.048580392561,451.835540457484,698.583606817265,2050.35595893749,4002.42676808694
"shock","brissogne","Brissogne",2026-02-01,1360.53207861838,172.763050348529,408.314000289664,824.46068242983,1448.08819298917,4055.4437584377
"shock","brissogne","Brissogne",2026-03-01,397.859619262799,127.689899112872,203.969373939751,353.12945359296,561.858832090521,736.608879812928
"shock","brissogne","Brissogne",2026-04-01,193.83586095374,32.2524501096669,74.0513131381649,136.134538439922,233.746671271758,566.330919979377
"shock","brissogne","Brissogne",2026-05-01,133.908801702194,13.4481834824037,49.5872135096407,82.668621324663,196.636605675943,346.417289500827
"shock","brissogne","Brissogne",2026-06-01,140.365089092892,15.3107279501312,31.4962821365367,101.468074039509,156.697593662617,409.068336933035
"shock","brissogne","Brissogne",2026-07-01,199.513069674996,26.058558552994,91.2813650073613,158.671083787123,240.198768470574,522.312841635088
"shock","brissogne","Brissogne",2026-08-01,281.307046494401,33.0589511264187,57.4899751134366,118.901283034504,351.052658898408,736.36269976798
"shock","brissogne","Brissogne",2026-09-01,211.507544932202,31.3692168116905,65.3351066205763,137.483719264514,272.753525125033,600.754076285757
"shock","brusson","Brusson",2025-10-01,1741.45577204593,337.520545545674,678.70197804071,1253.79813439168,1879.54049977441,4615.58763786691
"shock","brusson","Brusson",2025-11-01,3675.44549742443,611.483110217406,1280.48786030065,2080.95858050938,4386.60252898312,11369.4483899202
"shock","brusson","Brusson",2025-12-01,6736.43187393337,1019.93953957868,2024.45700550661,4764.51195424258,9339.10966014983,20454.5413378032
"shock","brusson","Brusson",2026-01-01,5308.12887687047,633.655763683136,1739.72449771471,3241.81451038177,6532.08975564047,16905.2144810406
"shock","brusson","Brusson",2026-02-01,4171.86309295027,616.102603694662,1623.01593222373,2509.63888672205,4818.6941268996,11398.0174624971
"shock","brusson","Brusson",2026-03-01,2056.0408291131,255.629132626407,550.720431351863,1191.53272631875,2982.84917952857,6325.18097848528
"shock","brusson","Brusson",2026-04-01,1033.79352434308,105.131891378522,311.188088920538,603.392038403272,1376.56583428268,3339.61860945847
"shock","brusson","Brusson",2026-05-01,502.549053962939,77.7000847640722,195.388772984686,354.262104602416,613.115548304013,1086.09511822799
"shock","brusson","Brusson",2026-06-01,592.126357925708,73.282854696688,183.29445218781,381.92664215584,721.694197282743,1954.60442839673
"shock","brusson","Brusson",2026-07-01,729.194970319852,211.735226056269,335.750390627821,509.203672879887,890.273694138367,1762.19110693108
"shock","brusson","Brusson",2026-08-01,1269.2018056513,282.864678026419,629.675532505336,838.140563220185,1289.42650489822,3766.28284373127
"shock","brusson","Brusson",2026-09-01,1127.93504378552,155.235236700167,484.849638195979,802.780161124303,1417.12360961896,3231.21844195955
"shock","challand saint anselme","Challand-Saint-Anselme",2025-10-01,706.781569948496,180.277201853574,243.717568692816,561.622793121333,756.57130556298,2175.1578775771
"shock","challand saint anselme","Challand-Saint-Anselme",2025-11-01,2070.20526912626,301.592944896426,676.388886826307,980.99876608256,1996.10412128906,4951.11248914712
"shock","challand saint anselme","Challand-Saint-Anselme",2025-12-01,4693.40439752687,843.097068261922,2046.64578796338,2919.38252701327,5106.75446683669,14724.9905642976
"shock","challand saint anselme","Challand-Saint-Anselme",2026-01-01,4589.63642558698,659.763680652311,1564.68002777334,3401.1972511516,4700.18811238802,12326.8671514617
"shock","challand saint anselme","Challand-Saint-Anselme",2026-02-01,4436.7290687589,540.523642442003,1470.78432751545,2491.80965676659,5215.79662943501,14432.2732474786
"shock","challand saint anselme","Challand-Saint-Anselme",2026-03-01,2304.27532563205,324.779599727926,903.029168041103,1456.22857683961,2552.90264049258,7353.97057928967
"shock","challand saint anselme","Challand-Saint-Anselme",2026-04-01,1173.36396198394,150.23919691492,405.736241802489,756.759931259899,1711.71647123077,3453.26271251032
"shock","challand saint anselme","Challand-Saint-Anselme",2026-05-01,511.99913473407,91.6525199968448,212.578361738148,313.797104877012,684.261065841606,1413.10594605693
"shock","challand saint anselme","Challand-Saint-Anselme",2026-06-01,465.240957878461,64.6849380428122,215.796502332399,303.411110832215,543.294096236642,1349.85089618065
"shock","challand saint anselme","Challand-Saint-Anselme",2026-07-01,1048.31185512378,171.457462382491,270.718227290292,526.187437934672,1067.64880102437,3142.22294568699
"shock","challand saint anselme","Challand-Saint-Anselme",2026-08-01,1198.45196935545,188.677369441115,404.504902617289,640.323409541723,1417.14553327664,3342.11477175295
"shock","challand saint anselme","Challand-Saint-Anselme",2026-09-01,1110.75392868055,142.69683510466,344.763073960225,840.480231288275,1621.16751483666,3033.48927465034
"shock","challand saint victor","Challand-Saint-Victor",2025-10-01,72.282153484037,15.6722968961124,29.0206209612261,55.0181041073126,95.0366057934736,173.46792141774
"shock","challand saint victor","Challand-Saint-Victor",2025-11-01,778.851480878271,123.200643320594,225.606156512885,411.688794019754,890.787965813846,2507.7808225
"shock","challand saint victor","Challand-Saint-Victor",2025-12-01,2130.77770452828,343.063303566382,580.227170283514,1500.13927880272,3128.97778249762,5931.31079559173
"shock","challand saint victor","Challand-Saint-Victor",2026-01-01,1652.23206319613,319.923676495396,792.842415224749,1182.40834259006,2018.11871546297,3862.39221399794
"shock","challand saint victor","Challand-Saint-Victor",2026-02-01,1756.0571981746,290.342484775149,771.502676086129,1626.57443751893,2226.83184582795,4449.2223000202
"shock","challand saint victor","Challand-Saint-Victor",2026-03-01,873.206043724508,205.688574378068,308.488027179739,523.30851693006,1202.39312160179,2743.08523259709
"shock","challand saint victor","Challand-Saint-Victor",2026-04-01,381.963126098521,66.5343413868844,131.542287727295,238.669687094922,497.25376627722,1155.51379035724
"shock","challand saint victor","Challand-Saint-Victor",2026-05-01,255.271826633493,31.8244507728037,78.8851858383111,203.722743421058,336.033550570911,645.263410086976
"shock","challand saint victor","Challand-Saint-Victor",2026-06-01,204.296738645191,32.1903224142067,85.5401694268155,145.155215689279,282.218315495845,482.551452654262
"shock","challand saint victor","Challand-Saint-Victor",2026-07-01,435.688115374769,51.2758766395831,149.578359365325,289.387412121856,567.011129721733,1172.81249795318
"shock","challand saint victor","Challand-Saint-Victor",2026-08-01,719.664162137686,109.293677305445,226.325173512507,494.862047479362,858.965198469178,2488.39540922948
"shock","challand saint victor","Challand-Saint-Victor",2026-09-01,420.764555905459,71.0653565255339,172.811845488077,272.306399813162,546.227917089127,1167.66614486753
"shock","chambave","Chambave",2025-10-01,323.220677407695,74.0744601046285,136.795383732835,235.509851637931,398.932748489293,935.193377295705
"shock","chambave","Chambave",2025-11-01,1609.09758364559,246.362516834561,628.596128194542,1058.07016538456,1696.24416206916,4951.12001080507
"shock","chambave","Chambave",2025-12-01,4904.13073613788,753.663691170968,1815.95811571275,2988.20648844644,6383.64221033662,11988.8967042171
"shock","chambave","Chambave",2026-01-01,2890.80483851478,432.773851307074,918.449651637134,1973.1081281423,3762.74068181392,8699.03958003593
"shock","chambave","Chambave",2026-02-01,3175.855921301,314.030429728852,1182.78041701382,1695.96073535007,3860.65615930819,10899.7448995566
"shock","chambave","Chambave",2026-03-01,1550.47881819331,246.634539285399,535.921347876029,1145.60528754731,2227.52172922355,3977.63233846437
"shock","chambave","Chambave",2026-04-01,777.360784213394,112.817084926566,247.551952779673,533.682185865183,891.546295735314,2539.37003967365
"shock","chambave","Chambave",2026-05-01,477.356522774008,105.329830888191,201.48454246046,332.562069376708,461.799530678143,1153.00456956676
"shock","chambave","Chambave",2026-06-01,381.575695660926,109.057112453484,147.234634099296,282.954571693148,461.318695508566,939.328954039204
"shock","chambave","Chambave",2026-07-01,915.716041963715,118.311919614939,348.97493545857,687.556729062989,1233.93829721068,1745.30665304498
"shock","chambave","Chambave",2026-08-01,961.350077825616,177.225968778108,361.962546637441,691.619535625804,1257.19141501181,2643.48615187334
"shock","chambave","Chambave",2026-09-01,972.729048685138,197.069964935473,344.747963571037,655.149474810169,1279.49904896992,2594.76348369411
"shock","chamois","Chamois",2025-10-01,152.096940793529,25.5975361584706,44.3714879086535,98.9967393522103,190.465271868037,503.419125890426
"shock","chamois","Chamois",2025-11-01,526.174644901267,74.2744449017463,117.057850959335,265.152919420411,577.00774561974,1847.12131318798
"shock","chamois","Chamois",2025-12-01,1444.49204238331,271.925545431222,469.331934429415,1041.30426379499,2006.78575210313,4010.95340265378
"shock","chamois","Chamois",2026-01-01,1046.53771459976,204.882794791608,387.441401448949,735.408934832787,1296.75197755642,3604.01781623097
"shock","chamois","Chamois",2026-02-01,1255.7236594293,176.525454768084,477.861335140692,1025.54954230334,1500.35091850309,3859.40236303242
"shock","chamois","Chamois",2026-03-01,622.143971490574,123.685748234123,325.843002399357,505.266907007679,782.470810664634,1560.63219317545
"shock","chamois","Chamois",2026-04-01,144.040400227317,20.4472575154938,69.1370035452493,102.641758938067,220.426994927792,369.646424506777
"shock","chamois","Chamois",2026-05-01,64.8251616716177,8.13920723990343,19.9572415012888,35.0966769865507,82.6211168780522,172.328032004993
"shock","chamois","Chamois",2026-06-01,97.1300843531343,12.6574639274589,26.4594361577856,43.471397481164,108.649716297363,260.780713207091
"shock","chamois","Chamois",2026-07-01,210.846060899953,24.7665011317095,68.2064628759103,146.840692183477,274.345252566995,643.256240781972
"shock","chamois","Chamois",2026-08-01,277.100998091775,58.0644287611841,113.386754587007,210.926328501001,309.934246071913,826.655423004736
"shock","chamois","Chamois",2026-09-01,343.056154310421,50.5846219845055,87.1374856525807,140.642895087353,387.20383415733,960.473022939642
"shock","champdepraz","Champdepraz",2025-10-01,380.225125641636,101.078796568884,194.032031065939,287.666473444247,540.282807141476,822.72895925115
"shock","champdepraz","Champdepraz",2025-11-01,1272.24397889034,185.995566252884,441.761350813338,730.61041263255,1328.84907666407,3785.21290790509
"shock","champdepraz","Champdepraz",2025-12-01,3745.38600777802,318.15680726433,870.002109398814,2015.71866156112,3596.00023539662,6271.02875416901
"shock","champdepraz","Champdepraz",2026-01-01,1492.14317144925,265.395810249325,527.906228033353,837.624932009884,1645.88491911342,4052.63205418111
"shock","champdepraz","Champdepraz",2026-02-01,1217.41564143788,193.443874083059,385.533585258886,922.861053908085,1786.51758617051,2885.86144380227
"shock","champdepraz","Champdepraz",2026-03-01,596.918601078904,94.9979729328769,248.760821353452,349.359903276839,750.947110996587,1741.0773746111
"shock","champdepraz","Champdepraz",2026-04-01,394.320697545557,46.185268971802,90.559270885927,260.601216639784,497.875404891861,1252.91214172282
"shock","champdepraz","Champdepraz",2026-05-01,169.347637997385,24.3973328569217,48.8664945533989,95.3091584998117,167.28872895729,559.812661118992
"shock","champdepraz","Champdepraz",2026-06-01,174.089066403065,16.3740692197053,43.0480381521665,74.7654926840724,129.371914500073,604.293240831203
"shock","champdepraz","Champdepraz",2026-07-01,233.304084449255,52.4883473475105,74.2021635301521,134.354538640425,264.619636272591,749.795303829163
"shock","champdepraz","Champdepraz",2026-08-01,315.255402324368,56.2898374018544,135.830455058066,226.049120528831,394.074201701026,858.922686605678
"shock","champdepraz","Champdepraz",2026-09-01,347.589275769238,67.3705479211278,149.559288014468,281.134633315723,389.709133185612,914.502285451107
"shock","champorcher","Champorcher",2025-10-01,387.350599744245,68.9592813709865,164.12901814737,265.139416654069,444.206349932675,1084.43452841216
"shock","champorcher","Champorcher",2025-11-01,1021.0763126696,191.377841002374,312.264709668284,599.296860160601,1183.80947740505,3218.0673608774
"shock","champorcher","Champorcher",2025-12-01,2296.54175427179,267.856796897838,571.266288957,1426.56827701919,3077.89120284976,7188.15609196702
"shock","champorcher","Champorcher",2026-01-01,1036.75753526488,174.178790398445,362.614740006294,616.766779828637,1160.93878429559,2774.13230404336
"shock","champorcher","Champorcher",2026-02-01,953.543559975557,149.446207095711,266.137351773163,521.802771410927,1208.21092561502,2751.2406917892
"shock","champorcher","Champorcher",2026-03-01,303.768049837893,55.9743608150051,124.439821853321,197.614637119684,361.165178462686,878.45989607731
"shock","champorcher","Champorcher",2026-04-01,136.716466997169,16.7337854981437,50.018452457196,88.7200877021919,181.053065734929,405.770218958699
"shock","champorcher","Champorcher",2026-05-01,90.3537833074254,11.0034514012346,26.3366659727469,44.1053707863424,117.636503759329,282.826551183701
"shock","champorcher","Champorcher",2026-06-01,93.4362663001939,9.32641208340952,26.5952535854986,54.1727043660012,96.3134448926486,429.094146196005
"shock","champorcher","Champorcher",2026-07-01,182.228204888235,25.4902295995879,64.0915858252456,110.872246865641,195.217062469125,447.398109530251
"shock","champorcher","Champorcher",2026-08-01,373.902827094351,27.7166722700865,106.383179328019,216.692981015923,486.451572606174,1181.16017493233
"shock","champorcher","Champorcher",2026-09-01,383.464400458876,47.815402564337,96.0389887968041,206.412466797138,405.956524842898,1246.24533098618
"shock","charvensod","Charvensod",2025-10-01,2146.57218877149,519.712767938824,1019.67985730676,1671.49540236446,2569.96747545964,5481.1376617775
"shock","charvensod","Charvensod",2025-11-01,4551.22770924681,886.725370987047,1863.4636327188,3525.80431561914,5874.94987458843,13396.2223525103
"shock","charvensod","Charvensod",2025-12-01,10574.0766696678,1252.6998219495,3609.26455092477,5206.79139807536,12000.6526752667,43634.2930275696
"shock","charvensod","Charvensod",2026-01-01,6194.62751211287,547.998840155156,1647.36879450238,3721.84393199892,9622.29835472691,17941.4155521055
"shock","charvensod","Charvensod",2026-02-01,5064.69174305265,590.623820223516,1764.4550576848,2683.13328207664,6214.28865539504,15368.8784498054
"shock","charvensod","Charvensod",2026-03-01,2418.09761575374,375.522097481368,817.230149582069,1323.45114108165,2325.84661469955,6544.08360441161
"shock","charvensod","Charvensod",2026-04-01,1034.58291860445,213.52191284195,404.453979561852,685.971267366244,1364.32416072349,3319.2974581421
"shock","charvensod","Charvensod",2026-05-01,778.107729836946,118.02454100601,222.598944862815,389.754417420595,914.867102424475,2472.48656511892
"shock","charvensod","Charvensod",2026-06-01,634.673180192913,93.90640916321,228.063796827001,342.764469750509,695.763333115278,1547.55927730613
"shock","charvensod","Charvensod",2026-07-01,934.694268777048,112.783252643328,464.331248047929,693.972151237936,1194.05740488379,2727.66496605307
"shock","charvensod","Charvensod",2026-08-01,1867.04924177548,251.579704895105,506.295802136673,1074.85822854326,2246.91913449566,6998.8519700439
"shock","charvensod","Charvensod",2026-09-01,1730.29551761166,209.270247875905,410.840491362343,684.936102158455,1676.40503486703,6869.17838787043
"shock","chatillon","Châtillon",2025-10-01,4386.77416692238,935.742267889432,2097.2242676268,3060.42020781426,4451.31927708578,12145.9351580706
"shock","chatillon","Châtillon",2025-11-01,11384.6129709384,1976.55012238382,3960.39151929166,7563.6329136969,14103.3750134503,30677.7760135759
"shock","chatillon","Châtillon",2025-12-01,30462.0026053388,4895.4823506628,8797.86040182754,20311.7964785554,42420.6672202377,84541.0142798629
"shock","chatillon","Châtillon",2026-01-01,13614.6271269766,2507.27814817006,5243.01101836216,11403.9790174245,18764.8180890285,32662.9306527022
"shock","chatillon","Châtillon",2026-02-01,12133.3767430015,1599.76570591351,3686.55307133734,8102.8170514661,15382.1048884568,31686.0667617452
"shock","chatillon","Châtillon",2026-03-01,5081.32810898449,1004.57467338474,1602.09498841678,3803.12404716968,6571.4589947292,13657.6493344601
"shock","chatillon","Châtillon",2026-04-01,2759.1902011604,367.306672694215,876.092596468708,1605.55531532332,3553.45488618421,8896.7588776346
"shock","chatillon","Châtillon",2026-05-01,1653.09375736645,236.049612654195,561.743557999196,981.546097293666,2249.64186137769,3997.7563901294
"shock","chatillon","Châtillon",2026-06-01,1666.3785714765,189.00253783236,530.656256121237,1077.38689731222,1754.88871712931,5903.84986721801
"shock","chatillon","Châtillon",2026-07-01,2749.43527174827,495.587851719838,1204.69476756424,1708.42698067927,3283.21122815856,8970.6960569281
"shock","chatillon","Châtillon",2026-08-01,3566.54003693722,532.217911371484,1245.62580371002,2412.15327968205,3851.34522381486,11980.6684118858
"shock","chatillon","Châtillon",2026-09-01,2267.33481470687,495.32330863274,971.604297663776,1582.15283429349,2485.13012216803,5771.01133417885
"shock","cogne","Cogne",2025-10-01,2297.94311624325,328.907869581632,1229.48464330404,1774.87378020639,3046.71018299967,5251.51983053703
"shock","cogne","Cogne",2025-11-01,3883.42181289779,543.352004251897,1217.08035498561,1805.04766694181,3305.35795644817,13223.1856406798
"shock","cogne","Cogne",2025-12-01,6541.57159029587,885.560945288442,1734.44805221444,4010.78964136222,7133.0330837866,23995.610932306
"shock","cogne","Cogne",2026-01-01,3803.57865781607,299.270554867584,710.676497630016,2246.83189577322,4527.49031285776,10940.5795515006
"shock","cogne","Cogne",2026-02-01,3578.04710448512,304.629401382697,879.839699638231,1587.49647929077,3845.15047338797,11588.8789187287
"shock","cogne","Cogne",2026-03-01,1183.57100511419,286.504315275907,442.767809222881,825.746858770512,1399.84584980828,2996.85243676955
"shock","cogne","Cogne",2026-04-01,567.900176893075,49.785701150067,175.973992417964,302.310599765574,513.000214747681,1665.98514790989
"shock","cogne","Cogne",2026-05-01,274.416301473548,32.3414736940637,90.2360341407145,188.733580189062,309.47772038293,797.537960159688
"shock","cogne","Cogne",2026-06-01,268.022588157129,34.7874535599738,105.59718550754,220.110360013677,365.537743018752,775.736328468795
"shock","cogne","Cogne",2026-07-01,400.694601204027,62.5716452531798,140.632735390874,229.050018226733,476.499988084441,1108.07744410628
"shock","cogne","Cogne",2026-08-01,487.552766515701,96.0189166968135,168.265897741588,332.596882054922,543.28948799647,1134.86333610108
"shock","cogne","Cogne",2026-09-01,472.196030607008,93.27390041896,165.372343812973,311.730735794307,549.604647168638,1260.71410973912
"shock","courmayeur","Courmayeur",2025-10-01,7437.75303076847,1473.70076568313,2801.05728601563,5118.75879265538,8866.88010544628,19439.7456110998
"shock","courmayeur","Courmayeur",2025-11-01,6520.59891342375,1091.99200960423,2860.64895351571,4021.89622062024,6220.12549985066,22302.934857234
"shock","courmayeur","Courmayeur",2025-12-01,10949.8427526229,1415.62379083886,4315.66509741586,8684.29200949738,13917.8449174596,26491.4009408634
"shock","courmayeur","Courmayeur",2026-01-01,5982.0286024126,627.987864097519,2049.95156428155,4381.42064841031,6091.60842406409,18523.4674025389
"shock","courmayeur","Courmayeur",2026-02-01,5151.69631353547,585.917066290492,1929.65454298374,3625.49965538517,6745.21153678301,13930.3610852871
"shock","courmayeur","Courmayeur",2026-03-01,3082.13905120299,348.762259068403,698.770101312397,1699.30331984215,3504.58944555426,10896.8175505187
"shock","courmayeur","Courmayeur",2026-04-01,1158.69196426008,226.834649233691,371.796000742532,760.058890983861,1475.28626099511,3717.97483522423
"shock","courmayeur","Courmayeur",2026-05-01,453.316613958692,80.8140343733092,179.556924583645,289.473375122834,458.306605505726,1624.18551416787
"shock","courmayeur","Courmayeur",2026-06-01,502.191739245599,71.2137105015011,157.478247093762,287.701641510138,482.92323756243,1311.49043308099
"shock","courmayeur","Courmayeur",2026-07-01,871.91746467183,144.628094484965,316.748095168669,612.531960326728,1029.48648011205,2130.29804372783
"shock","courmayeur","Courmayeur",2026-08-01,1549.06098023229,181.269874321952,470.299131846822,860.640230677961,2267.88877295364,4764.472703147
"shock","courmayeur","Courmayeur",2026-09-01,1540.07857188248,126.079592740268,303.100789309763,683.989493037174,1291.96564763451,4368.57009234905
"shock","donnas","Donnas",2025-10-01,398.875750930763,103.284642212543,162.698216696132,283.545208978926,446.756004481142,1257.83572413561
"shock","donnas","Donnas",2025-11-01,1753.26771926492,227.668239363098,557.47207703988,1150.92616465263,2034.48961965617,3914.65339959349
"shock","donnas","Donnas",2025-12-01,4565.64482603831,705.357624469984,1228.32878786687,2222.0607372845,4348.20704296385,14788.8794152538
"shock","donnas","Donnas",2026-01-01,2941.81215280992,470.108971721793,1039.37123305095,1936.66267513583,3906.67584972367,7396.05754175145
"shock","donnas","Donnas",2026-02-01,3593.48035706217,357.948503242765,1111.68384900404,2225.55970074633,3459.42454493595,12000.1577399221
"shock","donnas","Donnas",2026-03-01,1863.72237228905,285.002334573764,479.614882561903,975.64323296178,2196.0446725712,5731.19662162778
"shock","donnas","Donnas",2026-04-01,834.637526429157,184.935227885885,336.582711816786,555.616081629774,1008.74521787846,2570.98480138286
"shock","donnas","Donnas",2026-05-01,592.492055565781,81.3501097313614,178.39976408565,382.777712943897,736.795406186929,1722.6051188983
"shock","donnas","Donnas",2026-06-01,491.666284833974,85.1697859566838,236.359745347585,336.796902172134,645.272326297967,1317.44833388467
"shock","donnas","Donnas",2026-07-01,1026.3115602317,93.39037694286,242.601340179099,694.219239439811,1569.52087185911,2697.28367515424
"shock","donnas","Donnas",2026-08-01,1174.49108222833,118.329015364436,426.206780675487,755.372633232187,1407.76152633283,3493.29716998275
"shock","donnas","Donnas",2026-09-01,965.169663458207,128.506002728312,229.387146833425,510.435485818849,1056.93341733852,3092.98992250144
"shock","doues","Doues",2025-10-01,719.253618208777,158.424718211212,283.950512198099,442.170134808589,830.408610388336,2217.99637947803
"shock","doues","Doues",2025-11-01,1398.02291382413,321.602668389087,643.668160058068,1058.180096396,1857.71356913632,3793.35012129862
"shock","doues","Doues",2025-12-01,3916.75506561614,427.948072455845,1436.85070515522,2939.82060539847,4674.29036658933,11026.4955733644
"shock","doues","Doues",2026-01-01,1724.279248765,365.277913934645,837.92777639253,1380.78881452668,2174.10187398101,3793.91767806579
"shock","doues","Doues",2026-02-01,1669.44703112258,306.619589341067,562.060037873743,1113.66441030652,2290.50456615211,4975.10432203158
"shock","doues","Doues",2026-03-01,760.372074497228,113.251064275861,256.401248249743,420.949248559131,779.884686479107,2450.11184781206
"shock","doues","Doues",2026-04-01,270.127864269384,48.4823734614882,99.0637384834891,180.212811390435,303.16406267139,768.801237281172
"shock","doues","Doues",2026-05-01,192.670227948517,33.0570877754454,56.820156729156,113.744097309759,217.126991189607,611.999819197909
"shock","doues","Doues",2026-06-01,199.919791973118,25.4414708752256,71.3181856680176,129.355766862364,241.82180135866,469.480587561281
"shock","doues","Doues",2026-07-01,408.804448107379,60.9569758373449,129.090058852408,189.650930911098,422.966633754338,1718.6992842248
"shock","doues","Doues",2026-08-01,627.997448484354,101.142159488309,300.382808382421,419.837743030375,763.255986719316,1566.50134722593
"shock","doues","Doues",2026-09-01,614.183131805053,100.169595548012,256.834559031843,422.283913690582,821.940950004642,1514.73734774117
"shock","emarese","Emarèse",2025-10-01,58.92731738523,9.40284910594738,23.826478586701,41.5278524375477,70.6891279373492,178.072788704059
"shock","emarese","Emarèse",2025-11-01,631.352543197171,66.0402044705269,219.901746698448,325.995706233823,818.749693944504,1890.36603418493
"shock","emarese","Emarèse",2025-12-01,3178.66023542034,531.765533636933,1003.29159553831,2016.43657148443,3060.15737861542,12144.2957259669
"shock","emarese","Emarèse",2026-01-01,2279.26213018888,347.845838376052,914.386906547616,1522.8943344463,3119.11685738066,5745.76308620095
"shock","emarese","Emarèse",2026-02-01,1973.77205631688,361.709261467714,745.136532022797,1345.53769702595,2024.69379896558,6312.51502251546
"shock","emarese","Emarèse",2026-03-01,1253.49287691772,195.232814771646,397.576477031871,814.941796866899,1554.37954389078,2544.49541837693
"shock","emarese","Emarèse",2026-04-01,468.344766539752,59.2219524905951,149.02358039827,320.225605936801,626.048899720726,1387.17135730888
"shock","emarese","Emarèse",2026-05-01,416.045888671484,54.3297882725221,162.562610540879,273.856754843255,574.122923437515,1053.4459178417
"shock","emarese","Emarèse",2026-06-01,280.160510311212,50.755667079191,102.522932597138,168.564694914979,348.539460518953,858.58498327492
"shock","emarese","Emarèse",2026-07-01,510.0017212474,79.2273838675926,232.292560676322,363.272824867163,579.13160105584,1271.79933326956
"shock","emarese","Emarèse",2026-08-01,954.85580972861,108.387341038848,244.659672067194,435.787132408935,732.88013287988,3156.79428654462
"shock","emarese","Emarèse",2026-09-01,407.0191714798,54.018334920483,141.510773292567,222.168605349864,555.466082933113,1159.7285978121
"shock","etroubles","Etroubles",2025-10-01,1235.74245364396,226.685942681047,394.030551411705,773.928145622056,1293.92929824548,3587.49755380316
"shock","etroubles","Etroubles",2025-11-01,1546.45793675046,404.055306679738,729.508792569993,1110.3467027376,1871.32791149988,4670.86468882798
"shock","etroubles","Etroubles",2025-12-01,2808.3295841625,497.169235022336,909.58177072359,1989.07383883825,3538.47183481991,7073.23181805525
"shock","etroubles","Etroubles",2026-01-01,1465.09559637273,158.002698522481,294.506997716766,913.709836664708,1656.26117534245,5757.31777552693
"shock","etroubles","Etroubles",2026-02-01,1357.62567826836,166.094510286524,428.749273454048,837.675385936939,1371.52786513653,4492.53615130242
"shock","etroubles","Etroubles",2026-03-01,591.077203465358,78.7760511882351,186.470616889217,421.712435028886,647.140041145355,1639.07112981352
"shock","etroubles","Etroubles",2026-04-01,303.323016335932,64.2024517891589,122.454734721418,206.898901103008,353.951291958763,796.020245912014
"shock","etroubles","Etroubles",2026-05-01,140.88082986896,31.3277872413425,77.3887790216603,109.725752737245,197.959105209327,325.116049356258
"shock","etroubles","Etroubles",2026-06-01,231.315194639998,26.3148928935833,69.7463692781909,120.50097533587,260.908363243558,745.129289891732
"shock","etroubles","Etroubles",2026-07-01,572.456154286228,32.834240042507,95.7400611619754,202.85577439246,384.319624532888,1589.51421376031
"shock","etroubles","Etroubles",2026-08-01,556.300592050085,46.129411443263,177.05667964654,367.855810011009,628.524580877413,1774.71357456056
"shock","etroubles","Etroubles",2026-09-01,524.908090088983,76.4893091980281,149.149859805553,248.155917352865,687.518740189546,1876.24440944818
"shock","fenis","Fénis",2025-10-01,988.201766099033,150.418462554904,425.129153325486,752.108223811063,1300.12577443227,2568.02212855197
"shock","fenis","Fénis",2025-11-01,2561.01954202455,197.995859308736,748.861026911236,1866.98339887884,3078.66091703697,5783.47360950844
"shock","fenis","Fénis",2025-12-01,3448.08082761715,533.33224927146,1382.27327374523,2580.94755876653,5078.82673796472,9174.39401886607
"shock","fenis","Fénis",2026-01-01,1437.24106646421,231.38407871191,629.241021095102,1179.89060721773,1793.25019806769,3182.28768866664
"shock","fenis","Fénis",2026-02-01,2258.59395799277,316.22765881068,583.821804806224,1385.40237808576,2949.9595006896,6993.63878023029
"shock","fenis","Fénis",2026-03-01,891.203918517474,184.682201873222,364.953998471695,536.332483542478,1086.34265355113,2759.54929467141
"shock","fenis","Fénis",2026-04-01,751.079414099771,105.74767164788,196.984523204951,326.918797230169,903.691026260372,2355.09780710809
"shock","fenis","Fénis",2026-05-01,297.169460280874,37.2793790457564,106.379806031156,188.404231210342,363.405556762861,893.295140211506
"shock","fenis","Fénis",2026-06-01,317.917043832038,29.5883190302417,96.5151161520238,194.44357875277,470.295348048712,845.439517323362
"shock","fenis","Fénis",2026-07-01,559.140440866554,69.8072205991693,156.252805914496,343.112899665141,789.845366934065,1419.10131515627
"shock","fenis","Fénis",2026-08-01,603.617964106811,118.892906626235,250.633478757301,398.642278603406,725.480426925633,2065.69267541234
"shock","fenis","Fénis",2026-09-01,427.373353990116,59.2487150488724,150.613026308963,286.230721109509,457.933481297411,1179.1662545165
"shock","fontainemore","Fontainemore",2025-10-01,422.194029809848,86.8682889203485,162.385375064026,252.984951216704,406.082035768696,1154.52153142299
"shock","fontainemore","Fontainemore",2025-11-01,1174.03399682532,153.924938486052,299.248998067377,736.678624958385,1442.50029740251,3687.95071125502
"shock","fontainemore","Fontainemore",2025-12-01,2459.38101518953,494.892372713644,1128.07833259181,1868.53317995719,3715.92506962692,5634.54738104631
"shock","fontainemore","Fontainemore",2026-01-01,1185.3949294939,215.818179956931,456.703237434413,843.865719087741,1673.55765106777,2596.19673516568
"shock","fontainemore","Fontainemore",2026-02-01,1390.15237077413,131.010322896056,453.92543218384,863.873471662522,1594.64838067321,3720.58995901906
"shock","fontainemore","Fontainemore",2026-03-01,577.34027949529,62.9984504258016,209.535859350574,401.417028771414,715.109159511824,1570.28243961014
"shock","fontainemore","Fontainemore",2026-04-01,247.615291362639,28.7592069651295,85.9389040494609,142.638907485736,335.190647348479,694.25441966127
"shock","fontainemore","Fontainemore",2026-05-01,132.916574758733,24.8635876675106,55.1887603019346,91.6582336208586,171.446216612287,338.460054701852
"shock","fontainemore","Fontainemore",2026-06-01,226.524163111411,36.2701731302073,73.9372797926553,140.126611114239,231.735247600115,590.30866436466
"shock","fontainemore","Fontainemore",2026-07-01,392.502428877982,72.3253095343401,138.511719266899,365.90224563228,475.020485932657,1102.64887573418
"shock","fontainemore","Fontainemore",2026-08-01,550.814005422874,84.730439366512,204.078277590468,388.950110110518,795.195533459038,1445.31172321023
"shock","fontainemore","Fontainemore",2026-09-01,484.097992301045,70.7670955297573,145.478194968156,302.591237075694,658.716526889003,1471.82662269388
"shock","gaby","Gaby",2025-10-01,543.434868287738,89.903057840716,183.082333165683,428.24317334609,645.380966708882,1416.83514080122
"shock","gaby","Gaby",2025-11-01,1558.12491474687,168.318818392055,500.357677853694,1077.2403702954,2461.14252780262,3664.69045013812
"shock","gaby","Gaby",2025-12-01,4623.00869376915,794.583609762841,1347.70337383157,3460.16743449527,6799.8489001836,13162.8567794816
"shock","gaby","Gaby",2026-01-01,2913.29590102797,569.457968928975,993.398864003771,1946.43210752558,2738.05613485214,9573.46490412583
"shock","gaby","Gaby",2026-02-01,2786.41183237026,459.195445680351,1018.11393943107,1933.77636007069,3110.61488541127,8731.14670547013
"shock","gaby","Gaby",2026-03-01,1568.48654400138,200.477124139864,357.446507578925,739.071929305189,2014.47225257224,5003.10999984436
"shock","gaby","Gaby",2026-04-01,616.723109402681,88.8760691559377,211.473613337765,390.657906789583,607.26159997117,1757.00528081427
"shock","gaby","Gaby",2026-05-01,403.596774831732,53.9713689625983,119.605712879436,238.710400771732,445.367873399903,776.778330757986
"shock","gaby","Gaby",2026-06-01,400.123736794619,46.5132506246682,129.009245448117,239.089772888491,428.654263180836,1096.58018171979
"shock","gaby","Gaby",2026-07-01,658.355765204118,113.307499386274,220.627966745932,406.225788573812,687.844401246025,1886.16871030906
"shock","gaby","Gaby",2026-08-01,941.910422315669,159.689018460879,338.446502485976,578.102727053453,1381.48374985427,2697.96184189174
"shock","gaby","Gaby",2026-09-01,792.974198662303,82.3614670719504,327.768663163289,518.685832795335,971.167655068705,2532.49664966642
"shock","gignod","Gignod",2025-10-01,840.796397769738,163.856054508108,405.929817955746,582.485356085643,1160.05799913046,2175.21883704023
"shock","gignod","Gignod",2025-11-01,2622.25165486297,571.816910609538,1039.54640787029,1656.93979291048,2884.87797401135,7472.98988775545
"shock","gignod","Gignod",2025-12-01,7495.92399542269,1424.45145771504,2864.91642448463,4804.36101628052,7782.75885454167,27061.7742861661
"shock","gignod","Gignod",2026-01-01,3186.55913684669,577.975677498186,1214.531103229,2146.26338202165,3337.73600316235,9280.91105930586
"shock","gignod","Gignod",2026-02-01,2743.49166815652,476.536591768022,1148.94774873519,1695.43239618555,3392.66261500367,7878.54584326172
"shock","gignod","Gignod",2026-03-01,994.035206575333,96.8692346493547,309.730489580725,645.705092713437,1512.40272666403,2504.37025189536
"shock","gignod","Gignod",2026-04-01,502.830994281234,84.428581525936,182.776329926726,328.680657011363,618.548153198476,1506.16105385105
"shock","gignod","Gignod",2026-05-01,366.044785707909,61.1631911102711,105.501065201219,196.195705374322,472.178560727434,868.999697540871
"shock","gignod","Gignod",2026-06-01,366.107498857139,75.7337492936369,164.821786498725,274.786100604248,459.935349240051,907.626207215563
"shock","gignod","Gignod",2026-07-01,629.141250502991,106.327889793157,206.158740606735,391.793294314883,803.524574112482,1845.37946529386
"shock","gignod","Gignod",2026-08-01,1000.47996653386,131.246294268208,279.173073058066,490.760987063759,739.061678613915,3818.56111958686
"shock","gignod","Gignod",2026-09-01,955.897774592949,84.8444558728982,322.755297407877,636.708576408292,1000.85114053163,3100.59722588045
"shock","gressan","Gressan",2025-10-01,1009.24984187927,294.491920370276,547.676916169538,800.256550994964,1316.69391749766,2361.73461749861
"shock","gressan","Gressan",2025-11-01,3420.16762544466,433.751914839534,1428.1005191755,2911.14865166306,4590.09099307928,8936.83921229769
"shock","gressan","Gressan",2025-12-01,13823.6098502529,1577.24803370202,3834.78514471212,6579.81048225187,16755.0597303447,47744.6607775216
"shock","gressan","Gressan",2026-01-01,7580.85013221034,1261.20792781245,2750.41977194402,5159.47786460405,9030.71946968614,20302.0912940871
"shock","gressan","Gressan",2026-02-01,8279.91308059591,1828.35759539252,3786.51864255707,6231.40624087259,9924.99259647218,21439.0285640256
"shock","gressan","Gressan",2026-03-01,4150.92003623832,593.35567656914,1799.70345194302,2889.2863718402,4751.66322367481,11331.7906639343
"shock","gressan","Gressan",2026-04-01,1536.13378834416,205.383636648176,569.06472409935,872.450765818799,1772.15274122248,5892.60108698977
"shock","gressan","Gressan",2026-05-01,632.231217791395,76.0427951295294,243.878319082954,454.720795363091,666.660619652413,1338.8290762066
"shock","gressan","Gressan",2026-06-01,555.845825607059,66.3392980597957,172.488987701499,390.109637522645,627.217570608422,1539.64742207672
"shock","gressan","Gressan",2026-07-01,935.868379617303,184.591291185308,366.436844579845,603.037709233099,983.337988756726,2496.81205241468
"shock","gressan","Gressan",2026-08-01,1436.09059914069,230.036822222618,489.686910320878,889.488717629065,1852.29815661029,4298.43172525612
"shock","gressan","Gressan",2026-09-01,1059.79960293729,268.64576535797,428.427747337684,735.214833849604,1352.95964019952,3070.78509600985
"shock","gressoney la trinite","Gressoney-La-Trinité",2025-10-01,877.957542337557,249.725427612341,468.292002688885,628.084766871128,1145.89829809053,2086.37475850805
"shock","gressoney la trinite","Gressoney-La-Trinité",2025-11-01,1066.74403070432,205.768818189164,460.236108069941,796.621791859301,1247.93461611345,3245.03284374178
"shock","gressoney la trinite","Gressoney-La-Trinité",2025-12-01,3574.7081985085,664.18039980905,1558.15981532654,2601.30830213498,5049.04508963213,10027.5200544057
"shock","gressoney la trinite","Gressoney-La-Trinité",2026-01-01,2760.1279131386,357.171479750152,978.647996865974,2245.80410375797,3137.33273032411,7090.54032793429
"shock","gressoney la trinite","Gressoney-La-Trinité",2026-02-01,3263.53496755292,578.719394006501,1198.28530069907,2127.52412418664,4085.69628550317,9640.34854820086
"shock","gressoney la trinite","Gressoney-La-Trinité",2026-03-01,1902.57041590813,383.097261418078,841.428823795826,1357.06640194894,2748.8597202282,4873.30097097718
"shock","gressoney la trinite","Gressoney-La-Trinité",2026-04-01,969.624885971949,228.779043098311,427.6794683256,748.474641749817,1470.96067922624,2013.09010866349
"shock","gressoney la trinite","Gressoney-La-Trinité",2026-05-01,341.954664154899,89.4236835405101,135.014714557253,245.827876688248,480.438008337446,879.754775058327
"shock","gressoney la trinite","Gressoney-La-Trinité",2026-06-01,374.071639578985,84.4281971926965,150.639983903428,218.59595396051,362.779615097426,1508.60615493917
"shock","gressoney la trinite","Gressoney-La-Trinité",2026-07-01,790.513877007957,160.077861132397,239.40225702152,455.185307776474,844.124557754676,2503.32388985391
"shock","gressoney la trinite","Gressoney-La-Trinité",2026-08-01,1217.54114234401,187.229327125301,547.389458084767,838.64218273607,1330.51776855085,3945.89931384182
"shock","gressoney la trinite","Gressoney-La-Trinité",2026-09-01,963.286015975261,131.132208860073,356.888909296054,696.648141517809,1193.95508355205,2260.3112616615
"shock","gressoney saint jean","Gressoney-Saint-Jean",2025-10-01,1602.81409582197,457.232040105258,702.398175537243,1159.00334968567,2246.38301606707,4012.23342603001
"shock","gressoney saint jean","Gressoney-Saint-Jean",2025-11-01,3875.77067812204,812.824649078149,1163.24412539088,2150.1378436525,4448.64479023199,13469.6126136953
"shock","gressoney saint jean","Gressoney-Saint-Jean",2025-12-01,6394.50689717111,831.732878124959,2497.32261088098,4666.43149513042,7805.93621299854,18633.1770343665
"shock","gressoney saint jean","Gressoney-Saint-Jean",2026-01-01,4754.07237736736,739.924750924795,2023.26689932149,2767.84664565953,4916.16800148335,13276.610154138
"shock","gressoney saint jean","Gressoney-Saint-Jean",2026-02-01,4147.31224078769,869.090052253885,1497.22578580641,3076.37897036262,5570.758562491,10488.4107216356
"shock","gressoney saint jean","Gressoney-Saint-Jean",2026-03-01,2660.09973643377,237.473082674775,817.153276140263,1513.33439524122,4307.01539581112,8236.67328010672
"shock","gressoney saint jean","Gressoney-Saint-Jean",2026-04-01,1329.14294595456,180.596161649548,433.850317550806,709.020822632384,1289.0068437402,3479.53795640988
"shock","gressoney saint jean","Gressoney-Saint-Jean",2026-05-01,487.047012884581,80.2555261995329,167.842371269123,305.629566733836,683.21345866741,1455.1294622633
"shock","gressoney saint jean","Gressoney-Saint-Jean",2026-06-01,397.613841869202,83.3252155485515,175.959861213139,279.720373547078,427.249197050826,1081.37242516002
"shock","gressoney saint jean","Gressoney-Saint-Jean",2026-07-01,652.181723969057,83.2012101478179,210.145259460979,414.250988486309,706.9222929582,2285.86542198741
"shock","gressoney saint jean","Gressoney-Saint-Jean",2026-08-01,1143.32813194492,144.337716258426,468.594620485556,759.414530024479,1309.78122661451,2916.52454138477
"shock","gressoney saint jean","Gressoney-Saint-Jean",2026-09-01,1049.15159309738,130.66573425976,400.01593440511,707.394528979716,1249.68036667669,2723.03241747658
"shock","hone","Hône",2025-10-01,378.242597337158,50.4187546501034,159.777692337177,277.633447208439,440.067157411282,1140.79302789971
"shock","hone","Hône",2025-11-01,1707.777806958,325.200572050672,737.418336892902,1134.46730517075,2098.49363967462,3600.85860383492
"shock","hone","Hône",2025-12-01,4925.19006081532,734.946844785559,1849.07200510066,3407.31485937221,6661.07780960263,13235.1659487841
"shock","hone","Hône",2026-01-01,3090.25943781881,683.544070203884,1098.19068698831,2214.48803791003,3710.4131512607,8832.83672324555
"shock","hone","Hône",2026-02-01,3931.86161269991,607.583992018156,1272.62675030949,2805.98728417849,5593.40491175926,11763.8387408798
"shock","hone","Hône",2026-03-01,1723.84223879423,206.627050331438,832.515515347706,1274.55688133224,2205.03662860862,4945.69012820364
"shock","hone","Hône",2026-04-01,791.356463685444,107.299261904204,299.987510405129,550.112043696011,916.427667907187,2166.2339647779
"shock","hone","Hône",2026-05-01,675.790009842518,93.1796592133102,172.23944301841,353.860543234058,788.441107255756,2055.74340054606
"shock","hone","Hône",2026-06-01,560.465069207817,89.7030932918135,185.1775581175,358.961963689733,773.742148911254,1477.14724617857
"shock","hone","Hône",2026-07-01,1084.54824905621,120.942997411174,299.973132290704,847.514426273542,1501.72927778352,2515.21674276944
"shock","hone","Hône",2026-08-01,1459.03880392687,184.967690114251,437.872048925694,782.973283520887,1435.13964754182,4525.54453157016
"shock","hone","Hône",2026-09-01,1136.15287265833,200.221475937869,376.21302785097,713.854531981531,1558.20750303954,3146.06055351812
"shock","introd","Introd",2025-10-01,578.274034754241,114.822526340103,220.34481297708,375.636537112975,765.533687315544,1680.23724806947
"shock","introd","Introd",2025-11-01,1799.76767317419,255.154013470049,571.245581694721,959.878054129778,1792.60129548601,7223.17186569193
"shock","introd","Introd",2025-12-01,4618.98175138369,746.31054642862,1381.08519730146,2803.70545875288,5572.21359636067,14419.3810763043
"shock","introd","Introd",2026-01-01,2985.18175671937,514.513716614891,904.437789005613,1893.64308837472,3447.28506098125,11177.4090865548
"shock","introd","Introd",2026-02-01,2991.78098699655,439.182476592266,871.594900722479,2859.87599561342,3907.51943498345,8269.38545950206
"shock","introd","Introd",2026-03-01,1408.22698714849,135.031601657251,414.539706237499,826.154538766861,1944.18061635199,3619.62882240417
"shock","introd","Introd",2026-04-01,755.759195130726,82.0621309414248,244.098402944983,528.096573243233,942.969941881362,2453.38086493331
"shock","introd","Introd",2026-05-01,363.60018529693,57.9319180153898,140.281310575007,221.603266503751,521.705085248377,1154.92704525722
"shock","introd","Introd",2026-06-01,373.618570465494,42.8840255235496,125.597139585714,275.51242560936,479.087595152542,1049.28179429842
"shock","introd","Introd",2026-07-01,598.516974313504,77.2214517325902,200.689328773355,398.907890277675,693.438667642533,2032.84266769886
"shock","introd","Introd",2026-08-01,927.282545769402,114.796487624254,276.707072364238,534.757629432999,800.634769483531,2896.28800899722
"shock","introd","Introd",2026-09-01,718.067064752209,105.86093380974,220.096051396037,351.964618614025,825.855867570182,2401.9470064322
"shock","issime","Issime",2025-10-01,217.632476032997,48.1007614522468,98.1754894354821,169.109121298046,294.109662055331,495.922181115186
"shock","issime","Issime",2025-11-01,594.392021753922,137.699544720535,269.371046427958,474.384714199822,760.486080539657,1577.36046790343
"shock","issime","Issime",2025-12-01,1542.96413201433,303.514493319292,680.959953796223,954.895518799804,1912.54324018374,3889.5084497635
"shock","issime","Issime",2026-01-01,1468.95667865677,177.857902339138,411.61121166291,698.722139943883,1529.46958585958,5680.81591264786
"shock","issime","Issime",2026-02-01,1324.58661149027,119.015085376948,364.103520631773,618.349420578492,1506.9600522834,4779.75427105665
"shock","issime","Issime",2026-03-01,688.184131265254,74.8931277366031,153.220612621219,353.605047438488,874.189506772491,2313.42526513176
"shock","issime","Issime",2026-04-01,267.044685497272,35.541626808539,99.5969873967801,177.867863582108,333.926646808353,732.2971180328
"shock","issime","Issime",2026-05-01,152.000338174408,19.68117073969,57.578645549015,108.142152233695,203.116593957764,420.48547495152
"shock","issime","Issime",2026-06-01,165.582643832888,20.757389277435,63.2591840680743,121.72174154726,186.177098703874,475.824519881754
"shock","issime","Issime",2026-07-01,202.07980279505,24.0654325311819,77.5132841424458,154.263674684419,269.384492924348,473.134848411178
"shock","issime","Issime",2026-08-01,345.038493660152,42.8406877792708,119.825415654712,220.445821919938,371.993122908252,1002.330536836
"shock","issime","Issime",2026-09-01,322.769237869096,24.1958344222939,92.1413945802674,204.192063315739,348.677616674015,949.050087305635
"shock","issogne","Issogne",2025-10-01,274.543032801538,65.5047266974278,111.689999195597,207.650719232681,337.690615900681,730.296023534871
"shock","issogne","Issogne",2025-11-01,787.954444440424,114.758770054802,265.484027774614,429.101895064591,1060.56962399722,2235.80751083448
"shock","issogne","Issogne",2025-12-01,2935.76648998865,354.229004888824,958.946438395922,1708.16530643591,4111.2703951441,9176.39293723803
"shock","issogne","Issogne",2026-01-01,2166.75365563231,280.81214115082,698.703050065011,1319.42283037776,2486.76436085636,7181.99274191275
"shock","issogne","Issogne",2026-02-01,2272.14171043023,235.311953001598,711.104822455946,1564.21103766875,2860.56968506959,6835.79622958643
"shock","issogne","Issogne",2026-03-01,1307.02789153083,162.892145750456,362.667047196455,819.447922455743,1700.77446167484,4790.60389168375
"shock","issogne","Issogne",2026-04-01,613.312954700576,96.5423138510903,199.91621770138,411.539746913412,642.609280154771,1078.63823814553
"shock","issogne","Issogne",2026-05-01,364.175662955997,40.7422785188107,119.103649218688,237.515151029987,510.000521106731,978.594770898589
"shock","issogne","Issogne",2026-06-01,376.346419779766,40.946782602317,160.818193888576,275.754766307513,394.560204827503,961.720186275593
"shock","issogne","Issogne",2026-07-01,684.650087532927,136.043128381988,265.638454522504,458.028314904001,782.885327144168,1802.96510739395
"shock","issogne","Issogne",2026-08-01,1251.24264417286,239.948108026646,390.469815977347,706.87414439543,1544.5547183895,4202.56270699502
"shock","issogne","Issogne",2026-09-01,1173.34346481371,169.113826806655,370.009176539649,753.987351605133,1460.76453833284,3858.14720455835
"shock","jovencan","Jovençan",2025-10-01,1677.07138728971,455.300046043283,753.023484498608,1025.39320236092,2056.53251039451,4425.55844575168
"shock","jovencan","Jovençan",2025-11-01,7669.70471104304,1978.49631542461,3699.32984361248,5811.68013526099,8554.33687818793,22930.974900473
"shock","jovencan","Jovençan",2025-12-01,28183.2386305436,4988.00745215575,11261.3089877084,18707.0257061119,26636.8811251744,62901.5880661547
"shock","jovencan","Jovençan",2026-01-01,16754.3193155109,2089.53095472661,5100.05816657473,10482.7962173002,19445.110937818,44464.4743724171
"shock","jovencan","Jovençan",2026-02-01,16270.8059686401,1764.9723109801,5112.83266347968,9760.9010731726,19897.1884370966,52832.6360326648
"shock","jovencan","Jovençan",2026-03-01,9142.94416850912,792.881362014023,2631.83120684217,5477.82471732963,10742.6473352077,22835.9482506254
"shock","jovencan","Jovençan",2026-04-01,4935.5974432852,565.477675905583,1452.52579967769,2981.76233417845,5082.41136476482,15402.8250639319
"shock","jovencan","Jovençan",2026-05-01,3423.10873721679,521.055224209352,1260.33962282365,1694.21747460048,2653.00846409025,10416.4893710783
"shock","jovencan","Jovençan",2026-06-01,3510.77907775596,271.256224908898,985.444405595397,1812.45805331416,4347.23827456607,11099.3422491781
"shock","jovencan","Jovençan",2026-07-01,3856.81915440087,543.49453217333,868.663172692571,1607.18885547699,4790.53145199699,15374.4165023795
"shock","jovencan","Jovençan",2026-08-01,6277.00602347675,846.743323913247,1967.3661663353,3225.30632974431,5249.59347377889,14124.8825121612
"shock","jovencan","Jovençan",2026-09-01,4660.87294389815,471.607945893078,1121.85112603776,3706.20485057238,6073.09734417248,11003.6859607744
"shock","la magdeleine","La Magdeleine",2025-10-01,116.112193036432,23.0139346024753,42.7544252153488,78.6805738198364,144.531039580098,339.767910458242
"shock","la magdeleine","La Magdeleine",2025-11-01,285.704780553926,56.6565802923128,100.384307847601,231.000443864175,387.868099919007,655.761791786849
"shock","la magdeleine","La Magdeleine",2025-12-01,876.085455468551,124.868409395866,304.812829504411,631.697888741432,1196.53240977008,2536.2161689662
"shock","la magdeleine","La Magdeleine",2026-01-01,574.559469133078,68.7461144234752,317.034525394452,407.673425660165,672.510226114096,1656.10541225396
"shock","la magdeleine","La Magdeleine",2026-02-01,633.981863515946,96.9786827742107,201.076018554176,393.396113218682,749.108009945498,1822.11415274725
"shock","la magdeleine","La Magdeleine",2026-03-01,292.251815734783,50.1640128897091,102.213807807699,180.610351779375,366.986208207903,726.17043897794
"shock","la magdeleine","La Magdeleine",2026-04-01,162.873019236991,17.8114410687352,37.0242439806282,114.486625819462,229.933068359854,503.248546708356
"shock","la magdeleine","La Magdeleine",2026-05-01,99.5296940332706,13.2410292902124,27.932105248852,50.7927346643709,99.3932233661596,327.401233958667
"shock","la magdeleine","La Magdeleine",2026-06-01,83.4126288817747,11.4637087517566,22.49916412158,32.1665668829689,123.840037007474,241.681042715908
"shock","la magdeleine","La Magdeleine",2026-07-01,151.739287056659,33.3369152494388,50.1261034880689,91.3225209440229,137.364329382591,400.708035096424
"shock","la magdeleine","La Magdeleine",2026-08-01,249.639507116186,38.2414689429034,101.114881539687,136.418575193779,246.467078954455,604.266162363608
"shock","la magdeleine","La Magdeleine",2026-09-01,168.51216304264,22.3826370045049,50.1085069848023,118.161288172653,183.103869223006,516.462586702759
"shock","la salle","La Salle",2025-10-01,1156.91133582472,155.135466908687,372.144165019095,536.786537553997,1321.44779412122,3892.12904975192
"shock","la salle","La Salle",2025-11-01,3004.95572875691,301.538344416954,716.172267201648,1426.50961821444,3452.65744976115,11874.8712746407
"shock","la salle","La Salle",2025-12-01,4346.24999988227,743.242040460471,1702.24128697631,2428.01150340816,4319.79659078239,12968.6132817216
"shock","la salle","La Salle",2026-01-01,3915.75490422129,400.203661466437,814.81044552975,1606.19690032108,3871.85343068063,11907.7777481306
"shock","la salle","La Salle",2026-02-01,2284.4538959387,329.359575393651,897.345304475904,1415.62985632788,2621.07924310438,9419.21426014192
"shock","la salle","La Salle",2026-03-01,1141.4870494397,165.875161140908,356.013617236797,764.271166392267,1808.50766135784,3330.6756521827
"shock","la salle","La Salle",2026-04-01,517.807336132245,104.94598926244,209.100100988128,421.675994484415,639.42516115142,1242.42609774567
"shock","la salle","La Salle",2026-05-01,374.718565826643,37.3448477111641,135.271861314371,246.910726111146,459.575601234671,1042.49443692928
"shock","la salle","La Salle",2026-06-01,300.099661325854,80.5746923310543,132.277629347167,211.578320460678,383.187704067572,884.691650470601
"shock","la salle","La Salle",2026-07-01,550.376522009712,88.8735129920939,204.793814532109,420.521492836118,806.733767353481,1689.1609353462
"shock","la salle","La Salle",2026-08-01,718.33167574322,123.370296409299,245.060990224778,444.253074658202,954.917844444324,1586.50012684877
"shock","la salle","La Salle",2026-09-01,912.823457730669,60.7352466319073,228.887233197137,413.725399067921,912.325798459712,3261.2886561814
"shock","la thuile","La Thuile",2025-10-01,1086.91604186842,276.210994014846,463.117410018491,923.443432906938,1334.70406804815,3055.89066047655
"shock","la thuile","La Thuile",2025-11-01,2040.60069374369,402.90719405383,688.618675429764,1420.79502827631,2843.8144205175,4852.55909409885
"shock","la thuile","La Thuile",2025-12-01,5606.76415022974,803.469414224492,2119.46010711373,3695.5534679197,6264.74484411718,17160.471043375
"shock","la thuile","La Thuile",2026-01-01,3040.61876436493,564.468585917661,1238.90063043906,2184.31343070101,3878.85562593553,8838.29740088401
"shock","la thuile","La Thuile",2026-02-01,3949.24388305564,495.257888629943,1237.72937885062,2220.29309533969,6458.97215304378,10772.9058250428
"shock","la thuile","La Thuile",2026-03-01,1459.35540943463,250.718081958726,552.02386761832,914.117799097129,1866.56938833099,3245.55536937782
"shock","la thuile","La Thuile",2026-04-01,497.755381713951,72.3416046155978,235.858225381366,420.705201924289,655.877093984242,1144.89492241588
"shock","la thuile","La Thuile",2026-05-01,167.384838336002,23.2089406458373,69.8979900044507,102.869353475389,181.483195362601,378.284995689563
"shock","la thuile","La Thuile",2026-06-01,250.281189919226,28.7556361832593,69.9618789179401,117.97439228576,259.794187651954,916.420373340041
"shock","la thuile","La Thuile",2026-07-01,564.122019441323,38.1890982071791,163.84804694814,303.601887388524,524.893113220001,1817.42654766837
"shock","la thuile","La Thuile",2026-08-01,918.909744180106,130.888026379305,327.738928777333,432.559928383317,1062.79286801311,2685.06751249643
"shock","la thuile","La Thuile",2026-09-01,699.274151621385,93.3672211225879,168.673445655026,347.400193412637,862.378642049268,2142.64914249636
"shock","lillianes","Lillianes",2025-10-01,385.292340193345,69.8742720341323,119.393312491626,291.517821819372,480.561121758192,1129.98671096114
"shock","lillianes","Lillianes",2025-11-01,1599.43296315468,230.612597023969,625.780671379492,1382.2299703036,1998.68885029093,3999.20482886512
"shock","lillianes","Lillianes",2025-12-01,3891.28894589805,477.811885923317,1442.62924592898,3016.05228511664,4719.89150533046,12554.4412740559
"shock","lillianes","Lillianes",2026-01-01,2650.24146309176,362.109232041938,938.810604650643,1788.18495297537,3674.93947552051,7185.41706354025
"shock","lillianes","Lillianes",2026-02-01,2456.57701095538,394.552467897066,1063.42806881037,1873.16296145174,2775.2804252344,7587.43907216197
"shock","lillianes","Lillianes",2026-03-01,998.533940916622,188.370237190009,335.720466503421,645.422021526143,1177.86041472824,2369.47101482899
"shock","lillianes","Lillianes",2026-04-01,590.145875176367,101.137417147698,200.27399841362,412.863701614335,787.295814550879,1667.08847732421
"shock","lillianes","Lillianes",2026-05-01,315.911669382871,70.6962305993119,144.817402279555,245.216246508571,391.723132683724,818.62825532355
"shock","lillianes","Lillianes",2026-06-01,511.762224846546,90.3097334664847,155.760273623312,261.995497730518,502.80828602991,1364.3357718421
"shock","lillianes","Lillianes",2026-07-01,1067.09204514772,121.904571899867,346.644347440945,505.530163879735,1154.845528624,3722.59597454914
"shock","lillianes","Lillianes",2026-08-01,1208.11286557668,103.19410017657,499.543697286105,812.141109076816,1787.30034091899,3031.24861724854
"shock","lillianes","Lillianes",2026-09-01,659.816843304086,145.888248309503,267.933792397899,409.227262000728,805.832685996814,1906.14815023283
"shock","montjovet","Montjovet",2025-10-01,1583.60711051513,472.086134491641,755.010027187068,1235.37566213765,1716.19221381403,4182.52969202612
"shock","montjovet","Montjovet",2025-11-01,7917.72435312707,1732.61173219118,3275.55088030357,6164.86096840337,10795.5612247396,22991.0823109343
"shock","montjovet","Montjovet",2025-12-01,24902.4055309867,2707.77822238446,11288.5386928995,18643.5412975411,30250.3283460642,68346.6415207255
"shock","montjovet","Montjovet",2026-01-01,15446.9487670218,2400.0093269096,7130.46714137322,10173.2428289931,21833.0841117627,39507.8018836589
"shock","montjovet","Montjovet",2026-02-01,24413.1530315739,2091.92942553068,8877.50718089503,15717.9996364099,34824.3900250556,72256.0578695755
"shock","montjovet","Montjovet",2026-03-01,9544.118275877,1323.22181638083,4018.6885312526,7540.61466218549,12822.5603918713,22390.3547910906
"shock","montjovet","Montjovet",2026-04-01,5423.74354139662,1105.92126385207,1688.29002938354,3206.58566690244,4822.61023491998,20678.4200603594
"shock","montjovet","Montjovet",2026-05-01,3581.63544818799,607.903484739912,1202.891504745,2712.89362764863,4289.01307440616,9600.19563736856
"shock","montjovet","Montjovet",2026-06-01,5240.96587286017,477.014509165304,948.197259257316,1884.86774811549,5418.13537401414,22693.6222628001
"shock","montjovet","Montjovet",2026-07-01,8825.89465337985,867.673274886151,1976.79628284428,3914.83467179961,8583.10712225098,31400.0210689405
"shock","montjovet","Montjovet",2026-08-01,8050.26237243658,1094.01665506446,2392.31443740413,6040.15964987698,8714.77782753777,30285.5007236067
"shock","montjovet","Montjovet",2026-09-01,6082.86361047332,769.038227992192,1755.70333171709,3980.656343112,7201.92643199574,14167.414765868
"shock","morgex","Morgex",2025-10-01,975.555593025816,216.624619543129,386.04260543657,690.806301671887,1415.47109828713,2511.13798835131
"shock","morgex","Morgex",2025-11-01,3010.80504647521,257.540753132965,984.390620038069,1884.77361296792,3888.74118921093,7859.25342088074
"shock","morgex","Morgex",2025-12-01,6248.8947362655,756.806170787202,1430.62382100407,3067.32518266398,6239.80409006668,28402.5471550485
"shock","morgex","Morgex",2026-01-01,4237.03558709619,327.114634184107,945.315259247062,1838.74544168133,4759.35824013601,10045.593346258
"shock","morgex","Morgex",2026-02-01,2588.74379900936,356.07286169646,1072.16604713857,2160.01351606039,2734.07622949746,8866.42097071007
"shock","morgex","Morgex",2026-03-01,1111.49006811531,232.037229432384,372.441556928418,907.343510644089,1570.13509763879,2778.62726398056
"shock","morgex","Morgex",2026-04-01,528.622860509083,98.8629649686277,152.094417915642,328.335112897642,605.982767360767,1600.30631263165
"shock","morgex","Morgex",2026-05-01,310.338095129952,23.8975306556438,98.6406817772003,178.978388163751,435.976669335579,886.333178275235
"shock","morgex","Morgex",2026-06-01,344.500904928432,32.9553822094128,137.500753404999,239.648472197391,348.399174751663,1034.02905836333
"shock","morgex","Morgex",2026-07-01,618.943676050859,96.0683758118658,186.25044396513,283.702111207969,714.656321325434,2572.85786630232
"shock","morgex","Morgex",2026-08-01,797.512726059763,116.577158476206,261.832818984599,389.113481495256,868.58496746664,3442.71273154474
"shock","morgex","Morgex",2026-09-01,563.893247459367,89.6180969569353,177.201927114038,344.413568576342,749.031944496346,1931.61866730463
"shock","nus","Nus",2025-10-01,1198.78727823454,136.281373502431,463.416301152565,881.858825258092,1778.07955871639,2656.13274426893
"shock","nus","Nus",2025-11-01,4908.18301641046,337.817604523747,912.828989589138,2408.20407523337,5165.20044241642,17315.5441091474
"shock","nus","Nus",2025-12-01,8427.20149773712,1106.1911357511,2076.22698019524,4977.10384667542,9245.4931705042,31192.8586467888
"shock","nus","Nus",2026-01-01,5145.90175772371,502.03218706007,1292.46533097194,3020.30043726331,5092.29230251122,16246.0365691246
"shock","nus","Nus",2026-02-01,2695.67162334384,513.146723116057,876.681003656481,1617.00858272134,3835.57738696831,7511.55753466655
"shock","nus","Nus",2026-03-01,1760.25923960734,217.795846943807,502.222565268976,1341.55577134566,2319.43860592873,4548.12498732536
"shock","nus","Nus",2026-04-01,959.480385943148,177.794362267315,298.493487346467,455.415308897135,1008.12626826664,2710.67290100745
"shock","nus","Nus",2026-05-01,597.057675577624,93.0896459141533,197.744771381668,397.199624177464,685.558186188802,1914.02055054989
"shock","nus","Nus",2026-06-01,436.64678120046,70.5497154011209,145.712506915213,359.355528048534,569.766989744049,958.90457446647
"shock","nus","Nus",2026-07-01,891.380672256961,152.120116446506,328.976032003319,649.982528820972,1132.9213111636,2162.16703772135
"shock","nus","Nus",2026-08-01,1251.16394992643,177.599311633158,381.122345374549,621.869316955443,1423.50846537802,2815.22822651955
"shock","nus","Nus",2026-09-01,937.57362656626,122.295850022207,325.627500257822,640.076892622554,1340.45373019852,2315.7238856899
"shock","ollomont","Ollomont",2025-10-01,79.3127892286242,22.5918590984794,38.2266954149167,66.8768577248773,95.3844023555512,220.179279513598
"shock","ollomont","Ollomont",2025-11-01,174.83873890408,33.5722616390104,67.9998863631193,114.966392300328,228.543783878273,448.01956759965
"shock","ollomont","Ollomont",2025-12-01,618.335652189738,102.371017943334,232.049801991173,401.892553542244,940.741293657953,1714.35406397589
"shock","ollomont","Ollomont",2026-01-01,373.497488172992,64.7395797796578,141.138613914422,264.334702968375,484.053502222747,1150.48508256411
"shock","ollomont","Ollomont",2026-02-01,264.002256405385,44.0653634434012,102.872317077921,182.416247509169,332.419357523184,765.670712203414
"shock","ollomont","Ollomont",2026-03-01,124.807061681332,18.2907278317215,47.77376583188,72.9083505258983,135.24452431406,356.917188439623
"shock","ollomont","Ollomont",2026-04-01,50.8582020301172,7.89023351408694,20.0854532530676,33.6039675381519,63.8142463305969,150.992088775167
"shock","ollomont","Ollomont",2026-05-01,42.6313304569993,6.99366515386046,15.0990343102556,29.4565285231496,51.9670760636716,127.725028687854
"shock","ollomont","Ollomont",2026-06-01,50.439052214474,3.2981636199349,15.4028197424113,35.5160232458304,63.7659240347077,171.498251590106
"shock","ollomont","Ollomont",2026-07-01,98.6915678720767,9.40657069710337,25.5065686194407,53.5333305373078,124.589226433248,323.806974133674
"shock","ollomont","Ollomont",2026-08-01,160.995373817281,25.5270416532871,63.8780515591317,99.1036684651136,235.133962853199,403.069087266832
"shock","ollomont","Ollomont",2026-09-01,146.156923132093,28.0935443927684,57.1313618238168,106.934094997742,174.439685880066,388.523736118052
"shock","oyace","Oyace",2025-10-01,20.8873540626693,3.98441643237446,9.28410141157566,13.5835174897115,24.7950326585833,67.5327879723834
"shock","oyace","Oyace",2025-11-01,75.3207797294022,13.3936426787426,30.8380992741132,55.4514601038173,83.2674787240835,205.096729498549
"shock","oyace","Oyace",2025-12-01,296.019975660838,39.3296704792758,109.158092036315,193.649266074894,338.885343268283,903.368574995704
"shock","oyace","Oyace",2026-01-01,204.644465264574,25.6390275234187,53.5670991979901,122.84127639418,209.585214249084,400.223387537436
"shock","oyace","Oyace",2026-02-01,162.995710788929,32.4111542375402,59.3171379564009,111.522013444481,180.230822664046,520.842387555034
"shock","oyace","Oyace",2026-03-01,85.2945431189879,15.1078421469684,36.7602740244004,59.2558394680666,80.1826199760429,193.708657926715
"shock","oyace","Oyace",2026-04-01,44.1851914281941,4.93849927363059,12.4658335336072,28.2454626368576,55.8394846353451,93.5485622897611
"shock","oyace","Oyace",2026-05-01,26.2303867871301,1.55145403366799,6.59474702971532,18.2445707481601,40.1483941381219,75.573776404918
"shock","oyace","Oyace",2026-06-01,28.1158309404331,3.48860298613753,8.70035616584154,20.379400190629,33.2208774551283,79.0074221169883
"shock","oyace","Oyace",2026-07-01,49.7881500078565,5.24076578148439,14.1063673883083,30.0886561281029,62.9836072656757,167.399883354469
"shock","oyace","Oyace",2026-08-01,92.5343728585786,9.82637606968731,19.7375352686054,44.8516019754093,127.255255585156,232.972617323263
"shock","oyace","Oyace",2026-09-01,98.9066974270765,5.80320491000976,19.3536384005185,53.0880718268522,130.339850207524,257.291039390664
"shock","perloz","Perloz",2025-10-01,219.477261744607,67.9439235701847,113.923253503353,161.334436798905,254.28160912436,600.860304825708
"shock","perloz","Perloz",2025-11-01,854.63064596339,161.852631388708,307.702190703595,589.879966435429,1317.21528594649,2200.73174863382
"shock","perloz","Perloz",2025-12-01,2820.62206213663,374.698565752717,1148.0633460444,1793.02895884899,3885.92119496034,7473.67315628712
"shock","perloz","Perloz",2026-01-01,1974.04402677409,328.978160757679,634.629025675861,1383.86383271127,2167.42657128271,5762.61265397292
"shock","perloz","Perloz",2026-02-01,1776.22556147124,364.206202483488,686.499866908148,1337.92962190432,2359.97634161759,5702.06621435901
"shock","perloz","Perloz",2026-03-01,919.587655915596,106.300569367576,353.743325739197,651.533174247458,1100.12607228093,3028.79818504366
"shock","perloz","Perloz",2026-04-01,495.442872350675,73.9109147024434,188.104500052646,307.448299267689,525.291633657665,2017.07128161391
"shock","perloz","Perloz",2026-05-01,377.306497613885,55.5853149191596,101.47417614026,285.454971494596,465.883825165811,1274.24878783488
"shock","perloz","Perloz",2026-06-01,302.35315881617,41.3134282787301,109.231811063827,210.556479014177,335.206401154742,985.949671655573
"shock","perloz","Perloz",2026-07-01,602.167996705864,87.3892748695404,170.889987537002,403.069019225419,678.513783221384,1662.47277810797
"shock","perloz","Perloz",2026-08-01,705.457282288571,121.95139163132,246.73004502193,457.756021034853,923.869588148472,2387.0232581885
"shock","perloz","Perloz",2026-09-01,438.534248390351,84.1515897499623,165.104195243807,236.52896150067,531.321230288507,1537.43510215013
"shock","pollein","Pollein",2025-10-01,4805.48690102195,1140.62572495414,2113.64184630422,3680.16477825976,6348.49567698663,11697.5900767958
"shock","pollein","Pollein",2025-11-01,12135.9889975332,2476.43096709823,4443.59665189233,8750.81752802376,11303.2425975917,40081.4090524556
"shock","pollein","Pollein",2025-12-01,24704.3354111723,4292.20634255377,9878.88999537877,17743.3707516499,36318.4708162793,55800.4526884041
"shock","pollein","Pollein",2026-01-01,11010.3572885131,1423.2058453354,4010.41187442137,7224.98885531273,13281.5708842227,26073.5651607879
"shock","pollein","Pollein",2026-02-01,9301.2366160398,1759.41875243893,3880.96911364591,6539.20970410344,13031.6660973753,24730.0666047511
"shock","pollein","Pollein",2026-03-01,5066.6608230236,1045.47017809267,2021.69980112325,3474.63385859015,6060.07531258578,13462.3800495174
"shock","pollein","Pollein",2026-04-01,3045.3417467337,489.094973196964,1311.2679822433,2127.14103728539,3676.1220878249,9336.87335257615
"shock","pollein","Pollein",2026-05-01,2094.10288848715,213.432986878981,677.022290689169,1491.63510922587,2369.55007807572,7494.15998502789
"shock","pollein","Pollein",2026-06-01,1670.33492029172,187.681804739815,520.276468735262,1057.46393949665,1866.16429170003,5165.53664049799
"shock","pollein","Pollein",2026-07-01,2030.34089767081,345.329831565236,773.78110234991,1508.45435045885,2145.43497536263,5984.10431504019
"shock","pollein","Pollein",2026-08-01,3357.77564307763,513.152318632309,1389.50026621766,2389.3748315631,5196.28559634667,7562.59840187339
"shock","pollein","Pollein",2026-09-01,3015.23497583926,446.074919965515,1003.2430963041,2264.17975180273,3569.7821998825,8795.5827647905
"shock","pont saint martin","Pont-Saint-Martin",2025-10-01,1733.10591376176,383.148327894162,723.844122485126,1353.53966887369,2283.12833811855,4809.67881969941
"shock","pont saint martin","Pont-Saint-Martin",2025-11-01,4791.53495184122,964.878221559104,1816.93995600854,3266.68268898029,6454.94753457751,13948.262125983
"shock","pont saint martin","Pont-Saint-Martin",2025-12-01,13289.3283383751,2776.97583913352,4983.64558293767,8928.14169317596,17170.1214201499,44038.2628814414
"shock","pont saint martin","Pont-Saint-Martin",2026-01-01,9652.56850344379,1200.29448652129,2951.7708719483,5494.34952883173,9988.71728634057,36395.6484662419
"shock","pont saint martin","Pont-Saint-Martin",2026-02-01,9648.33919216777,1400.59862729841,3133.48732417884,5815.68122349776,9783.69266016099,24284.7421406573
"shock","pont saint martin","Pont-Saint-Martin",2026-03-01,4587.90943324872,820.783173967873,1636.07691538316,2696.23237825643,5069.7881542528,12567.0229333135
"shock","pont saint martin","Pont-Saint-Martin",2026-04-01,2216.4660855918,485.745649313714,774.887086112986,1497.87668749492,2557.12188393493,7764.86768302444
"shock","pont saint martin","Pont-Saint-Martin",2026-05-01,1289.56683622973,274.279797696787,600.882214640629,1034.85743383698,1639.45880900154,3097.76191637662
"shock","pont saint martin","Pont-Saint-Martin",2026-06-01,1695.48824031182,279.120114056935,525.994777419981,1134.53406435358,2216.83559128879,5015.07645149621
"shock","pont saint martin","Pont-Saint-Martin",2026-07-01,3019.65609045506,316.078216550974,1281.90209256244,2001.39410046188,4477.24851741484,7759.5489655563
"shock","pont saint martin","Pont-Saint-Martin",2026-08-01,3631.24021595367,362.654424882596,1383.59057191119,2339.34970057074,4190.09241276057,6076.62977066442
"shock","pont saint martin","Pont-Saint-Martin",2026-09-01,2031.12802931213,309.845199553089,847.446428519889,1355.22762167434,2781.85409152043,5270.70319423771
"shock","pontboset","Pontboset",2025-10-01,259.314583351282,57.9139732463982,142.553905226818,205.475212350306,310.138231869565,614.830713614171
"shock","pontboset","Pontboset",2025-11-01,674.226066259226,101.209664190014,295.716166082452,489.046260718053,927.923971657524,1828.46495912282
"shock","pontboset","Pontboset",2025-12-01,1747.31411710543,288.175088743275,699.066146385392,1572.90541975208,2323.88719269611,4430.11367606289
"shock","pontboset","Pontboset",2026-01-01,945.38161342442,153.638465107287,287.076797096258,621.990644285494,1391.93033485295,2583.55929538135
"shock","pontboset","Pontboset",2026-02-01,979.500944613229,108.057749468505,290.75860078144,491.56424590083,1135.9948760681,3482.7311213703
"shock","pontboset","Pontboset",2026-03-01,513.856872229848,80.9831512480867,195.625739118427,315.319126331281,567.837102583676,1781.08285079975
"shock","pontboset","Pontboset",2026-04-01,220.750599817402,31.2553791768181,92.5509281761835,144.314288362557,294.740832987142,612.89786694532
"shock","pontboset","Pontboset",2026-05-01,181.454296083634,25.5737318381183,57.9317631704994,87.051848598363,185.455955654586,531.999013373202
"shock","pontboset","Pontboset",2026-06-01,157.638721372319,17.3478727580487,58.517961024988,100.167050677228,199.866292419095,531.410811038371
"shock","pontboset","Pontboset",2026-07-01,293.993560168469,37.9578970466253,107.704768074461,186.854260567789,353.917310368438,633.652155365095
"shock","pontboset","Pontboset",2026-08-01,373.024180967089,68.6052539712413,154.616356998434,291.848696581726,516.809144721278,825.767303279216
"shock","pontboset","Pontboset",2026-09-01,399.377629394249,46.8165801757032,122.608431061635,247.749222199052,480.8389964609,1153.65693288958
"shock","pontey","Pontey",2025-10-01,223.578792996584,30.6757245780964,72.9974381981984,145.285692425174,294.7696868504,604.463143468288
"shock","pontey","Pontey",2025-11-01,1023.53764978343,129.980139083532,431.132800202595,811.139080362623,1203.04354289967,2666.26357748186
"shock","pontey","Pontey",2025-12-01,3647.01649043675,462.010669285286,1547.9395435991,3032.30917899974,4484.85665119398,8067.58944598643
"shock","pontey","Pontey",2026-01-01,3028.68782673081,548.358003355904,976.720743058702,1655.16316894782,3430.14871908256,10879.1882652742
"shock","pontey","Pontey",2026-02-01,3897.17078434641,576.873961924938,1319.75579676341,2644.19744473089,4782.75005355771,11501.627325402
"shock","pontey","Pontey",2026-03-01,1809.61903600664,221.396256791084,590.787809220781,1299.94377875017,2004.8993158213,5731.03906495789
"shock","pontey","Pontey",2026-04-01,807.43144995377,95.5990658175025,240.811970530827,520.928606856303,1162.29580436535,2507.86720131029
"shock","pontey","Pontey",2026-05-01,600.384026545888,77.5248938328541,161.05713355542,329.81447305012,615.795308811934,2284.98541562778
"shock","pontey","Pontey",2026-06-01,628.457936076572,87.8867955129575,189.421204953808,343.610429540947,661.961748302295,2107.73008505719
"shock","pontey","Pontey",2026-07-01,1271.07012749135,122.64424390942,364.488976830721,662.391435099408,1179.28454045215,3573.51084502393
"shock","pontey","Pontey",2026-08-01,1678.36677306798,241.626187665576,499.818537464374,1026.18853478415,1996.38626901047,4835.8065737994
"shock","pontey","Pontey",2026-09-01,1098.69952765008,187.038426922517,337.492209614863,663.863814511224,1114.02147707103,4114.7872201849
"shock","pre saint didier","Pré-Saint-Didier",2025-10-01,2460.46406572762,474.684107542354,1096.59493671875,1880.46494762726,3380.92372527508,6025.18733094455
"shock","pre saint didier","Pré-Saint-Didier",2025-11-01,4665.88273296184,724.299046955367,1426.22811904953,3322.95462069811,5205.03334726017,12127.6181231632
"shock","pre saint didier","Pré-Saint-Didier",2025-12-01,10304.1543914765,1792.01753441884,3018.53388876694,4963.95800298533,10951.3823322776,37123.1304603325
"shock","pre saint didier","Pré-Saint-Didier",2026-01-01,4039.17916981414,582.340952535461,1276.73813418495,2746.19742298331,4688.03220241313,11750.7027549343
"shock","pre saint didier","Pré-Saint-Didier",2026-02-01,3362.35437565965,525.899489429455,1048.61952350927,2287.58776617535,3830.95331121186,11607.5776228225
"shock","pre saint didier","Pré-Saint-Didier",2026-03-01,1469.24509220466,380.7176551574,579.386718858399,963.11656180403,2013.70512616238,3989.71761855966
"shock","pre saint didier","Pré-Saint-Didier",2026-04-01,757.641759028672,124.691545850091,262.896105262054,479.120024223166,749.665826737847,2517.72183438424
"shock","pre saint didier","Pré-Saint-Didier",2026-05-01,496.932864181646,55.406231012059,173.958417322579,370.384138936725,575.757929877357,1550.33554979684
"shock","pre saint didier","Pré-Saint-Didier",2026-06-01,430.11924178263,69.1758119266532,184.306802371602,277.197409937475,539.31120469944,1278.83181113175
"shock","pre saint didier","Pré-Saint-Didier",2026-07-01,809.375471515123,75.5313477523923,186.076835871564,431.271198907416,789.745238725941,2378.40779296382
"shock","pre saint didier","Pré-Saint-Didier",2026-08-01,956.921202875071,134.616032491833,304.553740557484,551.055575621072,1134.09047810839,2523.29366268104
"shock","pre saint didier","Pré-Saint-Didier",2026-09-01,871.200429764746,122.071904640799,287.518005475951,570.088824384512,990.792762819495,2617.13189240279
"shock","quart","Quart",2025-10-01,1080.42190692633,259.955605964847,558.280965878075,868.932105560392,1381.34053945903,2246.76808259949
"shock","quart","Quart",2025-11-01,3816.40820648445,651.233404329937,1390.21630867359,1931.13458898609,4605.472889333,12226.8514727571
"shock","quart","Quart",2025-12-01,8263.36759451795,1321.68076062048,3334.25223360769,4646.14095410192,9197.82741498346,28069.5399992633
"shock","quart","Quart",2026-01-01,5206.46907657591,641.615297449265,2209.84021669136,3481.66920505955,5628.21836542159,13136.0280650809
"shock","quart","Quart",2026-02-01,4382.72667876879,1014.70840432549,1777.7045525805,3200.99332210951,6758.45863655585,10121.3405169213
"shock","quart","Quart",2026-03-01,2352.3870326159,360.210453257011,607.796354471628,1246.96544264589,2730.40511296678,9689.22329134249
"shock","quart","Quart",2026-04-01,1005.96915662005,175.037969821714,374.385849353244,887.770585204195,1435.85864490322,2240.68093335884
"shock","quart","Quart",2026-05-01,655.075251742255,174.789878600485,286.51204824466,454.796570016545,783.121908204613,1838.60341852541
"shock","quart","Quart",2026-06-01,876.879390041183,145.418941250237,354.133347022844,517.813563036998,889.218634956767,3255.63816380084
"shock","quart","Quart",2026-07-01,1564.24552914989,241.226765072473,433.506303827357,773.656327729711,1874.95151089654,6024.73516148836
"shock","quart","Quart",2026-08-01,1538.68330809247,249.559235903326,514.684457867589,1123.73600596056,2070.5435793892,4515.46879862764
"shock","quart","Quart",2026-09-01,1410.03290931934,131.474690073885,338.671488452397,578.575110345141,1307.50611507083,4826.01871959774
"shock","rhemes notre dame","Rhêmes-Notre-Dame",2025-10-01,313.53368466319,90.2622302433987,162.987400260557,238.081191560562,404.546576230826,759.311974700643
"shock","rhemes notre dame","Rhêmes-Notre-Dame",2025-11-01,1085.09052474672,176.287533381799,388.150058820961,626.223525485617,1422.65267338731,3031.78091773454
"shock","rhemes notre dame","Rhêmes-Notre-Dame",2025-12-01,2323.62613336172,347.172404958587,732.498260717828,1688.11714351178,2999.65193195591,7037.39220573612
"shock","rhemes notre dame","Rhêmes-Notre-Dame",2026-01-01,1794.82712313453,241.325036553068,591.729837773949,1562.20831873378,2318.97050008444,4649.39233627801
"shock","rhemes notre dame","Rhêmes-Notre-Dame",2026-02-01,1547.69963140933,271.881968358799,530.020728001973,960.549795782083,2177.56040312542,4436.12899147158
"shock","rhemes notre dame","Rhêmes-Notre-Dame",2026-03-01,713.70385496573,97.6635303878557,223.954903569476,460.521347003442,881.783159832649,1997.09895475523
"shock","rhemes notre dame","Rhêmes-Notre-Dame",2026-04-01,315.106060646982,45.1511739260631,120.156370657728,253.322565064229,350.057728115912,928.324626174392
"shock","rhemes notre dame","Rhêmes-Notre-Dame",2026-05-01,121.138142098532,18.2033812906737,41.35414332994,70.3481762123958,141.332288381242,408.352041953697
"shock","rhemes notre dame","Rhêmes-Notre-Dame",2026-06-01,130.360475623371,16.8777627655631,45.6531119706691,69.1122187200141,130.037653714882,347.426872792379
"shock","rhemes notre dame","Rhêmes-Notre-Dame",2026-07-01,215.730691946361,27.5476474165284,60.6668017234894,178.01125072744,287.184479016186,591.489282168255
"shock","rhemes notre dame","Rhêmes-Notre-Dame",2026-08-01,386.892103820919,37.9043588548665,124.446361281425,241.716720962068,451.371961618546,1129.31438719969
"shock","rhemes notre dame","Rhêmes-Notre-Dame",2026-09-01,288.065946061992,29.9589171910345,97.1949257017057,181.986870334344,399.274796220763,846.805793862078
"shock","rhemes saint georges","Rhêmes-Saint-Georges",2025-10-01,76.4152689962964,17.8355310088519,38.1961099223324,54.975776051868,96.1656321377354,182.735430813156
"shock","rhemes saint georges","Rhêmes-Saint-Georges",2025-11-01,382.891067248316,70.7384643449753,155.770900956578,271.372525800369,493.808853831181,1032.7270859551
"shock","rhemes saint georges","Rhêmes-Saint-Georges",2025-12-01,1053.38108139459,237.993191361335,463.351212387757,848.547322154319,1333.1302734483,3021.40834698671
"shock","rhemes saint georges","Rhêmes-Saint-Georges",2026-01-01,478.574189493102,125.164456472293,229.290524451905,423.541898749088,647.942326362107,943.808517092975
"shock","rhemes saint georges","Rhêmes-Saint-Georges",2026-02-01,587.583912652427,101.76866292377,252.089414150861,389.7190172565,815.663022473921,1605.68508112938
"shock","rhemes saint georges","Rhêmes-Saint-Georges",2026-03-01,240.702515672525,32.230288738621,110.186199736316,161.497270516087,297.460371253632,711.442655742868
"shock","rhemes saint georges","Rhêmes-Saint-Georges",2026-04-01,77.7636836962051,16.4352529151084,31.6500170215349,58.9137287455073,95.9450015868933,164.67955104452
"shock","rhemes saint georges","Rhêmes-Saint-Georges",2026-05-01,72.0328274967739,10.971637267948,21.6080201828982,44.5570980318243,101.640284721079,217.201033563259
"shock","rhemes saint georges","Rhêmes-Saint-Georges",2026-06-01,84.9933526252876,10.2809666426268,31.0467170340233,70.6871697294707,120.632375101519,201.147112630723
"shock","rhemes saint georges","Rhêmes-Saint-Georges",2026-07-01,193.549690664128,22.6340614425159,47.7201174596565,112.550481376936,267.721816534535,582.237918703924
"shock","rhemes saint georges","Rhêmes-Saint-Georges",2026-08-01,266.555694486147,32.3664451223208,90.8286686977566,198.98373768144,372.00653967901,732.765775315305
"shock","rhemes saint georges","Rhêmes-Saint-Georges",2026-09-01,135.575664409711,16.4821453595388,52.8898399989401,106.73407323692,197.688238135819,327.906437776669
"shock","roisan","Roisan",2025-10-01,501.781734278692,97.7598025273212,232.354277200275,393.284028188251,598.215704298947,1360.34247201137
"shock","roisan","Roisan",2025-11-01,2038.43342880423,349.212576472066,691.867635575702,1443.42495851432,2469.98420864886,6034.85187486064
"shock","roisan","Roisan",2025-12-01,6516.92979066175,802.647228084674,2304.85957079971,5116.98587597853,9067.76482046482,15630.420468233
"shock","roisan","Roisan",2026-01-01,5412.30283446028,793.227417869087,1259.89216568742,3703.79669922156,6387.97106076344,14336.4291130043
"shock","roisan","Roisan",2026-02-01,4735.45474322644,449.169391624848,1595.98249467088,3493.43440189342,5362.71785134003,15495.0888808071
"shock","roisan","Roisan",2026-03-01,2434.78553075411,252.361594194953,926.871107542904,1861.19536068422,3403.97963214635,5590.45298639278
"shock","roisan","Roisan",2026-04-01,1422.14120417823,186.440835479014,332.378659007667,651.833664423726,1546.92389439852,3980.81766945911
"shock","roisan","Roisan",2026-05-01,607.516891318228,121.521578487118,253.879757840988,497.98753029326,752.971455765699,1420.36015380747
"shock","roisan","Roisan",2026-06-01,797.052100485728,116.63698180843,242.533790585183,510.770449478304,980.145634598057,2912.47013018458
"shock","roisan","Roisan",2026-07-01,1143.29463996885,117.318370211148,329.161036693918,730.447130709735,1637.12720997435,3301.02091451917
"shock","roisan","Roisan",2026-08-01,1330.06258074528,267.491845279384,540.298247104172,840.351549458465,1603.69430779773,4772.93366110726
"shock","roisan","Roisan",2026-09-01,1018.72136717857,138.258432468255,434.382507590787,655.049450372131,1625.67683877953,2771.51538748937
"shock","saint christophe","Saint-Christophe",2025-10-01,1577.16512978782,343.169473338331,575.138851581892,1329.51296787703,2267.75751486679,3831.58582079212
"shock","saint christophe","Saint-Christophe",2025-11-01,8413.93668442872,1251.23086991192,3346.1772523785,6131.72100475416,10281.2011977728,27579.2456301199
"shock","saint christophe","Saint-Christophe",2025-12-01,19490.055385147,2763.72269666083,6639.70189499682,11926.1546617001,25413.9487779605,53401.1870296554
"shock","saint christophe","Saint-Christophe",2026-01-01,12211.0145744518,2136.2213852036,3671.73796836746,7167.70143876752,16692.9389472573,37088.0638993951
"shock","saint christophe","Saint-Christophe",2026-02-01,12032.1329028648,1603.38017283678,3954.60102852069,7971.54467320616,15806.240651244,35285.2654492541
"shock","saint christophe","Saint-Christophe",2026-03-01,4614.01356918525,577.919272253928,1670.75824430882,3187.99042160958,6162.38556118248,13793.6931302672
"shock","saint christophe","Saint-Christophe",2026-04-01,1770.12262225852,404.592339571893,808.326959786993,1204.65502925471,2493.60411464835,4604.49866360115
"shock","saint christophe","Saint-Christophe",2026-05-01,1707.78864141849,190.663808483367,520.184183589104,1156.3668417267,2077.31922053514,5140.5477885625
"shock","saint christophe","Saint-Christophe",2026-06-01,1227.87519335811,196.108803464126,542.673061296056,736.659786952982,1324.95594201029,4352.24868099545
"shock","saint christophe","Saint-Christophe",2026-07-01,2381.45776856131,461.675835948705,1046.47458108043,1486.37724010197,2977.69548019148,6707.77596531272
"shock","saint christophe","Saint-Christophe",2026-08-01,2543.58967018933,585.359070115152,1163.7581718975,1713.80661880866,2852.63132450365,7301.55752422866
"shock","saint christophe","Saint-Christophe",2026-09-01,2354.93930199246,319.401147453138,1002.49527929164,1647.09830859268,3055.15184589704,6495.76704133126
"shock","saint denis","Saint-Denis",2025-10-01,81.4393136023035,17.3146637753914,39.062751785031,61.3997078796887,92.2159620206636,216.142177940531
"shock","saint denis","Saint-Denis",2025-11-01,837.478492796607,148.160472061285,264.291331639688,593.359745770387,1114.43721896171,2365.50666069542
"shock","saint denis","Saint-Denis",2025-12-01,3858.44916841662,469.00709370741,1327.32250453028,2458.82010909354,3817.249767693,11700.2489247415
"shock","saint denis","Saint-Denis",2026-01-01,5684.64541667747,784.933991027286,1267.27421032668,2886.554606038,5110.07155736181,21423.1315037431
"shock","saint denis","Saint-Denis",2026-02-01,5552.17004317251,684.735909245719,1732.82912212193,2884.84358795352,6567.46025936024,21613.7780110958
"shock","saint denis","Saint-Denis",2026-03-01,3347.97996228637,628.914328016747,1105.14241596679,1736.7545969829,4010.293189276,9305.52458705344
"shock","saint denis","Saint-Denis",2026-04-01,1943.39642995231,181.451423066389,510.094689761142,1051.37927326257,2415.57482677199,6297.57891302151
"shock","saint denis","Saint-Denis",2026-05-01,906.87075811217,141.409976564413,271.778208190634,531.467617206129,1206.20545303966,2568.05496436358
"shock","saint denis","Saint-Denis",2026-06-01,920.39989305107,125.938605135109,280.157875460636,577.573487825708,1075.95058428288,2932.26011571005
"shock","saint denis","Saint-Denis",2026-07-01,1882.40122586636,154.867515241227,602.426769045727,1009.68555252085,2101.33765111462,7271.7806548929
"shock","saint denis","Saint-Denis",2026-08-01,2307.35014551,344.742320212367,781.810308177456,1856.23738267441,2997.77120514628,6144.1910115482
"shock","saint denis","Saint-Denis",2026-09-01,1388.17105717359,153.730984988225,439.324396564148,949.501220455267,1766.31761525279,4374.28375956669
"shock","saint marcel","Saint-Marcel",2025-10-01,218.258483299988,39.6059525708776,78.2091560434729,159.96264247925,282.064874124398,561.157363826021
"shock","saint marcel","Saint-Marcel",2025-11-01,739.727426347975,166.008015076831,270.344143299325,450.154604791692,995.718560636795,2523.28170000153
"shock","saint marcel","Saint-Marcel",2025-12-01,1804.26247069079,405.012347567286,598.596971605161,1138.32636896449,2342.38002533388,3828.1708820215
"shock","saint marcel","Saint-Marcel",2026-01-01,1109.19095573317,152.074210352119,296.086514077146,863.93580429545,1566.98395042711,2935.52597655354
"shock","saint marcel","Saint-Marcel",2026-02-01,1099.83336725027,207.72297721479,328.839947468766,555.194146692081,1508.38992748819,3143.90238601096
"shock","saint marcel","Saint-Marcel",2026-03-01,357.943247391881,50.4344106865456,130.107171421178,201.673327108673,420.283351953702,1196.73428810487
"shock","saint marcel","Saint-Marcel",2026-04-01,171.464693655432,38.9537741315828,76.4835030328672,144.823749114369,206.69587822098,423.295469955251
"shock","saint marcel","Saint-Marcel",2026-05-01,91.2456299123703,12.2014465298962,30.565836655789,62.679342016375,111.117906055076,262.643888040661
"shock","saint marcel","Saint-Marcel",2026-06-01,91.3701290894264,10.3058285531196,26.2217941326485,57.219324094779,159.679107666061,242.358720253069
"shock","saint marcel","Saint-Marcel",2026-07-01,172.775831700423,24.990254244837,64.4006597985463,121.708418713442,245.439602158295,461.31215293004
"shock","saint marcel","Saint-Marcel",2026-08-01,303.920839949951,37.2658589512726,97.7357124259053,228.461453448506,434.748147569365,709.091303143596
"shock","saint marcel","Saint-Marcel",2026-09-01,237.160258034042,23.8830311151335,87.0063450187294,179.155027778881,349.008598657075,665.945132094437
"shock","saint nicolas","Saint-Nicolas",2025-10-01,539.770659080092,90.9164966594759,227.273829131666,385.632743847267,706.471778242437,1671.24517112638
"shock","saint nicolas","Saint-Nicolas",2025-11-01,1473.7794984322,229.291801085581,543.548298735855,1190.36098692128,1590.12475672885,4185.1104428125
"shock","saint nicolas","Saint-Nicolas",2025-12-01,4261.12762064335,576.304015310104,1710.43279538214,2871.20913557009,5126.11045451063,11672.4618620018
"shock","saint nicolas","Saint-Nicolas",2026-01-01,2504.63924955902,466.568180070934,1090.21727863593,1802.87069249681,2917.98801303258,7239.62703630635
"shock","saint nicolas","Saint-Nicolas",2026-02-01,2504.39414880195,460.73487730662,1080.01048319818,2231.41519871521,2809.84760921125,5749.69631915643
"shock","saint nicolas","Saint-Nicolas",2026-03-01,1119.44682348909,171.487488511817,392.910706255353,624.272032335926,1367.66386027932,3481.33814026959
"shock","saint nicolas","Saint-Nicolas",2026-04-01,683.355099223753,56.8410501596355,163.669015501714,323.534809999935,552.356908107291,2854.10022720692
"shock","saint nicolas","Saint-Nicolas",2026-05-01,294.894360474591,38.8069745464006,97.4321698773166,178.534938122944,341.372660595704,866.399926360891
"shock","saint nicolas","Saint-Nicolas",2026-06-01,357.637650846469,41.939175206227,94.2308660697425,175.053109797978,337.449643941947,1758.93175438272
"shock","saint nicolas","Saint-Nicolas",2026-07-01,457.217826315799,62.8307835029755,146.005117378239,236.29535500288,487.6267536194,798.353694833159
"shock","saint nicolas","Saint-Nicolas",2026-08-01,446.283659865496,88.6788785531967,159.750879468622,274.108550139586,439.725406678731,1337.83200667934
"shock","saint nicolas","Saint-Nicolas",2026-09-01,426.798192354962,70.1205723902686,187.056915682089,288.454907573711,561.346944392269,1122.4359930075
"shock","saint oyen","Saint-Oyen",2025-10-01,263.184517301008,49.9975096618438,114.59406888668,216.109865263335,336.607332575136,761.404873330542
"shock","saint oyen","Saint-Oyen",2025-11-01,611.906271584009,96.4219897432212,220.712704204524,403.562093515932,656.646717861709,1961.96230773622
"shock","saint oyen","Saint-Oyen",2025-12-01,1481.99118735379,308.388097705797,476.619584110161,897.265743145635,1724.29265991499,4378.40147817715
"shock","saint oyen","Saint-Oyen",2026-01-01,1231.32994141161,149.114967951158,329.744756646063,504.632086647962,1371.77172716535,4050.44848786294
"shock","saint oyen","Saint-Oyen",2026-02-01,827.354619475549,160.317903029201,260.220692897694,596.530499289993,933.241762041948,2415.97191104159
"shock","saint oyen","Saint-Oyen",2026-03-01,398.660546340739,46.2531999555682,154.752322803087,265.599778063136,512.544621585868,1314.44458495605
"shock","saint oyen","Saint-Oyen",2026-04-01,330.225196120065,30.5874761475732,107.471721305996,223.194367964788,336.260919933706,806.135797583769
"shock","saint oyen","Saint-Oyen",2026-05-01,160.092561150534,31.3224421241559,51.0346922361061,104.073145537715,184.719320712078,477.924115922928
"shock","saint oyen","Saint-Oyen",2026-06-01,136.404198198826,18.9651392734756,52.997621663198,102.575347858791,169.248948999494,377.143555888727
"shock","saint oyen","Saint-Oyen",2026-07-01,267.311668574931,28.0843327348928,102.271058112526,202.588917242826,296.809328359007,625.29136046114
"shock","saint oyen","Saint-Oyen",2026-08-01,312.95785244458,74.2660392528458,156.091240228112,220.296662340523,357.087630951481,897.737422407895
"shock","saint oyen","Saint-Oyen",2026-09-01,275.079407698882,36.9327140764228,87.130313253396,149.479929195231,291.581429126773,975.152117624218
"shock","saint pierre","Saint-Pierre",2025-10-01,1494.81104792951,283.870261654182,472.132768349835,824.103615411651,1463.88031757372,3908.11020021112
"shock","saint pierre","Saint-Pierre",2025-11-01,5667.70088142773,481.498860913378,1316.8971341154,2631.34766793606,4767.770324155,23448.6313511484
"shock","saint pierre","Saint-Pierre",2025-12-01,13568.6272644947,1789.60076450281,5040.035787429,9194.51072374145,14695.7281871265,39671.3455167843
"shock","saint pierre","Saint-Pierre",2026-01-01,7280.42980067695,460.522162299816,2290.77799988034,4020.85513573096,7709.06652232737,20551.2600565085
"shock","saint pierre","Saint-Pierre",2026-02-01,6354.23317114867,1017.11309094497,1760.43371576827,3906.59621333626,6704.35500227532,19956.4335881257
"shock","saint pierre","Saint-Pierre",2026-03-01,2207.00578207863,350.854079831361,765.298857130442,1470.75217051966,3031.68631757613,5940.020849974
"shock","saint pierre","Saint-Pierre",2026-04-01,1093.71853800239,156.407442777289,371.416513971066,766.945972975054,1242.70258865744,3057.58845267066
"shock","saint pierre","Saint-Pierre",2026-05-01,1096.84979838351,121.029880004475,260.009061575955,456.046832933912,1138.79330985111,4491.59751523946
"shock","saint pierre","Saint-Pierre",2026-06-01,910.488754746551,109.766669617962,230.211554077015,462.271762259754,1025.32113098595,3551.63430386451
"shock","saint pierre","Saint-Pierre",2026-07-01,1000.71710667118,159.194349636348,362.763261683813,569.662727410031,1283.51803564875,2595.05924671502
"shock","saint pierre","Saint-Pierre",2026-08-01,1603.88686112968,168.045646875852,439.383540859165,1057.4895026201,1793.30025043127,4779.18141723441
"shock","saint pierre","Saint-Pierre",2026-09-01,1947.30498952198,285.248174306647,476.543219570245,1025.10394038536,1937.82304026063,7054.3126006319
"shock","saint rhemy en bosses","Saint-Rhémy-en-Bosses",2025-10-01,426.800930250303,80.643837744187,145.876408404061,240.816662309552,473.905800230606,1076.06182226478
"shock","saint rhemy en bosses","Saint-Rhémy-en-Bosses",2025-11-01,928.532864273886,103.010799432851,296.076363641838,555.338800059657,1319.76232791627,3132.83695732329
"shock","saint rhemy en bosses","Saint-Rhémy-en-Bosses",2025-12-01,1845.90637549393,266.221897814061,647.019659819954,1225.40286362581,1860.52384290291,5155.66927732801
"shock","saint rhemy en bosses","Saint-Rhémy-en-Bosses",2026-01-01,1628.17715377365,215.196701437393,549.147832989029,924.859375581293,1676.81763662855,6014.70714313455
"shock","saint rhemy en bosses","Saint-Rhémy-en-Bosses",2026-02-01,1130.98906362959,159.422099547159,337.600815046032,698.046358749159,1296.80796097122,3448.14530629895
"shock","saint rhemy en bosses","Saint-Rhémy-en-Bosses",2026-03-01,555.913482602218,70.0089730616683,175.827865980051,314.332936949908,601.297954026133,1335.30637301025
"shock","saint rhemy en bosses","Saint-Rhémy-en-Bosses",2026-04-01,194.604977140545,32.0643359352346,75.1312816590445,134.573919636985,235.244556305749,650.779617795455
"shock","saint rhemy en bosses","Saint-Rhémy-en-Bosses",2026-05-01,85.1160502514434,10.9760112431137,24.7276226713731,61.9931805761503,124.45731271794,240.320471258511
"shock","saint rhemy en bosses","Saint-Rhémy-en-Bosses",2026-06-01,110.404637203197,16.3216483057174,38.6519035018355,63.1429288848774,141.558856241967,312.685334555247
"shock","saint rhemy en bosses","Saint-Rhémy-en-Bosses",2026-07-01,186.659031876095,33.7992266579744,62.9477450198889,125.114709866439,282.413763535802,485.112057318253
"shock","saint rhemy en bosses","Saint-Rhémy-en-Bosses",2026-08-01,375.273397607337,48.5835592171111,125.125962008815,227.811032469876,407.993407797516,1398.2901343915
"shock","saint rhemy en bosses","Saint-Rhémy-en-Bosses",2026-09-01,291.022915739661,46.5621034820455,102.33678357828,167.402849148455,372.080526007642,880.001656988398
"shock","saint vincent","Saint-Vincent",2025-10-01,7320.34888550496,1373.58340113654,2389.89757625684,6287.30818868883,8334.68298630002,15946.6574647943
"shock","saint vincent","Saint-Vincent",2025-11-01,19384.4684881991,2985.9018423193,6786.88725003731,15401.4307779121,24763.3018510083,51600.2548185202
"shock","saint vincent","Saint-Vincent",2025-12-01,40907.8972056928,6746.14301281035,15267.495030369,29260.7128675562,49746.6657214419,121250.606821826
"shock","saint vincent","Saint-Vincent",2026-01-01,26417.2240442177,2143.85474170573,9161.51116743277,15734.4069671788,27092.5658197587,71790.2152515206
"shock","saint vincent","Saint-Vincent",2026-02-01,20629.2455319484,2966.05026265587,7620.04855881648,13866.4910888662,25099.9909246389,63336.7532881505
"shock","saint vincent","Saint-Vincent",2026-03-01,10945.083254733,1787.40132886609,3049.08151830118,7375.76773428679,13070.7279066448,35159.4145436552
"shock","saint vincent","Saint-Vincent",2026-04-01,6457.44937337162,763.407234714375,1330.92195331996,3348.6479896914,7360.54889758603,24918.9564848114
"shock","saint vincent","Saint-Vincent",2026-05-01,3150.20905629476,551.693002302216,1090.53383285631,1974.55344373894,4681.92085088285,8639.88308643941
"shock","saint vincent","Saint-Vincent",2026-06-01,2603.91423659929,434.379935894791,873.25558377009,1899.66441565401,3374.84927157278,6804.66959524194
"shock","saint vincent","Saint-Vincent",2026-07-01,5940.62365788785,797.841251482953,2158.61985260705,3242.92616090695,5419.93180477298,23834.310477504
"shock","saint vincent","Saint-Vincent",2026-08-01,8011.37834396328,960.074476050973,2554.8158206381,5573.41175478081,10292.8137021299,20997.4608286461
"shock","saint vincent","Saint-Vincent",2026-09-01,5786.49967178011,845.006604278883,1904.62852908781,3847.2168083406,8987.37722432302,16795.7905313335
"shock","sarre","Sarre",2025-10-01,1896.79338381462,391.85333023691,818.444869931368,1394.81806969707,2794.08756230577,5435.73731704239
"shock","sarre","Sarre",2025-11-01,3615.13498702387,823.555018230349,1498.73583317237,2927.8051286974,4350.07555361226,9379.61461340995
"shock","sarre","Sarre",2025-12-01,8067.19246063548,1331.18283737501,3173.27668126717,4940.36674078672,10310.3165354664,22558.9685497244
"shock","sarre","Sarre",2026-01-01,4071.37047842873,708.874719185922,1352.81767312252,2391.58715709198,4431.18560425184,18063.5170391037
"shock","sarre","Sarre",2026-02-01,3855.90398363487,703.274717132023,1452.72791969442,2758.74155026551,4751.46556011992,11556.7544483521
"shock","sarre","Sarre",2026-03-01,2468.89739015594,335.982993450735,710.121629717341,1788.50490375543,3073.78895302603,5624.6405960845
"shock","sarre","Sarre",2026-04-01,828.40250961841,96.0127513550638,286.694677171228,563.651863919302,1032.68097075481,2130.259937598
"shock","sarre","Sarre",2026-05-01,560.760310744518,113.896891303661,217.860268981705,374.083194014056,589.8118750149,1566.26298386604
"shock","sarre","Sarre",2026-06-01,603.711265269465,116.693525047277,205.190365896299,378.958111072414,611.621477385126,1951.50746319815
"shock","sarre","Sarre",2026-07-01,1014.55548442646,144.909508412182,428.626332023808,743.785827521245,1090.12915293385,2365.5872686435
"shock","sarre","Sarre",2026-08-01,1825.0985180167,196.457930043334,351.36659002944,1187.22508903215,2832.54750701556,5328.61686142989
"shock","sarre","Sarre",2026-09-01,1176.21768400893,144.183414345115,503.846225982866,710.39146538812,1385.81830800598,2992.46136299514
"shock","torgnon","Torgnon",2025-10-01,630.411644511335,142.95924198624,277.209464638814,394.519497046121,743.46939572619,2189.87264080967
"shock","torgnon","Torgnon",2025-11-01,1847.80467983625,380.019628434675,763.660829729627,1245.51836135072,1916.26689598557,4537.20228970421
"shock","torgnon","Torgnon",2025-12-01,5121.48802114158,692.104157771644,1737.35640528397,3175.14921714309,4842.83285497456,12246.912703136
"shock","torgnon","Torgnon",2026-01-01,2402.77867820039,487.831017582911,806.969987387052,1290.42782809724,2778.25919771731,7646.46835861114
"shock","torgnon","Torgnon",2026-02-01,2856.50908945164,488.97469014702,989.407342198106,2064.89904946865,3481.97709269588,4794.20377127817
"shock","torgnon","Torgnon",2026-03-01,1301.29121593833,311.19410779351,648.669148805291,843.078565046032,1725.1659644432,3273.82813040252
"shock","torgnon","Torgnon",2026-04-01,478.702371132596,71.186603604671,214.974324950784,425.243045037138,574.029861776576,1102.18190044929
"shock","torgnon","Torgnon",2026-05-01,225.388294479334,33.6408947994049,92.3526568192228,148.249982793589,281.372418421358,697.432033505249
"shock","torgnon","Torgnon",2026-06-01,271.270071023905,23.7754216918831,78.8228899960427,179.65400365698,278.353721670273,635.839265612144
"shock","torgnon","Torgnon",2026-07-01,470.758941809463,62.5155870944937,136.964754868287,298.167272505902,571.561839463538,1221.70753106346
"shock","torgnon","Torgnon",2026-08-01,759.270242579101,99.4956158580435,213.566867162948,398.170783934918,899.558541166032,2434.76873946789
"shock","torgnon","Torgnon",2026-09-01,665.078734958072,115.732376767707,217.283913064468,381.547673125742,710.430346398009,2302.75074187239
"shock","valgrisenche","Valgrisenche",2025-10-01,745.233633541763,156.461417596599,322.240421826708,470.242844223309,924.562575465395,1955.91359783207
"shock","valgrisenche","Valgrisenche",2025-11-01,1416.89386314413,173.873381929654,465.382671301757,1031.24997127921,1586.8394943386,4683.23315576704
"shock","valgrisenche","Valgrisenche",2025-12-01,2202.55092419733,230.835864689798,979.061199835641,1549.27607379752,2443.30243509191,5035.65185464545
"shock","valgrisenche","Valgrisenche",2026-01-01,1427.637865427,144.909628622304,403.128177780696,680.421912138223,1302.70686487099,3248.37180329046
"shock","valgrisenche","Valgrisenche",2026-02-01,1183.26837849963,191.258317525678,393.817854209045,711.435086877048,1268.00293689921,3115.09297029722
"shock","valgrisenche","Valgrisenche",2026-03-01,478.847774129435,70.6339496679965,146.684420800007,245.2841845815,567.880009144282,1242.48004955155
"shock","valgrisenche","Valgrisenche",2026-04-01,190.835853129225,26.4824581865788,84.4762257383302,125.718724934034,221.364358652232,496.719131622244
"shock","valgrisenche","Valgrisenche",2026-05-01,96.2984376051075,15.7228527349937,32.2351092790231,64.5921547606469,125.017071691808,208.938276353128
"shock","valgrisenche","Valgrisenche",2026-06-01,90.6268037929809,13.4380959081953,30.6405408218448,68.3960354981984,110.814771582142,270.858805020005
"shock","valgrisenche","Valgrisenche",2026-07-01,194.833016704626,27.4212626614099,83.6430398460577,143.080272209054,263.906697868739,481.462991880817
"shock","valgrisenche","Valgrisenche",2026-08-01,386.276810633733,36.2163327494406,147.756878356762,287.111544799149,524.892015595003,1057.5935928465
"shock","valgrisenche","Valgrisenche",2026-09-01,360.854553517561,44.8990418607868,139.750549513796,252.415996643463,476.208840655678,915.201846286344
"shock","valpelline","Valpelline",2025-10-01,361.66901710921,110.802458106749,215.859127065309,274.522948264252,385.124507338282,869.594792291871
"shock","valpelline","Valpelline",2025-11-01,1327.48726840939,186.578708787992,436.160446018464,731.220388911311,1946.09865803225,4237.31403155061
"shock","valpelline","Valpelline",2025-12-01,2761.45964349869,305.537241538359,792.345387815141,1691.57031119557,2485.834357629,10681.9733936985
"shock","valpelline","Valpelline",2026-01-01,1146.32605402175,165.503043769949,397.000456932465,742.856105752951,1723.40095871869,2977.83610054967
"shock","valpelline","Valpelline",2026-02-01,1550.50407573054,223.301230278596,627.557795922634,972.622502073797,1996.6275982682,4291.58549806472
"shock","valpelline","Valpelline",2026-03-01,725.827072052629,91.2719065827555,221.726225827009,461.207197100691,724.475173871184,2513.34771382276
"shock","valpelline","Valpelline",2026-04-01,351.52704675306,29.1476821054545,81.4974058451058,168.623502577511,262.636282324449,490.580673691929
"shock","valpelline","Valpelline",2026-05-01,184.307896663229,30.4572638623488,66.4947012679808,125.56216707899,233.18721925158,370.217753510177
"shock","valpelline","Valpelline",2026-06-01,183.892370802205,33.5837437188844,97.2648365362962,151.574352699004,205.589259503298,409.940461484452
"shock","valpelline","Valpelline",2026-07-01,497.984982880183,54.230600954559,123.099461565613,231.960584461942,413.341372157258,1560.88674757912
"shock","valpelline","Valpelline",2026-08-01,581.804258644829,61.8718781403311,166.205507684189,335.423960146275,554.52042787136,1711.15986740949
"shock","valpelline","Valpelline",2026-09-01,455.863087696132,48.7288322175068,133.59941336557,266.880886591265,487.675985967741,1430.03358412898
"shock","valsavarenche","Valsavarenche",2025-10-01,767.404151738104,147.893196673554,351.024968830752,601.786970064285,939.257722656769,2073.78005002373
"shock","valsavarenche","Valsavarenche",2025-11-01,1284.1197488936,306.5651388888,482.845707444861,882.769723662975,1462.93850763289,3963.50461080788
"shock","valsavarenche","Valsavarenche",2025-12-01,1937.23029030436,175.37370949192,619.695585318437,1240.77432853432,2084.21208854978,6411.4186803356
"shock","valsavarenche","Valsavarenche",2026-01-01,653.274540192259,124.195491514223,211.394797941168,403.483418240262,965.836664605951,1906.66286347348
"shock","valsavarenche","Valsavarenche",2026-02-01,677.186812708245,105.031263892028,239.853194185813,467.310836575429,872.937038042088,2254.96692256246
"shock","valsavarenche","Valsavarenche",2026-03-01,493.313577713765,66.5645131944126,148.960809595045,303.957537165864,646.084900749749,1571.99331467925
"shock","valsavarenche","Valsavarenche",2026-04-01,273.743519872566,40.7510120035346,84.5845769499476,150.046748965618,232.090766272717,1116.17927165055
"shock","valsavarenche","Valsavarenche",2026-05-01,145.893144352902,15.1264570046594,63.6302820723916,104.888917147491,184.397242517382,444.420246694866
"shock","valsavarenche","Valsavarenche",2026-06-01,194.955507547234,16.8341968907013,69.192638061434,122.775139394628,195.501344378581,831.535259038418
"shock","valsavarenche","Valsavarenche",2026-07-01,413.517923473334,30.304089850394,87.5261588951838,238.957179639322,528.663037892616,1237.59777251898
"shock","valsavarenche","Valsavarenche",2026-08-01,539.312652315402,65.3268385940182,183.738574917316,385.018352731971,744.325388324948,1167.83853862375
"shock","valsavarenche","Valsavarenche",2026-09-01,471.874038809722,90.5858844785164,165.838127696282,275.692313204976,537.363557910681,1490.79525362552
"shock","valtournenche","Valtournenche",2025-10-01,2078.20891973109,313.182777551023,884.837043000952,1569.56888524572,2516.14698817569,5671.47123824205
"shock","valtournenche","Valtournenche",2025-11-01,4175.15556620641,636.910991531516,1308.92761416272,2977.70565647812,5851.69648757431,11147.6004980655
"shock","valtournenche","Valtournenche",2025-12-01,9746.90497741584,1756.71703750428,3118.96146510839,4970.08117019062,10877.2074926826,31594.1261018423
"shock","valtournenche","Valtournenche",2026-01-01,6661.98997773451,994.323599459286,2345.05977449588,3545.03020888383,9235.40948045182,17400.1781682671
"shock","valtournenche","Valtournenche",2026-02-01,5053.19381740667,765.221469740861,1469.13426607739,3914.68835833147,6251.27282659899,13823.9003001369
"shock","valtournenche","Valtournenche",2026-03-01,2234.52246347294,563.654068900703,1137.34572406958,1854.04370575282,2559.0200585907,5765.62991695011
"shock","valtournenche","Valtournenche",2026-04-01,1737.47300714784,202.732668818752,450.118509719518,838.529380733464,1555.90450917279,5805.67386342683
"shock","valtournenche","Valtournenche",2026-05-01,630.45933850303,89.9251773258852,195.325358119023,373.269561168524,724.611547076361,1744.61777390669
"shock","valtournenche","Valtournenche",2026-06-01,468.989187628644,97.7843616647202,196.582713347671,283.983580994258,575.158981140996,1259.36307929255
"shock","valtournenche","Valtournenche",2026-07-01,781.104055629562,142.531286520973,309.493976005221,497.605894066038,862.403600715514,2013.40798827121
"shock","valtournenche","Valtournenche",2026-08-01,1351.61613062913,187.115549561085,452.425544999489,851.540941236425,2016.83173546035,3209.77095987215
"shock","valtournenche","Valtournenche",2026-09-01,861.417621052947,93.556553144371,256.077770702223,476.856757559886,757.795664388103,2696.43231419265
"shock","verrayes","Verrayes",2025-10-01,559.518275697312,128.458968338501,251.11943459851,445.599915404159,760.300790878033,1313.31767018844
"shock","verrayes","Verrayes",2025-11-01,1955.28140257064,379.107148630809,903.522737255684,1415.01903811837,2857.31536228844,4515.32719807984
"shock","verrayes","Verrayes",2025-12-01,6882.33897449413,1236.34765158939,2287.48307097307,5954.30064405459,9865.68415164336,13667.479722414
"shock","verrayes","Verrayes",2026-01-01,3507.26474976374,905.010728100695,1636.10631935631,2793.18528967985,4484.66285024539,9256.28516955207
"shock","verrayes","Verrayes",2026-02-01,3549.43240536628,498.606480736395,1052.36461531265,2210.5798349175,4267.90361960486,9213.82720450074
"shock","verrayes","Verrayes",2026-03-01,1545.23153577943,266.043215181877,799.183291287354,1336.0428883037,1915.73535357611,3350.89636950737
"shock","verrayes","Verrayes",2026-04-01,998.463718717437,136.674558673173,352.56194386137,515.746288065669,919.704552941476,4190.59735006019
"shock","verrayes","Verrayes",2026-05-01,677.355431293968,73.5171612008014,196.144446394838,316.894257765419,622.952525872092,1914.04376716274
"shock","verrayes","Verrayes",2026-06-01,611.432972401826,77.0309191114208,194.551536624736,436.980377349554,711.779340222754,2110.59808867933
"shock","verrayes","Verrayes",2026-07-01,1013.08183795732,201.127003539549,484.670322458007,930.344730946692,1333.97959257782,2217.15256590623
"shock","verrayes","Verrayes",2026-08-01,1364.22112046192,211.719873458444,455.123944534893,776.001401199454,1608.7174176792,3958.1617350054
"shock","verrayes","Verrayes",2026-09-01,1050.62983024087,116.789639565965,369.700786097809,604.121754876342,1204.61119146986,3160.75220332211
"shock","verres","Verrès",2025-10-01,1178.50950370904,235.408278519249,500.52851249539,948.982435142427,1475.45608799643,2891.34231660651
"shock","verres","Verrès",2025-11-01,6362.13283629293,944.134754604856,2389.62193244551,4086.17159133416,7212.74272326907,23413.7916273666
"shock","verres","Verrès",2025-12-01,24189.8495061926,3338.27496181024,7204.74097745764,14580.6437196402,26564.1902292873,78477.022024994
"shock","verres","Verrès",2026-01-01,12530.8801672179,1975.69925771724,4785.00724858086,8054.4596280099,14142.6421269073,35544.7258146317
"shock","verres","Verrès",2026-02-01,17623.3576873513,2734.82623867336,6373.13505433513,13593.836301071,21331.5743990785,48622.7189378132
"shock","verres","Verrès",2026-03-01,8088.88057491624,1348.07174678616,2860.75183573126,5801.64129498327,9148.94314889433,22388.6002895607
"shock","verres","Verrès",2026-04-01,5223.66879757386,715.352843371647,1341.42762067849,2693.49520011984,4757.58797209032,14870.9576985349
"shock","verres","Verrès",2026-05-01,3554.07466498395,428.849256407181,1579.8080399308,2455.62334209486,5343.27788140933,10635.4368698694
"shock","verres","Verrès",2026-06-01,2792.66288473722,666.774563184295,959.071690963613,1944.01539597539,4320.85177356844,7245.24768148203
"shock","verres","Verrès",2026-07-01,4936.76024459871,831.959085771627,1659.28746823279,3574.91037412089,5901.61249984347,13587.738364697
"shock","verres","Verrès",2026-08-01,7745.33414063428,632.90467700331,2388.09419257868,3882.21135602198,7750.66376108268,27172.0843213394
"shock","verres","Verrès",2026-09-01,5009.00926345807,606.455886126397,1269.77679718225,2629.72909376505,4236.3152092239,15751.8177918236
"shock","villeneuve","Villeneuve",2025-10-01,768.667749545453,139.024824924502,265.674374590189,438.368664660081,894.95990641074,2386.59236634996
"shock","villeneuve","Villeneuve",2025-11-01,3573.96485626189,538.52780458069,1055.12880716038,1903.60007036751,3563.32428123502,12209.6245571253
"shock","villeneuve","Villeneuve",2025-12-01,11074.1724317442,1887.36002706952,4601.43544850521,7807.87203040439,12421.1023201234,28460.9757651498
"shock","villeneuve","Villeneuve",2026-01-01,13985.16962541,2040.1447097287,3748.89240723306,8032.55675288713,18302.6706098889,43704.5389609735
"shock","villeneuve","Villeneuve",2026-02-01,15338.0390350573,2335.99489681503,5172.92372990919,9287.50237292996,17590.4677176255,53003.0448943552
"shock","villeneuve","Villeneuve",2026-03-01,8234.38633613272,625.623757724843,2666.32451000076,5084.98313686099,8642.81000468161,26873.4226857561
"shock","villeneuve","Villeneuve",2026-04-01,3768.66331954363,586.716244042427,1344.25246242299,2706.39095233015,4643.16543957654,9441.35978139626
"shock","villeneuve","Villeneuve",2026-05-01,2963.08322297107,271.773548503656,1175.69120873716,1762.19728849145,3167.53099071505,10322.6476127657
"shock","villeneuve","Villeneuve",2026-06-01,3284.22123934363,213.538068453345,1068.75907615337,2559.87162962968,4195.3324464923,9055.52948539503
"shock","villeneuve","Villeneuve",2026-07-01,3908.88480492861,560.423228184072,1380.43169980727,2536.5660215546,4787.76321092054,11332.4126065627
"shock","villeneuve","Villeneuve",2026-08-01,4549.63430219689,452.06419310192,1247.69097723351,2784.40343378223,6877.04510515466,12767.2190742923
"shock","villeneuve","Villeneuve",2026-09-01,2850.43929333163,424.123183479408,936.015385825074,1955.46344608253,3568.95981135454,9578.67868951298
